medium_index,sample,mu
0,0,0.5461781661701081
0,1,0.46384705364278067
0,2,0.5361344212020307
0,3,0.6565594956765262
0,4,0.6669233819068132
0,5,0.6687520627520439
0,6,0.6712835726964098
0,7,0.5437736674834552
0,8,0.5125764443558992
0,9,0.6311012462750503
0,10,0.4589022813528972
0,11,0.6153028322294267
0,12,0.5802758564919125
0,13,0.5234992481938201
0,14,0.5319683633265708
0,15,0.5735738764444303
0,16,0.5643565713669575
0,17,0.5530893677692117
0,18,0.43682334315735827
0,19,0.7561920461834799
0,20,0.7580410613849378
0,21,0.418690278365144
0,22,0.6582057962151924
0,23,0.43469547709250705
0,24,0.8332763046602749
0,25,0.603313790335294
0,26,0.5558977016452553
0,27,0.5025701020771758
0,28,0.6530600828094767
0,29,0.6450674100483331
0,30,0.49966334312388994
0,31,0.45814688421356237
0,32,0.4780565961104922
0,33,0.6528791474854098
0,34,0.36440366807241703
0,35,0.6167551920515786
0,36,0.6272743996324455
0,37,0.5564308434275147
0,38,0.6625062674238748
0,39,0.603322905708856
0,40,0.74820381295204
0,41,0.6449128808653664
0,42,0.4912111747305918
0,43,0.5655595579372724
0,44,0.7900681630963611
0,45,0.6572015542583001
0,46,0.6805307884808383
0,47,0.5249162479147905
0,48,0.4753696190700791
0,49,0.3806618239424892
0,50,0.48509550180620686
0,51,0.6329390154510984
0,52,0.3492327786101206
0,53,0.576397306071313
0,54,0.4779783614017721
0,55,0.5426296327753786
0,56,0.6589554700882233
0,57,0.5996398947747441
0,58,0.4892303804598579
0,59,0.7825438693592293
0,60,0.5307547630881815
0,61,0.5036831181174861
0,62,0.5463734436297065
0,63,0.5554320322014048
0,64,0.49567028107980743
0,65,0.6039276253607796
0,66,0.4039251639095493
0,67,0.5024113682423299
0,68,0.6013096734251683
0,69,0.5518533399338518
0,70,0.4555848399322757
0,71,0.47285751576780244
0,72,0.7593689075628469
0,73,0.5817565788825936
0,74,0.5382393200427316
0,75,0.5098317598883756
0,76,0.5156179736501783
0,77,0.6683114165233016
0,78,0.4963043207221398
0,79,0.6533485144191091
0,80,0.7470007036557399
0,81,0.447655573579512
0,82,0.6834906384883583
0,83,0.4678658576907866
0,84,0.4963330449449623
0,85,0.7094653427818227
0,86,0.7266326153166542
0,87,0.7219962375774556
0,88,0.715103415866055
0,89,0.6215970667288738
0,90,0.6068141366761062
0,91,0.4294296217895577
0,92,0.4651764497912266
0,93,0.5951491887705096
0,94,0.5686958688276106
0,95,0.6573845340929422
0,96,0.5663508143992755
0,97,0.5276790503610076
0,98,0.5617680605280849
0,99,0.5786122078252409
0,100,0.775269243473161
0,101,0.629519898792771
0,102,0.6077700777292624
0,103,0.5691987464836163
0,104,0.5327334033248373
0,105,0.4783835900888807
0,106,0.47563249480501096
0,107,0.5008864295621308
0,108,0.6700087541014449
0,109,0.6540054160795711
0,110,0.6439766975193542
0,111,0.6661246165237122
0,112,0.41546645102376467
0,113,0.3828861319831233
0,114,0.4712122501514542
0,115,0.4097218387810397
0,116,0.7099430457772308
0,117,0.6702831395988401
0,118,0.5979187360603775
0,119,0.6614418183288543
0,120,0.5314761598855552
0,121,0.6799653731289258
0,122,0.5642081578930446
0,123,0.6317363420363596
0,124,0.46681338405621436
0,125,0.7170725247597792
0,126,0.6734410582042583
0,127,0.5729057157743022
0,128,0.535785068638932
0,129,0.6436569708785089
0,130,0.5432049356473354
0,131,0.6569645530286692
0,132,0.5464513178277952
0,133,0.5779952828818109
0,134,0.6463095031543729
0,135,0.6523205643198114
0,136,0.596793144843002
0,137,0.665893985952483
0,138,0.38817734797364517
0,139,0.630746637007232
0,140,0.5786194355239255
0,141,0.5170243895264436
0,142,0.5998055976003015
0,143,0.6504483004872933
0,144,0.6190045344536236
0,145,0.24726807199877776
0,146,0.5350847475951004
0,147,0.5412477795046621
0,148,0.7686269289819697
0,149,0.39648324567221227
0,150,0.6715616348107509
0,151,0.7054165627395379
0,152,0.46636264305694464
0,153,0.5744604450149035
0,154,0.636543181149748
0,155,0.6717123655277171
0,156,0.6032490299513764
0,157,0.6601239708219924
0,158,0.5297037639421927
0,159,0.5430502563070108
0,160,0.6783602616065195
0,161,0.5640520968007948
0,162,0.6859928024782221
0,163,0.500334097429698
0,164,0.7406461395155497
0,165,0.7848476814825854
0,166,0.4207421866240765
0,167,0.5761419328627286
0,168,0.6514545353385258
0,169,0.5651362566759817
0,170,0.7186864724627545
0,171,0.45275067711644434
0,172,0.561722114486072
0,173,0.543856718436056
0,174,0.5787491946445664
0,175,0.6956127549171295
0,176,0.623666027514892
0,177,0.46439372945132285
0,178,0.5232248688796305
0,179,0.6526655167031639
0,180,0.8339447973317986
0,181,0.29561755004780055
0,182,0.5770775412468431
0,183,0.6226349333842686
0,184,0.5762860481622937
0,185,0.5668883996127505
0,186,0.560090576671037
0,187,0.6251565482059195
0,188,0.44615984120010405
0,189,0.7682608963064044
0,190,0.7300522442295047
0,191,0.46342631988984934
0,192,0.6666376839312197
0,193,0.548329456174613
0,194,0.5151215388396827
0,195,0.5812655447957737
0,196,0.5592111762945396
0,197,0.6057883003135938
0,198,0.5854359752958714
0,199,0.6825789206776164
0,200,0.708502548695848
0,201,0.3563144901905517
0,202,0.4272888476290499
0,203,0.5104211532189868
0,204,0.4771752919881933
0,205,0.5750755087447197
0,206,0.5705574524116124
0,207,0.6820294780390002
0,208,0.5255038083927677
0,209,0.5247530789520936
0,210,0.661249942480421
0,211,0.5428984395357448
0,212,0.688183148283469
0,213,0.48241635488838464
0,214,0.7906524503500107
0,215,0.6840517827377498
0,216,0.7804329769637884
0,217,0.6433471776296574
0,218,0.40205482055830166
0,219,0.7081571929142174
0,220,0.49739253365708114
0,221,0.7348300508181287
0,222,0.5890727592785071
0,223,0.7457372060611815
0,224,0.5937080674918034
0,225,0.6183168515867125
0,226,0.5936897243841673
0,227,0.4867194305774344
0,228,0.7327497195858182
0,229,0.5646335302100128
0,230,0.578912392799709
0,231,0.6894798442209256
0,232,0.47298724463318076
0,233,0.7200300374950921
0,234,0.4216268695518995
0,235,0.46877695773038314
0,236,0.5337390912176563
0,237,0.5005472294857536
0,238,0.668373239370577
0,239,0.6138638465403269
0,240,0.618526630942876
0,241,0.9113777592488966
0,242,0.8297945910770221
0,243,0.7323756688414881
0,244,0.45848490350084825
0,245,0.7747572920843869
0,246,0.40250955177158054
0,247,0.6356028875884745
0,248,0.7104787750627981
0,249,0.742666632354065
0,250,0.6368009926494334
0,251,0.6279964003356162
0,252,0.40808291991658746
0,253,0.7886167780653682
0,254,0.5881219505924484
0,255,0.5903660000515355
0,256,0.4973119870441223
0,257,0.4229390273627763
0,258,0.2652020632782324
0,259,0.23427252206725438
0,260,0.5231830428905522
0,261,0.5948955509164268
0,262,0.6120574416541709
0,263,0.3585371985122235
0,264,0.6226566186086148
0,265,0.4746960592886788
0,266,0.6985758840996926
0,267,0.51763595132797
0,268,0.5924756142878592
0,269,0.6383211825681975
0,270,0.5544693960345499
0,271,0.4724337720538124
0,272,0.5275919984810152
0,273,0.6185478645526243
0,274,0.507751667262937
0,275,0.6174145142891707
0,276,0.6004530634092066
0,277,0.6393818817115388
0,278,0.5517839819170943
0,279,0.6257739982373131
0,280,0.5982916885269941
0,281,0.30960589108532344
0,282,0.646681448136239
0,283,0.7859873783370578
0,284,0.6371766603089815
0,285,0.5202239726359718
0,286,0.6576131899577631
0,287,0.683461628058465
0,288,0.6932652796951441
0,289,0.5174571572935392
0,290,0.5492350987427869
0,291,0.5951689343602166
0,292,0.5994727081079985
0,293,0.43494969645153814
0,294,0.6564109393468421
0,295,0.5128831912159058
0,296,0.6295321362674039
0,297,0.6843129517519739
0,298,0.6646654439589992
0,299,0.5955293648549695
0,300,0.594015611933133
0,301,0.5674873108007152
0,302,0.6265504680735421
0,303,0.5797237164715217
0,304,0.43057395291458955
0,305,0.49420255411585584
0,306,0.6586601727687639
0,307,0.7804366761558356
0,308,0.5193490055027834
0,309,0.7739449907032122
0,310,0.5087263898188552
0,311,0.7034803110357001
0,312,0.4553158029184572
0,313,0.3568098962927811
0,314,0.6607166428597212
0,315,0.7504911527885418
0,316,0.7328123577349395
0,317,0.7276640121814192
0,318,0.4003290276514277
0,319,0.631630264301772
0,320,0.6467700972426783
0,321,0.4072089169525198
0,322,0.5164020924878767
0,323,0.5294905459550519
0,324,0.6779395083183339
0,325,0.5671082416405425
0,326,0.6581077926212614
0,327,0.6768477048189636
0,328,0.46320023347149697
0,329,0.6236420630713494
0,330,0.6156245373150072
0,331,0.33027243574499565
0,332,0.6833887352117992
0,333,0.5620088403782555
0,334,0.3809434209362368
0,335,0.6768234947972949
0,336,0.494388937409661
0,337,0.31400073574885984
0,338,0.28733479672241263
0,339,0.7493361236388907
0,340,0.7602499510074467
0,341,0.7158431821314223
0,342,0.6514724296639238
0,343,0.6678434969559736
0,344,0.659660028936222
0,345,0.5159232882683374
0,346,0.5461225780721973
0,347,0.6166549907316204
0,348,0.21935077911735607
0,349,0.6333859853736902
0,350,0.6653449026691791
0,351,0.41391275331005273
0,352,0.654489060247988
0,353,0.43758206043757303
0,354,0.5497785518213301
0,355,0.47759980310537875
0,356,0.6318578653004678
0,357,0.4917753271686355
0,358,0.5653324128804528
0,359,0.8286501519524297
0,360,0.8364768132163519
0,361,0.31649010186082976
0,362,0.6119376514473706
0,363,0.8013305343984337
0,364,0.4753815036453296
0,365,0.6838315286484168
0,366,0.5640709325326163
0,367,0.3487018765472439
0,368,0.5524356389264464
0,369,0.606102302054756
0,370,0.5560646414987809
0,371,0.5184389199803795
0,372,0.747263266829879
0,373,0.4261035952152993
0,374,0.6278061441420812
0,375,0.6052014105392612
0,376,0.5242354109464765
0,377,0.7478570249853014
0,378,0.7306525897660325
0,379,0.49008053898490556
0,380,0.715727633374208
0,381,0.5620371448460901
0,382,0.7046572375235763
0,383,0.46783903502249546
0,384,0.7467647174193013
0,385,0.5100935675236432
0,386,0.6398512529496293
0,387,0.5014381439372237
0,388,0.506717236780048
0,389,0.7442830755934692
0,390,0.6117955108076627
0,391,0.6334641389633595
0,392,0.6412691843521438
0,393,0.45139071456816293
0,394,0.4718555097206242
0,395,0.5098894076352036
0,396,0.7538912219291002
0,397,0.7429817256615766
0,398,0.5168398185023088
0,399,0.70728738273769
0,400,0.6695965149011065
0,401,0.582441735887951
0,402,0.8136420732336251
0,403,0.7680976873894503
0,404,0.43344053563458806
0,405,0.6053366612686399
0,406,0.7671011292059172
0,407,0.4739336094288996
0,408,0.5892352541743788
0,409,0.562561559614075
0,410,0.532880088372041
0,411,0.635499765450844
0,412,0.6102439637852302
0,413,0.5953312501379825
0,414,0.4498626714375899
0,415,0.7530655904236944
0,416,0.6932005197217291
0,417,0.6053877100416535
0,418,0.60306892214191
0,419,0.5983716720466133
0,420,0.5995061792996803
0,421,0.7160820491203354
0,422,0.713200441358164
0,423,0.577627005827826
0,424,0.7352254195305155
0,425,0.47965337288524745
0,426,0.5793323283616785
0,427,0.5644945924759406
0,428,0.5644945924759406
0,429,0.6604218199121041
0,430,0.6611451298824108
0,431,0.6948906103731418
0,432,0.4953378931691538
0,433,0.4595069299580257
0,434,0.6392051141311264
0,435,0.5446163526543836
0,436,0.5965731492301563
0,437,0.5622449458102062
0,438,0.5766650939533725
0,439,0.6335343805219384
0,440,0.7252895086345743
0,441,0.3737180437946847
0,442,0.35016457855613997
0,443,0.32382298391537667
0,444,0.5288995920894498
0,445,0.47340080562010395
0,446,0.4431162714837794
0,447,0.6025133289607815
0,448,0.7289647299015025
0,449,0.4518245100312827
0,450,0.7214546365544235
0,451,0.7356565603066755
0,452,0.40864995377220725
0,453,0.4764666161051325
0,454,0.7372694162616945
0,455,0.3849132344191207
0,456,0.4180651261083278
0,457,0.7333605836170219
0,458,0.6521409574447969
0,459,0.5243828552609093
0,460,0.658568319965533
0,461,0.562756369489007
0,462,0.7931706291450654
0,463,0.764123918453906
0,464,0.5235103106114656
0,465,0.5860473945211336
0,466,0.5435370000005794
0,467,0.5720054357470653
0,468,0.40040121243361687
0,469,0.5973384797227951
0,470,0.7102537847540777
0,471,0.6429072083936814
0,472,0.6121828505188236
0,473,0.82371279012968
0,474,0.6340782224566607
0,475,0.5614909113141667
0,476,0.5276244997918649
0,477,0.41201037621592435
0,478,0.6430780714113176
0,479,0.46215971523201627
0,480,0.48321125326706543
0,481,0.5696627543368968
0,482,0.5724964179209403
0,483,0.7241960436741625
0,484,0.5019119457948197
0,485,0.6856131466236616
0,486,0.6664486030188735
0,487,0.589479112246399
0,488,0.737530454445698
0,489,0.47918300625772475
0,490,0.4162096015562264
0,491,0.5435881297783867
0,492,0.5318669248722006
0,493,0.6873879678419031
0,494,0.6764415806041318
0,495,0.7244350219424303
0,496,0.5098152132017861
0,497,0.5802842726301368
0,498,0.6647749727644966
0,499,0.6849847853067943
0,500,0.5630886513214266
0,501,0.5620406750664659
0,502,0.3763157376207484
0,503,0.4075312195431716
0,504,0.5100192723195768
0,505,0.7321770262329484
0,506,0.8089702206737059
0,507,0.6534104186862241
0,508,0.7088809597048823
0,509,0.44111750078539047
0,510,0.4198905637110785
0,511,0.4272448522765718
0,512,0.4117142491177976
0,513,0.7776525990355229
0,514,0.7307898731175212
0,515,0.5066168601136588
0,516,0.825517389072084
0,517,0.5450775042437831
0,518,0.32583232377244875
0,519,0.6069895381431231
0,520,0.45923646791426964
0,521,0.5369033127100095
0,522,0.4872679674733648
0,523,0.6199807958400906
0,524,0.6486390478512649
0,525,0.6720610910528626
0,526,0.5660920240690595
0,527,0.7183352337943318
0,528,0.5472574414747321
0,529,0.6868727894112807
0,530,0.6879818167500087
0,531,0.5526918947858572
0,532,0.7447158859748998
0,533,0.627474058460825
0,534,0.5312271322573217
0,535,0.5250383930862857
0,536,0.7729271134378166
0,537,0.42629036677123616
0,538,0.4551875067700188
0,539,0.4841882941819226
0,540,0.4478655576703817
0,541,0.6303018989458058
0,542,0.6486956290190059
0,543,0.660466695533941
0,544,0.392206597712868
0,545,0.6906920892240817
0,546,0.5190455883581581
0,547,0.6898358528856028
0,548,0.5559735749099453
0,549,0.4116415158924061
0,550,0.562944036993445
0,551,0.5870593825368743
0,552,0.5641251053140145
0,553,0.4979172002081003
0,554,0.48076972647109245
0,555,0.637730050450631
0,556,0.5003631648190165
0,557,0.5887491555067939
0,558,0.6783778970660769
0,559,0.5269200014588259
0,560,0.44105605864788394
0,561,0.7359399054964562
0,562,0.6880706118481227
0,563,0.5529248058570977
0,564,0.5848880421334346
0,565,0.5244376298377097
0,566,0.6377905186340381
0,567,0.5963579047209477
0,568,0.43857700786418086
0,569,0.41412545143329155
0,570,0.7096348216133441
0,571,0.593969684982615
0,572,0.713932812506301
0,573,0.7893850635995516
0,574,0.7950078463906625
0,575,0.6749217117640723
0,576,0.5807082262161636
0,577,0.5322571564606532
0,578,0.6324000243485038
0,579,0.5223563089717949
0,580,0.6009985372909947
0,581,0.5918883448739797
0,582,0.6654920714558782
0,583,0.6511572674110648
0,584,0.47193307755275904
0,585,0.3554266657680532
0,586,0.32282209235585596
0,587,0.2799121324518766
0,588,0.21263063264109794
0,589,0.7416415769311233
0,590,0.6490375955056514
0,591,0.36574587031546
0,592,0.26170597021044606
0,593,0.5705813772207672
0,594,0.5674233769164084
0,595,0.7940676459983933
0,596,0.6061325485951814
0,597,0.7335951993189042
0,598,0.4607214592599937
0,599,0.7435494165913561
0,600,0.5950936150268469
0,601,0.7742195954564662
0,602,0.6972243025315598
0,603,0.466281400636037
0,604,0.3318821364406131
0,605,0.5034875489034523
0,606,0.7312012131410052
0,607,0.5180025202423881
0,608,0.6901139022464426
0,609,0.6755317569950101
0,610,0.455310398606031
0,611,0.4147249461451785
0,612,0.445733733731787
0,613,0.43577408720483857
0,614,0.5357388963686743
0,615,0.607289295642203
0,616,0.5140172050914406
0,617,0.6204965639952627
0,618,0.42663053822979347
0,619,0.7253396997343143
0,620,0.7198429180021723
0,621,0.3884863089632046
0,622,0.7828669609290826
0,623,0.6475271983312321
0,624,0.43910602190282705
0,625,0.7161487313023206
0,626,0.31545673182872486
0,627,0.26372019086282816
0,628,0.7528100602262146
0,629,0.7534497367641507
0,630,0.6529869634949436
0,631,0.5309896500812147
0,632,0.3311214271535831
0,633,0.3203856535906859
0,634,0.6983591793301175
0,635,0.4740057885025455
0,636,0.7073514285494356
0,637,0.5988697409016152
0,638,0.5858757837582189
0,639,0.659231692508448
0,640,0.6626626215213717
0,641,0.7478579478483287
0,642,0.5829081995650262
0,643,0.30725282035711715
0,644,0.7454071425330326
0,645,0.5209196623180683
0,646,0.6471225621042951
0,647,0.6909841882451144
0,648,0.6442060424512476
0,649,0.6388774138375
0,650,0.5846456674044359
0,651,0.7600434259669941
0,652,0.44233101529328456
0,653,0.602205388349645
0,654,0.34982871458456805
0,655,0.3984975000744766
0,656,0.37303845023973925
0,657,0.5162008282069345
0,658,0.6943773837613142
0,659,0.7046732023527722
0,660,0.5028711401586966
0,661,0.5028711401586966
0,662,0.5002523654219954
0,663,0.7746866233620799
0,664,0.7629039733181489
0,665,0.37248316673324955
0,666,0.6930812335490834
0,667,0.42520924900642815
0,668,0.5295994333232006
0,669,0.6852044575976706
0,670,0.6335653266054287
0,671,0.5532081817642592
0,672,0.660375395904527
0,673,0.37326430506474184
0,674,0.6846438774606013
0,675,0.7529235349675795
0,676,0.41253136906336274
0,677,0.6000100783939574
0,678,0.49878206951383736
0,679,0.6864230489260886
0,680,0.389535789194733
0,681,0.7322758037692005
0,682,0.7012890797755033
0,683,0.5304401908292652
0,684,0.704451470811164
0,685,0.7717533251147104
0,686,0.7514488277887343
0,687,0.7187905774261911
0,688,0.5297846587642513
0,689,0.838910953887141
0,690,0.5772175318948211
0,691,0.6971497590174326
0,692,0.7164118146801784
0,693,0.35002363048668167
0,694,0.47879720935702264
0,695,0.4523123864099421
0,696,0.5035343823579455
0,697,0.5225351560621503
0,698,0.42407730032597823
0,699,0.4756333293038259
0,700,0.5876504948997239
0,701,0.7035080348339464
0,702,0.5653393297347766
0,703,0.671233411861042
0,704,0.6603591361234703
0,705,0.8715758404004641
0,706,0.6876532376849787
0,707,0.6878783155848798
0,708,0.6830085916458054
0,709,0.4496444343034823
0,710,0.5019077901941373
0,711,0.6739200831949901
0,712,0.45458892506082377
0,713,0.6939045298832064
0,714,0.49563327254847034
0,715,0.5134230511179078
0,716,0.6727207296441159
0,717,0.5160287052797532
0,718,0.4716528804156507
0,719,0.8446458892668375
0,720,0.6917886786095622
0,721,0.7074520973415774
0,722,0.4631788898278899
0,723,0.6995461695668956
0,724,0.7241085295703698
0,725,0.49046654312931465
0,726,0.5123504370493893
0,727,0.5278077435107488
0,728,0.706468095412317
0,729,0.5791745223880514
0,730,0.5590189861761226
0,731,0.5656339931236403
0,732,0.6434215612919608
0,733,0.6511721634429302
0,734,0.7226265858942168
0,735,0.6672771055580382
0,736,0.720167484257957
0,737,0.37093590023419665
0,738,0.5757943068800416
0,739,0.4670228123337214
0,740,0.529593639635377
0,741,0.8058550396967925
0,742,0.31813880619904744
0,743,0.8158097631422487
0,744,0.5166806785603182
0,745,0.6098706301283238
0,746,0.4876037426109767
0,747,0.6268397602068884
0,748,0.7521975121186081
0,749,0.7273663309821613
0,750,0.7123835651206079
0,751,0.567647583701855
0,752,0.630222199310348
0,753,0.7349602313430919
0,754,0.806576058573843
0,755,0.31540510672024746
0,756,0.7387663989256283
0,757,0.3326902473135565
0,758,0.5520422443048622
0,759,0.6710710681662105
0,760,0.5418122474566969
0,761,0.768793819948204
0,762,0.5700027782532608
0,763,0.5807134475606979
0,764,0.571030581927761
0,765,0.5895406609279628
0,766,0.44598024442470613
0,767,0.4979272568263154
0,768,0.5233196897486943
0,769,0.6149395903794416
0,770,0.5829615716556178
0,771,0.5985035925644092
0,772,0.5175463833696736
0,773,0.6570437056325373
0,774,0.588490340407544
0,775,0.6851037991821868
0,776,0.5417233752673629
0,777,0.6669571999577097
0,778,0.3988902467097171
0,779,0.5063267347462272
0,780,0.48371133276509365
0,781,0.4885075307203774
0,782,0.5587183560080422
0,783,0.5590148119925012
0,784,0.5707280623075687
0,785,0.5926951075795183
0,786,0.5747850705931586
0,787,0.5429928655213255
0,788,0.5167937301287092
0,789,0.7315808657265168
0,790,0.6787948631466547
0,791,0.6412614182998357
0,792,0.6387428752442086
0,793,0.656319869341311
0,794,0.48913294695284076
0,795,0.6401103480791763
0,796,0.4820176227117027
0,797,0.48574945243582235
0,798,0.5121471636746007
0,799,0.48587201360807375
0,800,0.46444177726862473
0,801,0.6387897758188981
0,802,0.5666523027124496
0,803,0.7788726591468964
0,804,0.3306451085495586
0,805,0.4407367819700608
0,806,0.6401709550947231
0,807,0.5269370018362355
0,808,0.6790863021808036
0,809,0.43686873774387947
0,810,0.709999628164727
0,811,0.5887868266208459
0,812,0.6468105546855635
0,813,0.8089294918912038
0,814,0.7878226206240035
0,815,0.6470365947563065
0,816,0.7720100169030945
0,817,0.7572831072469819
0,818,0.6895654090798143
0,819,0.5306474495057679
0,820,0.37437147019063644
0,821,0.4605456904957419
0,822,0.5653997468168563
0,823,0.3772051046752619
0,824,0.4631095768141346
0,825,0.7706296624508903
0,826,0.7176962682896336
0,827,0.6163461853668586
0,828,0.5475380871422619
0,829,0.5452046000753191
0,830,0.4725093657658644
0,831,0.5261480978449822
0,832,0.1229134771852028
0,833,0.9114299087512874
0,834,0.5721546907822322
0,835,0.43327578854078486
0,836,0.7279164990364919
0,837,0.7352155002814779
0,838,0.6506375804755524
0,839,0.6399669140612959
0,840,0.34450526426409234
0,841,0.5438463932607178
0,842,0.6261576751095032
0,843,0.5805226290409433
0,844,0.5871253319013047
0,845,0.5058143705453306
0,846,0.6649826838870779
0,847,0.5381919824308607
0,848,0.4060194488951475
0,849,0.7765453217880316
0,850,0.4881759392439305
0,851,0.6286241295237758
0,852,0.5406601011428277
0,853,0.39252719179145246
0,854,0.5218816588132836
0,855,0.4782528793096858
0,856,0.7066500881111412
0,857,0.5526187194475076
0,858,0.49544168488512064
0,859,0.603122264071652
0,860,0.6191331108264483
0,861,0.6343385251347633
0,862,0.6670042249318068
0,863,0.43645486946370177
0,864,0.6774667531097429
0,865,0.7245474943211012
0,866,0.7380548348613241
0,867,0.43079905873970076
0,868,0.6779775285781676
0,869,0.8628117728610896
0,870,0.8320758804221919
0,871,0.8558489974151096
0,872,0.6179011982566255
0,873,0.5410687492634995
0,874,0.6290943168867261
0,875,0.4727216886935998
0,876,0.6814099894453366
0,877,0.5803614612921096
0,878,0.5499317669848378
0,879,0.7618321569599728
0,880,0.7629424923174332
0,881,0.7692656274138301
0,882,0.46525886619973494
0,883,0.6467284111193915
0,884,0.7260674856686598
0,885,0.4321012455257979
0,886,0.6696983290298307
0,887,0.6584601637903996
0,888,0.6970880669831885
0,889,0.5614448360165415
0,890,0.39493920291298906
0,891,0.7135399428306993
0,892,0.4684151861860667
0,893,0.5735853300638669
0,894,0.8007667653666657
0,895,0.3512764992811877
0,896,0.18170041489636507
0,897,0.7553763940602485
0,898,0.5628914009545704
0,899,0.6312864168705228
0,900,0.6157426302535335
0,901,0.5078718310489427
0,902,0.5385741542804824
0,903,0.7870121457141952
0,904,0.36549026799691964
0,905,0.4353788028204633
0,906,0.6059809545675249
0,907,0.5517981922853941
0,908,0.774877637946537
0,909,0.7897780651869646
0,910,0.5977920450170545
0,911,0.5313515064694381
0,912,0.44314334807887595
0,913,0.678850121721042
0,914,0.6495091237702529
0,915,0.5961945602257566
0,916,0.6240252317383023
0,917,0.6189428522697606
0,918,0.7356055181445378
0,919,0.8038648875679437
0,920,0.7025380643758509
0,921,0.6259865251060457
0,922,0.6040043172899152
0,923,0.6522828129637888
0,924,0.523956156547268
0,925,0.5862319505529636
0,926,0.5717083056759562
0,927,0.656626619215097
0,928,0.5271421654891211
0,929,0.4782235775312551
0,930,0.4303371805180646
0,931,0.5191755470893776
0,932,0.4549422147412949
0,933,0.6925160894335237
0,934,0.49288015422056164
0,935,0.6245550668376806
0,936,0.6711931306485187
0,937,0.6133487493776731
0,938,0.6272116819474706
0,939,0.5436975108000791
0,940,0.5607901208746787
0,941,0.6362914680836304
0,942,0.5895497652922732
0,943,0.8347749599642641
0,944,0.2402887410241548
0,945,0.21808066445879848
0,946,0.5259240627425039
0,947,0.4265792420341189
0,948,0.7667204027090937
0,949,0.5395974557848501
0,950,0.6389720353902475
0,951,0.5565743534832124
0,952,0.5668719265818589
0,953,0.48290216162057986
0,954,0.7056466553624532
0,955,0.501469098966501
0,956,0.7292536795015656
0,957,0.7272790209814225
0,958,0.6835838019841938
0,959,0.5170609676486657
0,960,0.5393753073638963
0,961,0.5940243150678932
0,962,0.5192625048602875
0,963,0.5700943109682163
0,964,0.6734393437841013
0,965,0.6494934601988843
0,966,0.5758518048612171
0,967,0.6733564189212115
0,968,0.4651632667154932
0,969,0.5017008458588378
0,970,0.5362079068913385
0,971,0.6861519489981859
0,972,0.7046756163110451
0,973,0.40938305957007814
0,974,0.6255249916229425
0,975,0.48946854158250347
0,976,0.6162655429646507
0,977,0.5027912551700217
0,978,0.6444236439126212
0,979,0.6680985370956369
0,980,0.4945321167463655
0,981,0.5409651098467997
0,982,0.4590079407467323
0,983,0.5476778227238326
0,984,0.4334362590107975
0,985,0.6592369702950662
0,986,0.4621520074518303
0,987,0.6239647725132172
0,988,0.6834357577029657
0,989,0.6059510569079716
0,990,0.7263503710036415
0,991,0.5548079632422585
0,992,0.5549711977861818
0,993,0.5271918931061677
0,994,0.5819539007582744
0,995,0.5457958288658609
0,996,0.6536387763911075
0,997,0.5400092843055981
0,998,0.678679056565332
0,999,0.6086742931401556
0,1000,0.42486934226601347
0,1001,0.5030080235233659
0,1002,0.5877372170496618
0,1003,0.6413058706832672
0,1004,0.5736325663320374
0,1005,0.5616398148587707
0,1006,0.5931909476582737
0,1007,0.7447205296993088
0,1008,0.4602006945159415
0,1009,0.5392934758792383
0,1010,0.5923883709003506
0,1011,0.7198215967861056
0,1012,0.6083030836085203
0,1013,0.5454998698238319
0,1014,0.64965747165774
0,1015,0.5746365827328216
0,1016,0.6893982994554911
0,1017,0.7116556024534683
0,1018,0.7123617041087349
0,1019,0.6635171945438252
0,1020,0.45530438652176025
0,1021,0.7571749027145269
0,1022,0.340572738315432
0,1023,0.4303578876962427
0,1024,0.6382651381924954
0,1025,0.6685901303252786
0,1026,0.6569370288892262
0,1027,0.5891411838942494
0,1028,0.6127996965234027
0,1029,0.6288031722466396
0,1030,0.5983124101810063
0,1031,0.6372794831208677
0,1032,0.5787277287205014
0,1033,0.729595168934879
0,1034,0.42775574767763336
0,1035,0.643019608612338
0,1036,0.5571456777872223
0,1037,0.5222681537896156
0,1038,0.5978545060730767
0,1039,0.6715899851383844
0,1040,0.5656278608238062
0,1041,0.5426869710108562
0,1042,0.5126682944170616
0,1043,0.8102048385302546
0,1044,0.7259860729174773
0,1045,0.46393177493799187
0,1046,0.7223086458682231
0,1047,0.7142098648170487
0,1048,0.5561091195985783
0,1049,0.6790094028589463
0,1050,0.6964727591351704
0,1051,0.4237915608841472
0,1052,0.4657203976454236
0,1053,0.4203420240097097
0,1054,0.381809592237627
0,1055,0.6324837200401817
0,1056,0.6221753625024091
0,1057,0.6153184594502867
0,1058,0.6322519139000445
0,1059,0.5732129198850796
0,1060,0.5950113320157566
0,1061,0.6107873182831671
0,1062,0.590674845597588
0,1063,0.6521920273616261
0,1064,0.5538694926178491
0,1065,0.4701874046590572
0,1066,0.6855037158940898
0,1067,0.5395974693934187
0,1068,0.73550743158642
0,1069,0.5049636230420778
0,1070,0.6545475260190109
0,1071,0.6994291642369924
0,1072,0.4905719416096679
0,1073,0.529214358197529
0,1074,0.636241589516939
0,1075,0.5595897804449633
0,1076,0.5370751812278338
0,1077,0.5025835250556466
0,1078,0.756042970534766
0,1079,0.6354389222935827
0,1080,0.6385258526345056
0,1081,0.5641767681377077
0,1082,0.7474176129770493
0,1083,0.7209955579865608
0,1084,0.6085164120055472
0,1085,0.6956834778481873
0,1086,0.446351323994495
0,1087,0.7092013754144678
0,1088,0.3432378523112646
0,1089,0.37292161016310416
0,1090,0.7660302448712207
0,1091,0.2860072179324462
0,1092,0.6979614529723974
0,1093,0.5872538700510102
0,1094,0.5333154499429563
0,1095,0.65888581863111
0,1096,0.4388113515365991
0,1097,0.3920917420991562
0,1098,0.664043710273047
0,1099,0.47491805276741944
0,1100,0.6482892782488213
0,1101,0.5718844138638097
0,1102,0.7986005100315796
0,1103,0.670452959430152
0,1104,0.6788776985426143
0,1105,0.5586630283245092
0,1106,0.6142185365974342
0,1107,0.5620172172460518
0,1108,0.5879581169114856
0,1109,0.6773932462813163
0,1110,0.5217341802506796
0,1111,0.7237001487938082
0,1112,0.18674955562362502
0,1113,0.4163715906423197
0,1114,0.771436876920545
0,1115,0.447694521873536
0,1116,0.3779050431728374
0,1117,0.7070466561274839
0,1118,0.6470921508014726
0,1119,0.637375449684638
0,1120,0.4692712162664523
0,1121,0.6551678366131285
0,1122,0.6137661422387943
0,1123,0.4842924751818147
0,1124,0.512108538686883
0,1125,0.596194560047333
0,1126,0.6345365260732992
0,1127,0.519761450561823
0,1128,0.5078228329835351
0,1129,0.6351369227565549
0,1130,0.5450070984388424
0,1131,0.5450120128361735
0,1132,0.6261869105506874
0,1133,0.5276415825145931
0,1134,0.45454238027463756
0,1135,0.45136142641521876
0,1136,0.8170000334476374
0,1137,0.8070644564968009
0,1138,0.7520790259939606
0,1139,0.3574794206696245
0,1140,0.725247691119265
0,1141,0.5485322269924437
0,1142,0.6163661932606371
0,1143,0.7493618216592074
0,1144,0.473896404109222
0,1145,0.7398636359917932
0,1146,0.7936574950047801
0,1147,0.8512195796734137
0,1148,0.3482575007440522
0,1149,0.7619353532510864
0,1150,0.6788622819781737
0,1151,0.565453967354979
0,1152,0.7136340063586663
0,1153,0.6871225442829566
0,1154,0.33942137864537336
0,1155,0.730594495142842
0,1156,0.519285114388775
0,1157,0.668934862263746
0,1158,0.6569554060027251
0,1159,0.48478363799465735
0,1160,0.7255974068937121
0,1161,0.7356201897267551
0,1162,0.46308349549716693
0,1163,0.7137515609521922
0,1164,0.41912556418801816
0,1165,0.21823054164654046
0,1166,0.7596058137350085
0,1167,0.3568452752766672
0,1168,0.6731064017470072
0,1169,0.46067802448693385
0,1170,0.5001753480925816
0,1171,0.37186707074557146
0,1172,0.7466657128510794
0,1173,0.5498404324388261
0,1174,0.294924072858826
0,1175,0.6720331057254942
0,1176,0.4255626120161256
0,1177,0.5258705806861984
0,1178,0.6869254883677975
0,1179,0.619305065140045
0,1180,0.6268878727615638
0,1181,0.5881935499817514
0,1182,0.6158421752582997
0,1183,0.629567899149961
0,1184,0.5493876550807263
0,1185,0.497756017185366
0,1186,0.5641329774437949
0,1187,0.5677832805233173
0,1188,0.6082194594642493
0,1189,0.5644182698733201
0,1190,0.5945343213209048
0,1191,0.7847477806408816
0,1192,0.386079861381408
0,1193,0.47778320504858607
0,1194,0.6305554204334415
0,1195,0.6052871862724408
0,1196,0.6163400060795976
0,1197,0.44717207132157477
0,1198,0.4980822795714907
0,1199,0.5750910178919858
0,1200,0.7003246680663602
0,1201,0.5615979739726996
0,1202,0.7080579045145229
0,1203,0.717240868649475
0,1204,0.6300755229906152
0,1205,0.7459259541528922
0,1206,0.5518848088991142
0,1207,0.6530711346936862
0,1208,0.4702770830856651
0,1209,0.5289006376319351
0,1210,0.3237277586324572
0,1211,0.3457139906630398
0,1212,0.6339587219765677
0,1213,0.4712054033714571
0,1214,0.7020203407423528
0,1215,0.4426018614099885
0,1216,0.45951797591582555
0,1217,0.7454384002981224
0,1218,0.38515955771903787
0,1219,0.5171728300721411
0,1220,0.7175915028447798
0,1221,0.6637871422125846
0,1222,0.6104416933364734
0,1223,0.591439654123936
0,1224,0.626170228311209
0,1225,0.43343453171378704
0,1226,0.7441447031300731
0,1227,0.789482130968538
0,1228,0.8115811618320785
0,1229,0.8927585881349269
0,1230,0.5909340163525061
0,1231,0.6149086616001146
0,1232,0.6548006704495944
0,1233,0.6983639263179521
0,1234,0.6106647431653656
0,1235,0.6788233228535697
0,1236,0.6387572686967784
0,1237,0.6249049281387624
0,1238,0.7230993857848753
0,1239,0.7119972102918485
0,1240,0.5305170650405244
0,1241,0.5702967985864694
0,1242,0.8212109799208117
0,1243,0.2814544688669789
0,1244,0.6011506002190449
0,1245,0.5384108851730559
0,1246,0.6120412879651143
0,1247,0.5111750705247053
0,1248,0.5288468474051976
0,1249,0.5347828842636252
0,1250,0.4873864859430625
0,1251,0.6455546730699255
0,1252,0.6516320605448083
0,1253,0.621003321574369
0,1254,0.6662277567070093
0,1255,0.5372279884993273
0,1256,0.687980518989422
0,1257,0.37854864624210327
0,1258,0.6784365540018734
0,1259,0.6535636396933358
0,1260,0.6822526328511166
0,1261,0.6906058127343502
0,1262,0.6182502377316638
0,1263,0.42341154315848945
0,1264,0.560387490895297
0,1265,0.6811588389558473
0,1266,0.5259486623230902
0,1267,0.7037428797770581
0,1268,0.6340724572757498
0,1269,0.6438507491235984
0,1270,0.7794489832285995
0,1271,0.6764316045065354
0,1272,0.5540815715181175
0,1273,0.5884993414698337
0,1274,0.6249913361222189
0,1275,0.6184162360203833
0,1276,0.8367666523231112
0,1277,0.7137874129368005
0,1278,0.5750006191609801
0,1279,0.6824238430583062
0,1280,0.5281541136387807
0,1281,0.6955882425299246
0,1282,0.49927327554605694
0,1283,0.7015197815038068
0,1284,0.7625448284383396
0,1285,0.7723721110133933
0,1286,0.7648196367830622
0,1287,0.4439487486777983
0,1288,0.6395537123892662
0,1289,0.5344963334005902
0,1290,0.6175451917228226
0,1291,0.6156360418097331
0,1292,0.5152539367288325
0,1293,0.6364839345892596
0,1294,0.7359103547911574
0,1295,0.41608207544098036
0,1296,0.7854889516324146
0,1297,0.7447700122834771
0,1298,0.7625271485550605
0,1299,0.7093431413186783
0,1300,0.40710541830421615
0,1301,0.5600374845195152
0,1302,0.6914801059166462
0,1303,0.6959973694069362
0,1304,0.7217160194470335
0,1305,0.5320101930858643
0,1306,0.5969736637261306
0,1307,0.7338516372086159
0,1308,0.6041879556708186
0,1309,0.5916741891250139
0,1310,0.6756659347870616
0,1311,0.6762843123842822
0,1312,0.41646118188029646
0,1313,0.6708515383052166
0,1314,0.5840509058837721
0,1315,0.4756633110979006
0,1316,0.6422008435754696
0,1317,0.6491778415123503
0,1318,0.603711515063668
0,1319,0.525080550038795
0,1320,0.6641434672910546
0,1321,0.4944478745665565
0,1322,0.6218041019896485
0,1323,0.5348472387392813
0,1324,0.760605880142634
0,1325,0.3437938537097919
0,1326,0.8380870876825124
0,1327,0.5835679885725122
0,1328,0.6364120298102869
0,1329,0.6568084233413773
0,1330,0.4975139879967228
0,1331,0.7316057711734736
0,1332,0.4037317241498227
0,1333,0.4236601445895346
0,1334,0.4379176594909716
0,1335,0.4473345006512505
0,1336,0.7323567671974047
0,1337,0.5771595994253945
0,1338,0.5522048182891778
0,1339,0.6013807158930816
0,1340,0.6206511295279628
0,1341,0.5575919476524085
0,1342,0.5993308618809126
0,1343,0.618273545284614
0,1344,0.33756780140778186
0,1345,0.6145819072115076
0,1346,0.7182930744966257
0,1347,0.32088444975895464
0,1348,0.5956322335593349
0,1349,0.5305354893876671
0,1350,0.6435913537446687
0,1351,0.5440096536656857
0,1352,0.6213452533201932
0,1353,0.6233726591799597
0,1354,0.6042751523253318
0,1355,0.6430277694275892
0,1356,0.6280100540043367
0,1357,0.712990731025506
0,1358,0.7463252765239657
0,1359,0.5572042219016712
0,1360,0.5882231892844926
0,1361,0.5836929803479515
0,1362,0.820460582630946
0,1363,0.8775209231926231
0,1364,0.2896173747822938
0,1365,0.7043620670408793
0,1366,0.5233371681838069
0,1367,0.5725934542955482
0,1368,0.6225412058596238
0,1369,0.45080543092349806
0,1370,0.5345217100943529
0,1371,0.5401195294259838
0,1372,0.22803606686235348
0,1373,0.7545094456886584
0,1374,0.6386161681877152
0,1375,0.6190296816479066
0,1376,0.5970173962542143
0,1377,0.5483641763128962
0,1378,0.7741723550327707
0,1379,0.7539915480386412
0,1380,0.5217563676619034
0,1381,0.5634090335842468
0,1382,0.5877024879615691
0,1383,0.7076343315200019
0,1384,0.7086459024402602
0,1385,0.4815397418917269
0,1386,0.5486982833716846
0,1387,0.6621303291037387
0,1388,0.5011117006079187
0,1389,0.671857216104871
0,1390,0.7322756503434305
0,1391,0.4853576403211413
0,1392,0.7013412223882308
0,1393,0.5117002387916553
0,1394,0.6876680694656692
0,1395,0.46888926194113273
0,1396,0.8084377885454572
0,1397,0.6479600891018094
0,1398,0.6393819293191453
0,1399,0.4707127919020607
0,1400,0.6826020372882609
0,1401,0.6289278412354752
0,1402,0.6202968205114268
0,1403,0.5221975796650056
0,1404,0.5505018963135325
0,1405,0.5704820798839023
0,1406,0.5809203962818852
0,1407,0.6324878972282982
0,1408,0.5797342041435624
0,1409,0.6075345765115566
0,1410,0.5833269861889403
0,1411,0.5597768118324432
0,1412,0.574658888949746
0,1413,0.6648076565979822
0,1414,0.6655167047381708
0,1415,0.5885425103615536
0,1416,0.44360976893504717
0,1417,0.6782648765769249
0,1418,0.4946329223726141
0,1419,0.4785060895439112
0,1420,0.5123475486176379
0,1421,0.6092144048874326
0,1422,0.6058627208867865
0,1423,0.5356006062349693
0,1424,0.6399132191288058
0,1425,0.5000848576136085
0,1426,0.5005413792867748
0,1427,0.5708173370270448
0,1428,0.6044788898693637
0,1429,0.5631727472762781
0,1430,0.5806096388936076
0,1431,0.544320887602797
0,1432,0.6635624152799854
0,1433,0.35302157691053293
0,1434,0.3218845097316432
0,1435,0.2303967265581276
0,1436,0.7315604425611504
0,1437,0.7119452411668468
0,1438,0.4746499592522012
0,1439,0.7070557298206975
0,1440,0.6574886026526537
0,1441,0.5591000748850987
0,1442,0.4661973275961175
0,1443,0.6959765646563323
0,1444,0.6699763797450007
0,1445,0.4589486671068564
0,1446,0.524080477801779
0,1447,0.5996459078553994
0,1448,0.5553875813091241
0,1449,0.6914479576588765
0,1450,0.5096971672373305
0,1451,0.607251551680294
0,1452,0.7295820273768917
0,1453,0.4663178062366884
0,1454,0.6404926764502026
0,1455,0.6760064101035557
0,1456,0.5585454606514128
0,1457,0.43335596842023894
0,1458,0.7239485855660188
0,1459,0.5267748612684129
0,1460,0.6975471756204352
0,1461,0.40432497528523814
0,1462,0.34146506972699064
0,1463,0.5536586101683182
0,1464,0.642106574922945
0,1465,0.6104861386086324
0,1466,0.7845690116588888
0,1467,0.805374614222536
0,1468,0.7306122792911337
0,1469,0.7183079192198296
0,1470,0.7413540521542596
0,1471,0.5932928113820061
0,1472,0.6390177149720966
0,1473,0.6251359772307815
0,1474,0.6212203345641165
0,1475,0.7227517580243779
0,1476,0.6848031245557863
0,1477,0.6319398003924006
0,1478,0.579806344826216
0,1479,0.4004704849964083
0,1480,0.7219586327583852
0,1481,0.5759780084242826
0,1482,0.63026192935826
0,1483,0.593812874918072
0,1484,0.6188968210272559
0,1485,0.5618730040893531
0,1486,0.5773049207135138
0,1487,0.5012071143391508
0,1488,0.6019296901909024
0,1489,0.46181849126133045
0,1490,0.720383778465224
0,1491,0.5289705266435986
0,1492,0.7079469779566232
0,1493,0.691641959657946
0,1494,0.7624373802141138
0,1495,0.6174833012927099
0,1496,0.787613065847713
0,1497,0.332561344964077
0,1498,0.4974872223134166
0,1499,0.6816038993481642
0,1500,0.5602029567013515
0,1501,0.7089112470568759
0,1502,0.5996327050274588
0,1503,0.5517908925606317
0,1504,0.5126610953630768
0,1505,0.5496714947033754
0,1506,0.6509962676482376
0,1507,0.7367452490371563
0,1508,0.5514908932726156
0,1509,0.6906736024906226
0,1510,0.5222142231601157
0,1511,0.6994659109011764
0,1512,0.6023492596392861
0,1513,0.5736923620082701
0,1514,0.7354268683948982
0,1515,0.494541911848209
0,1516,0.7313032201057401
0,1517,0.6469239515910832
0,1518,0.6921954449166379
0,1519,0.6228037188394343
0,1520,0.5059670055199117
0,1521,0.4382862970721857
0,1522,0.6676614426731546
0,1523,0.626758815519049
0,1524,0.7097506570517321
0,1525,0.46405516855920975
0,1526,0.639436184906639
0,1527,0.6179432031706723
0,1528,0.5600836247095615
0,1529,0.5709318175547361
0,1530,0.5787264487660739
0,1531,0.6055597760169171
0,1532,0.7051947685150934
0,1533,0.45584570225002174
0,1534,0.4850508009332646
0,1535,0.7165392733126426
0,1536,0.5816189856872725
0,1537,0.4952776893430578
0,1538,0.6954432519070529
0,1539,0.48448840416981687
0,1540,0.5997089691256977
0,1541,0.3544256911067212
0,1542,0.23523367543383106
0,1543,0.23727028123028215
0,1544,0.6250691916342873
0,1545,0.7665951081593834
0,1546,0.7513607508681663
0,1547,0.574723876846375
0,1548,0.5729955068392056
0,1549,0.585867355354511
0,1550,0.6894851423716584
0,1551,0.7555302986920107
0,1552,0.7580554930245725
0,1553,0.43103664952801773
0,1554,0.7360607933296209
0,1555,0.7360961453529259
0,1556,0.6612307071497311
0,1557,0.5905103516070764
0,1558,0.5492959511338821
0,1559,0.43363506010255487
0,1560,0.7098120783214887
0,1561,0.7095531458987452
0,1562,0.3363462099136958
0,1563,0.7616484748363493
0,1564,0.4197029391460625
0,1565,0.4107445925739113
0,1566,0.45470862456007977
0,1567,0.7530013182119631
0,1568,0.6687391952424824
0,1569,0.661538308114101
0,1570,0.6249168761242335
0,1571,0.797653062170918
0,1572,0.805358613499329
0,1573,0.6502726056261007
0,1574,0.3699938459049868
0,1575,0.3842475959984697
0,1576,0.47660071507232593
0,1577,0.480228523749634
0,1578,0.46872920608468677
0,1579,0.6903856803584292
0,1580,0.6348945955811341
0,1581,0.5290847079971693
0,1582,0.5713417355862577
0,1583,0.6684044394216954
0,1584,0.6225497201040268
0,1585,0.5120176438783717
0,1586,0.717742813799086
0,1587,0.8287054610032957
0,1588,0.7735241931775623
0,1589,0.5136325822867439
0,1590,0.6535241641606688
0,1591,0.8166955460833311
0,1592,0.43458613255905104
0,1593,0.4958150218152653
0,1594,0.6436431020869646
0,1595,0.6366714466553848
0,1596,0.5009728684739472
0,1597,0.6617438958842591
0,1598,0.7248052815521528
0,1599,0.43518475767856274
0,1600,0.6602007874274646
0,1601,0.4854793551893392
0,1602,0.7192099870259839
0,1603,0.6028457847656553
0,1604,0.5903626984973644
0,1605,0.5513903330396474
0,1606,0.6557718941697878
0,1607,0.6189391645066714
0,1608,0.6590966909047771
0,1609,0.5550733182723232
0,1610,0.6502816628098649
0,1611,0.5206825213153492
0,1612,0.6708675957433644
0,1613,0.5745153305719889
0,1614,0.5813906383929012
0,1615,0.46022850531018883
0,1616,0.5279794297739268
0,1617,0.6299974792137465
0,1618,0.5545240625554076
0,1619,0.5576983539400171
0,1620,0.5456134755643733
0,1621,0.7295121251880002
0,1622,0.40161252427180283
0,1623,0.6580270528588619
0,1624,0.6912175197025752
0,1625,0.5742081550037159
0,1626,0.5211940478691596
0,1627,0.663585455555526
0,1628,0.8178956429034486
0,1629,0.5740177900453991
0,1630,0.5136479891790929
0,1631,0.5686110486571095
0,1632,0.6912965968906952
0,1633,0.47352826842180745
0,1634,0.6261518659694433
0,1635,0.651151179113445
0,1636,0.6317798047532666
0,1637,0.5527493901751334
0,1638,0.600826030870626
0,1639,0.5144028504745929
0,1640,0.32717723297229007
0,1641,0.6841725131902165
0,1642,0.6065163443736193
0,1643,0.6751335487119254
0,1644,0.602926294262507
0,1645,0.5717784097254703
0,1646,0.5330867271342153
0,1647,0.4170731748836816
0,1648,0.7315056997491601
0,1649,0.6208527716032052
0,1650,0.5679091449733539
0,1651,0.6898642538906629
0,1652,0.5952653091780821
0,1653,0.5718542538811289
0,1654,0.5319574114100538
0,1655,0.553889252762173
0,1656,0.6564851994129082
0,1657,0.5586974474353287
0,1658,0.8745035073852778
0,1659,0.30531206931927046
0,1660,0.7887392362895127
0,1661,0.674200098567802
0,1662,0.46561145692224226
0,1663,0.6458014135044715
0,1664,0.6641615078530613
0,1665,0.7644611556004488
0,1666,0.6267597247000803
0,1667,0.5558853081456933
0,1668,0.7411725684018587
0,1669,0.6484604946930471
0,1670,0.5613207714332951
0,1671,0.6332549102808162
0,1672,0.5521945022864323
0,1673,0.53675250333938
0,1674,0.5496405012683989
0,1675,0.5895666901029125
0,1676,0.5946049137688892
0,1677,0.5844601449700237
0,1678,0.4454253026765197
0,1679,0.4544787561973081
0,1680,0.6036958087917631
0,1681,0.632487486265781
0,1682,0.6868810457422206
0,1683,0.5165142433465717
0,1684,0.6495509836777801
0,1685,0.6735991819792971
0,1686,0.6155236004873014
0,1687,0.563108192650863
0,1688,0.6711269863964463
0,1689,0.5265247657566107
0,1690,0.5403659083862652
0,1691,0.6519197778283181
0,1692,0.5367890146206126
0,1693,0.7312139520008384
0,1694,0.7388243200786757
0,1695,0.7574509092790633
0,1696,0.712051917408645
0,1697,0.7160779956110074
0,1698,0.6769897789387174
0,1699,0.5617330502588916
0,1700,0.6673200728119819
0,1701,0.6395385381958867
0,1702,0.6239494248272891
0,1703,0.6172301355466233
0,1704,0.6386472157039097
0,1705,0.5901240430734179
0,1706,0.6258748966886343
0,1707,0.6704584595043971
0,1708,0.7511009550336775
0,1709,0.5755230383551883
0,1710,0.5443386066860895
0,1711,0.556236599396843
0,1712,0.5921638614408016
0,1713,0.5648893621643213
0,1714,0.6134749428311672
0,1715,0.6110962314761442
0,1716,0.560332905211057
0,1717,0.5198019047649163
0,1718,0.7052694608964021
0,1719,0.6190347683380978
0,1720,0.5984222982960183
0,1721,0.5269224523541562
0,1722,0.8611366443051097
0,1723,0.8869510128749732
0,1724,0.8339684121656754
0,1725,0.40291722109003475
0,1726,0.6444491197818422
0,1727,0.47629184947710707
0,1728,0.7074933368907852
0,1729,0.5592371959978811
0,1730,0.6595940925379837
0,1731,0.5170148770619626
0,1732,0.8911349151772666
0,1733,0.8839400306967835
0,1734,0.4969883372914116
0,1735,0.5788710180007698
0,1736,0.6228927439312634
0,1737,0.6901261516456662
0,1738,0.5075956149053934
0,1739,0.7520041403313631
0,1740,0.385956546573806
0,1741,0.761942369619569
0,1742,0.5289251364944688
0,1743,0.6434642947952025
0,1744,0.596598723424529
0,1745,0.5723582595447569
0,1746,0.690033125088899
0,1747,0.4983085357403416
0,1748,0.6983950473031452
0,1749,0.6435758786895561
0,1750,0.5087156243465035
0,1751,0.6507552811633213
0,1752,0.55278034365841
0,1753,0.5594302378032145
0,1754,0.6608437322496306
0,1755,0.4352983841290394
0,1756,0.8264642552170207
0,1757,0.6780639564284566
0,1758,0.6053194364689157
0,1759,0.6150785651646757
0,1760,0.6115669667015523
0,1761,0.5660510702509511
0,1762,0.5480026976485396
0,1763,0.5709775789083122
0,1764,0.5422103213732604
0,1765,0.698200400411956
0,1766,0.41264541451027753
0,1767,0.571663561805834
0,1768,0.5867934319177945
0,1769,0.6094098849044434
0,1770,0.5377909222870664
0,1771,0.5489965850917138
0,1772,0.6816854472210193
0,1773,0.2820358481857892
0,1774,0.835488582892571
0,1775,0.5308708883343064
0,1776,0.6182762819519951
0,1777,0.4997292453319295
0,1778,0.5615131929949579
0,1779,0.6873457904307863
0,1780,0.5920591908849131
0,1781,0.5725201930501949
0,1782,0.24758105712905867
0,1783,0.8173089230836
0,1784,0.5124303208611551
0,1785,0.4981302436486848
0,1786,0.5857393884274394
0,1787,0.5647021689983711
0,1788,0.6751770060314103
0,1789,0.449631477924072
0,1790,0.6718400501668504
0,1791,0.6696755675110609
0,1792,0.4774120199494928
0,1793,0.7278337130066513
0,1794,0.527601902207903
0,1795,0.5644496448727963
0,1796,0.6588605537555925
0,1797,0.6639035721303619
0,1798,0.5459372460396263
0,1799,0.6619887233727213
0,1800,0.4919289172585037
0,1801,0.7895345947794004
0,1802,0.3876432698124406
0,1803,0.8551303644390293
0,1804,0.8197580909091905
0,1805,0.5861166648806969
0,1806,0.6136532350151848
0,1807,0.6394448034776093
0,1808,0.6540392784344042
0,1809,0.7233828821415468
0,1810,0.5704033650019251
0,1811,0.43226581251329604
0,1812,0.5647547452843628
0,1813,0.5553416476006013
0,1814,0.6382794922976139
0,1815,0.5042880459107845
0,1816,0.6613733712118406
0,1817,0.5543717413395858
0,1818,0.4996744509805484
0,1819,0.7720320693789816
0,1820,0.40996406311917605
0,1821,0.7690112958887161
0,1822,0.41798730821488195
0,1823,0.5895198181770673
0,1824,0.4408531136000108
0,1825,0.6585756733326223
0,1826,0.48561240249629284
0,1827,0.5248326435114207
0,1828,0.7102583748880088
0,1829,0.5969766166621898
0,1830,0.5166011581471248
0,1831,0.5240825023821812
0,1832,0.5829976307028285
0,1833,0.3507140473271016
0,1834,0.7625456787069378
0,1835,0.6722873847929652
0,1836,0.5424697373174281
0,1837,0.5909568578419185
0,1838,0.6612954340406367
0,1839,0.7003190533841125
0,1840,0.7186031034430639
0,1841,0.6479245022854434
0,1842,0.44393864000032507
0,1843,0.7561028352354124
0,1844,0.43316052639035946
0,1845,0.4854814975552658
0,1846,0.32227425195069986
0,1847,0.35174755266656804
0,1848,0.6419768742864992
0,1849,0.39510389636781434
0,1850,0.6236764291751912
0,1851,0.5336041998382066
0,1852,0.6434033752496338
0,1853,0.59474034574264
0,1854,0.6840573436346065
0,1855,0.5157262251838062
0,1856,0.7244151977618487
0,1857,0.6108088783727531
0,1858,0.64263280804788
0,1859,0.5943984734315586
0,1860,0.5508010890252981
0,1861,0.4823055294312698
0,1862,0.6739522813673059
0,1863,0.720260658257542
0,1864,0.5269262912715236
0,1865,0.7533954111845981
0,1866,0.7077421926883755
0,1867,0.6770706107677206
0,1868,0.7057161486200544
0,1869,0.38489373784354225
0,1870,0.7798716787245844
0,1871,0.7736166962430038
0,1872,0.46952590869993466
0,1873,0.6984752496643596
0,1874,0.46581143661038654
0,1875,0.8309665083540296
0,1876,0.7758385601648764
0,1877,0.3583339234159991
0,1878,0.8088069746826578
0,1879,0.42592474481872145
0,1880,0.3299404400508736
0,1881,0.4574036488594507
0,1882,0.3620499697365796
0,1883,0.7619113302079915
0,1884,0.4648697301430356
0,1885,0.4581385300447753
0,1886,0.5484253428773718
0,1887,0.5932399254232521
0,1888,0.6620735477355274
0,1889,0.7301809413343094
0,1890,0.7691492438547921
0,1891,0.7488400843382235
0,1892,0.8176317607188213
0,1893,0.7957647392206446
0,1894,0.771092174139085
0,1895,0.652185578711833
0,1896,0.5789699120108085
0,1897,0.5011416594921955
0,1898,0.4628282339436663
0,1899,0.5809501563695754
0,1900,0.6022567213167485
0,1901,0.5784849798233611
0,1902,0.5845321581823256
0,1903,0.6560810253884868
0,1904,0.5405852416522989
0,1905,0.511013438000734
0,1906,0.19070137814594207
0,1907,0.7913639604550519
0,1908,0.6875558182712141
0,1909,0.565034252694651
0,1910,0.581495297334589
0,1911,0.5570733134846698
0,1912,0.6164865228071227
0,1913,0.5842630617368549
0,1914,0.7569010309514296
0,1915,0.347064288910759
0,1916,0.5920481179062356
0,1917,0.6743055449527354
0,1918,0.6984134613226188
0,1919,0.511216278608229
0,1920,0.6504641007964062
0,1921,0.7028449135595402
0,1922,0.6852496070141664
0,1923,0.47762123965161196
0,1924,0.4104902234839718
0,1925,0.5435422223347449
0,1926,0.7429934829012333
0,1927,0.6440251307275651
0,1928,0.6614375006887981
0,1929,0.6663897808437266
0,1930,0.5146786797647049
0,1931,0.7530295278802438
0,1932,0.7408203527582389
0,1933,0.4268814489782428
0,1934,0.6750240627373554
0,1935,0.5456734144144424
0,1936,0.6883286444677007
0,1937,0.660653763455014
0,1938,0.7074444715212443
0,1939,0.42764480653314496
0,1940,0.6612995111228746
0,1941,0.4434621461482494
0,1942,0.44091824859775897
0,1943,0.6707137091125622
0,1944,0.6893181485248844
0,1945,0.44510621653319954
0,1946,0.7177766970436912
0,1947,0.43211823314491
0,1948,0.7355977317854601
0,1949,0.7869706681675245
0,1950,0.3209407794220578
0,1951,0.6175864541112411
0,1952,0.37372750996706317
0,1953,0.47620425747307166
0,1954,0.6425173422786314
0,1955,0.6487746502986851
0,1956,0.7296768014926978
0,1957,0.5702178176773447
0,1958,0.6767487471694754
0,1959,0.4724967265620051
0,1960,0.5979996728306672
0,1961,0.6973902190258512
0,1962,0.6244543945204081
0,1963,0.5530627725873717
0,1964,0.5777818668513678
0,1965,0.7541307451775884
0,1966,0.4264097614054706
0,1967,0.4921645257717518
0,1968,0.7034180470566689
0,1969,0.5242741839342816
0,1970,0.6591174863952908
0,1971,0.6338491109254075
0,1972,0.620610183273389
0,1973,0.5577155265650502
0,1974,0.6389133305408018
0,1975,0.6265960846719749
0,1976,0.511653304031481
0,1977,0.6203926775453577
0,1978,0.6311714657248244
0,1979,0.5904875127764057
0,1980,0.6311060306774577
0,1981,0.5795462732789401
0,1982,0.6137604505886438
0,1983,0.3992551495050605
0,1984,0.5125239512356553
0,1985,0.5905049140121555
0,1986,0.575498044824782
0,1987,0.7737750171864025
0,1988,0.37740561794373506
0,1989,0.7307225544328851
0,1990,0.52188733297972
0,1991,0.4134849871321612
0,1992,0.2993220718711289
0,1993,0.5893315869639669
0,1994,0.5367297146787249
0,1995,0.7545007034907665
0,1996,0.331062354325647
0,1997,0.7944272335978836
0,1998,0.6666123620147535
0,1999,0.7207580412317297
0,2000,0.6448854425214525
0,2001,0.5698850477739952
0,2002,0.658536136763965
0,2003,0.62143800736006
0,2004,0.4865456096358304
0,2005,0.6525530828630977
0,2006,0.3410757320604585
0,2007,0.6374723456506097
0,2008,0.4820059734092356
0,2009,0.5756248437366307
0,2010,0.5597333908188283
0,2011,0.5927099171060276
0,2012,0.5828586613330896
0,2013,0.599248692078683
0,2014,0.6323412383511687
0,2015,0.6836016056168931
0,2016,0.520913347600959
0,2017,0.6771091980180987
0,2018,0.45999128143661533
0,2019,0.4448871821184207
0,2020,0.43721830033457526
0,2021,0.7703066955665564
0,2022,0.5298356160018529
0,2023,0.5769583362391377
0,2024,0.6350309378508856
0,2025,0.6043739366398015
0,2026,0.5991486504311407
0,2027,0.5366151790796879
0,2028,0.574405524394717
0,2029,0.4749773196398579
0,2030,0.5364286576039196
0,2031,0.538790832583693
0,2032,0.4831427579341469
0,2033,0.44737889994660746
0,2034,0.7566362873557703
0,2035,0.4153395317470229
0,2036,0.5930827709407842
0,2037,0.43893262568485597
0,2038,0.49045779995168937
0,2039,0.4465771524189947
0,2040,0.431365670148157
0,2041,0.672564340357241
0,2042,0.4836706219527713
0,2043,0.46922732866704336
0,2044,0.42975038299344004
0,2045,0.6370198486187244
0,2046,0.47504674709737776
0,2047,0.6998986215158921
0,2048,0.54606048691484
0,2049,0.7044966292040677
0,2050,0.5730799159216929
0,2051,0.5541893063175473
0,2052,0.6089327424301276
0,2053,0.672532819785307
0,2054,0.6800521349802523
0,2055,0.5226133336881098
0,2056,0.6138838612343924
0,2057,0.6068987588705714
0,2058,0.5067520451232159
0,2059,0.532177132199203
0,2060,0.5542015919250823
0,2061,0.593775738508797
0,2062,0.6006984846775855
0,2063,0.6780831262800691
0,2064,0.6509144904190807
0,2065,0.5350433789309955
0,2066,0.41312309629588256
0,2067,0.6115467477264495
0,2068,0.7335506616348272
0,2069,0.5275043075305722
0,2070,0.5013834881342865
0,2071,0.5605102773109466
0,2072,0.6537866895716808
0,2073,0.5809552176481956
0,2074,0.6542449752269961
0,2075,0.5316007856246107
0,2076,0.5669347727480971
0,2077,0.29372433900968187
0,2078,0.8186578826968826
0,2079,0.2900774406517903
0,2080,0.7150150507107661
0,2081,0.8674581673473712
0,2082,0.6569384248336074
0,2083,0.5918130964392472
0,2084,0.6120951834556495
0,2085,0.6405494639109811
0,2086,0.7116696520303963
0,2087,0.43556503088598997
0,2088,0.5380437981189484
0,2089,0.65934213713987
0,2090,0.6369498203197531
0,2091,0.5881153027266997
0,2092,0.5881153027266997
0,2093,0.6725842883494875
0,2094,0.6472707594985455
0,2095,0.8197962165967315
0,2096,0.32718447401824247
0,2097,0.43257046854202297
0,2098,0.33467416496393787
0,2099,0.2750624817438982
0,2100,0.6612954728073283
0,2101,0.7130817113954866
0,2102,0.5405595249098512
0,2103,0.7242965360962238
0,2104,0.4830842297109941
0,2105,0.5438642023453429
0,2106,0.540611074046313
0,2107,0.6998268833986893
0,2108,0.6719924949536189
0,2109,0.6719924949536189
0,2110,0.5719469299601879
0,2111,0.7301866856974316
0,2112,0.5728110243979717
0,2113,0.6862900826888848
0,2114,0.6397579068267732
0,2115,0.7553659853042073
0,2116,0.7394247711153645
0,2117,0.7232321996757145
0,2118,0.8213966160490485
0,2119,0.4943916833202979
0,2120,0.5137240073792865
0,2121,0.7484643532226687
0,2122,0.507656718710246
0,2123,0.2985952554651346
0,2124,0.38772932936904275
0,2125,0.5058678860377397
0,2126,0.7393671491831415
0,2127,0.7377998133685325
0,2128,0.5659015393311696
0,2129,0.6125243996255275
0,2130,0.6327454962392971
0,2131,0.5957546127240699
0,2132,0.5681899296316979
0,2133,0.5877677782668675
0,2134,0.5966244688677875
0,2135,0.3530455367121963
0,2136,0.6344656772840641
0,2137,0.6129396125680955
0,2138,0.6019675093832187
0,2139,0.7247693666271259
0,2140,0.4414695846986583
0,2141,0.6703022613422204
0,2142,0.5726059401599097
0,2143,0.4660830303516631
0,2144,0.543841055493046
0,2145,0.5580240484954068
0,2146,0.7015657170321025
0,2147,0.4115200496625293
0,2148,0.8726762896492183
0,2149,0.2855480344589598
0,2150,0.8488533872877174
0,2151,0.3308268821535195
0,2152,0.263682904357661
0,2153,0.5793936481370923
0,2154,0.5595203473466955
0,2155,0.6839335552964562
0,2156,0.6350906823810071
0,2157,0.3970790246546016
0,2158,0.7850106226682635
0,2159,0.7523330134527252
0,2160,0.6717395893215901
0,2161,0.5455461267259946
0,2162,0.5901616865558186
0,2163,0.4922781646940562
0,2164,0.6939440838060638
0,2165,0.5400533477096391
0,2166,0.6110902674436527
0,2167,0.5591630225338877
0,2168,0.47911209244324643
0,2169,0.5650714860781842
0,2170,0.6450352372992137
0,2171,0.7060837816969368
0,2172,0.49780285901278887
0,2173,0.5745787783157462
0,2174,0.7944798885161772
0,2175,0.820496330741591
0,2176,0.41209730273821105
0,2177,0.7045022741924996
0,2178,0.7451748608794115
0,2179,0.7192157215703018
0,2180,0.7783253538342527
0,2181,0.46154400017893765
0,2182,0.5270261355439545
0,2183,0.6655324312917361
0,2184,0.6698130802119003
0,2185,0.5913854167704662
0,2186,0.49841206626709444
0,2187,0.7036132918931683
0,2188,0.43908493794204545
0,2189,0.46620350023500007
0,2190,0.7870417312242284
0,2191,0.6380467498716492
0,2192,0.5230371456077167
0,2193,0.6806470480957914
0,2194,0.47093150472555034
0,2195,0.524535961782724
0,2196,0.4224057179299131
0,2197,0.6139059916119227
0,2198,0.5339486306921538
0,2199,0.6018237707959875
0,2200,0.6803704177416958
0,2201,0.5114179308743592
0,2202,0.7270427836535132
0,2203,0.47228577833455787
0,2204,0.5907770891523123
0,2205,0.5366447366284357
0,2206,0.313585220056579
0,2207,0.43912787871594794
0,2208,0.6684983108431969
0,2209,0.5529650039810479
0,2210,0.48907115025061243
0,2211,0.753480768176836
0,2212,0.33414767271290124
0,2213,0.8114028334942269
0,2214,0.33850346079717736
0,2215,0.4071316494745608
0,2216,0.636532322953198
0,2217,0.5555898710614965
0,2218,0.5615026460808256
0,2219,0.7110028236542055
0,2220,0.7037066905016522
0,2221,0.3919075799184433
0,2222,0.722168821035644
0,2223,0.6950251420056283
0,2224,0.4900893914354481
0,2225,0.6324809657102458
0,2226,0.7537668914528723
0,2227,0.7366493232615603
0,2228,0.48181512141164334
0,2229,0.43716333711975425
0,2230,0.5522452303922296
0,2231,0.6345457906927118
0,2232,0.4916810986723994
0,2233,0.5441187037308336
0,2234,0.355369458252399
0,2235,0.23296197622546494
0,2236,0.8698455500272387
0,2237,0.8214719488040009
0,2238,0.8360929773923131
0,2239,0.2952757551930875
0,2240,0.755549737911163
0,2241,0.4718468842682387
0,2242,0.36909431770228524
0,2243,0.6056801887528326
0,2244,0.3630048477744107
0,2245,0.6161055150474646
0,2246,0.6135173763416789
0,2247,0.6499873920677778
0,2248,0.6076408434490536
0,2249,0.6380556077201079
0,2250,0.7105249595001054
0,2251,0.6578584057304133
0,2252,0.5261612104207334
0,2253,0.7474312854877964
0,2254,0.35496705653791677
0,2255,0.6246851672508607
0,2256,0.5727878831656165
0,2257,0.633141822563513
0,2258,0.6147790990673863
0,2259,0.8105670200132647
0,2260,0.8394612482071938
0,2261,0.7187998355296795
0,2262,0.7148190288725738
0,2263,0.3997459337155217
0,2264,0.4165747705733899
0,2265,0.3294365047548149
0,2266,0.9163982340740849
0,2267,0.16647393683994013
0,2268,0.22553665249667568
0,2269,0.5029010083409782
0,2270,0.683140537750467
0,2271,0.5980047012076177
0,2272,0.6664133008293798
0,2273,0.6303570425965752
0,2274,0.3601200494214555
0,2275,0.7285617661724046
0,2276,0.7015930865220037
0,2277,0.7236824333564055
0,2278,0.7033625215439604
0,2279,0.5559272086162004
0,2280,0.6749954650390287
0,2281,0.7892690170925439
0,2282,0.4668504643052395
0,2283,0.7097089521709029
0,2284,0.37212058180316365
0,2285,0.7836299504832468
0,2286,0.4425447815269917
0,2287,0.42960807193510064
0,2288,0.67780577272155
0,2289,0.5972088278510077
0,2290,0.6370876230315279
0,2291,0.5728094082817337
0,2292,0.7087976128463577
0,2293,0.7245137016633298
0,2294,0.4588695866600032
0,2295,0.6490633144693166
0,2296,0.6353669753898129
0,2297,0.520374984938412
0,2298,0.4123259704542907
0,2299,0.620257796166585
0,2300,0.6669428176440101
0,2301,0.5711795883659184
0,2302,0.6202582005459595
0,2303,0.5622899089056308
0,2304,0.5880619510961644
0,2305,0.5058128985808302
0,2306,0.603879792304829
0,2307,0.4207819765862158
0,2308,0.3368418683847197
0,2309,0.37701600836530763
0,2310,0.7467854655153712
0,2311,0.28549364054327253
0,2312,0.632865143610658
0,2313,0.29406464986064385
0,2314,0.3406171608108225
0,2315,0.5310095213445215
0,2316,0.5641584458700808
0,2317,0.6118305486614849
0,2318,0.48008719112425335
0,2319,0.7132592480588811
0,2320,0.4616470051793507
0,2321,0.539272719318974
0,2322,0.6652192918878972
0,2323,0.49468274006794444
0,2324,0.45185642837208173
0,2325,0.5562359133959193
0,2326,0.6707726384677946
0,2327,0.6286896064211733
0,2328,0.44079973511701187
0,2329,0.5142707807334022
0,2330,0.5069244260888862
0,2331,0.6319952381378756
0,2332,0.5272772075901869
0,2333,0.8005558464251551
0,2334,0.3751010970929306
0,2335,0.4039796186568904
0,2336,0.3434696594525056
0,2337,0.41514588671878794
0,2338,0.4149574995674195
0,2339,0.6811989307144884
0,2340,0.6911572978637044
0,2341,0.4622143099759221
0,2342,0.3094561901997398
0,2343,0.7736920595338548
0,2344,0.3276865401514816
0,2345,0.39960125137257824
0,2346,0.6991293161467711
0,2347,0.774070886746605
0,2348,0.30372347889694884
0,2349,0.3512139400226785
0,2350,0.39841653692321366
0,2351,0.7410115622119609
0,2352,0.4337209848436203
0,2353,0.7203168896850847
0,2354,0.7395260583411631
0,2355,0.7394934008579921
0,2356,0.633351635235373
0,2357,0.5602084436536817
0,2358,0.6441401531743463
0,2359,0.7493023357689853
0,2360,0.7056502436085273
0,2361,0.32852410262714693
0,2362,0.863043538462397
0,2363,0.5747832313100674
0,2364,0.5557776090007505
0,2365,0.590334659582547
0,2366,0.590334659582547
0,2367,0.7210580227971499
0,2368,0.7517030819191463
0,2369,0.4330117277184684
0,2370,0.34496801061781934
0,2371,0.8230575999681411
0,2372,0.645863783000907
0,2373,0.6558315665311878
0,2374,0.7291049759779444
0,2375,0.56998747700445
0,2376,0.6195483131020434
0,2377,0.757537867648616
0,2378,0.6754181950100401
0,2379,0.5195563315247227
0,2380,0.617721093604173
0,2381,0.594673336571955
0,2382,0.428231910386187
0,2383,0.3797659457776438
0,2384,0.4602709116118023
0,2385,0.45973150707220306
0,2386,0.4659768181236625
0,2387,0.5776644858132036
0,2388,0.602733717101742
0,2389,0.5115793370211521
0,2390,0.4259110553500902
0,2391,0.3512445125396631
0,2392,0.6024066632658808
0,2393,0.6601174035370528
0,2394,0.599139222114022
0,2395,0.642249696491004
0,2396,0.43948097850054174
0,2397,0.5680861156156853
0,2398,0.6489116682878844
0,2399,0.5048731356636572
0,2400,0.5846990065717
0,2401,0.6215137199817273
0,2402,0.6550745534479768
0,2403,0.5838901340965519
0,2404,0.6064729112085244
0,2405,0.7150167650603558
0,2406,0.7515631592020696
0,2407,0.5660787864481065
0,2408,0.588989342800609
0,2409,0.7416830405601411
0,2410,0.49932477744313614
0,2411,0.6733493987546926
0,2412,0.5838793148950292
0,2413,0.5868657496166266
0,2414,0.6172891449192468
0,2415,0.732281588915296
0,2416,0.43150975248273454
0,2417,0.5016221387632186
0,2418,0.6462959200611096
0,2419,0.5570546652448544
0,2420,0.6354041954502286
0,2421,0.5558094392875099
0,2422,0.6555014714914015
0,2423,0.4864391547224084
0,2424,0.4335243713810842
0,2425,0.6026948862193955
0,2426,0.6973640995032615
0,2427,0.6351778262810949
0,2428,0.6635215494476931
0,2429,0.5582186757364755
0,2430,0.6008699528975247
0,2431,0.5760427128948585
0,2432,0.7498228890909759
0,2433,0.7559271011741591
0,2434,0.375986416113375
0,2435,0.4778677212761758
0,2436,0.5148658678646382
0,2437,0.6964751180900335
0,2438,0.6527589328735022
0,2439,0.6711952061383708
0,2440,0.4564832243800409
0,2441,0.646811450950482
0,2442,0.5285534549171509
0,2443,0.5940106964875256
0,2444,0.6089997022659317
0,2445,0.47985289150363414
0,2446,0.7116293580443263
0,2447,0.456578059029915
0,2448,0.7012067032711247
0,2449,0.5095790090199231
0,2450,0.5163778358005034
0,2451,0.5920052126723764
0,2452,0.7748053702933121
0,2453,0.6335719285060328
0,2454,0.6268609242399388
0,2455,0.7214109704640245
0,2456,0.5479821853336277
0,2457,0.5227425873624184
0,2458,0.6546641050994773
0,2459,0.7061828892773965
0,2460,0.7856788310360262
0,2461,0.5045426057698489
0,2462,0.5626807458386075
0,2463,0.5617430716765345
0,2464,0.5711170052258459
0,2465,0.6517571309928655
0,2466,0.5266993502830727
0,2467,0.4156019287776736
0,2468,0.5626669135067695
0,2469,0.674591345071763
0,2470,0.6599952815859643
0,2471,0.5606080384085617
0,2472,0.540717693124482
0,2473,0.5233211420685636
0,2474,0.7924172112210439
0,2475,0.7092912137654267
0,2476,0.4146865503428602
0,2477,0.5387041297422916
0,2478,0.614322916282928
0,2479,0.48433001945179266
0,2480,0.7218852332612093
0,2481,0.3848444213664577
0,2482,0.6073239544676767
0,2483,0.7239814620070317
0,2484,0.7050719071013719
0,2485,0.7149087642949273
0,2486,0.6610534297655415
0,2487,0.5290488881027208
0,2488,0.5441914313330793
0,2489,0.6845065960417717
0,2490,0.5089950538661959
0,2491,0.5447116930404935
0,2492,0.4944637635348291
0,2493,0.7006355823783338
0,2494,0.43524674113497624
0,2495,0.5699338904948825
0,2496,0.41108770453365967
0,2497,0.45560074252131866
0,2498,0.5913292500216714
0,2499,0.5825116582910758
0,2500,0.5909216710456814
0,2501,0.7230671166745868
0,2502,0.6193475346235108
0,2503,0.5736086655140166
0,2504,0.6502479561406255
0,2505,0.5748883762561656
0,2506,0.4480415961540751
0,2507,0.5467822042912079
0,2508,0.6300643380983518
0,2509,0.35421921815059165
0,2510,0.7733474833417744
0,2511,0.7077684851401456
0,2512,0.4332081876948423
0,2513,0.7362436329164446
0,2514,0.78175322228784
0,2515,0.8228115227093417
0,2516,0.8068307751591266
0,2517,0.3815140993323977
0,2518,0.37137518891186866
0,2519,0.6470585948967431
0,2520,0.635482875223217
0,2521,0.6720676878212856
0,2522,0.6369216296319015
0,2523,0.6369216296319015
0,2524,0.6928217570635096
0,2525,0.6053407968988848
0,2526,0.5841825343231063
0,2527,0.7236137488168172
0,2528,0.48356704765858655
0,2529,0.5724214509605521
0,2530,0.5523232027411383
0,2531,0.4902329882250705
0,2532,0.6079713325626379
0,2533,0.5818597481342288
0,2534,0.45553073342141037
0,2535,0.6951108868473764
0,2536,0.8122540639341482
0,2537,0.4570920336875718
0,2538,0.8020478639301142
0,2539,0.7707018116083877
0,2540,0.46254362884919237
0,2541,0.7246031668296263
0,2542,0.7156340222828823
0,2543,0.39647697579879043
0,2544,0.5455851943656166
0,2545,0.692233678101159
0,2546,0.5702658022363624
0,2547,0.4973743375695914
0,2548,0.7628645523400691
0,2549,0.6869728633434804
0,2550,0.7195133989635589
0,2551,0.6550530074707084
0,2552,0.7311151585030942
0,2553,0.712033305048644
0,2554,0.36059217221831924
0,2555,0.7902015688743348
0,2556,0.4089804005850621
0,2557,0.6246457589218328
0,2558,0.6232187376330383
0,2559,0.6098047460336479
0,2560,0.5303505176728257
0,2561,0.6460544957153154
0,2562,0.6294933658969573
0,2563,0.6855440803787601
0,2564,0.7133998646126466
0,2565,0.4875607056081875
0,2566,0.5946358122932007
0,2567,0.6328254598911552
0,2568,0.6360483598619465
0,2569,0.5373362559368241
0,2570,0.5542423840326265
0,2571,0.603308862764951
0,2572,0.5175278335491178
0,2573,0.4558851970136778
0,2574,0.4536265690839971
0,2575,0.3792239213379392
0,2576,0.6947979515863051
0,2577,0.6952586907784696
0,2578,0.6254240740265804
0,2579,0.5916322868038287
0,2580,0.598901532935502
0,2581,0.6249016094030073
0,2582,0.5739723716536633
0,2583,0.5833542580188043
0,2584,0.5417347771263635
0,2585,0.6755985915979104
0,2586,0.5167404100152213
0,2587,0.7173592098345812
0,2588,0.4987079360760076
0,2589,0.6994087409684069
0,2590,0.5301443710587166
0,2591,0.510032399358489
0,2592,0.5659614200789734
0,2593,0.534437665757065
0,2594,0.5792381907089398
0,2595,0.5146274237982816
0,2596,0.5475312172167862
0,2597,0.6625172449935425
0,2598,0.5735680067663865
0,2599,0.7118128875399078
0,2600,0.5069813311783982
0,2601,0.6072673417387684
0,2602,0.5153071864086997
0,2603,0.47359899676130424
0,2604,0.6145089460794195
0,2605,0.510092453133799
0,2606,0.7048874925340471
0,2607,0.570566775868709
0,2608,0.702040680535303
0,2609,0.5829228263435499
0,2610,0.5591243788747179
0,2611,0.6099756938668106
0,2612,0.5947580006578891
0,2613,0.6197693565321558
0,2614,0.7459804689265017
0,2615,0.5975303454256023
0,2616,0.192126834005563
0,2617,0.7937532756981045
0,2618,0.2503703056122874
0,2619,0.3946428268319421
0,2620,0.3946028467519376
0,2621,0.8517949621856
0,2622,0.4690803783732147
0,2623,0.6921158943029213
0,2624,0.547679691231107
0,2625,0.6212494098742651
0,2626,0.7441312538126456
0,2627,0.6415594670457387
0,2628,0.5127516450479587
0,2629,0.6744223555757698
0,2630,0.5125398685067797
0,2631,0.6409238368528611
0,2632,0.6483302958470968
0,2633,0.6585612290629634
0,2634,0.6288335334508761
0,2635,0.6102019029704181
0,2636,0.5470292601127021
0,2637,0.6151315366374882
0,2638,0.5175619149465608
0,2639,0.5136540516836543
0,2640,0.6902985883527126
0,2641,0.5817081719334241
0,2642,0.6962786985339475
0,2643,0.6371565113963639
0,2644,0.4004454544527436
0,2645,0.6010599412348926
0,2646,0.5084561245451934
0,2647,0.6122457943459273
0,2648,0.6558292499465701
0,2649,0.6827779904116139
0,2650,0.6981524023245392
0,2651,0.4491125993552202
0,2652,0.7125239565092482
0,2653,0.6431981660195937
0,2654,0.633182880722929
0,2655,0.5097254810270745
0,2656,0.6688329241168037
0,2657,0.47238760371328953
0,2658,0.641961242511578
0,2659,0.5110324480048387
0,2660,0.5786798052321601
0,2661,0.5188184379308723
0,2662,0.30786069889741585
0,2663,0.5496710581359073
0,2664,0.47984295527270177
0,2665,0.5148589556094322
0,2666,0.6121722171508438
0,2667,0.794028443142031
0,2668,0.6024556515325108
0,2669,0.528430786986287
0,2670,0.6662603993796002
0,2671,0.5705278039614697
0,2672,0.5484947286017918
0,2673,0.8507501911654924
0,2674,0.22042714961430646
0,2675,0.8565115754367466
0,2676,0.3767292621695613
0,2677,0.47176119198617744
0,2678,0.7006969803345963
0,2679,0.7482880282006972
0,2680,0.4303096085781224
0,2681,0.3958536543728896
0,2682,0.7518339852116772
0,2683,0.5557330168415934
0,2684,0.55953768291898
0,2685,0.7958560921123543
0,2686,0.8770618565084387
0,2687,0.847008043326229
0,2688,0.44335370931328216
0,2689,0.5316522443806128
0,2690,0.6401294135764725
0,2691,0.6105906786192561
0,2692,0.6833739725028862
0,2693,0.571406067789523
0,2694,0.5590129736720079
0,2695,0.611761764828948
0,2696,0.6034234808788472
0,2697,0.6351082127153032
0,2698,0.5841475377508047
0,2699,0.5762319106527046
0,2700,0.5174920771509726
0,2701,0.4377597471903712
0,2702,0.47762962158773914
0,2703,0.6713996815998527
0,2704,0.6838765230021259
0,2705,0.36909573889980224
0,2706,0.4321727593323563
0,2707,0.4192574761644213
0,2708,0.6372377167303072
0,2709,0.6457899707343056
0,2710,0.6618402642790951
0,2711,0.42036952739098066
0,2712,0.7738466481730296
0,2713,0.3575322430125157
0,2714,0.7476880706933825
0,2715,0.3179188833926851
0,2716,0.49861469215311266
0,2717,0.5038396420684955
0,2718,0.5280312083650421
0,2719,0.5901690412485401
0,2720,0.5860571393371179
0,2721,0.5562341204213965
0,2722,0.5198906345184663
0,2723,0.624288337958366
0,2724,0.4990324527689626
0,2725,0.764380038012121
0,2726,0.7977706104547296
0,2727,0.7638450190646469
0,2728,0.787238222677755
0,2729,0.6860526023750679
0,2730,0.5391944810716929
0,2731,0.7987797684090563
0,2732,0.6048854924708034
0,2733,0.31318393602560807
0,2734,0.7742811472516666
0,2735,0.3900770391523704
0,2736,0.3402440270907281
0,2737,0.7137242353169679
0,2738,0.4901327609032356
0,2739,0.7672006485296463
0,2740,0.5653862158963198
0,2741,0.6713745560650366
0,2742,0.563985161661123
0,2743,0.6082956888378115
0,2744,0.6252556888241847
0,2745,0.5224806438973216
0,2746,0.5229700747226264
0,2747,0.4911972440849312
0,2748,0.6290752844989447
0,2749,0.5673866889849642
0,2750,0.5729210916932654
0,2751,0.7299911893287209
0,2752,0.39690527340409726
0,2753,0.5320844541649706
0,2754,0.6672232784550947
0,2755,0.7222021893560834
0,2756,0.6408781835883783
0,2757,0.6115189670483901
0,2758,0.7217450555282031
0,2759,0.49111144718076427
0,2760,0.4887540030037
0,2761,0.5073525480056814
0,2762,0.7039416384396571
0,2763,0.46148471431434757
0,2764,0.6170568609417153
0,2765,0.6804238386529222
0,2766,0.594183793778226
0,2767,0.6915087479913927
0,2768,0.6209093121391476
0,2769,0.5883057574147468
0,2770,0.47550267001263286
0,2771,0.723184777398065
0,2772,0.7511409669220732
0,2773,0.6815972440100367
0,2774,0.5067388984739418
0,2775,0.4407686088289022
0,2776,0.7535100757494252
0,2777,0.7678711587322201
0,2778,0.7645502837500945
0,2779,0.7850570685035929
0,2780,0.6971188307968016
0,2781,0.501704542911484
0,2782,0.7693358390496073
0,2783,0.38481357020244117
0,2784,0.7324794573254569
0,2785,0.7980777981062074
0,2786,0.3434707717069487
0,2787,0.2691480173251279
0,2788,0.6374778610063068
0,2789,0.724404434648652
0,2790,0.6086207338223845
0,2791,0.670257601650673
0,2792,0.38293003604752684
0,2793,0.37981912493149533
0,2794,0.38890085554816034
0,2795,0.441895959244328
0,2796,0.4514896537055467
0,2797,0.5764900978774505
0,2798,0.41173087060783997
0,2799,0.6123412201615285
0,2800,0.43839583326108655
0,2801,0.6208768810972904
0,2802,0.6243952483454798
0,2803,0.30633150870767445
0,2804,0.21446593844533834
0,2805,0.5622339498824005
0,2806,0.33462906711018087
0,2807,0.8105949802632103
0,2808,0.5328601866241153
0,2809,0.6474456279616718
0,2810,0.6314322105843375
0,2811,0.6019560924692602
0,2812,0.6637124642947504
0,2813,0.668541834924747
0,2814,0.5538137402590619
0,2815,0.5021753252970793
0,2816,0.7234788275788807
0,2817,0.724641507756126
0,2818,0.46326819038995604
0,2819,0.43677163180575024
0,2820,0.7083739138540781
0,2821,0.5405022614807352
0,2822,0.5063543179132285
0,2823,0.7405130934770914
0,2824,0.46178373806908046
0,2825,0.7003517721383865
0,2826,0.5295492466541545
0,2827,0.6435255757462408
0,2828,0.5795922122370369
0,2829,0.5819691164303714
0,2830,0.5819691164303714
0,2831,0.7203291135354104
0,2832,0.7935688929754294
0,2833,0.6880058653025793
0,2834,0.5986881404577091
0,2835,0.6456479214328001
0,2836,0.6697443343368776
0,2837,0.6240689926787343
0,2838,0.6145318310013055
0,2839,0.5557318739563095
0,2840,0.5826503307300565
0,2841,0.542794070509769
0,2842,0.5557194143829758
0,2843,0.7029129774717822
0,2844,0.6896194130718516
0,2845,0.46745403427585364
0,2846,0.6681563298408444
0,2847,0.5371139120007727
0,2848,0.5965878624939728
0,2849,0.6098253742011062
0,2850,0.6383707446264427
0,2851,0.6337476655678727
0,2852,0.5461402496603369
0,2853,0.7004033244742062
0,2854,0.6618049678273775
0,2855,0.5769323009526414
0,2856,0.4601985721448614
0,2857,0.8079872974594824
0,2858,0.48651336563033476
0,2859,0.6346255965900091
0,2860,0.5910272132688827
0,2861,0.6987476747257917
0,2862,0.2841658831261683
0,2863,0.5621298928345568
0,2864,0.5922115122297501
0,2865,0.5918482868376964
0,2866,0.5555014756853098
0,2867,0.607887854230159
0,2868,0.6330665526271685
0,2869,0.594187758448862
0,2870,0.5813126446805634
0,2871,0.7417891743417234
0,2872,0.7066593384034832
0,2873,0.5174768712538316
0,2874,0.6297820188423159
0,2875,0.6136895969857333
0,2876,0.6057357711291824
0,2877,0.6203020381317081
0,2878,0.7166484676124926
0,2879,0.5984384188305005
0,2880,0.45795570434248223
0,2881,0.6764938564802437
0,2882,0.6756428596094196
0,2883,0.45678561477815527
0,2884,0.6372368459633276
0,2885,0.6563666989202029
0,2886,0.6355511383819765
0,2887,0.5202698949024284
0,2888,0.7209337207872376
0,2889,0.5292072731675108
0,2890,0.596205065855404
0,2891,0.6544010302135439
0,2892,0.4810423984832676
0,2893,0.5748289347673229
0,2894,0.6536911632072587
0,2895,0.5905315260395548
0,2896,0.5789606997051194
0,2897,0.46601986416171526
0,2898,0.6950812610324997
0,2899,0.4364054485635535
0,2900,0.7072557925800841
0,2901,0.5646387468928811
0,2902,0.6411492668429898
0,2903,0.44765493625894065
0,2904,0.4683581441642076
0,2905,0.48446571374492076
0,2906,0.48446571374492076
0,2907,0.5917434701905533
0,2908,0.763995513727228
0,2909,0.7711641137172763
0,2910,0.47049293856372254
0,2911,0.6587280609344364
0,2912,0.6011907606337769
0,2913,0.6052387321679025
0,2914,0.621784776612519
0,2915,0.5648767067670436
0,2916,0.6123150894349846
0,2917,0.6927753052617855
0,2918,0.5151127621036653
0,2919,0.5690761655553985
0,2920,0.642251112672448
0,2921,0.4831115265951683
0,2922,0.6526242615945452
0,2923,0.4488445536097531
0,2924,0.4186009431055723
0,2925,0.6753138656188008
0,2926,0.37246464925873557
0,2927,0.5007044197359848
0,2928,0.5812296425129723
0,2929,0.6291139750603312
0,2930,0.6443531386875857
0,2931,0.6008231070535057
0,2932,0.4841295498746633
0,2933,0.29013450598534335
0,2934,0.791337504092382
0,2935,0.41772056537127583
0,2936,0.4526049248635094
0,2937,0.7381753141139069
0,2938,0.718558066884652
0,2939,0.5023047655306184
0,2940,0.7136669340223788
0,2941,0.5656246917945448
0,2942,0.49500815837991613
0,2943,0.6777190056073743
0,2944,0.7026496822566888
0,2945,0.48781859383746656
0,2946,0.6470719896997438
0,2947,0.6590104826878828
0,2948,0.4925222100287754
0,2949,0.4985117401724891
0,2950,0.692487172993282
0,2951,0.7572882878359485
0,2952,0.7551681017040731
0,2953,0.5590347884350565
0,2954,0.5142392837408928
0,2955,0.7010850767084925
0,2956,0.6295934914847273
0,2957,0.6256617039706399
0,2958,0.5906623638160577
0,2959,0.48638547288889383
0,2960,0.6215413690220704
0,2961,0.6022696598511249
0,2962,0.6960931183220873
0,2963,0.664734960303271
0,2964,0.7843713058871734
0,2965,0.857975746593628
0,2966,0.8553839285730005
0,2967,0.417472629987978
0,2968,0.5196258482255829
0,2969,0.47057926721624876
0,2970,0.4550094400135326
0,2971,0.5633820423929502
0,2972,0.7228059572146607
0,2973,0.6884992347724191
0,2974,0.5381800332740111
0,2975,0.47884021785250036
0,2976,0.490824602277149
0,2977,0.6691540446153457
0,2978,0.596447602458006
0,2979,0.6882089529393592
0,2980,0.6488658849690437
0,2981,0.5917296918714158
0,2982,0.6052767294708685
0,2983,0.7159129750642259
0,2984,0.6741620648850168
0,2985,0.5928622874248118
0,2986,0.5147205699272147
0,2987,0.5516727309637068
0,2988,0.6304310341376457
0,2989,0.5641175393112927
0,2990,0.4781633861125021
0,2991,0.7472594298481746
0,2992,0.35039700148117564
0,2993,0.7514596623966504
0,2994,0.7309355369758963
0,2995,0.4034936409037081
0,2996,0.7398945779302706
0,2997,0.7176867394885217
0,2998,0.6247511071383407
0,2999,0.7567061419856841
0,3000,0.7930606949047888
0,3001,0.8891361885556553
0,3002,0.6395643560928355
0,3003,0.6420094403787651
0,3004,0.5558591277540508
0,3005,0.6591074624987485
0,3006,0.5370129169644412
0,3007,0.5828960110832421
0,3008,0.5840529536469748
0,3009,0.5626789331530777
0,3010,0.847684136246266
0,3011,0.33104933749008714
0,3012,0.38058088519618405
0,3013,0.5009904049490572
0,3014,0.39999574148108813
0,3015,0.7627552032649052
0,3016,0.5442191232531194
0,3017,0.48781120031973063
0,3018,0.5399935203427211
0,3019,0.46026513458721974
0,3020,0.5398634046275279
0,3021,0.50638833931681
0,3022,0.748021067721415
0,3023,0.6499321916770693
0,3024,0.362830672088342
0,3025,0.6559431887892577
0,3026,0.5424961407264687
0,3027,0.5247678101045739
0,3028,0.26424523219338264
0,3029,0.5001718066210211
0,3030,0.5938925969707504
0,3031,0.9253674023996108
0,3032,0.8710787469727201
0,3033,0.6745556083336518
0,3034,0.7231983905634884
0,3035,0.4237394298579843
0,3036,0.49685739088840863
0,3037,0.4759827802690092
0,3038,0.6018952756799445
0,3039,0.7174509289919816
0,3040,0.6954524377245652
0,3041,0.6464348519116984
0,3042,0.49065777219036794
0,3043,0.6703374019847494
0,3044,0.5171100097210022
0,3045,0.4835611230486969
0,3046,0.5125821687318979
0,3047,0.731537534162287
0,3048,0.3897086440690323
0,3049,0.6735117539232627
0,3050,0.6960090687458762
0,3051,0.6227457371331367
0,3052,0.5857078354954064
0,3053,0.549680211033223
0,3054,0.5612479558661532
0,3055,0.4904840587318437
0,3056,0.4533876812570363
0,3057,0.43050754525315177
0,3058,0.5365303959695582
0,3059,0.6657125903490194
0,3060,0.6981252844450426
0,3061,0.46811235818430164
0,3062,0.49706305222235925
0,3063,0.5251019148621824
0,3064,0.5915109024297632
0,3065,0.6494407831876787
0,3066,0.6168029034577414
0,3067,0.5909883753057462
0,3068,0.7572465975936898
0,3069,0.5373861887706859
0,3070,0.5733368943021504
0,3071,0.6896798962507392
0,3072,0.6226770864219161
0,3073,0.4619150639692129
0,3074,0.4753631209039627
0,3075,0.3763068079821154
0,3076,0.7685824380480104
0,3077,0.4932363184345271
0,3078,0.6573942549365528
0,3079,0.7098116831924628
0,3080,0.3394229669484223
0,3081,0.8150350357177827
0,3082,0.3306771770653467
0,3083,0.817163584738486
0,3084,0.26112962619597524
0,3085,0.7213075286664026
0,3086,0.5930328404138181
0,3087,0.695850465410658
0,3088,0.5877576402308482
0,3089,0.7293817845804919
0,3090,0.4663154750864863
0,3091,0.5833118477063001
0,3092,0.5676362775098289
0,3093,0.6820360625328658
0,3094,0.46496497395510805
0,3095,0.5419534477538287
0,3096,0.6600860352886484
0,3097,0.49548179268270365
0,3098,0.5773237484803078
0,3099,0.48300074486492767
0,3100,0.6834978203272872
0,3101,0.5643839157908859
0,3102,0.6046004934582224
0,3103,0.5140129932745521
0,3104,0.6638577708245383
0,3105,0.5350236326187922
0,3106,0.3892865997470834
0,3107,0.5874456360590032
0,3108,0.4318542196487037
0,3109,0.6547370885638392
0,3110,0.6029494985291209
0,3111,0.5514350556361762
0,3112,0.5329114698043315
0,3113,0.5683466596061625
0,3114,0.7158131946732547
0,3115,0.6979813031745971
0,3116,0.4957788107853584
0,3117,0.7857352012552103
0,3118,0.787898611695198
0,3119,0.49719657142387946
0,3120,0.6941715772422324
0,3121,0.5039815110283944
0,3122,0.5849559848755753
0,3123,0.5306078590652697
0,3124,0.6305005744981688
0,3125,0.5042336554437985
0,3126,0.7332034522038426
0,3127,0.5373176816978625
0,3128,0.5373176816978625
0,3129,0.708826716003026
0,3130,0.7262528004170392
0,3131,0.5157217347158658
0,3132,0.6645522213869857
0,3133,0.6359214868568803
0,3134,0.7133093905181511
0,3135,0.5801525701971122
0,3136,0.5654884568232688
0,3137,0.6378875660874846
0,3138,0.590897762937832
0,3139,0.4438196584887361
0,3140,0.736957153902457
0,3141,0.7204671742798133
0,3142,0.6257410857771016
0,3143,0.5402698564794292
0,3144,0.7171137105999137
0,3145,0.4615873715742268
0,3146,0.4250689542745641
0,3147,0.5671671571735907
0,3148,0.6335371817784645
0,3149,0.6801314214347733
0,3150,0.6279375732123819
0,3151,0.49606836551006767
0,3152,0.7013297261016996
0,3153,0.4666027236468798
0,3154,0.5767078427256929
0,3155,0.5830021560749331
0,3156,0.6017785135704063
0,3157,0.5813517607274205
0,3158,0.5991557633702335
0,3159,0.6258427987704185
0,3160,0.573934311948818
0,3161,0.6777914349186751
0,3162,0.6678019620089252
0,3163,0.5384739551414187
0,3164,0.638874748636587
0,3165,0.6234839669206754
0,3166,0.5880647338662073
0,3167,0.5132190718054862
0,3168,0.6424648278541336
0,3169,0.6199421973818422
0,3170,0.7231212944906902
0,3171,0.460704640087599
0,3172,0.7385048824250345
0,3173,0.4029553565264107
0,3174,0.7679941031796038
0,3175,0.7245823636658808
0,3176,0.44201555935954406
0,3177,0.5603383210827152
0,3178,0.7001225386593164
0,3179,0.48200635309897283
0,3180,0.48561654356886974
0,3181,0.5102100551707397
0,3182,0.528816546474835
0,3183,0.5376192541716909
0,3184,0.5262406963170514
0,3185,0.6044798276390903
0,3186,0.5782663780375669
0,3187,0.5881930183504065
0,3188,0.6577302775097181
0,3189,0.7251689228041
0,3190,0.746757622315394
0,3191,0.6948959638197862
0,3192,0.5337322001873385
0,3193,0.5463489979475759
0,3194,0.5913351419977931
0,3195,0.49974752268673067
0,3196,0.5800685458397012
0,3197,0.6129861488129853
0,3198,0.49449154569039455
0,3199,0.7818913411622563
0,3200,0.3407026899740995
0,3201,0.8108753861029943
0,3202,0.5081294490087306
0,3203,0.6578466840528202
0,3204,0.5155854472269689
0,3205,0.3469106765143846
0,3206,0.5588239555354685
0,3207,0.5649718224163551
0,3208,0.42616795947936875
0,3209,0.6051700966488618
0,3210,0.6296304913079539
0,3211,0.4560564165779098
0,3212,0.6895269875518225
0,3213,0.5186545561476527
0,3214,0.49620686577315143
0,3215,0.8590964193188783
0,3216,0.7113637153647089
0,3217,0.49545896639309916
0,3218,0.6714646120728448
0,3219,0.6798284292683859
0,3220,0.5356211465470752
0,3221,0.6249416751367479
0,3222,0.5571462818850113
0,3223,0.6474284872838911
0,3224,0.5313646783685105
0,3225,0.5637408233957977
0,3226,0.6251970809241589
0,3227,0.5668480870191175
0,3228,0.565054903652326
0,3229,0.5701299538839881
0,3230,0.5625087653438255
0,3231,0.5057676521508883
0,3232,0.5997185873108113
0,3233,0.7986004968243674
0,3234,0.7503330694606954
0,3235,0.2675285107675061
0,3236,0.2675285107675061
0,3237,0.4613397679559167
0,3238,0.46658852283058533
0,3239,0.5085694989473101
0,3240,0.694301999349224
0,3241,0.555935479908676
0,3242,0.7110623495980669
0,3243,0.7904414658847717
0,3244,0.6299954008347141
0,3245,0.4494350834925125
0,3246,0.6766518968966808
0,3247,0.5131639164488271
0,3248,0.5170351943134209
0,3249,0.6591208448733276
0,3250,0.4586676412840147
0,3251,0.5133808738112726
0,3252,0.41378313250649396
0,3253,0.3229601033384658
0,3254,0.5353847473449064
0,3255,0.7477378763569354
0,3256,0.8158414752599926
0,3257,0.9070535733664387
0,3258,0.8471425297528291
0,3259,0.45464672654937405
0,3260,0.44905686235099973
0,3261,0.6105128036186465
0,3262,0.6554341442463468
0,3263,0.632573608608328
0,3264,0.5210224581885426
0,3265,0.6962909690348492
0,3266,0.2950873630746907
0,3267,0.6099655356938176
0,3268,0.7307361513036343
0,3269,0.5522250220528805
0,3270,0.49297005848848696
0,3271,0.4349703186911118
0,3272,0.7231617514378077
0,3273,0.7362411586206511
0,3274,0.7162480394630263
0,3275,0.6632335652311497
0,3276,0.7265617743090697
0,3277,0.5081805583168003
0,3278,0.6888690037506086
0,3279,0.5644572484771088
0,3280,0.7068807192154358
0,3281,0.5739434265847162
0,3282,0.41556771882713167
0,3283,0.6007756897540453
0,3284,0.4680667963239456
0,3285,0.665029144839603
0,3286,0.6524210461864811
0,3287,0.6450869108512192
0,3288,0.4123492287222466
0,3289,0.3728677725567444
0,3290,0.7527083552376812
0,3291,0.6337811874020477
0,3292,0.5636993808410179
0,3293,0.536718322985849
0,3294,0.5217977326080999
0,3295,0.6139972995860505
0,3296,0.5419405945695264
0,3297,0.4825353028164621
0,3298,0.6995051992617538
0,3299,0.8305094383271853
0,3300,0.8131593111002011
0,3301,0.5888132907037095
0,3302,0.6763043251979943
0,3303,0.5613025116609783
0,3304,0.6062823000797323
0,3305,0.7341044966678695
0,3306,0.6822155741262762
0,3307,0.546905389420884
0,3308,0.5420552259087089
0,3309,0.670398432908943
0,3310,0.5529874847257786
0,3311,0.6094012116523744
0,3312,0.7767410990752783
0,3313,0.8172728157844636
0,3314,0.5303198248136021
0,3315,0.5139334408678712
0,3316,0.66974163611056
0,3317,0.6645454530806371
0,3318,0.663635365908303
0,3319,0.5339294601477865
0,3320,0.6407622924362913
0,3321,0.5527545470096106
0,3322,0.6143012499530095
0,3323,0.6194161597168873
0,3324,0.6047386439918496
0,3325,0.47170425770681096
0,3326,0.6427595171046562
0,3327,0.592300836525432
0,3328,0.6177584940950793
0,3329,0.5690473840437935
0,3330,0.676927183587402
0,3331,0.5361116867207746
0,3332,0.7422118665135851
0,3333,0.5754484612935937
0,3334,0.5672975332028402
0,3335,0.6154875240332411
0,3336,0.5573241646486017
0,3337,0.5093970227624944
0,3338,0.4600034826505245
0,3339,0.7810636722275558
0,3340,0.8113078253303576
0,3341,0.774052727123558
0,3342,0.3253653112016255
0,3343,0.8609452003179969
0,3344,0.4890028914238495
0,3345,0.6631923099036259
0,3346,0.6432532536817517
0,3347,0.5094678828407208
0,3348,0.7379948153627264
0,3349,0.4752361435455346
0,3350,0.5662958447554456
0,3351,0.647345546794701
0,3352,0.6930565469850327
0,3353,0.5069158847798313
0,3354,0.8065582495635979
0,3355,0.45151024489613545
0,3356,0.48172296858729585
0,3357,0.5205298586394063
0,3358,0.6549840511041685
0,3359,0.5652391819335558
0,3360,0.573308733713624
0,3361,0.6082062984009007
0,3362,0.4470366220599441
0,3363,0.6197916876884899
0,3364,0.5724368702209873
0,3365,0.6532257012596331
0,3366,0.6266979104527604
0,3367,0.6868145364369657
0,3368,0.6284610766767714
0,3369,0.623677335503317
0,3370,0.5855036894172516
0,3371,0.7166493436316511
0,3372,0.691147284473818
0,3373,0.5105677985041481
0,3374,0.4625918272627986
0,3375,0.40764499983486085
0,3376,0.7360761079410982
0,3377,0.6580312228242644
0,3378,0.4274726483828225
0,3379,0.5209355395093755
0,3380,0.5823523274569251
0,3381,0.37872095457867
0,3382,0.2920507507937231
0,3383,0.699863434702324
0,3384,0.6730651536267828
0,3385,0.760999875639084
0,3386,0.4760563022401575
0,3387,0.7471592687575028
0,3388,0.5685595145436256
0,3389,0.6331944841835538
0,3390,0.614451182538232
0,3391,0.6075088548499921
0,3392,0.6711595187725131
0,3393,0.5163023718785096
0,3394,0.5703626163268631
0,3395,0.6036661496704995
0,3396,0.5669776055959467
0,3397,0.5648359572717301
0,3398,0.5018709143682618
0,3399,0.7576971629618511
0,3400,0.7006115914358367
0,3401,0.48922808842168886
0,3402,0.7183284654888409
0,3403,0.5656958414779023
0,3404,0.5572139649368644
0,3405,0.6087257499599058
0,3406,0.5599884804308058
0,3407,0.41086925414673614
0,3408,0.7357366851639149
0,3409,0.491717782185546
0,3410,0.6535608118293549
0,3411,0.7501937998676566
0,3412,0.6419849432640605
0,3413,0.5367305570234734
0,3414,0.6329152660602727
0,3415,0.698610105272026
0,3416,0.31457221845207145
0,3417,0.631014801537796
0,3418,0.5557996707224221
0,3419,0.6336769860747014
0,3420,0.5520842639882031
0,3421,0.7514541665477229
0,3422,0.4715171454226525
0,3423,0.7097183952367117
0,3424,0.5871555717628301
0,3425,0.42604801316521607
0,3426,0.4439870094496006
0,3427,0.49338833392843373
0,3428,0.49507048867015446
0,3429,0.602891307514271
0,3430,0.4103793940388787
0,3431,0.6447250226217002
0,3432,0.4552553664208778
0,3433,0.440089452660881
0,3434,0.7447124708029922
0,3435,0.4536991113444894
0,3436,0.5848137427421779
0,3437,0.41383315519514563
0,3438,0.634139809642722
0,3439,0.5343538474896515
0,3440,0.7496737905619599
0,3441,0.7357467928858428
0,3442,0.4383900448859679
0,3443,0.3609675467396468
0,3444,0.3856889359247429
0,3445,0.6740993065895913
0,3446,0.8422197195923399
0,3447,0.22780957159527307
0,3448,0.6755011032361474
0,3449,0.6222188620235874
0,3450,0.45301407822579204
0,3451,0.6948482420957652
0,3452,0.7708407640171935
0,3453,0.7613347299788399
0,3454,0.7095216332957537
0,3455,0.49866936906825615
0,3456,0.6430035741215396
0,3457,0.6430035741215396
0,3458,0.7556575360543303
0,3459,0.43564393887678254
0,3460,0.5452212128047099
0,3461,0.6436337707881913
0,3462,0.7271231520517853
0,3463,0.508307663689381
0,3464,0.6911979568867295
0,3465,0.6225229719463468
0,3466,0.48381805568786623
0,3467,0.6503007872478077
0,3468,0.649857952378094
0,3469,0.27632140200833455
0,3470,0.7951329276856367
0,3471,0.36993459748980817
0,3472,0.5889753587353328
0,3473,0.6340821823393837
0,3474,0.6205910357641943
0,3475,0.6870317180949318
0,3476,0.5555823250252573
0,3477,0.7002865947837728
0,3478,0.615358675168057
0,3479,0.56726655390258
0,3480,0.6782453570980981
0,3481,0.6329844307532954
0,3482,0.5290033215144263
0,3483,0.5899416152370723
0,3484,0.6812677698517178
0,3485,0.6936169603292619
0,3486,0.6904992114537497
0,3487,0.6715753977087682
0,3488,0.48869161092488306
0,3489,0.6965400008050598
0,3490,0.5089738771416958
0,3491,0.5303864524545889
0,3492,0.5113442926971927
0,3493,0.5587589703949409
0,3494,0.6249298561105116
0,3495,0.6047509652945853
0,3496,0.40090943820908215
0,3497,0.33645500641983006
0,3498,0.33171166522297296
0,3499,0.36780900239143605
0,3500,0.3442068292824227
0,3501,0.45467072210937315
0,3502,0.39551935432679763
0,3503,0.3514956139189189
0,3504,0.4092650457087222
0,3505,0.6557259773660409
0,3506,0.6928647063954115
0,3507,0.7107133516398921
0,3508,0.6081942977587695
0,3509,0.7047731101853791
0,3510,0.6445507799284153
0,3511,0.7146296109555669
0,3512,0.463720942932862
0,3513,0.8017008221703221
0,3514,0.7809897469742161
0,3515,0.5552170562552988
0,3516,0.4223941396132917
0,3517,0.5078886484669172
0,3518,0.49949825641404766
0,3519,0.6978905608020808
0,3520,0.556946410943601
0,3521,0.35861583068830144
0,3522,0.6259764650503565
0,3523,0.6312651366923469
0,3524,0.48732448799508565
0,3525,0.6744542367875066
0,3526,0.6431793993065806
0,3527,0.6581653900180364
0,3528,0.5372300267118031
0,3529,0.7902835776419255
0,3530,0.7705797165704538
0,3531,0.49109515956347644
0,3532,0.30703547557246436
0,3533,0.2443440156807187
0,3534,0.5972974299330864
0,3535,0.6461723849275398
0,3536,0.3388830067780819
0,3537,0.28977762778492994
0,3538,0.24014359776612468
0,3539,0.8724439022604772
0,3540,0.47170894359935095
0,3541,0.4198360591353647
0,3542,0.7079722476466914
0,3543,0.44238725858861505
0,3544,0.4506833134641817
0,3545,0.7433273875456393
0,3546,0.4659023359777203
0,3547,0.7809574585750108
0,3548,0.6362723489705279
0,3549,0.4501704923688931
0,3550,0.4284841864328458
0,3551,0.6736063273802833
0,3552,0.6924066678923164
0,3553,0.5421521164174506
0,3554,0.5241755247860944
0,3555,0.6764730947374844
0,3556,0.36353207475755617
0,3557,0.47968795170139134
0,3558,0.5240812645880918
0,3559,0.5840097553169595
0,3560,0.6486386501697472
0,3561,0.706901736444774
0,3562,0.5155779215911521
0,3563,0.5485836484541571
0,3564,0.5189436951971016
0,3565,0.5856220300725495
0,3566,0.7739822912128387
0,3567,0.6937697107282769
0,3568,0.7233234133064075
0,3569,0.6820022117877124
0,3570,0.7136469904209637
0,3571,0.4579109545819271
0,3572,0.49889612401664024
0,3573,0.5152928453435578
0,3574,0.7920822042083178
0,3575,0.34576154758706334
0,3576,0.49825757904535106
0,3577,0.5826464554973325
0,3578,0.5749932434085637
0,3579,0.5813939134177116
0,3580,0.641851265183704
0,3581,0.4109440453271914
0,3582,0.5803299590477488
0,3583,0.5925866504813582
0,3584,0.6510052357889834
0,3585,0.5213769886495809
0,3586,0.4362860394568259
0,3587,0.6809481931436601
0,3588,0.6731696834339047
0,3589,0.6066658679400528
0,3590,0.610111278075275
0,3591,0.6500860060128821
0,3592,0.6044026621379797
0,3593,0.3841789866489216
0,3594,0.6787711634068576
0,3595,0.651733669453431
0,3596,0.5582771992073725
0,3597,0.6432347962042502
0,3598,0.5741023660095238
0,3599,0.44298999853946386
0,3600,0.742149034113976
0,3601,0.49000701361956656
0,3602,0.8137415447878638
0,3603,0.6965201339742274
0,3604,0.5396962944201917
0,3605,0.613208550178157
0,3606,0.6932094859542284
0,3607,0.6932094859542284
0,3608,0.5923273138963622
0,3609,0.569076804543044
0,3610,0.569572118307666
0,3611,0.5875793683547146
0,3612,0.6176169103893049
0,3613,0.6646039366967548
0,3614,0.5916740297109322
0,3615,0.5373962589594214
0,3616,0.6262978126218648
0,3617,0.6298553651294443
0,3618,0.5845940441453161
0,3619,0.5374294936643708
0,3620,0.6539553806945113
0,3621,0.5141620739876536
0,3622,0.5871206504686649
0,3623,0.5947460010398208
0,3624,0.5734781378195796
0,3625,0.6051796141285618
0,3626,0.7060903763847443
0,3627,0.6434054155437774
0,3628,0.5572800913937438
0,3629,0.6038937258166125
0,3630,0.6392199882935168
0,3631,0.663343428565979
0,3632,0.6668644619670456
0,3633,0.6078439141459554
0,3634,0.6110268376549738
0,3635,0.7541750810786508
0,3636,0.40565000095021325
0,3637,0.6772195832594099
0,3638,0.4221063742327435
0,3639,0.6383960626086017
0,3640,0.5372599477211019
0,3641,0.43257834302220144
0,3642,0.4175453567806975
0,3643,0.5237289736491056
0,3644,0.5886168371740206
0,3645,0.6156097345026363
0,3646,0.7232228377056094
0,3647,0.4316988907747262
0,3648,0.5255416621324873
0,3649,0.5616876882275678
0,3650,0.6029316164313389
0,3651,0.5952173695121132
0,3652,0.511825164261162
0,3653,0.612595255985287
0,3654,0.6183068330577492
0,3655,0.6178300853978427
0,3656,0.5535003089166478
0,3657,0.5232181126713119
0,3658,0.6515753696587288
0,3659,0.5699748655269924
0,3660,0.5809033172286072
0,3661,0.6436851473734272
0,3662,0.5084791069090342
0,3663,0.4857998850287626
0,3664,0.6839772935028426
0,3665,0.4551883439732103
0,3666,0.6733921566986262
0,3667,0.48664905762643307
0,3668,0.6700728275739478
0,3669,0.5241960477053139
0,3670,0.5452361679693097
0,3671,0.2640361963315306
0,3672,0.4299316977204333
0,3673,0.7281278340438662
0,3674,0.5314651195643151
0,3675,0.7743463576589159
0,3676,0.3962728805062308
0,3677,0.571984821538936
0,3678,0.5384135790381869
0,3679,0.5612853774959378
0,3680,0.7235269296523856
0,3681,0.4548477981895656
0,3682,0.6931450806260505
0,3683,0.5908994598371411
0,3684,0.6282201318921486
0,3685,0.602007397741293
0,3686,0.612425965168416
0,3687,0.7312158947058858
0,3688,0.37942463513608166
0,3689,0.7539793193757546
0,3690,0.39284180243249056
0,3691,0.5429066029424567
0,3692,0.46390586369204995
0,3693,0.4439873927076923
0,3694,0.7594079199726161
0,3695,0.6662981978661434
0,3696,0.5736827234575925
0,3697,0.6365139384256087
0,3698,0.5145232861443437
0,3699,0.7069592150688049
0,3700,0.6657502282098532
0,3701,0.5875801686557378
0,3702,0.46847488457219705
0,3703,0.4529467540075455
0,3704,0.7243350193222331
0,3705,0.6392004601645522
0,3706,0.6633947379564533
0,3707,0.6207490779379993
0,3708,0.5792066926100894
0,3709,0.5149435696588486
0,3710,0.5509201274413904
0,3711,0.6887675519941499
0,3712,0.6215361405324105
0,3713,0.6499249772477739
0,3714,0.7609432913258612
0,3715,0.7672962942573436
0,3716,0.4051697261183259
0,3717,0.41274372423766875
0,3718,0.6256836706635881
0,3719,0.5118595368977081
0,3720,0.5381503871038231
0,3721,0.4990874370012513
0,3722,0.5592404517040455
0,3723,0.410194506901896
0,3724,0.765433754858835
0,3725,0.7827095565071278
0,3726,0.7699461120678236
0,3727,0.5240739249327507
0,3728,0.6510630065619583
0,3729,0.5141511321589802
0,3730,0.7373309299653567
0,3731,0.5257374664099335
0,3732,0.5265917937017293
0,3733,0.6596886965305363
0,3734,0.6271346402005924
0,3735,0.5011886556378554
0,3736,0.5442954719761541
0,3737,0.69411083760938
0,3738,0.5598858972792939
0,3739,0.6826258293413077
0,3740,0.6572428732627102
0,3741,0.5368875751349137
0,3742,0.7964903716222469
0,3743,0.6536191523469723
0,3744,0.5242215508168826
0,3745,0.651592835446861
0,3746,0.6954573704653723
0,3747,0.38914913792096745
0,3748,0.7419605377480137
0,3749,0.6495222314419046
0,3750,0.6470688239451802
0,3751,0.7826033302426579
0,3752,0.473143516783239
0,3753,0.452128821221492
0,3754,0.681831487430242
0,3755,0.5440798842808156
0,3756,0.5097853249370183
0,3757,0.4916680349438396
0,3758,0.7187188020441635
0,3759,0.4511605283766817
0,3760,0.47461811295159784
0,3761,0.6512476812618606
0,3762,0.5695319830344114
0,3763,0.67929997315721
0,3764,0.442686869889991
0,3765,0.530181535640216
0,3766,0.753789292124854
0,3767,0.6976886628828749
0,3768,0.6657340804198383
0,3769,0.46646361033285116
0,3770,0.6643904290846929
0,3771,0.45480603693714267
0,3772,0.8464884272917765
0,3773,0.32650433934222234
0,3774,0.8526735021445069
0,3775,0.7151962072703035
0,3776,0.5324627523050035
0,3777,0.46646275695663986
0,3778,0.6428375613245555
0,3779,0.6691255426843818
0,3780,0.6918226059180239
0,3781,0.5138473935739948
0,3782,0.7523726918062418
0,3783,0.91423262901444
0,3784,0.8788924488212021
0,3785,0.5618928975023911
0,3786,0.616058345222544
0,3787,0.514706992585213
0,3788,0.7215021823471891
0,3789,0.8585331106470638
0,3790,0.4576423396902863
0,3791,0.4576423396902863
0,3792,0.7327601905483616
0,3793,0.5835207166685875
0,3794,0.6022829591370297
0,3795,0.30308494890648247
0,3796,0.7014026324714501
0,3797,0.7363584965326732
0,3798,0.5080808865358886
0,3799,0.7845996364568665
0,3800,0.6184007754129913
0,3801,0.5188719135145161
0,3802,0.655589813970928
0,3803,0.6508628374756255
0,3804,0.6455971987333372
0,3805,0.6735412325414333
0,3806,0.4416237295269917
0,3807,0.4948927176882463
0,3808,0.7463339015810079
0,3809,0.7011487839472934
0,3810,0.5897277918458531
0,3811,0.4407405105259863
0,3812,0.3876939001430183
0,3813,0.5972578550412342
0,3814,0.5642668653392525
0,3815,0.5760061034568554
0,3816,0.43006074529138216
0,3817,0.43006074529138216
0,3818,0.4783300575120042
0,3819,0.6211785811862671
0,3820,0.5481928959940474
0,3821,0.5310170791210407
0,3822,0.7034212747219204
0,3823,0.7031946135888415
0,3824,0.8724419468709709
0,3825,0.6696319328750365
0,3826,0.656862365286736
0,3827,0.42064452240618855
0,3828,0.3951658978568347
0,3829,0.3535193043088233
0,3830,0.4373325742586296
0,3831,0.7325276707194085
0,3832,0.8766223893825996
0,3833,0.6682182261442102
0,3834,0.6804634850227832
0,3835,0.6566422885483253
0,3836,0.7672423248962739
0,3837,0.7469011540120023
0,3838,0.6449674470316668
0,3839,0.5536664605561818
0,3840,0.7121953671904342
0,3841,0.811621576795273
0,3842,0.5360621227807643
0,3843,0.5349625615117551
0,3844,0.47633993759766524
0,3845,0.6943695688722661
0,3846,0.4751563054611916
0,3847,0.6970896039561632
0,3848,0.4968745881879794
0,3849,0.5821476693828478
0,3850,0.6896534255773671
0,3851,0.5188648347469718
0,3852,0.7580015443962129
0,3853,0.4140246390513611
0,3854,0.4610448058002042
0,3855,0.5013432332927712
0,3856,0.5633375114662716
0,3857,0.6453657701720483
0,3858,0.6680451589863521
0,3859,0.6455585262807279
0,3860,0.512038001536857
0,3861,0.604564906207391
0,3862,0.6792854797049505
0,3863,0.5447687971134312
0,3864,0.49077729253697977
0,3865,0.5499883988018499
0,3866,0.677428360417079
0,3867,0.5698919870604562
0,3868,0.6301375946289975
0,3869,0.5545277823488801
0,3870,0.5326074731189343
0,3871,0.5807782015614152
0,3872,0.42029970145601026
0,3873,0.4778573100802171
0,3874,0.6267484144789892
0,3875,0.6405533132971973
0,3876,0.5691028421115203
0,3877,0.6426489291003448
0,3878,0.5961236527631261
0,3879,0.6253398651816504
0,3880,0.8044164914513946
0,3881,0.8074373018602639
0,3882,0.4067617319624914
0,3883,0.38089177930700185
0,3884,0.7761962188071355
0,3885,0.42439055914067464
0,3886,0.763765695355462
0,3887,0.795739948478804
0,3888,0.6833514654555048
0,3889,0.5418591709399903
0,3890,0.5393890881715342
0,3891,0.78640347807873
0,3892,0.528685796420134
0,3893,0.46651729354218463
0,3894,0.7178360393435674
0,3895,0.2697076750932325
0,3896,0.8517501017545622
0,3897,0.763217222157825
0,3898,0.22282348797294355
0,3899,0.25175601994479885
0,3900,0.7743483534060726
0,3901,0.8171617825498514
0,3902,0.576215016510839
0,3903,0.4617323073078094
0,3904,0.7401922825277366
0,3905,0.6167174949237382
0,3906,0.7079729591131809
0,3907,0.7250478691710806
0,3908,0.6909975235111623
0,3909,0.7690609227766876
0,3910,0.5462485262605206
0,3911,0.6940125889535288
0,3912,0.7008610014923159
0,3913,0.7817509098221327
0,3914,0.7723250748747063
0,3915,0.5394508886022231
0,3916,0.6459625207669025
0,3917,0.6451544774213838
0,3918,0.42278114052561416
0,3919,0.39563212957570676
0,3920,0.36071090331644595
0,3921,0.39423801986719076
0,3922,0.7984263781634343
0,3923,0.581811108371594
0,3924,0.5391541425504603
0,3925,0.5641556152396198
0,3926,0.6995694974607545
0,3927,0.673584078782257
0,3928,0.5130806808697697
0,3929,0.5617624618551201
0,3930,0.33496476457835556
0,3931,0.7044468326273601
0,3932,0.5298015103292236
0,3933,0.5436775016207744
0,3934,0.864737423239096
0,3935,0.2468373415556126
0,3936,0.8407679829258233
0,3937,0.6056569455658896
0,3938,0.6911023211438005
0,3939,0.5311327098211601
0,3940,0.5364169806459749
0,3941,0.4591322238097201
0,3942,0.4144158557175006
0,3943,0.3604545559170789
0,3944,0.2615314385704295
0,3945,0.4874411150291955
0,3946,0.6981128012428082
0,3947,0.5930968541606884
0,3948,0.5245343864253661
0,3949,0.4252405559095888
0,3950,0.6446100856965116
0,3951,0.7213939417599186
0,3952,0.600226897287293
0,3953,0.49028678685470706
0,3954,0.6377515365030619
0,3955,0.49569165995697906
0,3956,0.5812258158986577
0,3957,0.48440532604877334
0,3958,0.4903612292995551
0,3959,0.51830093178347
0,3960,0.4661406814339331
0,3961,0.7163142172271064
0,3962,0.6839072002905644
0,3963,0.6299711996049421
0,3964,0.7307772250631388
0,3965,0.6440283223512252
0,3966,0.5398202977381259
0,3967,0.5220415610217318
0,3968,0.5118026737884055
0,3969,0.5219379964939028
0,3970,0.5739552956244736
0,3971,0.5752410925857447
0,3972,0.3446036780331213
0,3973,0.6306893470090291
0,3974,0.46743874588998613
0,3975,0.4507354541814518
0,3976,0.7860092524867558
0,3977,0.7576305042785973
0,3978,0.37431698132329877
0,3979,0.41741547459224787
0,3980,0.4473270843857018
0,3981,0.5426621565861521
0,3982,0.5827523822156809
0,3983,0.7130286381348503
0,3984,0.5179219479798305
0,3985,0.42259256606766504
0,3986,0.5174574022971833
0,3987,0.5245006511821271
0,3988,0.48873296903407226
0,3989,0.17693066325337553
0,3990,0.4035939050481872
0,3991,0.7317388144228497
0,3992,0.6749972460240984
0,3993,0.7018013135437372
0,3994,0.710819279821551
0,3995,0.6477091259884952
0,3996,0.4749972522107035
0,3997,0.6411211575970435
0,3998,0.6295938009403733
0,3999,0.5555943650803342
1,0,0.5461781661701081
1,1,0.46384705364278067
1,2,0.5361344212020307
1,3,0.6565594956765262
1,4,0.6669233819068132
1,5,0.6687520627520439
1,6,0.6712835726964098
1,7,0.5437736674834552
1,8,0.5125764443558992
1,9,0.6311012462750503
1,10,0.4589022813528972
1,11,0.6153028322294267
1,12,0.5802758564919125
1,13,0.5234992481938201
1,14,0.5319683633265708
1,15,0.5735738764444303
1,16,0.5643565713669575
1,17,0.5530893677692117
1,18,0.43682334315735827
1,19,0.7561920461834799
1,20,0.7580410613849378
1,21,0.418690278365144
1,22,0.6582057962151924
1,23,0.43469547709250705
1,24,0.8332763046602749
1,25,0.603313790335294
1,26,0.5558977016452553
1,27,0.5025701020771758
1,28,0.6530600828094767
1,29,0.6450674100483331
1,30,0.49966334312388994
1,31,0.45814688421356237
1,32,0.4780565961104922
1,33,0.6528791474854098
1,34,0.36440366807241703
1,35,0.6167551920515786
1,36,0.6272743996324455
1,37,0.5564308434275147
1,38,0.6625062674238748
1,39,0.603322905708856
1,40,0.74820381295204
1,41,0.6449128808653664
1,42,0.4912111747305918
1,43,0.5655595579372724
1,44,0.7900681630963611
1,45,0.6572015542583001
1,46,0.6805307884808383
1,47,0.5249162479147905
1,48,0.4753696190700791
1,49,0.3806618239424892
1,50,0.48509550180620686
1,51,0.6329390154510984
1,52,0.3492327786101206
1,53,0.576397306071313
1,54,0.4779783614017721
1,55,0.5426296327753786
1,56,0.6589554700882233
1,57,0.5996398947747441
1,58,0.4892303804598579
1,59,0.7825438693592293
1,60,0.5307547630881815
1,61,0.5036831181174861
1,62,0.5463734436297065
1,63,0.5554320322014048
1,64,0.49567028107980743
1,65,0.6039276253607796
1,66,0.4039251639095493
1,67,0.5024113682423299
1,68,0.6013096734251683
1,69,0.5518533399338518
1,70,0.4555848399322757
1,71,0.47285751576780244
1,72,0.7593689075628469
1,73,0.5817565788825936
1,74,0.5382393200427316
1,75,0.5098317598883756
1,76,0.5156179736501783
1,77,0.6683114165233016
1,78,0.4963043207221398
1,79,0.6533485144191091
1,80,0.7470007036557399
1,81,0.447655573579512
1,82,0.6834906384883583
1,83,0.4678658576907866
1,84,0.4963330449449623
1,85,0.7094653427818227
1,86,0.7266326153166542
1,87,0.7219962375774556
1,88,0.715103415866055
1,89,0.6215970667288738
1,90,0.6068141366761062
1,91,0.4294296217895577
1,92,0.4651764497912266
1,93,0.5951491887705096
1,94,0.5686958688276106
1,95,0.6573845340929422
1,96,0.5663508143992755
1,97,0.5276790503610076
1,98,0.5617680605280849
1,99,0.5786122078252409
1,100,0.775269243473161
1,101,0.629519898792771
1,102,0.6077700777292624
1,103,0.5691987464836163
1,104,0.5327334033248373
1,105,0.4783835900888807
1,106,0.47563249480501096
1,107,0.5008864295621308
1,108,0.6700087541014449
1,109,0.6540054160795711
1,110,0.6439766975193542
1,111,0.6661246165237122
1,112,0.41546645102376467
1,113,0.3828861319831233
1,114,0.4712122501514542
1,115,0.4097218387810397
1,116,0.7099430457772308
1,117,0.6702831395988401
1,118,0.5979187360603775
1,119,0.6614418183288543
1,120,0.5314761598855552
1,121,0.6799653731289258
1,122,0.5642081578930446
1,123,0.6317363420363596
1,124,0.46681338405621436
1,125,0.7170725247597792
1,126,0.6734410582042583
1,127,0.5729057157743022
1,128,0.535785068638932
1,129,0.6436569708785089
1,130,0.5432049356473354
1,131,0.6569645530286692
1,132,0.5464513178277952
1,133,0.5779952828818109
1,134,0.6463095031543729
1,135,0.6523205643198114
1,136,0.596793144843002
1,137,0.665893985952483
1,138,0.38817734797364517
1,139,0.630746637007232
1,140,0.5786194355239255
1,141,0.5170243895264436
1,142,0.5998055976003015
1,143,0.6504483004872933
1,144,0.6190045344536236
1,145,0.24726807199877776
1,146,0.5350847475951004
1,147,0.5412477795046621
1,148,0.7686269289819697
1,149,0.39648324567221227
1,150,0.6715616348107509
1,151,0.7054165627395379
1,152,0.46636264305694464
1,153,0.5744604450149035
1,154,0.636543181149748
1,155,0.6717123655277171
1,156,0.6032490299513764
1,157,0.6601239708219924
1,158,0.5297037639421927
1,159,0.5430502563070108
1,160,0.6783602616065195
1,161,0.5640520968007948
1,162,0.6859928024782221
1,163,0.500334097429698
1,164,0.7406461395155497
1,165,0.7848476814825854
1,166,0.4207421866240765
1,167,0.5761419328627286
1,168,0.6514545353385258
1,169,0.5651362566759817
1,170,0.7186864724627545
1,171,0.45275067711644434
1,172,0.561722114486072
1,173,0.543856718436056
1,174,0.5787491946445664
1,175,0.6956127549171295
1,176,0.623666027514892
1,177,0.46439372945132285
1,178,0.5232248688796305
1,179,0.6526655167031639
1,180,0.8339447973317986
1,181,0.29561755004780055
1,182,0.5770775412468431
1,183,0.6226349333842686
1,184,0.5762860481622937
1,185,0.5668883996127505
1,186,0.560090576671037
1,187,0.6251565482059195
1,188,0.44615984120010405
1,189,0.7682608963064044
1,190,0.7300522442295047
1,191,0.46342631988984934
1,192,0.6666376839312197
1,193,0.548329456174613
1,194,0.5151215388396827
1,195,0.5812655447957737
1,196,0.5592111762945396
1,197,0.6057883003135938
1,198,0.5854359752958714
1,199,0.6825789206776164
1,200,0.708502548695848
1,201,0.3563144901905517
1,202,0.4272888476290499
1,203,0.5104211532189868
1,204,0.4771752919881933
1,205,0.5750755087447197
1,206,0.5705574524116124
1,207,0.6820294780390002
1,208,0.5255038083927677
1,209,0.5247530789520936
1,210,0.661249942480421
1,211,0.5428984395357448
1,212,0.688183148283469
1,213,0.48241635488838464
1,214,0.7906524503500107
1,215,0.6840517827377498
1,216,0.7804329769637884
1,217,0.6433471776296574
1,218,0.40205482055830166
1,219,0.7081571929142174
1,220,0.49739253365708114
1,221,0.7348300508181287
1,222,0.5890727592785071
1,223,0.7457372060611815
1,224,0.5937080674918034
1,225,0.6183168515867125
1,226,0.5936897243841673
1,227,0.4867194305774344
1,228,0.7327497195858182
1,229,0.5646335302100128
1,230,0.578912392799709
1,231,0.6894798442209256
1,232,0.47298724463318076
1,233,0.7200300374950921
1,234,0.4216268695518995
1,235,0.46877695773038314
1,236,0.5337390912176563
1,237,0.5005472294857536
1,238,0.668373239370577
1,239,0.6138638465403269
1,240,0.618526630942876
1,241,0.9113777592488966
1,242,0.8297945910770221
1,243,0.7323756688414881
1,244,0.45848490350084825
1,245,0.7747572920843869
1,246,0.40250955177158054
1,247,0.6356028875884745
1,248,0.7104787750627981
1,249,0.742666632354065
1,250,0.6368009926494334
1,251,0.6279964003356162
1,252,0.40808291991658746
1,253,0.7886167780653682
1,254,0.5881219505924484
1,255,0.5903660000515355
1,256,0.4973119870441223
1,257,0.4229390273627763
1,258,0.2652020632782324
1,259,0.23427252206725438
1,260,0.5231830428905522
1,261,0.5948955509164268
1,262,0.6120574416541709
1,263,0.3585371985122235
1,264,0.6226566186086148
1,265,0.4746960592886788
1,266,0.6985758840996926
1,267,0.51763595132797
1,268,0.5924756142878592
1,269,0.6383211825681975
1,270,0.5544693960345499
1,271,0.4724337720538124
1,272,0.5275919984810152
1,273,0.6185478645526243
1,274,0.507751667262937
1,275,0.6174145142891707
1,276,0.6004530634092066
1,277,0.6393818817115388
1,278,0.5517839819170943
1,279,0.6257739982373131
1,280,0.5982916885269941
1,281,0.30960589108532344
1,282,0.646681448136239
1,283,0.7859873783370578
1,284,0.6371766603089815
1,285,0.5202239726359718
1,286,0.6576131899577631
1,287,0.683461628058465
1,288,0.6932652796951441
1,289,0.5174571572935392
1,290,0.5492350987427869
1,291,0.5951689343602166
1,292,0.5994727081079985
1,293,0.43494969645153814
1,294,0.6564109393468421
1,295,0.5128831912159058
1,296,0.6295321362674039
1,297,0.6843129517519739
1,298,0.6646654439589992
1,299,0.5955293648549695
1,300,0.594015611933133
1,301,0.5674873108007152
1,302,0.6265504680735421
1,303,0.5797237164715217
1,304,0.43057395291458955
1,305,0.49420255411585584
1,306,0.6586601727687639
1,307,0.7804366761558356
1,308,0.5193490055027834
1,309,0.7739449907032122
1,310,0.5087263898188552
1,311,0.7034803110357001
1,312,0.4553158029184572
1,313,0.3568098962927811
1,314,0.6607166428597212
1,315,0.7504911527885418
1,316,0.7328123577349395
1,317,0.7276640121814192
1,318,0.4003290276514277
1,319,0.631630264301772
1,320,0.6467700972426783
1,321,0.4072089169525198
1,322,0.5164020924878767
1,323,0.5294905459550519
1,324,0.6779395083183339
1,325,0.5671082416405425
1,326,0.6581077926212614
1,327,0.6768477048189636
1,328,0.46320023347149697
1,329,0.6236420630713494
1,330,0.6156245373150072
1,331,0.33027243574499565
1,332,0.6833887352117992
1,333,0.5620088403782555
1,334,0.3809434209362368
1,335,0.6768234947972949
1,336,0.494388937409661
1,337,0.31400073574885984
1,338,0.28733479672241263
1,339,0.7493361236388907
1,340,0.7602499510074467
1,341,0.7158431821314223
1,342,0.6514724296639238
1,343,0.6678434969559736
1,344,0.659660028936222
1,345,0.5159232882683374
1,346,0.5461225780721973
1,347,0.6166549907316204
1,348,0.21935077911735607
1,349,0.6333859853736902
1,350,0.6653449026691791
1,351,0.41391275331005273
1,352,0.654489060247988
1,353,0.43758206043757303
1,354,0.5497785518213301
1,355,0.47759980310537875
1,356,0.6318578653004678
1,357,0.4917753271686355
1,358,0.5653324128804528
1,359,0.8286501519524297
1,360,0.8364768132163519
1,361,0.31649010186082976
1,362,0.6119376514473706
1,363,0.8013305343984337
1,364,0.4753815036453296
1,365,0.6838315286484168
1,366,0.5640709325326163
1,367,0.3487018765472439
1,368,0.5524356389264464
1,369,0.606102302054756
1,370,0.5560646414987809
1,371,0.5184389199803795
1,372,0.747263266829879
1,373,0.4261035952152993
1,374,0.6278061441420812
1,375,0.6052014105392612
1,376,0.5242354109464765
1,377,0.7478570249853014
1,378,0.7306525897660325
1,379,0.49008053898490556
1,380,0.715727633374208
1,381,0.5620371448460901
1,382,0.7046572375235763
1,383,0.46783903502249546
1,384,0.7467647174193013
1,385,0.5100935675236432
1,386,0.6398512529496293
1,387,0.5014381439372237
1,388,0.506717236780048
1,389,0.7442830755934692
1,390,0.6117955108076627
1,391,0.6334641389633595
1,392,0.6412691843521438
1,393,0.45139071456816293
1,394,0.4718555097206242
1,395,0.5098894076352036
1,396,0.7538912219291002
1,397,0.7429817256615766
1,398,0.5168398185023088
1,399,0.70728738273769
1,400,0.6695965149011065
1,401,0.582441735887951
1,402,0.8136420732336251
1,403,0.7680976873894503
1,404,0.43344053563458806
1,405,0.6053366612686399
1,406,0.7671011292059172
1,407,0.4739336094288996
1,408,0.5892352541743788
1,409,0.562561559614075
1,410,0.532880088372041
1,411,0.635499765450844
1,412,0.6102439637852302
1,413,0.5953312501379825
1,414,0.4498626714375899
1,415,0.7530655904236944
1,416,0.6932005197217291
1,417,0.6053877100416535
1,418,0.60306892214191
1,419,0.5983716720466133
1,420,0.5995061792996803
1,421,0.7160820491203354
1,422,0.713200441358164
1,423,0.577627005827826
1,424,0.7352254195305155
1,425,0.47965337288524745
1,426,0.5793323283616785
1,427,0.5644945924759406
1,428,0.5644945924759406
1,429,0.6604218199121041
1,430,0.6611451298824108
1,431,0.6948906103731418
1,432,0.4953378931691538
1,433,0.4595069299580257
1,434,0.6392051141311264
1,435,0.5446163526543836
1,436,0.5965731492301563
1,437,0.5622449458102062
1,438,0.5766650939533725
1,439,0.6335343805219384
1,440,0.7252895086345743
1,441,0.3737180437946847
1,442,0.35016457855613997
1,443,0.32382298391537667
1,444,0.5288995920894498
1,445,0.47340080562010395
1,446,0.4431162714837794
1,447,0.6025133289607815
1,448,0.7289647299015025
1,449,0.4518245100312827
1,450,0.7214546365544235
1,451,0.7356565603066755
1,452,0.40864995377220725
1,453,0.4764666161051325
1,454,0.7372694162616945
1,455,0.3849132344191207
1,456,0.4180651261083278
1,457,0.7333605836170219
1,458,0.6521409574447969
1,459,0.5243828552609093
1,460,0.658568319965533
1,461,0.562756369489007
1,462,0.7931706291450654
1,463,0.764123918453906
1,464,0.5235103106114656
1,465,0.5860473945211336
1,466,0.5435370000005794
1,467,0.5720054357470653
1,468,0.40040121243361687
1,469,0.5973384797227951
1,470,0.7102537847540777
1,471,0.6429072083936814
1,472,0.6121828505188236
1,473,0.82371279012968
1,474,0.6340782224566607
1,475,0.5614909113141667
1,476,0.5276244997918649
1,477,0.41201037621592435
1,478,0.6430780714113176
1,479,0.46215971523201627
1,480,0.48321125326706543
1,481,0.5696627543368968
1,482,0.5724964179209403
1,483,0.7241960436741625
1,484,0.5019119457948197
1,485,0.6856131466236616
1,486,0.6664486030188735
1,487,0.589479112246399
1,488,0.737530454445698
1,489,0.47918300625772475
1,490,0.4162096015562264
1,491,0.5435881297783867
1,492,0.5318669248722006
1,493,0.6873879678419031
1,494,0.6764415806041318
1,495,0.7244350219424303
1,496,0.5098152132017861
1,497,0.5802842726301368
1,498,0.6647749727644966
1,499,0.6849847853067943
1,500,0.5630886513214266
1,501,0.5620406750664659
1,502,0.3763157376207484
1,503,0.4075312195431716
1,504,0.5100192723195768
1,505,0.7321770262329484
1,506,0.8089702206737059
1,507,0.6534104186862241
1,508,0.7088809597048823
1,509,0.44111750078539047
1,510,0.4198905637110785
1,511,0.4272448522765718
1,512,0.4117142491177976
1,513,0.7776525990355229
1,514,0.7307898731175212
1,515,0.5066168601136588
1,516,0.825517389072084
1,517,0.5450775042437831
1,518,0.32583232377244875
1,519,0.6069895381431231
1,520,0.45923646791426964
1,521,0.5369033127100095
1,522,0.4872679674733648
1,523,0.6199807958400906
1,524,0.6486390478512649
1,525,0.6720610910528626
1,526,0.5660920240690595
1,527,0.7183352337943318
1,528,0.5472574414747321
1,529,0.6868727894112807
1,530,0.6879818167500087
1,531,0.5526918947858572
1,532,0.7447158859748998
1,533,0.627474058460825
1,534,0.5312271322573217
1,535,0.5250383930862857
1,536,0.7729271134378166
1,537,0.42629036677123616
1,538,0.4551875067700188
1,539,0.4841882941819226
1,540,0.4478655576703817
1,541,0.6303018989458058
1,542,0.6486956290190059
1,543,0.660466695533941
1,544,0.392206597712868
1,545,0.6906920892240817
1,546,0.5190455883581581
1,547,0.6898358528856028
1,548,0.5559735749099453
1,549,0.4116415158924061
1,550,0.562944036993445
1,551,0.5870593825368743
1,552,0.5641251053140145
1,553,0.4979172002081003
1,554,0.48076972647109245
1,555,0.637730050450631
1,556,0.5003631648190165
1,557,0.5887491555067939
1,558,0.6783778970660769
1,559,0.5269200014588259
1,560,0.44105605864788394
1,561,0.7359399054964562
1,562,0.6880706118481227
1,563,0.5529248058570977
1,564,0.5848880421334346
1,565,0.5244376298377097
1,566,0.6377905186340381
1,567,0.5963579047209477
1,568,0.43857700786418086
1,569,0.41412545143329155
1,570,0.7096348216133441
1,571,0.593969684982615
1,572,0.713932812506301
1,573,0.7893850635995516
1,574,0.7950078463906625
1,575,0.6749217117640723
1,576,0.5807082262161636
1,577,0.5322571564606532
1,578,0.6324000243485038
1,579,0.5223563089717949
1,580,0.6009985372909947
1,581,0.5918883448739797
1,582,0.6654920714558782
1,583,0.6511572674110648
1,584,0.47193307755275904
1,585,0.3554266657680532
1,586,0.32282209235585596
1,587,0.2799121324518766
1,588,0.21263063264109794
1,589,0.7416415769311233
1,590,0.6490375955056514
1,591,0.36574587031546
1,592,0.26170597021044606
1,593,0.5705813772207672
1,594,0.5674233769164084
1,595,0.7940676459983933
1,596,0.6061325485951814
1,597,0.7335951993189042
1,598,0.4607214592599937
1,599,0.7435494165913561
1,600,0.5950936150268469
1,601,0.7742195954564662
1,602,0.6972243025315598
1,603,0.466281400636037
1,604,0.3318821364406131
1,605,0.5034875489034523
1,606,0.7312012131410052
1,607,0.5180025202423881
1,608,0.6901139022464426
1,609,0.6755317569950101
1,610,0.455310398606031
1,611,0.4147249461451785
1,612,0.445733733731787
1,613,0.43577408720483857
1,614,0.5357388963686743
1,615,0.607289295642203
1,616,0.5140172050914406
1,617,0.6204965639952627
1,618,0.42663053822979347
1,619,0.7253396997343143
1,620,0.7198429180021723
1,621,0.3884863089632046
1,622,0.7828669609290826
1,623,0.6475271983312321
1,624,0.43910602190282705
1,625,0.7161487313023206
1,626,0.31545673182872486
1,627,0.26372019086282816
1,628,0.7528100602262146
1,629,0.7534497367641507
1,630,0.6529869634949436
1,631,0.5309896500812147
1,632,0.3311214271535831
1,633,0.3203856535906859
1,634,0.6983591793301175
1,635,0.4740057885025455
1,636,0.7073514285494356
1,637,0.5988697409016152
1,638,0.5858757837582189
1,639,0.659231692508448
1,640,0.6626626215213717
1,641,0.7478579478483287
1,642,0.5829081995650262
1,643,0.30725282035711715
1,644,0.7454071425330326
1,645,0.5209196623180683
1,646,0.6471225621042951
1,647,0.6909841882451144
1,648,0.6442060424512476
1,649,0.6388774138375
1,650,0.5846456674044359
1,651,0.7600434259669941
1,652,0.44233101529328456
1,653,0.602205388349645
1,654,0.34982871458456805
1,655,0.3984975000744766
1,656,0.37303845023973925
1,657,0.5162008282069345
1,658,0.6943773837613142
1,659,0.7046732023527722
1,660,0.5028711401586966
1,661,0.5028711401586966
1,662,0.5002523654219954
1,663,0.7746866233620799
1,664,0.7629039733181489
1,665,0.37248316673324955
1,666,0.6930812335490834
1,667,0.42520924900642815
1,668,0.5295994333232006
1,669,0.6852044575976706
1,670,0.6335653266054287
1,671,0.5532081817642592
1,672,0.660375395904527
1,673,0.37326430506474184
1,674,0.6846438774606013
1,675,0.7529235349675795
1,676,0.41253136906336274
1,677,0.6000100783939574
1,678,0.49878206951383736
1,679,0.6864230489260886
1,680,0.389535789194733
1,681,0.7322758037692005
1,682,0.7012890797755033
1,683,0.5304401908292652
1,684,0.704451470811164
1,685,0.7717533251147104
1,686,0.7514488277887343
1,687,0.7187905774261911
1,688,0.5297846587642513
1,689,0.838910953887141
1,690,0.5772175318948211
1,691,0.6971497590174326
1,692,0.7164118146801784
1,693,0.35002363048668167
1,694,0.47879720935702264
1,695,0.4523123864099421
1,696,0.5035343823579455
1,697,0.5225351560621503
1,698,0.42407730032597823
1,699,0.4756333293038259
1,700,0.5876504948997239
1,701,0.7035080348339464
1,702,0.5653393297347766
1,703,0.671233411861042
1,704,0.6603591361234703
1,705,0.8715758404004641
1,706,0.6876532376849787
1,707,0.6878783155848798
1,708,0.6830085916458054
1,709,0.4496444343034823
1,710,0.5019077901941373
1,711,0.6739200831949901
1,712,0.45458892506082377
1,713,0.6939045298832064
1,714,0.49563327254847034
1,715,0.5134230511179078
1,716,0.6727207296441159
1,717,0.5160287052797532
1,718,0.4716528804156507
1,719,0.8446458892668375
1,720,0.6917886786095622
1,721,0.7074520973415774
1,722,0.4631788898278899
1,723,0.6995461695668956
1,724,0.7241085295703698
1,725,0.49046654312931465
1,726,0.5123504370493893
1,727,0.5278077435107488
1,728,0.706468095412317
1,729,0.5791745223880514
1,730,0.5590189861761226
1,731,0.5656339931236403
1,732,0.6434215612919608
1,733,0.6511721634429302
1,734,0.7226265858942168
1,735,0.6672771055580382
1,736,0.720167484257957
1,737,0.37093590023419665
1,738,0.5757943068800416
1,739,0.4670228123337214
1,740,0.529593639635377
1,741,0.8058550396967925
1,742,0.31813880619904744
1,743,0.8158097631422487
1,744,0.5166806785603182
1,745,0.6098706301283238
1,746,0.4876037426109767
1,747,0.6268397602068884
1,748,0.7521975121186081
1,749,0.7273663309821613
1,750,0.7123835651206079
1,751,0.567647583701855
1,752,0.630222199310348
1,753,0.7349602313430919
1,754,0.806576058573843
1,755,0.31540510672024746
1,756,0.7387663989256283
1,757,0.3326902473135565
1,758,0.5520422443048622
1,759,0.6710710681662105
1,760,0.5418122474566969
1,761,0.768793819948204
1,762,0.5700027782532608
1,763,0.5807134475606979
1,764,0.571030581927761
1,765,0.5895406609279628
1,766,0.44598024442470613
1,767,0.4979272568263154
1,768,0.5233196897486943
1,769,0.6149395903794416
1,770,0.5829615716556178
1,771,0.5985035925644092
1,772,0.5175463833696736
1,773,0.6570437056325373
1,774,0.588490340407544
1,775,0.6851037991821868
1,776,0.5417233752673629
1,777,0.6669571999577097
1,778,0.3988902467097171
1,779,0.5063267347462272
1,780,0.48371133276509365
1,781,0.4885075307203774
1,782,0.5587183560080422
1,783,0.5590148119925012
1,784,0.5707280623075687
1,785,0.5926951075795183
1,786,0.5747850705931586
1,787,0.5429928655213255
1,788,0.5167937301287092
1,789,0.7315808657265168
1,790,0.6787948631466547
1,791,0.6412614182998357
1,792,0.6387428752442086
1,793,0.656319869341311
1,794,0.48913294695284076
1,795,0.6401103480791763
1,796,0.4820176227117027
1,797,0.48574945243582235
1,798,0.5121471636746007
1,799,0.48587201360807375
1,800,0.46444177726862473
1,801,0.6387897758188981
1,802,0.5666523027124496
1,803,0.7788726591468964
1,804,0.3306451085495586
1,805,0.4407367819700608
1,806,0.6401709550947231
1,807,0.5269370018362355
1,808,0.6790863021808036
1,809,0.43686873774387947
1,810,0.709999628164727
1,811,0.5887868266208459
1,812,0.6468105546855635
1,813,0.8089294918912038
1,814,0.7878226206240035
1,815,0.6470365947563065
1,816,0.7720100169030945
1,817,0.7572831072469819
1,818,0.6895654090798143
1,819,0.5306474495057679
1,820,0.37437147019063644
1,821,0.4605456904957419
1,822,0.5653997468168563
1,823,0.3772051046752619
1,824,0.4631095768141346
1,825,0.7706296624508903
1,826,0.7176962682896336
1,827,0.6163461853668586
1,828,0.5475380871422619
1,829,0.5452046000753191
1,830,0.4725093657658644
1,831,0.5261480978449822
1,832,0.1229134771852028
1,833,0.9114299087512874
1,834,0.5721546907822322
1,835,0.43327578854078486
1,836,0.7279164990364919
1,837,0.7352155002814779
1,838,0.6506375804755524
1,839,0.6399669140612959
1,840,0.34450526426409234
1,841,0.5438463932607178
1,842,0.6261576751095032
1,843,0.5805226290409433
1,844,0.5871253319013047
1,845,0.5058143705453306
1,846,0.6649826838870779
1,847,0.5381919824308607
1,848,0.4060194488951475
1,849,0.7765453217880316
1,850,0.4881759392439305
1,851,0.6286241295237758
1,852,0.5406601011428277
1,853,0.39252719179145246
1,854,0.5218816588132836
1,855,0.4782528793096858
1,856,0.7066500881111412
1,857,0.5526187194475076
1,858,0.49544168488512064
1,859,0.603122264071652
1,860,0.6191331108264483
1,861,0.6343385251347633
1,862,0.6670042249318068
1,863,0.43645486946370177
1,864,0.6774667531097429
1,865,0.7245474943211012
1,866,0.7380548348613241
1,867,0.43079905873970076
1,868,0.6779775285781676
1,869,0.8628117728610896
1,870,0.8320758804221919
1,871,0.8558489974151096
1,872,0.6179011982566255
1,873,0.5410687492634995
1,874,0.6290943168867261
1,875,0.4727216886935998
1,876,0.6814099894453366
1,877,0.5803614612921096
1,878,0.5499317669848378
1,879,0.7618321569599728
1,880,0.7629424923174332
1,881,0.7692656274138301
1,882,0.46525886619973494
1,883,0.6467284111193915
1,884,0.7260674856686598
1,885,0.4321012455257979
1,886,0.6696983290298307
1,887,0.6584601637903996
1,888,0.6970880669831885
1,889,0.5614448360165415
1,890,0.39493920291298906
1,891,0.7135399428306993
1,892,0.4684151861860667
1,893,0.5735853300638669
1,894,0.8007667653666657
1,895,0.3512764992811877
1,896,0.18170041489636507
1,897,0.7553763940602485
1,898,0.5628914009545704
1,899,0.6312864168705228
1,900,0.6157426302535335
1,901,0.5078718310489427
1,902,0.5385741542804824
1,903,0.7870121457141952
1,904,0.36549026799691964
1,905,0.4353788028204633
1,906,0.6059809545675249
1,907,0.5517981922853941
1,908,0.774877637946537
1,909,0.7897780651869646
1,910,0.5977920450170545
1,911,0.5313515064694381
1,912,0.44314334807887595
1,913,0.678850121721042
1,914,0.6495091237702529
1,915,0.5961945602257566
1,916,0.6240252317383023
1,917,0.6189428522697606
1,918,0.7356055181445378
1,919,0.8038648875679437
1,920,0.7025380643758509
1,921,0.6259865251060457
1,922,0.6040043172899152
1,923,0.6522828129637888
1,924,0.523956156547268
1,925,0.5862319505529636
1,926,0.5717083056759562
1,927,0.656626619215097
1,928,0.5271421654891211
1,929,0.4782235775312551
1,930,0.4303371805180646
1,931,0.5191755470893776
1,932,0.4549422147412949
1,933,0.6925160894335237
1,934,0.49288015422056164
1,935,0.6245550668376806
1,936,0.6711931306485187
1,937,0.6133487493776731
1,938,0.6272116819474706
1,939,0.5436975108000791
1,940,0.5607901208746787
1,941,0.6362914680836304
1,942,0.5895497652922732
1,943,0.8347749599642641
1,944,0.2402887410241548
1,945,0.21808066445879848
1,946,0.5259240627425039
1,947,0.4265792420341189
1,948,0.7667204027090937
1,949,0.5395974557848501
1,950,0.6389720353902475
1,951,0.5565743534832124
1,952,0.5668719265818589
1,953,0.48290216162057986
1,954,0.7056466553624532
1,955,0.501469098966501
1,956,0.7292536795015656
1,957,0.7272790209814225
1,958,0.6835838019841938
1,959,0.5170609676486657
1,960,0.5393753073638963
1,961,0.5940243150678932
1,962,0.5192625048602875
1,963,0.5700943109682163
1,964,0.6734393437841013
1,965,0.6494934601988843
1,966,0.5758518048612171
1,967,0.6733564189212115
1,968,0.4651632667154932
1,969,0.5017008458588378
1,970,0.5362079068913385
1,971,0.6861519489981859
1,972,0.7046756163110451
1,973,0.40938305957007814
1,974,0.6255249916229425
1,975,0.48946854158250347
1,976,0.6162655429646507
1,977,0.5027912551700217
1,978,0.6444236439126212
1,979,0.6680985370956369
1,980,0.4945321167463655
1,981,0.5409651098467997
1,982,0.4590079407467323
1,983,0.5476778227238326
1,984,0.4334362590107975
1,985,0.6592369702950662
1,986,0.4621520074518303
1,987,0.6239647725132172
1,988,0.6834357577029657
1,989,0.6059510569079716
1,990,0.7263503710036415
1,991,0.5548079632422585
1,992,0.5549711977861818
1,993,0.5271918931061677
1,994,0.5819539007582744
1,995,0.5457958288658609
1,996,0.6536387763911075
1,997,0.5400092843055981
1,998,0.678679056565332
1,999,0.6086742931401556
1,1000,0.42486934226601347
1,1001,0.5030080235233659
1,1002,0.5877372170496618
1,1003,0.6413058706832672
1,1004,0.5736325663320374
1,1005,0.5616398148587707
1,1006,0.5931909476582737
1,1007,0.7447205296993088
1,1008,0.4602006945159415
1,1009,0.5392934758792383
1,1010,0.5923883709003506
1,1011,0.7198215967861056
1,1012,0.6083030836085203
1,1013,0.5454998698238319
1,1014,0.64965747165774
1,1015,0.5746365827328216
1,1016,0.6893982994554911
1,1017,0.7116556024534683
1,1018,0.7123617041087349
1,1019,0.6635171945438252
1,1020,0.45530438652176025
1,1021,0.7571749027145269
1,1022,0.340572738315432
1,1023,0.4303578876962427
1,1024,0.6382651381924954
1,1025,0.6685901303252786
1,1026,0.6569370288892262
1,1027,0.5891411838942494
1,1028,0.6127996965234027
1,1029,0.6288031722466396
1,1030,0.5983124101810063
1,1031,0.6372794831208677
1,1032,0.5787277287205014
1,1033,0.729595168934879
1,1034,0.42775574767763336
1,1035,0.643019608612338
1,1036,0.5571456777872223
1,1037,0.5222681537896156
1,1038,0.5978545060730767
1,1039,0.6715899851383844
1,1040,0.5656278608238062
1,1041,0.5426869710108562
1,1042,0.5126682944170616
1,1043,0.8102048385302546
1,1044,0.7259860729174773
1,1045,0.46393177493799187
1,1046,0.7223086458682231
1,1047,0.7142098648170487
1,1048,0.5561091195985783
1,1049,0.6790094028589463
1,1050,0.6964727591351704
1,1051,0.4237915608841472
1,1052,0.4657203976454236
1,1053,0.4203420240097097
1,1054,0.381809592237627
1,1055,0.6324837200401817
1,1056,0.6221753625024091
1,1057,0.6153184594502867
1,1058,0.6322519139000445
1,1059,0.5732129198850796
1,1060,0.5950113320157566
1,1061,0.6107873182831671
1,1062,0.590674845597588
1,1063,0.6521920273616261
1,1064,0.5538694926178491
1,1065,0.4701874046590572
1,1066,0.6855037158940898
1,1067,0.5395974693934187
1,1068,0.73550743158642
1,1069,0.5049636230420778
1,1070,0.6545475260190109
1,1071,0.6994291642369924
1,1072,0.4905719416096679
1,1073,0.529214358197529
1,1074,0.636241589516939
1,1075,0.5595897804449633
1,1076,0.5370751812278338
1,1077,0.5025835250556466
1,1078,0.756042970534766
1,1079,0.6354389222935827
1,1080,0.6385258526345056
1,1081,0.5641767681377077
1,1082,0.7474176129770493
1,1083,0.7209955579865608
1,1084,0.6085164120055472
1,1085,0.6956834778481873
1,1086,0.446351323994495
1,1087,0.7092013754144678
1,1088,0.3432378523112646
1,1089,0.37292161016310416
1,1090,0.7660302448712207
1,1091,0.2860072179324462
1,1092,0.6979614529723974
1,1093,0.5872538700510102
1,1094,0.5333154499429563
1,1095,0.65888581863111
1,1096,0.4388113515365991
1,1097,0.3920917420991562
1,1098,0.664043710273047
1,1099,0.47491805276741944
1,1100,0.6482892782488213
1,1101,0.5718844138638097
1,1102,0.7986005100315796
1,1103,0.670452959430152
1,1104,0.6788776985426143
1,1105,0.5586630283245092
1,1106,0.6142185365974342
1,1107,0.5620172172460518
1,1108,0.5879581169114856
1,1109,0.6773932462813163
1,1110,0.5217341802506796
1,1111,0.7237001487938082
1,1112,0.18674955562362502
1,1113,0.4163715906423197
1,1114,0.771436876920545
1,1115,0.447694521873536
1,1116,0.3779050431728374
1,1117,0.7070466561274839
1,1118,0.6470921508014726
1,1119,0.637375449684638
1,1120,0.4692712162664523
1,1121,0.6551678366131285
1,1122,0.6137661422387943
1,1123,0.4842924751818147
1,1124,0.512108538686883
1,1125,0.596194560047333
1,1126,0.6345365260732992
1,1127,0.519761450561823
1,1128,0.5078228329835351
1,1129,0.6351369227565549
1,1130,0.5450070984388424
1,1131,0.5450120128361735
1,1132,0.6261869105506874
1,1133,0.5276415825145931
1,1134,0.45454238027463756
1,1135,0.45136142641521876
1,1136,0.8170000334476374
1,1137,0.8070644564968009
1,1138,0.7520790259939606
1,1139,0.3574794206696245
1,1140,0.725247691119265
1,1141,0.5485322269924437
1,1142,0.6163661932606371
1,1143,0.7493618216592074
1,1144,0.473896404109222
1,1145,0.7398636359917932
1,1146,0.7936574950047801
1,1147,0.8512195796734137
1,1148,0.3482575007440522
1,1149,0.7619353532510864
1,1150,0.6788622819781737
1,1151,0.565453967354979
1,1152,0.7136340063586663
1,1153,0.6871225442829566
1,1154,0.33942137864537336
1,1155,0.730594495142842
1,1156,0.519285114388775
1,1157,0.668934862263746
1,1158,0.6569554060027251
1,1159,0.48478363799465735
1,1160,0.7255974068937121
1,1161,0.7356201897267551
1,1162,0.46308349549716693
1,1163,0.7137515609521922
1,1164,0.41912556418801816
1,1165,0.21823054164654046
1,1166,0.7596058137350085
1,1167,0.3568452752766672
1,1168,0.6731064017470072
1,1169,0.46067802448693385
1,1170,0.5001753480925816
1,1171,0.37186707074557146
1,1172,0.7466657128510794
1,1173,0.5498404324388261
1,1174,0.294924072858826
1,1175,0.6720331057254942
1,1176,0.4255626120161256
1,1177,0.5258705806861984
1,1178,0.6869254883677975
1,1179,0.619305065140045
1,1180,0.6268878727615638
1,1181,0.5881935499817514
1,1182,0.6158421752582997
1,1183,0.629567899149961
1,1184,0.5493876550807263
1,1185,0.497756017185366
1,1186,0.5641329774437949
1,1187,0.5677832805233173
1,1188,0.6082194594642493
1,1189,0.5644182698733201
1,1190,0.5945343213209048
1,1191,0.7847477806408816
1,1192,0.386079861381408
1,1193,0.47778320504858607
1,1194,0.6305554204334415
1,1195,0.6052871862724408
1,1196,0.6163400060795976
1,1197,0.44717207132157477
1,1198,0.4980822795714907
1,1199,0.5750910178919858
1,1200,0.7003246680663602
1,1201,0.5615979739726996
1,1202,0.7080579045145229
1,1203,0.717240868649475
1,1204,0.6300755229906152
1,1205,0.7459259541528922
1,1206,0.5518848088991142
1,1207,0.6530711346936862
1,1208,0.4702770830856651
1,1209,0.5289006376319351
1,1210,0.3237277586324572
1,1211,0.3457139906630398
1,1212,0.6339587219765677
1,1213,0.4712054033714571
1,1214,0.7020203407423528
1,1215,0.4426018614099885
1,1216,0.45951797591582555
1,1217,0.7454384002981224
1,1218,0.38515955771903787
1,1219,0.5171728300721411
1,1220,0.7175915028447798
1,1221,0.6637871422125846
1,1222,0.6104416933364734
1,1223,0.591439654123936
1,1224,0.626170228311209
1,1225,0.43343453171378704
1,1226,0.7441447031300731
1,1227,0.789482130968538
1,1228,0.8115811618320785
1,1229,0.8927585881349269
1,1230,0.5909340163525061
1,1231,0.6149086616001146
1,1232,0.6548006704495944
1,1233,0.6983639263179521
1,1234,0.6106647431653656
1,1235,0.6788233228535697
1,1236,0.6387572686967784
1,1237,0.6249049281387624
1,1238,0.7230993857848753
1,1239,0.7119972102918485
1,1240,0.5305170650405244
1,1241,0.5702967985864694
1,1242,0.8212109799208117
1,1243,0.2814544688669789
1,1244,0.6011506002190449
1,1245,0.5384108851730559
1,1246,0.6120412879651143
1,1247,0.5111750705247053
1,1248,0.5288468474051976
1,1249,0.5347828842636252
1,1250,0.4873864859430625
1,1251,0.6455546730699255
1,1252,0.6516320605448083
1,1253,0.621003321574369
1,1254,0.6662277567070093
1,1255,0.5372279884993273
1,1256,0.687980518989422
1,1257,0.37854864624210327
1,1258,0.6784365540018734
1,1259,0.6535636396933358
1,1260,0.6822526328511166
1,1261,0.6906058127343502
1,1262,0.6182502377316638
1,1263,0.42341154315848945
1,1264,0.560387490895297
1,1265,0.6811588389558473
1,1266,0.5259486623230902
1,1267,0.7037428797770581
1,1268,0.6340724572757498
1,1269,0.6438507491235984
1,1270,0.7794489832285995
1,1271,0.6764316045065354
1,1272,0.5540815715181175
1,1273,0.5884993414698337
1,1274,0.6249913361222189
1,1275,0.6184162360203833
1,1276,0.8367666523231112
1,1277,0.7137874129368005
1,1278,0.5750006191609801
1,1279,0.6824238430583062
1,1280,0.5281541136387807
1,1281,0.6955882425299246
1,1282,0.49927327554605694
1,1283,0.7015197815038068
1,1284,0.7625448284383396
1,1285,0.7723721110133933
1,1286,0.7648196367830622
1,1287,0.4439487486777983
1,1288,0.6395537123892662
1,1289,0.5344963334005902
1,1290,0.6175451917228226
1,1291,0.6156360418097331
1,1292,0.5152539367288325
1,1293,0.6364839345892596
1,1294,0.7359103547911574
1,1295,0.41608207544098036
1,1296,0.7854889516324146
1,1297,0.7447700122834771
1,1298,0.7625271485550605
1,1299,0.7093431413186783
1,1300,0.40710541830421615
1,1301,0.5600374845195152
1,1302,0.6914801059166462
1,1303,0.6959973694069362
1,1304,0.7217160194470335
1,1305,0.5320101930858643
1,1306,0.5969736637261306
1,1307,0.7338516372086159
1,1308,0.6041879556708186
1,1309,0.5916741891250139
1,1310,0.6756659347870616
1,1311,0.6762843123842822
1,1312,0.41646118188029646
1,1313,0.6708515383052166
1,1314,0.5840509058837721
1,1315,0.4756633110979006
1,1316,0.6422008435754696
1,1317,0.6491778415123503
1,1318,0.603711515063668
1,1319,0.525080550038795
1,1320,0.6641434672910546
1,1321,0.4944478745665565
1,1322,0.6218041019896485
1,1323,0.5348472387392813
1,1324,0.760605880142634
1,1325,0.3437938537097919
1,1326,0.8380870876825124
1,1327,0.5835679885725122
1,1328,0.6364120298102869
1,1329,0.6568084233413773
1,1330,0.4975139879967228
1,1331,0.7316057711734736
1,1332,0.4037317241498227
1,1333,0.4236601445895346
1,1334,0.4379176594909716
1,1335,0.4473345006512505
1,1336,0.7323567671974047
1,1337,0.5771595994253945
1,1338,0.5522048182891778
1,1339,0.6013807158930816
1,1340,0.6206511295279628
1,1341,0.5575919476524085
1,1342,0.5993308618809126
1,1343,0.618273545284614
1,1344,0.33756780140778186
1,1345,0.6145819072115076
1,1346,0.7182930744966257
1,1347,0.32088444975895464
1,1348,0.5956322335593349
1,1349,0.5305354893876671
1,1350,0.6435913537446687
1,1351,0.5440096536656857
1,1352,0.6213452533201932
1,1353,0.6233726591799597
1,1354,0.6042751523253318
1,1355,0.6430277694275892
1,1356,0.6280100540043367
1,1357,0.712990731025506
1,1358,0.7463252765239657
1,1359,0.5572042219016712
1,1360,0.5882231892844926
1,1361,0.5836929803479515
1,1362,0.820460582630946
1,1363,0.8775209231926231
1,1364,0.2896173747822938
1,1365,0.7043620670408793
1,1366,0.5233371681838069
1,1367,0.5725934542955482
1,1368,0.6225412058596238
1,1369,0.45080543092349806
1,1370,0.5345217100943529
1,1371,0.5401195294259838
1,1372,0.22803606686235348
1,1373,0.7545094456886584
1,1374,0.6386161681877152
1,1375,0.6190296816479066
1,1376,0.5970173962542143
1,1377,0.5483641763128962
1,1378,0.7741723550327707
1,1379,0.7539915480386412
1,1380,0.5217563676619034
1,1381,0.5634090335842468
1,1382,0.5877024879615691
1,1383,0.7076343315200019
1,1384,0.7086459024402602
1,1385,0.4815397418917269
1,1386,0.5486982833716846
1,1387,0.6621303291037387
1,1388,0.5011117006079187
1,1389,0.671857216104871
1,1390,0.7322756503434305
1,1391,0.4853576403211413
1,1392,0.7013412223882308
1,1393,0.5117002387916553
1,1394,0.6876680694656692
1,1395,0.46888926194113273
1,1396,0.8084377885454572
1,1397,0.6479600891018094
1,1398,0.6393819293191453
1,1399,0.4707127919020607
1,1400,0.6826020372882609
1,1401,0.6289278412354752
1,1402,0.6202968205114268
1,1403,0.5221975796650056
1,1404,0.5505018963135325
1,1405,0.5704820798839023
1,1406,0.5809203962818852
1,1407,0.6324878972282982
1,1408,0.5797342041435624
1,1409,0.6075345765115566
1,1410,0.5833269861889403
1,1411,0.5597768118324432
1,1412,0.574658888949746
1,1413,0.6648076565979822
1,1414,0.6655167047381708
1,1415,0.5885425103615536
1,1416,0.44360976893504717
1,1417,0.6782648765769249
1,1418,0.4946329223726141
1,1419,0.4785060895439112
1,1420,0.5123475486176379
1,1421,0.6092144048874326
1,1422,0.6058627208867865
1,1423,0.5356006062349693
1,1424,0.6399132191288058
1,1425,0.5000848576136085
1,1426,0.5005413792867748
1,1427,0.5708173370270448
1,1428,0.6044788898693637
1,1429,0.5631727472762781
1,1430,0.5806096388936076
1,1431,0.544320887602797
1,1432,0.6635624152799854
1,1433,0.35302157691053293
1,1434,0.3218845097316432
1,1435,0.2303967265581276
1,1436,0.7315604425611504
1,1437,0.7119452411668468
1,1438,0.4746499592522012
1,1439,0.7070557298206975
1,1440,0.6574886026526537
1,1441,0.5591000748850987
1,1442,0.4661973275961175
1,1443,0.6959765646563323
1,1444,0.6699763797450007
1,1445,0.4589486671068564
1,1446,0.524080477801779
1,1447,0.5996459078553994
1,1448,0.5553875813091241
1,1449,0.6914479576588765
1,1450,0.5096971672373305
1,1451,0.607251551680294
1,1452,0.7295820273768917
1,1453,0.4663178062366884
1,1454,0.6404926764502026
1,1455,0.6760064101035557
1,1456,0.5585454606514128
1,1457,0.43335596842023894
1,1458,0.7239485855660188
1,1459,0.5267748612684129
1,1460,0.6975471756204352
1,1461,0.40432497528523814
1,1462,0.34146506972699064
1,1463,0.5536586101683182
1,1464,0.642106574922945
1,1465,0.6104861386086324
1,1466,0.7845690116588888
1,1467,0.805374614222536
1,1468,0.7306122792911337
1,1469,0.7183079192198296
1,1470,0.7413540521542596
1,1471,0.5932928113820061
1,1472,0.6390177149720966
1,1473,0.6251359772307815
1,1474,0.6212203345641165
1,1475,0.7227517580243779
1,1476,0.6848031245557863
1,1477,0.6319398003924006
1,1478,0.579806344826216
1,1479,0.4004704849964083
1,1480,0.7219586327583852
1,1481,0.5759780084242826
1,1482,0.63026192935826
1,1483,0.593812874918072
1,1484,0.6188968210272559
1,1485,0.5618730040893531
1,1486,0.5773049207135138
1,1487,0.5012071143391508
1,1488,0.6019296901909024
1,1489,0.46181849126133045
1,1490,0.720383778465224
1,1491,0.5289705266435986
1,1492,0.7079469779566232
1,1493,0.691641959657946
1,1494,0.7624373802141138
1,1495,0.6174833012927099
1,1496,0.787613065847713
1,1497,0.332561344964077
1,1498,0.4974872223134166
1,1499,0.6816038993481642
1,1500,0.5602029567013515
1,1501,0.7089112470568759
1,1502,0.5996327050274588
1,1503,0.5517908925606317
1,1504,0.5126610953630768
1,1505,0.5496714947033754
1,1506,0.6509962676482376
1,1507,0.7367452490371563
1,1508,0.5514908932726156
1,1509,0.6906736024906226
1,1510,0.5222142231601157
1,1511,0.6994659109011764
1,1512,0.6023492596392861
1,1513,0.5736923620082701
1,1514,0.7354268683948982
1,1515,0.494541911848209
1,1516,0.7313032201057401
1,1517,0.6469239515910832
1,1518,0.6921954449166379
1,1519,0.6228037188394343
1,1520,0.5059670055199117
1,1521,0.4382862970721857
1,1522,0.6676614426731546
1,1523,0.626758815519049
1,1524,0.7097506570517321
1,1525,0.46405516855920975
1,1526,0.639436184906639
1,1527,0.6179432031706723
1,1528,0.5600836247095615
1,1529,0.5709318175547361
1,1530,0.5787264487660739
1,1531,0.6055597760169171
1,1532,0.7051947685150934
1,1533,0.45584570225002174
1,1534,0.4850508009332646
1,1535,0.7165392733126426
1,1536,0.5816189856872725
1,1537,0.4952776893430578
1,1538,0.6954432519070529
1,1539,0.48448840416981687
1,1540,0.5997089691256977
1,1541,0.3544256911067212
1,1542,0.23523367543383106
1,1543,0.23727028123028215
1,1544,0.6250691916342873
1,1545,0.7665951081593834
1,1546,0.7513607508681663
1,1547,0.574723876846375
1,1548,0.5729955068392056
1,1549,0.585867355354511
1,1550,0.6894851423716584
1,1551,0.7555302986920107
1,1552,0.7580554930245725
1,1553,0.43103664952801773
1,1554,0.7360607933296209
1,1555,0.7360961453529259
1,1556,0.6612307071497311
1,1557,0.5905103516070764
1,1558,0.5492959511338821
1,1559,0.43363506010255487
1,1560,0.7098120783214887
1,1561,0.7095531458987452
1,1562,0.3363462099136958
1,1563,0.7616484748363493
1,1564,0.4197029391460625
1,1565,0.4107445925739113
1,1566,0.45470862456007977
1,1567,0.7530013182119631
1,1568,0.6687391952424824
1,1569,0.661538308114101
1,1570,0.6249168761242335
1,1571,0.797653062170918
1,1572,0.805358613499329
1,1573,0.6502726056261007
1,1574,0.3699938459049868
1,1575,0.3842475959984697
1,1576,0.47660071507232593
1,1577,0.480228523749634
1,1578,0.46872920608468677
1,1579,0.6903856803584292
1,1580,0.6348945955811341
1,1581,0.5290847079971693
1,1582,0.5713417355862577
1,1583,0.6684044394216954
1,1584,0.6225497201040268
1,1585,0.5120176438783717
1,1586,0.717742813799086
1,1587,0.8287054610032957
1,1588,0.7735241931775623
1,1589,0.5136325822867439
1,1590,0.6535241641606688
1,1591,0.8166955460833311
1,1592,0.43458613255905104
1,1593,0.4958150218152653
1,1594,0.6436431020869646
1,1595,0.6366714466553848
1,1596,0.5009728684739472
1,1597,0.6617438958842591
1,1598,0.7248052815521528
1,1599,0.43518475767856274
1,1600,0.6602007874274646
1,1601,0.4854793551893392
1,1602,0.7192099870259839
1,1603,0.6028457847656553
1,1604,0.5903626984973644
1,1605,0.5513903330396474
1,1606,0.6557718941697878
1,1607,0.6189391645066714
1,1608,0.6590966909047771
1,1609,0.5550733182723232
1,1610,0.6502816628098649
1,1611,0.5206825213153492
1,1612,0.6708675957433644
1,1613,0.5745153305719889
1,1614,0.5813906383929012
1,1615,0.46022850531018883
1,1616,0.5279794297739268
1,1617,0.6299974792137465
1,1618,0.5545240625554076
1,1619,0.5576983539400171
1,1620,0.5456134755643733
1,1621,0.7295121251880002
1,1622,0.40161252427180283
1,1623,0.6580270528588619
1,1624,0.6912175197025752
1,1625,0.5742081550037159
1,1626,0.5211940478691596
1,1627,0.663585455555526
1,1628,0.8178956429034486
1,1629,0.5740177900453991
1,1630,0.5136479891790929
1,1631,0.5686110486571095
1,1632,0.6912965968906952
1,1633,0.47352826842180745
1,1634,0.6261518659694433
1,1635,0.651151179113445
1,1636,0.6317798047532666
1,1637,0.5527493901751334
1,1638,0.600826030870626
1,1639,0.5144028504745929
1,1640,0.32717723297229007
1,1641,0.6841725131902165
1,1642,0.6065163443736193
1,1643,0.6751335487119254
1,1644,0.602926294262507
1,1645,0.5717784097254703
1,1646,0.5330867271342153
1,1647,0.4170731748836816
1,1648,0.7315056997491601
1,1649,0.6208527716032052
1,1650,0.5679091449733539
1,1651,0.6898642538906629
1,1652,0.5952653091780821
1,1653,0.5718542538811289
1,1654,0.5319574114100538
1,1655,0.553889252762173
1,1656,0.6564851994129082
1,1657,0.5586974474353287
1,1658,0.8745035073852778
1,1659,0.30531206931927046
1,1660,0.7887392362895127
1,1661,0.674200098567802
1,1662,0.46561145692224226
1,1663,0.6458014135044715
1,1664,0.6641615078530613
1,1665,0.7644611556004488
1,1666,0.6267597247000803
1,1667,0.5558853081456933
1,1668,0.7411725684018587
1,1669,0.6484604946930471
1,1670,0.5613207714332951
1,1671,0.6332549102808162
1,1672,0.5521945022864323
1,1673,0.53675250333938
1,1674,0.5496405012683989
1,1675,0.5895666901029125
1,1676,0.5946049137688892
1,1677,0.5844601449700237
1,1678,0.4454253026765197
1,1679,0.4544787561973081
1,1680,0.6036958087917631
1,1681,0.632487486265781
1,1682,0.6868810457422206
1,1683,0.5165142433465717
1,1684,0.6495509836777801
1,1685,0.6735991819792971
1,1686,0.6155236004873014
1,1687,0.563108192650863
1,1688,0.6711269863964463
1,1689,0.5265247657566107
1,1690,0.5403659083862652
1,1691,0.6519197778283181
1,1692,0.5367890146206126
1,1693,0.7312139520008384
1,1694,0.7388243200786757
1,1695,0.7574509092790633
1,1696,0.712051917408645
1,1697,0.7160779956110074
1,1698,0.6769897789387174
1,1699,0.5617330502588916
1,1700,0.6673200728119819
1,1701,0.6395385381958867
1,1702,0.6239494248272891
1,1703,0.6172301355466233
1,1704,0.6386472157039097
1,1705,0.5901240430734179
1,1706,0.6258748966886343
1,1707,0.6704584595043971
1,1708,0.7511009550336775
1,1709,0.5755230383551883
1,1710,0.5443386066860895
1,1711,0.556236599396843
1,1712,0.5921638614408016
1,1713,0.5648893621643213
1,1714,0.6134749428311672
1,1715,0.6110962314761442
1,1716,0.560332905211057
1,1717,0.5198019047649163
1,1718,0.7052694608964021
1,1719,0.6190347683380978
1,1720,0.5984222982960183
1,1721,0.5269224523541562
1,1722,0.8611366443051097
1,1723,0.8869510128749732
1,1724,0.8339684121656754
1,1725,0.40291722109003475
1,1726,0.6444491197818422
1,1727,0.47629184947710707
1,1728,0.7074933368907852
1,1729,0.5592371959978811
1,1730,0.6595940925379837
1,1731,0.5170148770619626
1,1732,0.8911349151772666
1,1733,0.8839400306967835
1,1734,0.4969883372914116
1,1735,0.5788710180007698
1,1736,0.6228927439312634
1,1737,0.6901261516456662
1,1738,0.5075956149053934
1,1739,0.7520041403313631
1,1740,0.385956546573806
1,1741,0.761942369619569
1,1742,0.5289251364944688
1,1743,0.6434642947952025
1,1744,0.596598723424529
1,1745,0.5723582595447569
1,1746,0.690033125088899
1,1747,0.4983085357403416
1,1748,0.6983950473031452
1,1749,0.6435758786895561
1,1750,0.5087156243465035
1,1751,0.6507552811633213
1,1752,0.55278034365841
1,1753,0.5594302378032145
1,1754,0.6608437322496306
1,1755,0.4352983841290394
1,1756,0.8264642552170207
1,1757,0.6780639564284566
1,1758,0.6053194364689157
1,1759,0.6150785651646757
1,1760,0.6115669667015523
1,1761,0.5660510702509511
1,1762,0.5480026976485396
1,1763,0.5709775789083122
1,1764,0.5422103213732604
1,1765,0.698200400411956
1,1766,0.41264541451027753
1,1767,0.571663561805834
1,1768,0.5867934319177945
1,1769,0.6094098849044434
1,1770,0.5377909222870664
1,1771,0.5489965850917138
1,1772,0.6816854472210193
1,1773,0.2820358481857892
1,1774,0.835488582892571
1,1775,0.5308708883343064
1,1776,0.6182762819519951
1,1777,0.4997292453319295
1,1778,0.5615131929949579
1,1779,0.6873457904307863
1,1780,0.5920591908849131
1,1781,0.5725201930501949
1,1782,0.24758105712905867
1,1783,0.8173089230836
1,1784,0.5124303208611551
1,1785,0.4981302436486848
1,1786,0.5857393884274394
1,1787,0.5647021689983711
1,1788,0.6751770060314103
1,1789,0.449631477924072
1,1790,0.6718400501668504
1,1791,0.6696755675110609
1,1792,0.4774120199494928
1,1793,0.7278337130066513
1,1794,0.527601902207903
1,1795,0.5644496448727963
1,1796,0.6588605537555925
1,1797,0.6639035721303619
1,1798,0.5459372460396263
1,1799,0.6619887233727213
1,1800,0.4919289172585037
1,1801,0.7895345947794004
1,1802,0.3876432698124406
1,1803,0.8551303644390293
1,1804,0.8197580909091905
1,1805,0.5861166648806969
1,1806,0.6136532350151848
1,1807,0.6394448034776093
1,1808,0.6540392784344042
1,1809,0.7233828821415468
1,1810,0.5704033650019251
1,1811,0.43226581251329604
1,1812,0.5647547452843628
1,1813,0.5553416476006013
1,1814,0.6382794922976139
1,1815,0.5042880459107845
1,1816,0.6613733712118406
1,1817,0.5543717413395858
1,1818,0.4996744509805484
1,1819,0.7720320693789816
1,1820,0.40996406311917605
1,1821,0.7690112958887161
1,1822,0.41798730821488195
1,1823,0.5895198181770673
1,1824,0.4408531136000108
1,1825,0.6585756733326223
1,1826,0.48561240249629284
1,1827,0.5248326435114207
1,1828,0.7102583748880088
1,1829,0.5969766166621898
1,1830,0.5166011581471248
1,1831,0.5240825023821812
1,1832,0.5829976307028285
1,1833,0.3507140473271016
1,1834,0.7625456787069378
1,1835,0.6722873847929652
1,1836,0.5424697373174281
1,1837,0.5909568578419185
1,1838,0.6612954340406367
1,1839,0.7003190533841125
1,1840,0.7186031034430639
1,1841,0.6479245022854434
1,1842,0.44393864000032507
1,1843,0.7561028352354124
1,1844,0.43316052639035946
1,1845,0.4854814975552658
1,1846,0.32227425195069986
1,1847,0.35174755266656804
1,1848,0.6419768742864992
1,1849,0.39510389636781434
1,1850,0.6236764291751912
1,1851,0.5336041998382066
1,1852,0.6434033752496338
1,1853,0.59474034574264
1,1854,0.6840573436346065
1,1855,0.5157262251838062
1,1856,0.7244151977618487
1,1857,0.6108088783727531
1,1858,0.64263280804788
1,1859,0.5943984734315586
1,1860,0.5508010890252981
1,1861,0.4823055294312698
1,1862,0.6739522813673059
1,1863,0.720260658257542
1,1864,0.5269262912715236
1,1865,0.7533954111845981
1,1866,0.7077421926883755
1,1867,0.6770706107677206
1,1868,0.7057161486200544
1,1869,0.38489373784354225
1,1870,0.7798716787245844
1,1871,0.7736166962430038
1,1872,0.46952590869993466
1,1873,0.6984752496643596
1,1874,0.46581143661038654
1,1875,0.8309665083540296
1,1876,0.7758385601648764
1,1877,0.3583339234159991
1,1878,0.8088069746826578
1,1879,0.42592474481872145
1,1880,0.3299404400508736
1,1881,0.4574036488594507
1,1882,0.3620499697365796
1,1883,0.7619113302079915
1,1884,0.4648697301430356
1,1885,0.4581385300447753
1,1886,0.5484253428773718
1,1887,0.5932399254232521
1,1888,0.6620735477355274
1,1889,0.7301809413343094
1,1890,0.7691492438547921
1,1891,0.7488400843382235
1,1892,0.8176317607188213
1,1893,0.7957647392206446
1,1894,0.771092174139085
1,1895,0.652185578711833
1,1896,0.5789699120108085
1,1897,0.5011416594921955
1,1898,0.4628282339436663
1,1899,0.5809501563695754
1,1900,0.6022567213167485
1,1901,0.5784849798233611
1,1902,0.5845321581823256
1,1903,0.6560810253884868
1,1904,0.5405852416522989
1,1905,0.511013438000734
1,1906,0.19070137814594207
1,1907,0.7913639604550519
1,1908,0.6875558182712141
1,1909,0.565034252694651
1,1910,0.581495297334589
1,1911,0.5570733134846698
1,1912,0.6164865228071227
1,1913,0.5842630617368549
1,1914,0.7569010309514296
1,1915,0.347064288910759
1,1916,0.5920481179062356
1,1917,0.6743055449527354
1,1918,0.6984134613226188
1,1919,0.511216278608229
1,1920,0.6504641007964062
1,1921,0.7028449135595402
1,1922,0.6852496070141664
1,1923,0.47762123965161196
1,1924,0.4104902234839718
1,1925,0.5435422223347449
1,1926,0.7429934829012333
1,1927,0.6440251307275651
1,1928,0.6614375006887981
1,1929,0.6663897808437266
1,1930,0.5146786797647049
1,1931,0.7530295278802438
1,1932,0.7408203527582389
1,1933,0.4268814489782428
1,1934,0.6750240627373554
1,1935,0.5456734144144424
1,1936,0.6883286444677007
1,1937,0.660653763455014
1,1938,0.7074444715212443
1,1939,0.42764480653314496
1,1940,0.6612995111228746
1,1941,0.4434621461482494
1,1942,0.44091824859775897
1,1943,0.6707137091125622
1,1944,0.6893181485248844
1,1945,0.44510621653319954
1,1946,0.7177766970436912
1,1947,0.43211823314491
1,1948,0.7355977317854601
1,1949,0.7869706681675245
1,1950,0.3209407794220578
1,1951,0.6175864541112411
1,1952,0.37372750996706317
1,1953,0.47620425747307166
1,1954,0.6425173422786314
1,1955,0.6487746502986851
1,1956,0.7296768014926978
1,1957,0.5702178176773447
1,1958,0.6767487471694754
1,1959,0.4724967265620051
1,1960,0.5979996728306672
1,1961,0.6973902190258512
1,1962,0.6244543945204081
1,1963,0.5530627725873717
1,1964,0.5777818668513678
1,1965,0.7541307451775884
1,1966,0.4264097614054706
1,1967,0.4921645257717518
1,1968,0.7034180470566689
1,1969,0.5242741839342816
1,1970,0.6591174863952908
1,1971,0.6338491109254075
1,1972,0.620610183273389
1,1973,0.5577155265650502
1,1974,0.6389133305408018
1,1975,0.6265960846719749
1,1976,0.511653304031481
1,1977,0.6203926775453577
1,1978,0.6311714657248244
1,1979,0.5904875127764057
1,1980,0.6311060306774577
1,1981,0.5795462732789401
1,1982,0.6137604505886438
1,1983,0.3992551495050605
1,1984,0.5125239512356553
1,1985,0.5905049140121555
1,1986,0.575498044824782
1,1987,0.7737750171864025
1,1988,0.37740561794373506
1,1989,0.7307225544328851
1,1990,0.52188733297972
1,1991,0.4134849871321612
1,1992,0.2993220718711289
1,1993,0.5893315869639669
1,1994,0.5367297146787249
1,1995,0.7545007034907665
1,1996,0.331062354325647
1,1997,0.7944272335978836
1,1998,0.6666123620147535
1,1999,0.7207580412317297
1,2000,0.6448854425214525
1,2001,0.5698850477739952
1,2002,0.658536136763965
1,2003,0.62143800736006
1,2004,0.4865456096358304
1,2005,0.6525530828630977
1,2006,0.3410757320604585
1,2007,0.6374723456506097
1,2008,0.4820059734092356
1,2009,0.5756248437366307
1,2010,0.5597333908188283
1,2011,0.5927099171060276
1,2012,0.5828586613330896
1,2013,0.599248692078683
1,2014,0.6323412383511687
1,2015,0.6836016056168931
1,2016,0.520913347600959
1,2017,0.6771091980180987
1,2018,0.45999128143661533
1,2019,0.4448871821184207
1,2020,0.43721830033457526
1,2021,0.7703066955665564
1,2022,0.5298356160018529
1,2023,0.5769583362391377
1,2024,0.6350309378508856
1,2025,0.6043739366398015
1,2026,0.5991486504311407
1,2027,0.5366151790796879
1,2028,0.574405524394717
1,2029,0.4749773196398579
1,2030,0.5364286576039196
1,2031,0.538790832583693
1,2032,0.4831427579341469
1,2033,0.44737889994660746
1,2034,0.7566362873557703
1,2035,0.4153395317470229
1,2036,0.5930827709407842
1,2037,0.43893262568485597
1,2038,0.49045779995168937
1,2039,0.4465771524189947
1,2040,0.431365670148157
1,2041,0.672564340357241
1,2042,0.4836706219527713
1,2043,0.46922732866704336
1,2044,0.42975038299344004
1,2045,0.6370198486187244
1,2046,0.47504674709737776
1,2047,0.6998986215158921
1,2048,0.54606048691484
1,2049,0.7044966292040677
1,2050,0.5730799159216929
1,2051,0.5541893063175473
1,2052,0.6089327424301276
1,2053,0.672532819785307
1,2054,0.6800521349802523
1,2055,0.5226133336881098
1,2056,0.6138838612343924
1,2057,0.6068987588705714
1,2058,0.5067520451232159
1,2059,0.532177132199203
1,2060,0.5542015919250823
1,2061,0.593775738508797
1,2062,0.6006984846775855
1,2063,0.6780831262800691
1,2064,0.6509144904190807
1,2065,0.5350433789309955
1,2066,0.41312309629588256
1,2067,0.6115467477264495
1,2068,0.7335506616348272
1,2069,0.5275043075305722
1,2070,0.5013834881342865
1,2071,0.5605102773109466
1,2072,0.6537866895716808
1,2073,0.5809552176481956
1,2074,0.6542449752269961
1,2075,0.5316007856246107
1,2076,0.5669347727480971
1,2077,0.29372433900968187
1,2078,0.8186578826968826
1,2079,0.2900774406517903
1,2080,0.7150150507107661
1,2081,0.8674581673473712
1,2082,0.6569384248336074
1,2083,0.5918130964392472
1,2084,0.6120951834556495
1,2085,0.6405494639109811
1,2086,0.7116696520303963
1,2087,0.43556503088598997
1,2088,0.5380437981189484
1,2089,0.65934213713987
1,2090,0.6369498203197531
1,2091,0.5881153027266997
1,2092,0.5881153027266997
1,2093,0.6725842883494875
1,2094,0.6472707594985455
1,2095,0.8197962165967315
1,2096,0.32718447401824247
1,2097,0.43257046854202297
1,2098,0.33467416496393787
1,2099,0.2750624817438982
1,2100,0.6612954728073283
1,2101,0.7130817113954866
1,2102,0.5405595249098512
1,2103,0.7242965360962238
1,2104,0.4830842297109941
1,2105,0.5438642023453429
1,2106,0.540611074046313
1,2107,0.6998268833986893
1,2108,0.6719924949536189
1,2109,0.6719924949536189
1,2110,0.5719469299601879
1,2111,0.7301866856974316
1,2112,0.5728110243979717
1,2113,0.6862900826888848
1,2114,0.6397579068267732
1,2115,0.7553659853042073
1,2116,0.7394247711153645
1,2117,0.7232321996757145
1,2118,0.8213966160490485
1,2119,0.4943916833202979
1,2120,0.5137240073792865
1,2121,0.7484643532226687
1,2122,0.507656718710246
1,2123,0.2985952554651346
1,2124,0.38772932936904275
1,2125,0.5058678860377397
1,2126,0.7393671491831415
1,2127,0.7377998133685325
1,2128,0.5659015393311696
1,2129,0.6125243996255275
1,2130,0.6327454962392971
1,2131,0.5957546127240699
1,2132,0.5681899296316979
1,2133,0.5877677782668675
1,2134,0.5966244688677875
1,2135,0.3530455367121963
1,2136,0.6344656772840641
1,2137,0.6129396125680955
1,2138,0.6019675093832187
1,2139,0.7247693666271259
1,2140,0.4414695846986583
1,2141,0.6703022613422204
1,2142,0.5726059401599097
1,2143,0.4660830303516631
1,2144,0.543841055493046
1,2145,0.5580240484954068
1,2146,0.7015657170321025
1,2147,0.4115200496625293
1,2148,0.8726762896492183
1,2149,0.2855480344589598
1,2150,0.8488533872877174
1,2151,0.3308268821535195
1,2152,0.263682904357661
1,2153,0.5793936481370923
1,2154,0.5595203473466955
1,2155,0.6839335552964562
1,2156,0.6350906823810071
1,2157,0.3970790246546016
1,2158,0.7850106226682635
1,2159,0.7523330134527252
1,2160,0.6717395893215901
1,2161,0.5455461267259946
1,2162,0.5901616865558186
1,2163,0.4922781646940562
1,2164,0.6939440838060638
1,2165,0.5400533477096391
1,2166,0.6110902674436527
1,2167,0.5591630225338877
1,2168,0.47911209244324643
1,2169,0.5650714860781842
1,2170,0.6450352372992137
1,2171,0.7060837816969368
1,2172,0.49780285901278887
1,2173,0.5745787783157462
1,2174,0.7944798885161772
1,2175,0.820496330741591
1,2176,0.41209730273821105
1,2177,0.7045022741924996
1,2178,0.7451748608794115
1,2179,0.7192157215703018
1,2180,0.7783253538342527
1,2181,0.46154400017893765
1,2182,0.5270261355439545
1,2183,0.6655324312917361
1,2184,0.6698130802119003
1,2185,0.5913854167704662
1,2186,0.49841206626709444
1,2187,0.7036132918931683
1,2188,0.43908493794204545
1,2189,0.46620350023500007
1,2190,0.7870417312242284
1,2191,0.6380467498716492
1,2192,0.5230371456077167
1,2193,0.6806470480957914
1,2194,0.47093150472555034
1,2195,0.524535961782724
1,2196,0.4224057179299131
1,2197,0.6139059916119227
1,2198,0.5339486306921538
1,2199,0.6018237707959875
1,2200,0.6803704177416958
1,2201,0.5114179308743592
1,2202,0.7270427836535132
1,2203,0.47228577833455787
1,2204,0.5907770891523123
1,2205,0.5366447366284357
1,2206,0.313585220056579
1,2207,0.43912787871594794
1,2208,0.6684983108431969
1,2209,0.5529650039810479
1,2210,0.48907115025061243
1,2211,0.753480768176836
1,2212,0.33414767271290124
1,2213,0.8114028334942269
1,2214,0.33850346079717736
1,2215,0.4071316494745608
1,2216,0.636532322953198
1,2217,0.5555898710614965
1,2218,0.5615026460808256
1,2219,0.7110028236542055
1,2220,0.7037066905016522
1,2221,0.3919075799184433
1,2222,0.722168821035644
1,2223,0.6950251420056283
1,2224,0.4900893914354481
1,2225,0.6324809657102458
1,2226,0.7537668914528723
1,2227,0.7366493232615603
1,2228,0.48181512141164334
1,2229,0.43716333711975425
1,2230,0.5522452303922296
1,2231,0.6345457906927118
1,2232,0.4916810986723994
1,2233,0.5441187037308336
1,2234,0.355369458252399
1,2235,0.23296197622546494
1,2236,0.8698455500272387
1,2237,0.8214719488040009
1,2238,0.8360929773923131
1,2239,0.2952757551930875
1,2240,0.755549737911163
1,2241,0.4718468842682387
1,2242,0.36909431770228524
1,2243,0.6056801887528326
1,2244,0.3630048477744107
1,2245,0.6161055150474646
1,2246,0.6135173763416789
1,2247,0.6499873920677778
1,2248,0.6076408434490536
1,2249,0.6380556077201079
1,2250,0.7105249595001054
1,2251,0.6578584057304133
1,2252,0.5261612104207334
1,2253,0.7474312854877964
1,2254,0.35496705653791677
1,2255,0.6246851672508607
1,2256,0.5727878831656165
1,2257,0.633141822563513
1,2258,0.6147790990673863
1,2259,0.8105670200132647
1,2260,0.8394612482071938
1,2261,0.7187998355296795
1,2262,0.7148190288725738
1,2263,0.3997459337155217
1,2264,0.4165747705733899
1,2265,0.3294365047548149
1,2266,0.9163982340740849
1,2267,0.16647393683994013
1,2268,0.22553665249667568
1,2269,0.5029010083409782
1,2270,0.683140537750467
1,2271,0.5980047012076177
1,2272,0.6664133008293798
1,2273,0.6303570425965752
1,2274,0.3601200494214555
1,2275,0.7285617661724046
1,2276,0.7015930865220037
1,2277,0.7236824333564055
1,2278,0.7033625215439604
1,2279,0.5559272086162004
1,2280,0.6749954650390287
1,2281,0.7892690170925439
1,2282,0.4668504643052395
1,2283,0.7097089521709029
1,2284,0.37212058180316365
1,2285,0.7836299504832468
1,2286,0.4425447815269917
1,2287,0.42960807193510064
1,2288,0.67780577272155
1,2289,0.5972088278510077
1,2290,0.6370876230315279
1,2291,0.5728094082817337
1,2292,0.7087976128463577
1,2293,0.7245137016633298
1,2294,0.4588695866600032
1,2295,0.6490633144693166
1,2296,0.6353669753898129
1,2297,0.520374984938412
1,2298,0.4123259704542907
1,2299,0.620257796166585
1,2300,0.6669428176440101
1,2301,0.5711795883659184
1,2302,0.6202582005459595
1,2303,0.5622899089056308
1,2304,0.5880619510961644
1,2305,0.5058128985808302
1,2306,0.603879792304829
1,2307,0.4207819765862158
1,2308,0.3368418683847197
1,2309,0.37701600836530763
1,2310,0.7467854655153712
1,2311,0.28549364054327253
1,2312,0.632865143610658
1,2313,0.29406464986064385
1,2314,0.3406171608108225
1,2315,0.5310095213445215
1,2316,0.5641584458700808
1,2317,0.6118305486614849
1,2318,0.48008719112425335
1,2319,0.7132592480588811
1,2320,0.4616470051793507
1,2321,0.539272719318974
1,2322,0.6652192918878972
1,2323,0.49468274006794444
1,2324,0.45185642837208173
1,2325,0.5562359133959193
1,2326,0.6707726384677946
1,2327,0.6286896064211733
1,2328,0.44079973511701187
1,2329,0.5142707807334022
1,2330,0.5069244260888862
1,2331,0.6319952381378756
1,2332,0.5272772075901869
1,2333,0.8005558464251551
1,2334,0.3751010970929306
1,2335,0.4039796186568904
1,2336,0.3434696594525056
1,2337,0.41514588671878794
1,2338,0.4149574995674195
1,2339,0.6811989307144884
1,2340,0.6911572978637044
1,2341,0.4622143099759221
1,2342,0.3094561901997398
1,2343,0.7736920595338548
1,2344,0.3276865401514816
1,2345,0.39960125137257824
1,2346,0.6991293161467711
1,2347,0.774070886746605
1,2348,0.30372347889694884
1,2349,0.3512139400226785
1,2350,0.39841653692321366
1,2351,0.7410115622119609
1,2352,0.4337209848436203
1,2353,0.7203168896850847
1,2354,0.7395260583411631
1,2355,0.7394934008579921
1,2356,0.633351635235373
1,2357,0.5602084436536817
1,2358,0.6441401531743463
1,2359,0.7493023357689853
1,2360,0.7056502436085273
1,2361,0.32852410262714693
1,2362,0.863043538462397
1,2363,0.5747832313100674
1,2364,0.5557776090007505
1,2365,0.590334659582547
1,2366,0.590334659582547
1,2367,0.7210580227971499
1,2368,0.7517030819191463
1,2369,0.4330117277184684
1,2370,0.34496801061781934
1,2371,0.8230575999681411
1,2372,0.645863783000907
1,2373,0.6558315665311878
1,2374,0.7291049759779444
1,2375,0.56998747700445
1,2376,0.6195483131020434
1,2377,0.757537867648616
1,2378,0.6754181950100401
1,2379,0.5195563315247227
1,2380,0.617721093604173
1,2381,0.594673336571955
1,2382,0.428231910386187
1,2383,0.3797659457776438
1,2384,0.4602709116118023
1,2385,0.45973150707220306
1,2386,0.4659768181236625
1,2387,0.5776644858132036
1,2388,0.602733717101742
1,2389,0.5115793370211521
1,2390,0.4259110553500902
1,2391,0.3512445125396631
1,2392,0.6024066632658808
1,2393,0.6601174035370528
1,2394,0.599139222114022
1,2395,0.642249696491004
1,2396,0.43948097850054174
1,2397,0.5680861156156853
1,2398,0.6489116682878844
1,2399,0.5048731356636572
1,2400,0.5846990065717
1,2401,0.6215137199817273
1,2402,0.6550745534479768
1,2403,0.5838901340965519
1,2404,0.6064729112085244
1,2405,0.7150167650603558
1,2406,0.7515631592020696
1,2407,0.5660787864481065
1,2408,0.588989342800609
1,2409,0.7416830405601411
1,2410,0.49932477744313614
1,2411,0.6733493987546926
1,2412,0.5838793148950292
1,2413,0.5868657496166266
1,2414,0.6172891449192468
1,2415,0.732281588915296
1,2416,0.43150975248273454
1,2417,0.5016221387632186
1,2418,0.6462959200611096
1,2419,0.5570546652448544
1,2420,0.6354041954502286
1,2421,0.5558094392875099
1,2422,0.6555014714914015
1,2423,0.4864391547224084
1,2424,0.4335243713810842
1,2425,0.6026948862193955
1,2426,0.6973640995032615
1,2427,0.6351778262810949
1,2428,0.6635215494476931
1,2429,0.5582186757364755
1,2430,0.6008699528975247
1,2431,0.5760427128948585
1,2432,0.7498228890909759
1,2433,0.7559271011741591
1,2434,0.375986416113375
1,2435,0.4778677212761758
1,2436,0.5148658678646382
1,2437,0.6964751180900335
1,2438,0.6527589328735022
1,2439,0.6711952061383708
1,2440,0.4564832243800409
1,2441,0.646811450950482
1,2442,0.5285534549171509
1,2443,0.5940106964875256
1,2444,0.6089997022659317
1,2445,0.47985289150363414
1,2446,0.7116293580443263
1,2447,0.456578059029915
1,2448,0.7012067032711247
1,2449,0.5095790090199231
1,2450,0.5163778358005034
1,2451,0.5920052126723764
1,2452,0.7748053702933121
1,2453,0.6335719285060328
1,2454,0.6268609242399388
1,2455,0.7214109704640245
1,2456,0.5479821853336277
1,2457,0.5227425873624184
1,2458,0.6546641050994773
1,2459,0.7061828892773965
1,2460,0.7856788310360262
1,2461,0.5045426057698489
1,2462,0.5626807458386075
1,2463,0.5617430716765345
1,2464,0.5711170052258459
1,2465,0.6517571309928655
1,2466,0.5266993502830727
1,2467,0.4156019287776736
1,2468,0.5626669135067695
1,2469,0.674591345071763
1,2470,0.6599952815859643
1,2471,0.5606080384085617
1,2472,0.540717693124482
1,2473,0.5233211420685636
1,2474,0.7924172112210439
1,2475,0.7092912137654267
1,2476,0.4146865503428602
1,2477,0.5387041297422916
1,2478,0.614322916282928
1,2479,0.48433001945179266
1,2480,0.7218852332612093
1,2481,0.3848444213664577
1,2482,0.6073239544676767
1,2483,0.7239814620070317
1,2484,0.7050719071013719
1,2485,0.7149087642949273
1,2486,0.6610534297655415
1,2487,0.5290488881027208
1,2488,0.5441914313330793
1,2489,0.6845065960417717
1,2490,0.5089950538661959
1,2491,0.5447116930404935
1,2492,0.4944637635348291
1,2493,0.7006355823783338
1,2494,0.43524674113497624
1,2495,0.5699338904948825
1,2496,0.41108770453365967
1,2497,0.45560074252131866
1,2498,0.5913292500216714
1,2499,0.5825116582910758
1,2500,0.5909216710456814
1,2501,0.7230671166745868
1,2502,0.6193475346235108
1,2503,0.5736086655140166
1,2504,0.6502479561406255
1,2505,0.5748883762561656
1,2506,0.4480415961540751
1,2507,0.5467822042912079
1,2508,0.6300643380983518
1,2509,0.35421921815059165
1,2510,0.7733474833417744
1,2511,0.7077684851401456
1,2512,0.4332081876948423
1,2513,0.7362436329164446
1,2514,0.78175322228784
1,2515,0.8228115227093417
1,2516,0.8068307751591266
1,2517,0.3815140993323977
1,2518,0.37137518891186866
1,2519,0.6470585948967431
1,2520,0.635482875223217
1,2521,0.6720676878212856
1,2522,0.6369216296319015
1,2523,0.6369216296319015
1,2524,0.6928217570635096
1,2525,0.6053407968988848
1,2526,0.5841825343231063
1,2527,0.7236137488168172
1,2528,0.48356704765858655
1,2529,0.5724214509605521
1,2530,0.5523232027411383
1,2531,0.4902329882250705
1,2532,0.6079713325626379
1,2533,0.5818597481342288
1,2534,0.45553073342141037
1,2535,0.6951108868473764
1,2536,0.8122540639341482
1,2537,0.4570920336875718
1,2538,0.8020478639301142
1,2539,0.7707018116083877
1,2540,0.46254362884919237
1,2541,0.7246031668296263
1,2542,0.7156340222828823
1,2543,0.39647697579879043
1,2544,0.5455851943656166
1,2545,0.692233678101159
1,2546,0.5702658022363624
1,2547,0.4973743375695914
1,2548,0.7628645523400691
1,2549,0.6869728633434804
1,2550,0.7195133989635589
1,2551,0.6550530074707084
1,2552,0.7311151585030942
1,2553,0.712033305048644
1,2554,0.36059217221831924
1,2555,0.7902015688743348
1,2556,0.4089804005850621
1,2557,0.6246457589218328
1,2558,0.6232187376330383
1,2559,0.6098047460336479
1,2560,0.5303505176728257
1,2561,0.6460544957153154
1,2562,0.6294933658969573
1,2563,0.6855440803787601
1,2564,0.7133998646126466
1,2565,0.4875607056081875
1,2566,0.5946358122932007
1,2567,0.6328254598911552
1,2568,0.6360483598619465
1,2569,0.5373362559368241
1,2570,0.5542423840326265
1,2571,0.603308862764951
1,2572,0.5175278335491178
1,2573,0.4558851970136778
1,2574,0.4536265690839971
1,2575,0.3792239213379392
1,2576,0.6947979515863051
1,2577,0.6952586907784696
1,2578,0.6254240740265804
1,2579,0.5916322868038287
1,2580,0.598901532935502
1,2581,0.6249016094030073
1,2582,0.5739723716536633
1,2583,0.5833542580188043
1,2584,0.5417347771263635
1,2585,0.6755985915979104
1,2586,0.5167404100152213
1,2587,0.7173592098345812
1,2588,0.4987079360760076
1,2589,0.6994087409684069
1,2590,0.5301443710587166
1,2591,0.510032399358489
1,2592,0.5659614200789734
1,2593,0.534437665757065
1,2594,0.5792381907089398
1,2595,0.5146274237982816
1,2596,0.5475312172167862
1,2597,0.6625172449935425
1,2598,0.5735680067663865
1,2599,0.7118128875399078
1,2600,0.5069813311783982
1,2601,0.6072673417387684
1,2602,0.5153071864086997
1,2603,0.47359899676130424
1,2604,0.6145089460794195
1,2605,0.510092453133799
1,2606,0.7048874925340471
1,2607,0.570566775868709
1,2608,0.702040680535303
1,2609,0.5829228263435499
1,2610,0.5591243788747179
1,2611,0.6099756938668106
1,2612,0.5947580006578891
1,2613,0.6197693565321558
1,2614,0.7459804689265017
1,2615,0.5975303454256023
1,2616,0.192126834005563
1,2617,0.7937532756981045
1,2618,0.2503703056122874
1,2619,0.3946428268319421
1,2620,0.3946028467519376
1,2621,0.8517949621856
1,2622,0.4690803783732147
1,2623,0.6921158943029213
1,2624,0.547679691231107
1,2625,0.6212494098742651
1,2626,0.7441312538126456
1,2627,0.6415594670457387
1,2628,0.5127516450479587
1,2629,0.6744223555757698
1,2630,0.5125398685067797
1,2631,0.6409238368528611
1,2632,0.6483302958470968
1,2633,0.6585612290629634
1,2634,0.6288335334508761
1,2635,0.6102019029704181
1,2636,0.5470292601127021
1,2637,0.6151315366374882
1,2638,0.5175619149465608
1,2639,0.5136540516836543
1,2640,0.6902985883527126
1,2641,0.5817081719334241
1,2642,0.6962786985339475
1,2643,0.6371565113963639
1,2644,0.4004454544527436
1,2645,0.6010599412348926
1,2646,0.5084561245451934
1,2647,0.6122457943459273
1,2648,0.6558292499465701
1,2649,0.6827779904116139
1,2650,0.6981524023245392
1,2651,0.4491125993552202
1,2652,0.7125239565092482
1,2653,0.6431981660195937
1,2654,0.633182880722929
1,2655,0.5097254810270745
1,2656,0.6688329241168037
1,2657,0.47238760371328953
1,2658,0.641961242511578
1,2659,0.5110324480048387
1,2660,0.5786798052321601
1,2661,0.5188184379308723
1,2662,0.30786069889741585
1,2663,0.5496710581359073
1,2664,0.47984295527270177
1,2665,0.5148589556094322
1,2666,0.6121722171508438
1,2667,0.794028443142031
1,2668,0.6024556515325108
1,2669,0.528430786986287
1,2670,0.6662603993796002
1,2671,0.5705278039614697
1,2672,0.5484947286017918
1,2673,0.8507501911654924
1,2674,0.22042714961430646
1,2675,0.8565115754367466
1,2676,0.3767292621695613
1,2677,0.47176119198617744
1,2678,0.7006969803345963
1,2679,0.7482880282006972
1,2680,0.4303096085781224
1,2681,0.3958536543728896
1,2682,0.7518339852116772
1,2683,0.5557330168415934
1,2684,0.55953768291898
1,2685,0.7958560921123543
1,2686,0.8770618565084387
1,2687,0.847008043326229
1,2688,0.44335370931328216
1,2689,0.5316522443806128
1,2690,0.6401294135764725
1,2691,0.6105906786192561
1,2692,0.6833739725028862
1,2693,0.571406067789523
1,2694,0.5590129736720079
1,2695,0.611761764828948
1,2696,0.6034234808788472
1,2697,0.6351082127153032
1,2698,0.5841475377508047
1,2699,0.5762319106527046
1,2700,0.5174920771509726
1,2701,0.4377597471903712
1,2702,0.47762962158773914
1,2703,0.6713996815998527
1,2704,0.6838765230021259
1,2705,0.36909573889980224
1,2706,0.4321727593323563
1,2707,0.4192574761644213
1,2708,0.6372377167303072
1,2709,0.6457899707343056
1,2710,0.6618402642790951
1,2711,0.42036952739098066
1,2712,0.7738466481730296
1,2713,0.3575322430125157
1,2714,0.7476880706933825
1,2715,0.3179188833926851
1,2716,0.49861469215311266
1,2717,0.5038396420684955
1,2718,0.5280312083650421
1,2719,0.5901690412485401
1,2720,0.5860571393371179
1,2721,0.5562341204213965
1,2722,0.5198906345184663
1,2723,0.624288337958366
1,2724,0.4990324527689626
1,2725,0.764380038012121
1,2726,0.7977706104547296
1,2727,0.7638450190646469
1,2728,0.787238222677755
1,2729,0.6860526023750679
1,2730,0.5391944810716929
1,2731,0.7987797684090563
1,2732,0.6048854924708034
1,2733,0.31318393602560807
1,2734,0.7742811472516666
1,2735,0.3900770391523704
1,2736,0.3402440270907281
1,2737,0.7137242353169679
1,2738,0.4901327609032356
1,2739,0.7672006485296463
1,2740,0.5653862158963198
1,2741,0.6713745560650366
1,2742,0.563985161661123
1,2743,0.6082956888378115
1,2744,0.6252556888241847
1,2745,0.5224806438973216
1,2746,0.5229700747226264
1,2747,0.4911972440849312
1,2748,0.6290752844989447
1,2749,0.5673866889849642
1,2750,0.5729210916932654
1,2751,0.7299911893287209
1,2752,0.39690527340409726
1,2753,0.5320844541649706
1,2754,0.6672232784550947
1,2755,0.7222021893560834
1,2756,0.6408781835883783
1,2757,0.6115189670483901
1,2758,0.7217450555282031
1,2759,0.49111144718076427
1,2760,0.4887540030037
1,2761,0.5073525480056814
1,2762,0.7039416384396571
1,2763,0.46148471431434757
1,2764,0.6170568609417153
1,2765,0.6804238386529222
1,2766,0.594183793778226
1,2767,0.6915087479913927
1,2768,0.6209093121391476
1,2769,0.5883057574147468
1,2770,0.47550267001263286
1,2771,0.723184777398065
1,2772,0.7511409669220732
1,2773,0.6815972440100367
1,2774,0.5067388984739418
1,2775,0.4407686088289022
1,2776,0.7535100757494252
1,2777,0.7678711587322201
1,2778,0.7645502837500945
1,2779,0.7850570685035929
1,2780,0.6971188307968016
1,2781,0.501704542911484
1,2782,0.7693358390496073
1,2783,0.38481357020244117
1,2784,0.7324794573254569
1,2785,0.7980777981062074
1,2786,0.3434707717069487
1,2787,0.2691480173251279
1,2788,0.6374778610063068
1,2789,0.724404434648652
1,2790,0.6086207338223845
1,2791,0.670257601650673
1,2792,0.38293003604752684
1,2793,0.37981912493149533
1,2794,0.38890085554816034
1,2795,0.441895959244328
1,2796,0.4514896537055467
1,2797,0.5764900978774505
1,2798,0.41173087060783997
1,2799,0.6123412201615285
1,2800,0.43839583326108655
1,2801,0.6208768810972904
1,2802,0.6243952483454798
1,2803,0.30633150870767445
1,2804,0.21446593844533834
1,2805,0.5622339498824005
1,2806,0.33462906711018087
1,2807,0.8105949802632103
1,2808,0.5328601866241153
1,2809,0.6474456279616718
1,2810,0.6314322105843375
1,2811,0.6019560924692602
1,2812,0.6637124642947504
1,2813,0.668541834924747
1,2814,0.5538137402590619
1,2815,0.5021753252970793
1,2816,0.7234788275788807
1,2817,0.724641507756126
1,2818,0.46326819038995604
1,2819,0.43677163180575024
1,2820,0.7083739138540781
1,2821,0.5405022614807352
1,2822,0.5063543179132285
1,2823,0.7405130934770914
1,2824,0.46178373806908046
1,2825,0.7003517721383865
1,2826,0.5295492466541545
1,2827,0.6435255757462408
1,2828,0.5795922122370369
1,2829,0.5819691164303714
1,2830,0.5819691164303714
1,2831,0.7203291135354104
1,2832,0.7935688929754294
1,2833,0.6880058653025793
1,2834,0.5986881404577091
1,2835,0.6456479214328001
1,2836,0.6697443343368776
1,2837,0.6240689926787343
1,2838,0.6145318310013055
1,2839,0.5557318739563095
1,2840,0.5826503307300565
1,2841,0.542794070509769
1,2842,0.5557194143829758
1,2843,0.7029129774717822
1,2844,0.6896194130718516
1,2845,0.46745403427585364
1,2846,0.6681563298408444
1,2847,0.5371139120007727
1,2848,0.5965878624939728
1,2849,0.6098253742011062
1,2850,0.6383707446264427
1,2851,0.6337476655678727
1,2852,0.5461402496603369
1,2853,0.7004033244742062
1,2854,0.6618049678273775
1,2855,0.5769323009526414
1,2856,0.4601985721448614
1,2857,0.8079872974594824
1,2858,0.48651336563033476
1,2859,0.6346255965900091
1,2860,0.5910272132688827
1,2861,0.6987476747257917
1,2862,0.2841658831261683
1,2863,0.5621298928345568
1,2864,0.5922115122297501
1,2865,0.5918482868376964
1,2866,0.5555014756853098
1,2867,0.607887854230159
1,2868,0.6330665526271685
1,2869,0.594187758448862
1,2870,0.5813126446805634
1,2871,0.7417891743417234
1,2872,0.7066593384034832
1,2873,0.5174768712538316
1,2874,0.6297820188423159
1,2875,0.6136895969857333
1,2876,0.6057357711291824
1,2877,0.6203020381317081
1,2878,0.7166484676124926
1,2879,0.5984384188305005
1,2880,0.45795570434248223
1,2881,0.6764938564802437
1,2882,0.6756428596094196
1,2883,0.45678561477815527
1,2884,0.6372368459633276
1,2885,0.6563666989202029
1,2886,0.6355511383819765
1,2887,0.5202698949024284
1,2888,0.7209337207872376
1,2889,0.5292072731675108
1,2890,0.596205065855404
1,2891,0.6544010302135439
1,2892,0.4810423984832676
1,2893,0.5748289347673229
1,2894,0.6536911632072587
1,2895,0.5905315260395548
1,2896,0.5789606997051194
1,2897,0.46601986416171526
1,2898,0.6950812610324997
1,2899,0.4364054485635535
1,2900,0.7072557925800841
1,2901,0.5646387468928811
1,2902,0.6411492668429898
1,2903,0.44765493625894065
1,2904,0.4683581441642076
1,2905,0.48446571374492076
1,2906,0.48446571374492076
1,2907,0.5917434701905533
1,2908,0.763995513727228
1,2909,0.7711641137172763
1,2910,0.47049293856372254
1,2911,0.6587280609344364
1,2912,0.6011907606337769
1,2913,0.6052387321679025
1,2914,0.621784776612519
1,2915,0.5648767067670436
1,2916,0.6123150894349846
1,2917,0.6927753052617855
1,2918,0.5151127621036653
1,2919,0.5690761655553985
1,2920,0.642251112672448
1,2921,0.4831115265951683
1,2922,0.6526242615945452
1,2923,0.4488445536097531
1,2924,0.4186009431055723
1,2925,0.6753138656188008
1,2926,0.37246464925873557
1,2927,0.5007044197359848
1,2928,0.5812296425129723
1,2929,0.6291139750603312
1,2930,0.6443531386875857
1,2931,0.6008231070535057
1,2932,0.4841295498746633
1,2933,0.29013450598534335
1,2934,0.791337504092382
1,2935,0.41772056537127583
1,2936,0.4526049248635094
1,2937,0.7381753141139069
1,2938,0.718558066884652
1,2939,0.5023047655306184
1,2940,0.7136669340223788
1,2941,0.5656246917945448
1,2942,0.49500815837991613
1,2943,0.6777190056073743
1,2944,0.7026496822566888
1,2945,0.48781859383746656
1,2946,0.6470719896997438
1,2947,0.6590104826878828
1,2948,0.4925222100287754
1,2949,0.4985117401724891
1,2950,0.692487172993282
1,2951,0.7572882878359485
1,2952,0.7551681017040731
1,2953,0.5590347884350565
1,2954,0.5142392837408928
1,2955,0.7010850767084925
1,2956,0.6295934914847273
1,2957,0.6256617039706399
1,2958,0.5906623638160577
1,2959,0.48638547288889383
1,2960,0.6215413690220704
1,2961,0.6022696598511249
1,2962,0.6960931183220873
1,2963,0.664734960303271
1,2964,0.7843713058871734
1,2965,0.857975746593628
1,2966,0.8553839285730005
1,2967,0.417472629987978
1,2968,0.5196258482255829
1,2969,0.47057926721624876
1,2970,0.4550094400135326
1,2971,0.5633820423929502
1,2972,0.7228059572146607
1,2973,0.6884992347724191
1,2974,0.5381800332740111
1,2975,0.47884021785250036
1,2976,0.490824602277149
1,2977,0.6691540446153457
1,2978,0.596447602458006
1,2979,0.6882089529393592
1,2980,0.6488658849690437
1,2981,0.5917296918714158
1,2982,0.6052767294708685
1,2983,0.7159129750642259
1,2984,0.6741620648850168
1,2985,0.5928622874248118
1,2986,0.5147205699272147
1,2987,0.5516727309637068
1,2988,0.6304310341376457
1,2989,0.5641175393112927
1,2990,0.4781633861125021
1,2991,0.7472594298481746
1,2992,0.35039700148117564
1,2993,0.7514596623966504
1,2994,0.7309355369758963
1,2995,0.4034936409037081
1,2996,0.7398945779302706
1,2997,0.7176867394885217
1,2998,0.6247511071383407
1,2999,0.7567061419856841
1,3000,0.7930606949047888
1,3001,0.8891361885556553
1,3002,0.6395643560928355
1,3003,0.6420094403787651
1,3004,0.5558591277540508
1,3005,0.6591074624987485
1,3006,0.5370129169644412
1,3007,0.5828960110832421
1,3008,0.5840529536469748
1,3009,0.5626789331530777
1,3010,0.847684136246266
1,3011,0.33104933749008714
1,3012,0.38058088519618405
1,3013,0.5009904049490572
1,3014,0.39999574148108813
1,3015,0.7627552032649052
1,3016,0.5442191232531194
1,3017,0.48781120031973063
1,3018,0.5399935203427211
1,3019,0.46026513458721974
1,3020,0.5398634046275279
1,3021,0.50638833931681
1,3022,0.748021067721415
1,3023,0.6499321916770693
1,3024,0.362830672088342
1,3025,0.6559431887892577
1,3026,0.5424961407264687
1,3027,0.5247678101045739
1,3028,0.26424523219338264
1,3029,0.5001718066210211
1,3030,0.5938925969707504
1,3031,0.9253674023996108
1,3032,0.8710787469727201
1,3033,0.6745556083336518
1,3034,0.7231983905634884
1,3035,0.4237394298579843
1,3036,0.49685739088840863
1,3037,0.4759827802690092
1,3038,0.6018952756799445
1,3039,0.7174509289919816
1,3040,0.6954524377245652
1,3041,0.6464348519116984
1,3042,0.49065777219036794
1,3043,0.6703374019847494
1,3044,0.5171100097210022
1,3045,0.4835611230486969
1,3046,0.5125821687318979
1,3047,0.731537534162287
1,3048,0.3897086440690323
1,3049,0.6735117539232627
1,3050,0.6960090687458762
1,3051,0.6227457371331367
1,3052,0.5857078354954064
1,3053,0.549680211033223
1,3054,0.5612479558661532
1,3055,0.4904840587318437
1,3056,0.4533876812570363
1,3057,0.43050754525315177
1,3058,0.5365303959695582
1,3059,0.6657125903490194
1,3060,0.6981252844450426
1,3061,0.46811235818430164
1,3062,0.49706305222235925
1,3063,0.5251019148621824
1,3064,0.5915109024297632
1,3065,0.6494407831876787
1,3066,0.6168029034577414
1,3067,0.5909883753057462
1,3068,0.7572465975936898
1,3069,0.5373861887706859
1,3070,0.5733368943021504
1,3071,0.6896798962507392
1,3072,0.6226770864219161
1,3073,0.4619150639692129
1,3074,0.4753631209039627
1,3075,0.3763068079821154
1,3076,0.7685824380480104
1,3077,0.4932363184345271
1,3078,0.6573942549365528
1,3079,0.7098116831924628
1,3080,0.3394229669484223
1,3081,0.8150350357177827
1,3082,0.3306771770653467
1,3083,0.817163584738486
1,3084,0.26112962619597524
1,3085,0.7213075286664026
1,3086,0.5930328404138181
1,3087,0.695850465410658
1,3088,0.5877576402308482
1,3089,0.7293817845804919
1,3090,0.4663154750864863
1,3091,0.5833118477063001
1,3092,0.5676362775098289
1,3093,0.6820360625328658
1,3094,0.46496497395510805
1,3095,0.5419534477538287
1,3096,0.6600860352886484
1,3097,0.49548179268270365
1,3098,0.5773237484803078
1,3099,0.48300074486492767
1,3100,0.6834978203272872
1,3101,0.5643839157908859
1,3102,0.6046004934582224
1,3103,0.5140129932745521
1,3104,0.6638577708245383
1,3105,0.5350236326187922
1,3106,0.3892865997470834
1,3107,0.5874456360590032
1,3108,0.4318542196487037
1,3109,0.6547370885638392
1,3110,0.6029494985291209
1,3111,0.5514350556361762
1,3112,0.5329114698043315
1,3113,0.5683466596061625
1,3114,0.7158131946732547
1,3115,0.6979813031745971
1,3116,0.4957788107853584
1,3117,0.7857352012552103
1,3118,0.787898611695198
1,3119,0.49719657142387946
1,3120,0.6941715772422324
1,3121,0.5039815110283944
1,3122,0.5849559848755753
1,3123,0.5306078590652697
1,3124,0.6305005744981688
1,3125,0.5042336554437985
1,3126,0.7332034522038426
1,3127,0.5373176816978625
1,3128,0.5373176816978625
1,3129,0.708826716003026
1,3130,0.7262528004170392
1,3131,0.5157217347158658
1,3132,0.6645522213869857
1,3133,0.6359214868568803
1,3134,0.7133093905181511
1,3135,0.5801525701971122
1,3136,0.5654884568232688
1,3137,0.6378875660874846
1,3138,0.590897762937832
1,3139,0.4438196584887361
1,3140,0.736957153902457
1,3141,0.7204671742798133
1,3142,0.6257410857771016
1,3143,0.5402698564794292
1,3144,0.7171137105999137
1,3145,0.4615873715742268
1,3146,0.4250689542745641
1,3147,0.5671671571735907
1,3148,0.6335371817784645
1,3149,0.6801314214347733
1,3150,0.6279375732123819
1,3151,0.49606836551006767
1,3152,0.7013297261016996
1,3153,0.4666027236468798
1,3154,0.5767078427256929
1,3155,0.5830021560749331
1,3156,0.6017785135704063
1,3157,0.5813517607274205
1,3158,0.5991557633702335
1,3159,0.6258427987704185
1,3160,0.573934311948818
1,3161,0.6777914349186751
1,3162,0.6678019620089252
1,3163,0.5384739551414187
1,3164,0.638874748636587
1,3165,0.6234839669206754
1,3166,0.5880647338662073
1,3167,0.5132190718054862
1,3168,0.6424648278541336
1,3169,0.6199421973818422
1,3170,0.7231212944906902
1,3171,0.460704640087599
1,3172,0.7385048824250345
1,3173,0.4029553565264107
1,3174,0.7679941031796038
1,3175,0.7245823636658808
1,3176,0.44201555935954406
1,3177,0.5603383210827152
1,3178,0.7001225386593164
1,3179,0.48200635309897283
1,3180,0.48561654356886974
1,3181,0.5102100551707397
1,3182,0.528816546474835
1,3183,0.5376192541716909
1,3184,0.5262406963170514
1,3185,0.6044798276390903
1,3186,0.5782663780375669
1,3187,0.5881930183504065
1,3188,0.6577302775097181
1,3189,0.7251689228041
1,3190,0.746757622315394
1,3191,0.6948959638197862
1,3192,0.5337322001873385
1,3193,0.5463489979475759
1,3194,0.5913351419977931
1,3195,0.49974752268673067
1,3196,0.5800685458397012
1,3197,0.6129861488129853
1,3198,0.49449154569039455
1,3199,0.7818913411622563
1,3200,0.3407026899740995
1,3201,0.8108753861029943
1,3202,0.5081294490087306
1,3203,0.6578466840528202
1,3204,0.5155854472269689
1,3205,0.3469106765143846
1,3206,0.5588239555354685
1,3207,0.5649718224163551
1,3208,0.42616795947936875
1,3209,0.6051700966488618
1,3210,0.6296304913079539
1,3211,0.4560564165779098
1,3212,0.6895269875518225
1,3213,0.5186545561476527
1,3214,0.49620686577315143
1,3215,0.8590964193188783
1,3216,0.7113637153647089
1,3217,0.49545896639309916
1,3218,0.6714646120728448
1,3219,0.6798284292683859
1,3220,0.5356211465470752
1,3221,0.6249416751367479
1,3222,0.5571462818850113
1,3223,0.6474284872838911
1,3224,0.5313646783685105
1,3225,0.5637408233957977
1,3226,0.6251970809241589
1,3227,0.5668480870191175
1,3228,0.565054903652326
1,3229,0.5701299538839881
1,3230,0.5625087653438255
1,3231,0.5057676521508883
1,3232,0.5997185873108113
1,3233,0.7986004968243674
1,3234,0.7503330694606954
1,3235,0.2675285107675061
1,3236,0.2675285107675061
1,3237,0.4613397679559167
1,3238,0.46658852283058533
1,3239,0.5085694989473101
1,3240,0.694301999349224
1,3241,0.555935479908676
1,3242,0.7110623495980669
1,3243,0.7904414658847717
1,3244,0.6299954008347141
1,3245,0.4494350834925125
1,3246,0.6766518968966808
1,3247,0.5131639164488271
1,3248,0.5170351943134209
1,3249,0.6591208448733276
1,3250,0.4586676412840147
1,3251,0.5133808738112726
1,3252,0.41378313250649396
1,3253,0.3229601033384658
1,3254,0.5353847473449064
1,3255,0.7477378763569354
1,3256,0.8158414752599926
1,3257,0.9070535733664387
1,3258,0.8471425297528291
1,3259,0.45464672654937405
1,3260,0.44905686235099973
1,3261,0.6105128036186465
1,3262,0.6554341442463468
1,3263,0.632573608608328
1,3264,0.5210224581885426
1,3265,0.6962909690348492
1,3266,0.2950873630746907
1,3267,0.6099655356938176
1,3268,0.7307361513036343
1,3269,0.5522250220528805
1,3270,0.49297005848848696
1,3271,0.4349703186911118
1,3272,0.7231617514378077
1,3273,0.7362411586206511
1,3274,0.7162480394630263
1,3275,0.6632335652311497
1,3276,0.7265617743090697
1,3277,0.5081805583168003
1,3278,0.6888690037506086
1,3279,0.5644572484771088
1,3280,0.7068807192154358
1,3281,0.5739434265847162
1,3282,0.41556771882713167
1,3283,0.6007756897540453
1,3284,0.4680667963239456
1,3285,0.665029144839603
1,3286,0.6524210461864811
1,3287,0.6450869108512192
1,3288,0.4123492287222466
1,3289,0.3728677725567444
1,3290,0.7527083552376812
1,3291,0.6337811874020477
1,3292,0.5636993808410179
1,3293,0.536718322985849
1,3294,0.5217977326080999
1,3295,0.6139972995860505
1,3296,0.5419405945695264
1,3297,0.4825353028164621
1,3298,0.6995051992617538
1,3299,0.8305094383271853
1,3300,0.8131593111002011
1,3301,0.5888132907037095
1,3302,0.6763043251979943
1,3303,0.5613025116609783
1,3304,0.6062823000797323
1,3305,0.7341044966678695
1,3306,0.6822155741262762
1,3307,0.546905389420884
1,3308,0.5420552259087089
1,3309,0.670398432908943
1,3310,0.5529874847257786
1,3311,0.6094012116523744
1,3312,0.7767410990752783
1,3313,0.8172728157844636
1,3314,0.5303198248136021
1,3315,0.5139334408678712
1,3316,0.66974163611056
1,3317,0.6645454530806371
1,3318,0.663635365908303
1,3319,0.5339294601477865
1,3320,0.6407622924362913
1,3321,0.5527545470096106
1,3322,0.6143012499530095
1,3323,0.6194161597168873
1,3324,0.6047386439918496
1,3325,0.47170425770681096
1,3326,0.6427595171046562
1,3327,0.592300836525432
1,3328,0.6177584940950793
1,3329,0.5690473840437935
1,3330,0.676927183587402
1,3331,0.5361116867207746
1,3332,0.7422118665135851
1,3333,0.5754484612935937
1,3334,0.5672975332028402
1,3335,0.6154875240332411
1,3336,0.5573241646486017
1,3337,0.5093970227624944
1,3338,0.4600034826505245
1,3339,0.7810636722275558
1,3340,0.8113078253303576
1,3341,0.774052727123558
1,3342,0.3253653112016255
1,3343,0.8609452003179969
1,3344,0.4890028914238495
1,3345,0.6631923099036259
1,3346,0.6432532536817517
1,3347,0.5094678828407208
1,3348,0.7379948153627264
1,3349,0.4752361435455346
1,3350,0.5662958447554456
1,3351,0.647345546794701
1,3352,0.6930565469850327
1,3353,0.5069158847798313
1,3354,0.8065582495635979
1,3355,0.45151024489613545
1,3356,0.48172296858729585
1,3357,0.5205298586394063
1,3358,0.6549840511041685
1,3359,0.5652391819335558
1,3360,0.573308733713624
1,3361,0.6082062984009007
1,3362,0.4470366220599441
1,3363,0.6197916876884899
1,3364,0.5724368702209873
1,3365,0.6532257012596331
1,3366,0.6266979104527604
1,3367,0.6868145364369657
1,3368,0.6284610766767714
1,3369,0.623677335503317
1,3370,0.5855036894172516
1,3371,0.7166493436316511
1,3372,0.691147284473818
1,3373,0.5105677985041481
1,3374,0.4625918272627986
1,3375,0.40764499983486085
1,3376,0.7360761079410982
1,3377,0.6580312228242644
1,3378,0.4274726483828225
1,3379,0.5209355395093755
1,3380,0.5823523274569251
1,3381,0.37872095457867
1,3382,0.2920507507937231
1,3383,0.699863434702324
1,3384,0.6730651536267828
1,3385,0.760999875639084
1,3386,0.4760563022401575
1,3387,0.7471592687575028
1,3388,0.5685595145436256
1,3389,0.6331944841835538
1,3390,0.614451182538232
1,3391,0.6075088548499921
1,3392,0.6711595187725131
1,3393,0.5163023718785096
1,3394,0.5703626163268631
1,3395,0.6036661496704995
1,3396,0.5669776055959467
1,3397,0.5648359572717301
1,3398,0.5018709143682618
1,3399,0.7576971629618511
1,3400,0.7006115914358367
1,3401,0.48922808842168886
1,3402,0.7183284654888409
1,3403,0.5656958414779023
1,3404,0.5572139649368644
1,3405,0.6087257499599058
1,3406,0.5599884804308058
1,3407,0.41086925414673614
1,3408,0.7357366851639149
1,3409,0.491717782185546
1,3410,0.6535608118293549
1,3411,0.7501937998676566
1,3412,0.6419849432640605
1,3413,0.5367305570234734
1,3414,0.6329152660602727
1,3415,0.698610105272026
1,3416,0.31457221845207145
1,3417,0.631014801537796
1,3418,0.5557996707224221
1,3419,0.6336769860747014
1,3420,0.5520842639882031
1,3421,0.7514541665477229
1,3422,0.4715171454226525
1,3423,0.7097183952367117
1,3424,0.5871555717628301
1,3425,0.42604801316521607
1,3426,0.4439870094496006
1,3427,0.49338833392843373
1,3428,0.49507048867015446
1,3429,0.602891307514271
1,3430,0.4103793940388787
1,3431,0.6447250226217002
1,3432,0.4552553664208778
1,3433,0.440089452660881
1,3434,0.7447124708029922
1,3435,0.4536991113444894
1,3436,0.5848137427421779
1,3437,0.41383315519514563
1,3438,0.634139809642722
1,3439,0.5343538474896515
1,3440,0.7496737905619599
1,3441,0.7357467928858428
1,3442,0.4383900448859679
1,3443,0.3609675467396468
1,3444,0.3856889359247429
1,3445,0.6740993065895913
1,3446,0.8422197195923399
1,3447,0.22780957159527307
1,3448,0.6755011032361474
1,3449,0.6222188620235874
1,3450,0.45301407822579204
1,3451,0.6948482420957652
1,3452,0.7708407640171935
1,3453,0.7613347299788399
1,3454,0.7095216332957537
1,3455,0.49866936906825615
1,3456,0.6430035741215396
1,3457,0.6430035741215396
1,3458,0.7556575360543303
1,3459,0.43564393887678254
1,3460,0.5452212128047099
1,3461,0.6436337707881913
1,3462,0.7271231520517853
1,3463,0.508307663689381
1,3464,0.6911979568867295
1,3465,0.6225229719463468
1,3466,0.48381805568786623
1,3467,0.6503007872478077
1,3468,0.649857952378094
1,3469,0.27632140200833455
1,3470,0.7951329276856367
1,3471,0.36993459748980817
1,3472,0.5889753587353328
1,3473,0.6340821823393837
1,3474,0.6205910357641943
1,3475,0.6870317180949318
1,3476,0.5555823250252573
1,3477,0.7002865947837728
1,3478,0.615358675168057
1,3479,0.56726655390258
1,3480,0.6782453570980981
1,3481,0.6329844307532954
1,3482,0.5290033215144263
1,3483,0.5899416152370723
1,3484,0.6812677698517178
1,3485,0.6936169603292619
1,3486,0.6904992114537497
1,3487,0.6715753977087682
1,3488,0.48869161092488306
1,3489,0.6965400008050598
1,3490,0.5089738771416958
1,3491,0.5303864524545889
1,3492,0.5113442926971927
1,3493,0.5587589703949409
1,3494,0.6249298561105116
1,3495,0.6047509652945853
1,3496,0.40090943820908215
1,3497,0.33645500641983006
1,3498,0.33171166522297296
1,3499,0.36780900239143605
1,3500,0.3442068292824227
1,3501,0.45467072210937315
1,3502,0.39551935432679763
1,3503,0.3514956139189189
1,3504,0.4092650457087222
1,3505,0.6557259773660409
1,3506,0.6928647063954115
1,3507,0.7107133516398921
1,3508,0.6081942977587695
1,3509,0.7047731101853791
1,3510,0.6445507799284153
1,3511,0.7146296109555669
1,3512,0.463720942932862
1,3513,0.8017008221703221
1,3514,0.7809897469742161
1,3515,0.5552170562552988
1,3516,0.4223941396132917
1,3517,0.5078886484669172
1,3518,0.49949825641404766
1,3519,0.6978905608020808
1,3520,0.556946410943601
1,3521,0.35861583068830144
1,3522,0.6259764650503565
1,3523,0.6312651366923469
1,3524,0.48732448799508565
1,3525,0.6744542367875066
1,3526,0.6431793993065806
1,3527,0.6581653900180364
1,3528,0.5372300267118031
1,3529,0.7902835776419255
1,3530,0.7705797165704538
1,3531,0.49109515956347644
1,3532,0.30703547557246436
1,3533,0.2443440156807187
1,3534,0.5972974299330864
1,3535,0.6461723849275398
1,3536,0.3388830067780819
1,3537,0.28977762778492994
1,3538,0.24014359776612468
1,3539,0.8724439022604772
1,3540,0.47170894359935095
1,3541,0.4198360591353647
1,3542,0.7079722476466914
1,3543,0.44238725858861505
1,3544,0.4506833134641817
1,3545,0.7433273875456393
1,3546,0.4659023359777203
1,3547,0.7809574585750108
1,3548,0.6362723489705279
1,3549,0.4501704923688931
1,3550,0.4284841864328458
1,3551,0.6736063273802833
1,3552,0.6924066678923164
1,3553,0.5421521164174506
1,3554,0.5241755247860944
1,3555,0.6764730947374844
1,3556,0.36353207475755617
1,3557,0.47968795170139134
1,3558,0.5240812645880918
1,3559,0.5840097553169595
1,3560,0.6486386501697472
1,3561,0.706901736444774
1,3562,0.5155779215911521
1,3563,0.5485836484541571
1,3564,0.5189436951971016
1,3565,0.5856220300725495
1,3566,0.7739822912128387
1,3567,0.6937697107282769
1,3568,0.7233234133064075
1,3569,0.6820022117877124
1,3570,0.7136469904209637
1,3571,0.4579109545819271
1,3572,0.49889612401664024
1,3573,0.5152928453435578
1,3574,0.7920822042083178
1,3575,0.34576154758706334
1,3576,0.49825757904535106
1,3577,0.5826464554973325
1,3578,0.5749932434085637
1,3579,0.5813939134177116
1,3580,0.641851265183704
1,3581,0.4109440453271914
1,3582,0.5803299590477488
1,3583,0.5925866504813582
1,3584,0.6510052357889834
1,3585,0.5213769886495809
1,3586,0.4362860394568259
1,3587,0.6809481931436601
1,3588,0.6731696834339047
1,3589,0.6066658679400528
1,3590,0.610111278075275
1,3591,0.6500860060128821
1,3592,0.6044026621379797
1,3593,0.3841789866489216
1,3594,0.6787711634068576
1,3595,0.651733669453431
1,3596,0.5582771992073725
1,3597,0.6432347962042502
1,3598,0.5741023660095238
1,3599,0.44298999853946386
1,3600,0.742149034113976
1,3601,0.49000701361956656
1,3602,0.8137415447878638
1,3603,0.6965201339742274
1,3604,0.5396962944201917
1,3605,0.613208550178157
1,3606,0.6932094859542284
1,3607,0.6932094859542284
1,3608,0.5923273138963622
1,3609,0.569076804543044
1,3610,0.569572118307666
1,3611,0.5875793683547146
1,3612,0.6176169103893049
1,3613,0.6646039366967548
1,3614,0.5916740297109322
1,3615,0.5373962589594214
1,3616,0.6262978126218648
1,3617,0.6298553651294443
1,3618,0.5845940441453161
1,3619,0.5374294936643708
1,3620,0.6539553806945113
1,3621,0.5141620739876536
1,3622,0.5871206504686649
1,3623,0.5947460010398208
1,3624,0.5734781378195796
1,3625,0.6051796141285618
1,3626,0.7060903763847443
1,3627,0.6434054155437774
1,3628,0.5572800913937438
1,3629,0.6038937258166125
1,3630,0.6392199882935168
1,3631,0.663343428565979
1,3632,0.6668644619670456
1,3633,0.6078439141459554
1,3634,0.6110268376549738
1,3635,0.7541750810786508
1,3636,0.40565000095021325
1,3637,0.6772195832594099
1,3638,0.4221063742327435
1,3639,0.6383960626086017
1,3640,0.5372599477211019
1,3641,0.43257834302220144
1,3642,0.4175453567806975
1,3643,0.5237289736491056
1,3644,0.5886168371740206
1,3645,0.6156097345026363
1,3646,0.7232228377056094
1,3647,0.4316988907747262
1,3648,0.5255416621324873
1,3649,0.5616876882275678
1,3650,0.6029316164313389
1,3651,0.5952173695121132
1,3652,0.511825164261162
1,3653,0.612595255985287
1,3654,0.6183068330577492
1,3655,0.6178300853978427
1,3656,0.5535003089166478
1,3657,0.5232181126713119
1,3658,0.6515753696587288
1,3659,0.5699748655269924
1,3660,0.5809033172286072
1,3661,0.6436851473734272
1,3662,0.5084791069090342
1,3663,0.4857998850287626
1,3664,0.6839772935028426
1,3665,0.4551883439732103
1,3666,0.6733921566986262
1,3667,0.48664905762643307
1,3668,0.6700728275739478
1,3669,0.5241960477053139
1,3670,0.5452361679693097
1,3671,0.2640361963315306
1,3672,0.4299316977204333
1,3673,0.7281278340438662
1,3674,0.5314651195643151
1,3675,0.7743463576589159
1,3676,0.3962728805062308
1,3677,0.571984821538936
1,3678,0.5384135790381869
1,3679,0.5612853774959378
1,3680,0.7235269296523856
1,3681,0.4548477981895656
1,3682,0.6931450806260505
1,3683,0.5908994598371411
1,3684,0.6282201318921486
1,3685,0.602007397741293
1,3686,0.612425965168416
1,3687,0.7312158947058858
1,3688,0.37942463513608166
1,3689,0.7539793193757546
1,3690,0.39284180243249056
1,3691,0.5429066029424567
1,3692,0.46390586369204995
1,3693,0.4439873927076923
1,3694,0.7594079199726161
1,3695,0.6662981978661434
1,3696,0.5736827234575925
1,3697,0.6365139384256087
1,3698,0.5145232861443437
1,3699,0.7069592150688049
1,3700,0.6657502282098532
1,3701,0.5875801686557378
1,3702,0.46847488457219705
1,3703,0.4529467540075455
1,3704,0.7243350193222331
1,3705,0.6392004601645522
1,3706,0.6633947379564533
1,3707,0.6207490779379993
1,3708,0.5792066926100894
1,3709,0.5149435696588486
1,3710,0.5509201274413904
1,3711,0.6887675519941499
1,3712,0.6215361405324105
1,3713,0.6499249772477739
1,3714,0.7609432913258612
1,3715,0.7672962942573436
1,3716,0.4051697261183259
1,3717,0.41274372423766875
1,3718,0.6256836706635881
1,3719,0.5118595368977081
1,3720,0.5381503871038231
1,3721,0.4990874370012513
1,3722,0.5592404517040455
1,3723,0.410194506901896
1,3724,0.765433754858835
1,3725,0.7827095565071278
1,3726,0.7699461120678236
1,3727,0.5240739249327507
1,3728,0.6510630065619583
1,3729,0.5141511321589802
1,3730,0.7373309299653567
1,3731,0.5257374664099335
1,3732,0.5265917937017293
1,3733,0.6596886965305363
1,3734,0.6271346402005924
1,3735,0.5011886556378554
1,3736,0.5442954719761541
1,3737,0.69411083760938
1,3738,0.5598858972792939
1,3739,0.6826258293413077
1,3740,0.6572428732627102
1,3741,0.5368875751349137
1,3742,0.7964903716222469
1,3743,0.6536191523469723
1,3744,0.5242215508168826
1,3745,0.651592835446861
1,3746,0.6954573704653723
1,3747,0.38914913792096745
1,3748,0.7419605377480137
1,3749,0.6495222314419046
1,3750,0.6470688239451802
1,3751,0.7826033302426579
1,3752,0.473143516783239
1,3753,0.452128821221492
1,3754,0.681831487430242
1,3755,0.5440798842808156
1,3756,0.5097853249370183
1,3757,0.4916680349438396
1,3758,0.7187188020441635
1,3759,0.4511605283766817
1,3760,0.47461811295159784
1,3761,0.6512476812618606
1,3762,0.5695319830344114
1,3763,0.67929997315721
1,3764,0.442686869889991
1,3765,0.530181535640216
1,3766,0.753789292124854
1,3767,0.6976886628828749
1,3768,0.6657340804198383
1,3769,0.46646361033285116
1,3770,0.6643904290846929
1,3771,0.45480603693714267
1,3772,0.8464884272917765
1,3773,0.32650433934222234
1,3774,0.8526735021445069
1,3775,0.7151962072703035
1,3776,0.5324627523050035
1,3777,0.46646275695663986
1,3778,0.6428375613245555
1,3779,0.6691255426843818
1,3780,0.6918226059180239
1,3781,0.5138473935739948
1,3782,0.7523726918062418
1,3783,0.91423262901444
1,3784,0.8788924488212021
1,3785,0.5618928975023911
1,3786,0.616058345222544
1,3787,0.514706992585213
1,3788,0.7215021823471891
1,3789,0.8585331106470638
1,3790,0.4576423396902863
1,3791,0.4576423396902863
1,3792,0.7327601905483616
1,3793,0.5835207166685875
1,3794,0.6022829591370297
1,3795,0.30308494890648247
1,3796,0.7014026324714501
1,3797,0.7363584965326732
1,3798,0.5080808865358886
1,3799,0.7845996364568665
1,3800,0.6184007754129913
1,3801,0.5188719135145161
1,3802,0.655589813970928
1,3803,0.6508628374756255
1,3804,0.6455971987333372
1,3805,0.6735412325414333
1,3806,0.4416237295269917
1,3807,0.4948927176882463
1,3808,0.7463339015810079
1,3809,0.7011487839472934
1,3810,0.5897277918458531
1,3811,0.4407405105259863
1,3812,0.3876939001430183
1,3813,0.5972578550412342
1,3814,0.5642668653392525
1,3815,0.5760061034568554
1,3816,0.43006074529138216
1,3817,0.43006074529138216
1,3818,0.4783300575120042
1,3819,0.6211785811862671
1,3820,0.5481928959940474
1,3821,0.5310170791210407
1,3822,0.7034212747219204
1,3823,0.7031946135888415
1,3824,0.8724419468709709
1,3825,0.6696319328750365
1,3826,0.656862365286736
1,3827,0.42064452240618855
1,3828,0.3951658978568347
1,3829,0.3535193043088233
1,3830,0.4373325742586296
1,3831,0.7325276707194085
1,3832,0.8766223893825996
1,3833,0.6682182261442102
1,3834,0.6804634850227832
1,3835,0.6566422885483253
1,3836,0.7672423248962739
1,3837,0.7469011540120023
1,3838,0.6449674470316668
1,3839,0.5536664605561818
1,3840,0.7121953671904342
1,3841,0.811621576795273
1,3842,0.5360621227807643
1,3843,0.5349625615117551
1,3844,0.47633993759766524
1,3845,0.6943695688722661
1,3846,0.4751563054611916
1,3847,0.6970896039561632
1,3848,0.4968745881879794
1,3849,0.5821476693828478
1,3850,0.6896534255773671
1,3851,0.5188648347469718
1,3852,0.7580015443962129
1,3853,0.4140246390513611
1,3854,0.4610448058002042
1,3855,0.5013432332927712
1,3856,0.5633375114662716
1,3857,0.6453657701720483
1,3858,0.6680451589863521
1,3859,0.6455585262807279
1,3860,0.512038001536857
1,3861,0.604564906207391
1,3862,0.6792854797049505
1,3863,0.5447687971134312
1,3864,0.49077729253697977
1,3865,0.5499883988018499
1,3866,0.677428360417079
1,3867,0.5698919870604562
1,3868,0.6301375946289975
1,3869,0.5545277823488801
1,3870,0.5326074731189343
1,3871,0.5807782015614152
1,3872,0.42029970145601026
1,3873,0.4778573100802171
1,3874,0.6267484144789892
1,3875,0.6405533132971973
1,3876,0.5691028421115203
1,3877,0.6426489291003448
1,3878,0.5961236527631261
1,3879,0.6253398651816504
1,3880,0.8044164914513946
1,3881,0.8074373018602639
1,3882,0.4067617319624914
1,3883,0.38089177930700185
1,3884,0.7761962188071355
1,3885,0.42439055914067464
1,3886,0.763765695355462
1,3887,0.795739948478804
1,3888,0.6833514654555048
1,3889,0.5418591709399903
1,3890,0.5393890881715342
1,3891,0.78640347807873
1,3892,0.528685796420134
1,3893,0.46651729354218463
1,3894,0.7178360393435674
1,3895,0.2697076750932325
1,3896,0.8517501017545622
1,3897,0.763217222157825
1,3898,0.22282348797294355
1,3899,0.25175601994479885
1,3900,0.7743483534060726
1,3901,0.8171617825498514
1,3902,0.576215016510839
1,3903,0.4617323073078094
1,3904,0.7401922825277366
1,3905,0.6167174949237382
1,3906,0.7079729591131809
1,3907,0.7250478691710806
1,3908,0.6909975235111623
1,3909,0.7690609227766876
1,3910,0.5462485262605206
1,3911,0.6940125889535288
1,3912,0.7008610014923159
1,3913,0.7817509098221327
1,3914,0.7723250748747063
1,3915,0.5394508886022231
1,3916,0.6459625207669025
1,3917,0.6451544774213838
1,3918,0.42278114052561416
1,3919,0.39563212957570676
1,3920,0.36071090331644595
1,3921,0.39423801986719076
1,3922,0.7984263781634343
1,3923,0.581811108371594
1,3924,0.5391541425504603
1,3925,0.5641556152396198
1,3926,0.6995694974607545
1,3927,0.673584078782257
1,3928,0.5130806808697697
1,3929,0.5617624618551201
1,3930,0.33496476457835556
1,3931,0.7044468326273601
1,3932,0.5298015103292236
1,3933,0.5436775016207744
1,3934,0.864737423239096
1,3935,0.2468373415556126
1,3936,0.8407679829258233
1,3937,0.6056569455658896
1,3938,0.6911023211438005
1,3939,0.5311327098211601
1,3940,0.5364169806459749
1,3941,0.4591322238097201
1,3942,0.4144158557175006
1,3943,0.3604545559170789
1,3944,0.2615314385704295
1,3945,0.4874411150291955
1,3946,0.6981128012428082
1,3947,0.5930968541606884
1,3948,0.5245343864253661
1,3949,0.4252405559095888
1,3950,0.6446100856965116
1,3951,0.7213939417599186
1,3952,0.600226897287293
1,3953,0.49028678685470706
1,3954,0.6377515365030619
1,3955,0.49569165995697906
1,3956,0.5812258158986577
1,3957,0.48440532604877334
1,3958,0.4903612292995551
1,3959,0.51830093178347
1,3960,0.4661406814339331
1,3961,0.7163142172271064
1,3962,0.6839072002905644
1,3963,0.6299711996049421
1,3964,0.7307772250631388
1,3965,0.6440283223512252
1,3966,0.5398202977381259
1,3967,0.5220415610217318
1,3968,0.5118026737884055
1,3969,0.5219379964939028
1,3970,0.5739552956244736
1,3971,0.5752410925857447
1,3972,0.3446036780331213
1,3973,0.6306893470090291
1,3974,0.46743874588998613
1,3975,0.4507354541814518
1,3976,0.7860092524867558
1,3977,0.7576305042785973
1,3978,0.37431698132329877
1,3979,0.41741547459224787
1,3980,0.4473270843857018
1,3981,0.5426621565861521
1,3982,0.5827523822156809
1,3983,0.7130286381348503
1,3984,0.5179219479798305
1,3985,0.42259256606766504
1,3986,0.5174574022971833
1,3987,0.5245006511821271
1,3988,0.48873296903407226
1,3989,0.17693066325337553
1,3990,0.4035939050481872
1,3991,0.7317388144228497
1,3992,0.6749972460240984
1,3993,0.7018013135437372
1,3994,0.710819279821551
1,3995,0.6477091259884952
1,3996,0.4749972522107035
1,3997,0.6411211575970435
1,3998,0.6295938009403733
1,3999,0.5555943650803342
2,0,0.5461781661701081
2,1,0.46384705364278067
2,2,0.5361344212020307
2,3,0.6565594956765262
2,4,0.6669233819068132
2,5,0.6687520627520439
2,6,0.6712835726964098
2,7,0.5437736674834552
2,8,0.5125764443558992
2,9,0.6311012462750503
2,10,0.4589022813528972
2,11,0.6153028322294267
2,12,0.5802758564919125
2,13,0.5234992481938201
2,14,0.5319683633265708
2,15,0.5735738764444303
2,16,0.5643565713669575
2,17,0.5530893677692117
2,18,0.43682334315735827
2,19,0.7561920461834799
2,20,0.7580410613849378
2,21,0.418690278365144
2,22,0.6582057962151924
2,23,0.43469547709250705
2,24,0.8332763046602749
2,25,0.603313790335294
2,26,0.5558977016452553
2,27,0.5025701020771758
2,28,0.6530600828094767
2,29,0.6450674100483331
2,30,0.49966334312388994
2,31,0.45814688421356237
2,32,0.4780565961104922
2,33,0.6528791474854098
2,34,0.36440366807241703
2,35,0.6167551920515786
2,36,0.6272743996324455
2,37,0.5564308434275147
2,38,0.6625062674238748
2,39,0.603322905708856
2,40,0.74820381295204
2,41,0.6449128808653664
2,42,0.4912111747305918
2,43,0.5655595579372724
2,44,0.7900681630963611
2,45,0.6572015542583001
2,46,0.6805307884808383
2,47,0.5249162479147905
2,48,0.4753696190700791
2,49,0.3806618239424892
2,50,0.48509550180620686
2,51,0.6329390154510984
2,52,0.3492327786101206
2,53,0.576397306071313
2,54,0.4779783614017721
2,55,0.5426296327753786
2,56,0.6589554700882233
2,57,0.5996398947747441
2,58,0.4892303804598579
2,59,0.7825438693592293
2,60,0.5307547630881815
2,61,0.5036831181174861
2,62,0.5463734436297065
2,63,0.5554320322014048
2,64,0.49567028107980743
2,65,0.6039276253607796
2,66,0.4039251639095493
2,67,0.5024113682423299
2,68,0.6013096734251683
2,69,0.5518533399338518
2,70,0.4555848399322757
2,71,0.47285751576780244
2,72,0.7593689075628469
2,73,0.5817565788825936
2,74,0.5382393200427316
2,75,0.5098317598883756
2,76,0.5156179736501783
2,77,0.6683114165233016
2,78,0.4963043207221398
2,79,0.6533485144191091
2,80,0.7470007036557399
2,81,0.447655573579512
2,82,0.6834906384883583
2,83,0.4678658576907866
2,84,0.4963330449449623
2,85,0.7094653427818227
2,86,0.7266326153166542
2,87,0.7219962375774556
2,88,0.715103415866055
2,89,0.6215970667288738
2,90,0.6068141366761062
2,91,0.4294296217895577
2,92,0.4651764497912266
2,93,0.5951491887705096
2,94,0.5686958688276106
2,95,0.6573845340929422
2,96,0.5663508143992755
2,97,0.5276790503610076
2,98,0.5617680605280849
2,99,0.5786122078252409
2,100,0.775269243473161
2,101,0.629519898792771
2,102,0.6077700777292624
2,103,0.5691987464836163
2,104,0.5327334033248373
2,105,0.4783835900888807
2,106,0.47563249480501096
2,107,0.5008864295621308
2,108,0.6700087541014449
2,109,0.6540054160795711
2,110,0.6439766975193542
2,111,0.6661246165237122
2,112,0.41546645102376467
2,113,0.3828861319831233
2,114,0.4712122501514542
2,115,0.4097218387810397
2,116,0.7099430457772308
2,117,0.6702831395988401
2,118,0.5979187360603775
2,119,0.6614418183288543
2,120,0.5314761598855552
2,121,0.6799653731289258
2,122,0.5642081578930446
2,123,0.6317363420363596
2,124,0.46681338405621436
2,125,0.7170725247597792
2,126,0.6734410582042583
2,127,0.5729057157743022
2,128,0.535785068638932
2,129,0.6436569708785089
2,130,0.5432049356473354
2,131,0.6569645530286692
2,132,0.5464513178277952
2,133,0.5779952828818109
2,134,0.6463095031543729
2,135,0.6523205643198114
2,136,0.596793144843002
2,137,0.665893985952483
2,138,0.38817734797364517
2,139,0.630746637007232
2,140,0.5786194355239255
2,141,0.5170243895264436
2,142,0.5998055976003015
2,143,0.6504483004872933
2,144,0.6190045344536236
2,145,0.24726807199877776
2,146,0.5350847475951004
2,147,0.5412477795046621
2,148,0.7686269289819697
2,149,0.39648324567221227
2,150,0.6715616348107509
2,151,0.7054165627395379
2,152,0.46636264305694464
2,153,0.5744604450149035
2,154,0.636543181149748
2,155,0.6717123655277171
2,156,0.6032490299513764
2,157,0.6601239708219924
2,158,0.5297037639421927
2,159,0.5430502563070108
2,160,0.6783602616065195
2,161,0.5640520968007948
2,162,0.6859928024782221
2,163,0.500334097429698
2,164,0.7406461395155497
2,165,0.7848476814825854
2,166,0.4207421866240765
2,167,0.5761419328627286
2,168,0.6514545353385258
2,169,0.5651362566759817
2,170,0.7186864724627545
2,171,0.45275067711644434
2,172,0.561722114486072
2,173,0.543856718436056
2,174,0.5787491946445664
2,175,0.6956127549171295
2,176,0.623666027514892
2,177,0.46439372945132285
2,178,0.5232248688796305
2,179,0.6526655167031639
2,180,0.8339447973317986
2,181,0.29561755004780055
2,182,0.5770775412468431
2,183,0.6226349333842686
2,184,0.5762860481622937
2,185,0.5668883996127505
2,186,0.560090576671037
2,187,0.6251565482059195
2,188,0.44615984120010405
2,189,0.7682608963064044
2,190,0.7300522442295047
2,191,0.46342631988984934
2,192,0.6666376839312197
2,193,0.548329456174613
2,194,0.5151215388396827
2,195,0.5812655447957737
2,196,0.5592111762945396
2,197,0.6057883003135938
2,198,0.5854359752958714
2,199,0.6825789206776164
2,200,0.708502548695848
2,201,0.3563144901905517
2,202,0.4272888476290499
2,203,0.5104211532189868
2,204,0.4771752919881933
2,205,0.5750755087447197
2,206,0.5705574524116124
2,207,0.6820294780390002
2,208,0.5255038083927677
2,209,0.5247530789520936
2,210,0.661249942480421
2,211,0.5428984395357448
2,212,0.688183148283469
2,213,0.48241635488838464
2,214,0.7906524503500107
2,215,0.6840517827377498
2,216,0.7804329769637884
2,217,0.6433471776296574
2,218,0.40205482055830166
2,219,0.7081571929142174
2,220,0.49739253365708114
2,221,0.7348300508181287
2,222,0.5890727592785071
2,223,0.7457372060611815
2,224,0.5937080674918034
2,225,0.6183168515867125
2,226,0.5936897243841673
2,227,0.4867194305774344
2,228,0.7327497195858182
2,229,0.5646335302100128
2,230,0.578912392799709
2,231,0.6894798442209256
2,232,0.47298724463318076
2,233,0.7200300374950921
2,234,0.4216268695518995
2,235,0.46877695773038314
2,236,0.5337390912176563
2,237,0.5005472294857536
2,238,0.668373239370577
2,239,0.6138638465403269
2,240,0.618526630942876
2,241,0.9113777592488966
2,242,0.8297945910770221
2,243,0.7323756688414881
2,244,0.45848490350084825
2,245,0.7747572920843869
2,246,0.40250955177158054
2,247,0.6356028875884745
2,248,0.7104787750627981
2,249,0.742666632354065
2,250,0.6368009926494334
2,251,0.6279964003356162
2,252,0.40808291991658746
2,253,0.7886167780653682
2,254,0.5881219505924484
2,255,0.5903660000515355
2,256,0.4973119870441223
2,257,0.4229390273627763
2,258,0.2652020632782324
2,259,0.23427252206725438
2,260,0.5231830428905522
2,261,0.5948955509164268
2,262,0.6120574416541709
2,263,0.3585371985122235
2,264,0.6226566186086148
2,265,0.4746960592886788
2,266,0.6985758840996926
2,267,0.51763595132797
2,268,0.5924756142878592
2,269,0.6383211825681975
2,270,0.5544693960345499
2,271,0.4724337720538124
2,272,0.5275919984810152
2,273,0.6185478645526243
2,274,0.507751667262937
2,275,0.6174145142891707
2,276,0.6004530634092066
2,277,0.6393818817115388
2,278,0.5517839819170943
2,279,0.6257739982373131
2,280,0.5982916885269941
2,281,0.30960589108532344
2,282,0.646681448136239
2,283,0.7859873783370578
2,284,0.6371766603089815
2,285,0.5202239726359718
2,286,0.6576131899577631
2,287,0.683461628058465
2,288,0.6932652796951441
2,289,0.5174571572935392
2,290,0.5492350987427869
2,291,0.5951689343602166
2,292,0.5994727081079985
2,293,0.43494969645153814
2,294,0.6564109393468421
2,295,0.5128831912159058
2,296,0.6295321362674039
2,297,0.6843129517519739
2,298,0.6646654439589992
2,299,0.5955293648549695
2,300,0.594015611933133
2,301,0.5674873108007152
2,302,0.6265504680735421
2,303,0.5797237164715217
2,304,0.43057395291458955
2,305,0.49420255411585584
2,306,0.6586601727687639
2,307,0.7804366761558356
2,308,0.5193490055027834
2,309,0.7739449907032122
2,310,0.5087263898188552
2,311,0.7034803110357001
2,312,0.4553158029184572
2,313,0.3568098962927811
2,314,0.6607166428597212
2,315,0.7504911527885418
2,316,0.7328123577349395
2,317,0.7276640121814192
2,318,0.4003290276514277
2,319,0.631630264301772
2,320,0.6467700972426783
2,321,0.4072089169525198
2,322,0.5164020924878767
2,323,0.5294905459550519
2,324,0.6779395083183339
2,325,0.5671082416405425
2,326,0.6581077926212614
2,327,0.6768477048189636
2,328,0.46320023347149697
2,329,0.6236420630713494
2,330,0.6156245373150072
2,331,0.33027243574499565
2,332,0.6833887352117992
2,333,0.5620088403782555
2,334,0.3809434209362368
2,335,0.6768234947972949
2,336,0.494388937409661
2,337,0.31400073574885984
2,338,0.28733479672241263
2,339,0.7493361236388907
2,340,0.7602499510074467
2,341,0.7158431821314223
2,342,0.6514724296639238
2,343,0.6678434969559736
2,344,0.659660028936222
2,345,0.5159232882683374
2,346,0.5461225780721973
2,347,0.6166549907316204
2,348,0.21935077911735607
2,349,0.6333859853736902
2,350,0.6653449026691791
2,351,0.41391275331005273
2,352,0.654489060247988
2,353,0.43758206043757303
2,354,0.5497785518213301
2,355,0.47759980310537875
2,356,0.6318578653004678
2,357,0.4917753271686355
2,358,0.5653324128804528
2,359,0.8286501519524297
2,360,0.8364768132163519
2,361,0.31649010186082976
2,362,0.6119376514473706
2,363,0.8013305343984337
2,364,0.4753815036453296
2,365,0.6838315286484168
2,366,0.5640709325326163
2,367,0.3487018765472439
2,368,0.5524356389264464
2,369,0.606102302054756
2,370,0.5560646414987809
2,371,0.5184389199803795
2,372,0.747263266829879
2,373,0.4261035952152993
2,374,0.6278061441420812
2,375,0.6052014105392612
2,376,0.5242354109464765
2,377,0.7478570249853014
2,378,0.7306525897660325
2,379,0.49008053898490556
2,380,0.715727633374208
2,381,0.5620371448460901
2,382,0.7046572375235763
2,383,0.46783903502249546
2,384,0.7467647174193013
2,385,0.5100935675236432
2,386,0.6398512529496293
2,387,0.5014381439372237
2,388,0.506717236780048
2,389,0.7442830755934692
2,390,0.6117955108076627
2,391,0.6334641389633595
2,392,0.6412691843521438
2,393,0.45139071456816293
2,394,0.4718555097206242
2,395,0.5098894076352036
2,396,0.7538912219291002
2,397,0.7429817256615766
2,398,0.5168398185023088
2,399,0.70728738273769
2,400,0.6695965149011065
2,401,0.582441735887951
2,402,0.8136420732336251
2,403,0.7680976873894503
2,404,0.43344053563458806
2,405,0.6053366612686399
2,406,0.7671011292059172
2,407,0.4739336094288996
2,408,0.5892352541743788
2,409,0.562561559614075
2,410,0.532880088372041
2,411,0.635499765450844
2,412,0.6102439637852302
2,413,0.5953312501379825
2,414,0.4498626714375899
2,415,0.7530655904236944
2,416,0.6932005197217291
2,417,0.6053877100416535
2,418,0.60306892214191
2,419,0.5983716720466133
2,420,0.5995061792996803
2,421,0.7160820491203354
2,422,0.713200441358164
2,423,0.577627005827826
2,424,0.7352254195305155
2,425,0.47965337288524745
2,426,0.5793323283616785
2,427,0.5644945924759406
2,428,0.5644945924759406
2,429,0.6604218199121041
2,430,0.6611451298824108
2,431,0.6948906103731418
2,432,0.4953378931691538
2,433,0.4595069299580257
2,434,0.6392051141311264
2,435,0.5446163526543836
2,436,0.5965731492301563
2,437,0.5622449458102062
2,438,0.5766650939533725
2,439,0.6335343805219384
2,440,0.7252895086345743
2,441,0.3737180437946847
2,442,0.35016457855613997
2,443,0.32382298391537667
2,444,0.5288995920894498
2,445,0.47340080562010395
2,446,0.4431162714837794
2,447,0.6025133289607815
2,448,0.7289647299015025
2,449,0.4518245100312827
2,450,0.7214546365544235
2,451,0.7356565603066755
2,452,0.40864995377220725
2,453,0.4764666161051325
2,454,0.7372694162616945
2,455,0.3849132344191207
2,456,0.4180651261083278
2,457,0.7333605836170219
2,458,0.6521409574447969
2,459,0.5243828552609093
2,460,0.658568319965533
2,461,0.562756369489007
2,462,0.7931706291450654
2,463,0.764123918453906
2,464,0.5235103106114656
2,465,0.5860473945211336
2,466,0.5435370000005794
2,467,0.5720054357470653
2,468,0.40040121243361687
2,469,0.5973384797227951
2,470,0.7102537847540777
2,471,0.6429072083936814
2,472,0.6121828505188236
2,473,0.82371279012968
2,474,0.6340782224566607
2,475,0.5614909113141667
2,476,0.5276244997918649
2,477,0.41201037621592435
2,478,0.6430780714113176
2,479,0.46215971523201627
2,480,0.48321125326706543
2,481,0.5696627543368968
2,482,0.5724964179209403
2,483,0.7241960436741625
2,484,0.5019119457948197
2,485,0.6856131466236616
2,486,0.6664486030188735
2,487,0.589479112246399
2,488,0.737530454445698
2,489,0.47918300625772475
2,490,0.4162096015562264
2,491,0.5435881297783867
2,492,0.5318669248722006
2,493,0.6873879678419031
2,494,0.6764415806041318
2,495,0.7244350219424303
2,496,0.5098152132017861
2,497,0.5802842726301368
2,498,0.6647749727644966
2,499,0.6849847853067943
2,500,0.5630886513214266
2,501,0.5620406750664659
2,502,0.3763157376207484
2,503,0.4075312195431716
2,504,0.5100192723195768
2,505,0.7321770262329484
2,506,0.8089702206737059
2,507,0.6534104186862241
2,508,0.7088809597048823
2,509,0.44111750078539047
2,510,0.4198905637110785
2,511,0.4272448522765718
2,512,0.4117142491177976
2,513,0.7776525990355229
2,514,0.7307898731175212
2,515,0.5066168601136588
2,516,0.825517389072084
2,517,0.5450775042437831
2,518,0.32583232377244875
2,519,0.6069895381431231
2,520,0.45923646791426964
2,521,0.5369033127100095
2,522,0.4872679674733648
2,523,0.6199807958400906
2,524,0.6486390478512649
2,525,0.6720610910528626
2,526,0.5660920240690595
2,527,0.7183352337943318
2,528,0.5472574414747321
2,529,0.6868727894112807
2,530,0.6879818167500087
2,531,0.5526918947858572
2,532,0.7447158859748998
2,533,0.627474058460825
2,534,0.5312271322573217
2,535,0.5250383930862857
2,536,0.7729271134378166
2,537,0.42629036677123616
2,538,0.4551875067700188
2,539,0.4841882941819226
2,540,0.4478655576703817
2,541,0.6303018989458058
2,542,0.6486956290190059
2,543,0.660466695533941
2,544,0.392206597712868
2,545,0.6906920892240817
2,546,0.5190455883581581
2,547,0.6898358528856028
2,548,0.5559735749099453
2,549,0.4116415158924061
2,550,0.562944036993445
2,551,0.5870593825368743
2,552,0.5641251053140145
2,553,0.4979172002081003
2,554,0.48076972647109245
2,555,0.637730050450631
2,556,0.5003631648190165
2,557,0.5887491555067939
2,558,0.6783778970660769
2,559,0.5269200014588259
2,560,0.44105605864788394
2,561,0.7359399054964562
2,562,0.6880706118481227
2,563,0.5529248058570977
2,564,0.5848880421334346
2,565,0.5244376298377097
2,566,0.6377905186340381
2,567,0.5963579047209477
2,568,0.43857700786418086
2,569,0.41412545143329155
2,570,0.7096348216133441
2,571,0.593969684982615
2,572,0.713932812506301
2,573,0.7893850635995516
2,574,0.7950078463906625
2,575,0.6749217117640723
2,576,0.5807082262161636
2,577,0.5322571564606532
2,578,0.6324000243485038
2,579,0.5223563089717949
2,580,0.6009985372909947
2,581,0.5918883448739797
2,582,0.6654920714558782
2,583,0.6511572674110648
2,584,0.47193307755275904
2,585,0.3554266657680532
2,586,0.32282209235585596
2,587,0.2799121324518766
2,588,0.21263063264109794
2,589,0.7416415769311233
2,590,0.6490375955056514
2,591,0.36574587031546
2,592,0.26170597021044606
2,593,0.5705813772207672
2,594,0.5674233769164084
2,595,0.7940676459983933
2,596,0.6061325485951814
2,597,0.7335951993189042
2,598,0.4607214592599937
2,599,0.7435494165913561
2,600,0.5950936150268469
2,601,0.7742195954564662
2,602,0.6972243025315598
2,603,0.466281400636037
2,604,0.3318821364406131
2,605,0.5034875489034523
2,606,0.7312012131410052
2,607,0.5180025202423881
2,608,0.6901139022464426
2,609,0.6755317569950101
2,610,0.455310398606031
2,611,0.4147249461451785
2,612,0.445733733731787
2,613,0.43577408720483857
2,614,0.5357388963686743
2,615,0.607289295642203
2,616,0.5140172050914406
2,617,0.6204965639952627
2,618,0.42663053822979347
2,619,0.7253396997343143
2,620,0.7198429180021723
2,621,0.3884863089632046
2,622,0.7828669609290826
2,623,0.6475271983312321
2,624,0.43910602190282705
2,625,0.7161487313023206
2,626,0.31545673182872486
2,627,0.26372019086282816
2,628,0.7528100602262146
2,629,0.7534497367641507
2,630,0.6529869634949436
2,631,0.5309896500812147
2,632,0.3311214271535831
2,633,0.3203856535906859
2,634,0.6983591793301175
2,635,0.4740057885025455
2,636,0.7073514285494356
2,637,0.5988697409016152
2,638,0.5858757837582189
2,639,0.659231692508448
2,640,0.6626626215213717
2,641,0.7478579478483287
2,642,0.5829081995650262
2,643,0.30725282035711715
2,644,0.7454071425330326
2,645,0.5209196623180683
2,646,0.6471225621042951
2,647,0.6909841882451144
2,648,0.6442060424512476
2,649,0.6388774138375
2,650,0.5846456674044359
2,651,0.7600434259669941
2,652,0.44233101529328456
2,653,0.602205388349645
2,654,0.34982871458456805
2,655,0.3984975000744766
2,656,0.37303845023973925
2,657,0.5162008282069345
2,658,0.6943773837613142
2,659,0.7046732023527722
2,660,0.5028711401586966
2,661,0.5028711401586966
2,662,0.5002523654219954
2,663,0.7746866233620799
2,664,0.7629039733181489
2,665,0.37248316673324955
2,666,0.6930812335490834
2,667,0.42520924900642815
2,668,0.5295994333232006
2,669,0.6852044575976706
2,670,0.6335653266054287
2,671,0.5532081817642592
2,672,0.660375395904527
2,673,0.37326430506474184
2,674,0.6846438774606013
2,675,0.7529235349675795
2,676,0.41253136906336274
2,677,0.6000100783939574
2,678,0.49878206951383736
2,679,0.6864230489260886
2,680,0.389535789194733
2,681,0.7322758037692005
2,682,0.7012890797755033
2,683,0.5304401908292652
2,684,0.704451470811164
2,685,0.7717533251147104
2,686,0.7514488277887343
2,687,0.7187905774261911
2,688,0.5297846587642513
2,689,0.838910953887141
2,690,0.5772175318948211
2,691,0.6971497590174326
2,692,0.7164118146801784
2,693,0.35002363048668167
2,694,0.47879720935702264
2,695,0.4523123864099421
2,696,0.5035343823579455
2,697,0.5225351560621503
2,698,0.42407730032597823
2,699,0.4756333293038259
2,700,0.5876504948997239
2,701,0.7035080348339464
2,702,0.5653393297347766
2,703,0.671233411861042
2,704,0.6603591361234703
2,705,0.8715758404004641
2,706,0.6876532376849787
2,707,0.6878783155848798
2,708,0.6830085916458054
2,709,0.4496444343034823
2,710,0.5019077901941373
2,711,0.6739200831949901
2,712,0.45458892506082377
2,713,0.6939045298832064
2,714,0.49563327254847034
2,715,0.5134230511179078
2,716,0.6727207296441159
2,717,0.5160287052797532
2,718,0.4716528804156507
2,719,0.8446458892668375
2,720,0.6917886786095622
2,721,0.7074520973415774
2,722,0.4631788898278899
2,723,0.6995461695668956
2,724,0.7241085295703698
2,725,0.49046654312931465
2,726,0.5123504370493893
2,727,0.5278077435107488
2,728,0.706468095412317
2,729,0.5791745223880514
2,730,0.5590189861761226
2,731,0.5656339931236403
2,732,0.6434215612919608
2,733,0.6511721634429302
2,734,0.7226265858942168
2,735,0.6672771055580382
2,736,0.720167484257957
2,737,0.37093590023419665
2,738,0.5757943068800416
2,739,0.4670228123337214
2,740,0.529593639635377
2,741,0.8058550396967925
2,742,0.31813880619904744
2,743,0.8158097631422487
2,744,0.5166806785603182
2,745,0.6098706301283238
2,746,0.4876037426109767
2,747,0.6268397602068884
2,748,0.7521975121186081
2,749,0.7273663309821613
2,750,0.7123835651206079
2,751,0.567647583701855
2,752,0.630222199310348
2,753,0.7349602313430919
2,754,0.806576058573843
2,755,0.31540510672024746
2,756,0.7387663989256283
2,757,0.3326902473135565
2,758,0.5520422443048622
2,759,0.6710710681662105
2,760,0.5418122474566969
2,761,0.768793819948204
2,762,0.5700027782532608
2,763,0.5807134475606979
2,764,0.571030581927761
2,765,0.5895406609279628
2,766,0.44598024442470613
2,767,0.4979272568263154
2,768,0.5233196897486943
2,769,0.6149395903794416
2,770,0.5829615716556178
2,771,0.5985035925644092
2,772,0.5175463833696736
2,773,0.6570437056325373
2,774,0.588490340407544
2,775,0.6851037991821868
2,776,0.5417233752673629
2,777,0.6669571999577097
2,778,0.3988902467097171
2,779,0.5063267347462272
2,780,0.48371133276509365
2,781,0.4885075307203774
2,782,0.5587183560080422
2,783,0.5590148119925012
2,784,0.5707280623075687
2,785,0.5926951075795183
2,786,0.5747850705931586
2,787,0.5429928655213255
2,788,0.5167937301287092
2,789,0.7315808657265168
2,790,0.6787948631466547
2,791,0.6412614182998357
2,792,0.6387428752442086
2,793,0.656319869341311
2,794,0.48913294695284076
2,795,0.6401103480791763
2,796,0.4820176227117027
2,797,0.48574945243582235
2,798,0.5121471636746007
2,799,0.48587201360807375
2,800,0.46444177726862473
2,801,0.6387897758188981
2,802,0.5666523027124496
2,803,0.7788726591468964
2,804,0.3306451085495586
2,805,0.4407367819700608
2,806,0.6401709550947231
2,807,0.5269370018362355
2,808,0.6790863021808036
2,809,0.43686873774387947
2,810,0.709999628164727
2,811,0.5887868266208459
2,812,0.6468105546855635
2,813,0.8089294918912038
2,814,0.7878226206240035
2,815,0.6470365947563065
2,816,0.7720100169030945
2,817,0.7572831072469819
2,818,0.6895654090798143
2,819,0.5306474495057679
2,820,0.37437147019063644
2,821,0.4605456904957419
2,822,0.5653997468168563
2,823,0.3772051046752619
2,824,0.4631095768141346
2,825,0.7706296624508903
2,826,0.7176962682896336
2,827,0.6163461853668586
2,828,0.5475380871422619
2,829,0.5452046000753191
2,830,0.4725093657658644
2,831,0.5261480978449822
2,832,0.1229134771852028
2,833,0.9114299087512874
2,834,0.5721546907822322
2,835,0.43327578854078486
2,836,0.7279164990364919
2,837,0.7352155002814779
2,838,0.6506375804755524
2,839,0.6399669140612959
2,840,0.34450526426409234
2,841,0.5438463932607178
2,842,0.6261576751095032
2,843,0.5805226290409433
2,844,0.5871253319013047
2,845,0.5058143705453306
2,846,0.6649826838870779
2,847,0.5381919824308607
2,848,0.4060194488951475
2,849,0.7765453217880316
2,850,0.4881759392439305
2,851,0.6286241295237758
2,852,0.5406601011428277
2,853,0.39252719179145246
2,854,0.5218816588132836
2,855,0.4782528793096858
2,856,0.7066500881111412
2,857,0.5526187194475076
2,858,0.49544168488512064
2,859,0.603122264071652
2,860,0.6191331108264483
2,861,0.6343385251347633
2,862,0.6670042249318068
2,863,0.43645486946370177
2,864,0.6774667531097429
2,865,0.7245474943211012
2,866,0.7380548348613241
2,867,0.43079905873970076
2,868,0.6779775285781676
2,869,0.8628117728610896
2,870,0.8320758804221919
2,871,0.8558489974151096
2,872,0.6179011982566255
2,873,0.5410687492634995
2,874,0.6290943168867261
2,875,0.4727216886935998
2,876,0.6814099894453366
2,877,0.5803614612921096
2,878,0.5499317669848378
2,879,0.7618321569599728
2,880,0.7629424923174332
2,881,0.7692656274138301
2,882,0.46525886619973494
2,883,0.6467284111193915
2,884,0.7260674856686598
2,885,0.4321012455257979
2,886,0.6696983290298307
2,887,0.6584601637903996
2,888,0.6970880669831885
2,889,0.5614448360165415
2,890,0.39493920291298906
2,891,0.7135399428306993
2,892,0.4684151861860667
2,893,0.5735853300638669
2,894,0.8007667653666657
2,895,0.3512764992811877
2,896,0.18170041489636507
2,897,0.7553763940602485
2,898,0.5628914009545704
2,899,0.6312864168705228
2,900,0.6157426302535335
2,901,0.5078718310489427
2,902,0.5385741542804824
2,903,0.7870121457141952
2,904,0.36549026799691964
2,905,0.4353788028204633
2,906,0.6059809545675249
2,907,0.5517981922853941
2,908,0.774877637946537
2,909,0.7897780651869646
2,910,0.5977920450170545
2,911,0.5313515064694381
2,912,0.44314334807887595
2,913,0.678850121721042
2,914,0.6495091237702529
2,915,0.5961945602257566
2,916,0.6240252317383023
2,917,0.6189428522697606
2,918,0.7356055181445378
2,919,0.8038648875679437
2,920,0.7025380643758509
2,921,0.6259865251060457
2,922,0.6040043172899152
2,923,0.6522828129637888
2,924,0.523956156547268
2,925,0.5862319505529636
2,926,0.5717083056759562
2,927,0.656626619215097
2,928,0.5271421654891211
2,929,0.4782235775312551
2,930,0.4303371805180646
2,931,0.5191755470893776
2,932,0.4549422147412949
2,933,0.6925160894335237
2,934,0.49288015422056164
2,935,0.6245550668376806
2,936,0.6711931306485187
2,937,0.6133487493776731
2,938,0.6272116819474706
2,939,0.5436975108000791
2,940,0.5607901208746787
2,941,0.6362914680836304
2,942,0.5895497652922732
2,943,0.8347749599642641
2,944,0.2402887410241548
2,945,0.21808066445879848
2,946,0.5259240627425039
2,947,0.4265792420341189
2,948,0.7667204027090937
2,949,0.5395974557848501
2,950,0.6389720353902475
2,951,0.5565743534832124
2,952,0.5668719265818589
2,953,0.48290216162057986
2,954,0.7056466553624532
2,955,0.501469098966501
2,956,0.7292536795015656
2,957,0.7272790209814225
2,958,0.6835838019841938
2,959,0.5170609676486657
2,960,0.5393753073638963
2,961,0.5940243150678932
2,962,0.5192625048602875
2,963,0.5700943109682163
2,964,0.6734393437841013
2,965,0.6494934601988843
2,966,0.5758518048612171
2,967,0.6733564189212115
2,968,0.4651632667154932
2,969,0.5017008458588378
2,970,0.5362079068913385
2,971,0.6861519489981859
2,972,0.7046756163110451
2,973,0.40938305957007814
2,974,0.6255249916229425
2,975,0.48946854158250347
2,976,0.6162655429646507
2,977,0.5027912551700217
2,978,0.6444236439126212
2,979,0.6680985370956369
2,980,0.4945321167463655
2,981,0.5409651098467997
2,982,0.4590079407467323
2,983,0.5476778227238326
2,984,0.4334362590107975
2,985,0.6592369702950662
2,986,0.4621520074518303
2,987,0.6239647725132172
2,988,0.6834357577029657
2,989,0.6059510569079716
2,990,0.7263503710036415
2,991,0.5548079632422585
2,992,0.5549711977861818
2,993,0.5271918931061677
2,994,0.5819539007582744
2,995,0.5457958288658609
2,996,0.6536387763911075
2,997,0.5400092843055981
2,998,0.678679056565332
2,999,0.6086742931401556
2,1000,0.42486934226601347
2,1001,0.5030080235233659
2,1002,0.5877372170496618
2,1003,0.6413058706832672
2,1004,0.5736325663320374
2,1005,0.5616398148587707
2,1006,0.5931909476582737
2,1007,0.7447205296993088
2,1008,0.4602006945159415
2,1009,0.5392934758792383
2,1010,0.5923883709003506
2,1011,0.7198215967861056
2,1012,0.6083030836085203
2,1013,0.5454998698238319
2,1014,0.64965747165774
2,1015,0.5746365827328216
2,1016,0.6893982994554911
2,1017,0.7116556024534683
2,1018,0.7123617041087349
2,1019,0.6635171945438252
2,1020,0.45530438652176025
2,1021,0.7571749027145269
2,1022,0.340572738315432
2,1023,0.4303578876962427
2,1024,0.6382651381924954
2,1025,0.6685901303252786
2,1026,0.6569370288892262
2,1027,0.5891411838942494
2,1028,0.6127996965234027
2,1029,0.6288031722466396
2,1030,0.5983124101810063
2,1031,0.6372794831208677
2,1032,0.5787277287205014
2,1033,0.729595168934879
2,1034,0.42775574767763336
2,1035,0.643019608612338
2,1036,0.5571456777872223
2,1037,0.5222681537896156
2,1038,0.5978545060730767
2,1039,0.6715899851383844
2,1040,0.5656278608238062
2,1041,0.5426869710108562
2,1042,0.5126682944170616
2,1043,0.8102048385302546
2,1044,0.7259860729174773
2,1045,0.46393177493799187
2,1046,0.7223086458682231
2,1047,0.7142098648170487
2,1048,0.5561091195985783
2,1049,0.6790094028589463
2,1050,0.6964727591351704
2,1051,0.4237915608841472
2,1052,0.4657203976454236
2,1053,0.4203420240097097
2,1054,0.381809592237627
2,1055,0.6324837200401817
2,1056,0.6221753625024091
2,1057,0.6153184594502867
2,1058,0.6322519139000445
2,1059,0.5732129198850796
2,1060,0.5950113320157566
2,1061,0.6107873182831671
2,1062,0.590674845597588
2,1063,0.6521920273616261
2,1064,0.5538694926178491
2,1065,0.4701874046590572
2,1066,0.6855037158940898
2,1067,0.5395974693934187
2,1068,0.73550743158642
2,1069,0.5049636230420778
2,1070,0.6545475260190109
2,1071,0.6994291642369924
2,1072,0.4905719416096679
2,1073,0.529214358197529
2,1074,0.636241589516939
2,1075,0.5595897804449633
2,1076,0.5370751812278338
2,1077,0.5025835250556466
2,1078,0.756042970534766
2,1079,0.6354389222935827
2,1080,0.6385258526345056
2,1081,0.5641767681377077
2,1082,0.7474176129770493
2,1083,0.7209955579865608
2,1084,0.6085164120055472
2,1085,0.6956834778481873
2,1086,0.446351323994495
2,1087,0.7092013754144678
2,1088,0.3432378523112646
2,1089,0.37292161016310416
2,1090,0.7660302448712207
2,1091,0.2860072179324462
2,1092,0.6979614529723974
2,1093,0.5872538700510102
2,1094,0.5333154499429563
2,1095,0.65888581863111
2,1096,0.4388113515365991
2,1097,0.3920917420991562
2,1098,0.664043710273047
2,1099,0.47491805276741944
2,1100,0.6482892782488213
2,1101,0.5718844138638097
2,1102,0.7986005100315796
2,1103,0.670452959430152
2,1104,0.6788776985426143
2,1105,0.5586630283245092
2,1106,0.6142185365974342
2,1107,0.5620172172460518
2,1108,0.5879581169114856
2,1109,0.6773932462813163
2,1110,0.5217341802506796
2,1111,0.7237001487938082
2,1112,0.18674955562362502
2,1113,0.4163715906423197
2,1114,0.771436876920545
2,1115,0.447694521873536
2,1116,0.3779050431728374
2,1117,0.7070466561274839
2,1118,0.6470921508014726
2,1119,0.637375449684638
2,1120,0.4692712162664523
2,1121,0.6551678366131285
2,1122,0.6137661422387943
2,1123,0.4842924751818147
2,1124,0.512108538686883
2,1125,0.596194560047333
2,1126,0.6345365260732992
2,1127,0.519761450561823
2,1128,0.5078228329835351
2,1129,0.6351369227565549
2,1130,0.5450070984388424
2,1131,0.5450120128361735
2,1132,0.6261869105506874
2,1133,0.5276415825145931
2,1134,0.45454238027463756
2,1135,0.45136142641521876
2,1136,0.8170000334476374
2,1137,0.8070644564968009
2,1138,0.7520790259939606
2,1139,0.3574794206696245
2,1140,0.725247691119265
2,1141,0.5485322269924437
2,1142,0.6163661932606371
2,1143,0.7493618216592074
2,1144,0.473896404109222
2,1145,0.7398636359917932
2,1146,0.7936574950047801
2,1147,0.8512195796734137
2,1148,0.3482575007440522
2,1149,0.7619353532510864
2,1150,0.6788622819781737
2,1151,0.565453967354979
2,1152,0.7136340063586663
2,1153,0.6871225442829566
2,1154,0.33942137864537336
2,1155,0.730594495142842
2,1156,0.519285114388775
2,1157,0.668934862263746
2,1158,0.6569554060027251
2,1159,0.48478363799465735
2,1160,0.7255974068937121
2,1161,0.7356201897267551
2,1162,0.46308349549716693
2,1163,0.7137515609521922
2,1164,0.41912556418801816
2,1165,0.21823054164654046
2,1166,0.7596058137350085
2,1167,0.3568452752766672
2,1168,0.6731064017470072
2,1169,0.46067802448693385
2,1170,0.5001753480925816
2,1171,0.37186707074557146
2,1172,0.7466657128510794
2,1173,0.5498404324388261
2,1174,0.294924072858826
2,1175,0.6720331057254942
2,1176,0.4255626120161256
2,1177,0.5258705806861984
2,1178,0.6869254883677975
2,1179,0.619305065140045
2,1180,0.6268878727615638
2,1181,0.5881935499817514
2,1182,0.6158421752582997
2,1183,0.629567899149961
2,1184,0.5493876550807263
2,1185,0.497756017185366
2,1186,0.5641329774437949
2,1187,0.5677832805233173
2,1188,0.6082194594642493
2,1189,0.5644182698733201
2,1190,0.5945343213209048
2,1191,0.7847477806408816
2,1192,0.386079861381408
2,1193,0.47778320504858607
2,1194,0.6305554204334415
2,1195,0.6052871862724408
2,1196,0.6163400060795976
2,1197,0.44717207132157477
2,1198,0.4980822795714907
2,1199,0.5750910178919858
2,1200,0.7003246680663602
2,1201,0.5615979739726996
2,1202,0.7080579045145229
2,1203,0.717240868649475
2,1204,0.6300755229906152
2,1205,0.7459259541528922
2,1206,0.5518848088991142
2,1207,0.6530711346936862
2,1208,0.4702770830856651
2,1209,0.5289006376319351
2,1210,0.3237277586324572
2,1211,0.3457139906630398
2,1212,0.6339587219765677
2,1213,0.4712054033714571
2,1214,0.7020203407423528
2,1215,0.4426018614099885
2,1216,0.45951797591582555
2,1217,0.7454384002981224
2,1218,0.38515955771903787
2,1219,0.5171728300721411
2,1220,0.7175915028447798
2,1221,0.6637871422125846
2,1222,0.6104416933364734
2,1223,0.591439654123936
2,1224,0.626170228311209
2,1225,0.43343453171378704
2,1226,0.7441447031300731
2,1227,0.789482130968538
2,1228,0.8115811618320785
2,1229,0.8927585881349269
2,1230,0.5909340163525061
2,1231,0.6149086616001146
2,1232,0.6548006704495944
2,1233,0.6983639263179521
2,1234,0.6106647431653656
2,1235,0.6788233228535697
2,1236,0.6387572686967784
2,1237,0.6249049281387624
2,1238,0.7230993857848753
2,1239,0.7119972102918485
2,1240,0.5305170650405244
2,1241,0.5702967985864694
2,1242,0.8212109799208117
2,1243,0.2814544688669789
2,1244,0.6011506002190449
2,1245,0.5384108851730559
2,1246,0.6120412879651143
2,1247,0.5111750705247053
2,1248,0.5288468474051976
2,1249,0.5347828842636252
2,1250,0.4873864859430625
2,1251,0.6455546730699255
2,1252,0.6516320605448083
2,1253,0.621003321574369
2,1254,0.6662277567070093
2,1255,0.5372279884993273
2,1256,0.687980518989422
2,1257,0.37854864624210327
2,1258,0.6784365540018734
2,1259,0.6535636396933358
2,1260,0.6822526328511166
2,1261,0.6906058127343502
2,1262,0.6182502377316638
2,1263,0.42341154315848945
2,1264,0.560387490895297
2,1265,0.6811588389558473
2,1266,0.5259486623230902
2,1267,0.7037428797770581
2,1268,0.6340724572757498
2,1269,0.6438507491235984
2,1270,0.7794489832285995
2,1271,0.6764316045065354
2,1272,0.5540815715181175
2,1273,0.5884993414698337
2,1274,0.6249913361222189
2,1275,0.6184162360203833
2,1276,0.8367666523231112
2,1277,0.7137874129368005
2,1278,0.5750006191609801
2,1279,0.6824238430583062
2,1280,0.5281541136387807
2,1281,0.6955882425299246
2,1282,0.49927327554605694
2,1283,0.7015197815038068
2,1284,0.7625448284383396
2,1285,0.7723721110133933
2,1286,0.7648196367830622
2,1287,0.4439487486777983
2,1288,0.6395537123892662
2,1289,0.5344963334005902
2,1290,0.6175451917228226
2,1291,0.6156360418097331
2,1292,0.5152539367288325
2,1293,0.6364839345892596
2,1294,0.7359103547911574
2,1295,0.41608207544098036
2,1296,0.7854889516324146
2,1297,0.7447700122834771
2,1298,0.7625271485550605
2,1299,0.7093431413186783
2,1300,0.40710541830421615
2,1301,0.5600374845195152
2,1302,0.6914801059166462
2,1303,0.6959973694069362
2,1304,0.7217160194470335
2,1305,0.5320101930858643
2,1306,0.5969736637261306
2,1307,0.7338516372086159
2,1308,0.6041879556708186
2,1309,0.5916741891250139
2,1310,0.6756659347870616
2,1311,0.6762843123842822
2,1312,0.41646118188029646
2,1313,0.6708515383052166
2,1314,0.5840509058837721
2,1315,0.4756633110979006
2,1316,0.6422008435754696
2,1317,0.6491778415123503
2,1318,0.603711515063668
2,1319,0.525080550038795
2,1320,0.6641434672910546
2,1321,0.4944478745665565
2,1322,0.6218041019896485
2,1323,0.5348472387392813
2,1324,0.760605880142634
2,1325,0.3437938537097919
2,1326,0.8380870876825124
2,1327,0.5835679885725122
2,1328,0.6364120298102869
2,1329,0.6568084233413773
2,1330,0.4975139879967228
2,1331,0.7316057711734736
2,1332,0.4037317241498227
2,1333,0.4236601445895346
2,1334,0.4379176594909716
2,1335,0.4473345006512505
2,1336,0.7323567671974047
2,1337,0.5771595994253945
2,1338,0.5522048182891778
2,1339,0.6013807158930816
2,1340,0.6206511295279628
2,1341,0.5575919476524085
2,1342,0.5993308618809126
2,1343,0.618273545284614
2,1344,0.33756780140778186
2,1345,0.6145819072115076
2,1346,0.7182930744966257
2,1347,0.32088444975895464
2,1348,0.5956322335593349
2,1349,0.5305354893876671
2,1350,0.6435913537446687
2,1351,0.5440096536656857
2,1352,0.6213452533201932
2,1353,0.6233726591799597
2,1354,0.6042751523253318
2,1355,0.6430277694275892
2,1356,0.6280100540043367
2,1357,0.712990731025506
2,1358,0.7463252765239657
2,1359,0.5572042219016712
2,1360,0.5882231892844926
2,1361,0.5836929803479515
2,1362,0.820460582630946
2,1363,0.8775209231926231
2,1364,0.2896173747822938
2,1365,0.7043620670408793
2,1366,0.5233371681838069
2,1367,0.5725934542955482
2,1368,0.6225412058596238
2,1369,0.45080543092349806
2,1370,0.5345217100943529
2,1371,0.5401195294259838
2,1372,0.22803606686235348
2,1373,0.7545094456886584
2,1374,0.6386161681877152
2,1375,0.6190296816479066
2,1376,0.5970173962542143
2,1377,0.5483641763128962
2,1378,0.7741723550327707
2,1379,0.7539915480386412
2,1380,0.5217563676619034
2,1381,0.5634090335842468
2,1382,0.5877024879615691
2,1383,0.7076343315200019
2,1384,0.7086459024402602
2,1385,0.4815397418917269
2,1386,0.5486982833716846
2,1387,0.6621303291037387
2,1388,0.5011117006079187
2,1389,0.671857216104871
2,1390,0.7322756503434305
2,1391,0.4853576403211413
2,1392,0.7013412223882308
2,1393,0.5117002387916553
2,1394,0.6876680694656692
2,1395,0.46888926194113273
2,1396,0.8084377885454572
2,1397,0.6479600891018094
2,1398,0.6393819293191453
2,1399,0.4707127919020607
2,1400,0.6826020372882609
2,1401,0.6289278412354752
2,1402,0.6202968205114268
2,1403,0.5221975796650056
2,1404,0.5505018963135325
2,1405,0.5704820798839023
2,1406,0.5809203962818852
2,1407,0.6324878972282982
2,1408,0.5797342041435624
2,1409,0.6075345765115566
2,1410,0.5833269861889403
2,1411,0.5597768118324432
2,1412,0.574658888949746
2,1413,0.6648076565979822
2,1414,0.6655167047381708
2,1415,0.5885425103615536
2,1416,0.44360976893504717
2,1417,0.6782648765769249
2,1418,0.4946329223726141
2,1419,0.4785060895439112
2,1420,0.5123475486176379
2,1421,0.6092144048874326
2,1422,0.6058627208867865
2,1423,0.5356006062349693
2,1424,0.6399132191288058
2,1425,0.5000848576136085
2,1426,0.5005413792867748
2,1427,0.5708173370270448
2,1428,0.6044788898693637
2,1429,0.5631727472762781
2,1430,0.5806096388936076
2,1431,0.544320887602797
2,1432,0.6635624152799854
2,1433,0.35302157691053293
2,1434,0.3218845097316432
2,1435,0.2303967265581276
2,1436,0.7315604425611504
2,1437,0.7119452411668468
2,1438,0.4746499592522012
2,1439,0.7070557298206975
2,1440,0.6574886026526537
2,1441,0.5591000748850987
2,1442,0.4661973275961175
2,1443,0.6959765646563323
2,1444,0.6699763797450007
2,1445,0.4589486671068564
2,1446,0.524080477801779
2,1447,0.5996459078553994
2,1448,0.5553875813091241
2,1449,0.6914479576588765
2,1450,0.5096971672373305
2,1451,0.607251551680294
2,1452,0.7295820273768917
2,1453,0.4663178062366884
2,1454,0.6404926764502026
2,1455,0.6760064101035557
2,1456,0.5585454606514128
2,1457,0.43335596842023894
2,1458,0.7239485855660188
2,1459,0.5267748612684129
2,1460,0.6975471756204352
2,1461,0.40432497528523814
2,1462,0.34146506972699064
2,1463,0.5536586101683182
2,1464,0.642106574922945
2,1465,0.6104861386086324
2,1466,0.7845690116588888
2,1467,0.805374614222536
2,1468,0.7306122792911337
2,1469,0.7183079192198296
2,1470,0.7413540521542596
2,1471,0.5932928113820061
2,1472,0.6390177149720966
2,1473,0.6251359772307815
2,1474,0.6212203345641165
2,1475,0.7227517580243779
2,1476,0.6848031245557863
2,1477,0.6319398003924006
2,1478,0.579806344826216
2,1479,0.4004704849964083
2,1480,0.7219586327583852
2,1481,0.5759780084242826
2,1482,0.63026192935826
2,1483,0.593812874918072
2,1484,0.6188968210272559
2,1485,0.5618730040893531
2,1486,0.5773049207135138
2,1487,0.5012071143391508
2,1488,0.6019296901909024
2,1489,0.46181849126133045
2,1490,0.720383778465224
2,1491,0.5289705266435986
2,1492,0.7079469779566232
2,1493,0.691641959657946
2,1494,0.7624373802141138
2,1495,0.6174833012927099
2,1496,0.787613065847713
2,1497,0.332561344964077
2,1498,0.4974872223134166
2,1499,0.6816038993481642
2,1500,0.5602029567013515
2,1501,0.7089112470568759
2,1502,0.5996327050274588
2,1503,0.5517908925606317
2,1504,0.5126610953630768
2,1505,0.5496714947033754
2,1506,0.6509962676482376
2,1507,0.7367452490371563
2,1508,0.5514908932726156
2,1509,0.6906736024906226
2,1510,0.5222142231601157
2,1511,0.6994659109011764
2,1512,0.6023492596392861
2,1513,0.5736923620082701
2,1514,0.7354268683948982
2,1515,0.494541911848209
2,1516,0.7313032201057401
2,1517,0.6469239515910832
2,1518,0.6921954449166379
2,1519,0.6228037188394343
2,1520,0.5059670055199117
2,1521,0.4382862970721857
2,1522,0.6676614426731546
2,1523,0.626758815519049
2,1524,0.7097506570517321
2,1525,0.46405516855920975
2,1526,0.639436184906639
2,1527,0.6179432031706723
2,1528,0.5600836247095615
2,1529,0.5709318175547361
2,1530,0.5787264487660739
2,1531,0.6055597760169171
2,1532,0.7051947685150934
2,1533,0.45584570225002174
2,1534,0.4850508009332646
2,1535,0.7165392733126426
2,1536,0.5816189856872725
2,1537,0.4952776893430578
2,1538,0.6954432519070529
2,1539,0.48448840416981687
2,1540,0.5997089691256977
2,1541,0.3544256911067212
2,1542,0.23523367543383106
2,1543,0.23727028123028215
2,1544,0.6250691916342873
2,1545,0.7665951081593834
2,1546,0.7513607508681663
2,1547,0.574723876846375
2,1548,0.5729955068392056
2,1549,0.585867355354511
2,1550,0.6894851423716584
2,1551,0.7555302986920107
2,1552,0.7580554930245725
2,1553,0.43103664952801773
2,1554,0.7360607933296209
2,1555,0.7360961453529259
2,1556,0.6612307071497311
2,1557,0.5905103516070764
2,1558,0.5492959511338821
2,1559,0.43363506010255487
2,1560,0.7098120783214887
2,1561,0.7095531458987452
2,1562,0.3363462099136958
2,1563,0.7616484748363493
2,1564,0.4197029391460625
2,1565,0.4107445925739113
2,1566,0.45470862456007977
2,1567,0.7530013182119631
2,1568,0.6687391952424824
2,1569,0.661538308114101
2,1570,0.6249168761242335
2,1571,0.797653062170918
2,1572,0.805358613499329
2,1573,0.6502726056261007
2,1574,0.3699938459049868
2,1575,0.3842475959984697
2,1576,0.47660071507232593
2,1577,0.480228523749634
2,1578,0.46872920608468677
2,1579,0.6903856803584292
2,1580,0.6348945955811341
2,1581,0.5290847079971693
2,1582,0.5713417355862577
2,1583,0.6684044394216954
2,1584,0.6225497201040268
2,1585,0.5120176438783717
2,1586,0.717742813799086
2,1587,0.8287054610032957
2,1588,0.7735241931775623
2,1589,0.5136325822867439
2,1590,0.6535241641606688
2,1591,0.8166955460833311
2,1592,0.43458613255905104
2,1593,0.4958150218152653
2,1594,0.6436431020869646
2,1595,0.6366714466553848
2,1596,0.5009728684739472
2,1597,0.6617438958842591
2,1598,0.7248052815521528
2,1599,0.43518475767856274
2,1600,0.6602007874274646
2,1601,0.4854793551893392
2,1602,0.7192099870259839
2,1603,0.6028457847656553
2,1604,0.5903626984973644
2,1605,0.5513903330396474
2,1606,0.6557718941697878
2,1607,0.6189391645066714
2,1608,0.6590966909047771
2,1609,0.5550733182723232
2,1610,0.6502816628098649
2,1611,0.5206825213153492
2,1612,0.6708675957433644
2,1613,0.5745153305719889
2,1614,0.5813906383929012
2,1615,0.46022850531018883
2,1616,0.5279794297739268
2,1617,0.6299974792137465
2,1618,0.5545240625554076
2,1619,0.5576983539400171
2,1620,0.5456134755643733
2,1621,0.7295121251880002
2,1622,0.40161252427180283
2,1623,0.6580270528588619
2,1624,0.6912175197025752
2,1625,0.5742081550037159
2,1626,0.5211940478691596
2,1627,0.663585455555526
2,1628,0.8178956429034486
2,1629,0.5740177900453991
2,1630,0.5136479891790929
2,1631,0.5686110486571095
2,1632,0.6912965968906952
2,1633,0.47352826842180745
2,1634,0.6261518659694433
2,1635,0.651151179113445
2,1636,0.6317798047532666
2,1637,0.5527493901751334
2,1638,0.600826030870626
2,1639,0.5144028504745929
2,1640,0.32717723297229007
2,1641,0.6841725131902165
2,1642,0.6065163443736193
2,1643,0.6751335487119254
2,1644,0.602926294262507
2,1645,0.5717784097254703
2,1646,0.5330867271342153
2,1647,0.4170731748836816
2,1648,0.7315056997491601
2,1649,0.6208527716032052
2,1650,0.5679091449733539
2,1651,0.6898642538906629
2,1652,0.5952653091780821
2,1653,0.5718542538811289
2,1654,0.5319574114100538
2,1655,0.553889252762173
2,1656,0.6564851994129082
2,1657,0.5586974474353287
2,1658,0.8745035073852778
2,1659,0.30531206931927046
2,1660,0.7887392362895127
2,1661,0.674200098567802
2,1662,0.46561145692224226
2,1663,0.6458014135044715
2,1664,0.6641615078530613
2,1665,0.7644611556004488
2,1666,0.6267597247000803
2,1667,0.5558853081456933
2,1668,0.7411725684018587
2,1669,0.6484604946930471
2,1670,0.5613207714332951
2,1671,0.6332549102808162
2,1672,0.5521945022864323
2,1673,0.53675250333938
2,1674,0.5496405012683989
2,1675,0.5895666901029125
2,1676,0.5946049137688892
2,1677,0.5844601449700237
2,1678,0.4454253026765197
2,1679,0.4544787561973081
2,1680,0.6036958087917631
2,1681,0.632487486265781
2,1682,0.6868810457422206
2,1683,0.5165142433465717
2,1684,0.6495509836777801
2,1685,0.6735991819792971
2,1686,0.6155236004873014
2,1687,0.563108192650863
2,1688,0.6711269863964463
2,1689,0.5265247657566107
2,1690,0.5403659083862652
2,1691,0.6519197778283181
2,1692,0.5367890146206126
2,1693,0.7312139520008384
2,1694,0.7388243200786757
2,1695,0.7574509092790633
2,1696,0.712051917408645
2,1697,0.7160779956110074
2,1698,0.6769897789387174
2,1699,0.5617330502588916
2,1700,0.6673200728119819
2,1701,0.6395385381958867
2,1702,0.6239494248272891
2,1703,0.6172301355466233
2,1704,0.6386472157039097
2,1705,0.5901240430734179
2,1706,0.6258748966886343
2,1707,0.6704584595043971
2,1708,0.7511009550336775
2,1709,0.5755230383551883
2,1710,0.5443386066860895
2,1711,0.556236599396843
2,1712,0.5921638614408016
2,1713,0.5648893621643213
2,1714,0.6134749428311672
2,1715,0.6110962314761442
2,1716,0.560332905211057
2,1717,0.5198019047649163
2,1718,0.7052694608964021
2,1719,0.6190347683380978
2,1720,0.5984222982960183
2,1721,0.5269224523541562
2,1722,0.8611366443051097
2,1723,0.8869510128749732
2,1724,0.8339684121656754
2,1725,0.40291722109003475
2,1726,0.6444491197818422
2,1727,0.47629184947710707
2,1728,0.7074933368907852
2,1729,0.5592371959978811
2,1730,0.6595940925379837
2,1731,0.5170148770619626
2,1732,0.8911349151772666
2,1733,0.8839400306967835
2,1734,0.4969883372914116
2,1735,0.5788710180007698
2,1736,0.6228927439312634
2,1737,0.6901261516456662
2,1738,0.5075956149053934
2,1739,0.7520041403313631
2,1740,0.385956546573806
2,1741,0.761942369619569
2,1742,0.5289251364944688
2,1743,0.6434642947952025
2,1744,0.596598723424529
2,1745,0.5723582595447569
2,1746,0.690033125088899
2,1747,0.4983085357403416
2,1748,0.6983950473031452
2,1749,0.6435758786895561
2,1750,0.5087156243465035
2,1751,0.6507552811633213
2,1752,0.55278034365841
2,1753,0.5594302378032145
2,1754,0.6608437322496306
2,1755,0.4352983841290394
2,1756,0.8264642552170207
2,1757,0.6780639564284566
2,1758,0.6053194364689157
2,1759,0.6150785651646757
2,1760,0.6115669667015523
2,1761,0.5660510702509511
2,1762,0.5480026976485396
2,1763,0.5709775789083122
2,1764,0.5422103213732604
2,1765,0.698200400411956
2,1766,0.41264541451027753
2,1767,0.571663561805834
2,1768,0.5867934319177945
2,1769,0.6094098849044434
2,1770,0.5377909222870664
2,1771,0.5489965850917138
2,1772,0.6816854472210193
2,1773,0.2820358481857892
2,1774,0.835488582892571
2,1775,0.5308708883343064
2,1776,0.6182762819519951
2,1777,0.4997292453319295
2,1778,0.5615131929949579
2,1779,0.6873457904307863
2,1780,0.5920591908849131
2,1781,0.5725201930501949
2,1782,0.24758105712905867
2,1783,0.8173089230836
2,1784,0.5124303208611551
2,1785,0.4981302436486848
2,1786,0.5857393884274394
2,1787,0.5647021689983711
2,1788,0.6751770060314103
2,1789,0.449631477924072
2,1790,0.6718400501668504
2,1791,0.6696755675110609
2,1792,0.4774120199494928
2,1793,0.7278337130066513
2,1794,0.527601902207903
2,1795,0.5644496448727963
2,1796,0.6588605537555925
2,1797,0.6639035721303619
2,1798,0.5459372460396263
2,1799,0.6619887233727213
2,1800,0.4919289172585037
2,1801,0.7895345947794004
2,1802,0.3876432698124406
2,1803,0.8551303644390293
2,1804,0.8197580909091905
2,1805,0.5861166648806969
2,1806,0.6136532350151848
2,1807,0.6394448034776093
2,1808,0.6540392784344042
2,1809,0.7233828821415468
2,1810,0.5704033650019251
2,1811,0.43226581251329604
2,1812,0.5647547452843628
2,1813,0.5553416476006013
2,1814,0.6382794922976139
2,1815,0.5042880459107845
2,1816,0.6613733712118406
2,1817,0.5543717413395858
2,1818,0.4996744509805484
2,1819,0.7720320693789816
2,1820,0.40996406311917605
2,1821,0.7690112958887161
2,1822,0.41798730821488195
2,1823,0.5895198181770673
2,1824,0.4408531136000108
2,1825,0.6585756733326223
2,1826,0.48561240249629284
2,1827,0.5248326435114207
2,1828,0.7102583748880088
2,1829,0.5969766166621898
2,1830,0.5166011581471248
2,1831,0.5240825023821812
2,1832,0.5829976307028285
2,1833,0.3507140473271016
2,1834,0.7625456787069378
2,1835,0.6722873847929652
2,1836,0.5424697373174281
2,1837,0.5909568578419185
2,1838,0.6612954340406367
2,1839,0.7003190533841125
2,1840,0.7186031034430639
2,1841,0.6479245022854434
2,1842,0.44393864000032507
2,1843,0.7561028352354124
2,1844,0.43316052639035946
2,1845,0.4854814975552658
2,1846,0.32227425195069986
2,1847,0.35174755266656804
2,1848,0.6419768742864992
2,1849,0.39510389636781434
2,1850,0.6236764291751912
2,1851,0.5336041998382066
2,1852,0.6434033752496338
2,1853,0.59474034574264
2,1854,0.6840573436346065
2,1855,0.5157262251838062
2,1856,0.7244151977618487
2,1857,0.6108088783727531
2,1858,0.64263280804788
2,1859,0.5943984734315586
2,1860,0.5508010890252981
2,1861,0.4823055294312698
2,1862,0.6739522813673059
2,1863,0.720260658257542
2,1864,0.5269262912715236
2,1865,0.7533954111845981
2,1866,0.7077421926883755
2,1867,0.6770706107677206
2,1868,0.7057161486200544
2,1869,0.38489373784354225
2,1870,0.7798716787245844
2,1871,0.7736166962430038
2,1872,0.46952590869993466
2,1873,0.6984752496643596
2,1874,0.46581143661038654
2,1875,0.8309665083540296
2,1876,0.7758385601648764
2,1877,0.3583339234159991
2,1878,0.8088069746826578
2,1879,0.42592474481872145
2,1880,0.3299404400508736
2,1881,0.4574036488594507
2,1882,0.3620499697365796
2,1883,0.7619113302079915
2,1884,0.4648697301430356
2,1885,0.4581385300447753
2,1886,0.5484253428773718
2,1887,0.5932399254232521
2,1888,0.6620735477355274
2,1889,0.7301809413343094
2,1890,0.7691492438547921
2,1891,0.7488400843382235
2,1892,0.8176317607188213
2,1893,0.7957647392206446
2,1894,0.771092174139085
2,1895,0.652185578711833
2,1896,0.5789699120108085
2,1897,0.5011416594921955
2,1898,0.4628282339436663
2,1899,0.5809501563695754
2,1900,0.6022567213167485
2,1901,0.5784849798233611
2,1902,0.5845321581823256
2,1903,0.6560810253884868
2,1904,0.5405852416522989
2,1905,0.511013438000734
2,1906,0.19070137814594207
2,1907,0.7913639604550519
2,1908,0.6875558182712141
2,1909,0.565034252694651
2,1910,0.581495297334589
2,1911,0.5570733134846698
2,1912,0.6164865228071227
2,1913,0.5842630617368549
2,1914,0.7569010309514296
2,1915,0.347064288910759
2,1916,0.5920481179062356
2,1917,0.6743055449527354
2,1918,0.6984134613226188
2,1919,0.511216278608229
2,1920,0.6504641007964062
2,1921,0.7028449135595402
2,1922,0.6852496070141664
2,1923,0.47762123965161196
2,1924,0.4104902234839718
2,1925,0.5435422223347449
2,1926,0.7429934829012333
2,1927,0.6440251307275651
2,1928,0.6614375006887981
2,1929,0.6663897808437266
2,1930,0.5146786797647049
2,1931,0.7530295278802438
2,1932,0.7408203527582389
2,1933,0.4268814489782428
2,1934,0.6750240627373554
2,1935,0.5456734144144424
2,1936,0.6883286444677007
2,1937,0.660653763455014
2,1938,0.7074444715212443
2,1939,0.42764480653314496
2,1940,0.6612995111228746
2,1941,0.4434621461482494
2,1942,0.44091824859775897
2,1943,0.6707137091125622
2,1944,0.6893181485248844
2,1945,0.44510621653319954
2,1946,0.7177766970436912
2,1947,0.43211823314491
2,1948,0.7355977317854601
2,1949,0.7869706681675245
2,1950,0.3209407794220578
2,1951,0.6175864541112411
2,1952,0.37372750996706317
2,1953,0.47620425747307166
2,1954,0.6425173422786314
2,1955,0.6487746502986851
2,1956,0.7296768014926978
2,1957,0.5702178176773447
2,1958,0.6767487471694754
2,1959,0.4724967265620051
2,1960,0.5979996728306672
2,1961,0.6973902190258512
2,1962,0.6244543945204081
2,1963,0.5530627725873717
2,1964,0.5777818668513678
2,1965,0.7541307451775884
2,1966,0.4264097614054706
2,1967,0.4921645257717518
2,1968,0.7034180470566689
2,1969,0.5242741839342816
2,1970,0.6591174863952908
2,1971,0.6338491109254075
2,1972,0.620610183273389
2,1973,0.5577155265650502
2,1974,0.6389133305408018
2,1975,0.6265960846719749
2,1976,0.511653304031481
2,1977,0.6203926775453577
2,1978,0.6311714657248244
2,1979,0.5904875127764057
2,1980,0.6311060306774577
2,1981,0.5795462732789401
2,1982,0.6137604505886438
2,1983,0.3992551495050605
2,1984,0.5125239512356553
2,1985,0.5905049140121555
2,1986,0.575498044824782
2,1987,0.7737750171864025
2,1988,0.37740561794373506
2,1989,0.7307225544328851
2,1990,0.52188733297972
2,1991,0.4134849871321612
2,1992,0.2993220718711289
2,1993,0.5893315869639669
2,1994,0.5367297146787249
2,1995,0.7545007034907665
2,1996,0.331062354325647
2,1997,0.7944272335978836
2,1998,0.6666123620147535
2,1999,0.7207580412317297
2,2000,0.6448854425214525
2,2001,0.5698850477739952
2,2002,0.658536136763965
2,2003,0.62143800736006
2,2004,0.4865456096358304
2,2005,0.6525530828630977
2,2006,0.3410757320604585
2,2007,0.6374723456506097
2,2008,0.4820059734092356
2,2009,0.5756248437366307
2,2010,0.5597333908188283
2,2011,0.5927099171060276
2,2012,0.5828586613330896
2,2013,0.599248692078683
2,2014,0.6323412383511687
2,2015,0.6836016056168931
2,2016,0.520913347600959
2,2017,0.6771091980180987
2,2018,0.45999128143661533
2,2019,0.4448871821184207
2,2020,0.43721830033457526
2,2021,0.7703066955665564
2,2022,0.5298356160018529
2,2023,0.5769583362391377
2,2024,0.6350309378508856
2,2025,0.6043739366398015
2,2026,0.5991486504311407
2,2027,0.5366151790796879
2,2028,0.574405524394717
2,2029,0.4749773196398579
2,2030,0.5364286576039196
2,2031,0.538790832583693
2,2032,0.4831427579341469
2,2033,0.44737889994660746
2,2034,0.7566362873557703
2,2035,0.4153395317470229
2,2036,0.5930827709407842
2,2037,0.43893262568485597
2,2038,0.49045779995168937
2,2039,0.4465771524189947
2,2040,0.431365670148157
2,2041,0.672564340357241
2,2042,0.4836706219527713
2,2043,0.46922732866704336
2,2044,0.42975038299344004
2,2045,0.6370198486187244
2,2046,0.47504674709737776
2,2047,0.6998986215158921
2,2048,0.54606048691484
2,2049,0.7044966292040677
2,2050,0.5730799159216929
2,2051,0.5541893063175473
2,2052,0.6089327424301276
2,2053,0.672532819785307
2,2054,0.6800521349802523
2,2055,0.5226133336881098
2,2056,0.6138838612343924
2,2057,0.6068987588705714
2,2058,0.5067520451232159
2,2059,0.532177132199203
2,2060,0.5542015919250823
2,2061,0.593775738508797
2,2062,0.6006984846775855
2,2063,0.6780831262800691
2,2064,0.6509144904190807
2,2065,0.5350433789309955
2,2066,0.41312309629588256
2,2067,0.6115467477264495
2,2068,0.7335506616348272
2,2069,0.5275043075305722
2,2070,0.5013834881342865
2,2071,0.5605102773109466
2,2072,0.6537866895716808
2,2073,0.5809552176481956
2,2074,0.6542449752269961
2,2075,0.5316007856246107
2,2076,0.5669347727480971
2,2077,0.29372433900968187
2,2078,0.8186578826968826
2,2079,0.2900774406517903
2,2080,0.7150150507107661
2,2081,0.8674581673473712
2,2082,0.6569384248336074
2,2083,0.5918130964392472
2,2084,0.6120951834556495
2,2085,0.6405494639109811
2,2086,0.7116696520303963
2,2087,0.43556503088598997
2,2088,0.5380437981189484
2,2089,0.65934213713987
2,2090,0.6369498203197531
2,2091,0.5881153027266997
2,2092,0.5881153027266997
2,2093,0.6725842883494875
2,2094,0.6472707594985455
2,2095,0.8197962165967315
2,2096,0.32718447401824247
2,2097,0.43257046854202297
2,2098,0.33467416496393787
2,2099,0.2750624817438982
2,2100,0.6612954728073283
2,2101,0.7130817113954866
2,2102,0.5405595249098512
2,2103,0.7242965360962238
2,2104,0.4830842297109941
2,2105,0.5438642023453429
2,2106,0.540611074046313
2,2107,0.6998268833986893
2,2108,0.6719924949536189
2,2109,0.6719924949536189
2,2110,0.5719469299601879
2,2111,0.7301866856974316
2,2112,0.5728110243979717
2,2113,0.6862900826888848
2,2114,0.6397579068267732
2,2115,0.7553659853042073
2,2116,0.7394247711153645
2,2117,0.7232321996757145
2,2118,0.8213966160490485
2,2119,0.4943916833202979
2,2120,0.5137240073792865
2,2121,0.7484643532226687
2,2122,0.507656718710246
2,2123,0.2985952554651346
2,2124,0.38772932936904275
2,2125,0.5058678860377397
2,2126,0.7393671491831415
2,2127,0.7377998133685325
2,2128,0.5659015393311696
2,2129,0.6125243996255275
2,2130,0.6327454962392971
2,2131,0.5957546127240699
2,2132,0.5681899296316979
2,2133,0.5877677782668675
2,2134,0.5966244688677875
2,2135,0.3530455367121963
2,2136,0.6344656772840641
2,2137,0.6129396125680955
2,2138,0.6019675093832187
2,2139,0.7247693666271259
2,2140,0.4414695846986583
2,2141,0.6703022613422204
2,2142,0.5726059401599097
2,2143,0.4660830303516631
2,2144,0.543841055493046
2,2145,0.5580240484954068
2,2146,0.7015657170321025
2,2147,0.4115200496625293
2,2148,0.8726762896492183
2,2149,0.2855480344589598
2,2150,0.8488533872877174
2,2151,0.3308268821535195
2,2152,0.263682904357661
2,2153,0.5793936481370923
2,2154,0.5595203473466955
2,2155,0.6839335552964562
2,2156,0.6350906823810071
2,2157,0.3970790246546016
2,2158,0.7850106226682635
2,2159,0.7523330134527252
2,2160,0.6717395893215901
2,2161,0.5455461267259946
2,2162,0.5901616865558186
2,2163,0.4922781646940562
2,2164,0.6939440838060638
2,2165,0.5400533477096391
2,2166,0.6110902674436527
2,2167,0.5591630225338877
2,2168,0.47911209244324643
2,2169,0.5650714860781842
2,2170,0.6450352372992137
2,2171,0.7060837816969368
2,2172,0.49780285901278887
2,2173,0.5745787783157462
2,2174,0.7944798885161772
2,2175,0.820496330741591
2,2176,0.41209730273821105
2,2177,0.7045022741924996
2,2178,0.7451748608794115
2,2179,0.7192157215703018
2,2180,0.7783253538342527
2,2181,0.46154400017893765
2,2182,0.5270261355439545
2,2183,0.6655324312917361
2,2184,0.6698130802119003
2,2185,0.5913854167704662
2,2186,0.49841206626709444
2,2187,0.7036132918931683
2,2188,0.43908493794204545
2,2189,0.46620350023500007
2,2190,0.7870417312242284
2,2191,0.6380467498716492
2,2192,0.5230371456077167
2,2193,0.6806470480957914
2,2194,0.47093150472555034
2,2195,0.524535961782724
2,2196,0.4224057179299131
2,2197,0.6139059916119227
2,2198,0.5339486306921538
2,2199,0.6018237707959875
2,2200,0.6803704177416958
2,2201,0.5114179308743592
2,2202,0.7270427836535132
2,2203,0.47228577833455787
2,2204,0.5907770891523123
2,2205,0.5366447366284357
2,2206,0.313585220056579
2,2207,0.43912787871594794
2,2208,0.6684983108431969
2,2209,0.5529650039810479
2,2210,0.48907115025061243
2,2211,0.753480768176836
2,2212,0.33414767271290124
2,2213,0.8114028334942269
2,2214,0.33850346079717736
2,2215,0.4071316494745608
2,2216,0.636532322953198
2,2217,0.5555898710614965
2,2218,0.5615026460808256
2,2219,0.7110028236542055
2,2220,0.7037066905016522
2,2221,0.3919075799184433
2,2222,0.722168821035644
2,2223,0.6950251420056283
2,2224,0.4900893914354481
2,2225,0.6324809657102458
2,2226,0.7537668914528723
2,2227,0.7366493232615603
2,2228,0.48181512141164334
2,2229,0.43716333711975425
2,2230,0.5522452303922296
2,2231,0.6345457906927118
2,2232,0.4916810986723994
2,2233,0.5441187037308336
2,2234,0.355369458252399
2,2235,0.23296197622546494
2,2236,0.8698455500272387
2,2237,0.8214719488040009
2,2238,0.8360929773923131
2,2239,0.2952757551930875
2,2240,0.755549737911163
2,2241,0.4718468842682387
2,2242,0.36909431770228524
2,2243,0.6056801887528326
2,2244,0.3630048477744107
2,2245,0.6161055150474646
2,2246,0.6135173763416789
2,2247,0.6499873920677778
2,2248,0.6076408434490536
2,2249,0.6380556077201079
2,2250,0.7105249595001054
2,2251,0.6578584057304133
2,2252,0.5261612104207334
2,2253,0.7474312854877964
2,2254,0.35496705653791677
2,2255,0.6246851672508607
2,2256,0.5727878831656165
2,2257,0.633141822563513
2,2258,0.6147790990673863
2,2259,0.8105670200132647
2,2260,0.8394612482071938
2,2261,0.7187998355296795
2,2262,0.7148190288725738
2,2263,0.3997459337155217
2,2264,0.4165747705733899
2,2265,0.3294365047548149
2,2266,0.9163982340740849
2,2267,0.16647393683994013
2,2268,0.22553665249667568
2,2269,0.5029010083409782
2,2270,0.683140537750467
2,2271,0.5980047012076177
2,2272,0.6664133008293798
2,2273,0.6303570425965752
2,2274,0.3601200494214555
2,2275,0.7285617661724046
2,2276,0.7015930865220037
2,2277,0.7236824333564055
2,2278,0.7033625215439604
2,2279,0.5559272086162004
2,2280,0.6749954650390287
2,2281,0.7892690170925439
2,2282,0.4668504643052395
2,2283,0.7097089521709029
2,2284,0.37212058180316365
2,2285,0.7836299504832468
2,2286,0.4425447815269917
2,2287,0.42960807193510064
2,2288,0.67780577272155
2,2289,0.5972088278510077
2,2290,0.6370876230315279
2,2291,0.5728094082817337
2,2292,0.7087976128463577
2,2293,0.7245137016633298
2,2294,0.4588695866600032
2,2295,0.6490633144693166
2,2296,0.6353669753898129
2,2297,0.520374984938412
2,2298,0.4123259704542907
2,2299,0.620257796166585
2,2300,0.6669428176440101
2,2301,0.5711795883659184
2,2302,0.6202582005459595
2,2303,0.5622899089056308
2,2304,0.5880619510961644
2,2305,0.5058128985808302
2,2306,0.603879792304829
2,2307,0.4207819765862158
2,2308,0.3368418683847197
2,2309,0.37701600836530763
2,2310,0.7467854655153712
2,2311,0.28549364054327253
2,2312,0.632865143610658
2,2313,0.29406464986064385
2,2314,0.3406171608108225
2,2315,0.5310095213445215
2,2316,0.5641584458700808
2,2317,0.6118305486614849
2,2318,0.48008719112425335
2,2319,0.7132592480588811
2,2320,0.4616470051793507
2,2321,0.539272719318974
2,2322,0.6652192918878972
2,2323,0.49468274006794444
2,2324,0.45185642837208173
2,2325,0.5562359133959193
2,2326,0.6707726384677946
2,2327,0.6286896064211733
2,2328,0.44079973511701187
2,2329,0.5142707807334022
2,2330,0.5069244260888862
2,2331,0.6319952381378756
2,2332,0.5272772075901869
2,2333,0.8005558464251551
2,2334,0.3751010970929306
2,2335,0.4039796186568904
2,2336,0.3434696594525056
2,2337,0.41514588671878794
2,2338,0.4149574995674195
2,2339,0.6811989307144884
2,2340,0.6911572978637044
2,2341,0.4622143099759221
2,2342,0.3094561901997398
2,2343,0.7736920595338548
2,2344,0.3276865401514816
2,2345,0.39960125137257824
2,2346,0.6991293161467711
2,2347,0.774070886746605
2,2348,0.30372347889694884
2,2349,0.3512139400226785
2,2350,0.39841653692321366
2,2351,0.7410115622119609
2,2352,0.4337209848436203
2,2353,0.7203168896850847
2,2354,0.7395260583411631
2,2355,0.7394934008579921
2,2356,0.633351635235373
2,2357,0.5602084436536817
2,2358,0.6441401531743463
2,2359,0.7493023357689853
2,2360,0.7056502436085273
2,2361,0.32852410262714693
2,2362,0.863043538462397
2,2363,0.5747832313100674
2,2364,0.5557776090007505
2,2365,0.590334659582547
2,2366,0.590334659582547
2,2367,0.7210580227971499
2,2368,0.7517030819191463
2,2369,0.4330117277184684
2,2370,0.34496801061781934
2,2371,0.8230575999681411
2,2372,0.645863783000907
2,2373,0.6558315665311878
2,2374,0.7291049759779444
2,2375,0.56998747700445
2,2376,0.6195483131020434
2,2377,0.757537867648616
2,2378,0.6754181950100401
2,2379,0.5195563315247227
2,2380,0.617721093604173
2,2381,0.594673336571955
2,2382,0.428231910386187
2,2383,0.3797659457776438
2,2384,0.4602709116118023
2,2385,0.45973150707220306
2,2386,0.4659768181236625
2,2387,0.5776644858132036
2,2388,0.602733717101742
2,2389,0.5115793370211521
2,2390,0.4259110553500902
2,2391,0.3512445125396631
2,2392,0.6024066632658808
2,2393,0.6601174035370528
2,2394,0.599139222114022
2,2395,0.642249696491004
2,2396,0.43948097850054174
2,2397,0.5680861156156853
2,2398,0.6489116682878844
2,2399,0.5048731356636572
2,2400,0.5846990065717
2,2401,0.6215137199817273
2,2402,0.6550745534479768
2,2403,0.5838901340965519
2,2404,0.6064729112085244
2,2405,0.7150167650603558
2,2406,0.7515631592020696
2,2407,0.5660787864481065
2,2408,0.588989342800609
2,2409,0.7416830405601411
2,2410,0.49932477744313614
2,2411,0.6733493987546926
2,2412,0.5838793148950292
2,2413,0.5868657496166266
2,2414,0.6172891449192468
2,2415,0.732281588915296
2,2416,0.43150975248273454
2,2417,0.5016221387632186
2,2418,0.6462959200611096
2,2419,0.5570546652448544
2,2420,0.6354041954502286
2,2421,0.5558094392875099
2,2422,0.6555014714914015
2,2423,0.4864391547224084
2,2424,0.4335243713810842
2,2425,0.6026948862193955
2,2426,0.6973640995032615
2,2427,0.6351778262810949
2,2428,0.6635215494476931
2,2429,0.5582186757364755
2,2430,0.6008699528975247
2,2431,0.5760427128948585
2,2432,0.7498228890909759
2,2433,0.7559271011741591
2,2434,0.375986416113375
2,2435,0.4778677212761758
2,2436,0.5148658678646382
2,2437,0.6964751180900335
2,2438,0.6527589328735022
2,2439,0.6711952061383708
2,2440,0.4564832243800409
2,2441,0.646811450950482
2,2442,0.5285534549171509
2,2443,0.5940106964875256
2,2444,0.6089997022659317
2,2445,0.47985289150363414
2,2446,0.7116293580443263
2,2447,0.456578059029915
2,2448,0.7012067032711247
2,2449,0.5095790090199231
2,2450,0.5163778358005034
2,2451,0.5920052126723764
2,2452,0.7748053702933121
2,2453,0.6335719285060328
2,2454,0.6268609242399388
2,2455,0.7214109704640245
2,2456,0.5479821853336277
2,2457,0.5227425873624184
2,2458,0.6546641050994773
2,2459,0.7061828892773965
2,2460,0.7856788310360262
2,2461,0.5045426057698489
2,2462,0.5626807458386075
2,2463,0.5617430716765345
2,2464,0.5711170052258459
2,2465,0.6517571309928655
2,2466,0.5266993502830727
2,2467,0.4156019287776736
2,2468,0.5626669135067695
2,2469,0.674591345071763
2,2470,0.6599952815859643
2,2471,0.5606080384085617
2,2472,0.540717693124482
2,2473,0.5233211420685636
2,2474,0.7924172112210439
2,2475,0.7092912137654267
2,2476,0.4146865503428602
2,2477,0.5387041297422916
2,2478,0.614322916282928
2,2479,0.48433001945179266
2,2480,0.7218852332612093
2,2481,0.3848444213664577
2,2482,0.6073239544676767
2,2483,0.7239814620070317
2,2484,0.7050719071013719
2,2485,0.7149087642949273
2,2486,0.6610534297655415
2,2487,0.5290488881027208
2,2488,0.5441914313330793
2,2489,0.6845065960417717
2,2490,0.5089950538661959
2,2491,0.5447116930404935
2,2492,0.4944637635348291
2,2493,0.7006355823783338
2,2494,0.43524674113497624
2,2495,0.5699338904948825
2,2496,0.41108770453365967
2,2497,0.45560074252131866
2,2498,0.5913292500216714
2,2499,0.5825116582910758
2,2500,0.5909216710456814
2,2501,0.7230671166745868
2,2502,0.6193475346235108
2,2503,0.5736086655140166
2,2504,0.6502479561406255
2,2505,0.5748883762561656
2,2506,0.4480415961540751
2,2507,0.5467822042912079
2,2508,0.6300643380983518
2,2509,0.35421921815059165
2,2510,0.7733474833417744
2,2511,0.7077684851401456
2,2512,0.4332081876948423
2,2513,0.7362436329164446
2,2514,0.78175322228784
2,2515,0.8228115227093417
2,2516,0.8068307751591266
2,2517,0.3815140993323977
2,2518,0.37137518891186866
2,2519,0.6470585948967431
2,2520,0.635482875223217
2,2521,0.6720676878212856
2,2522,0.6369216296319015
2,2523,0.6369216296319015
2,2524,0.6928217570635096
2,2525,0.6053407968988848
2,2526,0.5841825343231063
2,2527,0.7236137488168172
2,2528,0.48356704765858655
2,2529,0.5724214509605521
2,2530,0.5523232027411383
2,2531,0.4902329882250705
2,2532,0.6079713325626379
2,2533,0.5818597481342288
2,2534,0.45553073342141037
2,2535,0.6951108868473764
2,2536,0.8122540639341482
2,2537,0.4570920336875718
2,2538,0.8020478639301142
2,2539,0.7707018116083877
2,2540,0.46254362884919237
2,2541,0.7246031668296263
2,2542,0.7156340222828823
2,2543,0.39647697579879043
2,2544,0.5455851943656166
2,2545,0.692233678101159
2,2546,0.5702658022363624
2,2547,0.4973743375695914
2,2548,0.7628645523400691
2,2549,0.6869728633434804
2,2550,0.7195133989635589
2,2551,0.6550530074707084
2,2552,0.7311151585030942
2,2553,0.712033305048644
2,2554,0.36059217221831924
2,2555,0.7902015688743348
2,2556,0.4089804005850621
2,2557,0.6246457589218328
2,2558,0.6232187376330383
2,2559,0.6098047460336479
2,2560,0.5303505176728257
2,2561,0.6460544957153154
2,2562,0.6294933658969573
2,2563,0.6855440803787601
2,2564,0.7133998646126466
2,2565,0.4875607056081875
2,2566,0.5946358122932007
2,2567,0.6328254598911552
2,2568,0.6360483598619465
2,2569,0.5373362559368241
2,2570,0.5542423840326265
2,2571,0.603308862764951
2,2572,0.5175278335491178
2,2573,0.4558851970136778
2,2574,0.4536265690839971
2,2575,0.3792239213379392
2,2576,0.6947979515863051
2,2577,0.6952586907784696
2,2578,0.6254240740265804
2,2579,0.5916322868038287
2,2580,0.598901532935502
2,2581,0.6249016094030073
2,2582,0.5739723716536633
2,2583,0.5833542580188043
2,2584,0.5417347771263635
2,2585,0.6755985915979104
2,2586,0.5167404100152213
2,2587,0.7173592098345812
2,2588,0.4987079360760076
2,2589,0.6994087409684069
2,2590,0.5301443710587166
2,2591,0.510032399358489
2,2592,0.5659614200789734
2,2593,0.534437665757065
2,2594,0.5792381907089398
2,2595,0.5146274237982816
2,2596,0.5475312172167862
2,2597,0.6625172449935425
2,2598,0.5735680067663865
2,2599,0.7118128875399078
2,2600,0.5069813311783982
2,2601,0.6072673417387684
2,2602,0.5153071864086997
2,2603,0.47359899676130424
2,2604,0.6145089460794195
2,2605,0.510092453133799
2,2606,0.7048874925340471
2,2607,0.570566775868709
2,2608,0.702040680535303
2,2609,0.5829228263435499
2,2610,0.5591243788747179
2,2611,0.6099756938668106
2,2612,0.5947580006578891
2,2613,0.6197693565321558
2,2614,0.7459804689265017
2,2615,0.5975303454256023
2,2616,0.192126834005563
2,2617,0.7937532756981045
2,2618,0.2503703056122874
2,2619,0.3946428268319421
2,2620,0.3946028467519376
2,2621,0.8517949621856
2,2622,0.4690803783732147
2,2623,0.6921158943029213
2,2624,0.547679691231107
2,2625,0.6212494098742651
2,2626,0.7441312538126456
2,2627,0.6415594670457387
2,2628,0.5127516450479587
2,2629,0.6744223555757698
2,2630,0.5125398685067797
2,2631,0.6409238368528611
2,2632,0.6483302958470968
2,2633,0.6585612290629634
2,2634,0.6288335334508761
2,2635,0.6102019029704181
2,2636,0.5470292601127021
2,2637,0.6151315366374882
2,2638,0.5175619149465608
2,2639,0.5136540516836543
2,2640,0.6902985883527126
2,2641,0.5817081719334241
2,2642,0.6962786985339475
2,2643,0.6371565113963639
2,2644,0.4004454544527436
2,2645,0.6010599412348926
2,2646,0.5084561245451934
2,2647,0.6122457943459273
2,2648,0.6558292499465701
2,2649,0.6827779904116139
2,2650,0.6981524023245392
2,2651,0.4491125993552202
2,2652,0.7125239565092482
2,2653,0.6431981660195937
2,2654,0.633182880722929
2,2655,0.5097254810270745
2,2656,0.6688329241168037
2,2657,0.47238760371328953
2,2658,0.641961242511578
2,2659,0.5110324480048387
2,2660,0.5786798052321601
2,2661,0.5188184379308723
2,2662,0.30786069889741585
2,2663,0.5496710581359073
2,2664,0.47984295527270177
2,2665,0.5148589556094322
2,2666,0.6121722171508438
2,2667,0.794028443142031
2,2668,0.6024556515325108
2,2669,0.528430786986287
2,2670,0.6662603993796002
2,2671,0.5705278039614697
2,2672,0.5484947286017918
2,2673,0.8507501911654924
2,2674,0.22042714961430646
2,2675,0.8565115754367466
2,2676,0.3767292621695613
2,2677,0.47176119198617744
2,2678,0.7006969803345963
2,2679,0.7482880282006972
2,2680,0.4303096085781224
2,2681,0.3958536543728896
2,2682,0.7518339852116772
2,2683,0.5557330168415934
2,2684,0.55953768291898
2,2685,0.7958560921123543
2,2686,0.8770618565084387
2,2687,0.847008043326229
2,2688,0.44335370931328216
2,2689,0.5316522443806128
2,2690,0.6401294135764725
2,2691,0.6105906786192561
2,2692,0.6833739725028862
2,2693,0.571406067789523
2,2694,0.5590129736720079
2,2695,0.611761764828948
2,2696,0.6034234808788472
2,2697,0.6351082127153032
2,2698,0.5841475377508047
2,2699,0.5762319106527046
2,2700,0.5174920771509726
2,2701,0.4377597471903712
2,2702,0.47762962158773914
2,2703,0.6713996815998527
2,2704,0.6838765230021259
2,2705,0.36909573889980224
2,2706,0.4321727593323563
2,2707,0.4192574761644213
2,2708,0.6372377167303072
2,2709,0.6457899707343056
2,2710,0.6618402642790951
2,2711,0.42036952739098066
2,2712,0.7738466481730296
2,2713,0.3575322430125157
2,2714,0.7476880706933825
2,2715,0.3179188833926851
2,2716,0.49861469215311266
2,2717,0.5038396420684955
2,2718,0.5280312083650421
2,2719,0.5901690412485401
2,2720,0.5860571393371179
2,2721,0.5562341204213965
2,2722,0.5198906345184663
2,2723,0.624288337958366
2,2724,0.4990324527689626
2,2725,0.764380038012121
2,2726,0.7977706104547296
2,2727,0.7638450190646469
2,2728,0.787238222677755
2,2729,0.6860526023750679
2,2730,0.5391944810716929
2,2731,0.7987797684090563
2,2732,0.6048854924708034
2,2733,0.31318393602560807
2,2734,0.7742811472516666
2,2735,0.3900770391523704
2,2736,0.3402440270907281
2,2737,0.7137242353169679
2,2738,0.4901327609032356
2,2739,0.7672006485296463
2,2740,0.5653862158963198
2,2741,0.6713745560650366
2,2742,0.563985161661123
2,2743,0.6082956888378115
2,2744,0.6252556888241847
2,2745,0.5224806438973216
2,2746,0.5229700747226264
2,2747,0.4911972440849312
2,2748,0.6290752844989447
2,2749,0.5673866889849642
2,2750,0.5729210916932654
2,2751,0.7299911893287209
2,2752,0.39690527340409726
2,2753,0.5320844541649706
2,2754,0.6672232784550947
2,2755,0.7222021893560834
2,2756,0.6408781835883783
2,2757,0.6115189670483901
2,2758,0.7217450555282031
2,2759,0.49111144718076427
2,2760,0.4887540030037
2,2761,0.5073525480056814
2,2762,0.7039416384396571
2,2763,0.46148471431434757
2,2764,0.6170568609417153
2,2765,0.6804238386529222
2,2766,0.594183793778226
2,2767,0.6915087479913927
2,2768,0.6209093121391476
2,2769,0.5883057574147468
2,2770,0.47550267001263286
2,2771,0.723184777398065
2,2772,0.7511409669220732
2,2773,0.6815972440100367
2,2774,0.5067388984739418
2,2775,0.4407686088289022
2,2776,0.7535100757494252
2,2777,0.7678711587322201
2,2778,0.7645502837500945
2,2779,0.7850570685035929
2,2780,0.6971188307968016
2,2781,0.501704542911484
2,2782,0.7693358390496073
2,2783,0.38481357020244117
2,2784,0.7324794573254569
2,2785,0.7980777981062074
2,2786,0.3434707717069487
2,2787,0.2691480173251279
2,2788,0.6374778610063068
2,2789,0.724404434648652
2,2790,0.6086207338223845
2,2791,0.670257601650673
2,2792,0.38293003604752684
2,2793,0.37981912493149533
2,2794,0.38890085554816034
2,2795,0.441895959244328
2,2796,0.4514896537055467
2,2797,0.5764900978774505
2,2798,0.41173087060783997
2,2799,0.6123412201615285
2,2800,0.43839583326108655
2,2801,0.6208768810972904
2,2802,0.6243952483454798
2,2803,0.30633150870767445
2,2804,0.21446593844533834
2,2805,0.5622339498824005
2,2806,0.33462906711018087
2,2807,0.8105949802632103
2,2808,0.5328601866241153
2,2809,0.6474456279616718
2,2810,0.6314322105843375
2,2811,0.6019560924692602
2,2812,0.6637124642947504
2,2813,0.668541834924747
2,2814,0.5538137402590619
2,2815,0.5021753252970793
2,2816,0.7234788275788807
2,2817,0.724641507756126
2,2818,0.46326819038995604
2,2819,0.43677163180575024
2,2820,0.7083739138540781
2,2821,0.5405022614807352
2,2822,0.5063543179132285
2,2823,0.7405130934770914
2,2824,0.46178373806908046
2,2825,0.7003517721383865
2,2826,0.5295492466541545
2,2827,0.6435255757462408
2,2828,0.5795922122370369
2,2829,0.5819691164303714
2,2830,0.5819691164303714
2,2831,0.7203291135354104
2,2832,0.7935688929754294
2,2833,0.6880058653025793
2,2834,0.5986881404577091
2,2835,0.6456479214328001
2,2836,0.6697443343368776
2,2837,0.6240689926787343
2,2838,0.6145318310013055
2,2839,0.5557318739563095
2,2840,0.5826503307300565
2,2841,0.542794070509769
2,2842,0.5557194143829758
2,2843,0.7029129774717822
2,2844,0.6896194130718516
2,2845,0.46745403427585364
2,2846,0.6681563298408444
2,2847,0.5371139120007727
2,2848,0.5965878624939728
2,2849,0.6098253742011062
2,2850,0.6383707446264427
2,2851,0.6337476655678727
2,2852,0.5461402496603369
2,2853,0.7004033244742062
2,2854,0.6618049678273775
2,2855,0.5769323009526414
2,2856,0.4601985721448614
2,2857,0.8079872974594824
2,2858,0.48651336563033476
2,2859,0.6346255965900091
2,2860,0.5910272132688827
2,2861,0.6987476747257917
2,2862,0.2841658831261683
2,2863,0.5621298928345568
2,2864,0.5922115122297501
2,2865,0.5918482868376964
2,2866,0.5555014756853098
2,2867,0.607887854230159
2,2868,0.6330665526271685
2,2869,0.594187758448862
2,2870,0.5813126446805634
2,2871,0.7417891743417234
2,2872,0.7066593384034832
2,2873,0.5174768712538316
2,2874,0.6297820188423159
2,2875,0.6136895969857333
2,2876,0.6057357711291824
2,2877,0.6203020381317081
2,2878,0.7166484676124926
2,2879,0.5984384188305005
2,2880,0.45795570434248223
2,2881,0.6764938564802437
2,2882,0.6756428596094196
2,2883,0.45678561477815527
2,2884,0.6372368459633276
2,2885,0.6563666989202029
2,2886,0.6355511383819765
2,2887,0.5202698949024284
2,2888,0.7209337207872376
2,2889,0.5292072731675108
2,2890,0.596205065855404
2,2891,0.6544010302135439
2,2892,0.4810423984832676
2,2893,0.5748289347673229
2,2894,0.6536911632072587
2,2895,0.5905315260395548
2,2896,0.5789606997051194
2,2897,0.46601986416171526
2,2898,0.6950812610324997
2,2899,0.4364054485635535
2,2900,0.7072557925800841
2,2901,0.5646387468928811
2,2902,0.6411492668429898
2,2903,0.44765493625894065
2,2904,0.4683581441642076
2,2905,0.48446571374492076
2,2906,0.48446571374492076
2,2907,0.5917434701905533
2,2908,0.763995513727228
2,2909,0.7711641137172763
2,2910,0.47049293856372254
2,2911,0.6587280609344364
2,2912,0.6011907606337769
2,2913,0.6052387321679025
2,2914,0.621784776612519
2,2915,0.5648767067670436
2,2916,0.6123150894349846
2,2917,0.6927753052617855
2,2918,0.5151127621036653
2,2919,0.5690761655553985
2,2920,0.642251112672448
2,2921,0.4831115265951683
2,2922,0.6526242615945452
2,2923,0.4488445536097531
2,2924,0.4186009431055723
2,2925,0.6753138656188008
2,2926,0.37246464925873557
2,2927,0.5007044197359848
2,2928,0.5812296425129723
2,2929,0.6291139750603312
2,2930,0.6443531386875857
2,2931,0.6008231070535057
2,2932,0.4841295498746633
2,2933,0.29013450598534335
2,2934,0.791337504092382
2,2935,0.41772056537127583
2,2936,0.4526049248635094
2,2937,0.7381753141139069
2,2938,0.718558066884652
2,2939,0.5023047655306184
2,2940,0.7136669340223788
2,2941,0.5656246917945448
2,2942,0.49500815837991613
2,2943,0.6777190056073743
2,2944,0.7026496822566888
2,2945,0.48781859383746656
2,2946,0.6470719896997438
2,2947,0.6590104826878828
2,2948,0.4925222100287754
2,2949,0.4985117401724891
2,2950,0.692487172993282
2,2951,0.7572882878359485
2,2952,0.7551681017040731
2,2953,0.5590347884350565
2,2954,0.5142392837408928
2,2955,0.7010850767084925
2,2956,0.6295934914847273
2,2957,0.6256617039706399
2,2958,0.5906623638160577
2,2959,0.48638547288889383
2,2960,0.6215413690220704
2,2961,0.6022696598511249
2,2962,0.6960931183220873
2,2963,0.664734960303271
2,2964,0.7843713058871734
2,2965,0.857975746593628
2,2966,0.8553839285730005
2,2967,0.417472629987978
2,2968,0.5196258482255829
2,2969,0.47057926721624876
2,2970,0.4550094400135326
2,2971,0.5633820423929502
2,2972,0.7228059572146607
2,2973,0.6884992347724191
2,2974,0.5381800332740111
2,2975,0.47884021785250036
2,2976,0.490824602277149
2,2977,0.6691540446153457
2,2978,0.596447602458006
2,2979,0.6882089529393592
2,2980,0.6488658849690437
2,2981,0.5917296918714158
2,2982,0.6052767294708685
2,2983,0.7159129750642259
2,2984,0.6741620648850168
2,2985,0.5928622874248118
2,2986,0.5147205699272147
2,2987,0.5516727309637068
2,2988,0.6304310341376457
2,2989,0.5641175393112927
2,2990,0.4781633861125021
2,2991,0.7472594298481746
2,2992,0.35039700148117564
2,2993,0.7514596623966504
2,2994,0.7309355369758963
2,2995,0.4034936409037081
2,2996,0.7398945779302706
2,2997,0.7176867394885217
2,2998,0.6247511071383407
2,2999,0.7567061419856841
2,3000,0.7930606949047888
2,3001,0.8891361885556553
2,3002,0.6395643560928355
2,3003,0.6420094403787651
2,3004,0.5558591277540508
2,3005,0.6591074624987485
2,3006,0.5370129169644412
2,3007,0.5828960110832421
2,3008,0.5840529536469748
2,3009,0.5626789331530777
2,3010,0.847684136246266
2,3011,0.33104933749008714
2,3012,0.38058088519618405
2,3013,0.5009904049490572
2,3014,0.39999574148108813
2,3015,0.7627552032649052
2,3016,0.5442191232531194
2,3017,0.48781120031973063
2,3018,0.5399935203427211
2,3019,0.46026513458721974
2,3020,0.5398634046275279
2,3021,0.50638833931681
2,3022,0.748021067721415
2,3023,0.6499321916770693
2,3024,0.362830672088342
2,3025,0.6559431887892577
2,3026,0.5424961407264687
2,3027,0.5247678101045739
2,3028,0.26424523219338264
2,3029,0.5001718066210211
2,3030,0.5938925969707504
2,3031,0.9253674023996108
2,3032,0.8710787469727201
2,3033,0.6745556083336518
2,3034,0.7231983905634884
2,3035,0.4237394298579843
2,3036,0.49685739088840863
2,3037,0.4759827802690092
2,3038,0.6018952756799445
2,3039,0.7174509289919816
2,3040,0.6954524377245652
2,3041,0.6464348519116984
2,3042,0.49065777219036794
2,3043,0.6703374019847494
2,3044,0.5171100097210022
2,3045,0.4835611230486969
2,3046,0.5125821687318979
2,3047,0.731537534162287
2,3048,0.3897086440690323
2,3049,0.6735117539232627
2,3050,0.6960090687458762
2,3051,0.6227457371331367
2,3052,0.5857078354954064
2,3053,0.549680211033223
2,3054,0.5612479558661532
2,3055,0.4904840587318437
2,3056,0.4533876812570363
2,3057,0.43050754525315177
2,3058,0.5365303959695582
2,3059,0.6657125903490194
2,3060,0.6981252844450426
2,3061,0.46811235818430164
2,3062,0.49706305222235925
2,3063,0.5251019148621824
2,3064,0.5915109024297632
2,3065,0.6494407831876787
2,3066,0.6168029034577414
2,3067,0.5909883753057462
2,3068,0.7572465975936898
2,3069,0.5373861887706859
2,3070,0.5733368943021504
2,3071,0.6896798962507392
2,3072,0.6226770864219161
2,3073,0.4619150639692129
2,3074,0.4753631209039627
2,3075,0.3763068079821154
2,3076,0.7685824380480104
2,3077,0.4932363184345271
2,3078,0.6573942549365528
2,3079,0.7098116831924628
2,3080,0.3394229669484223
2,3081,0.8150350357177827
2,3082,0.3306771770653467
2,3083,0.817163584738486
2,3084,0.26112962619597524
2,3085,0.7213075286664026
2,3086,0.5930328404138181
2,3087,0.695850465410658
2,3088,0.5877576402308482
2,3089,0.7293817845804919
2,3090,0.4663154750864863
2,3091,0.5833118477063001
2,3092,0.5676362775098289
2,3093,0.6820360625328658
2,3094,0.46496497395510805
2,3095,0.5419534477538287
2,3096,0.6600860352886484
2,3097,0.49548179268270365
2,3098,0.5773237484803078
2,3099,0.48300074486492767
2,3100,0.6834978203272872
2,3101,0.5643839157908859
2,3102,0.6046004934582224
2,3103,0.5140129932745521
2,3104,0.6638577708245383
2,3105,0.5350236326187922
2,3106,0.3892865997470834
2,3107,0.5874456360590032
2,3108,0.4318542196487037
2,3109,0.6547370885638392
2,3110,0.6029494985291209
2,3111,0.5514350556361762
2,3112,0.5329114698043315
2,3113,0.5683466596061625
2,3114,0.7158131946732547
2,3115,0.6979813031745971
2,3116,0.4957788107853584
2,3117,0.7857352012552103
2,3118,0.787898611695198
2,3119,0.49719657142387946
2,3120,0.6941715772422324
2,3121,0.5039815110283944
2,3122,0.5849559848755753
2,3123,0.5306078590652697
2,3124,0.6305005744981688
2,3125,0.5042336554437985
2,3126,0.7332034522038426
2,3127,0.5373176816978625
2,3128,0.5373176816978625
2,3129,0.708826716003026
2,3130,0.7262528004170392
2,3131,0.5157217347158658
2,3132,0.6645522213869857
2,3133,0.6359214868568803
2,3134,0.7133093905181511
2,3135,0.5801525701971122
2,3136,0.5654884568232688
2,3137,0.6378875660874846
2,3138,0.590897762937832
2,3139,0.4438196584887361
2,3140,0.736957153902457
2,3141,0.7204671742798133
2,3142,0.6257410857771016
2,3143,0.5402698564794292
2,3144,0.7171137105999137
2,3145,0.4615873715742268
2,3146,0.4250689542745641
2,3147,0.5671671571735907
2,3148,0.6335371817784645
2,3149,0.6801314214347733
2,3150,0.6279375732123819
2,3151,0.49606836551006767
2,3152,0.7013297261016996
2,3153,0.4666027236468798
2,3154,0.5767078427256929
2,3155,0.5830021560749331
2,3156,0.6017785135704063
2,3157,0.5813517607274205
2,3158,0.5991557633702335
2,3159,0.6258427987704185
2,3160,0.573934311948818
2,3161,0.6777914349186751
2,3162,0.6678019620089252
2,3163,0.5384739551414187
2,3164,0.638874748636587
2,3165,0.6234839669206754
2,3166,0.5880647338662073
2,3167,0.5132190718054862
2,3168,0.6424648278541336
2,3169,0.6199421973818422
2,3170,0.7231212944906902
2,3171,0.460704640087599
2,3172,0.7385048824250345
2,3173,0.4029553565264107
2,3174,0.7679941031796038
2,3175,0.7245823636658808
2,3176,0.44201555935954406
2,3177,0.5603383210827152
2,3178,0.7001225386593164
2,3179,0.48200635309897283
2,3180,0.48561654356886974
2,3181,0.5102100551707397
2,3182,0.528816546474835
2,3183,0.5376192541716909
2,3184,0.5262406963170514
2,3185,0.6044798276390903
2,3186,0.5782663780375669
2,3187,0.5881930183504065
2,3188,0.6577302775097181
2,3189,0.7251689228041
2,3190,0.746757622315394
2,3191,0.6948959638197862
2,3192,0.5337322001873385
2,3193,0.5463489979475759
2,3194,0.5913351419977931
2,3195,0.49974752268673067
2,3196,0.5800685458397012
2,3197,0.6129861488129853
2,3198,0.49449154569039455
2,3199,0.7818913411622563
2,3200,0.3407026899740995
2,3201,0.8108753861029943
2,3202,0.5081294490087306
2,3203,0.6578466840528202
2,3204,0.5155854472269689
2,3205,0.3469106765143846
2,3206,0.5588239555354685
2,3207,0.5649718224163551
2,3208,0.42616795947936875
2,3209,0.6051700966488618
2,3210,0.6296304913079539
2,3211,0.4560564165779098
2,3212,0.6895269875518225
2,3213,0.5186545561476527
2,3214,0.49620686577315143
2,3215,0.8590964193188783
2,3216,0.7113637153647089
2,3217,0.49545896639309916
2,3218,0.6714646120728448
2,3219,0.6798284292683859
2,3220,0.5356211465470752
2,3221,0.6249416751367479
2,3222,0.5571462818850113
2,3223,0.6474284872838911
2,3224,0.5313646783685105
2,3225,0.5637408233957977
2,3226,0.6251970809241589
2,3227,0.5668480870191175
2,3228,0.565054903652326
2,3229,0.5701299538839881
2,3230,0.5625087653438255
2,3231,0.5057676521508883
2,3232,0.5997185873108113
2,3233,0.7986004968243674
2,3234,0.7503330694606954
2,3235,0.2675285107675061
2,3236,0.2675285107675061
2,3237,0.4613397679559167
2,3238,0.46658852283058533
2,3239,0.5085694989473101
2,3240,0.694301999349224
2,3241,0.555935479908676
2,3242,0.7110623495980669
2,3243,0.7904414658847717
2,3244,0.6299954008347141
2,3245,0.4494350834925125
2,3246,0.6766518968966808
2,3247,0.5131639164488271
2,3248,0.5170351943134209
2,3249,0.6591208448733276
2,3250,0.4586676412840147
2,3251,0.5133808738112726
2,3252,0.41378313250649396
2,3253,0.3229601033384658
2,3254,0.5353847473449064
2,3255,0.7477378763569354
2,3256,0.8158414752599926
2,3257,0.9070535733664387
2,3258,0.8471425297528291
2,3259,0.45464672654937405
2,3260,0.44905686235099973
2,3261,0.6105128036186465
2,3262,0.6554341442463468
2,3263,0.632573608608328
2,3264,0.5210224581885426
2,3265,0.6962909690348492
2,3266,0.2950873630746907
2,3267,0.6099655356938176
2,3268,0.7307361513036343
2,3269,0.5522250220528805
2,3270,0.49297005848848696
2,3271,0.4349703186911118
2,3272,0.7231617514378077
2,3273,0.7362411586206511
2,3274,0.7162480394630263
2,3275,0.6632335652311497
2,3276,0.7265617743090697
2,3277,0.5081805583168003
2,3278,0.6888690037506086
2,3279,0.5644572484771088
2,3280,0.7068807192154358
2,3281,0.5739434265847162
2,3282,0.41556771882713167
2,3283,0.6007756897540453
2,3284,0.4680667963239456
2,3285,0.665029144839603
2,3286,0.6524210461864811
2,3287,0.6450869108512192
2,3288,0.4123492287222466
2,3289,0.3728677725567444
2,3290,0.7527083552376812
2,3291,0.6337811874020477
2,3292,0.5636993808410179
2,3293,0.536718322985849
2,3294,0.5217977326080999
2,3295,0.6139972995860505
2,3296,0.5419405945695264
2,3297,0.4825353028164621
2,3298,0.6995051992617538
2,3299,0.8305094383271853
2,3300,0.8131593111002011
2,3301,0.5888132907037095
2,3302,0.6763043251979943
2,3303,0.5613025116609783
2,3304,0.6062823000797323
2,3305,0.7341044966678695
2,3306,0.6822155741262762
2,3307,0.546905389420884
2,3308,0.5420552259087089
2,3309,0.670398432908943
2,3310,0.5529874847257786
2,3311,0.6094012116523744
2,3312,0.7767410990752783
2,3313,0.8172728157844636
2,3314,0.5303198248136021
2,3315,0.5139334408678712
2,3316,0.66974163611056
2,3317,0.6645454530806371
2,3318,0.663635365908303
2,3319,0.5339294601477865
2,3320,0.6407622924362913
2,3321,0.5527545470096106
2,3322,0.6143012499530095
2,3323,0.6194161597168873
2,3324,0.6047386439918496
2,3325,0.47170425770681096
2,3326,0.6427595171046562
2,3327,0.592300836525432
2,3328,0.6177584940950793
2,3329,0.5690473840437935
2,3330,0.676927183587402
2,3331,0.5361116867207746
2,3332,0.7422118665135851
2,3333,0.5754484612935937
2,3334,0.5672975332028402
2,3335,0.6154875240332411
2,3336,0.5573241646486017
2,3337,0.5093970227624944
2,3338,0.4600034826505245
2,3339,0.7810636722275558
2,3340,0.8113078253303576
2,3341,0.774052727123558
2,3342,0.3253653112016255
2,3343,0.8609452003179969
2,3344,0.4890028914238495
2,3345,0.6631923099036259
2,3346,0.6432532536817517
2,3347,0.5094678828407208
2,3348,0.7379948153627264
2,3349,0.4752361435455346
2,3350,0.5662958447554456
2,3351,0.647345546794701
2,3352,0.6930565469850327
2,3353,0.5069158847798313
2,3354,0.8065582495635979
2,3355,0.45151024489613545
2,3356,0.48172296858729585
2,3357,0.5205298586394063
2,3358,0.6549840511041685
2,3359,0.5652391819335558
2,3360,0.573308733713624
2,3361,0.6082062984009007
2,3362,0.4470366220599441
2,3363,0.6197916876884899
2,3364,0.5724368702209873
2,3365,0.6532257012596331
2,3366,0.6266979104527604
2,3367,0.6868145364369657
2,3368,0.6284610766767714
2,3369,0.623677335503317
2,3370,0.5855036894172516
2,3371,0.7166493436316511
2,3372,0.691147284473818
2,3373,0.5105677985041481
2,3374,0.4625918272627986
2,3375,0.40764499983486085
2,3376,0.7360761079410982
2,3377,0.6580312228242644
2,3378,0.4274726483828225
2,3379,0.5209355395093755
2,3380,0.5823523274569251
2,3381,0.37872095457867
2,3382,0.2920507507937231
2,3383,0.699863434702324
2,3384,0.6730651536267828
2,3385,0.760999875639084
2,3386,0.4760563022401575
2,3387,0.7471592687575028
2,3388,0.5685595145436256
2,3389,0.6331944841835538
2,3390,0.614451182538232
2,3391,0.6075088548499921
2,3392,0.6711595187725131
2,3393,0.5163023718785096
2,3394,0.5703626163268631
2,3395,0.6036661496704995
2,3396,0.5669776055959467
2,3397,0.5648359572717301
2,3398,0.5018709143682618
2,3399,0.7576971629618511
2,3400,0.7006115914358367
2,3401,0.48922808842168886
2,3402,0.7183284654888409
2,3403,0.5656958414779023
2,3404,0.5572139649368644
2,3405,0.6087257499599058
2,3406,0.5599884804308058
2,3407,0.41086925414673614
2,3408,0.7357366851639149
2,3409,0.491717782185546
2,3410,0.6535608118293549
2,3411,0.7501937998676566
2,3412,0.6419849432640605
2,3413,0.5367305570234734
2,3414,0.6329152660602727
2,3415,0.698610105272026
2,3416,0.31457221845207145
2,3417,0.631014801537796
2,3418,0.5557996707224221
2,3419,0.6336769860747014
2,3420,0.5520842639882031
2,3421,0.7514541665477229
2,3422,0.4715171454226525
2,3423,0.7097183952367117
2,3424,0.5871555717628301
2,3425,0.42604801316521607
2,3426,0.4439870094496006
2,3427,0.49338833392843373
2,3428,0.49507048867015446
2,3429,0.602891307514271
2,3430,0.4103793940388787
2,3431,0.6447250226217002
2,3432,0.4552553664208778
2,3433,0.440089452660881
2,3434,0.7447124708029922
2,3435,0.4536991113444894
2,3436,0.5848137427421779
2,3437,0.41383315519514563
2,3438,0.634139809642722
2,3439,0.5343538474896515
2,3440,0.7496737905619599
2,3441,0.7357467928858428
2,3442,0.4383900448859679
2,3443,0.3609675467396468
2,3444,0.3856889359247429
2,3445,0.6740993065895913
2,3446,0.8422197195923399
2,3447,0.22780957159527307
2,3448,0.6755011032361474
2,3449,0.6222188620235874
2,3450,0.45301407822579204
2,3451,0.6948482420957652
2,3452,0.7708407640171935
2,3453,0.7613347299788399
2,3454,0.7095216332957537
2,3455,0.49866936906825615
2,3456,0.6430035741215396
2,3457,0.6430035741215396
2,3458,0.7556575360543303
2,3459,0.43564393887678254
2,3460,0.5452212128047099
2,3461,0.6436337707881913
2,3462,0.7271231520517853
2,3463,0.508307663689381
2,3464,0.6911979568867295
2,3465,0.6225229719463468
2,3466,0.48381805568786623
2,3467,0.6503007872478077
2,3468,0.649857952378094
2,3469,0.27632140200833455
2,3470,0.7951329276856367
2,3471,0.36993459748980817
2,3472,0.5889753587353328
2,3473,0.6340821823393837
2,3474,0.6205910357641943
2,3475,0.6870317180949318
2,3476,0.5555823250252573
2,3477,0.7002865947837728
2,3478,0.615358675168057
2,3479,0.56726655390258
2,3480,0.6782453570980981
2,3481,0.6329844307532954
2,3482,0.5290033215144263
2,3483,0.5899416152370723
2,3484,0.6812677698517178
2,3485,0.6936169603292619
2,3486,0.6904992114537497
2,3487,0.6715753977087682
2,3488,0.48869161092488306
2,3489,0.6965400008050598
2,3490,0.5089738771416958
2,3491,0.5303864524545889
2,3492,0.5113442926971927
2,3493,0.5587589703949409
2,3494,0.6249298561105116
2,3495,0.6047509652945853
2,3496,0.40090943820908215
2,3497,0.33645500641983006
2,3498,0.33171166522297296
2,3499,0.36780900239143605
2,3500,0.3442068292824227
2,3501,0.45467072210937315
2,3502,0.39551935432679763
2,3503,0.3514956139189189
2,3504,0.4092650457087222
2,3505,0.6557259773660409
2,3506,0.6928647063954115
2,3507,0.7107133516398921
2,3508,0.6081942977587695
2,3509,0.7047731101853791
2,3510,0.6445507799284153
2,3511,0.7146296109555669
2,3512,0.463720942932862
2,3513,0.8017008221703221
2,3514,0.7809897469742161
2,3515,0.5552170562552988
2,3516,0.4223941396132917
2,3517,0.5078886484669172
2,3518,0.49949825641404766
2,3519,0.6978905608020808
2,3520,0.556946410943601
2,3521,0.35861583068830144
2,3522,0.6259764650503565
2,3523,0.6312651366923469
2,3524,0.48732448799508565
2,3525,0.6744542367875066
2,3526,0.6431793993065806
2,3527,0.6581653900180364
2,3528,0.5372300267118031
2,3529,0.7902835776419255
2,3530,0.7705797165704538
2,3531,0.49109515956347644
2,3532,0.30703547557246436
2,3533,0.2443440156807187
2,3534,0.5972974299330864
2,3535,0.6461723849275398
2,3536,0.3388830067780819
2,3537,0.28977762778492994
2,3538,0.24014359776612468
2,3539,0.8724439022604772
2,3540,0.47170894359935095
2,3541,0.4198360591353647
2,3542,0.7079722476466914
2,3543,0.44238725858861505
2,3544,0.4506833134641817
2,3545,0.7433273875456393
2,3546,0.4659023359777203
2,3547,0.7809574585750108
2,3548,0.6362723489705279
2,3549,0.4501704923688931
2,3550,0.4284841864328458
2,3551,0.6736063273802833
2,3552,0.6924066678923164
2,3553,0.5421521164174506
2,3554,0.5241755247860944
2,3555,0.6764730947374844
2,3556,0.36353207475755617
2,3557,0.47968795170139134
2,3558,0.5240812645880918
2,3559,0.5840097553169595
2,3560,0.6486386501697472
2,3561,0.706901736444774
2,3562,0.5155779215911521
2,3563,0.5485836484541571
2,3564,0.5189436951971016
2,3565,0.5856220300725495
2,3566,0.7739822912128387
2,3567,0.6937697107282769
2,3568,0.7233234133064075
2,3569,0.6820022117877124
2,3570,0.7136469904209637
2,3571,0.4579109545819271
2,3572,0.49889612401664024
2,3573,0.5152928453435578
2,3574,0.7920822042083178
2,3575,0.34576154758706334
2,3576,0.49825757904535106
2,3577,0.5826464554973325
2,3578,0.5749932434085637
2,3579,0.5813939134177116
2,3580,0.641851265183704
2,3581,0.4109440453271914
2,3582,0.5803299590477488
2,3583,0.5925866504813582
2,3584,0.6510052357889834
2,3585,0.5213769886495809
2,3586,0.4362860394568259
2,3587,0.6809481931436601
2,3588,0.6731696834339047
2,3589,0.6066658679400528
2,3590,0.610111278075275
2,3591,0.6500860060128821
2,3592,0.6044026621379797
2,3593,0.3841789866489216
2,3594,0.6787711634068576
2,3595,0.651733669453431
2,3596,0.5582771992073725
2,3597,0.6432347962042502
2,3598,0.5741023660095238
2,3599,0.44298999853946386
2,3600,0.742149034113976
2,3601,0.49000701361956656
2,3602,0.8137415447878638
2,3603,0.6965201339742274
2,3604,0.5396962944201917
2,3605,0.613208550178157
2,3606,0.6932094859542284
2,3607,0.6932094859542284
2,3608,0.5923273138963622
2,3609,0.569076804543044
2,3610,0.569572118307666
2,3611,0.5875793683547146
2,3612,0.6176169103893049
2,3613,0.6646039366967548
2,3614,0.5916740297109322
2,3615,0.5373962589594214
2,3616,0.6262978126218648
2,3617,0.6298553651294443
2,3618,0.5845940441453161
2,3619,0.5374294936643708
2,3620,0.6539553806945113
2,3621,0.5141620739876536
2,3622,0.5871206504686649
2,3623,0.5947460010398208
2,3624,0.5734781378195796
2,3625,0.6051796141285618
2,3626,0.7060903763847443
2,3627,0.6434054155437774
2,3628,0.5572800913937438
2,3629,0.6038937258166125
2,3630,0.6392199882935168
2,3631,0.663343428565979
2,3632,0.6668644619670456
2,3633,0.6078439141459554
2,3634,0.6110268376549738
2,3635,0.7541750810786508
2,3636,0.40565000095021325
2,3637,0.6772195832594099
2,3638,0.4221063742327435
2,3639,0.6383960626086017
2,3640,0.5372599477211019
2,3641,0.43257834302220144
2,3642,0.4175453567806975
2,3643,0.5237289736491056
2,3644,0.5886168371740206
2,3645,0.6156097345026363
2,3646,0.7232228377056094
2,3647,0.4316988907747262
2,3648,0.5255416621324873
2,3649,0.5616876882275678
2,3650,0.6029316164313389
2,3651,0.5952173695121132
2,3652,0.511825164261162
2,3653,0.612595255985287
2,3654,0.6183068330577492
2,3655,0.6178300853978427
2,3656,0.5535003089166478
2,3657,0.5232181126713119
2,3658,0.6515753696587288
2,3659,0.5699748655269924
2,3660,0.5809033172286072
2,3661,0.6436851473734272
2,3662,0.5084791069090342
2,3663,0.4857998850287626
2,3664,0.6839772935028426
2,3665,0.4551883439732103
2,3666,0.6733921566986262
2,3667,0.48664905762643307
2,3668,0.6700728275739478
2,3669,0.5241960477053139
2,3670,0.5452361679693097
2,3671,0.2640361963315306
2,3672,0.4299316977204333
2,3673,0.7281278340438662
2,3674,0.5314651195643151
2,3675,0.7743463576589159
2,3676,0.3962728805062308
2,3677,0.571984821538936
2,3678,0.5384135790381869
2,3679,0.5612853774959378
2,3680,0.7235269296523856
2,3681,0.4548477981895656
2,3682,0.6931450806260505
2,3683,0.5908994598371411
2,3684,0.6282201318921486
2,3685,0.602007397741293
2,3686,0.612425965168416
2,3687,0.7312158947058858
2,3688,0.37942463513608166
2,3689,0.7539793193757546
2,3690,0.39284180243249056
2,3691,0.5429066029424567
2,3692,0.46390586369204995
2,3693,0.4439873927076923
2,3694,0.7594079199726161
2,3695,0.6662981978661434
2,3696,0.5736827234575925
2,3697,0.6365139384256087
2,3698,0.5145232861443437
2,3699,0.7069592150688049
2,3700,0.6657502282098532
2,3701,0.5875801686557378
2,3702,0.46847488457219705
2,3703,0.4529467540075455
2,3704,0.7243350193222331
2,3705,0.6392004601645522
2,3706,0.6633947379564533
2,3707,0.6207490779379993
2,3708,0.5792066926100894
2,3709,0.5149435696588486
2,3710,0.5509201274413904
2,3711,0.6887675519941499
2,3712,0.6215361405324105
2,3713,0.6499249772477739
2,3714,0.7609432913258612
2,3715,0.7672962942573436
2,3716,0.4051697261183259
2,3717,0.41274372423766875
2,3718,0.6256836706635881
2,3719,0.5118595368977081
2,3720,0.5381503871038231
2,3721,0.4990874370012513
2,3722,0.5592404517040455
2,3723,0.410194506901896
2,3724,0.765433754858835
2,3725,0.7827095565071278
2,3726,0.7699461120678236
2,3727,0.5240739249327507
2,3728,0.6510630065619583
2,3729,0.5141511321589802
2,3730,0.7373309299653567
2,3731,0.5257374664099335
2,3732,0.5265917937017293
2,3733,0.6596886965305363
2,3734,0.6271346402005924
2,3735,0.5011886556378554
2,3736,0.5442954719761541
2,3737,0.69411083760938
2,3738,0.5598858972792939
2,3739,0.6826258293413077
2,3740,0.6572428732627102
2,3741,0.5368875751349137
2,3742,0.7964903716222469
2,3743,0.6536191523469723
2,3744,0.5242215508168826
2,3745,0.651592835446861
2,3746,0.6954573704653723
2,3747,0.38914913792096745
2,3748,0.7419605377480137
2,3749,0.6495222314419046
2,3750,0.6470688239451802
2,3751,0.7826033302426579
2,3752,0.473143516783239
2,3753,0.452128821221492
2,3754,0.681831487430242
2,3755,0.5440798842808156
2,3756,0.5097853249370183
2,3757,0.4916680349438396
2,3758,0.7187188020441635
2,3759,0.4511605283766817
2,3760,0.47461811295159784
2,3761,0.6512476812618606
2,3762,0.5695319830344114
2,3763,0.67929997315721
2,3764,0.442686869889991
2,3765,0.530181535640216
2,3766,0.753789292124854
2,3767,0.6976886628828749
2,3768,0.6657340804198383
2,3769,0.46646361033285116
2,3770,0.6643904290846929
2,3771,0.45480603693714267
2,3772,0.8464884272917765
2,3773,0.32650433934222234
2,3774,0.8526735021445069
2,3775,0.7151962072703035
2,3776,0.5324627523050035
2,3777,0.46646275695663986
2,3778,0.6428375613245555
2,3779,0.6691255426843818
2,3780,0.6918226059180239
2,3781,0.5138473935739948
2,3782,0.7523726918062418
2,3783,0.91423262901444
2,3784,0.8788924488212021
2,3785,0.5618928975023911
2,3786,0.616058345222544
2,3787,0.514706992585213
2,3788,0.7215021823471891
2,3789,0.8585331106470638
2,3790,0.4576423396902863
2,3791,0.4576423396902863
2,3792,0.7327601905483616
2,3793,0.5835207166685875
2,3794,0.6022829591370297
2,3795,0.30308494890648247
2,3796,0.7014026324714501
2,3797,0.7363584965326732
2,3798,0.5080808865358886
2,3799,0.7845996364568665
2,3800,0.6184007754129913
2,3801,0.5188719135145161
2,3802,0.655589813970928
2,3803,0.6508628374756255
2,3804,0.6455971987333372
2,3805,0.6735412325414333
2,3806,0.4416237295269917
2,3807,0.4948927176882463
2,3808,0.7463339015810079
2,3809,0.7011487839472934
2,3810,0.5897277918458531
2,3811,0.4407405105259863
2,3812,0.3876939001430183
2,3813,0.5972578550412342
2,3814,0.5642668653392525
2,3815,0.5760061034568554
2,3816,0.43006074529138216
2,3817,0.43006074529138216
2,3818,0.4783300575120042
2,3819,0.6211785811862671
2,3820,0.5481928959940474
2,3821,0.5310170791210407
2,3822,0.7034212747219204
2,3823,0.7031946135888415
2,3824,0.8724419468709709
2,3825,0.6696319328750365
2,3826,0.656862365286736
2,3827,0.42064452240618855
2,3828,0.3951658978568347
2,3829,0.3535193043088233
2,3830,0.4373325742586296
2,3831,0.7325276707194085
2,3832,0.8766223893825996
2,3833,0.6682182261442102
2,3834,0.6804634850227832
2,3835,0.6566422885483253
2,3836,0.7672423248962739
2,3837,0.7469011540120023
2,3838,0.6449674470316668
2,3839,0.5536664605561818
2,3840,0.7121953671904342
2,3841,0.811621576795273
2,3842,0.5360621227807643
2,3843,0.5349625615117551
2,3844,0.47633993759766524
2,3845,0.6943695688722661
2,3846,0.4751563054611916
2,3847,0.6970896039561632
2,3848,0.4968745881879794
2,3849,0.5821476693828478
2,3850,0.6896534255773671
2,3851,0.5188648347469718
2,3852,0.7580015443962129
2,3853,0.4140246390513611
2,3854,0.4610448058002042
2,3855,0.5013432332927712
2,3856,0.5633375114662716
2,3857,0.6453657701720483
2,3858,0.6680451589863521
2,3859,0.6455585262807279
2,3860,0.512038001536857
2,3861,0.604564906207391
2,3862,0.6792854797049505
2,3863,0.5447687971134312
2,3864,0.49077729253697977
2,3865,0.5499883988018499
2,3866,0.677428360417079
2,3867,0.5698919870604562
2,3868,0.6301375946289975
2,3869,0.5545277823488801
2,3870,0.5326074731189343
2,3871,0.5807782015614152
2,3872,0.42029970145601026
2,3873,0.4778573100802171
2,3874,0.6267484144789892
2,3875,0.6405533132971973
2,3876,0.5691028421115203
2,3877,0.6426489291003448
2,3878,0.5961236527631261
2,3879,0.6253398651816504
2,3880,0.8044164914513946
2,3881,0.8074373018602639
2,3882,0.4067617319624914
2,3883,0.38089177930700185
2,3884,0.7761962188071355
2,3885,0.42439055914067464
2,3886,0.763765695355462
2,3887,0.795739948478804
2,3888,0.6833514654555048
2,3889,0.5418591709399903
2,3890,0.5393890881715342
2,3891,0.78640347807873
2,3892,0.528685796420134
2,3893,0.46651729354218463
2,3894,0.7178360393435674
2,3895,0.2697076750932325
2,3896,0.8517501017545622
2,3897,0.763217222157825
2,3898,0.22282348797294355
2,3899,0.25175601994479885
2,3900,0.7743483534060726
2,3901,0.8171617825498514
2,3902,0.576215016510839
2,3903,0.4617323073078094
2,3904,0.7401922825277366
2,3905,0.6167174949237382
2,3906,0.7079729591131809
2,3907,0.7250478691710806
2,3908,0.6909975235111623
2,3909,0.7690609227766876
2,3910,0.5462485262605206
2,3911,0.6940125889535288
2,3912,0.7008610014923159
2,3913,0.7817509098221327
2,3914,0.7723250748747063
2,3915,0.5394508886022231
2,3916,0.6459625207669025
2,3917,0.6451544774213838
2,3918,0.42278114052561416
2,3919,0.39563212957570676
2,3920,0.36071090331644595
2,3921,0.39423801986719076
2,3922,0.7984263781634343
2,3923,0.581811108371594
2,3924,0.5391541425504603
2,3925,0.5641556152396198
2,3926,0.6995694974607545
2,3927,0.673584078782257
2,3928,0.5130806808697697
2,3929,0.5617624618551201
2,3930,0.33496476457835556
2,3931,0.7044468326273601
2,3932,0.5298015103292236
2,3933,0.5436775016207744
2,3934,0.864737423239096
2,3935,0.2468373415556126
2,3936,0.8407679829258233
2,3937,0.6056569455658896
2,3938,0.6911023211438005
2,3939,0.5311327098211601
2,3940,0.5364169806459749
2,3941,0.4591322238097201
2,3942,0.4144158557175006
2,3943,0.3604545559170789
2,3944,0.2615314385704295
2,3945,0.4874411150291955
2,3946,0.6981128012428082
2,3947,0.5930968541606884
2,3948,0.5245343864253661
2,3949,0.4252405559095888
2,3950,0.6446100856965116
2,3951,0.7213939417599186
2,3952,0.600226897287293
2,3953,0.49028678685470706
2,3954,0.6377515365030619
2,3955,0.49569165995697906
2,3956,0.5812258158986577
2,3957,0.48440532604877334
2,3958,0.4903612292995551
2,3959,0.51830093178347
2,3960,0.4661406814339331
2,3961,0.7163142172271064
2,3962,0.6839072002905644
2,3963,0.6299711996049421
2,3964,0.7307772250631388
2,3965,0.6440283223512252
2,3966,0.5398202977381259
2,3967,0.5220415610217318
2,3968,0.5118026737884055
2,3969,0.5219379964939028
2,3970,0.5739552956244736
2,3971,0.5752410925857447
2,3972,0.3446036780331213
2,3973,0.6306893470090291
2,3974,0.46743874588998613
2,3975,0.4507354541814518
2,3976,0.7860092524867558
2,3977,0.7576305042785973
2,3978,0.37431698132329877
2,3979,0.41741547459224787
2,3980,0.4473270843857018
2,3981,0.5426621565861521
2,3982,0.5827523822156809
2,3983,0.7130286381348503
2,3984,0.5179219479798305
2,3985,0.42259256606766504
2,3986,0.5174574022971833
2,3987,0.5245006511821271
2,3988,0.48873296903407226
2,3989,0.17693066325337553
2,3990,0.4035939050481872
2,3991,0.7317388144228497
2,3992,0.6749972460240984
2,3993,0.7018013135437372
2,3994,0.710819279821551
2,3995,0.6477091259884952
2,3996,0.4749972522107035
2,3997,0.6411211575970435
2,3998,0.6295938009403733
2,3999,0.5555943650803342
3,0,0.5461781661701081
3,1,0.46384705364278067
3,2,0.5361344212020307
3,3,0.6565594956765262
3,4,0.6669233819068132
3,5,0.6687520627520439
3,6,0.6712835726964098
3,7,0.5437736674834552
3,8,0.5125764443558992
3,9,0.6311012462750503
3,10,0.4589022813528972
3,11,0.6153028322294267
3,12,0.5802758564919125
3,13,0.5234992481938201
3,14,0.5319683633265708
3,15,0.5735738764444303
3,16,0.5643565713669575
3,17,0.5530893677692117
3,18,0.43682334315735827
3,19,0.7561920461834799
3,20,0.7580410613849378
3,21,0.418690278365144
3,22,0.6582057962151924
3,23,0.43469547709250705
3,24,0.8332763046602749
3,25,0.603313790335294
3,26,0.5558977016452553
3,27,0.5025701020771758
3,28,0.6530600828094767
3,29,0.6450674100483331
3,30,0.49966334312388994
3,31,0.45814688421356237
3,32,0.4780565961104922
3,33,0.6528791474854098
3,34,0.36440366807241703
3,35,0.6167551920515786
3,36,0.6272743996324455
3,37,0.5564308434275147
3,38,0.6625062674238748
3,39,0.603322905708856
3,40,0.74820381295204
3,41,0.6449128808653664
3,42,0.4912111747305918
3,43,0.5655595579372724
3,44,0.7900681630963611
3,45,0.6572015542583001
3,46,0.6805307884808383
3,47,0.5249162479147905
3,48,0.4753696190700791
3,49,0.3806618239424892
3,50,0.48509550180620686
3,51,0.6329390154510984
3,52,0.3492327786101206
3,53,0.576397306071313
3,54,0.4779783614017721
3,55,0.5426296327753786
3,56,0.6589554700882233
3,57,0.5996398947747441
3,58,0.4892303804598579
3,59,0.7825438693592293
3,60,0.5307547630881815
3,61,0.5036831181174861
3,62,0.5463734436297065
3,63,0.5554320322014048
3,64,0.49567028107980743
3,65,0.6039276253607796
3,66,0.4039251639095493
3,67,0.5024113682423299
3,68,0.6013096734251683
3,69,0.5518533399338518
3,70,0.4555848399322757
3,71,0.47285751576780244
3,72,0.7593689075628469
3,73,0.5817565788825936
3,74,0.5382393200427316
3,75,0.5098317598883756
3,76,0.5156179736501783
3,77,0.6683114165233016
3,78,0.4963043207221398
3,79,0.6533485144191091
3,80,0.7470007036557399
3,81,0.447655573579512
3,82,0.6834906384883583
3,83,0.4678658576907866
3,84,0.4963330449449623
3,85,0.7094653427818227
3,86,0.7266326153166542
3,87,0.7219962375774556
3,88,0.715103415866055
3,89,0.6215970667288738
3,90,0.6068141366761062
3,91,0.4294296217895577
3,92,0.4651764497912266
3,93,0.5951491887705096
3,94,0.5686958688276106
3,95,0.6573845340929422
3,96,0.5663508143992755
3,97,0.5276790503610076
3,98,0.5617680605280849
3,99,0.5786122078252409
3,100,0.775269243473161
3,101,0.629519898792771
3,102,0.6077700777292624
3,103,0.5691987464836163
3,104,0.5327334033248373
3,105,0.4783835900888807
3,106,0.47563249480501096
3,107,0.5008864295621308
3,108,0.6700087541014449
3,109,0.6540054160795711
3,110,0.6439766975193542
3,111,0.6661246165237122
3,112,0.41546645102376467
3,113,0.3828861319831233
3,114,0.4712122501514542
3,115,0.4097218387810397
3,116,0.7099430457772308
3,117,0.6702831395988401
3,118,0.5979187360603775
3,119,0.6614418183288543
3,120,0.5314761598855552
3,121,0.6799653731289258
3,122,0.5642081578930446
3,123,0.6317363420363596
3,124,0.46681338405621436
3,125,0.7170725247597792
3,126,0.6734410582042583
3,127,0.5729057157743022
3,128,0.535785068638932
3,129,0.6436569708785089
3,130,0.5432049356473354
3,131,0.6569645530286692
3,132,0.5464513178277952
3,133,0.5779952828818109
3,134,0.6463095031543729
3,135,0.6523205643198114
3,136,0.596793144843002
3,137,0.665893985952483
3,138,0.38817734797364517
3,139,0.630746637007232
3,140,0.5786194355239255
3,141,0.5170243895264436
3,142,0.5998055976003015
3,143,0.6504483004872933
3,144,0.6190045344536236
3,145,0.24726807199877776
3,146,0.5350847475951004
3,147,0.5412477795046621
3,148,0.7686269289819697
3,149,0.39648324567221227
3,150,0.6715616348107509
3,151,0.7054165627395379
3,152,0.46636264305694464
3,153,0.5744604450149035
3,154,0.636543181149748
3,155,0.6717123655277171
3,156,0.6032490299513764
3,157,0.6601239708219924
3,158,0.5297037639421927
3,159,0.5430502563070108
3,160,0.6783602616065195
3,161,0.5640520968007948
3,162,0.6859928024782221
3,163,0.500334097429698
3,164,0.7406461395155497
3,165,0.7848476814825854
3,166,0.4207421866240765
3,167,0.5761419328627286
3,168,0.6514545353385258
3,169,0.5651362566759817
3,170,0.7186864724627545
3,171,0.45275067711644434
3,172,0.561722114486072
3,173,0.543856718436056
3,174,0.5787491946445664
3,175,0.6956127549171295
3,176,0.623666027514892
3,177,0.46439372945132285
3,178,0.5232248688796305
3,179,0.6526655167031639
3,180,0.8339447973317986
3,181,0.29561755004780055
3,182,0.5770775412468431
3,183,0.6226349333842686
3,184,0.5762860481622937
3,185,0.5668883996127505
3,186,0.560090576671037
3,187,0.6251565482059195
3,188,0.44615984120010405
3,189,0.7682608963064044
3,190,0.7300522442295047
3,191,0.46342631988984934
3,192,0.6666376839312197
3,193,0.548329456174613
3,194,0.5151215388396827
3,195,0.5812655447957737
3,196,0.5592111762945396
3,197,0.6057883003135938
3,198,0.5854359752958714
3,199,0.6825789206776164
3,200,0.708502548695848
3,201,0.3563144901905517
3,202,0.4272888476290499
3,203,0.5104211532189868
3,204,0.4771752919881933
3,205,0.5750755087447197
3,206,0.5705574524116124
3,207,0.6820294780390002
3,208,0.5255038083927677
3,209,0.5247530789520936
3,210,0.661249942480421
3,211,0.5428984395357448
3,212,0.688183148283469
3,213,0.48241635488838464
3,214,0.7906524503500107
3,215,0.6840517827377498
3,216,0.7804329769637884
3,217,0.6433471776296574
3,218,0.40205482055830166
3,219,0.7081571929142174
3,220,0.49739253365708114
3,221,0.7348300508181287
3,222,0.5890727592785071
3,223,0.7457372060611815
3,224,0.5937080674918034
3,225,0.6183168515867125
3,226,0.5936897243841673
3,227,0.4867194305774344
3,228,0.7327497195858182
3,229,0.5646335302100128
3,230,0.578912392799709
3,231,0.6894798442209256
3,232,0.47298724463318076
3,233,0.7200300374950921
3,234,0.4216268695518995
3,235,0.46877695773038314
3,236,0.5337390912176563
3,237,0.5005472294857536
3,238,0.668373239370577
3,239,0.6138638465403269
3,240,0.618526630942876
3,241,0.9113777592488966
3,242,0.8297945910770221
3,243,0.7323756688414881
3,244,0.45848490350084825
3,245,0.7747572920843869
3,246,0.40250955177158054
3,247,0.6356028875884745
3,248,0.7104787750627981
3,249,0.742666632354065
3,250,0.6368009926494334
3,251,0.6279964003356162
3,252,0.40808291991658746
3,253,0.7886167780653682
3,254,0.5881219505924484
3,255,0.5903660000515355
3,256,0.4973119870441223
3,257,0.4229390273627763
3,258,0.2652020632782324
3,259,0.23427252206725438
3,260,0.5231830428905522
3,261,0.5948955509164268
3,262,0.6120574416541709
3,263,0.3585371985122235
3,264,0.6226566186086148
3,265,0.4746960592886788
3,266,0.6985758840996926
3,267,0.51763595132797
3,268,0.5924756142878592
3,269,0.6383211825681975
3,270,0.5544693960345499
3,271,0.4724337720538124
3,272,0.5275919984810152
3,273,0.6185478645526243
3,274,0.507751667262937
3,275,0.6174145142891707
3,276,0.6004530634092066
3,277,0.6393818817115388
3,278,0.5517839819170943
3,279,0.6257739982373131
3,280,0.5982916885269941
3,281,0.30960589108532344
3,282,0.646681448136239
3,283,0.7859873783370578
3,284,0.6371766603089815
3,285,0.5202239726359718
3,286,0.6576131899577631
3,287,0.683461628058465
3,288,0.6932652796951441
3,289,0.5174571572935392
3,290,0.5492350987427869
3,291,0.5951689343602166
3,292,0.5994727081079985
3,293,0.43494969645153814
3,294,0.6564109393468421
3,295,0.5128831912159058
3,296,0.6295321362674039
3,297,0.6843129517519739
3,298,0.6646654439589992
3,299,0.5955293648549695
3,300,0.594015611933133
3,301,0.5674873108007152
3,302,0.6265504680735421
3,303,0.5797237164715217
3,304,0.43057395291458955
3,305,0.49420255411585584
3,306,0.6586601727687639
3,307,0.7804366761558356
3,308,0.5193490055027834
3,309,0.7739449907032122
3,310,0.5087263898188552
3,311,0.7034803110357001
3,312,0.4553158029184572
3,313,0.3568098962927811
3,314,0.6607166428597212
3,315,0.7504911527885418
3,316,0.7328123577349395
3,317,0.7276640121814192
3,318,0.4003290276514277
3,319,0.631630264301772
3,320,0.6467700972426783
3,321,0.4072089169525198
3,322,0.5164020924878767
3,323,0.5294905459550519
3,324,0.6779395083183339
3,325,0.5671082416405425
3,326,0.6581077926212614
3,327,0.6768477048189636
3,328,0.46320023347149697
3,329,0.6236420630713494
3,330,0.6156245373150072
3,331,0.33027243574499565
3,332,0.6833887352117992
3,333,0.5620088403782555
3,334,0.3809434209362368
3,335,0.6768234947972949
3,336,0.494388937409661
3,337,0.31400073574885984
3,338,0.28733479672241263
3,339,0.7493361236388907
3,340,0.7602499510074467
3,341,0.7158431821314223
3,342,0.6514724296639238
3,343,0.6678434969559736
3,344,0.659660028936222
3,345,0.5159232882683374
3,346,0.5461225780721973
3,347,0.6166549907316204
3,348,0.21935077911735607
3,349,0.6333859853736902
3,350,0.6653449026691791
3,351,0.41391275331005273
3,352,0.654489060247988
3,353,0.43758206043757303
3,354,0.5497785518213301
3,355,0.47759980310537875
3,356,0.6318578653004678
3,357,0.4917753271686355
3,358,0.5653324128804528
3,359,0.8286501519524297
3,360,0.8364768132163519
3,361,0.31649010186082976
3,362,0.6119376514473706
3,363,0.8013305343984337
3,364,0.4753815036453296
3,365,0.6838315286484168
3,366,0.5640709325326163
3,367,0.3487018765472439
3,368,0.5524356389264464
3,369,0.606102302054756
3,370,0.5560646414987809
3,371,0.5184389199803795
3,372,0.747263266829879
3,373,0.4261035952152993
3,374,0.6278061441420812
3,375,0.6052014105392612
3,376,0.5242354109464765
3,377,0.7478570249853014
3,378,0.7306525897660325
3,379,0.49008053898490556
3,380,0.715727633374208
3,381,0.5620371448460901
3,382,0.7046572375235763
3,383,0.46783903502249546
3,384,0.7467647174193013
3,385,0.5100935675236432
3,386,0.6398512529496293
3,387,0.5014381439372237
3,388,0.506717236780048
3,389,0.7442830755934692
3,390,0.6117955108076627
3,391,0.6334641389633595
3,392,0.6412691843521438
3,393,0.45139071456816293
3,394,0.4718555097206242
3,395,0.5098894076352036
3,396,0.7538912219291002
3,397,0.7429817256615766
3,398,0.5168398185023088
3,399,0.70728738273769
3,400,0.6695965149011065
3,401,0.582441735887951
3,402,0.8136420732336251
3,403,0.7680976873894503
3,404,0.43344053563458806
3,405,0.6053366612686399
3,406,0.7671011292059172
3,407,0.4739336094288996
3,408,0.5892352541743788
3,409,0.562561559614075
3,410,0.532880088372041
3,411,0.635499765450844
3,412,0.6102439637852302
3,413,0.5953312501379825
3,414,0.4498626714375899
3,415,0.7530655904236944
3,416,0.6932005197217291
3,417,0.6053877100416535
3,418,0.60306892214191
3,419,0.5983716720466133
3,420,0.5995061792996803
3,421,0.7160820491203354
3,422,0.713200441358164
3,423,0.577627005827826
3,424,0.7352254195305155
3,425,0.47965337288524745
3,426,0.5793323283616785
3,427,0.5644945924759406
3,428,0.5644945924759406
3,429,0.6604218199121041
3,430,0.6611451298824108
3,431,0.6948906103731418
3,432,0.4953378931691538
3,433,0.4595069299580257
3,434,0.6392051141311264
3,435,0.5446163526543836
3,436,0.5965731492301563
3,437,0.5622449458102062
3,438,0.5766650939533725
3,439,0.6335343805219384
3,440,0.7252895086345743
3,441,0.3737180437946847
3,442,0.35016457855613997
3,443,0.32382298391537667
3,444,0.5288995920894498
3,445,0.47340080562010395
3,446,0.4431162714837794
3,447,0.6025133289607815
3,448,0.7289647299015025
3,449,0.4518245100312827
3,450,0.7214546365544235
3,451,0.7356565603066755
3,452,0.40864995377220725
3,453,0.4764666161051325
3,454,0.7372694162616945
3,455,0.3849132344191207
3,456,0.4180651261083278
3,457,0.7333605836170219
3,458,0.6521409574447969
3,459,0.5243828552609093
3,460,0.658568319965533
3,461,0.562756369489007
3,462,0.7931706291450654
3,463,0.764123918453906
3,464,0.5235103106114656
3,465,0.5860473945211336
3,466,0.5435370000005794
3,467,0.5720054357470653
3,468,0.40040121243361687
3,469,0.5973384797227951
3,470,0.7102537847540777
3,471,0.6429072083936814
3,472,0.6121828505188236
3,473,0.82371279012968
3,474,0.6340782224566607
3,475,0.5614909113141667
3,476,0.5276244997918649
3,477,0.41201037621592435
3,478,0.6430780714113176
3,479,0.46215971523201627
3,480,0.48321125326706543
3,481,0.5696627543368968
3,482,0.5724964179209403
3,483,0.7241960436741625
3,484,0.5019119457948197
3,485,0.6856131466236616
3,486,0.6664486030188735
3,487,0.589479112246399
3,488,0.737530454445698
3,489,0.47918300625772475
3,490,0.4162096015562264
3,491,0.5435881297783867
3,492,0.5318669248722006
3,493,0.6873879678419031
3,494,0.6764415806041318
3,495,0.7244350219424303
3,496,0.5098152132017861
3,497,0.5802842726301368
3,498,0.6647749727644966
3,499,0.6849847853067943
3,500,0.5630886513214266
3,501,0.5620406750664659
3,502,0.3763157376207484
3,503,0.4075312195431716
3,504,0.5100192723195768
3,505,0.7321770262329484
3,506,0.8089702206737059
3,507,0.6534104186862241
3,508,0.7088809597048823
3,509,0.44111750078539047
3,510,0.4198905637110785
3,511,0.4272448522765718
3,512,0.4117142491177976
3,513,0.7776525990355229
3,514,0.7307898731175212
3,515,0.5066168601136588
3,516,0.825517389072084
3,517,0.5450775042437831
3,518,0.32583232377244875
3,519,0.6069895381431231
3,520,0.45923646791426964
3,521,0.5369033127100095
3,522,0.4872679674733648
3,523,0.6199807958400906
3,524,0.6486390478512649
3,525,0.6720610910528626
3,526,0.5660920240690595
3,527,0.7183352337943318
3,528,0.5472574414747321
3,529,0.6868727894112807
3,530,0.6879818167500087
3,531,0.5526918947858572
3,532,0.7447158859748998
3,533,0.627474058460825
3,534,0.5312271322573217
3,535,0.5250383930862857
3,536,0.7729271134378166
3,537,0.42629036677123616
3,538,0.4551875067700188
3,539,0.4841882941819226
3,540,0.4478655576703817
3,541,0.6303018989458058
3,542,0.6486956290190059
3,543,0.660466695533941
3,544,0.392206597712868
3,545,0.6906920892240817
3,546,0.5190455883581581
3,547,0.6898358528856028
3,548,0.5559735749099453
3,549,0.4116415158924061
3,550,0.562944036993445
3,551,0.5870593825368743
3,552,0.5641251053140145
3,553,0.4979172002081003
3,554,0.48076972647109245
3,555,0.637730050450631
3,556,0.5003631648190165
3,557,0.5887491555067939
3,558,0.6783778970660769
3,559,0.5269200014588259
3,560,0.44105605864788394
3,561,0.7359399054964562
3,562,0.6880706118481227
3,563,0.5529248058570977
3,564,0.5848880421334346
3,565,0.5244376298377097
3,566,0.6377905186340381
3,567,0.5963579047209477
3,568,0.43857700786418086
3,569,0.41412545143329155
3,570,0.7096348216133441
3,571,0.593969684982615
3,572,0.713932812506301
3,573,0.7893850635995516
3,574,0.7950078463906625
3,575,0.6749217117640723
3,576,0.5807082262161636
3,577,0.5322571564606532
3,578,0.6324000243485038
3,579,0.5223563089717949
3,580,0.6009985372909947
3,581,0.5918883448739797
3,582,0.6654920714558782
3,583,0.6511572674110648
3,584,0.47193307755275904
3,585,0.3554266657680532
3,586,0.32282209235585596
3,587,0.2799121324518766
3,588,0.21263063264109794
3,589,0.7416415769311233
3,590,0.6490375955056514
3,591,0.36574587031546
3,592,0.26170597021044606
3,593,0.5705813772207672
3,594,0.5674233769164084
3,595,0.7940676459983933
3,596,0.6061325485951814
3,597,0.7335951993189042
3,598,0.4607214592599937
3,599,0.7435494165913561
3,600,0.5950936150268469
3,601,0.7742195954564662
3,602,0.6972243025315598
3,603,0.466281400636037
3,604,0.3318821364406131
3,605,0.5034875489034523
3,606,0.7312012131410052
3,607,0.5180025202423881
3,608,0.6901139022464426
3,609,0.6755317569950101
3,610,0.455310398606031
3,611,0.4147249461451785
3,612,0.445733733731787
3,613,0.43577408720483857
3,614,0.5357388963686743
3,615,0.607289295642203
3,616,0.5140172050914406
3,617,0.6204965639952627
3,618,0.42663053822979347
3,619,0.7253396997343143
3,620,0.7198429180021723
3,621,0.3884863089632046
3,622,0.7828669609290826
3,623,0.6475271983312321
3,624,0.43910602190282705
3,625,0.7161487313023206
3,626,0.31545673182872486
3,627,0.26372019086282816
3,628,0.7528100602262146
3,629,0.7534497367641507
3,630,0.6529869634949436
3,631,0.5309896500812147
3,632,0.3311214271535831
3,633,0.3203856535906859
3,634,0.6983591793301175
3,635,0.4740057885025455
3,636,0.7073514285494356
3,637,0.5988697409016152
3,638,0.5858757837582189
3,639,0.659231692508448
3,640,0.6626626215213717
3,641,0.7478579478483287
3,642,0.5829081995650262
3,643,0.30725282035711715
3,644,0.7454071425330326
3,645,0.5209196623180683
3,646,0.6471225621042951
3,647,0.6909841882451144
3,648,0.6442060424512476
3,649,0.6388774138375
3,650,0.5846456674044359
3,651,0.7600434259669941
3,652,0.44233101529328456
3,653,0.602205388349645
3,654,0.34982871458456805
3,655,0.3984975000744766
3,656,0.37303845023973925
3,657,0.5162008282069345
3,658,0.6943773837613142
3,659,0.7046732023527722
3,660,0.5028711401586966
3,661,0.5028711401586966
3,662,0.5002523654219954
3,663,0.7746866233620799
3,664,0.7629039733181489
3,665,0.37248316673324955
3,666,0.6930812335490834
3,667,0.42520924900642815
3,668,0.5295994333232006
3,669,0.6852044575976706
3,670,0.6335653266054287
3,671,0.5532081817642592
3,672,0.660375395904527
3,673,0.37326430506474184
3,674,0.6846438774606013
3,675,0.7529235349675795
3,676,0.41253136906336274
3,677,0.6000100783939574
3,678,0.49878206951383736
3,679,0.6864230489260886
3,680,0.389535789194733
3,681,0.7322758037692005
3,682,0.7012890797755033
3,683,0.5304401908292652
3,684,0.704451470811164
3,685,0.7717533251147104
3,686,0.7514488277887343
3,687,0.7187905774261911
3,688,0.5297846587642513
3,689,0.838910953887141
3,690,0.5772175318948211
3,691,0.6971497590174326
3,692,0.7164118146801784
3,693,0.35002363048668167
3,694,0.47879720935702264
3,695,0.4523123864099421
3,696,0.5035343823579455
3,697,0.5225351560621503
3,698,0.42407730032597823
3,699,0.4756333293038259
3,700,0.5876504948997239
3,701,0.7035080348339464
3,702,0.5653393297347766
3,703,0.671233411861042
3,704,0.6603591361234703
3,705,0.8715758404004641
3,706,0.6876532376849787
3,707,0.6878783155848798
3,708,0.6830085916458054
3,709,0.4496444343034823
3,710,0.5019077901941373
3,711,0.6739200831949901
3,712,0.45458892506082377
3,713,0.6939045298832064
3,714,0.49563327254847034
3,715,0.5134230511179078
3,716,0.6727207296441159
3,717,0.5160287052797532
3,718,0.4716528804156507
3,719,0.8446458892668375
3,720,0.6917886786095622
3,721,0.7074520973415774
3,722,0.4631788898278899
3,723,0.6995461695668956
3,724,0.7241085295703698
3,725,0.49046654312931465
3,726,0.5123504370493893
3,727,0.5278077435107488
3,728,0.706468095412317
3,729,0.5791745223880514
3,730,0.5590189861761226
3,731,0.5656339931236403
3,732,0.6434215612919608
3,733,0.6511721634429302
3,734,0.7226265858942168
3,735,0.6672771055580382
3,736,0.720167484257957
3,737,0.37093590023419665
3,738,0.5757943068800416
3,739,0.4670228123337214
3,740,0.529593639635377
3,741,0.8058550396967925
3,742,0.31813880619904744
3,743,0.8158097631422487
3,744,0.5166806785603182
3,745,0.6098706301283238
3,746,0.4876037426109767
3,747,0.6268397602068884
3,748,0.7521975121186081
3,749,0.7273663309821613
3,750,0.7123835651206079
3,751,0.567647583701855
3,752,0.630222199310348
3,753,0.7349602313430919
3,754,0.806576058573843
3,755,0.31540510672024746
3,756,0.7387663989256283
3,757,0.3326902473135565
3,758,0.5520422443048622
3,759,0.6710710681662105
3,760,0.5418122474566969
3,761,0.768793819948204
3,762,0.5700027782532608
3,763,0.5807134475606979
3,764,0.571030581927761
3,765,0.5895406609279628
3,766,0.44598024442470613
3,767,0.4979272568263154
3,768,0.5233196897486943
3,769,0.6149395903794416
3,770,0.5829615716556178
3,771,0.5985035925644092
3,772,0.5175463833696736
3,773,0.6570437056325373
3,774,0.588490340407544
3,775,0.6851037991821868
3,776,0.5417233752673629
3,777,0.6669571999577097
3,778,0.3988902467097171
3,779,0.5063267347462272
3,780,0.48371133276509365
3,781,0.4885075307203774
3,782,0.5587183560080422
3,783,0.5590148119925012
3,784,0.5707280623075687
3,785,0.5926951075795183
3,786,0.5747850705931586
3,787,0.5429928655213255
3,788,0.5167937301287092
3,789,0.7315808657265168
3,790,0.6787948631466547
3,791,0.6412614182998357
3,792,0.6387428752442086
3,793,0.656319869341311
3,794,0.48913294695284076
3,795,0.6401103480791763
3,796,0.4820176227117027
3,797,0.48574945243582235
3,798,0.5121471636746007
3,799,0.48587201360807375
3,800,0.46444177726862473
3,801,0.6387897758188981
3,802,0.5666523027124496
3,803,0.7788726591468964
3,804,0.3306451085495586
3,805,0.4407367819700608
3,806,0.6401709550947231
3,807,0.5269370018362355
3,808,0.6790863021808036
3,809,0.43686873774387947
3,810,0.709999628164727
3,811,0.5887868266208459
3,812,0.6468105546855635
3,813,0.8089294918912038
3,814,0.7878226206240035
3,815,0.6470365947563065
3,816,0.7720100169030945
3,817,0.7572831072469819
3,818,0.6895654090798143
3,819,0.5306474495057679
3,820,0.37437147019063644
3,821,0.4605456904957419
3,822,0.5653997468168563
3,823,0.3772051046752619
3,824,0.4631095768141346
3,825,0.7706296624508903
3,826,0.7176962682896336
3,827,0.6163461853668586
3,828,0.5475380871422619
3,829,0.5452046000753191
3,830,0.4725093657658644
3,831,0.5261480978449822
3,832,0.1229134771852028
3,833,0.9114299087512874
3,834,0.5721546907822322
3,835,0.43327578854078486
3,836,0.7279164990364919
3,837,0.7352155002814779
3,838,0.6506375804755524
3,839,0.6399669140612959
3,840,0.34450526426409234
3,841,0.5438463932607178
3,842,0.6261576751095032
3,843,0.5805226290409433
3,844,0.5871253319013047
3,845,0.5058143705453306
3,846,0.6649826838870779
3,847,0.5381919824308607
3,848,0.4060194488951475
3,849,0.7765453217880316
3,850,0.4881759392439305
3,851,0.6286241295237758
3,852,0.5406601011428277
3,853,0.39252719179145246
3,854,0.5218816588132836
3,855,0.4782528793096858
3,856,0.7066500881111412
3,857,0.5526187194475076
3,858,0.49544168488512064
3,859,0.603122264071652
3,860,0.6191331108264483
3,861,0.6343385251347633
3,862,0.6670042249318068
3,863,0.43645486946370177
3,864,0.6774667531097429
3,865,0.7245474943211012
3,866,0.7380548348613241
3,867,0.43079905873970076
3,868,0.6779775285781676
3,869,0.8628117728610896
3,870,0.8320758804221919
3,871,0.8558489974151096
3,872,0.6179011982566255
3,873,0.5410687492634995
3,874,0.6290943168867261
3,875,0.4727216886935998
3,876,0.6814099894453366
3,877,0.5803614612921096
3,878,0.5499317669848378
3,879,0.7618321569599728
3,880,0.7629424923174332
3,881,0.7692656274138301
3,882,0.46525886619973494
3,883,0.6467284111193915
3,884,0.7260674856686598
3,885,0.4321012455257979
3,886,0.6696983290298307
3,887,0.6584601637903996
3,888,0.6970880669831885
3,889,0.5614448360165415
3,890,0.39493920291298906
3,891,0.7135399428306993
3,892,0.4684151861860667
3,893,0.5735853300638669
3,894,0.8007667653666657
3,895,0.3512764992811877
3,896,0.18170041489636507
3,897,0.7553763940602485
3,898,0.5628914009545704
3,899,0.6312864168705228
3,900,0.6157426302535335
3,901,0.5078718310489427
3,902,0.5385741542804824
3,903,0.7870121457141952
3,904,0.36549026799691964
3,905,0.4353788028204633
3,906,0.6059809545675249
3,907,0.5517981922853941
3,908,0.774877637946537
3,909,0.7897780651869646
3,910,0.5977920450170545
3,911,0.5313515064694381
3,912,0.44314334807887595
3,913,0.678850121721042
3,914,0.6495091237702529
3,915,0.5961945602257566
3,916,0.6240252317383023
3,917,0.6189428522697606
3,918,0.7356055181445378
3,919,0.8038648875679437
3,920,0.7025380643758509
3,921,0.6259865251060457
3,922,0.6040043172899152
3,923,0.6522828129637888
3,924,0.523956156547268
3,925,0.5862319505529636
3,926,0.5717083056759562
3,927,0.656626619215097
3,928,0.5271421654891211
3,929,0.4782235775312551
3,930,0.4303371805180646
3,931,0.5191755470893776
3,932,0.4549422147412949
3,933,0.6925160894335237
3,934,0.49288015422056164
3,935,0.6245550668376806
3,936,0.6711931306485187
3,937,0.6133487493776731
3,938,0.6272116819474706
3,939,0.5436975108000791
3,940,0.5607901208746787
3,941,0.6362914680836304
3,942,0.5895497652922732
3,943,0.8347749599642641
3,944,0.2402887410241548
3,945,0.21808066445879848
3,946,0.5259240627425039
3,947,0.4265792420341189
3,948,0.7667204027090937
3,949,0.5395974557848501
3,950,0.6389720353902475
3,951,0.5565743534832124
3,952,0.5668719265818589
3,953,0.48290216162057986
3,954,0.7056466553624532
3,955,0.501469098966501
3,956,0.7292536795015656
3,957,0.7272790209814225
3,958,0.6835838019841938
3,959,0.5170609676486657
3,960,0.5393753073638963
3,961,0.5940243150678932
3,962,0.5192625048602875
3,963,0.5700943109682163
3,964,0.6734393437841013
3,965,0.6494934601988843
3,966,0.5758518048612171
3,967,0.6733564189212115
3,968,0.4651632667154932
3,969,0.5017008458588378
3,970,0.5362079068913385
3,971,0.6861519489981859
3,972,0.7046756163110451
3,973,0.40938305957007814
3,974,0.6255249916229425
3,975,0.48946854158250347
3,976,0.6162655429646507
3,977,0.5027912551700217
3,978,0.6444236439126212
3,979,0.6680985370956369
3,980,0.4945321167463655
3,981,0.5409651098467997
3,982,0.4590079407467323
3,983,0.5476778227238326
3,984,0.4334362590107975
3,985,0.6592369702950662
3,986,0.4621520074518303
3,987,0.6239647725132172
3,988,0.6834357577029657
3,989,0.6059510569079716
3,990,0.7263503710036415
3,991,0.5548079632422585
3,992,0.5549711977861818
3,993,0.5271918931061677
3,994,0.5819539007582744
3,995,0.5457958288658609
3,996,0.6536387763911075
3,997,0.5400092843055981
3,998,0.678679056565332
3,999,0.6086742931401556
3,1000,0.42486934226601347
3,1001,0.5030080235233659
3,1002,0.5877372170496618
3,1003,0.6413058706832672
3,1004,0.5736325663320374
3,1005,0.5616398148587707
3,1006,0.5931909476582737
3,1007,0.7447205296993088
3,1008,0.4602006945159415
3,1009,0.5392934758792383
3,1010,0.5923883709003506
3,1011,0.7198215967861056
3,1012,0.6083030836085203
3,1013,0.5454998698238319
3,1014,0.64965747165774
3,1015,0.5746365827328216
3,1016,0.6893982994554911
3,1017,0.7116556024534683
3,1018,0.7123617041087349
3,1019,0.6635171945438252
3,1020,0.45530438652176025
3,1021,0.7571749027145269
3,1022,0.340572738315432
3,1023,0.4303578876962427
3,1024,0.6382651381924954
3,1025,0.6685901303252786
3,1026,0.6569370288892262
3,1027,0.5891411838942494
3,1028,0.6127996965234027
3,1029,0.6288031722466396
3,1030,0.5983124101810063
3,1031,0.6372794831208677
3,1032,0.5787277287205014
3,1033,0.729595168934879
3,1034,0.42775574767763336
3,1035,0.643019608612338
3,1036,0.5571456777872223
3,1037,0.5222681537896156
3,1038,0.5978545060730767
3,1039,0.6715899851383844
3,1040,0.5656278608238062
3,1041,0.5426869710108562
3,1042,0.5126682944170616
3,1043,0.8102048385302546
3,1044,0.7259860729174773
3,1045,0.46393177493799187
3,1046,0.7223086458682231
3,1047,0.7142098648170487
3,1048,0.5561091195985783
3,1049,0.6790094028589463
3,1050,0.6964727591351704
3,1051,0.4237915608841472
3,1052,0.4657203976454236
3,1053,0.4203420240097097
3,1054,0.381809592237627
3,1055,0.6324837200401817
3,1056,0.6221753625024091
3,1057,0.6153184594502867
3,1058,0.6322519139000445
3,1059,0.5732129198850796
3,1060,0.5950113320157566
3,1061,0.6107873182831671
3,1062,0.590674845597588
3,1063,0.6521920273616261
3,1064,0.5538694926178491
3,1065,0.4701874046590572
3,1066,0.6855037158940898
3,1067,0.5395974693934187
3,1068,0.73550743158642
3,1069,0.5049636230420778
3,1070,0.6545475260190109
3,1071,0.6994291642369924
3,1072,0.4905719416096679
3,1073,0.529214358197529
3,1074,0.636241589516939
3,1075,0.5595897804449633
3,1076,0.5370751812278338
3,1077,0.5025835250556466
3,1078,0.756042970534766
3,1079,0.6354389222935827
3,1080,0.6385258526345056
3,1081,0.5641767681377077
3,1082,0.7474176129770493
3,1083,0.7209955579865608
3,1084,0.6085164120055472
3,1085,0.6956834778481873
3,1086,0.446351323994495
3,1087,0.7092013754144678
3,1088,0.3432378523112646
3,1089,0.37292161016310416
3,1090,0.7660302448712207
3,1091,0.2860072179324462
3,1092,0.6979614529723974
3,1093,0.5872538700510102
3,1094,0.5333154499429563
3,1095,0.65888581863111
3,1096,0.4388113515365991
3,1097,0.3920917420991562
3,1098,0.664043710273047
3,1099,0.47491805276741944
3,1100,0.6482892782488213
3,1101,0.5718844138638097
3,1102,0.7986005100315796
3,1103,0.670452959430152
3,1104,0.6788776985426143
3,1105,0.5586630283245092
3,1106,0.6142185365974342
3,1107,0.5620172172460518
3,1108,0.5879581169114856
3,1109,0.6773932462813163
3,1110,0.5217341802506796
3,1111,0.7237001487938082
3,1112,0.18674955562362502
3,1113,0.4163715906423197
3,1114,0.771436876920545
3,1115,0.447694521873536
3,1116,0.3779050431728374
3,1117,0.7070466561274839
3,1118,0.6470921508014726
3,1119,0.637375449684638
3,1120,0.4692712162664523
3,1121,0.6551678366131285
3,1122,0.6137661422387943
3,1123,0.4842924751818147
3,1124,0.512108538686883
3,1125,0.596194560047333
3,1126,0.6345365260732992
3,1127,0.519761450561823
3,1128,0.5078228329835351
3,1129,0.6351369227565549
3,1130,0.5450070984388424
3,1131,0.5450120128361735
3,1132,0.6261869105506874
3,1133,0.5276415825145931
3,1134,0.45454238027463756
3,1135,0.45136142641521876
3,1136,0.8170000334476374
3,1137,0.8070644564968009
3,1138,0.7520790259939606
3,1139,0.3574794206696245
3,1140,0.725247691119265
3,1141,0.5485322269924437
3,1142,0.6163661932606371
3,1143,0.7493618216592074
3,1144,0.473896404109222
3,1145,0.7398636359917932
3,1146,0.7936574950047801
3,1147,0.8512195796734137
3,1148,0.3482575007440522
3,1149,0.7619353532510864
3,1150,0.6788622819781737
3,1151,0.565453967354979
3,1152,0.7136340063586663
3,1153,0.6871225442829566
3,1154,0.33942137864537336
3,1155,0.730594495142842
3,1156,0.519285114388775
3,1157,0.668934862263746
3,1158,0.6569554060027251
3,1159,0.48478363799465735
3,1160,0.7255974068937121
3,1161,0.7356201897267551
3,1162,0.46308349549716693
3,1163,0.7137515609521922
3,1164,0.41912556418801816
3,1165,0.21823054164654046
3,1166,0.7596058137350085
3,1167,0.3568452752766672
3,1168,0.6731064017470072
3,1169,0.46067802448693385
3,1170,0.5001753480925816
3,1171,0.37186707074557146
3,1172,0.7466657128510794
3,1173,0.5498404324388261
3,1174,0.294924072858826
3,1175,0.6720331057254942
3,1176,0.4255626120161256
3,1177,0.5258705806861984
3,1178,0.6869254883677975
3,1179,0.619305065140045
3,1180,0.6268878727615638
3,1181,0.5881935499817514
3,1182,0.6158421752582997
3,1183,0.629567899149961
3,1184,0.5493876550807263
3,1185,0.497756017185366
3,1186,0.5641329774437949
3,1187,0.5677832805233173
3,1188,0.6082194594642493
3,1189,0.5644182698733201
3,1190,0.5945343213209048
3,1191,0.7847477806408816
3,1192,0.386079861381408
3,1193,0.47778320504858607
3,1194,0.6305554204334415
3,1195,0.6052871862724408
3,1196,0.6163400060795976
3,1197,0.44717207132157477
3,1198,0.4980822795714907
3,1199,0.5750910178919858
3,1200,0.7003246680663602
3,1201,0.5615979739726996
3,1202,0.7080579045145229
3,1203,0.717240868649475
3,1204,0.6300755229906152
3,1205,0.7459259541528922
3,1206,0.5518848088991142
3,1207,0.6530711346936862
3,1208,0.4702770830856651
3,1209,0.5289006376319351
3,1210,0.3237277586324572
3,1211,0.3457139906630398
3,1212,0.6339587219765677
3,1213,0.4712054033714571
3,1214,0.7020203407423528
3,1215,0.4426018614099885
3,1216,0.45951797591582555
3,1217,0.7454384002981224
3,1218,0.38515955771903787
3,1219,0.5171728300721411
3,1220,0.7175915028447798
3,1221,0.6637871422125846
3,1222,0.6104416933364734
3,1223,0.591439654123936
3,1224,0.626170228311209
3,1225,0.43343453171378704
3,1226,0.7441447031300731
3,1227,0.789482130968538
3,1228,0.8115811618320785
3,1229,0.8927585881349269
3,1230,0.5909340163525061
3,1231,0.6149086616001146
3,1232,0.6548006704495944
3,1233,0.6983639263179521
3,1234,0.6106647431653656
3,1235,0.6788233228535697
3,1236,0.6387572686967784
3,1237,0.6249049281387624
3,1238,0.7230993857848753
3,1239,0.7119972102918485
3,1240,0.5305170650405244
3,1241,0.5702967985864694
3,1242,0.8212109799208117
3,1243,0.2814544688669789
3,1244,0.6011506002190449
3,1245,0.5384108851730559
3,1246,0.6120412879651143
3,1247,0.5111750705247053
3,1248,0.5288468474051976
3,1249,0.5347828842636252
3,1250,0.4873864859430625
3,1251,0.6455546730699255
3,1252,0.6516320605448083
3,1253,0.621003321574369
3,1254,0.6662277567070093
3,1255,0.5372279884993273
3,1256,0.687980518989422
3,1257,0.37854864624210327
3,1258,0.6784365540018734
3,1259,0.6535636396933358
3,1260,0.6822526328511166
3,1261,0.6906058127343502
3,1262,0.6182502377316638
3,1263,0.42341154315848945
3,1264,0.560387490895297
3,1265,0.6811588389558473
3,1266,0.5259486623230902
3,1267,0.7037428797770581
3,1268,0.6340724572757498
3,1269,0.6438507491235984
3,1270,0.7794489832285995
3,1271,0.6764316045065354
3,1272,0.5540815715181175
3,1273,0.5884993414698337
3,1274,0.6249913361222189
3,1275,0.6184162360203833
3,1276,0.8367666523231112
3,1277,0.7137874129368005
3,1278,0.5750006191609801
3,1279,0.6824238430583062
3,1280,0.5281541136387807
3,1281,0.6955882425299246
3,1282,0.49927327554605694
3,1283,0.7015197815038068
3,1284,0.7625448284383396
3,1285,0.7723721110133933
3,1286,0.7648196367830622
3,1287,0.4439487486777983
3,1288,0.6395537123892662
3,1289,0.5344963334005902
3,1290,0.6175451917228226
3,1291,0.6156360418097331
3,1292,0.5152539367288325
3,1293,0.6364839345892596
3,1294,0.7359103547911574
3,1295,0.41608207544098036
3,1296,0.7854889516324146
3,1297,0.7447700122834771
3,1298,0.7625271485550605
3,1299,0.7093431413186783
3,1300,0.40710541830421615
3,1301,0.5600374845195152
3,1302,0.6914801059166462
3,1303,0.6959973694069362
3,1304,0.7217160194470335
3,1305,0.5320101930858643
3,1306,0.5969736637261306
3,1307,0.7338516372086159
3,1308,0.6041879556708186
3,1309,0.5916741891250139
3,1310,0.6756659347870616
3,1311,0.6762843123842822
3,1312,0.41646118188029646
3,1313,0.6708515383052166
3,1314,0.5840509058837721
3,1315,0.4756633110979006
3,1316,0.6422008435754696
3,1317,0.6491778415123503
3,1318,0.603711515063668
3,1319,0.525080550038795
3,1320,0.6641434672910546
3,1321,0.4944478745665565
3,1322,0.6218041019896485
3,1323,0.5348472387392813
3,1324,0.760605880142634
3,1325,0.3437938537097919
3,1326,0.8380870876825124
3,1327,0.5835679885725122
3,1328,0.6364120298102869
3,1329,0.6568084233413773
3,1330,0.4975139879967228
3,1331,0.7316057711734736
3,1332,0.4037317241498227
3,1333,0.4236601445895346
3,1334,0.4379176594909716
3,1335,0.4473345006512505
3,1336,0.7323567671974047
3,1337,0.5771595994253945
3,1338,0.5522048182891778
3,1339,0.6013807158930816
3,1340,0.6206511295279628
3,1341,0.5575919476524085
3,1342,0.5993308618809126
3,1343,0.618273545284614
3,1344,0.33756780140778186
3,1345,0.6145819072115076
3,1346,0.7182930744966257
3,1347,0.32088444975895464
3,1348,0.5956322335593349
3,1349,0.5305354893876671
3,1350,0.6435913537446687
3,1351,0.5440096536656857
3,1352,0.6213452533201932
3,1353,0.6233726591799597
3,1354,0.6042751523253318
3,1355,0.6430277694275892
3,1356,0.6280100540043367
3,1357,0.712990731025506
3,1358,0.7463252765239657
3,1359,0.5572042219016712
3,1360,0.5882231892844926
3,1361,0.5836929803479515
3,1362,0.820460582630946
3,1363,0.8775209231926231
3,1364,0.2896173747822938
3,1365,0.7043620670408793
3,1366,0.5233371681838069
3,1367,0.5725934542955482
3,1368,0.6225412058596238
3,1369,0.45080543092349806
3,1370,0.5345217100943529
3,1371,0.5401195294259838
3,1372,0.22803606686235348
3,1373,0.7545094456886584
3,1374,0.6386161681877152
3,1375,0.6190296816479066
3,1376,0.5970173962542143
3,1377,0.5483641763128962
3,1378,0.7741723550327707
3,1379,0.7539915480386412
3,1380,0.5217563676619034
3,1381,0.5634090335842468
3,1382,0.5877024879615691
3,1383,0.7076343315200019
3,1384,0.7086459024402602
3,1385,0.4815397418917269
3,1386,0.5486982833716846
3,1387,0.6621303291037387
3,1388,0.5011117006079187
3,1389,0.671857216104871
3,1390,0.7322756503434305
3,1391,0.4853576403211413
3,1392,0.7013412223882308
3,1393,0.5117002387916553
3,1394,0.6876680694656692
3,1395,0.46888926194113273
3,1396,0.8084377885454572
3,1397,0.6479600891018094
3,1398,0.6393819293191453
3,1399,0.4707127919020607
3,1400,0.6826020372882609
3,1401,0.6289278412354752
3,1402,0.6202968205114268
3,1403,0.5221975796650056
3,1404,0.5505018963135325
3,1405,0.5704820798839023
3,1406,0.5809203962818852
3,1407,0.6324878972282982
3,1408,0.5797342041435624
3,1409,0.6075345765115566
3,1410,0.5833269861889403
3,1411,0.5597768118324432
3,1412,0.574658888949746
3,1413,0.6648076565979822
3,1414,0.6655167047381708
3,1415,0.5885425103615536
3,1416,0.44360976893504717
3,1417,0.6782648765769249
3,1418,0.4946329223726141
3,1419,0.4785060895439112
3,1420,0.5123475486176379
3,1421,0.6092144048874326
3,1422,0.6058627208867865
3,1423,0.5356006062349693
3,1424,0.6399132191288058
3,1425,0.5000848576136085
3,1426,0.5005413792867748
3,1427,0.5708173370270448
3,1428,0.6044788898693637
3,1429,0.5631727472762781
3,1430,0.5806096388936076
3,1431,0.544320887602797
3,1432,0.6635624152799854
3,1433,0.35302157691053293
3,1434,0.3218845097316432
3,1435,0.2303967265581276
3,1436,0.7315604425611504
3,1437,0.7119452411668468
3,1438,0.4746499592522012
3,1439,0.7070557298206975
3,1440,0.6574886026526537
3,1441,0.5591000748850987
3,1442,0.4661973275961175
3,1443,0.6959765646563323
3,1444,0.6699763797450007
3,1445,0.4589486671068564
3,1446,0.524080477801779
3,1447,0.5996459078553994
3,1448,0.5553875813091241
3,1449,0.6914479576588765
3,1450,0.5096971672373305
3,1451,0.607251551680294
3,1452,0.7295820273768917
3,1453,0.4663178062366884
3,1454,0.6404926764502026
3,1455,0.6760064101035557
3,1456,0.5585454606514128
3,1457,0.43335596842023894
3,1458,0.7239485855660188
3,1459,0.5267748612684129
3,1460,0.6975471756204352
3,1461,0.40432497528523814
3,1462,0.34146506972699064
3,1463,0.5536586101683182
3,1464,0.642106574922945
3,1465,0.6104861386086324
3,1466,0.7845690116588888
3,1467,0.805374614222536
3,1468,0.7306122792911337
3,1469,0.7183079192198296
3,1470,0.7413540521542596
3,1471,0.5932928113820061
3,1472,0.6390177149720966
3,1473,0.6251359772307815
3,1474,0.6212203345641165
3,1475,0.7227517580243779
3,1476,0.6848031245557863
3,1477,0.6319398003924006
3,1478,0.579806344826216
3,1479,0.4004704849964083
3,1480,0.7219586327583852
3,1481,0.5759780084242826
3,1482,0.63026192935826
3,1483,0.593812874918072
3,1484,0.6188968210272559
3,1485,0.5618730040893531
3,1486,0.5773049207135138
3,1487,0.5012071143391508
3,1488,0.6019296901909024
3,1489,0.46181849126133045
3,1490,0.720383778465224
3,1491,0.5289705266435986
3,1492,0.7079469779566232
3,1493,0.691641959657946
3,1494,0.7624373802141138
3,1495,0.6174833012927099
3,1496,0.787613065847713
3,1497,0.332561344964077
3,1498,0.4974872223134166
3,1499,0.6816038993481642
3,1500,0.5602029567013515
3,1501,0.7089112470568759
3,1502,0.5996327050274588
3,1503,0.5517908925606317
3,1504,0.5126610953630768
3,1505,0.5496714947033754
3,1506,0.6509962676482376
3,1507,0.7367452490371563
3,1508,0.5514908932726156
3,1509,0.6906736024906226
3,1510,0.5222142231601157
3,1511,0.6994659109011764
3,1512,0.6023492596392861
3,1513,0.5736923620082701
3,1514,0.7354268683948982
3,1515,0.494541911848209
3,1516,0.7313032201057401
3,1517,0.6469239515910832
3,1518,0.6921954449166379
3,1519,0.6228037188394343
3,1520,0.5059670055199117
3,1521,0.4382862970721857
3,1522,0.6676614426731546
3,1523,0.626758815519049
3,1524,0.7097506570517321
3,1525,0.46405516855920975
3,1526,0.639436184906639
3,1527,0.6179432031706723
3,1528,0.5600836247095615
3,1529,0.5709318175547361
3,1530,0.5787264487660739
3,1531,0.6055597760169171
3,1532,0.7051947685150934
3,1533,0.45584570225002174
3,1534,0.4850508009332646
3,1535,0.7165392733126426
3,1536,0.5816189856872725
3,1537,0.4952776893430578
3,1538,0.6954432519070529
3,1539,0.48448840416981687
3,1540,0.5997089691256977
3,1541,0.3544256911067212
3,1542,0.23523367543383106
3,1543,0.23727028123028215
3,1544,0.6250691916342873
3,1545,0.7665951081593834
3,1546,0.7513607508681663
3,1547,0.574723876846375
3,1548,0.5729955068392056
3,1549,0.585867355354511
3,1550,0.6894851423716584
3,1551,0.7555302986920107
3,1552,0.7580554930245725
3,1553,0.43103664952801773
3,1554,0.7360607933296209
3,1555,0.7360961453529259
3,1556,0.6612307071497311
3,1557,0.5905103516070764
3,1558,0.5492959511338821
3,1559,0.43363506010255487
3,1560,0.7098120783214887
3,1561,0.7095531458987452
3,1562,0.3363462099136958
3,1563,0.7616484748363493
3,1564,0.4197029391460625
3,1565,0.4107445925739113
3,1566,0.45470862456007977
3,1567,0.7530013182119631
3,1568,0.6687391952424824
3,1569,0.661538308114101
3,1570,0.6249168761242335
3,1571,0.797653062170918
3,1572,0.805358613499329
3,1573,0.6502726056261007
3,1574,0.3699938459049868
3,1575,0.3842475959984697
3,1576,0.47660071507232593
3,1577,0.480228523749634
3,1578,0.46872920608468677
3,1579,0.6903856803584292
3,1580,0.6348945955811341
3,1581,0.5290847079971693
3,1582,0.5713417355862577
3,1583,0.6684044394216954
3,1584,0.6225497201040268
3,1585,0.5120176438783717
3,1586,0.717742813799086
3,1587,0.8287054610032957
3,1588,0.7735241931775623
3,1589,0.5136325822867439
3,1590,0.6535241641606688
3,1591,0.8166955460833311
3,1592,0.43458613255905104
3,1593,0.4958150218152653
3,1594,0.6436431020869646
3,1595,0.6366714466553848
3,1596,0.5009728684739472
3,1597,0.6617438958842591
3,1598,0.7248052815521528
3,1599,0.43518475767856274
3,1600,0.6602007874274646
3,1601,0.4854793551893392
3,1602,0.7192099870259839
3,1603,0.6028457847656553
3,1604,0.5903626984973644
3,1605,0.5513903330396474
3,1606,0.6557718941697878
3,1607,0.6189391645066714
3,1608,0.6590966909047771
3,1609,0.5550733182723232
3,1610,0.6502816628098649
3,1611,0.5206825213153492
3,1612,0.6708675957433644
3,1613,0.5745153305719889
3,1614,0.5813906383929012
3,1615,0.46022850531018883
3,1616,0.5279794297739268
3,1617,0.6299974792137465
3,1618,0.5545240625554076
3,1619,0.5576983539400171
3,1620,0.5456134755643733
3,1621,0.7295121251880002
3,1622,0.40161252427180283
3,1623,0.6580270528588619
3,1624,0.6912175197025752
3,1625,0.5742081550037159
3,1626,0.5211940478691596
3,1627,0.663585455555526
3,1628,0.8178956429034486
3,1629,0.5740177900453991
3,1630,0.5136479891790929
3,1631,0.5686110486571095
3,1632,0.6912965968906952
3,1633,0.47352826842180745
3,1634,0.6261518659694433
3,1635,0.651151179113445
3,1636,0.6317798047532666
3,1637,0.5527493901751334
3,1638,0.600826030870626
3,1639,0.5144028504745929
3,1640,0.32717723297229007
3,1641,0.6841725131902165
3,1642,0.6065163443736193
3,1643,0.6751335487119254
3,1644,0.602926294262507
3,1645,0.5717784097254703
3,1646,0.5330867271342153
3,1647,0.4170731748836816
3,1648,0.7315056997491601
3,1649,0.6208527716032052
3,1650,0.5679091449733539
3,1651,0.6898642538906629
3,1652,0.5952653091780821
3,1653,0.5718542538811289
3,1654,0.5319574114100538
3,1655,0.553889252762173
3,1656,0.6564851994129082
3,1657,0.5586974474353287
3,1658,0.8745035073852778
3,1659,0.30531206931927046
3,1660,0.7887392362895127
3,1661,0.674200098567802
3,1662,0.46561145692224226
3,1663,0.6458014135044715
3,1664,0.6641615078530613
3,1665,0.7644611556004488
3,1666,0.6267597247000803
3,1667,0.5558853081456933
3,1668,0.7411725684018587
3,1669,0.6484604946930471
3,1670,0.5613207714332951
3,1671,0.6332549102808162
3,1672,0.5521945022864323
3,1673,0.53675250333938
3,1674,0.5496405012683989
3,1675,0.5895666901029125
3,1676,0.5946049137688892
3,1677,0.5844601449700237
3,1678,0.4454253026765197
3,1679,0.4544787561973081
3,1680,0.6036958087917631
3,1681,0.632487486265781
3,1682,0.6868810457422206
3,1683,0.5165142433465717
3,1684,0.6495509836777801
3,1685,0.6735991819792971
3,1686,0.6155236004873014
3,1687,0.563108192650863
3,1688,0.6711269863964463
3,1689,0.5265247657566107
3,1690,0.5403659083862652
3,1691,0.6519197778283181
3,1692,0.5367890146206126
3,1693,0.7312139520008384
3,1694,0.7388243200786757
3,1695,0.7574509092790633
3,1696,0.712051917408645
3,1697,0.7160779956110074
3,1698,0.6769897789387174
3,1699,0.5617330502588916
3,1700,0.6673200728119819
3,1701,0.6395385381958867
3,1702,0.6239494248272891
3,1703,0.6172301355466233
3,1704,0.6386472157039097
3,1705,0.5901240430734179
3,1706,0.6258748966886343
3,1707,0.6704584595043971
3,1708,0.7511009550336775
3,1709,0.5755230383551883
3,1710,0.5443386066860895
3,1711,0.556236599396843
3,1712,0.5921638614408016
3,1713,0.5648893621643213
3,1714,0.6134749428311672
3,1715,0.6110962314761442
3,1716,0.560332905211057
3,1717,0.5198019047649163
3,1718,0.7052694608964021
3,1719,0.6190347683380978
3,1720,0.5984222982960183
3,1721,0.5269224523541562
3,1722,0.8611366443051097
3,1723,0.8869510128749732
3,1724,0.8339684121656754
3,1725,0.40291722109003475
3,1726,0.6444491197818422
3,1727,0.47629184947710707
3,1728,0.7074933368907852
3,1729,0.5592371959978811
3,1730,0.6595940925379837
3,1731,0.5170148770619626
3,1732,0.8911349151772666
3,1733,0.8839400306967835
3,1734,0.4969883372914116
3,1735,0.5788710180007698
3,1736,0.6228927439312634
3,1737,0.6901261516456662
3,1738,0.5075956149053934
3,1739,0.7520041403313631
3,1740,0.385956546573806
3,1741,0.761942369619569
3,1742,0.5289251364944688
3,1743,0.6434642947952025
3,1744,0.596598723424529
3,1745,0.5723582595447569
3,1746,0.690033125088899
3,1747,0.4983085357403416
3,1748,0.6983950473031452
3,1749,0.6435758786895561
3,1750,0.5087156243465035
3,1751,0.6507552811633213
3,1752,0.55278034365841
3,1753,0.5594302378032145
3,1754,0.6608437322496306
3,1755,0.4352983841290394
3,1756,0.8264642552170207
3,1757,0.6780639564284566
3,1758,0.6053194364689157
3,1759,0.6150785651646757
3,1760,0.6115669667015523
3,1761,0.5660510702509511
3,1762,0.5480026976485396
3,1763,0.5709775789083122
3,1764,0.5422103213732604
3,1765,0.698200400411956
3,1766,0.41264541451027753
3,1767,0.571663561805834
3,1768,0.5867934319177945
3,1769,0.6094098849044434
3,1770,0.5377909222870664
3,1771,0.5489965850917138
3,1772,0.6816854472210193
3,1773,0.2820358481857892
3,1774,0.835488582892571
3,1775,0.5308708883343064
3,1776,0.6182762819519951
3,1777,0.4997292453319295
3,1778,0.5615131929949579
3,1779,0.6873457904307863
3,1780,0.5920591908849131
3,1781,0.5725201930501949
3,1782,0.24758105712905867
3,1783,0.8173089230836
3,1784,0.5124303208611551
3,1785,0.4981302436486848
3,1786,0.5857393884274394
3,1787,0.5647021689983711
3,1788,0.6751770060314103
3,1789,0.449631477924072
3,1790,0.6718400501668504
3,1791,0.6696755675110609
3,1792,0.4774120199494928
3,1793,0.7278337130066513
3,1794,0.527601902207903
3,1795,0.5644496448727963
3,1796,0.6588605537555925
3,1797,0.6639035721303619
3,1798,0.5459372460396263
3,1799,0.6619887233727213
3,1800,0.4919289172585037
3,1801,0.7895345947794004
3,1802,0.3876432698124406
3,1803,0.8551303644390293
3,1804,0.8197580909091905
3,1805,0.5861166648806969
3,1806,0.6136532350151848
3,1807,0.6394448034776093
3,1808,0.6540392784344042
3,1809,0.7233828821415468
3,1810,0.5704033650019251
3,1811,0.43226581251329604
3,1812,0.5647547452843628
3,1813,0.5553416476006013
3,1814,0.6382794922976139
3,1815,0.5042880459107845
3,1816,0.6613733712118406
3,1817,0.5543717413395858
3,1818,0.4996744509805484
3,1819,0.7720320693789816
3,1820,0.40996406311917605
3,1821,0.7690112958887161
3,1822,0.41798730821488195
3,1823,0.5895198181770673
3,1824,0.4408531136000108
3,1825,0.6585756733326223
3,1826,0.48561240249629284
3,1827,0.5248326435114207
3,1828,0.7102583748880088
3,1829,0.5969766166621898
3,1830,0.5166011581471248
3,1831,0.5240825023821812
3,1832,0.5829976307028285
3,1833,0.3507140473271016
3,1834,0.7625456787069378
3,1835,0.6722873847929652
3,1836,0.5424697373174281
3,1837,0.5909568578419185
3,1838,0.6612954340406367
3,1839,0.7003190533841125
3,1840,0.7186031034430639
3,1841,0.6479245022854434
3,1842,0.44393864000032507
3,1843,0.7561028352354124
3,1844,0.43316052639035946
3,1845,0.4854814975552658
3,1846,0.32227425195069986
3,1847,0.35174755266656804
3,1848,0.6419768742864992
3,1849,0.39510389636781434
3,1850,0.6236764291751912
3,1851,0.5336041998382066
3,1852,0.6434033752496338
3,1853,0.59474034574264
3,1854,0.6840573436346065
3,1855,0.5157262251838062
3,1856,0.7244151977618487
3,1857,0.6108088783727531
3,1858,0.64263280804788
3,1859,0.5943984734315586
3,1860,0.5508010890252981
3,1861,0.4823055294312698
3,1862,0.6739522813673059
3,1863,0.720260658257542
3,1864,0.5269262912715236
3,1865,0.7533954111845981
3,1866,0.7077421926883755
3,1867,0.6770706107677206
3,1868,0.7057161486200544
3,1869,0.38489373784354225
3,1870,0.7798716787245844
3,1871,0.7736166962430038
3,1872,0.46952590869993466
3,1873,0.6984752496643596
3,1874,0.46581143661038654
3,1875,0.8309665083540296
3,1876,0.7758385601648764
3,1877,0.3583339234159991
3,1878,0.8088069746826578
3,1879,0.42592474481872145
3,1880,0.3299404400508736
3,1881,0.4574036488594507
3,1882,0.3620499697365796
3,1883,0.7619113302079915
3,1884,0.4648697301430356
3,1885,0.4581385300447753
3,1886,0.5484253428773718
3,1887,0.5932399254232521
3,1888,0.6620735477355274
3,1889,0.7301809413343094
3,1890,0.7691492438547921
3,1891,0.7488400843382235
3,1892,0.8176317607188213
3,1893,0.7957647392206446
3,1894,0.771092174139085
3,1895,0.652185578711833
3,1896,0.5789699120108085
3,1897,0.5011416594921955
3,1898,0.4628282339436663
3,1899,0.5809501563695754
3,1900,0.6022567213167485
3,1901,0.5784849798233611
3,1902,0.5845321581823256
3,1903,0.6560810253884868
3,1904,0.5405852416522989
3,1905,0.511013438000734
3,1906,0.19070137814594207
3,1907,0.7913639604550519
3,1908,0.6875558182712141
3,1909,0.565034252694651
3,1910,0.581495297334589
3,1911,0.5570733134846698
3,1912,0.6164865228071227
3,1913,0.5842630617368549
3,1914,0.7569010309514296
3,1915,0.347064288910759
3,1916,0.5920481179062356
3,1917,0.6743055449527354
3,1918,0.6984134613226188
3,1919,0.511216278608229
3,1920,0.6504641007964062
3,1921,0.7028449135595402
3,1922,0.6852496070141664
3,1923,0.47762123965161196
3,1924,0.4104902234839718
3,1925,0.5435422223347449
3,1926,0.7429934829012333
3,1927,0.6440251307275651
3,1928,0.6614375006887981
3,1929,0.6663897808437266
3,1930,0.5146786797647049
3,1931,0.7530295278802438
3,1932,0.7408203527582389
3,1933,0.4268814489782428
3,1934,0.6750240627373554
3,1935,0.5456734144144424
3,1936,0.6883286444677007
3,1937,0.660653763455014
3,1938,0.7074444715212443
3,1939,0.42764480653314496
3,1940,0.6612995111228746
3,1941,0.4434621461482494
3,1942,0.44091824859775897
3,1943,0.6707137091125622
3,1944,0.6893181485248844
3,1945,0.44510621653319954
3,1946,0.7177766970436912
3,1947,0.43211823314491
3,1948,0.7355977317854601
3,1949,0.7869706681675245
3,1950,0.3209407794220578
3,1951,0.6175864541112411
3,1952,0.37372750996706317
3,1953,0.47620425747307166
3,1954,0.6425173422786314
3,1955,0.6487746502986851
3,1956,0.7296768014926978
3,1957,0.5702178176773447
3,1958,0.6767487471694754
3,1959,0.4724967265620051
3,1960,0.5979996728306672
3,1961,0.6973902190258512
3,1962,0.6244543945204081
3,1963,0.5530627725873717
3,1964,0.5777818668513678
3,1965,0.7541307451775884
3,1966,0.4264097614054706
3,1967,0.4921645257717518
3,1968,0.7034180470566689
3,1969,0.5242741839342816
3,1970,0.6591174863952908
3,1971,0.6338491109254075
3,1972,0.620610183273389
3,1973,0.5577155265650502
3,1974,0.6389133305408018
3,1975,0.6265960846719749
3,1976,0.511653304031481
3,1977,0.6203926775453577
3,1978,0.6311714657248244
3,1979,0.5904875127764057
3,1980,0.6311060306774577
3,1981,0.5795462732789401
3,1982,0.6137604505886438
3,1983,0.3992551495050605
3,1984,0.5125239512356553
3,1985,0.5905049140121555
3,1986,0.575498044824782
3,1987,0.7737750171864025
3,1988,0.37740561794373506
3,1989,0.7307225544328851
3,1990,0.52188733297972
3,1991,0.4134849871321612
3,1992,0.2993220718711289
3,1993,0.5893315869639669
3,1994,0.5367297146787249
3,1995,0.7545007034907665
3,1996,0.331062354325647
3,1997,0.7944272335978836
3,1998,0.6666123620147535
3,1999,0.7207580412317297
3,2000,0.6448854425214525
3,2001,0.5698850477739952
3,2002,0.658536136763965
3,2003,0.62143800736006
3,2004,0.4865456096358304
3,2005,0.6525530828630977
3,2006,0.3410757320604585
3,2007,0.6374723456506097
3,2008,0.4820059734092356
3,2009,0.5756248437366307
3,2010,0.5597333908188283
3,2011,0.5927099171060276
3,2012,0.5828586613330896
3,2013,0.599248692078683
3,2014,0.6323412383511687
3,2015,0.6836016056168931
3,2016,0.520913347600959
3,2017,0.6771091980180987
3,2018,0.45999128143661533
3,2019,0.4448871821184207
3,2020,0.43721830033457526
3,2021,0.7703066955665564
3,2022,0.5298356160018529
3,2023,0.5769583362391377
3,2024,0.6350309378508856
3,2025,0.6043739366398015
3,2026,0.5991486504311407
3,2027,0.5366151790796879
3,2028,0.574405524394717
3,2029,0.4749773196398579
3,2030,0.5364286576039196
3,2031,0.538790832583693
3,2032,0.4831427579341469
3,2033,0.44737889994660746
3,2034,0.7566362873557703
3,2035,0.4153395317470229
3,2036,0.5930827709407842
3,2037,0.43893262568485597
3,2038,0.49045779995168937
3,2039,0.4465771524189947
3,2040,0.431365670148157
3,2041,0.672564340357241
3,2042,0.4836706219527713
3,2043,0.46922732866704336
3,2044,0.42975038299344004
3,2045,0.6370198486187244
3,2046,0.47504674709737776
3,2047,0.6998986215158921
3,2048,0.54606048691484
3,2049,0.7044966292040677
3,2050,0.5730799159216929
3,2051,0.5541893063175473
3,2052,0.6089327424301276
3,2053,0.672532819785307
3,2054,0.6800521349802523
3,2055,0.5226133336881098
3,2056,0.6138838612343924
3,2057,0.6068987588705714
3,2058,0.5067520451232159
3,2059,0.532177132199203
3,2060,0.5542015919250823
3,2061,0.593775738508797
3,2062,0.6006984846775855
3,2063,0.6780831262800691
3,2064,0.6509144904190807
3,2065,0.5350433789309955
3,2066,0.41312309629588256
3,2067,0.6115467477264495
3,2068,0.7335506616348272
3,2069,0.5275043075305722
3,2070,0.5013834881342865
3,2071,0.5605102773109466
3,2072,0.6537866895716808
3,2073,0.5809552176481956
3,2074,0.6542449752269961
3,2075,0.5316007856246107
3,2076,0.5669347727480971
3,2077,0.29372433900968187
3,2078,0.8186578826968826
3,2079,0.2900774406517903
3,2080,0.7150150507107661
3,2081,0.8674581673473712
3,2082,0.6569384248336074
3,2083,0.5918130964392472
3,2084,0.6120951834556495
3,2085,0.6405494639109811
3,2086,0.7116696520303963
3,2087,0.43556503088598997
3,2088,0.5380437981189484
3,2089,0.65934213713987
3,2090,0.6369498203197531
3,2091,0.5881153027266997
3,2092,0.5881153027266997
3,2093,0.6725842883494875
3,2094,0.6472707594985455
3,2095,0.8197962165967315
3,2096,0.32718447401824247
3,2097,0.43257046854202297
3,2098,0.33467416496393787
3,2099,0.2750624817438982
3,2100,0.6612954728073283
3,2101,0.7130817113954866
3,2102,0.5405595249098512
3,2103,0.7242965360962238
3,2104,0.4830842297109941
3,2105,0.5438642023453429
3,2106,0.540611074046313
3,2107,0.6998268833986893
3,2108,0.6719924949536189
3,2109,0.6719924949536189
3,2110,0.5719469299601879
3,2111,0.7301866856974316
3,2112,0.5728110243979717
3,2113,0.6862900826888848
3,2114,0.6397579068267732
3,2115,0.7553659853042073
3,2116,0.7394247711153645
3,2117,0.7232321996757145
3,2118,0.8213966160490485
3,2119,0.4943916833202979
3,2120,0.5137240073792865
3,2121,0.7484643532226687
3,2122,0.507656718710246
3,2123,0.2985952554651346
3,2124,0.38772932936904275
3,2125,0.5058678860377397
3,2126,0.7393671491831415
3,2127,0.7377998133685325
3,2128,0.5659015393311696
3,2129,0.6125243996255275
3,2130,0.6327454962392971
3,2131,0.5957546127240699
3,2132,0.5681899296316979
3,2133,0.5877677782668675
3,2134,0.5966244688677875
3,2135,0.3530455367121963
3,2136,0.6344656772840641
3,2137,0.6129396125680955
3,2138,0.6019675093832187
3,2139,0.7247693666271259
3,2140,0.4414695846986583
3,2141,0.6703022613422204
3,2142,0.5726059401599097
3,2143,0.4660830303516631
3,2144,0.543841055493046
3,2145,0.5580240484954068
3,2146,0.7015657170321025
3,2147,0.4115200496625293
3,2148,0.8726762896492183
3,2149,0.2855480344589598
3,2150,0.8488533872877174
3,2151,0.3308268821535195
3,2152,0.263682904357661
3,2153,0.5793936481370923
3,2154,0.5595203473466955
3,2155,0.6839335552964562
3,2156,0.6350906823810071
3,2157,0.3970790246546016
3,2158,0.7850106226682635
3,2159,0.7523330134527252
3,2160,0.6717395893215901
3,2161,0.5455461267259946
3,2162,0.5901616865558186
3,2163,0.4922781646940562
3,2164,0.6939440838060638
3,2165,0.5400533477096391
3,2166,0.6110902674436527
3,2167,0.5591630225338877
3,2168,0.47911209244324643
3,2169,0.5650714860781842
3,2170,0.6450352372992137
3,2171,0.7060837816969368
3,2172,0.49780285901278887
3,2173,0.5745787783157462
3,2174,0.7944798885161772
3,2175,0.820496330741591
3,2176,0.41209730273821105
3,2177,0.7045022741924996
3,2178,0.7451748608794115
3,2179,0.7192157215703018
3,2180,0.7783253538342527
3,2181,0.46154400017893765
3,2182,0.5270261355439545
3,2183,0.6655324312917361
3,2184,0.6698130802119003
3,2185,0.5913854167704662
3,2186,0.49841206626709444
3,2187,0.7036132918931683
3,2188,0.43908493794204545
3,2189,0.46620350023500007
3,2190,0.7870417312242284
3,2191,0.6380467498716492
3,2192,0.5230371456077167
3,2193,0.6806470480957914
3,2194,0.47093150472555034
3,2195,0.524535961782724
3,2196,0.4224057179299131
3,2197,0.6139059916119227
3,2198,0.5339486306921538
3,2199,0.6018237707959875
3,2200,0.6803704177416958
3,2201,0.5114179308743592
3,2202,0.7270427836535132
3,2203,0.47228577833455787
3,2204,0.5907770891523123
3,2205,0.5366447366284357
3,2206,0.313585220056579
3,2207,0.43912787871594794
3,2208,0.6684983108431969
3,2209,0.5529650039810479
3,2210,0.48907115025061243
3,2211,0.753480768176836
3,2212,0.33414767271290124
3,2213,0.8114028334942269
3,2214,0.33850346079717736
3,2215,0.4071316494745608
3,2216,0.636532322953198
3,2217,0.5555898710614965
3,2218,0.5615026460808256
3,2219,0.7110028236542055
3,2220,0.7037066905016522
3,2221,0.3919075799184433
3,2222,0.722168821035644
3,2223,0.6950251420056283
3,2224,0.4900893914354481
3,2225,0.6324809657102458
3,2226,0.7537668914528723
3,2227,0.7366493232615603
3,2228,0.48181512141164334
3,2229,0.43716333711975425
3,2230,0.5522452303922296
3,2231,0.6345457906927118
3,2232,0.4916810986723994
3,2233,0.5441187037308336
3,2234,0.355369458252399
3,2235,0.23296197622546494
3,2236,0.8698455500272387
3,2237,0.8214719488040009
3,2238,0.8360929773923131
3,2239,0.2952757551930875
3,2240,0.755549737911163
3,2241,0.4718468842682387
3,2242,0.36909431770228524
3,2243,0.6056801887528326
3,2244,0.3630048477744107
3,2245,0.6161055150474646
3,2246,0.6135173763416789
3,2247,0.6499873920677778
3,2248,0.6076408434490536
3,2249,0.6380556077201079
3,2250,0.7105249595001054
3,2251,0.6578584057304133
3,2252,0.5261612104207334
3,2253,0.7474312854877964
3,2254,0.35496705653791677
3,2255,0.6246851672508607
3,2256,0.5727878831656165
3,2257,0.633141822563513
3,2258,0.6147790990673863
3,2259,0.8105670200132647
3,2260,0.8394612482071938
3,2261,0.7187998355296795
3,2262,0.7148190288725738
3,2263,0.3997459337155217
3,2264,0.4165747705733899
3,2265,0.3294365047548149
3,2266,0.9163982340740849
3,2267,0.16647393683994013
3,2268,0.22553665249667568
3,2269,0.5029010083409782
3,2270,0.683140537750467
3,2271,0.5980047012076177
3,2272,0.6664133008293798
3,2273,0.6303570425965752
3,2274,0.3601200494214555
3,2275,0.7285617661724046
3,2276,0.7015930865220037
3,2277,0.7236824333564055
3,2278,0.7033625215439604
3,2279,0.5559272086162004
3,2280,0.6749954650390287
3,2281,0.7892690170925439
3,2282,0.4668504643052395
3,2283,0.7097089521709029
3,2284,0.37212058180316365
3,2285,0.7836299504832468
3,2286,0.4425447815269917
3,2287,0.42960807193510064
3,2288,0.67780577272155
3,2289,0.5972088278510077
3,2290,0.6370876230315279
3,2291,0.5728094082817337
3,2292,0.7087976128463577
3,2293,0.7245137016633298
3,2294,0.4588695866600032
3,2295,0.6490633144693166
3,2296,0.6353669753898129
3,2297,0.520374984938412
3,2298,0.4123259704542907
3,2299,0.620257796166585
3,2300,0.6669428176440101
3,2301,0.5711795883659184
3,2302,0.6202582005459595
3,2303,0.5622899089056308
3,2304,0.5880619510961644
3,2305,0.5058128985808302
3,2306,0.603879792304829
3,2307,0.4207819765862158
3,2308,0.3368418683847197
3,2309,0.37701600836530763
3,2310,0.7467854655153712
3,2311,0.28549364054327253
3,2312,0.632865143610658
3,2313,0.29406464986064385
3,2314,0.3406171608108225
3,2315,0.5310095213445215
3,2316,0.5641584458700808
3,2317,0.6118305486614849
3,2318,0.48008719112425335
3,2319,0.7132592480588811
3,2320,0.4616470051793507
3,2321,0.539272719318974
3,2322,0.6652192918878972
3,2323,0.49468274006794444
3,2324,0.45185642837208173
3,2325,0.5562359133959193
3,2326,0.6707726384677946
3,2327,0.6286896064211733
3,2328,0.44079973511701187
3,2329,0.5142707807334022
3,2330,0.5069244260888862
3,2331,0.6319952381378756
3,2332,0.5272772075901869
3,2333,0.8005558464251551
3,2334,0.3751010970929306
3,2335,0.4039796186568904
3,2336,0.3434696594525056
3,2337,0.41514588671878794
3,2338,0.4149574995674195
3,2339,0.6811989307144884
3,2340,0.6911572978637044
3,2341,0.4622143099759221
3,2342,0.3094561901997398
3,2343,0.7736920595338548
3,2344,0.3276865401514816
3,2345,0.39960125137257824
3,2346,0.6991293161467711
3,2347,0.774070886746605
3,2348,0.30372347889694884
3,2349,0.3512139400226785
3,2350,0.39841653692321366
3,2351,0.7410115622119609
3,2352,0.4337209848436203
3,2353,0.7203168896850847
3,2354,0.7395260583411631
3,2355,0.7394934008579921
3,2356,0.633351635235373
3,2357,0.5602084436536817
3,2358,0.6441401531743463
3,2359,0.7493023357689853
3,2360,0.7056502436085273
3,2361,0.32852410262714693
3,2362,0.863043538462397
3,2363,0.5747832313100674
3,2364,0.5557776090007505
3,2365,0.590334659582547
3,2366,0.590334659582547
3,2367,0.7210580227971499
3,2368,0.7517030819191463
3,2369,0.4330117277184684
3,2370,0.34496801061781934
3,2371,0.8230575999681411
3,2372,0.645863783000907
3,2373,0.6558315665311878
3,2374,0.7291049759779444
3,2375,0.56998747700445
3,2376,0.6195483131020434
3,2377,0.757537867648616
3,2378,0.6754181950100401
3,2379,0.5195563315247227
3,2380,0.617721093604173
3,2381,0.594673336571955
3,2382,0.428231910386187
3,2383,0.3797659457776438
3,2384,0.4602709116118023
3,2385,0.45973150707220306
3,2386,0.4659768181236625
3,2387,0.5776644858132036
3,2388,0.602733717101742
3,2389,0.5115793370211521
3,2390,0.4259110553500902
3,2391,0.3512445125396631
3,2392,0.6024066632658808
3,2393,0.6601174035370528
3,2394,0.599139222114022
3,2395,0.642249696491004
3,2396,0.43948097850054174
3,2397,0.5680861156156853
3,2398,0.6489116682878844
3,2399,0.5048731356636572
3,2400,0.5846990065717
3,2401,0.6215137199817273
3,2402,0.6550745534479768
3,2403,0.5838901340965519
3,2404,0.6064729112085244
3,2405,0.7150167650603558
3,2406,0.7515631592020696
3,2407,0.5660787864481065
3,2408,0.588989342800609
3,2409,0.7416830405601411
3,2410,0.49932477744313614
3,2411,0.6733493987546926
3,2412,0.5838793148950292
3,2413,0.5868657496166266
3,2414,0.6172891449192468
3,2415,0.732281588915296
3,2416,0.43150975248273454
3,2417,0.5016221387632186
3,2418,0.6462959200611096
3,2419,0.5570546652448544
3,2420,0.6354041954502286
3,2421,0.5558094392875099
3,2422,0.6555014714914015
3,2423,0.4864391547224084
3,2424,0.4335243713810842
3,2425,0.6026948862193955
3,2426,0.6973640995032615
3,2427,0.6351778262810949
3,2428,0.6635215494476931
3,2429,0.5582186757364755
3,2430,0.6008699528975247
3,2431,0.5760427128948585
3,2432,0.7498228890909759
3,2433,0.7559271011741591
3,2434,0.375986416113375
3,2435,0.4778677212761758
3,2436,0.5148658678646382
3,2437,0.6964751180900335
3,2438,0.6527589328735022
3,2439,0.6711952061383708
3,2440,0.4564832243800409
3,2441,0.646811450950482
3,2442,0.5285534549171509
3,2443,0.5940106964875256
3,2444,0.6089997022659317
3,2445,0.47985289150363414
3,2446,0.7116293580443263
3,2447,0.456578059029915
3,2448,0.7012067032711247
3,2449,0.5095790090199231
3,2450,0.5163778358005034
3,2451,0.5920052126723764
3,2452,0.7748053702933121
3,2453,0.6335719285060328
3,2454,0.6268609242399388
3,2455,0.7214109704640245
3,2456,0.5479821853336277
3,2457,0.5227425873624184
3,2458,0.6546641050994773
3,2459,0.7061828892773965
3,2460,0.7856788310360262
3,2461,0.5045426057698489
3,2462,0.5626807458386075
3,2463,0.5617430716765345
3,2464,0.5711170052258459
3,2465,0.6517571309928655
3,2466,0.5266993502830727
3,2467,0.4156019287776736
3,2468,0.5626669135067695
3,2469,0.674591345071763
3,2470,0.6599952815859643
3,2471,0.5606080384085617
3,2472,0.540717693124482
3,2473,0.5233211420685636
3,2474,0.7924172112210439
3,2475,0.7092912137654267
3,2476,0.4146865503428602
3,2477,0.5387041297422916
3,2478,0.614322916282928
3,2479,0.48433001945179266
3,2480,0.7218852332612093
3,2481,0.3848444213664577
3,2482,0.6073239544676767
3,2483,0.7239814620070317
3,2484,0.7050719071013719
3,2485,0.7149087642949273
3,2486,0.6610534297655415
3,2487,0.5290488881027208
3,2488,0.5441914313330793
3,2489,0.6845065960417717
3,2490,0.5089950538661959
3,2491,0.5447116930404935
3,2492,0.4944637635348291
3,2493,0.7006355823783338
3,2494,0.43524674113497624
3,2495,0.5699338904948825
3,2496,0.41108770453365967
3,2497,0.45560074252131866
3,2498,0.5913292500216714
3,2499,0.5825116582910758
3,2500,0.5909216710456814
3,2501,0.7230671166745868
3,2502,0.6193475346235108
3,2503,0.5736086655140166
3,2504,0.6502479561406255
3,2505,0.5748883762561656
3,2506,0.4480415961540751
3,2507,0.5467822042912079
3,2508,0.6300643380983518
3,2509,0.35421921815059165
3,2510,0.7733474833417744
3,2511,0.7077684851401456
3,2512,0.4332081876948423
3,2513,0.7362436329164446
3,2514,0.78175322228784
3,2515,0.8228115227093417
3,2516,0.8068307751591266
3,2517,0.3815140993323977
3,2518,0.37137518891186866
3,2519,0.6470585948967431
3,2520,0.635482875223217
3,2521,0.6720676878212856
3,2522,0.6369216296319015
3,2523,0.6369216296319015
3,2524,0.6928217570635096
3,2525,0.6053407968988848
3,2526,0.5841825343231063
3,2527,0.7236137488168172
3,2528,0.48356704765858655
3,2529,0.5724214509605521
3,2530,0.5523232027411383
3,2531,0.4902329882250705
3,2532,0.6079713325626379
3,2533,0.5818597481342288
3,2534,0.45553073342141037
3,2535,0.6951108868473764
3,2536,0.8122540639341482
3,2537,0.4570920336875718
3,2538,0.8020478639301142
3,2539,0.7707018116083877
3,2540,0.46254362884919237
3,2541,0.7246031668296263
3,2542,0.7156340222828823
3,2543,0.39647697579879043
3,2544,0.5455851943656166
3,2545,0.692233678101159
3,2546,0.5702658022363624
3,2547,0.4973743375695914
3,2548,0.7628645523400691
3,2549,0.6869728633434804
3,2550,0.7195133989635589
3,2551,0.6550530074707084
3,2552,0.7311151585030942
3,2553,0.712033305048644
3,2554,0.36059217221831924
3,2555,0.7902015688743348
3,2556,0.4089804005850621
3,2557,0.6246457589218328
3,2558,0.6232187376330383
3,2559,0.6098047460336479
3,2560,0.5303505176728257
3,2561,0.6460544957153154
3,2562,0.6294933658969573
3,2563,0.6855440803787601
3,2564,0.7133998646126466
3,2565,0.4875607056081875
3,2566,0.5946358122932007
3,2567,0.6328254598911552
3,2568,0.6360483598619465
3,2569,0.5373362559368241
3,2570,0.5542423840326265
3,2571,0.603308862764951
3,2572,0.5175278335491178
3,2573,0.4558851970136778
3,2574,0.4536265690839971
3,2575,0.3792239213379392
3,2576,0.6947979515863051
3,2577,0.6952586907784696
3,2578,0.6254240740265804
3,2579,0.5916322868038287
3,2580,0.598901532935502
3,2581,0.6249016094030073
3,2582,0.5739723716536633
3,2583,0.5833542580188043
3,2584,0.5417347771263635
3,2585,0.6755985915979104
3,2586,0.5167404100152213
3,2587,0.7173592098345812
3,2588,0.4987079360760076
3,2589,0.6994087409684069
3,2590,0.5301443710587166
3,2591,0.510032399358489
3,2592,0.5659614200789734
3,2593,0.534437665757065
3,2594,0.5792381907089398
3,2595,0.5146274237982816
3,2596,0.5475312172167862
3,2597,0.6625172449935425
3,2598,0.5735680067663865
3,2599,0.7118128875399078
3,2600,0.5069813311783982
3,2601,0.6072673417387684
3,2602,0.5153071864086997
3,2603,0.47359899676130424
3,2604,0.6145089460794195
3,2605,0.510092453133799
3,2606,0.7048874925340471
3,2607,0.570566775868709
3,2608,0.702040680535303
3,2609,0.5829228263435499
3,2610,0.5591243788747179
3,2611,0.6099756938668106
3,2612,0.5947580006578891
3,2613,0.6197693565321558
3,2614,0.7459804689265017
3,2615,0.5975303454256023
3,2616,0.192126834005563
3,2617,0.7937532756981045
3,2618,0.2503703056122874
3,2619,0.3946428268319421
3,2620,0.3946028467519376
3,2621,0.8517949621856
3,2622,0.4690803783732147
3,2623,0.6921158943029213
3,2624,0.547679691231107
3,2625,0.6212494098742651
3,2626,0.7441312538126456
3,2627,0.6415594670457387
3,2628,0.5127516450479587
3,2629,0.6744223555757698
3,2630,0.5125398685067797
3,2631,0.6409238368528611
3,2632,0.6483302958470968
3,2633,0.6585612290629634
3,2634,0.6288335334508761
3,2635,0.6102019029704181
3,2636,0.5470292601127021
3,2637,0.6151315366374882
3,2638,0.5175619149465608
3,2639,0.5136540516836543
3,2640,0.6902985883527126
3,2641,0.5817081719334241
3,2642,0.6962786985339475
3,2643,0.6371565113963639
3,2644,0.4004454544527436
3,2645,0.6010599412348926
3,2646,0.5084561245451934
3,2647,0.6122457943459273
3,2648,0.6558292499465701
3,2649,0.6827779904116139
3,2650,0.6981524023245392
3,2651,0.4491125993552202
3,2652,0.7125239565092482
3,2653,0.6431981660195937
3,2654,0.633182880722929
3,2655,0.5097254810270745
3,2656,0.6688329241168037
3,2657,0.47238760371328953
3,2658,0.641961242511578
3,2659,0.5110324480048387
3,2660,0.5786798052321601
3,2661,0.5188184379308723
3,2662,0.30786069889741585
3,2663,0.5496710581359073
3,2664,0.47984295527270177
3,2665,0.5148589556094322
3,2666,0.6121722171508438
3,2667,0.794028443142031
3,2668,0.6024556515325108
3,2669,0.528430786986287
3,2670,0.6662603993796002
3,2671,0.5705278039614697
3,2672,0.5484947286017918
3,2673,0.8507501911654924
3,2674,0.22042714961430646
3,2675,0.8565115754367466
3,2676,0.3767292621695613
3,2677,0.47176119198617744
3,2678,0.7006969803345963
3,2679,0.7482880282006972
3,2680,0.4303096085781224
3,2681,0.3958536543728896
3,2682,0.7518339852116772
3,2683,0.5557330168415934
3,2684,0.55953768291898
3,2685,0.7958560921123543
3,2686,0.8770618565084387
3,2687,0.847008043326229
3,2688,0.44335370931328216
3,2689,0.5316522443806128
3,2690,0.6401294135764725
3,2691,0.6105906786192561
3,2692,0.6833739725028862
3,2693,0.571406067789523
3,2694,0.5590129736720079
3,2695,0.611761764828948
3,2696,0.6034234808788472
3,2697,0.6351082127153032
3,2698,0.5841475377508047
3,2699,0.5762319106527046
3,2700,0.5174920771509726
3,2701,0.4377597471903712
3,2702,0.47762962158773914
3,2703,0.6713996815998527
3,2704,0.6838765230021259
3,2705,0.36909573889980224
3,2706,0.4321727593323563
3,2707,0.4192574761644213
3,2708,0.6372377167303072
3,2709,0.6457899707343056
3,2710,0.6618402642790951
3,2711,0.42036952739098066
3,2712,0.7738466481730296
3,2713,0.3575322430125157
3,2714,0.7476880706933825
3,2715,0.3179188833926851
3,2716,0.49861469215311266
3,2717,0.5038396420684955
3,2718,0.5280312083650421
3,2719,0.5901690412485401
3,2720,0.5860571393371179
3,2721,0.5562341204213965
3,2722,0.5198906345184663
3,2723,0.624288337958366
3,2724,0.4990324527689626
3,2725,0.764380038012121
3,2726,0.7977706104547296
3,2727,0.7638450190646469
3,2728,0.787238222677755
3,2729,0.6860526023750679
3,2730,0.5391944810716929
3,2731,0.7987797684090563
3,2732,0.6048854924708034
3,2733,0.31318393602560807
3,2734,0.7742811472516666
3,2735,0.3900770391523704
3,2736,0.3402440270907281
3,2737,0.7137242353169679
3,2738,0.4901327609032356
3,2739,0.7672006485296463
3,2740,0.5653862158963198
3,2741,0.6713745560650366
3,2742,0.563985161661123
3,2743,0.6082956888378115
3,2744,0.6252556888241847
3,2745,0.5224806438973216
3,2746,0.5229700747226264
3,2747,0.4911972440849312
3,2748,0.6290752844989447
3,2749,0.5673866889849642
3,2750,0.5729210916932654
3,2751,0.7299911893287209
3,2752,0.39690527340409726
3,2753,0.5320844541649706
3,2754,0.6672232784550947
3,2755,0.7222021893560834
3,2756,0.6408781835883783
3,2757,0.6115189670483901
3,2758,0.7217450555282031
3,2759,0.49111144718076427
3,2760,0.4887540030037
3,2761,0.5073525480056814
3,2762,0.7039416384396571
3,2763,0.46148471431434757
3,2764,0.6170568609417153
3,2765,0.6804238386529222
3,2766,0.594183793778226
3,2767,0.6915087479913927
3,2768,0.6209093121391476
3,2769,0.5883057574147468
3,2770,0.47550267001263286
3,2771,0.723184777398065
3,2772,0.7511409669220732
3,2773,0.6815972440100367
3,2774,0.5067388984739418
3,2775,0.4407686088289022
3,2776,0.7535100757494252
3,2777,0.7678711587322201
3,2778,0.7645502837500945
3,2779,0.7850570685035929
3,2780,0.6971188307968016
3,2781,0.501704542911484
3,2782,0.7693358390496073
3,2783,0.38481357020244117
3,2784,0.7324794573254569
3,2785,0.7980777981062074
3,2786,0.3434707717069487
3,2787,0.2691480173251279
3,2788,0.6374778610063068
3,2789,0.724404434648652
3,2790,0.6086207338223845
3,2791,0.670257601650673
3,2792,0.38293003604752684
3,2793,0.37981912493149533
3,2794,0.38890085554816034
3,2795,0.441895959244328
3,2796,0.4514896537055467
3,2797,0.5764900978774505
3,2798,0.41173087060783997
3,2799,0.6123412201615285
3,2800,0.43839583326108655
3,2801,0.6208768810972904
3,2802,0.6243952483454798
3,2803,0.30633150870767445
3,2804,0.21446593844533834
3,2805,0.5622339498824005
3,2806,0.33462906711018087
3,2807,0.8105949802632103
3,2808,0.5328601866241153
3,2809,0.6474456279616718
3,2810,0.6314322105843375
3,2811,0.6019560924692602
3,2812,0.6637124642947504
3,2813,0.668541834924747
3,2814,0.5538137402590619
3,2815,0.5021753252970793
3,2816,0.7234788275788807
3,2817,0.724641507756126
3,2818,0.46326819038995604
3,2819,0.43677163180575024
3,2820,0.7083739138540781
3,2821,0.5405022614807352
3,2822,0.5063543179132285
3,2823,0.7405130934770914
3,2824,0.46178373806908046
3,2825,0.7003517721383865
3,2826,0.5295492466541545
3,2827,0.6435255757462408
3,2828,0.5795922122370369
3,2829,0.5819691164303714
3,2830,0.5819691164303714
3,2831,0.7203291135354104
3,2832,0.7935688929754294
3,2833,0.6880058653025793
3,2834,0.5986881404577091
3,2835,0.6456479214328001
3,2836,0.6697443343368776
3,2837,0.6240689926787343
3,2838,0.6145318310013055
3,2839,0.5557318739563095
3,2840,0.5826503307300565
3,2841,0.542794070509769
3,2842,0.5557194143829758
3,2843,0.7029129774717822
3,2844,0.6896194130718516
3,2845,0.46745403427585364
3,2846,0.6681563298408444
3,2847,0.5371139120007727
3,2848,0.5965878624939728
3,2849,0.6098253742011062
3,2850,0.6383707446264427
3,2851,0.6337476655678727
3,2852,0.5461402496603369
3,2853,0.7004033244742062
3,2854,0.6618049678273775
3,2855,0.5769323009526414
3,2856,0.4601985721448614
3,2857,0.8079872974594824
3,2858,0.48651336563033476
3,2859,0.6346255965900091
3,2860,0.5910272132688827
3,2861,0.6987476747257917
3,2862,0.2841658831261683
3,2863,0.5621298928345568
3,2864,0.5922115122297501
3,2865,0.5918482868376964
3,2866,0.5555014756853098
3,2867,0.607887854230159
3,2868,0.6330665526271685
3,2869,0.594187758448862
3,2870,0.5813126446805634
3,2871,0.7417891743417234
3,2872,0.7066593384034832
3,2873,0.5174768712538316
3,2874,0.6297820188423159
3,2875,0.6136895969857333
3,2876,0.6057357711291824
3,2877,0.6203020381317081
3,2878,0.7166484676124926
3,2879,0.5984384188305005
3,2880,0.45795570434248223
3,2881,0.6764938564802437
3,2882,0.6756428596094196
3,2883,0.45678561477815527
3,2884,0.6372368459633276
3,2885,0.6563666989202029
3,2886,0.6355511383819765
3,2887,0.5202698949024284
3,2888,0.7209337207872376
3,2889,0.5292072731675108
3,2890,0.596205065855404
3,2891,0.6544010302135439
3,2892,0.4810423984832676
3,2893,0.5748289347673229
3,2894,0.6536911632072587
3,2895,0.5905315260395548
3,2896,0.5789606997051194
3,2897,0.46601986416171526
3,2898,0.6950812610324997
3,2899,0.4364054485635535
3,2900,0.7072557925800841
3,2901,0.5646387468928811
3,2902,0.6411492668429898
3,2903,0.44765493625894065
3,2904,0.4683581441642076
3,2905,0.48446571374492076
3,2906,0.48446571374492076
3,2907,0.5917434701905533
3,2908,0.763995513727228
3,2909,0.7711641137172763
3,2910,0.47049293856372254
3,2911,0.6587280609344364
3,2912,0.6011907606337769
3,2913,0.6052387321679025
3,2914,0.621784776612519
3,2915,0.5648767067670436
3,2916,0.6123150894349846
3,2917,0.6927753052617855
3,2918,0.5151127621036653
3,2919,0.5690761655553985
3,2920,0.642251112672448
3,2921,0.4831115265951683
3,2922,0.6526242615945452
3,2923,0.4488445536097531
3,2924,0.4186009431055723
3,2925,0.6753138656188008
3,2926,0.37246464925873557
3,2927,0.5007044197359848
3,2928,0.5812296425129723
3,2929,0.6291139750603312
3,2930,0.6443531386875857
3,2931,0.6008231070535057
3,2932,0.4841295498746633
3,2933,0.29013450598534335
3,2934,0.791337504092382
3,2935,0.41772056537127583
3,2936,0.4526049248635094
3,2937,0.7381753141139069
3,2938,0.718558066884652
3,2939,0.5023047655306184
3,2940,0.7136669340223788
3,2941,0.5656246917945448
3,2942,0.49500815837991613
3,2943,0.6777190056073743
3,2944,0.7026496822566888
3,2945,0.48781859383746656
3,2946,0.6470719896997438
3,2947,0.6590104826878828
3,2948,0.4925222100287754
3,2949,0.4985117401724891
3,2950,0.692487172993282
3,2951,0.7572882878359485
3,2952,0.7551681017040731
3,2953,0.5590347884350565
3,2954,0.5142392837408928
3,2955,0.7010850767084925
3,2956,0.6295934914847273
3,2957,0.6256617039706399
3,2958,0.5906623638160577
3,2959,0.48638547288889383
3,2960,0.6215413690220704
3,2961,0.6022696598511249
3,2962,0.6960931183220873
3,2963,0.664734960303271
3,2964,0.7843713058871734
3,2965,0.857975746593628
3,2966,0.8553839285730005
3,2967,0.417472629987978
3,2968,0.5196258482255829
3,2969,0.47057926721624876
3,2970,0.4550094400135326
3,2971,0.5633820423929502
3,2972,0.7228059572146607
3,2973,0.6884992347724191
3,2974,0.5381800332740111
3,2975,0.47884021785250036
3,2976,0.490824602277149
3,2977,0.6691540446153457
3,2978,0.596447602458006
3,2979,0.6882089529393592
3,2980,0.6488658849690437
3,2981,0.5917296918714158
3,2982,0.6052767294708685
3,2983,0.7159129750642259
3,2984,0.6741620648850168
3,2985,0.5928622874248118
3,2986,0.5147205699272147
3,2987,0.5516727309637068
3,2988,0.6304310341376457
3,2989,0.5641175393112927
3,2990,0.4781633861125021
3,2991,0.7472594298481746
3,2992,0.35039700148117564
3,2993,0.7514596623966504
3,2994,0.7309355369758963
3,2995,0.4034936409037081
3,2996,0.7398945779302706
3,2997,0.7176867394885217
3,2998,0.6247511071383407
3,2999,0.7567061419856841
3,3000,0.7930606949047888
3,3001,0.8891361885556553
3,3002,0.6395643560928355
3,3003,0.6420094403787651
3,3004,0.5558591277540508
3,3005,0.6591074624987485
3,3006,0.5370129169644412
3,3007,0.5828960110832421
3,3008,0.5840529536469748
3,3009,0.5626789331530777
3,3010,0.847684136246266
3,3011,0.33104933749008714
3,3012,0.38058088519618405
3,3013,0.5009904049490572
3,3014,0.39999574148108813
3,3015,0.7627552032649052
3,3016,0.5442191232531194
3,3017,0.48781120031973063
3,3018,0.5399935203427211
3,3019,0.46026513458721974
3,3020,0.5398634046275279
3,3021,0.50638833931681
3,3022,0.748021067721415
3,3023,0.6499321916770693
3,3024,0.362830672088342
3,3025,0.6559431887892577
3,3026,0.5424961407264687
3,3027,0.5247678101045739
3,3028,0.26424523219338264
3,3029,0.5001718066210211
3,3030,0.5938925969707504
3,3031,0.9253674023996108
3,3032,0.8710787469727201
3,3033,0.6745556083336518
3,3034,0.7231983905634884
3,3035,0.4237394298579843
3,3036,0.49685739088840863
3,3037,0.4759827802690092
3,3038,0.6018952756799445
3,3039,0.7174509289919816
3,3040,0.6954524377245652
3,3041,0.6464348519116984
3,3042,0.49065777219036794
3,3043,0.6703374019847494
3,3044,0.5171100097210022
3,3045,0.4835611230486969
3,3046,0.5125821687318979
3,3047,0.731537534162287
3,3048,0.3897086440690323
3,3049,0.6735117539232627
3,3050,0.6960090687458762
3,3051,0.6227457371331367
3,3052,0.5857078354954064
3,3053,0.549680211033223
3,3054,0.5612479558661532
3,3055,0.4904840587318437
3,3056,0.4533876812570363
3,3057,0.43050754525315177
3,3058,0.5365303959695582
3,3059,0.6657125903490194
3,3060,0.6981252844450426
3,3061,0.46811235818430164
3,3062,0.49706305222235925
3,3063,0.5251019148621824
3,3064,0.5915109024297632
3,3065,0.6494407831876787
3,3066,0.6168029034577414
3,3067,0.5909883753057462
3,3068,0.7572465975936898
3,3069,0.5373861887706859
3,3070,0.5733368943021504
3,3071,0.6896798962507392
3,3072,0.6226770864219161
3,3073,0.4619150639692129
3,3074,0.4753631209039627
3,3075,0.3763068079821154
3,3076,0.7685824380480104
3,3077,0.4932363184345271
3,3078,0.6573942549365528
3,3079,0.7098116831924628
3,3080,0.3394229669484223
3,3081,0.8150350357177827
3,3082,0.3306771770653467
3,3083,0.817163584738486
3,3084,0.26112962619597524
3,3085,0.7213075286664026
3,3086,0.5930328404138181
3,3087,0.695850465410658
3,3088,0.5877576402308482
3,3089,0.7293817845804919
3,3090,0.4663154750864863
3,3091,0.5833118477063001
3,3092,0.5676362775098289
3,3093,0.6820360625328658
3,3094,0.46496497395510805
3,3095,0.5419534477538287
3,3096,0.6600860352886484
3,3097,0.49548179268270365
3,3098,0.5773237484803078
3,3099,0.48300074486492767
3,3100,0.6834978203272872
3,3101,0.5643839157908859
3,3102,0.6046004934582224
3,3103,0.5140129932745521
3,3104,0.6638577708245383
3,3105,0.5350236326187922
3,3106,0.3892865997470834
3,3107,0.5874456360590032
3,3108,0.4318542196487037
3,3109,0.6547370885638392
3,3110,0.6029494985291209
3,3111,0.5514350556361762
3,3112,0.5329114698043315
3,3113,0.5683466596061625
3,3114,0.7158131946732547
3,3115,0.6979813031745971
3,3116,0.4957788107853584
3,3117,0.7857352012552103
3,3118,0.787898611695198
3,3119,0.49719657142387946
3,3120,0.6941715772422324
3,3121,0.5039815110283944
3,3122,0.5849559848755753
3,3123,0.5306078590652697
3,3124,0.6305005744981688
3,3125,0.5042336554437985
3,3126,0.7332034522038426
3,3127,0.5373176816978625
3,3128,0.5373176816978625
3,3129,0.708826716003026
3,3130,0.7262528004170392
3,3131,0.5157217347158658
3,3132,0.6645522213869857
3,3133,0.6359214868568803
3,3134,0.7133093905181511
3,3135,0.5801525701971122
3,3136,0.5654884568232688
3,3137,0.6378875660874846
3,3138,0.590897762937832
3,3139,0.4438196584887361
3,3140,0.736957153902457
3,3141,0.7204671742798133
3,3142,0.6257410857771016
3,3143,0.5402698564794292
3,3144,0.7171137105999137
3,3145,0.4615873715742268
3,3146,0.4250689542745641
3,3147,0.5671671571735907
3,3148,0.6335371817784645
3,3149,0.6801314214347733
3,3150,0.6279375732123819
3,3151,0.49606836551006767
3,3152,0.7013297261016996
3,3153,0.4666027236468798
3,3154,0.5767078427256929
3,3155,0.5830021560749331
3,3156,0.6017785135704063
3,3157,0.5813517607274205
3,3158,0.5991557633702335
3,3159,0.6258427987704185
3,3160,0.573934311948818
3,3161,0.6777914349186751
3,3162,0.6678019620089252
3,3163,0.5384739551414187
3,3164,0.638874748636587
3,3165,0.6234839669206754
3,3166,0.5880647338662073
3,3167,0.5132190718054862
3,3168,0.6424648278541336
3,3169,0.6199421973818422
3,3170,0.7231212944906902
3,3171,0.460704640087599
3,3172,0.7385048824250345
3,3173,0.4029553565264107
3,3174,0.7679941031796038
3,3175,0.7245823636658808
3,3176,0.44201555935954406
3,3177,0.5603383210827152
3,3178,0.7001225386593164
3,3179,0.48200635309897283
3,3180,0.48561654356886974
3,3181,0.5102100551707397
3,3182,0.528816546474835
3,3183,0.5376192541716909
3,3184,0.5262406963170514
3,3185,0.6044798276390903
3,3186,0.5782663780375669
3,3187,0.5881930183504065
3,3188,0.6577302775097181
3,3189,0.7251689228041
3,3190,0.746757622315394
3,3191,0.6948959638197862
3,3192,0.5337322001873385
3,3193,0.5463489979475759
3,3194,0.5913351419977931
3,3195,0.49974752268673067
3,3196,0.5800685458397012
3,3197,0.6129861488129853
3,3198,0.49449154569039455
3,3199,0.7818913411622563
3,3200,0.3407026899740995
3,3201,0.8108753861029943
3,3202,0.5081294490087306
3,3203,0.6578466840528202
3,3204,0.5155854472269689
3,3205,0.3469106765143846
3,3206,0.5588239555354685
3,3207,0.5649718224163551
3,3208,0.42616795947936875
3,3209,0.6051700966488618
3,3210,0.6296304913079539
3,3211,0.4560564165779098
3,3212,0.6895269875518225
3,3213,0.5186545561476527
3,3214,0.49620686577315143
3,3215,0.8590964193188783
3,3216,0.7113637153647089
3,3217,0.49545896639309916
3,3218,0.6714646120728448
3,3219,0.6798284292683859
3,3220,0.5356211465470752
3,3221,0.6249416751367479
3,3222,0.5571462818850113
3,3223,0.6474284872838911
3,3224,0.5313646783685105
3,3225,0.5637408233957977
3,3226,0.6251970809241589
3,3227,0.5668480870191175
3,3228,0.565054903652326
3,3229,0.5701299538839881
3,3230,0.5625087653438255
3,3231,0.5057676521508883
3,3232,0.5997185873108113
3,3233,0.7986004968243674
3,3234,0.7503330694606954
3,3235,0.2675285107675061
3,3236,0.2675285107675061
3,3237,0.4613397679559167
3,3238,0.46658852283058533
3,3239,0.5085694989473101
3,3240,0.694301999349224
3,3241,0.555935479908676
3,3242,0.7110623495980669
3,3243,0.7904414658847717
3,3244,0.6299954008347141
3,3245,0.4494350834925125
3,3246,0.6766518968966808
3,3247,0.5131639164488271
3,3248,0.5170351943134209
3,3249,0.6591208448733276
3,3250,0.4586676412840147
3,3251,0.5133808738112726
3,3252,0.41378313250649396
3,3253,0.3229601033384658
3,3254,0.5353847473449064
3,3255,0.7477378763569354
3,3256,0.8158414752599926
3,3257,0.9070535733664387
3,3258,0.8471425297528291
3,3259,0.45464672654937405
3,3260,0.44905686235099973
3,3261,0.6105128036186465
3,3262,0.6554341442463468
3,3263,0.632573608608328
3,3264,0.5210224581885426
3,3265,0.6962909690348492
3,3266,0.2950873630746907
3,3267,0.6099655356938176
3,3268,0.7307361513036343
3,3269,0.5522250220528805
3,3270,0.49297005848848696
3,3271,0.4349703186911118
3,3272,0.7231617514378077
3,3273,0.7362411586206511
3,3274,0.7162480394630263
3,3275,0.6632335652311497
3,3276,0.7265617743090697
3,3277,0.5081805583168003
3,3278,0.6888690037506086
3,3279,0.5644572484771088
3,3280,0.7068807192154358
3,3281,0.5739434265847162
3,3282,0.41556771882713167
3,3283,0.6007756897540453
3,3284,0.4680667963239456
3,3285,0.665029144839603
3,3286,0.6524210461864811
3,3287,0.6450869108512192
3,3288,0.4123492287222466
3,3289,0.3728677725567444
3,3290,0.7527083552376812
3,3291,0.6337811874020477
3,3292,0.5636993808410179
3,3293,0.536718322985849
3,3294,0.5217977326080999
3,3295,0.6139972995860505
3,3296,0.5419405945695264
3,3297,0.4825353028164621
3,3298,0.6995051992617538
3,3299,0.8305094383271853
3,3300,0.8131593111002011
3,3301,0.5888132907037095
3,3302,0.6763043251979943
3,3303,0.5613025116609783
3,3304,0.6062823000797323
3,3305,0.7341044966678695
3,3306,0.6822155741262762
3,3307,0.546905389420884
3,3308,0.5420552259087089
3,3309,0.670398432908943
3,3310,0.5529874847257786
3,3311,0.6094012116523744
3,3312,0.7767410990752783
3,3313,0.8172728157844636
3,3314,0.5303198248136021
3,3315,0.5139334408678712
3,3316,0.66974163611056
3,3317,0.6645454530806371
3,3318,0.663635365908303
3,3319,0.5339294601477865
3,3320,0.6407622924362913
3,3321,0.5527545470096106
3,3322,0.6143012499530095
3,3323,0.6194161597168873
3,3324,0.6047386439918496
3,3325,0.47170425770681096
3,3326,0.6427595171046562
3,3327,0.592300836525432
3,3328,0.6177584940950793
3,3329,0.5690473840437935
3,3330,0.676927183587402
3,3331,0.5361116867207746
3,3332,0.7422118665135851
3,3333,0.5754484612935937
3,3334,0.5672975332028402
3,3335,0.6154875240332411
3,3336,0.5573241646486017
3,3337,0.5093970227624944
3,3338,0.4600034826505245
3,3339,0.7810636722275558
3,3340,0.8113078253303576
3,3341,0.774052727123558
3,3342,0.3253653112016255
3,3343,0.8609452003179969
3,3344,0.4890028914238495
3,3345,0.6631923099036259
3,3346,0.6432532536817517
3,3347,0.5094678828407208
3,3348,0.7379948153627264
3,3349,0.4752361435455346
3,3350,0.5662958447554456
3,3351,0.647345546794701
3,3352,0.6930565469850327
3,3353,0.5069158847798313
3,3354,0.8065582495635979
3,3355,0.45151024489613545
3,3356,0.48172296858729585
3,3357,0.5205298586394063
3,3358,0.6549840511041685
3,3359,0.5652391819335558
3,3360,0.573308733713624
3,3361,0.6082062984009007
3,3362,0.4470366220599441
3,3363,0.6197916876884899
3,3364,0.5724368702209873
3,3365,0.6532257012596331
3,3366,0.6266979104527604
3,3367,0.6868145364369657
3,3368,0.6284610766767714
3,3369,0.623677335503317
3,3370,0.5855036894172516
3,3371,0.7166493436316511
3,3372,0.691147284473818
3,3373,0.5105677985041481
3,3374,0.4625918272627986
3,3375,0.40764499983486085
3,3376,0.7360761079410982
3,3377,0.6580312228242644
3,3378,0.4274726483828225
3,3379,0.5209355395093755
3,3380,0.5823523274569251
3,3381,0.37872095457867
3,3382,0.2920507507937231
3,3383,0.699863434702324
3,3384,0.6730651536267828
3,3385,0.760999875639084
3,3386,0.4760563022401575
3,3387,0.7471592687575028
3,3388,0.5685595145436256
3,3389,0.6331944841835538
3,3390,0.614451182538232
3,3391,0.6075088548499921
3,3392,0.6711595187725131
3,3393,0.5163023718785096
3,3394,0.5703626163268631
3,3395,0.6036661496704995
3,3396,0.5669776055959467
3,3397,0.5648359572717301
3,3398,0.5018709143682618
3,3399,0.7576971629618511
3,3400,0.7006115914358367
3,3401,0.48922808842168886
3,3402,0.7183284654888409
3,3403,0.5656958414779023
3,3404,0.5572139649368644
3,3405,0.6087257499599058
3,3406,0.5599884804308058
3,3407,0.41086925414673614
3,3408,0.7357366851639149
3,3409,0.491717782185546
3,3410,0.6535608118293549
3,3411,0.7501937998676566
3,3412,0.6419849432640605
3,3413,0.5367305570234734
3,3414,0.6329152660602727
3,3415,0.698610105272026
3,3416,0.31457221845207145
3,3417,0.631014801537796
3,3418,0.5557996707224221
3,3419,0.6336769860747014
3,3420,0.5520842639882031
3,3421,0.7514541665477229
3,3422,0.4715171454226525
3,3423,0.7097183952367117
3,3424,0.5871555717628301
3,3425,0.42604801316521607
3,3426,0.4439870094496006
3,3427,0.49338833392843373
3,3428,0.49507048867015446
3,3429,0.602891307514271
3,3430,0.4103793940388787
3,3431,0.6447250226217002
3,3432,0.4552553664208778
3,3433,0.440089452660881
3,3434,0.7447124708029922
3,3435,0.4536991113444894
3,3436,0.5848137427421779
3,3437,0.41383315519514563
3,3438,0.634139809642722
3,3439,0.5343538474896515
3,3440,0.7496737905619599
3,3441,0.7357467928858428
3,3442,0.4383900448859679
3,3443,0.3609675467396468
3,3444,0.3856889359247429
3,3445,0.6740993065895913
3,3446,0.8422197195923399
3,3447,0.22780957159527307
3,3448,0.6755011032361474
3,3449,0.6222188620235874
3,3450,0.45301407822579204
3,3451,0.6948482420957652
3,3452,0.7708407640171935
3,3453,0.7613347299788399
3,3454,0.7095216332957537
3,3455,0.49866936906825615
3,3456,0.6430035741215396
3,3457,0.6430035741215396
3,3458,0.7556575360543303
3,3459,0.43564393887678254
3,3460,0.5452212128047099
3,3461,0.6436337707881913
3,3462,0.7271231520517853
3,3463,0.508307663689381
3,3464,0.6911979568867295
3,3465,0.6225229719463468
3,3466,0.48381805568786623
3,3467,0.6503007872478077
3,3468,0.649857952378094
3,3469,0.27632140200833455
3,3470,0.7951329276856367
3,3471,0.36993459748980817
3,3472,0.5889753587353328
3,3473,0.6340821823393837
3,3474,0.6205910357641943
3,3475,0.6870317180949318
3,3476,0.5555823250252573
3,3477,0.7002865947837728
3,3478,0.615358675168057
3,3479,0.56726655390258
3,3480,0.6782453570980981
3,3481,0.6329844307532954
3,3482,0.5290033215144263
3,3483,0.5899416152370723
3,3484,0.6812677698517178
3,3485,0.6936169603292619
3,3486,0.6904992114537497
3,3487,0.6715753977087682
3,3488,0.48869161092488306
3,3489,0.6965400008050598
3,3490,0.5089738771416958
3,3491,0.5303864524545889
3,3492,0.5113442926971927
3,3493,0.5587589703949409
3,3494,0.6249298561105116
3,3495,0.6047509652945853
3,3496,0.40090943820908215
3,3497,0.33645500641983006
3,3498,0.33171166522297296
3,3499,0.36780900239143605
3,3500,0.3442068292824227
3,3501,0.45467072210937315
3,3502,0.39551935432679763
3,3503,0.3514956139189189
3,3504,0.4092650457087222
3,3505,0.6557259773660409
3,3506,0.6928647063954115
3,3507,0.7107133516398921
3,3508,0.6081942977587695
3,3509,0.7047731101853791
3,3510,0.6445507799284153
3,3511,0.7146296109555669
3,3512,0.463720942932862
3,3513,0.8017008221703221
3,3514,0.7809897469742161
3,3515,0.5552170562552988
3,3516,0.4223941396132917
3,3517,0.5078886484669172
3,3518,0.49949825641404766
3,3519,0.6978905608020808
3,3520,0.556946410943601
3,3521,0.35861583068830144
3,3522,0.6259764650503565
3,3523,0.6312651366923469
3,3524,0.48732448799508565
3,3525,0.6744542367875066
3,3526,0.6431793993065806
3,3527,0.6581653900180364
3,3528,0.5372300267118031
3,3529,0.7902835776419255
3,3530,0.7705797165704538
3,3531,0.49109515956347644
3,3532,0.30703547557246436
3,3533,0.2443440156807187
3,3534,0.5972974299330864
3,3535,0.6461723849275398
3,3536,0.3388830067780819
3,3537,0.28977762778492994
3,3538,0.24014359776612468
3,3539,0.8724439022604772
3,3540,0.47170894359935095
3,3541,0.4198360591353647
3,3542,0.7079722476466914
3,3543,0.44238725858861505
3,3544,0.4506833134641817
3,3545,0.7433273875456393
3,3546,0.4659023359777203
3,3547,0.7809574585750108
3,3548,0.6362723489705279
3,3549,0.4501704923688931
3,3550,0.4284841864328458
3,3551,0.6736063273802833
3,3552,0.6924066678923164
3,3553,0.5421521164174506
3,3554,0.5241755247860944
3,3555,0.6764730947374844
3,3556,0.36353207475755617
3,3557,0.47968795170139134
3,3558,0.5240812645880918
3,3559,0.5840097553169595
3,3560,0.6486386501697472
3,3561,0.706901736444774
3,3562,0.5155779215911521
3,3563,0.5485836484541571
3,3564,0.5189436951971016
3,3565,0.5856220300725495
3,3566,0.7739822912128387
3,3567,0.6937697107282769
3,3568,0.7233234133064075
3,3569,0.6820022117877124
3,3570,0.7136469904209637
3,3571,0.4579109545819271
3,3572,0.49889612401664024
3,3573,0.5152928453435578
3,3574,0.7920822042083178
3,3575,0.34576154758706334
3,3576,0.49825757904535106
3,3577,0.5826464554973325
3,3578,0.5749932434085637
3,3579,0.5813939134177116
3,3580,0.641851265183704
3,3581,0.4109440453271914
3,3582,0.5803299590477488
3,3583,0.5925866504813582
3,3584,0.6510052357889834
3,3585,0.5213769886495809
3,3586,0.4362860394568259
3,3587,0.6809481931436601
3,3588,0.6731696834339047
3,3589,0.6066658679400528
3,3590,0.610111278075275
3,3591,0.6500860060128821
3,3592,0.6044026621379797
3,3593,0.3841789866489216
3,3594,0.6787711634068576
3,3595,0.651733669453431
3,3596,0.5582771992073725
3,3597,0.6432347962042502
3,3598,0.5741023660095238
3,3599,0.44298999853946386
3,3600,0.742149034113976
3,3601,0.49000701361956656
3,3602,0.8137415447878638
3,3603,0.6965201339742274
3,3604,0.5396962944201917
3,3605,0.613208550178157
3,3606,0.6932094859542284
3,3607,0.6932094859542284
3,3608,0.5923273138963622
3,3609,0.569076804543044
3,3610,0.569572118307666
3,3611,0.5875793683547146
3,3612,0.6176169103893049
3,3613,0.6646039366967548
3,3614,0.5916740297109322
3,3615,0.5373962589594214
3,3616,0.6262978126218648
3,3617,0.6298553651294443
3,3618,0.5845940441453161
3,3619,0.5374294936643708
3,3620,0.6539553806945113
3,3621,0.5141620739876536
3,3622,0.5871206504686649
3,3623,0.5947460010398208
3,3624,0.5734781378195796
3,3625,0.6051796141285618
3,3626,0.7060903763847443
3,3627,0.6434054155437774
3,3628,0.5572800913937438
3,3629,0.6038937258166125
3,3630,0.6392199882935168
3,3631,0.663343428565979
3,3632,0.6668644619670456
3,3633,0.6078439141459554
3,3634,0.6110268376549738
3,3635,0.7541750810786508
3,3636,0.40565000095021325
3,3637,0.6772195832594099
3,3638,0.4221063742327435
3,3639,0.6383960626086017
3,3640,0.5372599477211019
3,3641,0.43257834302220144
3,3642,0.4175453567806975
3,3643,0.5237289736491056
3,3644,0.5886168371740206
3,3645,0.6156097345026363
3,3646,0.7232228377056094
3,3647,0.4316988907747262
3,3648,0.5255416621324873
3,3649,0.5616876882275678
3,3650,0.6029316164313389
3,3651,0.5952173695121132
3,3652,0.511825164261162
3,3653,0.612595255985287
3,3654,0.6183068330577492
3,3655,0.6178300853978427
3,3656,0.5535003089166478
3,3657,0.5232181126713119
3,3658,0.6515753696587288
3,3659,0.5699748655269924
3,3660,0.5809033172286072
3,3661,0.6436851473734272
3,3662,0.5084791069090342
3,3663,0.4857998850287626
3,3664,0.6839772935028426
3,3665,0.4551883439732103
3,3666,0.6733921566986262
3,3667,0.48664905762643307
3,3668,0.6700728275739478
3,3669,0.5241960477053139
3,3670,0.5452361679693097
3,3671,0.2640361963315306
3,3672,0.4299316977204333
3,3673,0.7281278340438662
3,3674,0.5314651195643151
3,3675,0.7743463576589159
3,3676,0.3962728805062308
3,3677,0.571984821538936
3,3678,0.5384135790381869
3,3679,0.5612853774959378
3,3680,0.7235269296523856
3,3681,0.4548477981895656
3,3682,0.6931450806260505
3,3683,0.5908994598371411
3,3684,0.6282201318921486
3,3685,0.602007397741293
3,3686,0.612425965168416
3,3687,0.7312158947058858
3,3688,0.37942463513608166
3,3689,0.7539793193757546
3,3690,0.39284180243249056
3,3691,0.5429066029424567
3,3692,0.46390586369204995
3,3693,0.4439873927076923
3,3694,0.7594079199726161
3,3695,0.6662981978661434
3,3696,0.5736827234575925
3,3697,0.6365139384256087
3,3698,0.5145232861443437
3,3699,0.7069592150688049
3,3700,0.6657502282098532
3,3701,0.5875801686557378
3,3702,0.46847488457219705
3,3703,0.4529467540075455
3,3704,0.7243350193222331
3,3705,0.6392004601645522
3,3706,0.6633947379564533
3,3707,0.6207490779379993
3,3708,0.5792066926100894
3,3709,0.5149435696588486
3,3710,0.5509201274413904
3,3711,0.6887675519941499
3,3712,0.6215361405324105
3,3713,0.6499249772477739
3,3714,0.7609432913258612
3,3715,0.7672962942573436
3,3716,0.4051697261183259
3,3717,0.41274372423766875
3,3718,0.6256836706635881
3,3719,0.5118595368977081
3,3720,0.5381503871038231
3,3721,0.4990874370012513
3,3722,0.5592404517040455
3,3723,0.410194506901896
3,3724,0.765433754858835
3,3725,0.7827095565071278
3,3726,0.7699461120678236
3,3727,0.5240739249327507
3,3728,0.6510630065619583
3,3729,0.5141511321589802
3,3730,0.7373309299653567
3,3731,0.5257374664099335
3,3732,0.5265917937017293
3,3733,0.6596886965305363
3,3734,0.6271346402005924
3,3735,0.5011886556378554
3,3736,0.5442954719761541
3,3737,0.69411083760938
3,3738,0.5598858972792939
3,3739,0.6826258293413077
3,3740,0.6572428732627102
3,3741,0.5368875751349137
3,3742,0.7964903716222469
3,3743,0.6536191523469723
3,3744,0.5242215508168826
3,3745,0.651592835446861
3,3746,0.6954573704653723
3,3747,0.38914913792096745
3,3748,0.7419605377480137
3,3749,0.6495222314419046
3,3750,0.6470688239451802
3,3751,0.7826033302426579
3,3752,0.473143516783239
3,3753,0.452128821221492
3,3754,0.681831487430242
3,3755,0.5440798842808156
3,3756,0.5097853249370183
3,3757,0.4916680349438396
3,3758,0.7187188020441635
3,3759,0.4511605283766817
3,3760,0.47461811295159784
3,3761,0.6512476812618606
3,3762,0.5695319830344114
3,3763,0.67929997315721
3,3764,0.442686869889991
3,3765,0.530181535640216
3,3766,0.753789292124854
3,3767,0.6976886628828749
3,3768,0.6657340804198383
3,3769,0.46646361033285116
3,3770,0.6643904290846929
3,3771,0.45480603693714267
3,3772,0.8464884272917765
3,3773,0.32650433934222234
3,3774,0.8526735021445069
3,3775,0.7151962072703035
3,3776,0.5324627523050035
3,3777,0.46646275695663986
3,3778,0.6428375613245555
3,3779,0.6691255426843818
3,3780,0.6918226059180239
3,3781,0.5138473935739948
3,3782,0.7523726918062418
3,3783,0.91423262901444
3,3784,0.8788924488212021
3,3785,0.5618928975023911
3,3786,0.616058345222544
3,3787,0.514706992585213
3,3788,0.7215021823471891
3,3789,0.8585331106470638
3,3790,0.4576423396902863
3,3791,0.4576423396902863
3,3792,0.7327601905483616
3,3793,0.5835207166685875
3,3794,0.6022829591370297
3,3795,0.30308494890648247
3,3796,0.7014026324714501
3,3797,0.7363584965326732
3,3798,0.5080808865358886
3,3799,0.7845996364568665
3,3800,0.6184007754129913
3,3801,0.5188719135145161
3,3802,0.655589813970928
3,3803,0.6508628374756255
3,3804,0.6455971987333372
3,3805,0.6735412325414333
3,3806,0.4416237295269917
3,3807,0.4948927176882463
3,3808,0.7463339015810079
3,3809,0.7011487839472934
3,3810,0.5897277918458531
3,3811,0.4407405105259863
3,3812,0.3876939001430183
3,3813,0.5972578550412342
3,3814,0.5642668653392525
3,3815,0.5760061034568554
3,3816,0.43006074529138216
3,3817,0.43006074529138216
3,3818,0.4783300575120042
3,3819,0.6211785811862671
3,3820,0.5481928959940474
3,3821,0.5310170791210407
3,3822,0.7034212747219204
3,3823,0.7031946135888415
3,3824,0.8724419468709709
3,3825,0.6696319328750365
3,3826,0.656862365286736
3,3827,0.42064452240618855
3,3828,0.3951658978568347
3,3829,0.3535193043088233
3,3830,0.4373325742586296
3,3831,0.7325276707194085
3,3832,0.8766223893825996
3,3833,0.6682182261442102
3,3834,0.6804634850227832
3,3835,0.6566422885483253
3,3836,0.7672423248962739
3,3837,0.7469011540120023
3,3838,0.6449674470316668
3,3839,0.5536664605561818
3,3840,0.7121953671904342
3,3841,0.811621576795273
3,3842,0.5360621227807643
3,3843,0.5349625615117551
3,3844,0.47633993759766524
3,3845,0.6943695688722661
3,3846,0.4751563054611916
3,3847,0.6970896039561632
3,3848,0.4968745881879794
3,3849,0.5821476693828478
3,3850,0.6896534255773671
3,3851,0.5188648347469718
3,3852,0.7580015443962129
3,3853,0.4140246390513611
3,3854,0.4610448058002042
3,3855,0.5013432332927712
3,3856,0.5633375114662716
3,3857,0.6453657701720483
3,3858,0.6680451589863521
3,3859,0.6455585262807279
3,3860,0.512038001536857
3,3861,0.604564906207391
3,3862,0.6792854797049505
3,3863,0.5447687971134312
3,3864,0.49077729253697977
3,3865,0.5499883988018499
3,3866,0.677428360417079
3,3867,0.5698919870604562
3,3868,0.6301375946289975
3,3869,0.5545277823488801
3,3870,0.5326074731189343
3,3871,0.5807782015614152
3,3872,0.42029970145601026
3,3873,0.4778573100802171
3,3874,0.6267484144789892
3,3875,0.6405533132971973
3,3876,0.5691028421115203
3,3877,0.6426489291003448
3,3878,0.5961236527631261
3,3879,0.6253398651816504
3,3880,0.8044164914513946
3,3881,0.8074373018602639
3,3882,0.4067617319624914
3,3883,0.38089177930700185
3,3884,0.7761962188071355
3,3885,0.42439055914067464
3,3886,0.763765695355462
3,3887,0.795739948478804
3,3888,0.6833514654555048
3,3889,0.5418591709399903
3,3890,0.5393890881715342
3,3891,0.78640347807873
3,3892,0.528685796420134
3,3893,0.46651729354218463
3,3894,0.7178360393435674
3,3895,0.2697076750932325
3,3896,0.8517501017545622
3,3897,0.763217222157825
3,3898,0.22282348797294355
3,3899,0.25175601994479885
3,3900,0.7743483534060726
3,3901,0.8171617825498514
3,3902,0.576215016510839
3,3903,0.4617323073078094
3,3904,0.7401922825277366
3,3905,0.6167174949237382
3,3906,0.7079729591131809
3,3907,0.7250478691710806
3,3908,0.6909975235111623
3,3909,0.7690609227766876
3,3910,0.5462485262605206
3,3911,0.6940125889535288
3,3912,0.7008610014923159
3,3913,0.7817509098221327
3,3914,0.7723250748747063
3,3915,0.5394508886022231
3,3916,0.6459625207669025
3,3917,0.6451544774213838
3,3918,0.42278114052561416
3,3919,0.39563212957570676
3,3920,0.36071090331644595
3,3921,0.39423801986719076
3,3922,0.7984263781634343
3,3923,0.581811108371594
3,3924,0.5391541425504603
3,3925,0.5641556152396198
3,3926,0.6995694974607545
3,3927,0.673584078782257
3,3928,0.5130806808697697
3,3929,0.5617624618551201
3,3930,0.33496476457835556
3,3931,0.7044468326273601
3,3932,0.5298015103292236
3,3933,0.5436775016207744
3,3934,0.864737423239096
3,3935,0.2468373415556126
3,3936,0.8407679829258233
3,3937,0.6056569455658896
3,3938,0.6911023211438005
3,3939,0.5311327098211601
3,3940,0.5364169806459749
3,3941,0.4591322238097201
3,3942,0.4144158557175006
3,3943,0.3604545559170789
3,3944,0.2615314385704295
3,3945,0.4874411150291955
3,3946,0.6981128012428082
3,3947,0.5930968541606884
3,3948,0.5245343864253661
3,3949,0.4252405559095888
3,3950,0.6446100856965116
3,3951,0.7213939417599186
3,3952,0.600226897287293
3,3953,0.49028678685470706
3,3954,0.6377515365030619
3,3955,0.49569165995697906
3,3956,0.5812258158986577
3,3957,0.48440532604877334
3,3958,0.4903612292995551
3,3959,0.51830093178347
3,3960,0.4661406814339331
3,3961,0.7163142172271064
3,3962,0.6839072002905644
3,3963,0.6299711996049421
3,3964,0.7307772250631388
3,3965,0.6440283223512252
3,3966,0.5398202977381259
3,3967,0.5220415610217318
3,3968,0.5118026737884055
3,3969,0.5219379964939028
3,3970,0.5739552956244736
3,3971,0.5752410925857447
3,3972,0.3446036780331213
3,3973,0.6306893470090291
3,3974,0.46743874588998613
3,3975,0.4507354541814518
3,3976,0.7860092524867558
3,3977,0.7576305042785973
3,3978,0.37431698132329877
3,3979,0.41741547459224787
3,3980,0.4473270843857018
3,3981,0.5426621565861521
3,3982,0.5827523822156809
3,3983,0.7130286381348503
3,3984,0.5179219479798305
3,3985,0.42259256606766504
3,3986,0.5174574022971833
3,3987,0.5245006511821271
3,3988,0.48873296903407226
3,3989,0.17693066325337553
3,3990,0.4035939050481872
3,3991,0.7317388144228497
3,3992,0.6749972460240984
3,3993,0.7018013135437372
3,3994,0.710819279821551
3,3995,0.6477091259884952
3,3996,0.4749972522107035
3,3997,0.6411211575970435
3,3998,0.6295938009403733
3,3999,0.5555943650803342
4,0,0.5461781661701081
4,1,0.46384705364278067
4,2,0.5361344212020307
4,3,0.6565594956765262
4,4,0.6669233819068132
4,5,0.6687520627520439
4,6,0.6712835726964098
4,7,0.5437736674834552
4,8,0.5125764443558992
4,9,0.6311012462750503
4,10,0.4589022813528972
4,11,0.6153028322294267
4,12,0.5802758564919125
4,13,0.5234992481938201
4,14,0.5319683633265708
4,15,0.5735738764444303
4,16,0.5643565713669575
4,17,0.5530893677692117
4,18,0.43682334315735827
4,19,0.7561920461834799
4,20,0.7580410613849378
4,21,0.418690278365144
4,22,0.6582057962151924
4,23,0.43469547709250705
4,24,0.8332763046602749
4,25,0.603313790335294
4,26,0.5558977016452553
4,27,0.5025701020771758
4,28,0.6530600828094767
4,29,0.6450674100483331
4,30,0.49966334312388994
4,31,0.45814688421356237
4,32,0.4780565961104922
4,33,0.6528791474854098
4,34,0.36440366807241703
4,35,0.6167551920515786
4,36,0.6272743996324455
4,37,0.5564308434275147
4,38,0.6625062674238748
4,39,0.603322905708856
4,40,0.74820381295204
4,41,0.6449128808653664
4,42,0.4912111747305918
4,43,0.5655595579372724
4,44,0.7900681630963611
4,45,0.6572015542583001
4,46,0.6805307884808383
4,47,0.5249162479147905
4,48,0.4753696190700791
4,49,0.3806618239424892
4,50,0.48509550180620686
4,51,0.6329390154510984
4,52,0.3492327786101206
4,53,0.576397306071313
4,54,0.4779783614017721
4,55,0.5426296327753786
4,56,0.6589554700882233
4,57,0.5996398947747441
4,58,0.4892303804598579
4,59,0.7825438693592293
4,60,0.5307547630881815
4,61,0.5036831181174861
4,62,0.5463734436297065
4,63,0.5554320322014048
4,64,0.49567028107980743
4,65,0.6039276253607796
4,66,0.4039251639095493
4,67,0.5024113682423299
4,68,0.6013096734251683
4,69,0.5518533399338518
4,70,0.4555848399322757
4,71,0.47285751576780244
4,72,0.7593689075628469
4,73,0.5817565788825936
4,74,0.5382393200427316
4,75,0.5098317598883756
4,76,0.5156179736501783
4,77,0.6683114165233016
4,78,0.4963043207221398
4,79,0.6533485144191091
4,80,0.7470007036557399
4,81,0.447655573579512
4,82,0.6834906384883583
4,83,0.4678658576907866
4,84,0.4963330449449623
4,85,0.7094653427818227
4,86,0.7266326153166542
4,87,0.7219962375774556
4,88,0.715103415866055
4,89,0.6215970667288738
4,90,0.6068141366761062
4,91,0.4294296217895577
4,92,0.4651764497912266
4,93,0.5951491887705096
4,94,0.5686958688276106
4,95,0.6573845340929422
4,96,0.5663508143992755
4,97,0.5276790503610076
4,98,0.5617680605280849
4,99,0.5786122078252409
4,100,0.775269243473161
4,101,0.629519898792771
4,102,0.6077700777292624
4,103,0.5691987464836163
4,104,0.5327334033248373
4,105,0.4783835900888807
4,106,0.47563249480501096
4,107,0.5008864295621308
4,108,0.6700087541014449
4,109,0.6540054160795711
4,110,0.6439766975193542
4,111,0.6661246165237122
4,112,0.41546645102376467
4,113,0.3828861319831233
4,114,0.4712122501514542
4,115,0.4097218387810397
4,116,0.7099430457772308
4,117,0.6702831395988401
4,118,0.5979187360603775
4,119,0.6614418183288543
4,120,0.5314761598855552
4,121,0.6799653731289258
4,122,0.5642081578930446
4,123,0.6317363420363596
4,124,0.46681338405621436
4,125,0.7170725247597792
4,126,0.6734410582042583
4,127,0.5729057157743022
4,128,0.535785068638932
4,129,0.6436569708785089
4,130,0.5432049356473354
4,131,0.6569645530286692
4,132,0.5464513178277952
4,133,0.5779952828818109
4,134,0.6463095031543729
4,135,0.6523205643198114
4,136,0.596793144843002
4,137,0.665893985952483
4,138,0.38817734797364517
4,139,0.630746637007232
4,140,0.5786194355239255
4,141,0.5170243895264436
4,142,0.5998055976003015
4,143,0.6504483004872933
4,144,0.6190045344536236
4,145,0.24726807199877776
4,146,0.5350847475951004
4,147,0.5412477795046621
4,148,0.7686269289819697
4,149,0.39648324567221227
4,150,0.6715616348107509
4,151,0.7054165627395379
4,152,0.46636264305694464
4,153,0.5744604450149035
4,154,0.636543181149748
4,155,0.6717123655277171
4,156,0.6032490299513764
4,157,0.6601239708219924
4,158,0.5297037639421927
4,159,0.5430502563070108
4,160,0.6783602616065195
4,161,0.5640520968007948
4,162,0.6859928024782221
4,163,0.500334097429698
4,164,0.7406461395155497
4,165,0.7848476814825854
4,166,0.4207421866240765
4,167,0.5761419328627286
4,168,0.6514545353385258
4,169,0.5651362566759817
4,170,0.7186864724627545
4,171,0.45275067711644434
4,172,0.561722114486072
4,173,0.543856718436056
4,174,0.5787491946445664
4,175,0.6956127549171295
4,176,0.623666027514892
4,177,0.46439372945132285
4,178,0.5232248688796305
4,179,0.6526655167031639
4,180,0.8339447973317986
4,181,0.29561755004780055
4,182,0.5770775412468431
4,183,0.6226349333842686
4,184,0.5762860481622937
4,185,0.5668883996127505
4,186,0.560090576671037
4,187,0.6251565482059195
4,188,0.44615984120010405
4,189,0.7682608963064044
4,190,0.7300522442295047
4,191,0.46342631988984934
4,192,0.6666376839312197
4,193,0.548329456174613
4,194,0.5151215388396827
4,195,0.5812655447957737
4,196,0.5592111762945396
4,197,0.6057883003135938
4,198,0.5854359752958714
4,199,0.6825789206776164
4,200,0.708502548695848
4,201,0.3563144901905517
4,202,0.4272888476290499
4,203,0.5104211532189868
4,204,0.4771752919881933
4,205,0.5750755087447197
4,206,0.5705574524116124
4,207,0.6820294780390002
4,208,0.5255038083927677
4,209,0.5247530789520936
4,210,0.661249942480421
4,211,0.5428984395357448
4,212,0.688183148283469
4,213,0.48241635488838464
4,214,0.7906524503500107
4,215,0.6840517827377498
4,216,0.7804329769637884
4,217,0.6433471776296574
4,218,0.40205482055830166
4,219,0.7081571929142174
4,220,0.49739253365708114
4,221,0.7348300508181287
4,222,0.5890727592785071
4,223,0.7457372060611815
4,224,0.5937080674918034
4,225,0.6183168515867125
4,226,0.5936897243841673
4,227,0.4867194305774344
4,228,0.7327497195858182
4,229,0.5646335302100128
4,230,0.578912392799709
4,231,0.6894798442209256
4,232,0.47298724463318076
4,233,0.7200300374950921
4,234,0.4216268695518995
4,235,0.46877695773038314
4,236,0.5337390912176563
4,237,0.5005472294857536
4,238,0.668373239370577
4,239,0.6138638465403269
4,240,0.618526630942876
4,241,0.9113777592488966
4,242,0.8297945910770221
4,243,0.7323756688414881
4,244,0.45848490350084825
4,245,0.7747572920843869
4,246,0.40250955177158054
4,247,0.6356028875884745
4,248,0.7104787750627981
4,249,0.742666632354065
4,250,0.6368009926494334
4,251,0.6279964003356162
4,252,0.40808291991658746
4,253,0.7886167780653682
4,254,0.5881219505924484
4,255,0.5903660000515355
4,256,0.4973119870441223
4,257,0.4229390273627763
4,258,0.2652020632782324
4,259,0.23427252206725438
4,260,0.5231830428905522
4,261,0.5948955509164268
4,262,0.6120574416541709
4,263,0.3585371985122235
4,264,0.6226566186086148
4,265,0.4746960592886788
4,266,0.6985758840996926
4,267,0.51763595132797
4,268,0.5924756142878592
4,269,0.6383211825681975
4,270,0.5544693960345499
4,271,0.4724337720538124
4,272,0.5275919984810152
4,273,0.6185478645526243
4,274,0.507751667262937
4,275,0.6174145142891707
4,276,0.6004530634092066
4,277,0.6393818817115388
4,278,0.5517839819170943
4,279,0.6257739982373131
4,280,0.5982916885269941
4,281,0.30960589108532344
4,282,0.646681448136239
4,283,0.7859873783370578
4,284,0.6371766603089815
4,285,0.5202239726359718
4,286,0.6576131899577631
4,287,0.683461628058465
4,288,0.6932652796951441
4,289,0.5174571572935392
4,290,0.5492350987427869
4,291,0.5951689343602166
4,292,0.5994727081079985
4,293,0.43494969645153814
4,294,0.6564109393468421
4,295,0.5128831912159058
4,296,0.6295321362674039
4,297,0.6843129517519739
4,298,0.6646654439589992
4,299,0.5955293648549695
4,300,0.594015611933133
4,301,0.5674873108007152
4,302,0.6265504680735421
4,303,0.5797237164715217
4,304,0.43057395291458955
4,305,0.49420255411585584
4,306,0.6586601727687639
4,307,0.7804366761558356
4,308,0.5193490055027834
4,309,0.7739449907032122
4,310,0.5087263898188552
4,311,0.7034803110357001
4,312,0.4553158029184572
4,313,0.3568098962927811
4,314,0.6607166428597212
4,315,0.7504911527885418
4,316,0.7328123577349395
4,317,0.7276640121814192
4,318,0.4003290276514277
4,319,0.631630264301772
4,320,0.6467700972426783
4,321,0.4072089169525198
4,322,0.5164020924878767
4,323,0.5294905459550519
4,324,0.6779395083183339
4,325,0.5671082416405425
4,326,0.6581077926212614
4,327,0.6768477048189636
4,328,0.46320023347149697
4,329,0.6236420630713494
4,330,0.6156245373150072
4,331,0.33027243574499565
4,332,0.6833887352117992
4,333,0.5620088403782555
4,334,0.3809434209362368
4,335,0.6768234947972949
4,336,0.494388937409661
4,337,0.31400073574885984
4,338,0.28733479672241263
4,339,0.7493361236388907
4,340,0.7602499510074467
4,341,0.7158431821314223
4,342,0.6514724296639238
4,343,0.6678434969559736
4,344,0.659660028936222
4,345,0.5159232882683374
4,346,0.5461225780721973
4,347,0.6166549907316204
4,348,0.21935077911735607
4,349,0.6333859853736902
4,350,0.6653449026691791
4,351,0.41391275331005273
4,352,0.654489060247988
4,353,0.43758206043757303
4,354,0.5497785518213301
4,355,0.47759980310537875
4,356,0.6318578653004678
4,357,0.4917753271686355
4,358,0.5653324128804528
4,359,0.8286501519524297
4,360,0.8364768132163519
4,361,0.31649010186082976
4,362,0.6119376514473706
4,363,0.8013305343984337
4,364,0.4753815036453296
4,365,0.6838315286484168
4,366,0.5640709325326163
4,367,0.3487018765472439
4,368,0.5524356389264464
4,369,0.606102302054756
4,370,0.5560646414987809
4,371,0.5184389199803795
4,372,0.747263266829879
4,373,0.4261035952152993
4,374,0.6278061441420812
4,375,0.6052014105392612
4,376,0.5242354109464765
4,377,0.7478570249853014
4,378,0.7306525897660325
4,379,0.49008053898490556
4,380,0.715727633374208
4,381,0.5620371448460901
4,382,0.7046572375235763
4,383,0.46783903502249546
4,384,0.7467647174193013
4,385,0.5100935675236432
4,386,0.6398512529496293
4,387,0.5014381439372237
4,388,0.506717236780048
4,389,0.7442830755934692
4,390,0.6117955108076627
4,391,0.6334641389633595
4,392,0.6412691843521438
4,393,0.45139071456816293
4,394,0.4718555097206242
4,395,0.5098894076352036
4,396,0.7538912219291002
4,397,0.7429817256615766
4,398,0.5168398185023088
4,399,0.70728738273769
4,400,0.6695965149011065
4,401,0.582441735887951
4,402,0.8136420732336251
4,403,0.7680976873894503
4,404,0.43344053563458806
4,405,0.6053366612686399
4,406,0.7671011292059172
4,407,0.4739336094288996
4,408,0.5892352541743788
4,409,0.562561559614075
4,410,0.532880088372041
4,411,0.635499765450844
4,412,0.6102439637852302
4,413,0.5953312501379825
4,414,0.4498626714375899
4,415,0.7530655904236944
4,416,0.6932005197217291
4,417,0.6053877100416535
4,418,0.60306892214191
4,419,0.5983716720466133
4,420,0.5995061792996803
4,421,0.7160820491203354
4,422,0.713200441358164
4,423,0.577627005827826
4,424,0.7352254195305155
4,425,0.47965337288524745
4,426,0.5793323283616785
4,427,0.5644945924759406
4,428,0.5644945924759406
4,429,0.6604218199121041
4,430,0.6611451298824108
4,431,0.6948906103731418
4,432,0.4953378931691538
4,433,0.4595069299580257
4,434,0.6392051141311264
4,435,0.5446163526543836
4,436,0.5965731492301563
4,437,0.5622449458102062
4,438,0.5766650939533725
4,439,0.6335343805219384
4,440,0.7252895086345743
4,441,0.3737180437946847
4,442,0.35016457855613997
4,443,0.32382298391537667
4,444,0.5288995920894498
4,445,0.47340080562010395
4,446,0.4431162714837794
4,447,0.6025133289607815
4,448,0.7289647299015025
4,449,0.4518245100312827
4,450,0.7214546365544235
4,451,0.7356565603066755
4,452,0.40864995377220725
4,453,0.4764666161051325
4,454,0.7372694162616945
4,455,0.3849132344191207
4,456,0.4180651261083278
4,457,0.7333605836170219
4,458,0.6521409574447969
4,459,0.5243828552609093
4,460,0.658568319965533
4,461,0.562756369489007
4,462,0.7931706291450654
4,463,0.764123918453906
4,464,0.5235103106114656
4,465,0.5860473945211336
4,466,0.5435370000005794
4,467,0.5720054357470653
4,468,0.40040121243361687
4,469,0.5973384797227951
4,470,0.7102537847540777
4,471,0.6429072083936814
4,472,0.6121828505188236
4,473,0.82371279012968
4,474,0.6340782224566607
4,475,0.5614909113141667
4,476,0.5276244997918649
4,477,0.41201037621592435
4,478,0.6430780714113176
4,479,0.46215971523201627
4,480,0.48321125326706543
4,481,0.5696627543368968
4,482,0.5724964179209403
4,483,0.7241960436741625
4,484,0.5019119457948197
4,485,0.6856131466236616
4,486,0.6664486030188735
4,487,0.589479112246399
4,488,0.737530454445698
4,489,0.47918300625772475
4,490,0.4162096015562264
4,491,0.5435881297783867
4,492,0.5318669248722006
4,493,0.6873879678419031
4,494,0.6764415806041318
4,495,0.7244350219424303
4,496,0.5098152132017861
4,497,0.5802842726301368
4,498,0.6647749727644966
4,499,0.6849847853067943
4,500,0.5630886513214266
4,501,0.5620406750664659
4,502,0.3763157376207484
4,503,0.4075312195431716
4,504,0.5100192723195768
4,505,0.7321770262329484
4,506,0.8089702206737059
4,507,0.6534104186862241
4,508,0.7088809597048823
4,509,0.44111750078539047
4,510,0.4198905637110785
4,511,0.4272448522765718
4,512,0.4117142491177976
4,513,0.7776525990355229
4,514,0.7307898731175212
4,515,0.5066168601136588
4,516,0.825517389072084
4,517,0.5450775042437831
4,518,0.32583232377244875
4,519,0.6069895381431231
4,520,0.45923646791426964
4,521,0.5369033127100095
4,522,0.4872679674733648
4,523,0.6199807958400906
4,524,0.6486390478512649
4,525,0.6720610910528626
4,526,0.5660920240690595
4,527,0.7183352337943318
4,528,0.5472574414747321
4,529,0.6868727894112807
4,530,0.6879818167500087
4,531,0.5526918947858572
4,532,0.7447158859748998
4,533,0.627474058460825
4,534,0.5312271322573217
4,535,0.5250383930862857
4,536,0.7729271134378166
4,537,0.42629036677123616
4,538,0.4551875067700188
4,539,0.4841882941819226
4,540,0.4478655576703817
4,541,0.6303018989458058
4,542,0.6486956290190059
4,543,0.660466695533941
4,544,0.392206597712868
4,545,0.6906920892240817
4,546,0.5190455883581581
4,547,0.6898358528856028
4,548,0.5559735749099453
4,549,0.4116415158924061
4,550,0.562944036993445
4,551,0.5870593825368743
4,552,0.5641251053140145
4,553,0.4979172002081003
4,554,0.48076972647109245
4,555,0.637730050450631
4,556,0.5003631648190165
4,557,0.5887491555067939
4,558,0.6783778970660769
4,559,0.5269200014588259
4,560,0.44105605864788394
4,561,0.7359399054964562
4,562,0.6880706118481227
4,563,0.5529248058570977
4,564,0.5848880421334346
4,565,0.5244376298377097
4,566,0.6377905186340381
4,567,0.5963579047209477
4,568,0.43857700786418086
4,569,0.41412545143329155
4,570,0.7096348216133441
4,571,0.593969684982615
4,572,0.713932812506301
4,573,0.7893850635995516
4,574,0.7950078463906625
4,575,0.6749217117640723
4,576,0.5807082262161636
4,577,0.5322571564606532
4,578,0.6324000243485038
4,579,0.5223563089717949
4,580,0.6009985372909947
4,581,0.5918883448739797
4,582,0.6654920714558782
4,583,0.6511572674110648
4,584,0.47193307755275904
4,585,0.3554266657680532
4,586,0.32282209235585596
4,587,0.2799121324518766
4,588,0.21263063264109794
4,589,0.7416415769311233
4,590,0.6490375955056514
4,591,0.36574587031546
4,592,0.26170597021044606
4,593,0.5705813772207672
4,594,0.5674233769164084
4,595,0.7940676459983933
4,596,0.6061325485951814
4,597,0.7335951993189042
4,598,0.4607214592599937
4,599,0.7435494165913561
4,600,0.5950936150268469
4,601,0.7742195954564662
4,602,0.6972243025315598
4,603,0.466281400636037
4,604,0.3318821364406131
4,605,0.5034875489034523
4,606,0.7312012131410052
4,607,0.5180025202423881
4,608,0.6901139022464426
4,609,0.6755317569950101
4,610,0.455310398606031
4,611,0.4147249461451785
4,612,0.445733733731787
4,613,0.43577408720483857
4,614,0.5357388963686743
4,615,0.607289295642203
4,616,0.5140172050914406
4,617,0.6204965639952627
4,618,0.42663053822979347
4,619,0.7253396997343143
4,620,0.7198429180021723
4,621,0.3884863089632046
4,622,0.7828669609290826
4,623,0.6475271983312321
4,624,0.43910602190282705
4,625,0.7161487313023206
4,626,0.31545673182872486
4,627,0.26372019086282816
4,628,0.7528100602262146
4,629,0.7534497367641507
4,630,0.6529869634949436
4,631,0.5309896500812147
4,632,0.3311214271535831
4,633,0.3203856535906859
4,634,0.6983591793301175
4,635,0.4740057885025455
4,636,0.7073514285494356
4,637,0.5988697409016152
4,638,0.5858757837582189
4,639,0.659231692508448
4,640,0.6626626215213717
4,641,0.7478579478483287
4,642,0.5829081995650262
4,643,0.30725282035711715
4,644,0.7454071425330326
4,645,0.5209196623180683
4,646,0.6471225621042951
4,647,0.6909841882451144
4,648,0.6442060424512476
4,649,0.6388774138375
4,650,0.5846456674044359
4,651,0.7600434259669941
4,652,0.44233101529328456
4,653,0.602205388349645
4,654,0.34982871458456805
4,655,0.3984975000744766
4,656,0.37303845023973925
4,657,0.5162008282069345
4,658,0.6943773837613142
4,659,0.7046732023527722
4,660,0.5028711401586966
4,661,0.5028711401586966
4,662,0.5002523654219954
4,663,0.7746866233620799
4,664,0.7629039733181489
4,665,0.37248316673324955
4,666,0.6930812335490834
4,667,0.42520924900642815
4,668,0.5295994333232006
4,669,0.6852044575976706
4,670,0.6335653266054287
4,671,0.5532081817642592
4,672,0.660375395904527
4,673,0.37326430506474184
4,674,0.6846438774606013
4,675,0.7529235349675795
4,676,0.41253136906336274
4,677,0.6000100783939574
4,678,0.49878206951383736
4,679,0.6864230489260886
4,680,0.389535789194733
4,681,0.7322758037692005
4,682,0.7012890797755033
4,683,0.5304401908292652
4,684,0.704451470811164
4,685,0.7717533251147104
4,686,0.7514488277887343
4,687,0.7187905774261911
4,688,0.5297846587642513
4,689,0.838910953887141
4,690,0.5772175318948211
4,691,0.6971497590174326
4,692,0.7164118146801784
4,693,0.35002363048668167
4,694,0.47879720935702264
4,695,0.4523123864099421
4,696,0.5035343823579455
4,697,0.5225351560621503
4,698,0.42407730032597823
4,699,0.4756333293038259
4,700,0.5876504948997239
4,701,0.7035080348339464
4,702,0.5653393297347766
4,703,0.671233411861042
4,704,0.6603591361234703
4,705,0.8715758404004641
4,706,0.6876532376849787
4,707,0.6878783155848798
4,708,0.6830085916458054
4,709,0.4496444343034823
4,710,0.5019077901941373
4,711,0.6739200831949901
4,712,0.45458892506082377
4,713,0.6939045298832064
4,714,0.49563327254847034
4,715,0.5134230511179078
4,716,0.6727207296441159
4,717,0.5160287052797532
4,718,0.4716528804156507
4,719,0.8446458892668375
4,720,0.6917886786095622
4,721,0.7074520973415774
4,722,0.4631788898278899
4,723,0.6995461695668956
4,724,0.7241085295703698
4,725,0.49046654312931465
4,726,0.5123504370493893
4,727,0.5278077435107488
4,728,0.706468095412317
4,729,0.5791745223880514
4,730,0.5590189861761226
4,731,0.5656339931236403
4,732,0.6434215612919608
4,733,0.6511721634429302
4,734,0.7226265858942168
4,735,0.6672771055580382
4,736,0.720167484257957
4,737,0.37093590023419665
4,738,0.5757943068800416
4,739,0.4670228123337214
4,740,0.529593639635377
4,741,0.8058550396967925
4,742,0.31813880619904744
4,743,0.8158097631422487
4,744,0.5166806785603182
4,745,0.6098706301283238
4,746,0.4876037426109767
4,747,0.6268397602068884
4,748,0.7521975121186081
4,749,0.7273663309821613
4,750,0.7123835651206079
4,751,0.567647583701855
4,752,0.630222199310348
4,753,0.7349602313430919
4,754,0.806576058573843
4,755,0.31540510672024746
4,756,0.7387663989256283
4,757,0.3326902473135565
4,758,0.5520422443048622
4,759,0.6710710681662105
4,760,0.5418122474566969
4,761,0.768793819948204
4,762,0.5700027782532608
4,763,0.5807134475606979
4,764,0.571030581927761
4,765,0.5895406609279628
4,766,0.44598024442470613
4,767,0.4979272568263154
4,768,0.5233196897486943
4,769,0.6149395903794416
4,770,0.5829615716556178
4,771,0.5985035925644092
4,772,0.5175463833696736
4,773,0.6570437056325373
4,774,0.588490340407544
4,775,0.6851037991821868
4,776,0.5417233752673629
4,777,0.6669571999577097
4,778,0.3988902467097171
4,779,0.5063267347462272
4,780,0.48371133276509365
4,781,0.4885075307203774
4,782,0.5587183560080422
4,783,0.5590148119925012
4,784,0.5707280623075687
4,785,0.5926951075795183
4,786,0.5747850705931586
4,787,0.5429928655213255
4,788,0.5167937301287092
4,789,0.7315808657265168
4,790,0.6787948631466547
4,791,0.6412614182998357
4,792,0.6387428752442086
4,793,0.656319869341311
4,794,0.48913294695284076
4,795,0.6401103480791763
4,796,0.4820176227117027
4,797,0.48574945243582235
4,798,0.5121471636746007
4,799,0.48587201360807375
4,800,0.46444177726862473
4,801,0.6387897758188981
4,802,0.5666523027124496
4,803,0.7788726591468964
4,804,0.3306451085495586
4,805,0.4407367819700608
4,806,0.6401709550947231
4,807,0.5269370018362355
4,808,0.6790863021808036
4,809,0.43686873774387947
4,810,0.709999628164727
4,811,0.5887868266208459
4,812,0.6468105546855635
4,813,0.8089294918912038
4,814,0.7878226206240035
4,815,0.6470365947563065
4,816,0.7720100169030945
4,817,0.7572831072469819
4,818,0.6895654090798143
4,819,0.5306474495057679
4,820,0.37437147019063644
4,821,0.4605456904957419
4,822,0.5653997468168563
4,823,0.3772051046752619
4,824,0.4631095768141346
4,825,0.7706296624508903
4,826,0.7176962682896336
4,827,0.6163461853668586
4,828,0.5475380871422619
4,829,0.5452046000753191
4,830,0.4725093657658644
4,831,0.5261480978449822
4,832,0.1229134771852028
4,833,0.9114299087512874
4,834,0.5721546907822322
4,835,0.43327578854078486
4,836,0.7279164990364919
4,837,0.7352155002814779
4,838,0.6506375804755524
4,839,0.6399669140612959
4,840,0.34450526426409234
4,841,0.5438463932607178
4,842,0.6261576751095032
4,843,0.5805226290409433
4,844,0.5871253319013047
4,845,0.5058143705453306
4,846,0.6649826838870779
4,847,0.5381919824308607
4,848,0.4060194488951475
4,849,0.7765453217880316
4,850,0.4881759392439305
4,851,0.6286241295237758
4,852,0.5406601011428277
4,853,0.39252719179145246
4,854,0.5218816588132836
4,855,0.4782528793096858
4,856,0.7066500881111412
4,857,0.5526187194475076
4,858,0.49544168488512064
4,859,0.603122264071652
4,860,0.6191331108264483
4,861,0.6343385251347633
4,862,0.6670042249318068
4,863,0.43645486946370177
4,864,0.6774667531097429
4,865,0.7245474943211012
4,866,0.7380548348613241
4,867,0.43079905873970076
4,868,0.6779775285781676
4,869,0.8628117728610896
4,870,0.8320758804221919
4,871,0.8558489974151096
4,872,0.6179011982566255
4,873,0.5410687492634995
4,874,0.6290943168867261
4,875,0.4727216886935998
4,876,0.6814099894453366
4,877,0.5803614612921096
4,878,0.5499317669848378
4,879,0.7618321569599728
4,880,0.7629424923174332
4,881,0.7692656274138301
4,882,0.46525886619973494
4,883,0.6467284111193915
4,884,0.7260674856686598
4,885,0.4321012455257979
4,886,0.6696983290298307
4,887,0.6584601637903996
4,888,0.6970880669831885
4,889,0.5614448360165415
4,890,0.39493920291298906
4,891,0.7135399428306993
4,892,0.4684151861860667
4,893,0.5735853300638669
4,894,0.8007667653666657
4,895,0.3512764992811877
4,896,0.18170041489636507
4,897,0.7553763940602485
4,898,0.5628914009545704
4,899,0.6312864168705228
4,900,0.6157426302535335
4,901,0.5078718310489427
4,902,0.5385741542804824
4,903,0.7870121457141952
4,904,0.36549026799691964
4,905,0.4353788028204633
4,906,0.6059809545675249
4,907,0.5517981922853941
4,908,0.774877637946537
4,909,0.7897780651869646
4,910,0.5977920450170545
4,911,0.5313515064694381
4,912,0.44314334807887595
4,913,0.678850121721042
4,914,0.6495091237702529
4,915,0.5961945602257566
4,916,0.6240252317383023
4,917,0.6189428522697606
4,918,0.7356055181445378
4,919,0.8038648875679437
4,920,0.7025380643758509
4,921,0.6259865251060457
4,922,0.6040043172899152
4,923,0.6522828129637888
4,924,0.523956156547268
4,925,0.5862319505529636
4,926,0.5717083056759562
4,927,0.656626619215097
4,928,0.5271421654891211
4,929,0.4782235775312551
4,930,0.4303371805180646
4,931,0.5191755470893776
4,932,0.4549422147412949
4,933,0.6925160894335237
4,934,0.49288015422056164
4,935,0.6245550668376806
4,936,0.6711931306485187
4,937,0.6133487493776731
4,938,0.6272116819474706
4,939,0.5436975108000791
4,940,0.5607901208746787
4,941,0.6362914680836304
4,942,0.5895497652922732
4,943,0.8347749599642641
4,944,0.2402887410241548
4,945,0.21808066445879848
4,946,0.5259240627425039
4,947,0.4265792420341189
4,948,0.7667204027090937
4,949,0.5395974557848501
4,950,0.6389720353902475
4,951,0.5565743534832124
4,952,0.5668719265818589
4,953,0.48290216162057986
4,954,0.7056466553624532
4,955,0.501469098966501
4,956,0.7292536795015656
4,957,0.7272790209814225
4,958,0.6835838019841938
4,959,0.5170609676486657
4,960,0.5393753073638963
4,961,0.5940243150678932
4,962,0.5192625048602875
4,963,0.5700943109682163
4,964,0.6734393437841013
4,965,0.6494934601988843
4,966,0.5758518048612171
4,967,0.6733564189212115
4,968,0.4651632667154932
4,969,0.5017008458588378
4,970,0.5362079068913385
4,971,0.6861519489981859
4,972,0.7046756163110451
4,973,0.40938305957007814
4,974,0.6255249916229425
4,975,0.48946854158250347
4,976,0.6162655429646507
4,977,0.5027912551700217
4,978,0.6444236439126212
4,979,0.6680985370956369
4,980,0.4945321167463655
4,981,0.5409651098467997
4,982,0.4590079407467323
4,983,0.5476778227238326
4,984,0.4334362590107975
4,985,0.6592369702950662
4,986,0.4621520074518303
4,987,0.6239647725132172
4,988,0.6834357577029657
4,989,0.6059510569079716
4,990,0.7263503710036415
4,991,0.5548079632422585
4,992,0.5549711977861818
4,993,0.5271918931061677
4,994,0.5819539007582744
4,995,0.5457958288658609
4,996,0.6536387763911075
4,997,0.5400092843055981
4,998,0.678679056565332
4,999,0.6086742931401556
4,1000,0.42486934226601347
4,1001,0.5030080235233659
4,1002,0.5877372170496618
4,1003,0.6413058706832672
4,1004,0.5736325663320374
4,1005,0.5616398148587707
4,1006,0.5931909476582737
4,1007,0.7447205296993088
4,1008,0.4602006945159415
4,1009,0.5392934758792383
4,1010,0.5923883709003506
4,1011,0.7198215967861056
4,1012,0.6083030836085203
4,1013,0.5454998698238319
4,1014,0.64965747165774
4,1015,0.5746365827328216
4,1016,0.6893982994554911
4,1017,0.7116556024534683
4,1018,0.7123617041087349
4,1019,0.6635171945438252
4,1020,0.45530438652176025
4,1021,0.7571749027145269
4,1022,0.340572738315432
4,1023,0.4303578876962427
4,1024,0.6382651381924954
4,1025,0.6685901303252786
4,1026,0.6569370288892262
4,1027,0.5891411838942494
4,1028,0.6127996965234027
4,1029,0.6288031722466396
4,1030,0.5983124101810063
4,1031,0.6372794831208677
4,1032,0.5787277287205014
4,1033,0.729595168934879
4,1034,0.42775574767763336
4,1035,0.643019608612338
4,1036,0.5571456777872223
4,1037,0.5222681537896156
4,1038,0.5978545060730767
4,1039,0.6715899851383844
4,1040,0.5656278608238062
4,1041,0.5426869710108562
4,1042,0.5126682944170616
4,1043,0.8102048385302546
4,1044,0.7259860729174773
4,1045,0.46393177493799187
4,1046,0.7223086458682231
4,1047,0.7142098648170487
4,1048,0.5561091195985783
4,1049,0.6790094028589463
4,1050,0.6964727591351704
4,1051,0.4237915608841472
4,1052,0.4657203976454236
4,1053,0.4203420240097097
4,1054,0.381809592237627
4,1055,0.6324837200401817
4,1056,0.6221753625024091
4,1057,0.6153184594502867
4,1058,0.6322519139000445
4,1059,0.5732129198850796
4,1060,0.5950113320157566
4,1061,0.6107873182831671
4,1062,0.590674845597588
4,1063,0.6521920273616261
4,1064,0.5538694926178491
4,1065,0.4701874046590572
4,1066,0.6855037158940898
4,1067,0.5395974693934187
4,1068,0.73550743158642
4,1069,0.5049636230420778
4,1070,0.6545475260190109
4,1071,0.6994291642369924
4,1072,0.4905719416096679
4,1073,0.529214358197529
4,1074,0.636241589516939
4,1075,0.5595897804449633
4,1076,0.5370751812278338
4,1077,0.5025835250556466
4,1078,0.756042970534766
4,1079,0.6354389222935827
4,1080,0.6385258526345056
4,1081,0.5641767681377077
4,1082,0.7474176129770493
4,1083,0.7209955579865608
4,1084,0.6085164120055472
4,1085,0.6956834778481873
4,1086,0.446351323994495
4,1087,0.7092013754144678
4,1088,0.3432378523112646
4,1089,0.37292161016310416
4,1090,0.7660302448712207
4,1091,0.2860072179324462
4,1092,0.6979614529723974
4,1093,0.5872538700510102
4,1094,0.5333154499429563
4,1095,0.65888581863111
4,1096,0.4388113515365991
4,1097,0.3920917420991562
4,1098,0.664043710273047
4,1099,0.47491805276741944
4,1100,0.6482892782488213
4,1101,0.5718844138638097
4,1102,0.7986005100315796
4,1103,0.670452959430152
4,1104,0.6788776985426143
4,1105,0.5586630283245092
4,1106,0.6142185365974342
4,1107,0.5620172172460518
4,1108,0.5879581169114856
4,1109,0.6773932462813163
4,1110,0.5217341802506796
4,1111,0.7237001487938082
4,1112,0.18674955562362502
4,1113,0.4163715906423197
4,1114,0.771436876920545
4,1115,0.447694521873536
4,1116,0.3779050431728374
4,1117,0.7070466561274839
4,1118,0.6470921508014726
4,1119,0.637375449684638
4,1120,0.4692712162664523
4,1121,0.6551678366131285
4,1122,0.6137661422387943
4,1123,0.4842924751818147
4,1124,0.512108538686883
4,1125,0.596194560047333
4,1126,0.6345365260732992
4,1127,0.519761450561823
4,1128,0.5078228329835351
4,1129,0.6351369227565549
4,1130,0.5450070984388424
4,1131,0.5450120128361735
4,1132,0.6261869105506874
4,1133,0.5276415825145931
4,1134,0.45454238027463756
4,1135,0.45136142641521876
4,1136,0.8170000334476374
4,1137,0.8070644564968009
4,1138,0.7520790259939606
4,1139,0.3574794206696245
4,1140,0.725247691119265
4,1141,0.5485322269924437
4,1142,0.6163661932606371
4,1143,0.7493618216592074
4,1144,0.473896404109222
4,1145,0.7398636359917932
4,1146,0.7936574950047801
4,1147,0.8512195796734137
4,1148,0.3482575007440522
4,1149,0.7619353532510864
4,1150,0.6788622819781737
4,1151,0.565453967354979
4,1152,0.7136340063586663
4,1153,0.6871225442829566
4,1154,0.33942137864537336
4,1155,0.730594495142842
4,1156,0.519285114388775
4,1157,0.668934862263746
4,1158,0.6569554060027251
4,1159,0.48478363799465735
4,1160,0.7255974068937121
4,1161,0.7356201897267551
4,1162,0.46308349549716693
4,1163,0.7137515609521922
4,1164,0.41912556418801816
4,1165,0.21823054164654046
4,1166,0.7596058137350085
4,1167,0.3568452752766672
4,1168,0.6731064017470072
4,1169,0.46067802448693385
4,1170,0.5001753480925816
4,1171,0.37186707074557146
4,1172,0.7466657128510794
4,1173,0.5498404324388261
4,1174,0.294924072858826
4,1175,0.6720331057254942
4,1176,0.4255626120161256
4,1177,0.5258705806861984
4,1178,0.6869254883677975
4,1179,0.619305065140045
4,1180,0.6268878727615638
4,1181,0.5881935499817514
4,1182,0.6158421752582997
4,1183,0.629567899149961
4,1184,0.5493876550807263
4,1185,0.497756017185366
4,1186,0.5641329774437949
4,1187,0.5677832805233173
4,1188,0.6082194594642493
4,1189,0.5644182698733201
4,1190,0.5945343213209048
4,1191,0.7847477806408816
4,1192,0.386079861381408
4,1193,0.47778320504858607
4,1194,0.6305554204334415
4,1195,0.6052871862724408
4,1196,0.6163400060795976
4,1197,0.44717207132157477
4,1198,0.4980822795714907
4,1199,0.5750910178919858
4,1200,0.7003246680663602
4,1201,0.5615979739726996
4,1202,0.7080579045145229
4,1203,0.717240868649475
4,1204,0.6300755229906152
4,1205,0.7459259541528922
4,1206,0.5518848088991142
4,1207,0.6530711346936862
4,1208,0.4702770830856651
4,1209,0.5289006376319351
4,1210,0.3237277586324572
4,1211,0.3457139906630398
4,1212,0.6339587219765677
4,1213,0.4712054033714571
4,1214,0.7020203407423528
4,1215,0.4426018614099885
4,1216,0.45951797591582555
4,1217,0.7454384002981224
4,1218,0.38515955771903787
4,1219,0.5171728300721411
4,1220,0.7175915028447798
4,1221,0.6637871422125846
4,1222,0.6104416933364734
4,1223,0.591439654123936
4,1224,0.626170228311209
4,1225,0.43343453171378704
4,1226,0.7441447031300731
4,1227,0.789482130968538
4,1228,0.8115811618320785
4,1229,0.8927585881349269
4,1230,0.5909340163525061
4,1231,0.6149086616001146
4,1232,0.6548006704495944
4,1233,0.6983639263179521
4,1234,0.6106647431653656
4,1235,0.6788233228535697
4,1236,0.6387572686967784
4,1237,0.6249049281387624
4,1238,0.7230993857848753
4,1239,0.7119972102918485
4,1240,0.5305170650405244
4,1241,0.5702967985864694
4,1242,0.8212109799208117
4,1243,0.2814544688669789
4,1244,0.6011506002190449
4,1245,0.5384108851730559
4,1246,0.6120412879651143
4,1247,0.5111750705247053
4,1248,0.5288468474051976
4,1249,0.5347828842636252
4,1250,0.4873864859430625
4,1251,0.6455546730699255
4,1252,0.6516320605448083
4,1253,0.621003321574369
4,1254,0.6662277567070093
4,1255,0.5372279884993273
4,1256,0.687980518989422
4,1257,0.37854864624210327
4,1258,0.6784365540018734
4,1259,0.6535636396933358
4,1260,0.6822526328511166
4,1261,0.6906058127343502
4,1262,0.6182502377316638
4,1263,0.42341154315848945
4,1264,0.560387490895297
4,1265,0.6811588389558473
4,1266,0.5259486623230902
4,1267,0.7037428797770581
4,1268,0.6340724572757498
4,1269,0.6438507491235984
4,1270,0.7794489832285995
4,1271,0.6764316045065354
4,1272,0.5540815715181175
4,1273,0.5884993414698337
4,1274,0.6249913361222189
4,1275,0.6184162360203833
4,1276,0.8367666523231112
4,1277,0.7137874129368005
4,1278,0.5750006191609801
4,1279,0.6824238430583062
4,1280,0.5281541136387807
4,1281,0.6955882425299246
4,1282,0.49927327554605694
4,1283,0.7015197815038068
4,1284,0.7625448284383396
4,1285,0.7723721110133933
4,1286,0.7648196367830622
4,1287,0.4439487486777983
4,1288,0.6395537123892662
4,1289,0.5344963334005902
4,1290,0.6175451917228226
4,1291,0.6156360418097331
4,1292,0.5152539367288325
4,1293,0.6364839345892596
4,1294,0.7359103547911574
4,1295,0.41608207544098036
4,1296,0.7854889516324146
4,1297,0.7447700122834771
4,1298,0.7625271485550605
4,1299,0.7093431413186783
4,1300,0.40710541830421615
4,1301,0.5600374845195152
4,1302,0.6914801059166462
4,1303,0.6959973694069362
4,1304,0.7217160194470335
4,1305,0.5320101930858643
4,1306,0.5969736637261306
4,1307,0.7338516372086159
4,1308,0.6041879556708186
4,1309,0.5916741891250139
4,1310,0.6756659347870616
4,1311,0.6762843123842822
4,1312,0.41646118188029646
4,1313,0.6708515383052166
4,1314,0.5840509058837721
4,1315,0.4756633110979006
4,1316,0.6422008435754696
4,1317,0.6491778415123503
4,1318,0.603711515063668
4,1319,0.525080550038795
4,1320,0.6641434672910546
4,1321,0.4944478745665565
4,1322,0.6218041019896485
4,1323,0.5348472387392813
4,1324,0.760605880142634
4,1325,0.3437938537097919
4,1326,0.8380870876825124
4,1327,0.5835679885725122
4,1328,0.6364120298102869
4,1329,0.6568084233413773
4,1330,0.4975139879967228
4,1331,0.7316057711734736
4,1332,0.4037317241498227
4,1333,0.4236601445895346
4,1334,0.4379176594909716
4,1335,0.4473345006512505
4,1336,0.7323567671974047
4,1337,0.5771595994253945
4,1338,0.5522048182891778
4,1339,0.6013807158930816
4,1340,0.6206511295279628
4,1341,0.5575919476524085
4,1342,0.5993308618809126
4,1343,0.618273545284614
4,1344,0.33756780140778186
4,1345,0.6145819072115076
4,1346,0.7182930744966257
4,1347,0.32088444975895464
4,1348,0.5956322335593349
4,1349,0.5305354893876671
4,1350,0.6435913537446687
4,1351,0.5440096536656857
4,1352,0.6213452533201932
4,1353,0.6233726591799597
4,1354,0.6042751523253318
4,1355,0.6430277694275892
4,1356,0.6280100540043367
4,1357,0.712990731025506
4,1358,0.7463252765239657
4,1359,0.5572042219016712
4,1360,0.5882231892844926
4,1361,0.5836929803479515
4,1362,0.820460582630946
4,1363,0.8775209231926231
4,1364,0.2896173747822938
4,1365,0.7043620670408793
4,1366,0.5233371681838069
4,1367,0.5725934542955482
4,1368,0.6225412058596238
4,1369,0.45080543092349806
4,1370,0.5345217100943529
4,1371,0.5401195294259838
4,1372,0.22803606686235348
4,1373,0.7545094456886584
4,1374,0.6386161681877152
4,1375,0.6190296816479066
4,1376,0.5970173962542143
4,1377,0.5483641763128962
4,1378,0.7741723550327707
4,1379,0.7539915480386412
4,1380,0.5217563676619034
4,1381,0.5634090335842468
4,1382,0.5877024879615691
4,1383,0.7076343315200019
4,1384,0.7086459024402602
4,1385,0.4815397418917269
4,1386,0.5486982833716846
4,1387,0.6621303291037387
4,1388,0.5011117006079187
4,1389,0.671857216104871
4,1390,0.7322756503434305
4,1391,0.4853576403211413
4,1392,0.7013412223882308
4,1393,0.5117002387916553
4,1394,0.6876680694656692
4,1395,0.46888926194113273
4,1396,0.8084377885454572
4,1397,0.6479600891018094
4,1398,0.6393819293191453
4,1399,0.4707127919020607
4,1400,0.6826020372882609
4,1401,0.6289278412354752
4,1402,0.6202968205114268
4,1403,0.5221975796650056
4,1404,0.5505018963135325
4,1405,0.5704820798839023
4,1406,0.5809203962818852
4,1407,0.6324878972282982
4,1408,0.5797342041435624
4,1409,0.6075345765115566
4,1410,0.5833269861889403
4,1411,0.5597768118324432
4,1412,0.574658888949746
4,1413,0.6648076565979822
4,1414,0.6655167047381708
4,1415,0.5885425103615536
4,1416,0.44360976893504717
4,1417,0.6782648765769249
4,1418,0.4946329223726141
4,1419,0.4785060895439112
4,1420,0.5123475486176379
4,1421,0.6092144048874326
4,1422,0.6058627208867865
4,1423,0.5356006062349693
4,1424,0.6399132191288058
4,1425,0.5000848576136085
4,1426,0.5005413792867748
4,1427,0.5708173370270448
4,1428,0.6044788898693637
4,1429,0.5631727472762781
4,1430,0.5806096388936076
4,1431,0.544320887602797
4,1432,0.6635624152799854
4,1433,0.35302157691053293
4,1434,0.3218845097316432
4,1435,0.2303967265581276
4,1436,0.7315604425611504
4,1437,0.7119452411668468
4,1438,0.4746499592522012
4,1439,0.7070557298206975
4,1440,0.6574886026526537
4,1441,0.5591000748850987
4,1442,0.4661973275961175
4,1443,0.6959765646563323
4,1444,0.6699763797450007
4,1445,0.4589486671068564
4,1446,0.524080477801779
4,1447,0.5996459078553994
4,1448,0.5553875813091241
4,1449,0.6914479576588765
4,1450,0.5096971672373305
4,1451,0.607251551680294
4,1452,0.7295820273768917
4,1453,0.4663178062366884
4,1454,0.6404926764502026
4,1455,0.6760064101035557
4,1456,0.5585454606514128
4,1457,0.43335596842023894
4,1458,0.7239485855660188
4,1459,0.5267748612684129
4,1460,0.6975471756204352
4,1461,0.40432497528523814
4,1462,0.34146506972699064
4,1463,0.5536586101683182
4,1464,0.642106574922945
4,1465,0.6104861386086324
4,1466,0.7845690116588888
4,1467,0.805374614222536
4,1468,0.7306122792911337
4,1469,0.7183079192198296
4,1470,0.7413540521542596
4,1471,0.5932928113820061
4,1472,0.6390177149720966
4,1473,0.6251359772307815
4,1474,0.6212203345641165
4,1475,0.7227517580243779
4,1476,0.6848031245557863
4,1477,0.6319398003924006
4,1478,0.579806344826216
4,1479,0.4004704849964083
4,1480,0.7219586327583852
4,1481,0.5759780084242826
4,1482,0.63026192935826
4,1483,0.593812874918072
4,1484,0.6188968210272559
4,1485,0.5618730040893531
4,1486,0.5773049207135138
4,1487,0.5012071143391508
4,1488,0.6019296901909024
4,1489,0.46181849126133045
4,1490,0.720383778465224
4,1491,0.5289705266435986
4,1492,0.7079469779566232
4,1493,0.691641959657946
4,1494,0.7624373802141138
4,1495,0.6174833012927099
4,1496,0.787613065847713
4,1497,0.332561344964077
4,1498,0.4974872223134166
4,1499,0.6816038993481642
4,1500,0.5602029567013515
4,1501,0.7089112470568759
4,1502,0.5996327050274588
4,1503,0.5517908925606317
4,1504,0.5126610953630768
4,1505,0.5496714947033754
4,1506,0.6509962676482376
4,1507,0.7367452490371563
4,1508,0.5514908932726156
4,1509,0.6906736024906226
4,1510,0.5222142231601157
4,1511,0.6994659109011764
4,1512,0.6023492596392861
4,1513,0.5736923620082701
4,1514,0.7354268683948982
4,1515,0.494541911848209
4,1516,0.7313032201057401
4,1517,0.6469239515910832
4,1518,0.6921954449166379
4,1519,0.6228037188394343
4,1520,0.5059670055199117
4,1521,0.4382862970721857
4,1522,0.6676614426731546
4,1523,0.626758815519049
4,1524,0.7097506570517321
4,1525,0.46405516855920975
4,1526,0.639436184906639
4,1527,0.6179432031706723
4,1528,0.5600836247095615
4,1529,0.5709318175547361
4,1530,0.5787264487660739
4,1531,0.6055597760169171
4,1532,0.7051947685150934
4,1533,0.45584570225002174
4,1534,0.4850508009332646
4,1535,0.7165392733126426
4,1536,0.5816189856872725
4,1537,0.4952776893430578
4,1538,0.6954432519070529
4,1539,0.48448840416981687
4,1540,0.5997089691256977
4,1541,0.3544256911067212
4,1542,0.23523367543383106
4,1543,0.23727028123028215
4,1544,0.6250691916342873
4,1545,0.7665951081593834
4,1546,0.7513607508681663
4,1547,0.574723876846375
4,1548,0.5729955068392056
4,1549,0.585867355354511
4,1550,0.6894851423716584
4,1551,0.7555302986920107
4,1552,0.7580554930245725
4,1553,0.43103664952801773
4,1554,0.7360607933296209
4,1555,0.7360961453529259
4,1556,0.6612307071497311
4,1557,0.5905103516070764
4,1558,0.5492959511338821
4,1559,0.43363506010255487
4,1560,0.7098120783214887
4,1561,0.7095531458987452
4,1562,0.3363462099136958
4,1563,0.7616484748363493
4,1564,0.4197029391460625
4,1565,0.4107445925739113
4,1566,0.45470862456007977
4,1567,0.7530013182119631
4,1568,0.6687391952424824
4,1569,0.661538308114101
4,1570,0.6249168761242335
4,1571,0.797653062170918
4,1572,0.805358613499329
4,1573,0.6502726056261007
4,1574,0.3699938459049868
4,1575,0.3842475959984697
4,1576,0.47660071507232593
4,1577,0.480228523749634
4,1578,0.46872920608468677
4,1579,0.6903856803584292
4,1580,0.6348945955811341
4,1581,0.5290847079971693
4,1582,0.5713417355862577
4,1583,0.6684044394216954
4,1584,0.6225497201040268
4,1585,0.5120176438783717
4,1586,0.717742813799086
4,1587,0.8287054610032957
4,1588,0.7735241931775623
4,1589,0.5136325822867439
4,1590,0.6535241641606688
4,1591,0.8166955460833311
4,1592,0.43458613255905104
4,1593,0.4958150218152653
4,1594,0.6436431020869646
4,1595,0.6366714466553848
4,1596,0.5009728684739472
4,1597,0.6617438958842591
4,1598,0.7248052815521528
4,1599,0.43518475767856274
4,1600,0.6602007874274646
4,1601,0.4854793551893392
4,1602,0.7192099870259839
4,1603,0.6028457847656553
4,1604,0.5903626984973644
4,1605,0.5513903330396474
4,1606,0.6557718941697878
4,1607,0.6189391645066714
4,1608,0.6590966909047771
4,1609,0.5550733182723232
4,1610,0.6502816628098649
4,1611,0.5206825213153492
4,1612,0.6708675957433644
4,1613,0.5745153305719889
4,1614,0.5813906383929012
4,1615,0.46022850531018883
4,1616,0.5279794297739268
4,1617,0.6299974792137465
4,1618,0.5545240625554076
4,1619,0.5576983539400171
4,1620,0.5456134755643733
4,1621,0.7295121251880002
4,1622,0.40161252427180283
4,1623,0.6580270528588619
4,1624,0.6912175197025752
4,1625,0.5742081550037159
4,1626,0.5211940478691596
4,1627,0.663585455555526
4,1628,0.8178956429034486
4,1629,0.5740177900453991
4,1630,0.5136479891790929
4,1631,0.5686110486571095
4,1632,0.6912965968906952
4,1633,0.47352826842180745
4,1634,0.6261518659694433
4,1635,0.651151179113445
4,1636,0.6317798047532666
4,1637,0.5527493901751334
4,1638,0.600826030870626
4,1639,0.5144028504745929
4,1640,0.32717723297229007
4,1641,0.6841725131902165
4,1642,0.6065163443736193
4,1643,0.6751335487119254
4,1644,0.602926294262507
4,1645,0.5717784097254703
4,1646,0.5330867271342153
4,1647,0.4170731748836816
4,1648,0.7315056997491601
4,1649,0.6208527716032052
4,1650,0.5679091449733539
4,1651,0.6898642538906629
4,1652,0.5952653091780821
4,1653,0.5718542538811289
4,1654,0.5319574114100538
4,1655,0.553889252762173
4,1656,0.6564851994129082
4,1657,0.5586974474353287
4,1658,0.8745035073852778
4,1659,0.30531206931927046
4,1660,0.7887392362895127
4,1661,0.674200098567802
4,1662,0.46561145692224226
4,1663,0.6458014135044715
4,1664,0.6641615078530613
4,1665,0.7644611556004488
4,1666,0.6267597247000803
4,1667,0.5558853081456933
4,1668,0.7411725684018587
4,1669,0.6484604946930471
4,1670,0.5613207714332951
4,1671,0.6332549102808162
4,1672,0.5521945022864323
4,1673,0.53675250333938
4,1674,0.5496405012683989
4,1675,0.5895666901029125
4,1676,0.5946049137688892
4,1677,0.5844601449700237
4,1678,0.4454253026765197
4,1679,0.4544787561973081
4,1680,0.6036958087917631
4,1681,0.632487486265781
4,1682,0.6868810457422206
4,1683,0.5165142433465717
4,1684,0.6495509836777801
4,1685,0.6735991819792971
4,1686,0.6155236004873014
4,1687,0.563108192650863
4,1688,0.6711269863964463
4,1689,0.5265247657566107
4,1690,0.5403659083862652
4,1691,0.6519197778283181
4,1692,0.5367890146206126
4,1693,0.7312139520008384
4,1694,0.7388243200786757
4,1695,0.7574509092790633
4,1696,0.712051917408645
4,1697,0.7160779956110074
4,1698,0.6769897789387174
4,1699,0.5617330502588916
4,1700,0.6673200728119819
4,1701,0.6395385381958867
4,1702,0.6239494248272891
4,1703,0.6172301355466233
4,1704,0.6386472157039097
4,1705,0.5901240430734179
4,1706,0.6258748966886343
4,1707,0.6704584595043971
4,1708,0.7511009550336775
4,1709,0.5755230383551883
4,1710,0.5443386066860895
4,1711,0.556236599396843
4,1712,0.5921638614408016
4,1713,0.5648893621643213
4,1714,0.6134749428311672
4,1715,0.6110962314761442
4,1716,0.560332905211057
4,1717,0.5198019047649163
4,1718,0.7052694608964021
4,1719,0.6190347683380978
4,1720,0.5984222982960183
4,1721,0.5269224523541562
4,1722,0.8611366443051097
4,1723,0.8869510128749732
4,1724,0.8339684121656754
4,1725,0.40291722109003475
4,1726,0.6444491197818422
4,1727,0.47629184947710707
4,1728,0.7074933368907852
4,1729,0.5592371959978811
4,1730,0.6595940925379837
4,1731,0.5170148770619626
4,1732,0.8911349151772666
4,1733,0.8839400306967835
4,1734,0.4969883372914116
4,1735,0.5788710180007698
4,1736,0.6228927439312634
4,1737,0.6901261516456662
4,1738,0.5075956149053934
4,1739,0.7520041403313631
4,1740,0.385956546573806
4,1741,0.761942369619569
4,1742,0.5289251364944688
4,1743,0.6434642947952025
4,1744,0.596598723424529
4,1745,0.5723582595447569
4,1746,0.690033125088899
4,1747,0.4983085357403416
4,1748,0.6983950473031452
4,1749,0.6435758786895561
4,1750,0.5087156243465035
4,1751,0.6507552811633213
4,1752,0.55278034365841
4,1753,0.5594302378032145
4,1754,0.6608437322496306
4,1755,0.4352983841290394
4,1756,0.8264642552170207
4,1757,0.6780639564284566
4,1758,0.6053194364689157
4,1759,0.6150785651646757
4,1760,0.6115669667015523
4,1761,0.5660510702509511
4,1762,0.5480026976485396
4,1763,0.5709775789083122
4,1764,0.5422103213732604
4,1765,0.698200400411956
4,1766,0.41264541451027753
4,1767,0.571663561805834
4,1768,0.5867934319177945
4,1769,0.6094098849044434
4,1770,0.5377909222870664
4,1771,0.5489965850917138
4,1772,0.6816854472210193
4,1773,0.2820358481857892
4,1774,0.835488582892571
4,1775,0.5308708883343064
4,1776,0.6182762819519951
4,1777,0.4997292453319295
4,1778,0.5615131929949579
4,1779,0.6873457904307863
4,1780,0.5920591908849131
4,1781,0.5725201930501949
4,1782,0.24758105712905867
4,1783,0.8173089230836
4,1784,0.5124303208611551
4,1785,0.4981302436486848
4,1786,0.5857393884274394
4,1787,0.5647021689983711
4,1788,0.6751770060314103
4,1789,0.449631477924072
4,1790,0.6718400501668504
4,1791,0.6696755675110609
4,1792,0.4774120199494928
4,1793,0.7278337130066513
4,1794,0.527601902207903
4,1795,0.5644496448727963
4,1796,0.6588605537555925
4,1797,0.6639035721303619
4,1798,0.5459372460396263
4,1799,0.6619887233727213
4,1800,0.4919289172585037
4,1801,0.7895345947794004
4,1802,0.3876432698124406
4,1803,0.8551303644390293
4,1804,0.8197580909091905
4,1805,0.5861166648806969
4,1806,0.6136532350151848
4,1807,0.6394448034776093
4,1808,0.6540392784344042
4,1809,0.7233828821415468
4,1810,0.5704033650019251
4,1811,0.43226581251329604
4,1812,0.5647547452843628
4,1813,0.5553416476006013
4,1814,0.6382794922976139
4,1815,0.5042880459107845
4,1816,0.6613733712118406
4,1817,0.5543717413395858
4,1818,0.4996744509805484
4,1819,0.7720320693789816
4,1820,0.40996406311917605
4,1821,0.7690112958887161
4,1822,0.41798730821488195
4,1823,0.5895198181770673
4,1824,0.4408531136000108
4,1825,0.6585756733326223
4,1826,0.48561240249629284
4,1827,0.5248326435114207
4,1828,0.7102583748880088
4,1829,0.5969766166621898
4,1830,0.5166011581471248
4,1831,0.5240825023821812
4,1832,0.5829976307028285
4,1833,0.3507140473271016
4,1834,0.7625456787069378
4,1835,0.6722873847929652
4,1836,0.5424697373174281
4,1837,0.5909568578419185
4,1838,0.6612954340406367
4,1839,0.7003190533841125
4,1840,0.7186031034430639
4,1841,0.6479245022854434
4,1842,0.44393864000032507
4,1843,0.7561028352354124
4,1844,0.43316052639035946
4,1845,0.4854814975552658
4,1846,0.32227425195069986
4,1847,0.35174755266656804
4,1848,0.6419768742864992
4,1849,0.39510389636781434
4,1850,0.6236764291751912
4,1851,0.5336041998382066
4,1852,0.6434033752496338
4,1853,0.59474034574264
4,1854,0.6840573436346065
4,1855,0.5157262251838062
4,1856,0.7244151977618487
4,1857,0.6108088783727531
4,1858,0.64263280804788
4,1859,0.5943984734315586
4,1860,0.5508010890252981
4,1861,0.4823055294312698
4,1862,0.6739522813673059
4,1863,0.720260658257542
4,1864,0.5269262912715236
4,1865,0.7533954111845981
4,1866,0.7077421926883755
4,1867,0.6770706107677206
4,1868,0.7057161486200544
4,1869,0.38489373784354225
4,1870,0.7798716787245844
4,1871,0.7736166962430038
4,1872,0.46952590869993466
4,1873,0.6984752496643596
4,1874,0.46581143661038654
4,1875,0.8309665083540296
4,1876,0.7758385601648764
4,1877,0.3583339234159991
4,1878,0.8088069746826578
4,1879,0.42592474481872145
4,1880,0.3299404400508736
4,1881,0.4574036488594507
4,1882,0.3620499697365796
4,1883,0.7619113302079915
4,1884,0.4648697301430356
4,1885,0.4581385300447753
4,1886,0.5484253428773718
4,1887,0.5932399254232521
4,1888,0.6620735477355274
4,1889,0.7301809413343094
4,1890,0.7691492438547921
4,1891,0.7488400843382235
4,1892,0.8176317607188213
4,1893,0.7957647392206446
4,1894,0.771092174139085
4,1895,0.652185578711833
4,1896,0.5789699120108085
4,1897,0.5011416594921955
4,1898,0.4628282339436663
4,1899,0.5809501563695754
4,1900,0.6022567213167485
4,1901,0.5784849798233611
4,1902,0.5845321581823256
4,1903,0.6560810253884868
4,1904,0.5405852416522989
4,1905,0.511013438000734
4,1906,0.19070137814594207
4,1907,0.7913639604550519
4,1908,0.6875558182712141
4,1909,0.565034252694651
4,1910,0.581495297334589
4,1911,0.5570733134846698
4,1912,0.6164865228071227
4,1913,0.5842630617368549
4,1914,0.7569010309514296
4,1915,0.347064288910759
4,1916,0.5920481179062356
4,1917,0.6743055449527354
4,1918,0.6984134613226188
4,1919,0.511216278608229
4,1920,0.6504641007964062
4,1921,0.7028449135595402
4,1922,0.6852496070141664
4,1923,0.47762123965161196
4,1924,0.4104902234839718
4,1925,0.5435422223347449
4,1926,0.7429934829012333
4,1927,0.6440251307275651
4,1928,0.6614375006887981
4,1929,0.6663897808437266
4,1930,0.5146786797647049
4,1931,0.7530295278802438
4,1932,0.7408203527582389
4,1933,0.4268814489782428
4,1934,0.6750240627373554
4,1935,0.5456734144144424
4,1936,0.6883286444677007
4,1937,0.660653763455014
4,1938,0.7074444715212443
4,1939,0.42764480653314496
4,1940,0.6612995111228746
4,1941,0.4434621461482494
4,1942,0.44091824859775897
4,1943,0.6707137091125622
4,1944,0.6893181485248844
4,1945,0.44510621653319954
4,1946,0.7177766970436912
4,1947,0.43211823314491
4,1948,0.7355977317854601
4,1949,0.7869706681675245
4,1950,0.3209407794220578
4,1951,0.6175864541112411
4,1952,0.37372750996706317
4,1953,0.47620425747307166
4,1954,0.6425173422786314
4,1955,0.6487746502986851
4,1956,0.7296768014926978
4,1957,0.5702178176773447
4,1958,0.6767487471694754
4,1959,0.4724967265620051
4,1960,0.5979996728306672
4,1961,0.6973902190258512
4,1962,0.6244543945204081
4,1963,0.5530627725873717
4,1964,0.5777818668513678
4,1965,0.7541307451775884
4,1966,0.4264097614054706
4,1967,0.4921645257717518
4,1968,0.7034180470566689
4,1969,0.5242741839342816
4,1970,0.6591174863952908
4,1971,0.6338491109254075
4,1972,0.620610183273389
4,1973,0.5577155265650502
4,1974,0.6389133305408018
4,1975,0.6265960846719749
4,1976,0.511653304031481
4,1977,0.6203926775453577
4,1978,0.6311714657248244
4,1979,0.5904875127764057
4,1980,0.6311060306774577
4,1981,0.5795462732789401
4,1982,0.6137604505886438
4,1983,0.3992551495050605
4,1984,0.5125239512356553
4,1985,0.5905049140121555
4,1986,0.575498044824782
4,1987,0.7737750171864025
4,1988,0.37740561794373506
4,1989,0.7307225544328851
4,1990,0.52188733297972
4,1991,0.4134849871321612
4,1992,0.2993220718711289
4,1993,0.5893315869639669
4,1994,0.5367297146787249
4,1995,0.7545007034907665
4,1996,0.331062354325647
4,1997,0.7944272335978836
4,1998,0.6666123620147535
4,1999,0.7207580412317297
4,2000,0.6448854425214525
4,2001,0.5698850477739952
4,2002,0.658536136763965
4,2003,0.62143800736006
4,2004,0.4865456096358304
4,2005,0.6525530828630977
4,2006,0.3410757320604585
4,2007,0.6374723456506097
4,2008,0.4820059734092356
4,2009,0.5756248437366307
4,2010,0.5597333908188283
4,2011,0.5927099171060276
4,2012,0.5828586613330896
4,2013,0.599248692078683
4,2014,0.6323412383511687
4,2015,0.6836016056168931
4,2016,0.520913347600959
4,2017,0.6771091980180987
4,2018,0.45999128143661533
4,2019,0.4448871821184207
4,2020,0.43721830033457526
4,2021,0.7703066955665564
4,2022,0.5298356160018529
4,2023,0.5769583362391377
4,2024,0.6350309378508856
4,2025,0.6043739366398015
4,2026,0.5991486504311407
4,2027,0.5366151790796879
4,2028,0.574405524394717
4,2029,0.4749773196398579
4,2030,0.5364286576039196
4,2031,0.538790832583693
4,2032,0.4831427579341469
4,2033,0.44737889994660746
4,2034,0.7566362873557703
4,2035,0.4153395317470229
4,2036,0.5930827709407842
4,2037,0.43893262568485597
4,2038,0.49045779995168937
4,2039,0.4465771524189947
4,2040,0.431365670148157
4,2041,0.672564340357241
4,2042,0.4836706219527713
4,2043,0.46922732866704336
4,2044,0.42975038299344004
4,2045,0.6370198486187244
4,2046,0.47504674709737776
4,2047,0.6998986215158921
4,2048,0.54606048691484
4,2049,0.7044966292040677
4,2050,0.5730799159216929
4,2051,0.5541893063175473
4,2052,0.6089327424301276
4,2053,0.672532819785307
4,2054,0.6800521349802523
4,2055,0.5226133336881098
4,2056,0.6138838612343924
4,2057,0.6068987588705714
4,2058,0.5067520451232159
4,2059,0.532177132199203
4,2060,0.5542015919250823
4,2061,0.593775738508797
4,2062,0.6006984846775855
4,2063,0.6780831262800691
4,2064,0.6509144904190807
4,2065,0.5350433789309955
4,2066,0.41312309629588256
4,2067,0.6115467477264495
4,2068,0.7335506616348272
4,2069,0.5275043075305722
4,2070,0.5013834881342865
4,2071,0.5605102773109466
4,2072,0.6537866895716808
4,2073,0.5809552176481956
4,2074,0.6542449752269961
4,2075,0.5316007856246107
4,2076,0.5669347727480971
4,2077,0.29372433900968187
4,2078,0.8186578826968826
4,2079,0.2900774406517903
4,2080,0.7150150507107661
4,2081,0.8674581673473712
4,2082,0.6569384248336074
4,2083,0.5918130964392472
4,2084,0.6120951834556495
4,2085,0.6405494639109811
4,2086,0.7116696520303963
4,2087,0.43556503088598997
4,2088,0.5380437981189484
4,2089,0.65934213713987
4,2090,0.6369498203197531
4,2091,0.5881153027266997
4,2092,0.5881153027266997
4,2093,0.6725842883494875
4,2094,0.6472707594985455
4,2095,0.8197962165967315
4,2096,0.32718447401824247
4,2097,0.43257046854202297
4,2098,0.33467416496393787
4,2099,0.2750624817438982
4,2100,0.6612954728073283
4,2101,0.7130817113954866
4,2102,0.5405595249098512
4,2103,0.7242965360962238
4,2104,0.4830842297109941
4,2105,0.5438642023453429
4,2106,0.540611074046313
4,2107,0.6998268833986893
4,2108,0.6719924949536189
4,2109,0.6719924949536189
4,2110,0.5719469299601879
4,2111,0.7301866856974316
4,2112,0.5728110243979717
4,2113,0.6862900826888848
4,2114,0.6397579068267732
4,2115,0.7553659853042073
4,2116,0.7394247711153645
4,2117,0.7232321996757145
4,2118,0.8213966160490485
4,2119,0.4943916833202979
4,2120,0.5137240073792865
4,2121,0.7484643532226687
4,2122,0.507656718710246
4,2123,0.2985952554651346
4,2124,0.38772932936904275
4,2125,0.5058678860377397
4,2126,0.7393671491831415
4,2127,0.7377998133685325
4,2128,0.5659015393311696
4,2129,0.6125243996255275
4,2130,0.6327454962392971
4,2131,0.5957546127240699
4,2132,0.5681899296316979
4,2133,0.5877677782668675
4,2134,0.5966244688677875
4,2135,0.3530455367121963
4,2136,0.6344656772840641
4,2137,0.6129396125680955
4,2138,0.6019675093832187
4,2139,0.7247693666271259
4,2140,0.4414695846986583
4,2141,0.6703022613422204
4,2142,0.5726059401599097
4,2143,0.4660830303516631
4,2144,0.543841055493046
4,2145,0.5580240484954068
4,2146,0.7015657170321025
4,2147,0.4115200496625293
4,2148,0.8726762896492183
4,2149,0.2855480344589598
4,2150,0.8488533872877174
4,2151,0.3308268821535195
4,2152,0.263682904357661
4,2153,0.5793936481370923
4,2154,0.5595203473466955
4,2155,0.6839335552964562
4,2156,0.6350906823810071
4,2157,0.3970790246546016
4,2158,0.7850106226682635
4,2159,0.7523330134527252
4,2160,0.6717395893215901
4,2161,0.5455461267259946
4,2162,0.5901616865558186
4,2163,0.4922781646940562
4,2164,0.6939440838060638
4,2165,0.5400533477096391
4,2166,0.6110902674436527
4,2167,0.5591630225338877
4,2168,0.47911209244324643
4,2169,0.5650714860781842
4,2170,0.6450352372992137
4,2171,0.7060837816969368
4,2172,0.49780285901278887
4,2173,0.5745787783157462
4,2174,0.7944798885161772
4,2175,0.820496330741591
4,2176,0.41209730273821105
4,2177,0.7045022741924996
4,2178,0.7451748608794115
4,2179,0.7192157215703018
4,2180,0.7783253538342527
4,2181,0.46154400017893765
4,2182,0.5270261355439545
4,2183,0.6655324312917361
4,2184,0.6698130802119003
4,2185,0.5913854167704662
4,2186,0.49841206626709444
4,2187,0.7036132918931683
4,2188,0.43908493794204545
4,2189,0.46620350023500007
4,2190,0.7870417312242284
4,2191,0.6380467498716492
4,2192,0.5230371456077167
4,2193,0.6806470480957914
4,2194,0.47093150472555034
4,2195,0.524535961782724
4,2196,0.4224057179299131
4,2197,0.6139059916119227
4,2198,0.5339486306921538
4,2199,0.6018237707959875
4,2200,0.6803704177416958
4,2201,0.5114179308743592
4,2202,0.7270427836535132
4,2203,0.47228577833455787
4,2204,0.5907770891523123
4,2205,0.5366447366284357
4,2206,0.313585220056579
4,2207,0.43912787871594794
4,2208,0.6684983108431969
4,2209,0.5529650039810479
4,2210,0.48907115025061243
4,2211,0.753480768176836
4,2212,0.33414767271290124
4,2213,0.8114028334942269
4,2214,0.33850346079717736
4,2215,0.4071316494745608
4,2216,0.636532322953198
4,2217,0.5555898710614965
4,2218,0.5615026460808256
4,2219,0.7110028236542055
4,2220,0.7037066905016522
4,2221,0.3919075799184433
4,2222,0.722168821035644
4,2223,0.6950251420056283
4,2224,0.4900893914354481
4,2225,0.6324809657102458
4,2226,0.7537668914528723
4,2227,0.7366493232615603
4,2228,0.48181512141164334
4,2229,0.43716333711975425
4,2230,0.5522452303922296
4,2231,0.6345457906927118
4,2232,0.4916810986723994
4,2233,0.5441187037308336
4,2234,0.355369458252399
4,2235,0.23296197622546494
4,2236,0.8698455500272387
4,2237,0.8214719488040009
4,2238,0.8360929773923131
4,2239,0.2952757551930875
4,2240,0.755549737911163
4,2241,0.4718468842682387
4,2242,0.36909431770228524
4,2243,0.6056801887528326
4,2244,0.3630048477744107
4,2245,0.6161055150474646
4,2246,0.6135173763416789
4,2247,0.6499873920677778
4,2248,0.6076408434490536
4,2249,0.6380556077201079
4,2250,0.7105249595001054
4,2251,0.6578584057304133
4,2252,0.5261612104207334
4,2253,0.7474312854877964
4,2254,0.35496705653791677
4,2255,0.6246851672508607
4,2256,0.5727878831656165
4,2257,0.633141822563513
4,2258,0.6147790990673863
4,2259,0.8105670200132647
4,2260,0.8394612482071938
4,2261,0.7187998355296795
4,2262,0.7148190288725738
4,2263,0.3997459337155217
4,2264,0.4165747705733899
4,2265,0.3294365047548149
4,2266,0.9163982340740849
4,2267,0.16647393683994013
4,2268,0.22553665249667568
4,2269,0.5029010083409782
4,2270,0.683140537750467
4,2271,0.5980047012076177
4,2272,0.6664133008293798
4,2273,0.6303570425965752
4,2274,0.3601200494214555
4,2275,0.7285617661724046
4,2276,0.7015930865220037
4,2277,0.7236824333564055
4,2278,0.7033625215439604
4,2279,0.5559272086162004
4,2280,0.6749954650390287
4,2281,0.7892690170925439
4,2282,0.4668504643052395
4,2283,0.7097089521709029
4,2284,0.37212058180316365
4,2285,0.7836299504832468
4,2286,0.4425447815269917
4,2287,0.42960807193510064
4,2288,0.67780577272155
4,2289,0.5972088278510077
4,2290,0.6370876230315279
4,2291,0.5728094082817337
4,2292,0.7087976128463577
4,2293,0.7245137016633298
4,2294,0.4588695866600032
4,2295,0.6490633144693166
4,2296,0.6353669753898129
4,2297,0.520374984938412
4,2298,0.4123259704542907
4,2299,0.620257796166585
4,2300,0.6669428176440101
4,2301,0.5711795883659184
4,2302,0.6202582005459595
4,2303,0.5622899089056308
4,2304,0.5880619510961644
4,2305,0.5058128985808302
4,2306,0.603879792304829
4,2307,0.4207819765862158
4,2308,0.3368418683847197
4,2309,0.37701600836530763
4,2310,0.7467854655153712
4,2311,0.28549364054327253
4,2312,0.632865143610658
4,2313,0.29406464986064385
4,2314,0.3406171608108225
4,2315,0.5310095213445215
4,2316,0.5641584458700808
4,2317,0.6118305486614849
4,2318,0.48008719112425335
4,2319,0.7132592480588811
4,2320,0.4616470051793507
4,2321,0.539272719318974
4,2322,0.6652192918878972
4,2323,0.49468274006794444
4,2324,0.45185642837208173
4,2325,0.5562359133959193
4,2326,0.6707726384677946
4,2327,0.6286896064211733
4,2328,0.44079973511701187
4,2329,0.5142707807334022
4,2330,0.5069244260888862
4,2331,0.6319952381378756
4,2332,0.5272772075901869
4,2333,0.8005558464251551
4,2334,0.3751010970929306
4,2335,0.4039796186568904
4,2336,0.3434696594525056
4,2337,0.41514588671878794
4,2338,0.4149574995674195
4,2339,0.6811989307144884
4,2340,0.6911572978637044
4,2341,0.4622143099759221
4,2342,0.3094561901997398
4,2343,0.7736920595338548
4,2344,0.3276865401514816
4,2345,0.39960125137257824
4,2346,0.6991293161467711
4,2347,0.774070886746605
4,2348,0.30372347889694884
4,2349,0.3512139400226785
4,2350,0.39841653692321366
4,2351,0.7410115622119609
4,2352,0.4337209848436203
4,2353,0.7203168896850847
4,2354,0.7395260583411631
4,2355,0.7394934008579921
4,2356,0.633351635235373
4,2357,0.5602084436536817
4,2358,0.6441401531743463
4,2359,0.7493023357689853
4,2360,0.7056502436085273
4,2361,0.32852410262714693
4,2362,0.863043538462397
4,2363,0.5747832313100674
4,2364,0.5557776090007505
4,2365,0.590334659582547
4,2366,0.590334659582547
4,2367,0.7210580227971499
4,2368,0.7517030819191463
4,2369,0.4330117277184684
4,2370,0.34496801061781934
4,2371,0.8230575999681411
4,2372,0.645863783000907
4,2373,0.6558315665311878
4,2374,0.7291049759779444
4,2375,0.56998747700445
4,2376,0.6195483131020434
4,2377,0.757537867648616
4,2378,0.6754181950100401
4,2379,0.5195563315247227
4,2380,0.617721093604173
4,2381,0.594673336571955
4,2382,0.428231910386187
4,2383,0.3797659457776438
4,2384,0.4602709116118023
4,2385,0.45973150707220306
4,2386,0.4659768181236625
4,2387,0.5776644858132036
4,2388,0.602733717101742
4,2389,0.5115793370211521
4,2390,0.4259110553500902
4,2391,0.3512445125396631
4,2392,0.6024066632658808
4,2393,0.6601174035370528
4,2394,0.599139222114022
4,2395,0.642249696491004
4,2396,0.43948097850054174
4,2397,0.5680861156156853
4,2398,0.6489116682878844
4,2399,0.5048731356636572
4,2400,0.5846990065717
4,2401,0.6215137199817273
4,2402,0.6550745534479768
4,2403,0.5838901340965519
4,2404,0.6064729112085244
4,2405,0.7150167650603558
4,2406,0.7515631592020696
4,2407,0.5660787864481065
4,2408,0.588989342800609
4,2409,0.7416830405601411
4,2410,0.49932477744313614
4,2411,0.6733493987546926
4,2412,0.5838793148950292
4,2413,0.5868657496166266
4,2414,0.6172891449192468
4,2415,0.732281588915296
4,2416,0.43150975248273454
4,2417,0.5016221387632186
4,2418,0.6462959200611096
4,2419,0.5570546652448544
4,2420,0.6354041954502286
4,2421,0.5558094392875099
4,2422,0.6555014714914015
4,2423,0.4864391547224084
4,2424,0.4335243713810842
4,2425,0.6026948862193955
4,2426,0.6973640995032615
4,2427,0.6351778262810949
4,2428,0.6635215494476931
4,2429,0.5582186757364755
4,2430,0.6008699528975247
4,2431,0.5760427128948585
4,2432,0.7498228890909759
4,2433,0.7559271011741591
4,2434,0.375986416113375
4,2435,0.4778677212761758
4,2436,0.5148658678646382
4,2437,0.6964751180900335
4,2438,0.6527589328735022
4,2439,0.6711952061383708
4,2440,0.4564832243800409
4,2441,0.646811450950482
4,2442,0.5285534549171509
4,2443,0.5940106964875256
4,2444,0.6089997022659317
4,2445,0.47985289150363414
4,2446,0.7116293580443263
4,2447,0.456578059029915
4,2448,0.7012067032711247
4,2449,0.5095790090199231
4,2450,0.5163778358005034
4,2451,0.5920052126723764
4,2452,0.7748053702933121
4,2453,0.6335719285060328
4,2454,0.6268609242399388
4,2455,0.7214109704640245
4,2456,0.5479821853336277
4,2457,0.5227425873624184
4,2458,0.6546641050994773
4,2459,0.7061828892773965
4,2460,0.7856788310360262
4,2461,0.5045426057698489
4,2462,0.5626807458386075
4,2463,0.5617430716765345
4,2464,0.5711170052258459
4,2465,0.6517571309928655
4,2466,0.5266993502830727
4,2467,0.4156019287776736
4,2468,0.5626669135067695
4,2469,0.674591345071763
4,2470,0.6599952815859643
4,2471,0.5606080384085617
4,2472,0.540717693124482
4,2473,0.5233211420685636
4,2474,0.7924172112210439
4,2475,0.7092912137654267
4,2476,0.4146865503428602
4,2477,0.5387041297422916
4,2478,0.614322916282928
4,2479,0.48433001945179266
4,2480,0.7218852332612093
4,2481,0.3848444213664577
4,2482,0.6073239544676767
4,2483,0.7239814620070317
4,2484,0.7050719071013719
4,2485,0.7149087642949273
4,2486,0.6610534297655415
4,2487,0.5290488881027208
4,2488,0.5441914313330793
4,2489,0.6845065960417717
4,2490,0.5089950538661959
4,2491,0.5447116930404935
4,2492,0.4944637635348291
4,2493,0.7006355823783338
4,2494,0.43524674113497624
4,2495,0.5699338904948825
4,2496,0.41108770453365967
4,2497,0.45560074252131866
4,2498,0.5913292500216714
4,2499,0.5825116582910758
4,2500,0.5909216710456814
4,2501,0.7230671166745868
4,2502,0.6193475346235108
4,2503,0.5736086655140166
4,2504,0.6502479561406255
4,2505,0.5748883762561656
4,2506,0.4480415961540751
4,2507,0.5467822042912079
4,2508,0.6300643380983518
4,2509,0.35421921815059165
4,2510,0.7733474833417744
4,2511,0.7077684851401456
4,2512,0.4332081876948423
4,2513,0.7362436329164446
4,2514,0.78175322228784
4,2515,0.8228115227093417
4,2516,0.8068307751591266
4,2517,0.3815140993323977
4,2518,0.37137518891186866
4,2519,0.6470585948967431
4,2520,0.635482875223217
4,2521,0.6720676878212856
4,2522,0.6369216296319015
4,2523,0.6369216296319015
4,2524,0.6928217570635096
4,2525,0.6053407968988848
4,2526,0.5841825343231063
4,2527,0.7236137488168172
4,2528,0.48356704765858655
4,2529,0.5724214509605521
4,2530,0.5523232027411383
4,2531,0.4902329882250705
4,2532,0.6079713325626379
4,2533,0.5818597481342288
4,2534,0.45553073342141037
4,2535,0.6951108868473764
4,2536,0.8122540639341482
4,2537,0.4570920336875718
4,2538,0.8020478639301142
4,2539,0.7707018116083877
4,2540,0.46254362884919237
4,2541,0.7246031668296263
4,2542,0.7156340222828823
4,2543,0.39647697579879043
4,2544,0.5455851943656166
4,2545,0.692233678101159
4,2546,0.5702658022363624
4,2547,0.4973743375695914
4,2548,0.7628645523400691
4,2549,0.6869728633434804
4,2550,0.7195133989635589
4,2551,0.6550530074707084
4,2552,0.7311151585030942
4,2553,0.712033305048644
4,2554,0.36059217221831924
4,2555,0.7902015688743348
4,2556,0.4089804005850621
4,2557,0.6246457589218328
4,2558,0.6232187376330383
4,2559,0.6098047460336479
4,2560,0.5303505176728257
4,2561,0.6460544957153154
4,2562,0.6294933658969573
4,2563,0.6855440803787601
4,2564,0.7133998646126466
4,2565,0.4875607056081875
4,2566,0.5946358122932007
4,2567,0.6328254598911552
4,2568,0.6360483598619465
4,2569,0.5373362559368241
4,2570,0.5542423840326265
4,2571,0.603308862764951
4,2572,0.5175278335491178
4,2573,0.4558851970136778
4,2574,0.4536265690839971
4,2575,0.3792239213379392
4,2576,0.6947979515863051
4,2577,0.6952586907784696
4,2578,0.6254240740265804
4,2579,0.5916322868038287
4,2580,0.598901532935502
4,2581,0.6249016094030073
4,2582,0.5739723716536633
4,2583,0.5833542580188043
4,2584,0.5417347771263635
4,2585,0.6755985915979104
4,2586,0.5167404100152213
4,2587,0.7173592098345812
4,2588,0.4987079360760076
4,2589,0.6994087409684069
4,2590,0.5301443710587166
4,2591,0.510032399358489
4,2592,0.5659614200789734
4,2593,0.534437665757065
4,2594,0.5792381907089398
4,2595,0.5146274237982816
4,2596,0.5475312172167862
4,2597,0.6625172449935425
4,2598,0.5735680067663865
4,2599,0.7118128875399078
4,2600,0.5069813311783982
4,2601,0.6072673417387684
4,2602,0.5153071864086997
4,2603,0.47359899676130424
4,2604,0.6145089460794195
4,2605,0.510092453133799
4,2606,0.7048874925340471
4,2607,0.570566775868709
4,2608,0.702040680535303
4,2609,0.5829228263435499
4,2610,0.5591243788747179
4,2611,0.6099756938668106
4,2612,0.5947580006578891
4,2613,0.6197693565321558
4,2614,0.7459804689265017
4,2615,0.5975303454256023
4,2616,0.192126834005563
4,2617,0.7937532756981045
4,2618,0.2503703056122874
4,2619,0.3946428268319421
4,2620,0.3946028467519376
4,2621,0.8517949621856
4,2622,0.4690803783732147
4,2623,0.6921158943029213
4,2624,0.547679691231107
4,2625,0.6212494098742651
4,2626,0.7441312538126456
4,2627,0.6415594670457387
4,2628,0.5127516450479587
4,2629,0.6744223555757698
4,2630,0.5125398685067797
4,2631,0.6409238368528611
4,2632,0.6483302958470968
4,2633,0.6585612290629634
4,2634,0.6288335334508761
4,2635,0.6102019029704181
4,2636,0.5470292601127021
4,2637,0.6151315366374882
4,2638,0.5175619149465608
4,2639,0.5136540516836543
4,2640,0.6902985883527126
4,2641,0.5817081719334241
4,2642,0.6962786985339475
4,2643,0.6371565113963639
4,2644,0.4004454544527436
4,2645,0.6010599412348926
4,2646,0.5084561245451934
4,2647,0.6122457943459273
4,2648,0.6558292499465701
4,2649,0.6827779904116139
4,2650,0.6981524023245392
4,2651,0.4491125993552202
4,2652,0.7125239565092482
4,2653,0.6431981660195937
4,2654,0.633182880722929
4,2655,0.5097254810270745
4,2656,0.6688329241168037
4,2657,0.47238760371328953
4,2658,0.641961242511578
4,2659,0.5110324480048387
4,2660,0.5786798052321601
4,2661,0.5188184379308723
4,2662,0.30786069889741585
4,2663,0.5496710581359073
4,2664,0.47984295527270177
4,2665,0.5148589556094322
4,2666,0.6121722171508438
4,2667,0.794028443142031
4,2668,0.6024556515325108
4,2669,0.528430786986287
4,2670,0.6662603993796002
4,2671,0.5705278039614697
4,2672,0.5484947286017918
4,2673,0.8507501911654924
4,2674,0.22042714961430646
4,2675,0.8565115754367466
4,2676,0.3767292621695613
4,2677,0.47176119198617744
4,2678,0.7006969803345963
4,2679,0.7482880282006972
4,2680,0.4303096085781224
4,2681,0.3958536543728896
4,2682,0.7518339852116772
4,2683,0.5557330168415934
4,2684,0.55953768291898
4,2685,0.7958560921123543
4,2686,0.8770618565084387
4,2687,0.847008043326229
4,2688,0.44335370931328216
4,2689,0.5316522443806128
4,2690,0.6401294135764725
4,2691,0.6105906786192561
4,2692,0.6833739725028862
4,2693,0.571406067789523
4,2694,0.5590129736720079
4,2695,0.611761764828948
4,2696,0.6034234808788472
4,2697,0.6351082127153032
4,2698,0.5841475377508047
4,2699,0.5762319106527046
4,2700,0.5174920771509726
4,2701,0.4377597471903712
4,2702,0.47762962158773914
4,2703,0.6713996815998527
4,2704,0.6838765230021259
4,2705,0.36909573889980224
4,2706,0.4321727593323563
4,2707,0.4192574761644213
4,2708,0.6372377167303072
4,2709,0.6457899707343056
4,2710,0.6618402642790951
4,2711,0.42036952739098066
4,2712,0.7738466481730296
4,2713,0.3575322430125157
4,2714,0.7476880706933825
4,2715,0.3179188833926851
4,2716,0.49861469215311266
4,2717,0.5038396420684955
4,2718,0.5280312083650421
4,2719,0.5901690412485401
4,2720,0.5860571393371179
4,2721,0.5562341204213965
4,2722,0.5198906345184663
4,2723,0.624288337958366
4,2724,0.4990324527689626
4,2725,0.764380038012121
4,2726,0.7977706104547296
4,2727,0.7638450190646469
4,2728,0.787238222677755
4,2729,0.6860526023750679
4,2730,0.5391944810716929
4,2731,0.7987797684090563
4,2732,0.6048854924708034
4,2733,0.31318393602560807
4,2734,0.7742811472516666
4,2735,0.3900770391523704
4,2736,0.3402440270907281
4,2737,0.7137242353169679
4,2738,0.4901327609032356
4,2739,0.7672006485296463
4,2740,0.5653862158963198
4,2741,0.6713745560650366
4,2742,0.563985161661123
4,2743,0.6082956888378115
4,2744,0.6252556888241847
4,2745,0.5224806438973216
4,2746,0.5229700747226264
4,2747,0.4911972440849312
4,2748,0.6290752844989447
4,2749,0.5673866889849642
4,2750,0.5729210916932654
4,2751,0.7299911893287209
4,2752,0.39690527340409726
4,2753,0.5320844541649706
4,2754,0.6672232784550947
4,2755,0.7222021893560834
4,2756,0.6408781835883783
4,2757,0.6115189670483901
4,2758,0.7217450555282031
4,2759,0.49111144718076427
4,2760,0.4887540030037
4,2761,0.5073525480056814
4,2762,0.7039416384396571
4,2763,0.46148471431434757
4,2764,0.6170568609417153
4,2765,0.6804238386529222
4,2766,0.594183793778226
4,2767,0.6915087479913927
4,2768,0.6209093121391476
4,2769,0.5883057574147468
4,2770,0.47550267001263286
4,2771,0.723184777398065
4,2772,0.7511409669220732
4,2773,0.6815972440100367
4,2774,0.5067388984739418
4,2775,0.4407686088289022
4,2776,0.7535100757494252
4,2777,0.7678711587322201
4,2778,0.7645502837500945
4,2779,0.7850570685035929
4,2780,0.6971188307968016
4,2781,0.501704542911484
4,2782,0.7693358390496073
4,2783,0.38481357020244117
4,2784,0.7324794573254569
4,2785,0.7980777981062074
4,2786,0.3434707717069487
4,2787,0.2691480173251279
4,2788,0.6374778610063068
4,2789,0.724404434648652
4,2790,0.6086207338223845
4,2791,0.670257601650673
4,2792,0.38293003604752684
4,2793,0.37981912493149533
4,2794,0.38890085554816034
4,2795,0.441895959244328
4,2796,0.4514896537055467
4,2797,0.5764900978774505
4,2798,0.41173087060783997
4,2799,0.6123412201615285
4,2800,0.43839583326108655
4,2801,0.6208768810972904
4,2802,0.6243952483454798
4,2803,0.30633150870767445
4,2804,0.21446593844533834
4,2805,0.5622339498824005
4,2806,0.33462906711018087
4,2807,0.8105949802632103
4,2808,0.5328601866241153
4,2809,0.6474456279616718
4,2810,0.6314322105843375
4,2811,0.6019560924692602
4,2812,0.6637124642947504
4,2813,0.668541834924747
4,2814,0.5538137402590619
4,2815,0.5021753252970793
4,2816,0.7234788275788807
4,2817,0.724641507756126
4,2818,0.46326819038995604
4,2819,0.43677163180575024
4,2820,0.7083739138540781
4,2821,0.5405022614807352
4,2822,0.5063543179132285
4,2823,0.7405130934770914
4,2824,0.46178373806908046
4,2825,0.7003517721383865
4,2826,0.5295492466541545
4,2827,0.6435255757462408
4,2828,0.5795922122370369
4,2829,0.5819691164303714
4,2830,0.5819691164303714
4,2831,0.7203291135354104
4,2832,0.7935688929754294
4,2833,0.6880058653025793
4,2834,0.5986881404577091
4,2835,0.6456479214328001
4,2836,0.6697443343368776
4,2837,0.6240689926787343
4,2838,0.6145318310013055
4,2839,0.5557318739563095
4,2840,0.5826503307300565
4,2841,0.542794070509769
4,2842,0.5557194143829758
4,2843,0.7029129774717822
4,2844,0.6896194130718516
4,2845,0.46745403427585364
4,2846,0.6681563298408444
4,2847,0.5371139120007727
4,2848,0.5965878624939728
4,2849,0.6098253742011062
4,2850,0.6383707446264427
4,2851,0.6337476655678727
4,2852,0.5461402496603369
4,2853,0.7004033244742062
4,2854,0.6618049678273775
4,2855,0.5769323009526414
4,2856,0.4601985721448614
4,2857,0.8079872974594824
4,2858,0.48651336563033476
4,2859,0.6346255965900091
4,2860,0.5910272132688827
4,2861,0.6987476747257917
4,2862,0.2841658831261683
4,2863,0.5621298928345568
4,2864,0.5922115122297501
4,2865,0.5918482868376964
4,2866,0.5555014756853098
4,2867,0.607887854230159
4,2868,0.6330665526271685
4,2869,0.594187758448862
4,2870,0.5813126446805634
4,2871,0.7417891743417234
4,2872,0.7066593384034832
4,2873,0.5174768712538316
4,2874,0.6297820188423159
4,2875,0.6136895969857333
4,2876,0.6057357711291824
4,2877,0.6203020381317081
4,2878,0.7166484676124926
4,2879,0.5984384188305005
4,2880,0.45795570434248223
4,2881,0.6764938564802437
4,2882,0.6756428596094196
4,2883,0.45678561477815527
4,2884,0.6372368459633276
4,2885,0.6563666989202029
4,2886,0.6355511383819765
4,2887,0.5202698949024284
4,2888,0.7209337207872376
4,2889,0.5292072731675108
4,2890,0.596205065855404
4,2891,0.6544010302135439
4,2892,0.4810423984832676
4,2893,0.5748289347673229
4,2894,0.6536911632072587
4,2895,0.5905315260395548
4,2896,0.5789606997051194
4,2897,0.46601986416171526
4,2898,0.6950812610324997
4,2899,0.4364054485635535
4,2900,0.7072557925800841
4,2901,0.5646387468928811
4,2902,0.6411492668429898
4,2903,0.44765493625894065
4,2904,0.4683581441642076
4,2905,0.48446571374492076
4,2906,0.48446571374492076
4,2907,0.5917434701905533
4,2908,0.763995513727228
4,2909,0.7711641137172763
4,2910,0.47049293856372254
4,2911,0.6587280609344364
4,2912,0.6011907606337769
4,2913,0.6052387321679025
4,2914,0.621784776612519
4,2915,0.5648767067670436
4,2916,0.6123150894349846
4,2917,0.6927753052617855
4,2918,0.5151127621036653
4,2919,0.5690761655553985
4,2920,0.642251112672448
4,2921,0.4831115265951683
4,2922,0.6526242615945452
4,2923,0.4488445536097531
4,2924,0.4186009431055723
4,2925,0.6753138656188008
4,2926,0.37246464925873557
4,2927,0.5007044197359848
4,2928,0.5812296425129723
4,2929,0.6291139750603312
4,2930,0.6443531386875857
4,2931,0.6008231070535057
4,2932,0.4841295498746633
4,2933,0.29013450598534335
4,2934,0.791337504092382
4,2935,0.41772056537127583
4,2936,0.4526049248635094
4,2937,0.7381753141139069
4,2938,0.718558066884652
4,2939,0.5023047655306184
4,2940,0.7136669340223788
4,2941,0.5656246917945448
4,2942,0.49500815837991613
4,2943,0.6777190056073743
4,2944,0.7026496822566888
4,2945,0.48781859383746656
4,2946,0.6470719896997438
4,2947,0.6590104826878828
4,2948,0.4925222100287754
4,2949,0.4985117401724891
4,2950,0.692487172993282
4,2951,0.7572882878359485
4,2952,0.7551681017040731
4,2953,0.5590347884350565
4,2954,0.5142392837408928
4,2955,0.7010850767084925
4,2956,0.6295934914847273
4,2957,0.6256617039706399
4,2958,0.5906623638160577
4,2959,0.48638547288889383
4,2960,0.6215413690220704
4,2961,0.6022696598511249
4,2962,0.6960931183220873
4,2963,0.664734960303271
4,2964,0.7843713058871734
4,2965,0.857975746593628
4,2966,0.8553839285730005
4,2967,0.417472629987978
4,2968,0.5196258482255829
4,2969,0.47057926721624876
4,2970,0.4550094400135326
4,2971,0.5633820423929502
4,2972,0.7228059572146607
4,2973,0.6884992347724191
4,2974,0.5381800332740111
4,2975,0.47884021785250036
4,2976,0.490824602277149
4,2977,0.6691540446153457
4,2978,0.596447602458006
4,2979,0.6882089529393592
4,2980,0.6488658849690437
4,2981,0.5917296918714158
4,2982,0.6052767294708685
4,2983,0.7159129750642259
4,2984,0.6741620648850168
4,2985,0.5928622874248118
4,2986,0.5147205699272147
4,2987,0.5516727309637068
4,2988,0.6304310341376457
4,2989,0.5641175393112927
4,2990,0.4781633861125021
4,2991,0.7472594298481746
4,2992,0.35039700148117564
4,2993,0.7514596623966504
4,2994,0.7309355369758963
4,2995,0.4034936409037081
4,2996,0.7398945779302706
4,2997,0.7176867394885217
4,2998,0.6247511071383407
4,2999,0.7567061419856841
4,3000,0.7930606949047888
4,3001,0.8891361885556553
4,3002,0.6395643560928355
4,3003,0.6420094403787651
4,3004,0.5558591277540508
4,3005,0.6591074624987485
4,3006,0.5370129169644412
4,3007,0.5828960110832421
4,3008,0.5840529536469748
4,3009,0.5626789331530777
4,3010,0.847684136246266
4,3011,0.33104933749008714
4,3012,0.38058088519618405
4,3013,0.5009904049490572
4,3014,0.39999574148108813
4,3015,0.7627552032649052
4,3016,0.5442191232531194
4,3017,0.48781120031973063
4,3018,0.5399935203427211
4,3019,0.46026513458721974
4,3020,0.5398634046275279
4,3021,0.50638833931681
4,3022,0.748021067721415
4,3023,0.6499321916770693
4,3024,0.362830672088342
4,3025,0.6559431887892577
4,3026,0.5424961407264687
4,3027,0.5247678101045739
4,3028,0.26424523219338264
4,3029,0.5001718066210211
4,3030,0.5938925969707504
4,3031,0.9253674023996108
4,3032,0.8710787469727201
4,3033,0.6745556083336518
4,3034,0.7231983905634884
4,3035,0.4237394298579843
4,3036,0.49685739088840863
4,3037,0.4759827802690092
4,3038,0.6018952756799445
4,3039,0.7174509289919816
4,3040,0.6954524377245652
4,3041,0.6464348519116984
4,3042,0.49065777219036794
4,3043,0.6703374019847494
4,3044,0.5171100097210022
4,3045,0.4835611230486969
4,3046,0.5125821687318979
4,3047,0.731537534162287
4,3048,0.3897086440690323
4,3049,0.6735117539232627
4,3050,0.6960090687458762
4,3051,0.6227457371331367
4,3052,0.5857078354954064
4,3053,0.549680211033223
4,3054,0.5612479558661532
4,3055,0.4904840587318437
4,3056,0.4533876812570363
4,3057,0.43050754525315177
4,3058,0.5365303959695582
4,3059,0.6657125903490194
4,3060,0.6981252844450426
4,3061,0.46811235818430164
4,3062,0.49706305222235925
4,3063,0.5251019148621824
4,3064,0.5915109024297632
4,3065,0.6494407831876787
4,3066,0.6168029034577414
4,3067,0.5909883753057462
4,3068,0.7572465975936898
4,3069,0.5373861887706859
4,3070,0.5733368943021504
4,3071,0.6896798962507392
4,3072,0.6226770864219161
4,3073,0.4619150639692129
4,3074,0.4753631209039627
4,3075,0.3763068079821154
4,3076,0.7685824380480104
4,3077,0.4932363184345271
4,3078,0.6573942549365528
4,3079,0.7098116831924628
4,3080,0.3394229669484223
4,3081,0.8150350357177827
4,3082,0.3306771770653467
4,3083,0.817163584738486
4,3084,0.26112962619597524
4,3085,0.7213075286664026
4,3086,0.5930328404138181
4,3087,0.695850465410658
4,3088,0.5877576402308482
4,3089,0.7293817845804919
4,3090,0.4663154750864863
4,3091,0.5833118477063001
4,3092,0.5676362775098289
4,3093,0.6820360625328658
4,3094,0.46496497395510805
4,3095,0.5419534477538287
4,3096,0.6600860352886484
4,3097,0.49548179268270365
4,3098,0.5773237484803078
4,3099,0.48300074486492767
4,3100,0.6834978203272872
4,3101,0.5643839157908859
4,3102,0.6046004934582224
4,3103,0.5140129932745521
4,3104,0.6638577708245383
4,3105,0.5350236326187922
4,3106,0.3892865997470834
4,3107,0.5874456360590032
4,3108,0.4318542196487037
4,3109,0.6547370885638392
4,3110,0.6029494985291209
4,3111,0.5514350556361762
4,3112,0.5329114698043315
4,3113,0.5683466596061625
4,3114,0.7158131946732547
4,3115,0.6979813031745971
4,3116,0.4957788107853584
4,3117,0.7857352012552103
4,3118,0.787898611695198
4,3119,0.49719657142387946
4,3120,0.6941715772422324
4,3121,0.5039815110283944
4,3122,0.5849559848755753
4,3123,0.5306078590652697
4,3124,0.6305005744981688
4,3125,0.5042336554437985
4,3126,0.7332034522038426
4,3127,0.5373176816978625
4,3128,0.5373176816978625
4,3129,0.708826716003026
4,3130,0.7262528004170392
4,3131,0.5157217347158658
4,3132,0.6645522213869857
4,3133,0.6359214868568803
4,3134,0.7133093905181511
4,3135,0.5801525701971122
4,3136,0.5654884568232688
4,3137,0.6378875660874846
4,3138,0.590897762937832
4,3139,0.4438196584887361
4,3140,0.736957153902457
4,3141,0.7204671742798133
4,3142,0.6257410857771016
4,3143,0.5402698564794292
4,3144,0.7171137105999137
4,3145,0.4615873715742268
4,3146,0.4250689542745641
4,3147,0.5671671571735907
4,3148,0.6335371817784645
4,3149,0.6801314214347733
4,3150,0.6279375732123819
4,3151,0.49606836551006767
4,3152,0.7013297261016996
4,3153,0.4666027236468798
4,3154,0.5767078427256929
4,3155,0.5830021560749331
4,3156,0.6017785135704063
4,3157,0.5813517607274205
4,3158,0.5991557633702335
4,3159,0.6258427987704185
4,3160,0.573934311948818
4,3161,0.6777914349186751
4,3162,0.6678019620089252
4,3163,0.5384739551414187
4,3164,0.638874748636587
4,3165,0.6234839669206754
4,3166,0.5880647338662073
4,3167,0.5132190718054862
4,3168,0.6424648278541336
4,3169,0.6199421973818422
4,3170,0.7231212944906902
4,3171,0.460704640087599
4,3172,0.7385048824250345
4,3173,0.4029553565264107
4,3174,0.7679941031796038
4,3175,0.7245823636658808
4,3176,0.44201555935954406
4,3177,0.5603383210827152
4,3178,0.7001225386593164
4,3179,0.48200635309897283
4,3180,0.48561654356886974
4,3181,0.5102100551707397
4,3182,0.528816546474835
4,3183,0.5376192541716909
4,3184,0.5262406963170514
4,3185,0.6044798276390903
4,3186,0.5782663780375669
4,3187,0.5881930183504065
4,3188,0.6577302775097181
4,3189,0.7251689228041
4,3190,0.746757622315394
4,3191,0.6948959638197862
4,3192,0.5337322001873385
4,3193,0.5463489979475759
4,3194,0.5913351419977931
4,3195,0.49974752268673067
4,3196,0.5800685458397012
4,3197,0.6129861488129853
4,3198,0.49449154569039455
4,3199,0.7818913411622563
4,3200,0.3407026899740995
4,3201,0.8108753861029943
4,3202,0.5081294490087306
4,3203,0.6578466840528202
4,3204,0.5155854472269689
4,3205,0.3469106765143846
4,3206,0.5588239555354685
4,3207,0.5649718224163551
4,3208,0.42616795947936875
4,3209,0.6051700966488618
4,3210,0.6296304913079539
4,3211,0.4560564165779098
4,3212,0.6895269875518225
4,3213,0.5186545561476527
4,3214,0.49620686577315143
4,3215,0.8590964193188783
4,3216,0.7113637153647089
4,3217,0.49545896639309916
4,3218,0.6714646120728448
4,3219,0.6798284292683859
4,3220,0.5356211465470752
4,3221,0.6249416751367479
4,3222,0.5571462818850113
4,3223,0.6474284872838911
4,3224,0.5313646783685105
4,3225,0.5637408233957977
4,3226,0.6251970809241589
4,3227,0.5668480870191175
4,3228,0.565054903652326
4,3229,0.5701299538839881
4,3230,0.5625087653438255
4,3231,0.5057676521508883
4,3232,0.5997185873108113
4,3233,0.7986004968243674
4,3234,0.7503330694606954
4,3235,0.2675285107675061
4,3236,0.2675285107675061
4,3237,0.4613397679559167
4,3238,0.46658852283058533
4,3239,0.5085694989473101
4,3240,0.694301999349224
4,3241,0.555935479908676
4,3242,0.7110623495980669
4,3243,0.7904414658847717
4,3244,0.6299954008347141
4,3245,0.4494350834925125
4,3246,0.6766518968966808
4,3247,0.5131639164488271
4,3248,0.5170351943134209
4,3249,0.6591208448733276
4,3250,0.4586676412840147
4,3251,0.5133808738112726
4,3252,0.41378313250649396
4,3253,0.3229601033384658
4,3254,0.5353847473449064
4,3255,0.7477378763569354
4,3256,0.8158414752599926
4,3257,0.9070535733664387
4,3258,0.8471425297528291
4,3259,0.45464672654937405
4,3260,0.44905686235099973
4,3261,0.6105128036186465
4,3262,0.6554341442463468
4,3263,0.632573608608328
4,3264,0.5210224581885426
4,3265,0.6962909690348492
4,3266,0.2950873630746907
4,3267,0.6099655356938176
4,3268,0.7307361513036343
4,3269,0.5522250220528805
4,3270,0.49297005848848696
4,3271,0.4349703186911118
4,3272,0.7231617514378077
4,3273,0.7362411586206511
4,3274,0.7162480394630263
4,3275,0.6632335652311497
4,3276,0.7265617743090697
4,3277,0.5081805583168003
4,3278,0.6888690037506086
4,3279,0.5644572484771088
4,3280,0.7068807192154358
4,3281,0.5739434265847162
4,3282,0.41556771882713167
4,3283,0.6007756897540453
4,3284,0.4680667963239456
4,3285,0.665029144839603
4,3286,0.6524210461864811
4,3287,0.6450869108512192
4,3288,0.4123492287222466
4,3289,0.3728677725567444
4,3290,0.7527083552376812
4,3291,0.6337811874020477
4,3292,0.5636993808410179
4,3293,0.536718322985849
4,3294,0.5217977326080999
4,3295,0.6139972995860505
4,3296,0.5419405945695264
4,3297,0.4825353028164621
4,3298,0.6995051992617538
4,3299,0.8305094383271853
4,3300,0.8131593111002011
4,3301,0.5888132907037095
4,3302,0.6763043251979943
4,3303,0.5613025116609783
4,3304,0.6062823000797323
4,3305,0.7341044966678695
4,3306,0.6822155741262762
4,3307,0.546905389420884
4,3308,0.5420552259087089
4,3309,0.670398432908943
4,3310,0.5529874847257786
4,3311,0.6094012116523744
4,3312,0.7767410990752783
4,3313,0.8172728157844636
4,3314,0.5303198248136021
4,3315,0.5139334408678712
4,3316,0.66974163611056
4,3317,0.6645454530806371
4,3318,0.663635365908303
4,3319,0.5339294601477865
4,3320,0.6407622924362913
4,3321,0.5527545470096106
4,3322,0.6143012499530095
4,3323,0.6194161597168873
4,3324,0.6047386439918496
4,3325,0.47170425770681096
4,3326,0.6427595171046562
4,3327,0.592300836525432
4,3328,0.6177584940950793
4,3329,0.5690473840437935
4,3330,0.676927183587402
4,3331,0.5361116867207746
4,3332,0.7422118665135851
4,3333,0.5754484612935937
4,3334,0.5672975332028402
4,3335,0.6154875240332411
4,3336,0.5573241646486017
4,3337,0.5093970227624944
4,3338,0.4600034826505245
4,3339,0.7810636722275558
4,3340,0.8113078253303576
4,3341,0.774052727123558
4,3342,0.3253653112016255
4,3343,0.8609452003179969
4,3344,0.4890028914238495
4,3345,0.6631923099036259
4,3346,0.6432532536817517
4,3347,0.5094678828407208
4,3348,0.7379948153627264
4,3349,0.4752361435455346
4,3350,0.5662958447554456
4,3351,0.647345546794701
4,3352,0.6930565469850327
4,3353,0.5069158847798313
4,3354,0.8065582495635979
4,3355,0.45151024489613545
4,3356,0.48172296858729585
4,3357,0.5205298586394063
4,3358,0.6549840511041685
4,3359,0.5652391819335558
4,3360,0.573308733713624
4,3361,0.6082062984009007
4,3362,0.4470366220599441
4,3363,0.6197916876884899
4,3364,0.5724368702209873
4,3365,0.6532257012596331
4,3366,0.6266979104527604
4,3367,0.6868145364369657
4,3368,0.6284610766767714
4,3369,0.623677335503317
4,3370,0.5855036894172516
4,3371,0.7166493436316511
4,3372,0.691147284473818
4,3373,0.5105677985041481
4,3374,0.4625918272627986
4,3375,0.40764499983486085
4,3376,0.7360761079410982
4,3377,0.6580312228242644
4,3378,0.4274726483828225
4,3379,0.5209355395093755
4,3380,0.5823523274569251
4,3381,0.37872095457867
4,3382,0.2920507507937231
4,3383,0.699863434702324
4,3384,0.6730651536267828
4,3385,0.760999875639084
4,3386,0.4760563022401575
4,3387,0.7471592687575028
4,3388,0.5685595145436256
4,3389,0.6331944841835538
4,3390,0.614451182538232
4,3391,0.6075088548499921
4,3392,0.6711595187725131
4,3393,0.5163023718785096
4,3394,0.5703626163268631
4,3395,0.6036661496704995
4,3396,0.5669776055959467
4,3397,0.5648359572717301
4,3398,0.5018709143682618
4,3399,0.7576971629618511
4,3400,0.7006115914358367
4,3401,0.48922808842168886
4,3402,0.7183284654888409
4,3403,0.5656958414779023
4,3404,0.5572139649368644
4,3405,0.6087257499599058
4,3406,0.5599884804308058
4,3407,0.41086925414673614
4,3408,0.7357366851639149
4,3409,0.491717782185546
4,3410,0.6535608118293549
4,3411,0.7501937998676566
4,3412,0.6419849432640605
4,3413,0.5367305570234734
4,3414,0.6329152660602727
4,3415,0.698610105272026
4,3416,0.31457221845207145
4,3417,0.631014801537796
4,3418,0.5557996707224221
4,3419,0.6336769860747014
4,3420,0.5520842639882031
4,3421,0.7514541665477229
4,3422,0.4715171454226525
4,3423,0.7097183952367117
4,3424,0.5871555717628301
4,3425,0.42604801316521607
4,3426,0.4439870094496006
4,3427,0.49338833392843373
4,3428,0.49507048867015446
4,3429,0.602891307514271
4,3430,0.4103793940388787
4,3431,0.6447250226217002
4,3432,0.4552553664208778
4,3433,0.440089452660881
4,3434,0.7447124708029922
4,3435,0.4536991113444894
4,3436,0.5848137427421779
4,3437,0.41383315519514563
4,3438,0.634139809642722
4,3439,0.5343538474896515
4,3440,0.7496737905619599
4,3441,0.7357467928858428
4,3442,0.4383900448859679
4,3443,0.3609675467396468
4,3444,0.3856889359247429
4,3445,0.6740993065895913
4,3446,0.8422197195923399
4,3447,0.22780957159527307
4,3448,0.6755011032361474
4,3449,0.6222188620235874
4,3450,0.45301407822579204
4,3451,0.6948482420957652
4,3452,0.7708407640171935
4,3453,0.7613347299788399
4,3454,0.7095216332957537
4,3455,0.49866936906825615
4,3456,0.6430035741215396
4,3457,0.6430035741215396
4,3458,0.7556575360543303
4,3459,0.43564393887678254
4,3460,0.5452212128047099
4,3461,0.6436337707881913
4,3462,0.7271231520517853
4,3463,0.508307663689381
4,3464,0.6911979568867295
4,3465,0.6225229719463468
4,3466,0.48381805568786623
4,3467,0.6503007872478077
4,3468,0.649857952378094
4,3469,0.27632140200833455
4,3470,0.7951329276856367
4,3471,0.36993459748980817
4,3472,0.5889753587353328
4,3473,0.6340821823393837
4,3474,0.6205910357641943
4,3475,0.6870317180949318
4,3476,0.5555823250252573
4,3477,0.7002865947837728
4,3478,0.615358675168057
4,3479,0.56726655390258
4,3480,0.6782453570980981
4,3481,0.6329844307532954
4,3482,0.5290033215144263
4,3483,0.5899416152370723
4,3484,0.6812677698517178
4,3485,0.6936169603292619
4,3486,0.6904992114537497
4,3487,0.6715753977087682
4,3488,0.48869161092488306
4,3489,0.6965400008050598
4,3490,0.5089738771416958
4,3491,0.5303864524545889
4,3492,0.5113442926971927
4,3493,0.5587589703949409
4,3494,0.6249298561105116
4,3495,0.6047509652945853
4,3496,0.40090943820908215
4,3497,0.33645500641983006
4,3498,0.33171166522297296
4,3499,0.36780900239143605
4,3500,0.3442068292824227
4,3501,0.45467072210937315
4,3502,0.39551935432679763
4,3503,0.3514956139189189
4,3504,0.4092650457087222
4,3505,0.6557259773660409
4,3506,0.6928647063954115
4,3507,0.7107133516398921
4,3508,0.6081942977587695
4,3509,0.7047731101853791
4,3510,0.6445507799284153
4,3511,0.7146296109555669
4,3512,0.463720942932862
4,3513,0.8017008221703221
4,3514,0.7809897469742161
4,3515,0.5552170562552988
4,3516,0.4223941396132917
4,3517,0.5078886484669172
4,3518,0.49949825641404766
4,3519,0.6978905608020808
4,3520,0.556946410943601
4,3521,0.35861583068830144
4,3522,0.6259764650503565
4,3523,0.6312651366923469
4,3524,0.48732448799508565
4,3525,0.6744542367875066
4,3526,0.6431793993065806
4,3527,0.6581653900180364
4,3528,0.5372300267118031
4,3529,0.7902835776419255
4,3530,0.7705797165704538
4,3531,0.49109515956347644
4,3532,0.30703547557246436
4,3533,0.2443440156807187
4,3534,0.5972974299330864
4,3535,0.6461723849275398
4,3536,0.3388830067780819
4,3537,0.28977762778492994
4,3538,0.24014359776612468
4,3539,0.8724439022604772
4,3540,0.47170894359935095
4,3541,0.4198360591353647
4,3542,0.7079722476466914
4,3543,0.44238725858861505
4,3544,0.4506833134641817
4,3545,0.7433273875456393
4,3546,0.4659023359777203
4,3547,0.7809574585750108
4,3548,0.6362723489705279
4,3549,0.4501704923688931
4,3550,0.4284841864328458
4,3551,0.6736063273802833
4,3552,0.6924066678923164
4,3553,0.5421521164174506
4,3554,0.5241755247860944
4,3555,0.6764730947374844
4,3556,0.36353207475755617
4,3557,0.47968795170139134
4,3558,0.5240812645880918
4,3559,0.5840097553169595
4,3560,0.6486386501697472
4,3561,0.706901736444774
4,3562,0.5155779215911521
4,3563,0.5485836484541571
4,3564,0.5189436951971016
4,3565,0.5856220300725495
4,3566,0.7739822912128387
4,3567,0.6937697107282769
4,3568,0.7233234133064075
4,3569,0.6820022117877124
4,3570,0.7136469904209637
4,3571,0.4579109545819271
4,3572,0.49889612401664024
4,3573,0.5152928453435578
4,3574,0.7920822042083178
4,3575,0.34576154758706334
4,3576,0.49825757904535106
4,3577,0.5826464554973325
4,3578,0.5749932434085637
4,3579,0.5813939134177116
4,3580,0.641851265183704
4,3581,0.4109440453271914
4,3582,0.5803299590477488
4,3583,0.5925866504813582
4,3584,0.6510052357889834
4,3585,0.5213769886495809
4,3586,0.4362860394568259
4,3587,0.6809481931436601
4,3588,0.6731696834339047
4,3589,0.6066658679400528
4,3590,0.610111278075275
4,3591,0.6500860060128821
4,3592,0.6044026621379797
4,3593,0.3841789866489216
4,3594,0.6787711634068576
4,3595,0.651733669453431
4,3596,0.5582771992073725
4,3597,0.6432347962042502
4,3598,0.5741023660095238
4,3599,0.44298999853946386
4,3600,0.742149034113976
4,3601,0.49000701361956656
4,3602,0.8137415447878638
4,3603,0.6965201339742274
4,3604,0.5396962944201917
4,3605,0.613208550178157
4,3606,0.6932094859542284
4,3607,0.6932094859542284
4,3608,0.5923273138963622
4,3609,0.569076804543044
4,3610,0.569572118307666
4,3611,0.5875793683547146
4,3612,0.6176169103893049
4,3613,0.6646039366967548
4,3614,0.5916740297109322
4,3615,0.5373962589594214
4,3616,0.6262978126218648
4,3617,0.6298553651294443
4,3618,0.5845940441453161
4,3619,0.5374294936643708
4,3620,0.6539553806945113
4,3621,0.5141620739876536
4,3622,0.5871206504686649
4,3623,0.5947460010398208
4,3624,0.5734781378195796
4,3625,0.6051796141285618
4,3626,0.7060903763847443
4,3627,0.6434054155437774
4,3628,0.5572800913937438
4,3629,0.6038937258166125
4,3630,0.6392199882935168
4,3631,0.663343428565979
4,3632,0.6668644619670456
4,3633,0.6078439141459554
4,3634,0.6110268376549738
4,3635,0.7541750810786508
4,3636,0.40565000095021325
4,3637,0.6772195832594099
4,3638,0.4221063742327435
4,3639,0.6383960626086017
4,3640,0.5372599477211019
4,3641,0.43257834302220144
4,3642,0.4175453567806975
4,3643,0.5237289736491056
4,3644,0.5886168371740206
4,3645,0.6156097345026363
4,3646,0.7232228377056094
4,3647,0.4316988907747262
4,3648,0.5255416621324873
4,3649,0.5616876882275678
4,3650,0.6029316164313389
4,3651,0.5952173695121132
4,3652,0.511825164261162
4,3653,0.612595255985287
4,3654,0.6183068330577492
4,3655,0.6178300853978427
4,3656,0.5535003089166478
4,3657,0.5232181126713119
4,3658,0.6515753696587288
4,3659,0.5699748655269924
4,3660,0.5809033172286072
4,3661,0.6436851473734272
4,3662,0.5084791069090342
4,3663,0.4857998850287626
4,3664,0.6839772935028426
4,3665,0.4551883439732103
4,3666,0.6733921566986262
4,3667,0.48664905762643307
4,3668,0.6700728275739478
4,3669,0.5241960477053139
4,3670,0.5452361679693097
4,3671,0.2640361963315306
4,3672,0.4299316977204333
4,3673,0.7281278340438662
4,3674,0.5314651195643151
4,3675,0.7743463576589159
4,3676,0.3962728805062308
4,3677,0.571984821538936
4,3678,0.5384135790381869
4,3679,0.5612853774959378
4,3680,0.7235269296523856
4,3681,0.4548477981895656
4,3682,0.6931450806260505
4,3683,0.5908994598371411
4,3684,0.6282201318921486
4,3685,0.602007397741293
4,3686,0.612425965168416
4,3687,0.7312158947058858
4,3688,0.37942463513608166
4,3689,0.7539793193757546
4,3690,0.39284180243249056
4,3691,0.5429066029424567
4,3692,0.46390586369204995
4,3693,0.4439873927076923
4,3694,0.7594079199726161
4,3695,0.6662981978661434
4,3696,0.5736827234575925
4,3697,0.6365139384256087
4,3698,0.5145232861443437
4,3699,0.7069592150688049
4,3700,0.6657502282098532
4,3701,0.5875801686557378
4,3702,0.46847488457219705
4,3703,0.4529467540075455
4,3704,0.7243350193222331
4,3705,0.6392004601645522
4,3706,0.6633947379564533
4,3707,0.6207490779379993
4,3708,0.5792066926100894
4,3709,0.5149435696588486
4,3710,0.5509201274413904
4,3711,0.6887675519941499
4,3712,0.6215361405324105
4,3713,0.6499249772477739
4,3714,0.7609432913258612
4,3715,0.7672962942573436
4,3716,0.4051697261183259
4,3717,0.41274372423766875
4,3718,0.6256836706635881
4,3719,0.5118595368977081
4,3720,0.5381503871038231
4,3721,0.4990874370012513
4,3722,0.5592404517040455
4,3723,0.410194506901896
4,3724,0.765433754858835
4,3725,0.7827095565071278
4,3726,0.7699461120678236
4,3727,0.5240739249327507
4,3728,0.6510630065619583
4,3729,0.5141511321589802
4,3730,0.7373309299653567
4,3731,0.5257374664099335
4,3732,0.5265917937017293
4,3733,0.6596886965305363
4,3734,0.6271346402005924
4,3735,0.5011886556378554
4,3736,0.5442954719761541
4,3737,0.69411083760938
4,3738,0.5598858972792939
4,3739,0.6826258293413077
4,3740,0.6572428732627102
4,3741,0.5368875751349137
4,3742,0.7964903716222469
4,3743,0.6536191523469723
4,3744,0.5242215508168826
4,3745,0.651592835446861
4,3746,0.6954573704653723
4,3747,0.38914913792096745
4,3748,0.7419605377480137
4,3749,0.6495222314419046
4,3750,0.6470688239451802
4,3751,0.7826033302426579
4,3752,0.473143516783239
4,3753,0.452128821221492
4,3754,0.681831487430242
4,3755,0.5440798842808156
4,3756,0.5097853249370183
4,3757,0.4916680349438396
4,3758,0.7187188020441635
4,3759,0.4511605283766817
4,3760,0.47461811295159784
4,3761,0.6512476812618606
4,3762,0.5695319830344114
4,3763,0.67929997315721
4,3764,0.442686869889991
4,3765,0.530181535640216
4,3766,0.753789292124854
4,3767,0.6976886628828749
4,3768,0.6657340804198383
4,3769,0.46646361033285116
4,3770,0.6643904290846929
4,3771,0.45480603693714267
4,3772,0.8464884272917765
4,3773,0.32650433934222234
4,3774,0.8526735021445069
4,3775,0.7151962072703035
4,3776,0.5324627523050035
4,3777,0.46646275695663986
4,3778,0.6428375613245555
4,3779,0.6691255426843818
4,3780,0.6918226059180239
4,3781,0.5138473935739948
4,3782,0.7523726918062418
4,3783,0.91423262901444
4,3784,0.8788924488212021
4,3785,0.5618928975023911
4,3786,0.616058345222544
4,3787,0.514706992585213
4,3788,0.7215021823471891
4,3789,0.8585331106470638
4,3790,0.4576423396902863
4,3791,0.4576423396902863
4,3792,0.7327601905483616
4,3793,0.5835207166685875
4,3794,0.6022829591370297
4,3795,0.30308494890648247
4,3796,0.7014026324714501
4,3797,0.7363584965326732
4,3798,0.5080808865358886
4,3799,0.7845996364568665
4,3800,0.6184007754129913
4,3801,0.5188719135145161
4,3802,0.655589813970928
4,3803,0.6508628374756255
4,3804,0.6455971987333372
4,3805,0.6735412325414333
4,3806,0.4416237295269917
4,3807,0.4948927176882463
4,3808,0.7463339015810079
4,3809,0.7011487839472934
4,3810,0.5897277918458531
4,3811,0.4407405105259863
4,3812,0.3876939001430183
4,3813,0.5972578550412342
4,3814,0.5642668653392525
4,3815,0.5760061034568554
4,3816,0.43006074529138216
4,3817,0.43006074529138216
4,3818,0.4783300575120042
4,3819,0.6211785811862671
4,3820,0.5481928959940474
4,3821,0.5310170791210407
4,3822,0.7034212747219204
4,3823,0.7031946135888415
4,3824,0.8724419468709709
4,3825,0.6696319328750365
4,3826,0.656862365286736
4,3827,0.42064452240618855
4,3828,0.3951658978568347
4,3829,0.3535193043088233
4,3830,0.4373325742586296
4,3831,0.7325276707194085
4,3832,0.8766223893825996
4,3833,0.6682182261442102
4,3834,0.6804634850227832
4,3835,0.6566422885483253
4,3836,0.7672423248962739
4,3837,0.7469011540120023
4,3838,0.6449674470316668
4,3839,0.5536664605561818
4,3840,0.7121953671904342
4,3841,0.811621576795273
4,3842,0.5360621227807643
4,3843,0.5349625615117551
4,3844,0.47633993759766524
4,3845,0.6943695688722661
4,3846,0.4751563054611916
4,3847,0.6970896039561632
4,3848,0.4968745881879794
4,3849,0.5821476693828478
4,3850,0.6896534255773671
4,3851,0.5188648347469718
4,3852,0.7580015443962129
4,3853,0.4140246390513611
4,3854,0.4610448058002042
4,3855,0.5013432332927712
4,3856,0.5633375114662716
4,3857,0.6453657701720483
4,3858,0.6680451589863521
4,3859,0.6455585262807279
4,3860,0.512038001536857
4,3861,0.604564906207391
4,3862,0.6792854797049505
4,3863,0.5447687971134312
4,3864,0.49077729253697977
4,3865,0.5499883988018499
4,3866,0.677428360417079
4,3867,0.5698919870604562
4,3868,0.6301375946289975
4,3869,0.5545277823488801
4,3870,0.5326074731189343
4,3871,0.5807782015614152
4,3872,0.42029970145601026
4,3873,0.4778573100802171
4,3874,0.6267484144789892
4,3875,0.6405533132971973
4,3876,0.5691028421115203
4,3877,0.6426489291003448
4,3878,0.5961236527631261
4,3879,0.6253398651816504
4,3880,0.8044164914513946
4,3881,0.8074373018602639
4,3882,0.4067617319624914
4,3883,0.38089177930700185
4,3884,0.7761962188071355
4,3885,0.42439055914067464
4,3886,0.763765695355462
4,3887,0.795739948478804
4,3888,0.6833514654555048
4,3889,0.5418591709399903
4,3890,0.5393890881715342
4,3891,0.78640347807873
4,3892,0.528685796420134
4,3893,0.46651729354218463
4,3894,0.7178360393435674
4,3895,0.2697076750932325
4,3896,0.8517501017545622
4,3897,0.763217222157825
4,3898,0.22282348797294355
4,3899,0.25175601994479885
4,3900,0.7743483534060726
4,3901,0.8171617825498514
4,3902,0.576215016510839
4,3903,0.4617323073078094
4,3904,0.7401922825277366
4,3905,0.6167174949237382
4,3906,0.7079729591131809
4,3907,0.7250478691710806
4,3908,0.6909975235111623
4,3909,0.7690609227766876
4,3910,0.5462485262605206
4,3911,0.6940125889535288
4,3912,0.7008610014923159
4,3913,0.7817509098221327
4,3914,0.7723250748747063
4,3915,0.5394508886022231
4,3916,0.6459625207669025
4,3917,0.6451544774213838
4,3918,0.42278114052561416
4,3919,0.39563212957570676
4,3920,0.36071090331644595
4,3921,0.39423801986719076
4,3922,0.7984263781634343
4,3923,0.581811108371594
4,3924,0.5391541425504603
4,3925,0.5641556152396198
4,3926,0.6995694974607545
4,3927,0.673584078782257
4,3928,0.5130806808697697
4,3929,0.5617624618551201
4,3930,0.33496476457835556
4,3931,0.7044468326273601
4,3932,0.5298015103292236
4,3933,0.5436775016207744
4,3934,0.864737423239096
4,3935,0.2468373415556126
4,3936,0.8407679829258233
4,3937,0.6056569455658896
4,3938,0.6911023211438005
4,3939,0.5311327098211601
4,3940,0.5364169806459749
4,3941,0.4591322238097201
4,3942,0.4144158557175006
4,3943,0.3604545559170789
4,3944,0.2615314385704295
4,3945,0.4874411150291955
4,3946,0.6981128012428082
4,3947,0.5930968541606884
4,3948,0.5245343864253661
4,3949,0.4252405559095888
4,3950,0.6446100856965116
4,3951,0.7213939417599186
4,3952,0.600226897287293
4,3953,0.49028678685470706
4,3954,0.6377515365030619
4,3955,0.49569165995697906
4,3956,0.5812258158986577
4,3957,0.48440532604877334
4,3958,0.4903612292995551
4,3959,0.51830093178347
4,3960,0.4661406814339331
4,3961,0.7163142172271064
4,3962,0.6839072002905644
4,3963,0.6299711996049421
4,3964,0.7307772250631388
4,3965,0.6440283223512252
4,3966,0.5398202977381259
4,3967,0.5220415610217318
4,3968,0.5118026737884055
4,3969,0.5219379964939028
4,3970,0.5739552956244736
4,3971,0.5752410925857447
4,3972,0.3446036780331213
4,3973,0.6306893470090291
4,3974,0.46743874588998613
4,3975,0.4507354541814518
4,3976,0.7860092524867558
4,3977,0.7576305042785973
4,3978,0.37431698132329877
4,3979,0.41741547459224787
4,3980,0.4473270843857018
4,3981,0.5426621565861521
4,3982,0.5827523822156809
4,3983,0.7130286381348503
4,3984,0.5179219479798305
4,3985,0.42259256606766504
4,3986,0.5174574022971833
4,3987,0.5245006511821271
4,3988,0.48873296903407226
4,3989,0.17693066325337553
4,3990,0.4035939050481872
4,3991,0.7317388144228497
4,3992,0.6749972460240984
4,3993,0.7018013135437372
4,3994,0.710819279821551
4,3995,0.6477091259884952
4,3996,0.4749972522107035
4,3997,0.6411211575970435
4,3998,0.6295938009403733
4,3999,0.5555943650803342
