sample,alpha,kappa,beta_0
0,3.545704549002212,2.3900050811514655,0.243238495257872
1,-0.500682007242699,1.316782675748846,-0.02575492304967157
2,-1.5783862343590005,4.410453371149217,-0.12472766266543843
3,-1.3626454435253086,4.54869664263484,-0.14553532842077935
4,-3.273465091177232,1.7491776500676393,-0.28719660386518003
5,-3.741411197942521,3.80110808781974,-0.32166436498216366
6,-4.133121699852625,4.561263393217662,-0.3508460931119362
7,-0.12903528558746558,2.4655950288669577,-0.02204618950249533
8,-0.6138654927459092,4.105313476653619,-0.04807508780515495
9,1.8791278689182074,1.7110963273670277,0.09715050241354195
10,2.630021779678549,1.927923084895711,0.20229323872716468
11,2.1675693522896164,2.6213089076349467,0.12289891394014035
12,3.084745457809648,1.9835765777879506,0.19983623011478285
13,3.676560199377747,1.2535781994401882,0.2593095558077926
14,3.6125322717671735,1.863568939072512,0.252215372741239
15,0.462212924708596,1.6082370669405468,0.011998493669291621
16,3.460992857864093,2.27925235263572,0.2317779468571745
17,3.226746412820278,2.1594931147136256,0.21813058975067323
18,-1.4538577594322035,5.1695313503354,-0.08684393255522757
19,-4.587251585665807,1.0287171993145916,-0.4139670476938445
20,5.790679418028779,1.3476097343197426,0.3364848429070222
21,6.349246670750875,2.5592854203438824,0.4833262503849297
22,6.3085747048519405,2.575144951117745,0.4091970290294223
23,6.413544773214019,2.3846016845881133,0.48324407385985546
24,7.086186715264369,2.0940118949359534,0.3964500139253336
25,6.387856398899246,1.990470520102928,0.43201910597411575
26,-0.5308651553040328,1.1922487487730462,-0.05467727754372235
27,-0.7645072671664705,1.4251133962342775,-0.05608100857133472
28,-0.6297125361215946,2.520040546966216,-0.09136325803158497
29,-0.796340013551515,2.4113268606652327,-0.10088421609589203
30,-0.6725036263422788,2.4229975383987816,-0.048579963499607026
31,2.856578352169254,1.9907958635815586,0.2189121755232449
32,2.793494663796108,1.4720080792455617,0.20855723606137574
33,1.860374998611999,2.019580345323421,0.08893308369056481
34,1.0706307869875815,1.9747000421950847,0.11776128087144787
35,-0.4343840402219587,1.8603256708047398,-0.06588118766585052
36,1.1885555179616072,3.2328662247419806,0.04835246040021195
37,0.08228061618228043,4.0491509563793455,-0.010452639617940287
38,1.7381862292264767,3.284693537962639,0.07699340148747104
39,-0.7867881944512631,2.0096941969803286,-0.08730174366390034
40,-0.51501359689504,2.0499082565299744,-0.116106388505693
41,-0.190901499355721,4.1773311968528635,-0.05701226675026815
42,0.5630134412104576,3.971013188187953,0.04329715945992291
43,1.043203476458647,1.7559442942490817,0.05641823565330252
44,1.7423067142950115,1.5128182466189042,0.03018132267070317
45,2.5903668145034424,2.055364189984718,0.14038704599008273
46,-0.45813639291444935,2.2114435462124487,-0.0878974793002214
47,-0.7209348871631736,1.6451418739931132,-0.059402980232459136
48,0.19306588414649703,1.9004367105303233,0.02111157704909464
49,1.7563938174767415,3.4078675493694757,0.16236344492801216
50,2.5759408518336437,2.6570965100036217,0.19076938932870202
51,0.6556661347166115,1.352221267226378,0.008021423712921461
52,-1.4472550492750245,0.8667891892376105,-0.05970403523386628
53,-1.8326097020482996,2.281303074107775,-0.15494258501382693
54,1.0462795667260951,1.9783477588601541,0.08211228530501788
55,-1.4703636860859628,3.383861311951732,-0.1188010530814891
56,0.6435213250225442,3.28258642600938,-0.0010945364761570018
57,2.2048416435092975,5.611656935232603,0.13035180578144726
58,2.191387874617411,3.997443058742334,0.16173655017555805
59,0.5546551990080071,2.3528246425420885,-0.05254222418249206
60,0.012809706268677345,2.4252099302662042,-0.007988473758052209
61,-1.0068593536956274,0.8949634424334207,-0.0739453014317809
62,0.4468220765291612,6.314635970425619,0.018876875181983162
63,0.8489337695802807,6.129112681650678,0.04533241615137349
64,1.5455461289507464,2.1422030171810276,0.11312397258024805
65,2.018777362079394,2.312133060237809,0.11558892079893954
66,1.8047007641987636,2.166916416043199,0.15879524358745017
67,0.8472370582673285,0.8272133718917912,0.06062689518437291
68,-3.3788937928150475,0.5961744073555637,-0.2743162368609119
69,-3.3514706300085684,0.393331411971893,-0.2576547853560948
70,1.1377072950464076,2.5832987795314044,0.09524349108507954
71,-0.3499569484873433,2.8228760539650337,-0.017464441495876313
72,-1.3838565485707757,4.697518601718505,-0.18335038850257226
73,-1.8709778965448594,4.961302380994519,-0.1593112601963849
74,-2.2042202508307094,4.568497998040948,-0.17063986067453168
75,-2.1304807034342614,1.6053756593943869,-0.15705628856152937
76,-2.099482640347574,1.609088136077906,-0.15648895894203171
77,-0.5316360495945254,1.8334518665688164,-0.08918915986391639
78,-0.9060663387809015,1.8227368151018564,-0.06451324029735607
79,-0.5428297737435115,2.4013816024521875,-0.08516663626250488
80,-0.5967422801380666,3.0776584408643473,-0.1215605961664721
81,-1.826028083629218,2.6428673239978835,-0.1169613234345582
82,-0.08452724153467295,1.9712440880549338,-0.061842620886505675
83,-1.0947253196103486,2.0414893106982896,-0.06992223246239124
84,-0.6332077073495062,3.756445928215965,-0.04477139093413208
85,-0.31028980584704957,3.3675918498942514,-0.08708173162993998
86,-0.19874266490468429,3.269359143897959,-0.08514683872083655
87,-1.862303818902794,2.7883551864985052,-0.20387875550162998
88,-1.5861281465673807,4.113008670205175,-0.18142138534303043
89,-1.7876907709742502,5.163801603556278,-0.16532311655134344
90,-1.5695473291498017,4.35553786255691,-0.14501725653227232
91,-1.2314426464636345,1.278873083359568,-0.06856525393459964
92,-0.25651732432526303,2.901454408673582,-0.008468542625257366
93,-0.3239476416458545,2.70124386802637,-0.05133658421871663
94,-0.3831715126345249,2.101301027245823,-0.04775095483348687
95,-1.4524428006703067,1.7061735050430094,-0.15230006877427926
96,4.411466635934706,2.400678252386429,0.29998810380838303
97,4.537529573156925,2.348334318597429,0.3204152352834164
98,3.9618399710127714,6.2418708415183755,0.26879203680550356
99,4.101701689340928,1.2025268302248269,0.2739401279095183
100,4.1489826123186795,1.4187108749999757,0.2106817021460636
101,3.678506194023067,1.4208775391284105,0.2278850609760068
102,3.476943372454142,1.6693960726482244,0.21996978795234454
103,3.3643166357186187,1.5882776956686353,0.2233528622644951
104,0.9402142695851406,0.9144561927595172,0.05856411271558089
105,-1.1944825522398363,1.1367134746428411,-0.08019703485795673
106,2.6849923055063187,0.8014809560464009,0.20140693257930503
107,2.4492483136715686,0.7927449114400682,0.17702585665923076
108,1.1944913104116273,0.8949493532630491,0.035197154442991485
109,-2.416143182220026,5.146263374981058,-0.22097161598014528
110,-1.3329416235768563,3.47895803741028,-0.13938015333238427
111,-3.670620603259073,1.9768514486092021,-0.3156835594242715
112,-3.749695904085407,3.8345502882111187,-0.24669979297514366
113,-2.1234260367063835,2.853276286402761,-0.11914942348968628
114,2.3911723667004607,2.103312214579421,0.18142296288905677
115,1.1608124286448813,1.6339048812305073,0.1104503391516695
116,-1.2522283493634259,1.4440921877991415,-0.15542934822331111
117,-1.7801490843545962,1.4219738132778694,-0.18020434395508794
118,-3.3395293955925536,1.7925696740682617,-0.2704445857765431
119,1.8679078870921304,2.9619938783188835,0.08672729212374986
120,1.887542110237065,2.9931566569724115,0.1274995047708221
121,-2.691673068805512,3.3026802658107077,-0.2493780979315346
122,-2.622992677254614,4.150703841155746,-0.20855191850252755
123,-1.0060684961133832,1.1515707540541147,-0.11188449915900132
124,-1.3189931375882373,1.7512874490341803,-0.0858492502273539
125,-1.2320563967834812,2.364909123770875,-0.15649387548329083
126,-2.332152129777049,4.527922545089996,-0.22119646861552852
127,-2.7698525092412174,1.7054165725336217,-0.22174850937743146
128,2.4985919429379333,3.841022054695391,0.17047553203809457
129,2.080610763350418,1.9791094751057683,0.10780192731152304
130,0.4692309594360229,1.301980212222626,0.021423685299143413
131,0.1954308358802419,2.5497793760255307,-0.032888067415552724
132,-0.439584000060351,4.246130462735849,-0.045306078968132504
133,0.20615477546825864,2.0821509372987577,-0.007845851199865427
134,0.38292376179914334,2.992423740235746,-0.015919245645204545
135,2.494813401535255,3.4324117128752127,0.13503360465374098
136,2.8349679918976003,2.7962767545590883,0.1768191727578976
137,2.3224506083034706,3.240249774130682,0.1181844473844235
138,1.5496566219606849,3.095215878782323,0.1451004472253775
139,2.1599496367978874,3.2007595821954777,0.11758728736173728
140,2.083669849255819,2.9071405719985783,0.127867966822407
141,0.6921307537914346,0.8233859055985978,0.0451671227886788
142,0.6005853322909974,1.9396846473234486,0.014181898511640598
143,-1.0624457057135444,2.123661144065205,-0.12185261210004772
144,-0.6518929902575485,1.1206080915751675,-0.08231459199363854
145,-1.499535147370934,0.7978327875285273,-0.027961257492772625
146,1.4828045955375733,2.103584028947826,0.09715417934935458
147,-0.012166388633407143,2.9969333141746124,-0.012850290620180317
148,0.26304400609925327,2.893103536698436,-0.06786070410274633
149,-1.474126291886711,1.6509540409477623,-0.07629007049749535
150,0.8113969428661966,3.355652942514094,0.006958869835161185
151,0.3047967542223145,2.5435736514068417,-0.041144296441919956
152,-0.12958545944498776,2.5364301243922522,0.00037403659322046863
153,0.1254536580179774,2.4295047955016513,-0.012639393972375193
154,0.4713031401078289,2.4524049323454626,-0.006448449339719622
155,0.3945478814286989,2.015236483240066,-0.023263141825922977
156,-2.582976590288478,5.398844093608633,-0.2172918524993377
157,-3.0184864608675523,2.709478976836096,-0.2665361635621828
158,-1.659658745819937,1.1860572491985404,-0.1287403651890312
159,-2.7333523587068607,1.4281977586011574,-0.2103419052381352
160,-1.9490361570240227,3.139933911953119,-0.19509105780120972
161,-2.227464052450092,3.068600199744333,-0.17987666191093646
162,-1.3938048019521974,6.251249216598068,-0.15745028175345893
163,-0.7245602830085631,1.3025350378866418,-0.05254215324729983
164,-1.4181806949410416,1.0959057862936714,-0.17860434946602344
165,2.191957465733781,1.05227085327191,0.06498594712443276
166,1.1068852870309518,1.062835588550226,0.10326166885138005
167,1.5388573259814406,0.9657485775773165,0.08916803552970726
168,1.196060547365772,1.0113195651176317,0.04130296996728818
169,1.30008682358147,0.9197430524011423,0.07513676046782425
170,1.695862264693092,1.2523263663932236,0.05485912830707668
171,1.1196122263288675,1.6513654427838245,0.09476125602487899
172,1.3253740891152865,1.756761962292135,0.07797178151415905
173,0.670030425169762,1.685160375664577,0.03576788351584374
174,-0.7816360170290586,1.8432053618860367,-0.07956831076099702
175,-0.6240652066782137,1.8064129971893257,-0.1049948603921313
176,0.6637233514212512,2.910837947656063,0.01147878768763457
177,-3.965410135955724,2.1199037564626835,-0.2766994057806166
178,-3.786123236343685,2.15431747657077,-0.28077786881914485
179,-0.7961086450844449,1.2066857796957855,-0.10328139282998935
180,-3.2526044533770126,2.0592934187659937,-0.35224549708883324
181,0.8130319527172517,3.9499048663200744,0.12169560066862953
182,1.0185942045232717,3.6445712298889665,0.05123273633407759
183,0.6428749812106338,2.59227904490227,0.010287544616741631
184,2.5560616596875576,3.373908731483188,0.16275302219936585
185,2.5819478476711715,2.365354052851273,0.16740465812691335
186,1.9805735380409428,2.8377007919979613,0.12587619297091202
187,-1.708019425513719,3.2291784188893566,-0.16065371126001957
188,-2.0219713382144713,3.8431211124488907,-0.13070617142222699
189,1.6267469792213518,2.0142201682432144,0.030996305136165293
190,1.4689543086328873,2.0328988783942545,0.034314088556748
191,0.9511403190384459,2.407397342700276,0.0794539437485623
192,-2.7789177218922956,2.4253697804104157,-0.25130699791445654
193,-1.499082102262664,4.816041738588269,-0.12254381552788744
194,1.0855419501792254,1.510741096054263,0.07419467701163958
195,1.0279767783200622,2.2751059128341535,0.05066812664319455
196,2.6057307694208007,2.775045820955446,0.17138487104716402
197,-0.7440166288410667,2.011732840748762,-0.08495228140056611
198,-0.23458539421766458,1.6660190872613745,-0.041961156138611407
199,0.6130288731108907,4.276714613402246,-0.011047008573748827
200,0.5663839714602531,4.374788468501539,-0.02328820359234679
201,0.008192428880183043,4.290147248958133,0.043399695877426515
202,1.2215678873082023,0.7331084495634713,0.10962237919501089
203,1.2601672913681021,0.6399830733094442,0.08819628024966046
204,0.14826479201043907,0.6807885165330926,0.017344789447912862
205,2.958679526529228,4.082546979024,0.1922541804849445
206,3.614544937013514,4.184018332895017,0.24106376815521038
207,-1.8768370989779237,1.0063136761579723,-0.19108604691043757
208,-1.8434369747730002,1.8312514674980358,-0.1408229404320737
209,-0.869299725028262,2.08295519733466,-0.07009462620730234
210,-3.6236567875865333,2.372063672566818,-0.31070340280004993
211,-3.9355351292575045,2.3784219162454163,-0.29731451323866637
212,-4.016777306184262,2.194302485485676,-0.34804477841752296
213,-2.7124695293718144,2.5570086098361524,-0.19124200449552328
214,-2.406568106370036,3.2948034004487963,-0.27037949802768985
215,-0.016496043197545412,2.995623871400112,-0.057106201733608905
216,0.15197463455908353,3.0314097632584183,-0.08079445888495308
217,0.04336552888015812,1.1388607527164558,-0.039561054164967656
218,0.4291075814420688,0.8244279351693657,0.05978919169732092
219,1.932978131430209,3.225857313189702,0.07575017655097438
220,0.12818959976649477,4.3395750676367335,0.010033618309411676
221,1.3940789170288557,4.170163265111745,0.027129696326007893
222,3.364539912063874,3.3134520894758253,0.21746618499561804
223,3.8759738823463614,3.4473390119511005,0.20266851211361897
224,3.409939909515342,3.0197678897420825,0.21936388915312663
225,2.995848106901456,2.4434296920905774,0.18192870074958095
226,1.8754628243708606,1.232315396198235,0.10830023820756199
227,-0.06191468994394244,1.4580073471545385,-0.0006355114016028202
228,0.6065815378780672,2.619259210787193,-0.029100412769847133
229,0.7815400432107676,3.049381946948536,0.037751140294393776
230,2.2062265986435126,4.412183290955812,0.13665194185308094
231,1.6984634502198457,2.7795128405973792,0.06520025411297141
232,0.6563744811325489,1.6458947451963664,0.05533858547796764
233,-0.31845915463122604,1.0618832905486522,-0.09142403811777207
234,-2.513509395179182,1.2878773346504748,-0.15905390529648233
235,-1.2544302950329713,0.9395508923101772,-0.08174691776770376
236,-0.6047539649629922,3.414421587557382,-0.05355688598378899
237,-0.6041768261654111,1.5049414940363406,-0.04389021617683639
238,0.2084298198843956,2.252766073949065,-0.03564159395918634
239,0.0695752512928759,2.491700763394088,-0.02851924044826739
240,-1.71391444409611,4.101581364705593,-0.15903962728549165
241,2.5703590180658726,2.2908362144647394,0.017356173104086856
242,-1.0081214706320922,0.6675719683127168,-0.18763647234372982
243,0.2411639003588507,1.8474187627606034,-0.05541202692518979
244,-2.2456021818647716,2.824690298127775,-0.15049451798122485
245,-1.543307202939833,2.6560962303152973,-0.20112745579772204
246,-1.4559523637236804,2.3780137612383054,-0.07679288358614728
247,0.10573254800126357,2.0086184707960584,-0.03261531209608331
248,0.4263872067956079,1.6872009720370176,-0.034115514942916134
249,0.4178057518706311,1.6359461157782447,-0.046474512607905534
250,0.4095360730305885,1.9472167305546884,-0.010999970360253077
251,-0.5014975131086306,2.041440494242324,-0.07420126911461093
252,-1.6028906185737921,1.8686688729808658,-0.08910234946486005
253,0.5875820250193899,2.6949629168191147,-0.05276864470941866
254,0.7226197902058111,1.7654824513706664,0.02652184095966537
255,0.971472722790977,3.574065199928191,0.04386331685507271
256,0.880120528091982,3.5760897473077184,0.06448351508716083
257,0.5591186052716494,3.2701317586722474,0.06296101103582938
258,1.0176299320415934,1.1072363218370702,0.14742368228251168
259,0.9677341354080173,1.1082248047905776,0.15577241231551875
260,2.9835733794128,0.8202035162146983,0.20924124791263032
261,3.1258351646244833,0.6975281300602918,0.1984432092098503
262,3.2167553743739115,0.5776057751141908,0.19983239192890415
263,2.3713669044208703,0.4837945956034659,0.21375146951241972
264,3.5047096786846645,0.8041057920243445,0.21742736702338675
265,0.8564496988228704,0.6348218138227926,0.06932440176719747
266,-0.6072190620260582,0.7743986132269126,-0.1047912468721173
267,-1.1059590981051621,0.6307866093632963,-0.08516023892285464
268,-1.6321167047377012,0.49039169335138777,-0.14522269285911518
269,-0.09053448142940519,1.6534503197936057,-0.04767246805412217
270,-0.6031548768110228,1.9819766498722886,-0.05949114557193572
271,0.520778464696647,2.8615473306145067,0.04568454404797935
272,0.2789951816665391,1.1074168878727668,0.012197518745971995
273,0.20634407853723047,1.2495279929080616,-0.02005319445141446
274,-0.050834066693322084,1.2748506128333779,-0.00592400982547243
275,2.447233716911844,2.1195379587512835,0.14249529240935951
276,-0.2639295079615433,1.7593881945125793,-0.04858906476542363
277,1.7188291805574893,2.8720174814288746,0.08296087432022163
278,0.11109542984394437,2.930319228889141,-0.007005597289020307
279,0.4404302154914773,2.265016248081991,-0.005334523631028908
280,-0.7302843664975424,3.2187796902559347,-0.08169343712261348
281,-0.6439625787646555,2.252002997627776,0.011436411116267559
282,0.1102698830059595,2.0685253988196926,-0.03577239312120291
283,0.6139002756526023,2.086829676771141,-0.049727113786634185
284,0.1810212833708731,2.0111182750019303,-0.027658016371389375
285,-0.0312543863824758,2.1887411283806433,-0.008120904111041953
286,-0.6195909305970486,2.90448591977789,-0.092089735306482
287,-0.5998754697261942,3.4002206407626336,-0.0991350631308653
288,1.2159914354050836,2.1231329686273375,0.02899364302128416
289,0.20369317067593612,1.5432613422311687,0.00968738334003189
290,0.2701098265873014,1.5478896076069455,0.0052498361114386395
291,-0.8214373495026712,1.96829694776927,-0.08735202182872383
292,-3.596359648646573,2.34404345455469,-0.28950274201864434
293,-1.0677133723368781,2.8781372183476015,-0.058342324230671774
294,-0.6047054805362609,1.492392730126136,-0.09062612256533921
295,-0.24107871966524733,3.0596480093799165,-0.021180751312666307
296,2.6349785244507102,2.2960518323615626,0.15234821155428618
297,-2.3325897614998956,1.2236773754562231,-0.22483814290018495
298,1.025088319869013,1.0359550383888596,0.024677568331428094
299,0.8508756286053082,2.063081111770962,0.03358573439933169
300,0.2833773852749217,3.138487392316986,-0.007036548539054005
301,-1.0444492847914433,1.9800194321342803,-0.09525931042665457
302,-1.159902616772689,3.0201765733350574,-0.12141057422276365
303,-0.8840006695780313,2.248054841194149,-0.08726713288827248
304,-1.4219498818584169,1.5197005053190777,-0.08269256871560486
305,0.7236010374692362,4.272091231998655,0.054054597344023285
306,0.9637048846570092,4.379555051951835,0.022176212365015054
307,-0.839632411336168,2.9697136917116693,-0.15257093283103454
308,-0.7366557066871222,2.479999429767317,-0.05892582792928535
309,-0.4527323887165216,2.6721495771519677,-0.12185252276071513
310,-1.0469639272363318,2.661209898858236,-0.07830858126398392
311,-1.0604185322507695,2.6263141519624162,-0.13928872135049067
312,0.572911566498098,1.5620646048940745,0.054440730555574586
313,0.5403882257551117,1.744691415003127,0.08176501448621266
314,1.0461703900698813,1.8718979384162855,0.027482222972061005
315,1.358198120813784,1.8801223436033727,0.018599720327589872
316,0.1563371253900658,2.6791350365616675,-0.0617133443159259
317,-1.0078691411540932,5.5958441410100965,-0.14408964470764465
318,2.7574722823104376,1.049015437566218,0.22884182356605126
319,-0.7652074760575567,4.348348035641623,-0.09441739545914582
320,-2.262623253720217,3.513564589094926,-0.20755621074872094
321,0.3179836636928581,0.8130305528863221,0.0501971555339419
322,0.33354650712394684,0.9433214420607834,0.019392304526202726
323,-1.8453697369461688,2.014846845414249,-0.14212062496633815
324,-0.9294386206428383,2.1472950464711444,-0.12115059277361433
325,-1.1648534348073374,2.124066302696919,-0.1038626767068423
326,0.5405434701093006,3.6786229482005717,-0.008275464132434053
327,4.10324522995526,1.617073927102726,0.2434888409225934
328,4.360709828635163,1.5879142650473455,0.32631262740143
329,5.876127774167832,2.5204960682292628,0.38877259115379464
330,6.347589066141595,2.51021823939012,0.4253604398782599
331,6.146865701437534,2.8416813486028434,0.4960959499198151
332,6.358084739186953,2.99259500859949,0.4045232774396157
333,5.635431438945876,2.7769521087258915,0.3898598291411888
334,4.812058227085482,1.6162976629348966,0.3834533667595601
335,3.5421969055813167,2.169063944064055,0.20288682067178498
336,3.2451864056028152,2.1760170495170894,0.2365190619996358
337,-0.28195594726119466,1.6900141260734782,0.03615684536545811
338,-0.13706768975654926,1.5629957091503914,0.05582826501699275
339,-0.6313070363824251,2.1074533630842267,-0.1249596800287258
340,-0.7332618892101886,2.231881914745043,-0.13660821475214752
341,-0.9014807850646592,2.297151677860256,-0.13212799046744547
342,-0.20663193715363554,2.0463679801561647,-0.060233002072440214
343,-1.700574884698694,0.910061118791611,-0.17364703838999532
344,-1.7295972388932301,0.9140440084691167,-0.1730936247757734
345,-1.460906447009075,1.2645863964827297,-0.11035575843719113
346,-4.568653523315575,1.6202743006265221,-0.3440820945451675
347,-1.4593508437819138,2.297859946556326,-0.14004007595336915
348,-0.9419704118757021,1.102400480898204,0.023704032880857536
349,-0.3995892678257526,1.0609200684095668,-0.06849980015961046
350,2.1125415986508465,4.70788706755385,0.10316929490912842
351,0.5560297686005319,4.188509393195208,0.06542235392750373
352,1.200274073630914,4.516016075841708,0.040638636334082955
353,1.4699395432829259,2.402066075346518,0.12456438141412844
354,-0.2760479309725465,3.106792042365854,-0.03444128425721332
355,0.5442518307579784,3.4954762092235807,0.045884126623084
356,0.8920955024842534,3.705648246075691,0.02547138073733929
357,0.1885449070430646,3.4386438794382794,0.016028836949206145
358,-1.2080373721047168,2.28487911016248,-0.10646509906628603
359,-0.24466792150007857,2.259528804267585,-0.1317909031504353
360,-0.09563673670018076,2.378937732073826,-0.12506817863961694
361,-0.46498572823126894,1.4472500879831587,0.02207399000885708
362,1.8957663401197102,2.575633334296722,0.10425253213291365
363,2.628460958032836,2.390628963677893,0.08930758697762166
364,1.647130457554124,2.4859696667364113,0.12635683117299804
365,2.0895850250734798,2.506813293832317,0.09541078081132297
366,-0.6248379920121485,1.0265999800058145,-0.06388026399621922
367,3.3094882046286744,0.9731445831016804,0.28476966791909847
368,3.426622001017932,0.7384999246167842,0.2327894725678298
369,0.8888449162105078,5.9120283982474335,0.033142991921565425
370,0.6943942707287143,4.229931781762583,0.033961009435802124
371,0.5891739990542838,4.119670025477099,0.03730479987443221
372,1.2260049657593246,3.6139925907231096,0.010273654132778686
373,-0.5175898781704222,0.7681876722338908,-0.015911353738848836
374,-1.1458536857520165,5.956646011411053,-0.12078238248651477
375,-1.1062197910121512,5.9828938121432484,-0.11099158170311559
376,-1.2663129867464713,6.127270972735524,-0.09868116353058874
377,-0.7467634406102225,5.539689738807078,-0.1327478243934424
378,-0.5458241139767365,5.237538988731971,-0.11174108743035133
379,-1.1090606243058676,2.986171122838189,-0.0774041298744028
380,1.1089971279953879,1.2777983416007266,0.013436365520855588
381,-1.1941338373758787,1.2434635151847775,-0.10448891279590804
382,1.7296775406186262,3.0349726129743124,0.06225630452697246
383,-3.645562802763911,2.5751329170423416,-0.25455020812878115
384,-2.262010154115131,2.88209814942207,-0.242006350642766
385,-2.322271660382991,1.748706035011321,-0.17101441212416754
386,-2.1675144644818984,1.5085800632142934,-0.19848944797861678
387,2.1873594587474097,1.5229772953886846,0.15790997067980597
388,4.105598222827912,2.900340684422789,0.2952281525853573
389,4.6732186568614384,2.632590557435212,0.2609290673662345
390,2.550599171805851,2.2960783995788483,0.15169423553282055
391,-0.7122400356678612,2.0571564635395925,-0.09115457998509718
392,1.4324149553292833,1.393167197868852,0.06163637085279401
393,-1.819904727279748,1.0543396681928916,-0.11761067463201808
394,-0.029146549278274137,2.694232547030796,0.006047589571570329
395,-1.4820075821110463,2.330102742502037,-0.11013493607886006
396,-2.17999997191427,1.8701785559813655,-0.23882392345880685
397,1.5795760524657667,2.535315428625202,0.03749783911064988
398,1.1958434292711442,4.569152022026526,0.08168056216488427
399,1.6631177911883328,3.8854849001055762,0.05652140193387002
400,4.868317013295499,3.7902324737161925,0.3012524416763811
401,4.050407815387101,1.0989200389497065,0.2690890599296054
402,4.33752304820625,1.2447422219207338,0.20727946624663912
403,4.512675506618645,1.2303814640262187,0.2399531155355138
404,-0.5413336879112225,2.772761202595081,-0.01979704318039298
405,-1.0747248309170307,2.0586750043756763,-0.10875287585717333
406,-2.7589227445594706,2.728637555160026,-0.2859783605225472
407,0.3634162201811906,2.5865538536370214,0.03385878454640861
408,0.5905063763100363,2.5891630591059873,0.01662635011642342
409,2.8789214566547283,3.394990643061099,0.19017443231178924
410,2.900123756318225,3.343057085719549,0.20038443860254176
411,0.9872507271783132,1.8516714210135776,0.031223326763610167
412,2.4832713047573516,1.4401306350801166,0.14729339705508523
413,-2.9176430606934267,2.832253188571376,-0.23912921563912423
414,-2.943039843653901,2.933018228878713,-0.19845913463722395
415,-3.2812664860764214,1.9858917750757983,-0.318214520123915
416,0.008524427235189777,3.967448364141559,-0.05838369139390244
417,-0.12583450010785047,3.2432935496045303,-0.04008537036291917
418,-0.045529594257540114,3.1204627240511775,-0.033570849448139296
419,0.3531654774958102,2.702427513792074,-0.0032948116348102863
420,1.6462446937072963,2.637282318711904,0.08995952368770449
421,-0.7028952856844801,2.9418098252630895,-0.11783891314954167
422,0.7666627820520622,4.063814934318109,-0.01044595148002386
423,0.5657755509790033,5.411828340485504,0.01829364208348355
424,0.9183235496372271,3.832047524322666,-0.007453562509504355
425,0.5157488413487525,3.573694611793136,0.04322535281922302
426,0.7383188348007595,3.729534497519575,0.030276528255798525
427,0.1837065398525611,4.213612547907348,-0.005480582930628906
428,0.1837065398525611,4.213612547907348,-0.005480582930628906
429,-0.7445617448889716,1.8513192251395665,-0.10204011573457825
430,-0.7878383470907684,2.1932193113283205,-0.1054061530233452
431,3.0369526343216395,3.489845476150396,0.16024515010309412
432,0.3718876496387638,1.4293420193758353,0.028267982988337846
433,-0.64755692672724,1.4550918581310468,-0.03512205591529998
434,-0.14028458740244018,2.8553475389027834,-0.05155078171004898
435,-1.166832805036592,2.601848832733457,-0.09741038244187335
436,-1.338216674684131,1.5632686461558731,-0.12517983665658367
437,-1.6410152186095084,1.789156475565894,-0.13689637421045134
438,-0.9703596396910332,2.203648843503565,-0.09261023688165974
439,-0.6243471229874312,3.178809225458163,-0.08481457691236784
440,-0.32465617771597743,1.757553485150446,-0.09377208936478629
441,0.8090535364355455,1.5550296264132348,0.09593221982988706
442,-0.15541556949848778,0.9170011817048547,0.033505840642059775
443,-0.09758812217539997,0.9371992204921614,0.04622845854821313
444,0.3997897461295945,0.7629164603697836,0.020561121478883934
445,0.3311447785312617,0.8273006698287799,0.03167759128777771
446,4.7913463401188885,0.8922574162727359,0.36335035117301373
447,2.195852117605738,5.517134234214484,0.12883372813597904
448,1.5416537529014454,2.8777527254300197,0.03997516860499814
449,1.6140432197800518,3.2834691120411,0.13081998184212754
450,1.411405130253171,2.1797671919741015,0.03327539412256276
451,-0.24421641083841958,1.8452625715509026,-0.09176140249733315
452,1.5620060774205262,1.848438974375304,0.13981063351571466
453,-0.598324491758712,4.510527690316727,-0.03648952029630504
454,2.729085206873278,1.6101268780606386,0.12285184300895127
455,0.8089541209238316,2.651079372119147,0.0924829749808888
456,-0.4821872523779858,2.6261406964354337,-0.010963470027229989
457,0.5460192731500905,1.7597789420530823,-0.033710009423626695
458,0.3963037196645056,1.8693403978059462,-0.016804276811276712
459,0.8489520960209075,3.570219359014638,0.0543840380232979
460,1.365916646887911,2.151798225435814,0.05131884035317682
461,1.3688369218302812,2.0921020097134133,0.08081356570603256
462,3.3796708102557003,1.7460289885410976,0.14733632839879546
463,2.879373361709117,1.8892238712163054,0.12333601212536303
464,1.9215425500425312,1.8377958474960006,0.13227393235789284
465,1.9554072702920802,1.0395210827159087,0.11637341138932171
466,2.5247807779781533,1.1998632895449604,0.17011247118706793
467,1.7711234755478655,1.7723748846040248,0.10720454159854709
468,-2.3078547297067806,1.0680508680461391,-0.13782053533634708
469,1.9613937123708933,4.157575889057069,0.11342368378901432
470,2.139356746981106,4.377427278786916,0.08995250752997591
471,2.027320139811081,5.110327752396256,0.10418112301027234
472,1.8234075164857673,4.891159975958885,0.09894027888618165
473,-1.676687935508419,1.3120545487498299,-0.23295522060122031
474,-2.4655663062127067,1.6298540002553799,-0.21825607035347694
475,-3.1550398048699844,2.2758920149456814,-0.24626341819525055
476,-0.3053526880389907,1.3801547656608535,-0.030108429345986933
477,-0.5225457938549842,1.295467636866094,-0.012079541039044355
478,0.27027334567159494,1.3180606601420746,-0.023052041171977324
479,1.5516212611944147,2.8377817444366924,0.12328696549935694
480,-0.16167405659025602,2.943266376305855,-0.006839690379559562
481,0.9452734332459288,3.0231317192263556,0.048119691075940725
482,-0.3504576412977019,4.961065378007266,-0.04650580589332393
483,-0.8567064782608935,4.343542797888069,-0.13188642538677134
484,-1.4313758143812791,2.6858731785045786,-0.10416000398964596
485,-1.5623343861051058,3.0346732170379314,-0.16952132706308776
486,-1.942770742090218,2.1126032364314935,-0.19072308515578876
487,-2.333686724098284,2.002473612912242,-0.19510673802849265
488,-3.518239699388857,1.9382930343446578,-0.3294421877101705
489,-4.794775157947695,2.7362266870956757,-0.3410267757520033
490,-4.935570946636088,2.05517184788341,-0.33275772900197303
491,-3.5444901178835555,1.4104842541963043,-0.26921092217171305
492,1.3284016653673092,4.4411483108015615,0.08691397596620767
493,1.3778838632921384,3.0081587532081127,0.04270185370687941
494,2.6480084491604647,3.2990148091084057,0.13828964450578604
495,2.3545715978789272,3.220013754441154,0.10046700604213435
496,2.2353562486016494,3.6578688206615855,0.15895832023797188
497,0.02296918306602029,4.923703037896804,-0.02178502791057972
498,-1.1527455685309014,0.957115737993112,-0.1329948776037349
499,0.7476281881966972,1.0288243545933355,-0.002109766424705009
500,2.0955527446180926,1.337019724833373,0.13331725742919776
501,-1.8335536476663077,1.0112239971672936,-0.15077270008582452
502,-2.547086813396476,1.045304818814636,-0.1477955572487631
503,-2.491594834439531,3.697214901732501,-0.15326355021546179
504,-2.5083952316288864,3.3689102066725014,-0.18446496607824073
505,-1.9993985500725682,3.034949337176548,-0.21751600454389813
506,0.809513875051698,2.5852192039902877,-0.04587734199388144
507,0.7151567919607317,1.6240279805500333,0.0058696828021988345
508,1.0597260629308833,2.309032896806717,0.012288413472002536
509,0.5672843016103045,2.2439533892633334,0.058189110671301884
510,-0.15679184612247937,1.3071850377357657,0.012046663599264795
511,-2.456523130656302,1.6626998589052204,-0.1565937129846394
512,-2.5128079494367532,1.6707408536595363,-0.15605103251641203
513,-3.2173077343875476,1.2368898744580223,-0.3235020943552873
514,1.2205408808245148,4.032779757973767,0.016062173615556976
515,0.9196789299398064,4.56497132330171,0.06465269166002803
516,1.8559810260318887,5.220623732098548,0.021844707263256456
517,3.899942550996071,3.147775987281913,0.26920044732782894
518,3.5693487507820167,3.060749058352315,0.3109870377735064
519,-1.3960754237265982,1.448894175876806,-0.13251415788012483
520,1.1353564612053633,1.8967876951895952,0.09400834568481342
521,-3.3221809557405386,3.1355588632016813,-0.2511715443692866
522,1.122269488958144,2.6852215378820974,0.08491967242247785
523,0.5213111235850341,2.3289561534107355,0.002304975197974935
524,-3.4011389191496906,3.1848324170909628,-0.29055757649217756
525,-3.6281034302165183,3.2350420780072304,-0.31454685079158884
526,-3.9116213035969674,3.4083192961467175,-0.3023808250270331
527,0.9371422355901406,1.6147048901005059,6.684280933054993e-05
528,-1.284380440539068,1.4438968611964558,-0.10668994881861113
529,1.5534921376402862,1.2974479821100326,0.05558626003517353
530,-0.006538463869067111,3.404466871932923,-0.057706112503561495
531,-0.4062278783609381,3.283250147599134,-0.044716475670939886
532,-0.1369461876269319,3.470444247337552,-0.08740696693905495
533,-0.2519036801497483,3.561604570559188,-0.05597327213118439
534,0.13100543623022234,3.3156280808321283,0.0004295261234295511
535,0.18199251038213576,2.375782956705187,0.005917631031515355
536,1.1007396645149439,2.554725134369867,-0.0089880165106621
537,-0.6461360746332657,1.595181895139945,-0.02527111803168337
538,0.5874490927510824,3.6284089418345267,0.05553043725938326
539,0.7717920459985436,3.9646445671691093,0.06044365581336042
540,1.0423362860690812,2.108950699579232,0.09059634528114077
541,1.2599050911038647,1.9866953120890818,0.052578072178758095
542,-0.5831117791660476,2.8461315589195286,-0.08659994104330415
543,-0.5204995174155136,2.8588917679749217,-0.08583643516150406
544,-0.5685185192795659,1.9313203270295223,-0.009443894912074887
545,0.3104955788683732,2.555209822918473,-0.035674489630381036
546,2.7222304256909386,2.0063833930263257,0.191524676830676
547,0.481656313530577,3.7762161322407963,-0.02299558137190812
548,5.122798506361045,1.6414002737269344,0.354526298283386
549,2.270822377339655,1.3660080585501513,0.19022141322690644
550,1.5525251275367982,2.766705234327241,0.09405415377266398
551,-1.8597186785272186,2.8447521195876257,-0.16007666509851393
552,-1.8917312223511495,3.3221722430692378,-0.15559700054400596
553,0.21525647003601103,1.1145322380042963,0.01618381864747558
554,1.5381192960026966,1.0176137684569702,0.11690326930863312
555,0.6504867625509297,1.0262468131312517,0.006149706716207731
556,-0.7088656155660865,1.1979943046675439,-0.05141455121165433
557,-0.010834608862837432,2.2901746537249767,-0.026754817543792823
558,0.4577897797058206,2.5009544371646837,-0.020885037804667914
559,0.4049962520197344,3.030948764289874,0.021512923314833406
560,-0.11605071045371848,3.088876073619891,0.00874571293442694
561,0.3015279177417454,3.1917381842435995,-0.05236461124907353
562,-1.7801267313952986,2.7643338259507964,-0.18611265538144767
563,-1.3841999316366354,2.4198933312299005,-0.11557264874484277
564,-1.296905865121181,3.5372829474262346,-0.11869109319920887
565,0.8913544519350046,2.0261859039305348,0.05743732613555767
566,-0.3031307795563099,3.735967734060811,-0.06289437819746177
567,-0.39009719487971456,3.496990682889167,-0.05648793124003956
568,-1.637427303702709,2.0952856883502755,-0.10064688472721803
569,-0.7292666860779153,1.3888477617459836,-0.027673964669527977
570,0.6249677703206693,2.4293358859757497,-0.019445055171258947
571,1.4418819560124754,2.5492035936554824,0.0768325928474517
572,1.6914385928825149,2.731906031212496,0.056232191809285764
573,2.081909247389673,2.6019969797711973,0.055060326769608293
574,1.068912620599693,1.2227117568286339,-0.020735220688973086
575,-1.3219135643724227,2.410033544779426,-0.14856086694259743
576,0.010333777313079584,2.2221426949465246,-0.022825622304641194
577,0.997435689496585,2.5298038341973506,0.06284440967831213
578,1.323530285718943,2.2506521755304574,0.05653091594771176
579,2.6691771947670198,2.258954298206517,0.18672435469903056
580,2.705639351771306,2.352175830778356,0.16619088554262607
581,2.856095216575452,2.2250126069617626,0.1798209336656746
582,2.3677157429624267,1.9359597979572964,0.12159156867751991
583,2.718394610286994,3.7882062442979527,0.15158792778230717
584,2.3331649946331803,3.54310332173883,0.1770148715401474
585,2.0273385518102405,0.9228621336489577,0.18983071224169357
586,0.26382169994802984,1.1201051318774442,0.07271930693786174
587,0.1735812254268071,1.086078550312795,0.08095818987735307
588,-2.38678158177512,2.0603488853505065,-0.07800223121407449
589,-1.9000496072839412,0.962723193178583,-0.21385875055899656
590,-0.780887595607564,1.2673111720224264,-0.1010240718293834
591,-1.434833251872726,1.2095253101125925,-0.06400938187602301
592,-1.8190064268866588,1.3716163782135284,-0.05659478789895355
593,-1.0625397434870716,1.3330554949102902,-0.09748197759954899
594,-2.2958092867684514,2.617219323410811,-0.18581691380195356
595,0.7666053357562748,2.713670658212337,-0.04220007502862414
596,-1.189939360882081,1.73499011261857,-0.11733360184882052
597,-2.072714210201421,2.91266243597208,-0.22334712966950343
598,-2.5830881389604023,2.925998145287492,-0.17557437119122246
599,0.05058746118532425,1.854565209682125,-0.07338938176011213
600,0.8274266205841898,1.8701757473525495,0.032019358354675474
601,-0.2586951927900474,2.683231063738159,-0.1079213011602502
602,-0.5177020897440506,2.7286403376370667,-0.09784777735511167
603,-0.18377493314290486,1.763156320292691,-0.003524699015410476
604,-0.7750949498765455,1.6322604479384553,-0.005458375519145341
605,-1.5793133204314085,3.859737299117777,-0.11532427524860966
606,-1.6200754012408596,1.5040158518704654,-0.18969990099373227
607,-1.9045247121071618,1.8046005511506185,-0.14306861306909027
608,-2.0156823058161697,3.536509557616085,-0.2038530643024153
609,-1.7726216505194377,3.450181142063961,-0.18138556240197762
610,-1.4931755568200769,1.0009116465666044,-0.09510606493476687
611,1.076487461596703,0.9368107980106062,0.10285206976434037
612,1.0323006312199585,0.7027951095719107,0.09049423531056366
613,-0.9548832517101061,1.1309782231767163,-0.050418150189942085
614,-0.39805859665219234,0.9110399866894028,-0.0391775885388529
615,-0.6095775702639175,1.3643455653439533,-0.07567651031850442
616,1.45288089149332,2.7131491187881216,0.10110356542008
617,-0.7506076977050532,2.6116318367456035,-0.08991807496504052
618,-1.0381498988442632,3.1065012175330207,-0.053746692204806185
619,0.1449624192104005,1.7374760289845599,-0.05979819648875763
620,0.47879053040226194,3.030490328171878,-0.03365000760665504
621,-0.09816898366823909,2.8262095851714477,0.025732703149915142
622,0.9526933302541081,3.655483345733353,-0.023868766307653208
623,0.45596353431198955,3.2975256239638306,-0.011018326249805576
624,-2.5464964078525756,1.4774328577662779,-0.1666029923071224
625,-0.29499377097445195,1.1815875963881706,-0.08833775902182704
626,-1.5447896589004995,0.8286184099334085,-0.05573875337964177
627,-1.9680910556255713,0.8434047391410963,-0.06813859594367117
628,-0.034947931988154365,0.7435821266988953,-0.08313871941591902
629,-0.04616834757377249,0.7389099872102165,-0.08419991225343182
630,-0.8371620283093623,0.9441031421871737,-0.1063555949511745
631,-1.2740993138167074,1.1924156295617692,-0.10120632179100181
632,-5.079532876686693,0.9548585405884769,-0.31677551673845417
633,-5.81130090448584,1.517296322772313,-0.36620440636188956
634,1.1124083560149494,2.28628774176688,0.01975401306500153
635,0.47011770411540843,2.3917874700504234,0.04156114071750124
636,0.10990871972960053,4.171322166037973,-0.0559260126661263
637,0.07834439679888348,3.183424565345534,-0.023337067795496092
638,-0.32428965669519344,1.7096706804185227,-0.04858535483171426
639,-1.2439846941831116,2.9026427957537333,-0.13780576147955403
640,-0.4242464751742832,2.806241443164282,-0.07957931862904798
641,-0.22815038534650756,2.971689280136807,-0.09520971394912316
642,-0.657886384888725,3.0952311653895594,-0.0718474898213202
643,-2.382967251605194,0.9695062253334668,-0.11363843994700647
644,-2.9341375019147335,2.6199936707639164,-0.2901378434372072
645,-3.6073665856587263,2.4470208193914047,-0.26717030095241073
646,-1.9964561225453936,1.9754082980330354,-0.18840208795409596
647,-1.5812202327897882,2.193111837032574,-0.17270043821724754
648,-2.0577337520800008,2.027814175261102,-0.19191477326988357
649,-2.0399720471361382,1.9151013906987926,-0.188951914370409
650,-0.694208548558722,4.275713518466322,-0.07499415542900636
651,-1.1235195034966858,0.9646393765442569,-0.1647740124827788
652,0.8906444336785672,1.7702137734149095,0.08123851035316157
653,1.368441097207651,1.6289155926869492,0.06903677937768643
654,-1.917612008534396,1.0997552769826693,-0.09393933048536048
655,-1.9105536082025498,0.9464084344983926,-0.10848850900063375
656,-1.9088804444010934,0.9459219862137221,-0.10058815575783991
657,-3.5143016592978578,1.4469996189600847,-0.25906589913554934
658,0.19121526626637608,1.5298198220308732,-0.04556105718059443
659,0.14382279837894865,1.435358713504291,-0.05253724206046609
660,-2.6159449856254224,6.300040847543808,-0.19017970139206092
661,-2.6159449856254224,6.300040847543808,-0.19017970139206092
662,-2.5942066725297126,6.189913056067509,-0.18784800774571028
663,-2.007494978898995,5.241911962472965,-0.23469717877493024
664,0.4230620964802696,2.477197954367435,-0.05396867779186614
665,-0.6188061224505356,1.7505699786444546,-0.007037559147310042
666,-0.1231397352041499,1.3381598327493889,-0.06787326719050765
667,0.7328463750397621,1.4562792467933312,0.0748630342387583
668,0.38371944276999603,0.8640420843831185,0.019194593518494327
669,1.263762769081804,0.7892893743429447,0.03517559857237175
670,2.5768663416794495,0.886793915109018,0.1468873321427679
671,2.4608036148980164,1.1055074735016455,0.16265500800819332
672,2.7230152315499137,0.998818329336719,0.14896645838394557
673,3.1159859076351335,1.6228185068496357,0.2630539091256932
674,4.777978065610066,1.3419166213325697,0.2897310078149191
675,4.9648104201797185,1.519969691935243,0.27871171263038996
676,-0.37067610946959423,1.1099661629932551,-0.0012424809096099245
677,-1.5778314162512954,1.7510058342374961,-0.1435588290076348
678,1.86760038153401,1.45901614536538,0.1355340510405232
679,1.4046747195668052,2.2535204249857346,0.0449657924574521
680,0.2283186295607531,2.327684086879485,0.049045060602995065
681,-0.03573924251332714,1.8924761373287913,-0.0754180694358986
682,-1.1766525720476328,1.9901181137634156,-0.1469432826115414
683,-2.801443522366809,3.122676283258921,-0.21159949471700065
684,-3.660608884125413,2.9022357902709484,-0.32783408609982023
685,-3.6128980605455285,2.9780889853020382,-0.34968929021346257
686,0.6991731659672539,2.628669712912495,-0.029472757958687368
687,0.647799052356672,2.624583874803542,-0.02103949214721046
688,0.26628678073333234,2.898105731251024,0.010640715952530046
689,-2.918202641608954,1.2738055806923139,-0.3306681932681573
690,-3.3445316732583517,1.2525326853572532,-0.264622365668324
691,3.772280614109199,2.0967380402425,0.2126970828150095
692,3.6649331400926997,1.2006622916166854,0.19819760557853444
693,3.843934774361574,1.59861010769542,0.32303331066850655
694,1.0775057368114476,2.450875907115281,0.084134986266329
695,1.1876304113720069,2.5255362991893553,0.09981262873401486
696,-3.175347522146862,1.7672344858851772,-0.23086264338013018
697,-3.55556754355978,1.564765640371914,-0.2638895799195621
698,3.6355794312923053,1.114137789121085,0.2853052092273591
699,0.546589835255765,5.526702629476467,0.0466239582389352
700,1.3686357052657006,3.7116144317542448,0.0734228843262147
701,1.5001744764086498,3.1069531689573724,0.046043560616817095
702,1.1856082293215666,3.2033143745623245,0.06679070956528657
703,1.8961512095814608,2.960796215018668,0.08558368594852903
704,-0.2661370993002197,3.3320162356888283,-0.06739035458936891
705,-0.7845016667134941,1.7347561412725436,-0.19539386597151628
706,2.10723975728031,4.585678477532794,0.09540501917655166
707,0.643415710777104,3.7268090161250598,-0.010625964063385167
708,-0.4894504401040273,2.048766060247657,-0.09099071677963319
709,-0.5770505469825365,2.0357382305863387,-0.027139287934436207
710,2.766484780788595,1.9087997659170046,0.1996924812444354
711,2.4268660157621573,1.5525704587227078,0.123115028617188
712,-1.6512014140151845,0.979158258412595,-0.10633376021388925
713,-3.2225228259617156,0.8642338587198608,-0.29249445019808834
714,-0.2720202080625061,1.8340965140585683,-0.01842514998502298
715,-2.2211411518725015,2.514270185199675,-0.1646588630419491
716,-2.6740639059498545,2.592640006284911,-0.24570791847680204
717,0.9519060330825893,3.5464725443456704,0.06425888001497132
718,-5.581024587267591,1.3220067255070542,-0.3957518880939001
719,-3.3392264347462217,1.2422000080711375,-0.36425992297592336
720,1.3724525321387882,1.6574371054771044,0.040820616411056214
721,-0.18351801671697518,1.8433564853797038,-0.0772001519230222
722,-0.898204288531034,2.673275669115213,-0.05433405628594429
723,-0.4385401684565819,2.3080022562560494,-0.0929157021727325
724,-1.6718725309202709,3.2679917996055985,-0.19085840066688828
725,-1.4364108910672413,4.0655878092593465,-0.10121033425155883
726,-0.18571926712572817,3.3608391581155437,-0.017019354097101258
727,1.2423314621471004,2.3971536362626416,0.08186346699714496
728,-2.1058869722625215,1.5800455683257322,-0.2160020554403965
729,-5.170208458798954,1.6594427069950604,-0.39735007135890654
730,-1.2949239200048464,2.967124921365379,-0.1108974966017702
731,-4.055495266381847,2.7228402879031908,-0.3126598144542622
732,-4.436203754195918,1.6350955705729109,-0.3638265570251859
733,-5.773182118665272,3.04992411501209,-0.4630576382646176
734,-5.228522575590172,3.6693631598862897,-0.447761267738822
735,-5.2359011906225685,3.3996756727341944,-0.4293577556368509
736,-4.947346587462029,2.7052712339592677,-0.4265234425166983
737,-1.1795279736523367,0.40400388240187074,-0.04714440946822334
738,-2.241246602207975,0.6058310525690302,-0.18434198428283594
739,-2.738022318579871,0.6044285659427494,-0.188622909694753
740,-1.4421076975393243,0.3634473634006914,-0.11296149846319745
741,-2.1398062467147776,0.7522656538697959,-0.25790614168845644
742,-4.490619790538655,0.5509993145072235,-0.2698620113200119
743,-3.232358914975643,0.36785832539428703,-0.3416863220564691
744,-3.706324039004722,0.4190707233971458,-0.27310402374523657
745,-3.3938424263568865,0.44105438277118236,-0.27799268520869985
746,-0.5290064595387736,7.4898969149665255,-0.03470094462062105
747,0.4850622826893586,6.26591504582566,-0.0024335499283844367
748,0.777704651795712,4.204798123196889,-0.02407889859335615
749,1.2131682069759733,1.1969956118723784,0.016783091993612585
750,1.1246818513931267,1.167328753287384,0.015757154844274653
751,-0.1657094638578893,1.6656067757589534,-0.03170126813679559
752,-0.5256029573552368,2.1095033083794865,-0.07663655431824186
753,-0.3810339193102058,2.053054304539822,-0.1014056208082132
754,-0.5136230640534233,2.2999237292199175,-0.1405331267611036
755,1.1531964035542246,1.60536295749494,0.13956529485196456
756,2.5467214940514906,2.122676621717262,0.10909149910519181
757,2.0221617189816943,2.207019898619407,0.19675017971184938
758,-2.0059189400361794,3.989077969198449,-0.1603157965812914
759,-0.9311587637862568,1.3801643754835329,-0.11901059228268372
760,-1.7117003233445969,2.125825040562155,-0.13603122445728644
761,0.07325864027220619,2.3708175977650603,-0.08166577031519213
762,-0.2871844990976448,2.4052300108515317,-0.04118899435838867
763,0.04223758967849004,2.892604444152519,-0.02051789954012321
764,-0.5959811689422841,1.8132467133543655,-0.06384406151070478
765,-0.4731676099944409,2.4853890989613383,-0.06045628408611724
766,-0.7985482253401553,2.394018488802585,-0.04209924294381721
767,-0.567448575745572,2.294486805912659,-0.040473173482133196
768,-0.5986099785603978,2.2019975485705863,-0.05008547873541709
769,-1.2015280910793849,1.4152948384053123,-0.12085343425756803
770,-1.0669902345756908,1.6387483332812667,-0.10147530387591687
771,-2.3138161651135962,1.734126923582506,-0.19637711511524758
772,-3.408513327447462,3.7095961115105673,-0.2517987068847721
773,-1.4099800218827434,3.4445847638235376,-0.1491170040489067
774,0.33402907614807786,3.5539789878065586,-0.0017153866630441271
775,-0.6353751935952158,4.194506622060236,-0.10225481590384114
776,-0.8190643947737121,3.7938107345281336,-0.07139416948298298
777,-0.9470524804308007,4.809283603305474,-0.11881626372359946
778,1.1054092274579221,3.459635480206466,0.10969558081850395
779,1.3592009761944774,3.065217732985043,0.09655037219576862
780,-0.4209615444551963,2.0249224282687766,-0.025752491025207776
781,2.1743444584160403,2.364029830622361,0.16071229681992627
782,0.1553754671652207,2.9826459818575604,-0.005833061555889611
783,0.3798140112589447,2.768369550920928,0.010325302720545097
784,1.2964596273976097,2.361302839576621,0.07322475565332326
785,1.3834996579108065,1.8792685986014124,0.07298909191963636
786,0.5073498472785968,2.9853894082132224,0.014907044014868368
787,0.40495600672207066,2.6559075784212585,0.01683316930090059
788,-0.8391497521258698,3.1305632760832967,-0.06560379700414762
789,-0.2483364932495966,3.457798126467362,-0.09055000591326524
790,-3.5062239203749987,2.76650819422318,-0.3079482943223136
791,-2.453513449276925,2.161900769521341,-0.21963406279009007
792,1.3603586456214392,3.9134911004738133,0.05721443422632702
793,-0.20553997260259343,1.5635670057298188,-0.061704333891710206
794,-0.5458417451377703,1.6104544699913637,-0.03636251331583324
795,1.5369612548232257,1.187667069186457,0.06956805052163312
796,-3.070615532046088,3.6428832374880247,-0.21704988559691094
797,0.31545453266604523,1.6837459393072245,0.026960434318810112
798,-1.002602352276269,2.591837238879683,-0.07608843445858667
799,-2.1269923515333033,4.745021473051377,-0.14986528006747363
800,0.9844279929246802,1.0330122095421646,0.0815678430886402
801,1.30065685119229,3.8132719206067707,0.05287836193232294
802,0.9826695502618034,2.902052249534099,0.05171463307002512
803,0.19251349221875647,1.4382493513602714,-0.07720274471260738
804,1.8902368081682142,1.7270621292989374,0.18786895907124884
805,1.854089564692814,1.7140354967739706,0.15144297131217332
806,4.058479217563123,2.540101479191619,0.25206256318438836
807,-0.1157100524390287,2.351931366076931,-0.0161819922368457
808,0.30151695919657356,1.730997182517305,-0.03243159400120187
809,0.3877792217100472,1.4739955759168835,0.04644484104895427
810,-1.598072660485987,0.9508872834928143,-0.18048228410942466
811,-6.346791962868627,0.7977251195769469,-0.4853779654813694
812,-5.289440525689851,1.3350801369241652,-0.4266573690192478
813,-2.1534160959264517,4.207867414228599,-0.2603222897280863
814,-0.29684445543581217,2.924262001376191,-0.11644121239434486
815,-1.5948452544320184,3.591506710281548,-0.15930527612998752
816,-1.2242196670031957,3.4945409398450806,-0.17689650250342692
817,0.35314227270128523,1.7779069068417406,-0.056798420845990724
818,-1.7927529018178459,2.276065652858981,-0.18753134212967976
819,0.08951315046539475,2.117520691952905,-0.002405305281034333
820,-2.4784127421992395,1.1665709456330104,-0.14222452960640605
821,-2.205027306321621,1.2419012359541761,-0.14815820791850154
822,-1.9757893631572903,1.21103089059595,-0.16205667541857238
823,-2.896581325501936,1.2122502643552246,-0.17336696719235706
824,-1.5306767735068882,4.267391392620993,-0.10009376350919068
825,-0.9267092800537244,3.40098033035401,-0.15479553240980018
826,-1.3823174061302603,0.8883561714726314,-0.16759281513142946
827,2.9594829893598997,2.990235223672693,0.17990032330696953
828,-0.38848888530960285,1.940512963551803,-0.04192514772362985
829,0.2588977824334764,3.633711093698883,0.005615738356968673
830,1.8759851974669248,4.160157766763105,0.14375572519425925
831,0.5363371490976271,1.2207275947498308,0.031243814660587378
832,0.27452696638786145,1.0814459181929723,0.16211141324709685
833,1.2796512783459342,1.6158077113638079,-0.07611511581432706
834,0.5325816218740442,1.540582128765752,0.017511761928782777
835,-0.9684115286526618,2.501654587077696,-0.05066140626146958
836,-0.13591259917428222,2.653326183369639,-0.0810675746615955
837,-0.6139767859916148,2.7702578916047127,-0.11836147107905812
838,3.3065739036814774,2.3951074271967077,0.19432730712295548
839,3.56412305049199,1.14100337567603,0.2163439774683682
840,2.6288604463269865,1.3866219708858138,0.23684548852800633
841,2.95524706341886,1.4128499708737663,0.2011803921236957
842,2.8974349675230897,0.9307025320864989,0.17239079643800193
843,1.938354649794011,1.9936416940846,0.11678435206788072
844,-1.2840078747219241,2.2903945271552377,-0.11842501930504254
845,-1.3667159617699707,2.2474844643533296,-0.10060970867170693
846,-1.286516682080791,1.4829655394541397,-0.14274502954324012
847,-1.4809816755881122,1.506451305346071,-0.11827632077554712
848,-1.9441174302000348,2.16753533476374,-0.11318234742014323
849,0.21710222563699247,1.6565227648234866,-0.07444850961175048
850,-0.07207827125415675,1.9824450878191395,-0.0017931446410343497
851,0.8828116350221512,1.8242607341422168,0.025803809527974345
852,-1.4685086977240942,3.708288439574637,-0.11809256248838658
853,-1.621980199066299,1.1726289646731607,-0.08579332579156845
854,-1.2470243021907377,1.4189678667219037,-0.09660206721739394
855,-0.5204256112311217,1.3388040056569632,-0.031369250585893085
856,0.1615514366253322,0.7684195785269118,-0.0519429263114457
857,0.2200409414611194,1.5282559439953474,0.0006357971317996778
858,0.37654495754602535,2.284893570648939,0.02857503684097703
859,0.3405347795877688,3.048523696046489,-0.005642708071695206
860,-2.1509171729116443,2.7143248790831582,-0.1908570451525441
861,-3.1363844581850207,3.3235007499309392,-0.26689272413363335
862,0.8421215815940771,0.8103147943344892,0.010673149086044402
863,0.0071770428629376595,1.2439615298972744,0.019017718065334387
864,0.7445225790149791,1.6519931903426914,0.0001714248931250478
865,0.8593772586206575,1.652662074662175,-0.007799555044046679
866,-1.038480415985172,3.5981426177518094,-0.15014742615627302
867,-3.2195671953221074,1.8517718325533745,-0.21287490053163227
868,-2.1605852531701606,1.0186138571558867,-0.21027656231371356
869,-1.904943708696588,1.0584898428399667,-0.2709842932531814
870,-2.4879536156349724,1.1442451910267302,-0.29592572995291017
871,-3.3156074476105473,3.597936555057491,-0.36892158293445665
872,-2.243668267087957,0.8716109755179342,-0.19719268488065111
873,-2.854504358115152,0.9678830760314554,-0.21853338506962983
874,-3.184146361300887,0.785495820959118,-0.268718244734217
875,-2.1249765128695297,0.8611090984238734,-0.1459051990620214
876,-1.1140796672966147,1.0094948220466287,-0.13566916560462927
877,-1.4347946303962593,0.8673273402364217,-0.1273244316929957
878,-2.492559878621709,3.2611915057568193,-0.19492257471293487
879,-2.0929775618144597,4.160514418040451,-0.23565746377207716
880,-2.0761531507317676,4.09728432996377,-0.2348833244288864
881,-2.0484977313196624,3.583479649164764,-0.23543588202159477
882,-1.9257355411718593,1.1338621984635586,-0.1293145640999797
883,-1.176745386074193,1.3755841304335912,-0.12894454271719488
884,-1.7616572573834806,1.8095094087344448,-0.19806857183329116
885,-1.833192995544121,1.742080191806748,-0.11291003403455031
886,-2.286176679801937,2.2237351058548263,-0.21664039354347533
887,1.0366863245810032,3.853106044177811,0.027523168391766602
888,0.9899482625605333,3.9480863659570096,0.011326300305423755
889,2.7715195300042548,3.6094654740114276,0.18272879597743688
890,1.304102998696415,1.436394888020018,0.12527225100304523
891,0.6022530327316051,3.159754623042252,-0.02246650769332263
892,0.3888016566473121,1.39316519939705,0.03729933550931553
893,-0.7123607102425471,1.1353206821722182,-0.07302337060512212
894,0.5859904322720805,0.3937101872425098,-0.058275307158355945
895,-0.41465992012049585,0.3341940016339236,0.014387669961198387
896,-0.6419612064047155,0.40283675533157765,0.06245936707673695
897,0.057148915227190705,0.41207761149156963,-0.0774742644180454
898,-0.8465755505147643,1.7466210610417068,-0.07958305900480066
899,-1.1309855890195466,2.67507193628381,-0.120786351389153
900,-0.6205605724204023,1.5058840692826234,-0.07904717485754592
901,0.12219754235697348,3.0036848664596745,0.006565636201466966
902,-0.5522080085832072,2.5335373383880135,-0.051160747042633986
903,-0.14083063087556422,2.846929610892071,-0.10479809371328892
904,-2.568845360169182,1.8726544530171767,-0.14601214909072543
905,3.1152061018965793,0.8521273395066927,0.2443011196240497
906,-4.425188507129314,0.48070088515955517,-0.35146278506576445
907,-4.247166910972152,0.3890845226372206,-0.3224713037850117
908,2.1598129435142,0.42321704927093,0.06686339205501088
909,4.7464388532594874,5.5524758961014875,0.24775419396591314
910,4.525829861456359,6.1054482275274555,0.29890724322379036
911,4.2862305892742745,1.2885437654595566,0.3011586003665775
912,4.594590178807744,1.0871790909425298,0.34910072309190704
913,3.003510717575832,1.4782649058639894,0.16322366541947264
914,3.805716158621542,1.5375240814345932,0.2308154980782499
915,2.925832399222395,4.0797623563590495,0.18357617032683504
916,2.934447568418233,4.06514748206558,0.17572848941438013
917,1.1972968552184413,1.33109934285324,0.05155316297540521
918,1.103030724715013,3.1164035709027953,0.0057745942461783295
919,0.5630459596821762,2.0672194222516556,-0.06134999286840294
920,0.17639208755676355,1.753551319540304,-0.04943872498700683
921,-0.20483300476605634,1.6684619174946391,-0.052105929877204034
922,-1.393808481709755,1.9217475940329363,-0.13144548736603526
923,-2.069607656638387,2.309641591560213,-0.19533816046604233
924,-2.8647946869483496,2.4601201642122303,-0.21430208652455604
925,4.391268300823994,2.6240850961458118,0.2926318431972223
926,3.7589270274156124,2.5460966268312286,0.25117440277729697
927,3.347480429438327,3.23359900439586,0.19537340308144424
928,3.6858857226590294,3.2722992700346674,0.2589271104950426
929,1.279525765752299,1.2843133185933993,0.09892407436880153
930,1.0515895907481487,1.2654030756525856,0.09641809356506978
931,1.6433336732722468,4.1610117510175195,0.11339384385622472
932,1.496583653850699,1.285592815417831,0.12140738871260617
933,1.8466011658625907,3.3283246985223256,0.07489353740547124
934,0.7681494235698513,2.8596945322724285,0.057662055158204134
935,1.4611991709575876,1.5297990817979532,0.06892770809184869
936,-1.1800050427872935,2.895663395888883,-0.13706271660088928
937,0.1720870364227327,4.550467429786476,-0.0209419357525741
938,0.6245166194240666,5.229666921694924,0.007545379607537098
939,-0.9075743219344696,1.2134629002210457,-0.07837650444922793
940,0.1365316082001174,2.021644216632295,-0.007805555023554904
941,-0.885201025365876,4.02073536527955,-0.1045567552812189
942,0.9381397136867212,1.3724516684776809,0.041694823074762494
943,1.6260804087491183,1.4081440056457497,0.0004507001668843742
944,1.0110886027676083,1.3012911757694738,0.1565042236097352
945,1.236217850949517,1.245668683056676,0.1819045636675485
946,1.9730187332292215,1.2234833500169655,0.13529933653402365
947,3.063292663285716,1.4471004034776405,0.24314079872498123
948,-2.088528455005468,2.8075469136964903,-0.23729944108873152
949,-1.5025157641448794,2.9741139720332526,-0.12024441395529299
950,-0.7573978895967026,2.7042014239263064,-0.09614578880276697
951,-1.0878683661183153,2.435630775170488,-0.09519293517440498
952,-1.0857801469314678,3.6222220172508504,-0.09806949041672743
953,-0.1140247401620205,2.6861960463061583,-0.0033011237662297333
954,0.22063603437328244,3.4128673079875833,-0.047316216706966736
955,-0.6938414134657054,3.6494637153292433,-0.05064726513771515
956,-0.35518778112643773,3.4673937849893686,-0.09742869321085318
957,0.7208531431444983,4.061865510138752,-0.018819995090772146
958,-0.12101171471561062,2.9364549902632024,-0.06451462922394163
959,-0.2536500000767701,2.7385224164357567,-0.02330137373004908
960,1.1506925492974138,1.6183949712886851,0.07186592989885504
961,0.2626919445351282,1.4719101197299942,-0.008536422846925634
962,-0.4158985295928447,2.0138632801137684,-0.035683567360948895
963,0.9164322861627912,5.6921574308214495,0.04590466167136623
964,-0.7894740799978687,4.211923103045822,-0.10953314361471406
965,-1.0228845560001936,4.027250892184187,-0.11868529587894419
966,3.0175117045569517,3.243954887701865,0.19628259555198285
967,3.2204284709608446,4.266069147114543,0.1807405730067428
968,4.139417411833823,2.9396762706103945,0.30972365933155094
969,3.978970967992686,2.788491530838197,0.2875150752952453
970,-1.569471193385885,2.513444243308045,-0.12410375870166833
971,-1.676315853430457,3.6268756434783618,-0.1779525983881797
972,-1.7751171989314127,2.323879501972014,-0.19143559031791732
973,-0.6175477696105446,0.8380622500800727,-0.018170259429103327
974,-0.39712614401809504,0.9061303724731417,-0.06588191992732945
975,-0.6880841577907613,0.8437369989680062,-0.04675557157969404
976,-0.2503048793487472,0.7570028397133917,-0.05240718596374018
977,1.2094449410639918,1.4531184225814882,0.08673438447102165
978,0.06209892296750119,1.9792491852270635,-0.03854489528650733
979,-1.8275519341778452,2.2644645000485224,-0.18292117909598188
980,-0.6782516586489828,4.939074872931529,-0.04751031465240138
981,-2.3917336670681757,3.261424417033846,-0.1850067155005668
982,-1.01603052390113,2.3477003615865626,-0.0616476263766698
983,-0.9132312370935832,2.217569419574812,-0.07994809343250635
984,-0.008915293763467154,1.6925463118078494,0.01874194580855062
985,-0.5912053855781356,1.1201590635602103,-0.09055772009093785
986,1.0831946005645972,0.9226157595929211,0.08938335767368089
987,-2.7727735598199565,1.0041167187693592,-0.23735529927802812
988,-2.596378882723703,0.8999309627951597,-0.24363814365932537
989,-1.3441506368256702,5.6716113869356395,-0.12844076412386254
990,-0.9855065284167267,5.168270827005769,-0.14199189103101034
991,-1.0091305243790611,4.812358208430238,-0.08897585279689044
992,-0.13389705063897447,2.789323235617116,-0.025672179216412204
993,-0.18227637434294428,2.813181415169304,-0.021074238727662894
994,-0.5770682934885019,2.158555683444409,-0.06571366394629898
995,0.738075370550803,3.274127358369322,0.04012716108629012
996,0.8056502795229139,2.846918136852551,0.012346821274321174
997,-1.6887068822117446,2.5168580974497026,-0.1338413735067079
998,-1.23736232886626,4.178491868359805,-0.14368417426095043
999,0.03758083728623734,4.465927559257248,-0.0292542385699427
1000,-1.9237455055631731,2.6182235063772135,-0.11732682224317208
1001,-2.107503718947487,2.5060964165608803,-0.15341712847381722
1002,1.5698387507354368,4.708090502813074,0.08796054088147845
1003,1.7561247003204832,4.763044241335508,0.08505572000244746
1004,1.4757532817901717,3.5195157622359003,0.08534362220596343
1005,0.8481895857481969,6.2089609033711,0.04345621181147743
1006,0.972506770590933,5.290443500827729,0.04309173624951381
1007,3.690256505363335,2.8044184890417663,0.1896134334873465
1008,3.657255619631854,2.894035604359176,0.276268497702118
1009,2.2278413658982155,1.986284265084716,0.1498564012883771
1010,-0.1999177774310174,3.6843751379767524,-0.04153052434299036
1011,-0.7354938549456193,3.4738292882270274,-0.12153518991270475
1012,-1.0251337215231235,3.444225649750109,-0.1060632973095402
1013,-0.2634518565524493,4.319116509375144,-0.03227938781446905
1014,-0.721804066344649,2.9087989744381035,-0.09694451679632217
1015,0.33628650717792546,2.8355331360240714,0.0025690399977663144
1016,2.835904028102133,0.7108241893445708,0.14755851532968822
1017,4.151553281343917,1.3094767781812289,0.2351063877275815
1018,4.132148677998397,1.368949024150318,0.23345258536967578
1019,1.9471722594991532,1.371721845465813,0.09179281036419475
1020,2.7834022544032413,1.5852776574324547,0.2144447139021366
1021,-3.2766618045175715,1.9770055527243997,-0.3194897966310537
1022,-0.988022560146116,1.1536852061578555,-0.023689288258291738
1023,-0.7418499386223767,1.135654117736608,-0.033401502296454354
1024,-0.3870980161477483,2.294041374109489,-0.06912088183330227
1025,-1.2934756094949758,1.0166107477317574,-0.1444239738365142
1026,1.98892001349836,2.2321353399768045,0.09693784822411378
1027,1.3807667601090892,3.790305475909106,0.07385543532746774
1028,-0.12731966196151223,2.5493646894695785,-0.04244617985876501
1029,0.37567385937984543,2.7082220973241022,-0.010959563966615161
1030,0.7199630954053807,2.55593152333317,0.023272733802055582
1031,0.4959338610034959,2.203767820027677,-0.004896079323900297
1032,-0.4842564958464103,1.2692728886938072,-0.058036890180399314
1033,4.599421560555329,3.3994254644961486,0.2610726500902158
1034,2.490834702101793,3.3833956334566357,0.201356891989682
1035,0.4015939099535812,2.605632198525573,-0.013528306055560806
1036,0.21841829175677693,2.8190265194911706,-0.0008083365243944226
1037,-0.38453277580135886,1.9390800319543653,-0.03428496909239198
1038,-0.26312028182889047,1.985850774315322,-0.047747331102750784
1039,1.2839532729616498,2.086353407614417,0.041154333780558924
1040,0.8268143767815608,1.7429532010602813,0.040735348317175527
1041,-0.417955218059485,3.0842707536803604,-0.04264191086328613
1042,-2.3142383422877724,2.0215665471734026,-0.1711787890360476
1043,-1.982620677568022,1.7503766626325137,-0.2485584859758293
1044,-2.1690039696465346,1.8839510309251641,-0.22752368462426056
1045,2.0844517868961083,2.904208645939813,0.1613386426389847
1046,-1.9767772742975869,2.520113908014669,-0.2122773195320093
1047,-3.405623990214272,1.5617188817162315,-0.3128037194972858
1048,-4.25355895764397,1.1336852807947921,-0.3241968296974606
1049,-2.20999914133524,1.2248903009751058,-0.21419565163194207
1050,-0.7390838270915082,1.0279755142812466,-0.11361441473191053
1051,-0.30568904583911866,1.086855280819349,0.00011137411006487427
1052,-0.7480621858554463,2.3041292528742314,-0.044205990827946004
1053,0.2916042607098773,1.4452314472441228,0.044368521048155904
1054,0.5012259732202282,1.8006646124563217,0.07115918355496274
1055,1.981206258897365,3.241562480284542,0.10410902937979362
1056,1.502611374364321,2.811984634626312,0.0726588821944785
1057,-0.5827915188750267,2.5800725860151017,-0.07618362302968314
1058,1.3154098486192918,4.645012329114335,0.055989251198506756
1059,-0.8681514756178375,1.5631578292334818,-0.0841896836830141
1060,-0.503467084530379,1.984186252511692,-0.06428922370574272
1061,1.1031949659451732,1.918221476493681,0.047234742892151474
1062,1.8573692652310914,3.561609937489832,0.10789419677001989
1063,2.156734385130271,4.092921315457646,0.11060364829616107
1064,1.9932558907976896,4.006123186411393,0.128619085331911
1065,2.067427399607021,4.04203084970829,0.15828726648969024
1066,2.7011924364626174,5.668322850517004,0.13911977914474782
1067,2.9041920364028964,7.922997372850515,0.19872372893607446
1068,2.6010172916983025,4.963170802638176,0.11423897764228752
1069,2.263421327376508,4.74529080596256,0.16239473550651973
1070,2.6300896272086587,5.01812778391051,0.1441134222604732
1071,2.6821524159435097,5.469786147668412,0.13300784926226483
1072,2.224066539470177,5.459786909213683,0.16371333032271312
1073,0.566906038569416,1.8597362677304492,0.0325659591364104
1074,1.7645567352122786,1.0074579396531629,0.08725470702168164
1075,1.520009402482263,1.0545625534722662,0.09268655157405896
1076,0.2015046374709917,2.4296497653555162,0.0038312889482126624
1077,-2.09293352685727,1.3971999646358146,-0.1522395940580608
1078,-0.7186318120150046,1.2879669226208479,-0.13388849562345173
1079,-0.915674111658666,1.2919848869502495,-0.1064959545775501
1080,2.000334326409654,4.255727895442649,0.10360548604113688
1081,-0.6456537446302022,4.257726881555,-0.06541811337944371
1082,0.6409181916213538,3.4109898080172414,-0.03213550510623421
1083,0.5840166880819917,3.3821715141716266,-0.026447707730735962
1084,2.512528996853445,1.7568680702218227,0.14993645718479734
1085,-0.018783211052476132,1.3779428687179847,-0.06120726701777367
1086,-0.9750330030670733,2.432541669063885,-0.054982335761105304
1087,-0.2689093671222619,1.7049037840337948,-0.08399384589901392
1088,-2.533296093994027,0.685687893111685,-0.13639726268793945
1089,0.2700424001291699,1.1862216802348995,0.05716370134572694
1090,0.21413692057859965,0.7212856304895198,-0.07034795225651252
1091,0.22630410708861118,0.8820285682413689,0.082599908806319
1092,1.024001346476133,3.4646080392927283,0.013491511429746517
1093,1.0130124268293446,1.339073714523981,0.04780047157237941
1094,1.7669601132171393,1.4559061482920321,0.11823671419704782
1095,-1.4938757241998368,1.9021709774888955,-0.15578206148112253
1096,-1.9355439243373103,2.7199836347892634,-0.12229417031301858
1097,-2.053656744315649,2.184444913838489,-0.11690690741716345
1098,0.10151636964228189,4.343913223851863,-0.04197098200292979
1099,-2.2513110014836824,2.1080548621529536,-0.1556872560549491
1100,-1.9489834203957894,2.0579616688070694,-0.1853359960114237
1101,-0.2775751848215538,3.1195544200057377,-0.04104943205319215
1102,-0.19596695833506328,2.3000566426461093,-0.11389643091138811
1103,2.671946345216412,3.0016852113967643,0.14199344290731916
1104,2.343301669355845,4.740813796166068,0.11542698500276427
1105,-3.4535082367724286,1.2720882537757505,-0.2670365318261944
1106,-2.191139340075916,3.933619703182873,-0.19226354787258837
1107,-2.3873801363950085,5.821253666077351,-0.19085310018786575
1108,-2.283684389471914,5.656430621160706,-0.19103275929279637
1109,-2.834152117035986,2.0097111910015095,-0.2588373387695523
1110,-3.22918040864887,1.4723551988042047,-0.24003252963369953
1111,-3.0292589678932433,1.4343353574630604,-0.2889614108150975
1112,-4.34382760353213,1.8346990839963953,-0.20792260439388144
1113,-3.3867827207591623,1.6274439620554604,-0.2207009521139438
1114,-1.8077833422857517,2.6545381851178407,-0.21890076066533481
1115,1.1604571303611184,1.7844509625281006,0.0991962831343367
1116,-0.20572077439165617,1.21472556272088,0.021188432642624894
1117,0.07891253246220212,1.775457483198154,-0.05806305595276293
1118,2.965456357629759,1.2602022581566268,0.1707627530646959
1119,3.344062879893366,2.221572431015081,0.2012283212905743
1120,3.0407803055267912,2.216824695658894,0.22900713877544077
1121,3.202058750075911,4.065312227209298,0.18531527395546854
1122,0.4064532426038983,1.6035380464244096,-0.004105364169238363
1123,-1.7222052084159365,1.4589850814481704,-0.12010807858408605
1124,-0.8686267899781421,3.583731327741306,-0.06637977022658516
1125,-0.5530452048421322,3.6620731338631662,-0.06823338739652542
1126,2.1578485454734913,1.6286330539570077,0.11625484459607244
1127,1.4836075903424923,1.8619332066832905,0.10166259042666177
1128,0.5207649489876348,1.5554630874068909,0.03542909698408471
1129,0.5824815325126207,1.5983482784124565,0.0020385119117358325
1130,-0.516281101595577,2.202506353353996,-0.05043592851991827
1131,-0.9461016711757392,1.917592765044626,-0.08154881327083138
1132,0.5003540153376815,3.372869034575175,-0.0011247487831911168
1133,0.4088229756660145,3.0790367612758853,0.021580367855738417
1134,-2.458479878950456,2.2795169057874687,-0.16475293569794372
1135,-1.0390753925274487,2.870371533489344,-0.06108380198443678
1136,-0.5109576502995642,2.702787484422261,-0.14527952532848465
1137,0.45782902991577135,4.259862032036364,-0.07044389283961996
1138,2.140850611826843,1.3482408425548082,0.0746348999189758
1139,0.5359005831809446,1.5352938846000923,0.08122911049132057
1140,0.3422283106923301,4.322766857752146,-0.04548618954647135
1141,1.4222599379398135,2.1966275092234078,0.08885070824740816
1142,0.5807288564868469,3.7204392541359486,0.007714233134298306
1143,-2.86719352907812,2.3751496820915405,-0.2868084443001872
1144,-2.0182623266489856,3.5078397180397887,-0.13852205577114943
1145,-1.6424172394458945,1.597831700107753,-0.1945405601349214
1146,1.4510482740160842,1.4322958595755957,0.007522972504221994
1147,1.5976957809351164,1.4229381879538063,-0.01060422698781489
1148,2.042713269659842,1.5003354483906604,0.19321911063429278
1149,2.4014100911746645,1.54018365726212,0.0896159887779136
1150,-0.023799298180197645,3.3420198478165495,-0.055904377758834674
1151,-0.0973994435990333,2.8737978462184803,-0.02611025120037576
1152,0.06594683962163987,3.759720538804829,-0.06131895747567101
1153,-1.8266545103560103,1.1171215982561655,-0.18916098345170682
1154,0.527470523938608,1.7179223172007345,0.086377143179416
1155,-1.4515004138518257,2.4175621844634474,-0.17727475837146936
1156,-1.8781508673042684,2.5873014370823464,-0.14153147680111616
1157,-2.444741422060937,2.5409491041708128,-0.22786801484145885
1158,1.4775247360499861,2.772330116650329,0.05991592145300372
1159,1.3452656024597474,2.966958387169414,0.10178052017854629
1160,1.0357160498113653,4.718494528807179,0.004583042399685553
1161,-0.38555319218845474,4.4745360881283975,-0.10197816292922947
1162,-1.219057799957254,2.960034994821176,-0.07753043738885308
1163,-1.0224525752434899,1.994226251275795,-0.14014157589876441
1164,-0.024676623104341773,0.6708913834397763,0.021836865229642045
1165,-0.4437840444398368,0.6185612635910591,0.060238367910664385
1166,-1.1278961398304994,2.3368307158037953,-0.1649172315478949
1167,4.927567740635725,1.6682060075079697,0.39930849873145324
1168,6.1579571758690905,1.6600800204578414,0.3934482526427457
1169,2.9282489196409305,1.625400039621822,0.22336216138275747
1170,-1.7903061690284157,1.0178543421063497,-0.12963745016249348
1171,-1.8018540913463206,0.9591759093251467,-0.09247857506511842
1172,-0.7043315474541332,0.8956689100363704,-0.12921992343647784
1173,-1.1252442212090354,1.042753198956367,-0.09592625726367725
1174,-1.4906958255192069,0.9287975070310849,-0.04481255114736001
1175,-0.4310323940625097,1.2213439876769727,-0.08312594180476325
1176,1.0560161934876005,0.9214053256936001,0.09815020642582566
1177,1.621651479182183,4.917349504693025,0.10988205290179627
1178,1.3843483672378745,3.095274203494023,0.04332548959113892
1179,-2.9421644715917084,2.66583944144781,-0.24818222138360718
1180,-0.8062110207307944,4.361671962494408,-0.09591391681128195
1181,-2.3776791086556353,1.4914172054613561,-0.19790667164245648
1182,-1.8985059994231341,1.37363990023773,-0.17157840393279408
1183,1.8624224655391977,4.004502804538382,0.09641763977003132
1184,-1.7765235565985762,0.8289193302933369,-0.14293503143831715
1185,-1.9432599271575204,1.3256250478725364,-0.1400081399466835
1186,-1.551793363891408,1.6765071609453195,-0.13099379519299356
1187,-0.8909400841888822,2.232409183984352,-0.08423523321396685
1188,-0.8102948890992793,1.7515861826755161,-0.09048734147843288
1189,0.7582547206337856,5.035776366061547,0.03612907224611526
1190,-1.0180189289818895,1.1427248075873724,-0.10139047257870362
1191,-0.7629222862973434,1.1669563104017708,-0.1488525662089274
1192,-1.898301799898587,1.8946026461738736,-0.10383121090056119
1193,-2.1173205952343968,1.8980256478155368,-0.1468201158941837
1194,-2.1016605948823823,2.2996925170780815,-0.19081892725185573
1195,-1.7690318620642893,2.6193038201628145,-0.15899350513968097
1196,0.5643095817299982,1.6939270128135564,0.0065337824491499856
1197,0.3742745420182165,0.8821196812619584,0.04244344538538776
1198,-1.3244967528129001,5.232839973628353,-0.09531503218496509
1199,-1.1108418192465674,5.271179780011894,-0.10231219087630375
1200,1.7257818665456583,2.4652457570401274,0.06347485209213888
1201,1.2029357473726985,2.4150906413878235,0.06914589622249914
1202,-2.4081561989812843,2.471020406848032,-0.23843683388143083
1203,-3.2743197649232645,5.79501606570742,-0.3043778991549973
1204,-1.713525233733226,3.379524848779079,-0.1625756822855345
1205,-0.6314404972344251,1.395114093644348,-0.12366108979889164
1206,-1.2061154924816322,1.1002192525398737,-0.10237801268072468
1207,1.8103704461965904,2.186458055157965,0.0852523070004264
1208,0.7694585773843601,1.2693139505379156,0.06431109337194402
1209,1.1060434757214963,2.0541065493576216,0.07168116734616602
1210,0.7889101557674221,2.1473926205590828,0.11042682474928917
1211,0.0282906412630533,2.0369005423949034,0.04822285798496654
1212,0.4716219899647136,1.7042555512117616,-0.005618015071394995
1213,-3.093004808867569,1.7890605932110608,-0.21553302902513818
1214,2.9038660190025354,3.2845991275430686,0.1481616519377293
1215,0.9162518442895993,1.5340748381857487,0.08301256633514766
1216,-3.5438865124417624,2.017263735037218,-0.2447686012975901
1217,-3.5417512351052074,1.9646464488493933,-0.33413031455237424
1218,-3.769724994862638,2.824250801006426,-0.23900816943217335
1219,-1.3801770384068028,4.448529282388187,-0.10487454529708853
1220,-1.6384084729909787,3.5499902726544037,-0.18609188111876704
1221,0.24118181632647562,3.981403980317118,-0.03177843093490292
1222,-1.0112876314770562,2.902169902939915,-0.1057113928318361
1223,-1.1208060046559727,2.9461444619532764,-0.1079023483015229
1224,-0.31574981603335106,3.5007922970103356,-0.060191155368488174
1225,1.2702593210926656,1.5445302665397451,0.1113322010395042
1226,1.4939557461776343,1.2236983744602241,0.030858959072012186
1227,-0.19350780695857486,0.8168697518364225,-0.10968211870696327
1228,-0.014309580159897127,0.7884546608958438,-0.1067370346602702
1229,0.31409743435119186,0.8153323862661983,-0.13066012186934597
1230,-1.1657276462491557,3.932613940489901,-0.11100245128750232
1231,2.313072983621712,1.7670093573863745,0.13355132881803702
1232,-1.183677600501873,4.974056691272736,-0.13201730368520975
1233,-0.7170411333801927,4.545888834263554,-0.11266758774259196
1234,-0.898814996291379,4.551428087664097,-0.0976382510184262
1235,-3.393673470350454,1.2857549281111436,-0.29981106936851953
1236,-1.7402860565266605,4.166124235207122,-0.16722222820409482
1237,0.12067783826040411,4.344829103697397,-0.028210478685566642
1238,-0.8451460302415883,1.8037881234825865,-0.1306527218137352
1239,-1.2389973413847295,2.28125594095625,-0.1551952176568615
1240,0.693276148038712,3.1442964186470546,0.04133440968301958
1241,0.1090602770560221,3.1814048930135868,-0.012594677967300348
1242,1.4643176385041305,1.7337130877864357,-0.004361472200275189
1243,-0.5259683565241549,1.1787299483727265,0.029770164857009878
1244,0.3001256521493317,1.0729284062841329,-0.00797190460522597
1245,0.828581813487574,1.7476718252545873,0.04883170610433604
1246,-0.9809831997389097,1.7499059452863177,-0.10400513366932643
1247,-0.10528703124008688,3.4264223780201064,-0.01085698266215764
1248,-1.4349465162244601,1.2557988609855193,-0.11222619535790618
1249,-1.4294716086312296,1.2401912380052247,-0.11355557440976899
1250,0.07557181919451841,1.4770434217581891,0.009122832053067693
1251,-1.8558778489203764,2.942741216121082,-0.17773021387077284
1252,-3.659816887185796,3.1249644935991325,-0.31023375712442186
1253,-0.9310886776384707,1.9405644635743386,-0.10313753236514818
1254,1.7512013371222233,2.9345872874939927,0.07672742875640287
1255,-0.10991110387174882,2.8204020015238735,-0.018754221911538478
1256,0.16227989534790882,3.1921366119066445,-0.04548619460199545
1257,2.321735113584001,2.0989508214532338,0.20393369821273746
1258,1.310908318526173,4.323588658444118,0.04084628058935342
1259,0.3292417802872386,4.247412576195167,-0.022112754514734486
1260,-0.7707468231478318,4.675444204370361,-0.11109905864461762
1261,-0.9235093966595154,3.9352936782379913,-0.12496551903932215
1262,-1.7091411796549651,5.362194728120899,-0.15860934997874027
1263,-2.6273677519503305,5.548624901248939,-0.1678246777714127
1264,-2.3981416451116413,6.387613533507684,-0.1911530123136343
1265,-2.2686985527970163,4.252267400268929,-0.2191595462016399
1266,-2.42434077613693,4.048007725957953,-0.18299929996740147
1267,-2.0504653959338963,5.740153366997327,-0.21104183728060344
1268,-0.2890099464511127,1.931060145104928,-0.06070986907499955
1269,-0.23411597150884805,1.9933997952283795,-0.05980474078313564
1270,-0.00011648469913529735,3.4103638851305664,-0.09138820320709296
1271,-0.12323450211196958,3.3842896290191877,-0.0622963099299003
1272,-1.6003887166576243,3.142758271850256,-0.13155971228393085
1273,-3.000437208772637,3.1592490326871765,-0.2430747949525853
1274,-2.791956003891964,3.045105751460417,-0.2390606303034007
1275,-2.513322076049789,2.135056761516579,-0.2168688173952131
1276,-1.2037649989312806,2.4136862022527628,-0.20543066216758696
1277,-0.4049781945409123,3.3638434696715,-0.09545999186336057
1278,-0.7617983142136288,3.739742776124423,-0.07702080319606419
1279,-1.0885211729268054,4.558192523537461,-0.1341575070112503
1280,-1.37931665186965,4.5611738111606845,-0.10799835071573427
1281,-0.8073171598388318,2.8298431100260464,-0.11825069963091914
1282,-0.18609494174485447,3.373020662308459,-0.013259592623344816
1283,0.0028092883811671075,3.760215923402193,-0.061650718235349594
1284,-2.4202513000651185,1.954458379347906,-0.2596309219861377
1285,-2.4102477032296568,1.980249266119931,-0.26289306509055643
1286,-2.7054410646654303,4.44718927043532,-0.281186016446459
1287,1.3573130816082666,1.1483217047385987,0.11454259462541244
1288,1.6434005813487833,2.1772370490003383,0.07744722278780045
1289,3.328540729759181,3.0247584349583243,0.23092420791665644
1290,3.330605043617289,3.0931415444062305,0.20639579542462824
1291,2.325040064505151,1.7189851523224846,0.1341951150133197
1292,1.5170679039866082,2.165344301915074,0.10539119858426879
1293,0.21347483441808837,1.8886954414671167,-0.025092149082685856
1294,0.5041791622372715,1.6770047333349314,-0.03768521877214087
1295,0.28815422309347183,1.9593437498309265,0.045386098164206294
1296,1.75209462235621,2.2391979695710273,0.03287243513959057
1297,3.0220307058639184,1.9936863690585458,0.14122679625890439
1298,0.18545828055715502,6.126111833384348,-0.07101630595563016
1299,-0.03802002833270846,5.7675120450165105,-0.06733128114028275
1300,2.452507751465882,0.8350699928640423,0.20473019702643167
1301,2.800449597034175,0.7858073617811647,0.18523639784136098
1302,2.4488989137753006,2.906595252785464,0.11884112812324082
1303,-3.9908876729319624,3.435162768717574,-0.3488251251241617
1304,-3.6740811060287744,2.3460256777544792,-0.3349185481193923
1305,-3.519474704880364,3.070330156796548,-0.26402866713377027
1306,-3.045287179136365,2.729725069132442,-0.24886219386552946
1307,-3.3519821363334543,2.87026958014156,-0.3160386356266383
1308,-3.0005563256249244,3.8767042533066487,-0.24780135215608495
1309,-1.1790881711233732,3.090372599373717,-0.11219121291253999
1310,-0.9289690348203528,3.321473888987939,-0.12036426394443563
1311,-0.09432074600808876,1.6738838955428144,-0.06015475775554657
1312,0.6165884444696608,0.8183720603457134,0.06904603053401366
1313,0.6133998229480269,0.6895194950316551,-0.007139738658717566
1314,0.5741513094610114,0.5988301198565743,0.01699003773318306
1315,-1.2169531950213246,0.42274444859380933,-0.0810342441271308
1316,-1.302035787128856,0.5503446383431556,-0.13658308616529907
1317,-1.3831850785745545,0.762683380144089,-0.14466438639152102
1318,0.3963503216796214,1.057111998960123,-0.0017808748104820417
1319,-0.6870760368557526,1.157466676181954,-0.056999884470018115
1320,-0.20036447048700898,1.3217139597024519,-0.06385421482089844
1321,0.0461213042684702,1.23471781530328,0.004945942358408951
1322,-1.141155618901187,5.898636099832937,-0.11858905948573409
1323,1.489805393824472,1.1210001996509644,0.09773001783614088
1324,2.3521664282921866,1.2194714649394174,0.08658111676045534
1325,1.415423370965938,3.5919391890517676,0.1492421242063559
1326,-1.798528377532074,1.078820323794469,-0.24918310250072603
1327,-1.5083442336186692,2.6310781632744775,-0.13360215526946898
1328,-0.11355614428673552,2.3342511670662778,-0.04874094693675833
1329,0.7012289058816854,2.891803184512889,0.003772958412556834
1330,0.12515989774897754,1.5610580324598933,0.009779155619244435
1331,0.4933906651860212,2.240577528084301,-0.03687118437353677
1332,-0.10307935552479355,2.0325832801682213,0.02076367196686286
1333,0.012111789722514494,2.380198089583386,0.023153521094300734
1334,-0.24899879542964715,2.1914105843178207,4.477984484829958e-05
1335,-0.24936791695120133,2.336203805428816,-0.002744858417378813
1336,1.2391945488600173,2.221489091647829,0.01683482043887773
1337,-3.9813619265426365,2.173436347365476,-0.31070049381630865
1338,-3.1534048540578685,1.4052280102490717,-0.24342118380901998
1339,-3.3419716769167684,1.0877024847298389,-0.27166517514114813
1340,-2.426425198422771,1.4501183351740232,-0.21126530487628842
1341,-0.24166439769664064,1.7354407801775042,-0.034241164119120614
1342,0.07441936288825182,2.7113031927357216,-0.023760138553096014
1343,-0.8546387268295672,6.834148338397326,-0.0967655480914547
1344,2.8094264343308435,0.8771264993124637,0.25214980274484255
1345,3.2183807051461963,0.8273460842436436,0.19917955134648416
1346,2.6178989006294806,0.9468975631002885,0.12173914856890101
1347,1.4018011685954703,0.7929043494277,0.15573158595964814
1348,0.49050273146155365,1.0400190858671239,0.00747016109593483
1349,-0.20272129231020744,2.5986371639024326,-0.023525402026899407
1350,0.06026348232462651,2.2005416151465678,-0.0384149786569276
1351,-0.11237978040981099,2.2276641251782885,-0.020909479431431278
1352,-2.969834684417603,3.861416525806066,-0.2508120658677143
1353,-3.7976858068837394,3.2263607497797473,-0.31135831607054254
1354,-3.009063786780006,2.1218060326062447,-0.24844353570181082
1355,0.47312386514102633,2.739079641565367,-0.008353368608948804
1356,1.787660911477579,2.2939152367694544,0.0914893124859852
1357,2.187614457283209,2.305148699346526,0.0924801543072611
1358,1.874769672273954,1.751684462987831,0.057591861433207395
1359,1.592687837503802,1.88191802311854,0.0986474353695533
1360,-0.35226183811038075,2.6555406779478647,-0.05131093806681734
1361,-0.2729748626113928,4.143095110242607,-0.04422036883786744
1362,0.27304028086713966,4.860329102819191,-0.09021967037835879
1363,0.6429182637016657,4.995573936621033,-0.09599662032465425
1364,-1.672064050797832,2.024411970572936,-0.05608341207663503
1365,-0.5071315084303121,1.5985732670895947,-0.09954670297871562
1366,-1.8466377457068315,1.5265845435034313,-0.14042581238975418
1367,-3.190214687452353,1.4517897610987895,-0.2520829741290758
1368,3.561674080269082,3.156754011511131,0.22158614082781253
1369,0.3242245067871925,0.8262216165379282,0.03775766811215195
1370,0.4558964485048906,0.9070935642706385,0.022987898808330305
1371,-0.44584294324662954,0.8434278917065644,-0.043912007262783825
1372,-1.5937445818649414,0.8364296943819083,-0.027093501505536167
1373,-1.7700534970090702,1.9399682210774691,-0.2093923934952597
1374,1.4897845434678139,1.1912002139205293,0.06662233588644356
1375,1.0036034769904756,4.39582330056391,0.037506519923373664
1376,0.43856892223274513,2.999985321678549,0.003294562567954769
1377,-0.30585577764595684,2.051589015954208,-0.03618536150499203
1378,-2.483225719959325,5.6805697696751745,-0.2689186301628907
1379,-2.708737964318039,5.137872715746513,-0.2771344000493356
1380,-3.975472007223977,1.557536524175408,-0.2940573529125897
1381,-3.217964331522922,5.265155218648521,-0.251382202139467
1382,-3.8158067813824377,1.4125049576461288,-0.3018551073835022
1383,-2.0896167516996664,1.6214560118990653,-0.21523192432652974
1384,0.15205505818933593,3.113961603429019,-0.05332857953924342
1385,1.0316396044357368,2.428189327660355,0.0800197872677565
1386,1.4419552537265938,2.5595458132954128,0.09022776563634131
1387,1.7151037417145107,3.0213306976523375,0.07544430305947368
1388,-0.49834619794184815,2.6681695355540787,-0.036393371464024986
1389,-0.12247858830296246,1.5295510861618165,-0.06073431714885282
1390,0.6541502427189853,1.4785099686216487,-0.02548214669668802
1391,0.23607827910723572,2.3126440156231403,0.02132852551162079
1392,-0.15277078612365405,2.2413412013074154,-0.07285026535703745
1393,-0.5182306810462471,2.0121518720040132,-0.04089897214503432
1394,-0.6359903627737865,2.6658830221973973,-0.10316159644824648
1395,-0.4901893945964483,2.4618916530035526,-0.02646195901452642
1396,0.2307094122535503,2.637588329497453,-0.08752348978452494
1397,-0.10792294042936668,2.676745224252272,-0.051971115260337764
1398,-1.8258003933522724,3.2897152432105696,-0.17360798468165298
1399,0.5087109256933126,1.703865789184225,0.04531095754150783
1400,-0.7984262840519631,1.184358583793296,-0.11321926244880677
1401,-0.885007860662014,1.1902651487132185,-0.10224941331886868
1402,-3.2687553133317544,2.2405920839935303,-0.2721262860976586
1403,-1.8840242302922088,2.639303083147641,-0.1428013060340521
1404,-1.2739795879559384,1.7189098030868988,-0.1068855434218799
1405,0.2734876274510005,3.4179182376196033,-0.0007477585652822993
1406,-0.008897708498119059,2.4608429837152888,-0.0242807210133819
1407,-0.5602944873228626,3.3164411328239765,-0.0798522296713707
1408,-0.4795874738186645,2.018807250882356,-0.05799784538189
1409,-0.2648678059575464,3.4285877316963456,-0.05080003756339224
1410,-1.8874816001482022,2.030588362885203,-0.1609732563650139
1411,-1.4512722206824344,2.516846872113233,-0.12243691779838264
1412,-3.7979213551025577,4.588668848665953,-0.2966815091502871
1413,-1.6166168407390982,5.262522421561363,-0.16658161602031174
1414,-1.833855980171507,2.425151615154608,-0.18253634342722103
1415,5.277520092520698,1.8111486764755669,0.35609083150420806
1416,5.121851352652779,2.030525111140916,0.3871283623962496
1417,4.614438407462841,2.0456592808463445,0.2800207140465004
1418,4.859561311176399,2.543016113186712,0.35330076480382855
1419,4.496409741418473,2.5058009075007575,0.331687951918657
1420,4.248492397645712,2.6783266200870166,0.3039404256335291
1421,4.369469007236577,2.9880603603145945,0.2841341102767118
1422,4.140984841172669,2.9106738086682054,0.26861335823555454
1423,-1.650598583159271,2.11726888802049,-0.12979921204682573
1424,-1.1531665891601794,2.0874044645559695,-0.12508796497836874
1425,0.33279865242434653,1.498024608002789,0.024064200926327647
1426,0.5130488119881275,2.026648718835633,0.036978965913080766
1427,0.6678035973842624,1.9945080685810626,0.02769473871787287
1428,0.03176250653021832,3.8746600864653837,-0.028402864884513112
1429,-0.2553922559340037,4.380562106509664,-0.03687455879023503
1430,-0.11270184903744584,4.392004623401814,-0.03170193129206624
1431,0.8487948785410746,2.1133701803644054,0.04857184226187487
1432,1.3598346454813575,3.0957054878385497,0.049265235017020695
1433,2.251415592222717,2.6574328671868583,0.20681098577978344
1434,-1.0062524243013453,0.7311234013334291,-0.018901047914339913
1435,0.6094004012599407,0.9033060497358151,0.13140830556673241
1436,0.7588181805292583,2.1436911057108294,-0.01764219187498423
1437,-0.28379454994504827,2.8493304029073525,-0.08603699067355261
1438,0.5291208332575691,2.173140379105291,0.0456449300827511
1439,1.219194379437118,2.318556364115261,0.024470125531492196
1440,0.9872939271062816,2.144311495242772,0.024260517209416313
1441,-2.9112663708221493,2.2014824731709455,-0.22791607426048544
1442,-3.120008879377003,2.2596277221369765,-0.21603194596344757
1443,-1.0045721751772299,2.992667893358381,-0.13266128438779956
1444,1.837965966401479,2.2594380075332903,0.08178400157117949
1445,1.7056044770322134,1.5367771380670596,0.13536816184192904
1446,1.2273284062867853,4.589667146916849,0.08185958197835304
1447,3.163663198139809,1.5539800640186319,0.19975181119893168
1448,3.1871753392617164,2.1356019606767855,0.2145930145341206
1449,3.384798971848577,2.0488366933166957,0.18659474050828356
1450,2.0981662887659733,3.4236997824302695,0.14906237064149488
1451,2.7849567037430067,1.9336680646712812,0.17003952890982607
1452,0.630352552832911,1.0352063335096844,-0.026213323193048792
1453,-0.28766118039201405,1.3773790582948253,-0.011054824940001906
1454,-1.565623418819775,3.9521648126502877,-0.15512467299305574
1455,-2.421570508110095,4.399811142876876,-0.2285148508944153
1456,-2.744433615792583,2.2764167706756084,-0.21567748583322444
1457,-0.8626555118775243,1.569064353222358,-0.04303016535720355
1458,-0.9776173201587741,1.5709673057076825,-0.14054859246171011
1459,-0.1814571058277782,1.3451760557213683,-0.02089384232345559
1460,0.2049676216010256,1.3965045938621894,-0.04564993885782097
1461,-2.229563928368227,2.380167415335861,-0.1333347480506332
1462,-1.6062058500597258,2.391376624342269,-0.06872230092585996
1463,-1.1298137007678954,2.581732853345927,-0.0973744587668152
1464,-0.5533308769762411,2.958505219638367,-0.08236032392018547
1465,0.006616836532779428,1.4829966719732348,-0.03204653911188987
1466,0.7150997214099005,1.355542506935104,-0.041793185630338577
1467,-1.4385975138010354,0.7999457919299945,-0.20692890197229483
1468,-1.486179002134163,0.86684265577224,-0.17979141851277297
1469,-0.5116911463210894,0.4145959014285207,-0.10479344299102433
1470,-0.38190680206378474,0.47592557610388714,-0.10386333394140705
1471,1.3659477813232714,0.37618961047615707,0.07153939107440134
1472,3.098429011246562,1.2707115280927042,0.18293393565678145
1473,2.100769911138613,3.385830533738154,0.11504200797302296
1474,2.065948955302964,3.543433276574005,0.11372853735547878
1475,-1.3840618034928074,4.376012198208915,-0.16953512660241976
1476,-2.2609548204175955,0.8650823351746257,-0.21981733865113864
1477,-3.2793837086314093,3.113460011520866,-0.27649585000789295
1478,2.6897278879253235,1.4651982057125221,0.1713834177312929
1479,2.3212020247295313,1.6008405942255992,0.19722088089689593
1480,-1.650703263546425,3.7041730237330537,-0.18854903616281488
1481,-1.7342625452397844,3.2859278566217536,-0.14769969564394825
1482,-1.0811406249705873,4.3385528433274825,-0.11686005191787023
1483,1.1957068997429534,1.6498388307311926,0.05906090872394065
1484,1.202540952596993,2.309249291436533,0.051946869915407264
1485,-1.9631076982614388,1.2643679842339592,-0.16010083222160862
1486,-4.614725336251695,0.7674286107699547,-0.35658796936417736
1487,-4.8523699225373145,0.6826381253032032,-0.35157574299523753
1488,-0.12706823652568378,5.50184355473557,-0.039128502095425795
1489,1.5211823518262484,1.8802662261468719,0.12118309251581084
1490,0.5400659765035414,2.4074880697122336,-0.029408981436442792
1491,2.9978775369556683,2.020706389922339,0.2085963799871694
1492,-2.784140287089457,2.9792344027918243,-0.26561263187244766
1493,-0.3353209910872117,1.610175091190882,-0.0827423519529171
1494,-0.29238098830289283,1.8032500015351305,-0.10556758738703803
1495,0.7250724112731944,7.352240754404988,0.017820021461349127
1496,1.4641513455541448,6.76824765363253,0.011114622295105342
1497,-1.263622133941395,1.9643070127187028,-0.041040755409686186
1498,-1.8503625699634092,3.958762673565919,-0.13320617916196076
1499,-1.3179685914603252,1.374465188119535,-0.15049180208808297
1500,-3.9104790753363994,1.509529952667641,-0.30056542922527946
1501,-3.442044718333157,1.4650259056584682,-0.31357124478285336
1502,-3.5302930707529883,0.5276502363200422,-0.28476891972341634
1503,-0.981981886220782,1.709855623413195,-0.08612719426592091
1504,0.5632591270435028,2.5477905354651447,0.037103508745215105
1505,0.1597445712005526,3.110808108879876,-0.0028662652641392346
1506,0.5296062819464428,3.6059265896362365,-0.006790556891107742
1507,0.29149880028465736,2.040747530388796,-0.053390800975669395
1508,0.9618761870145217,2.0835678752289932,0.054661740084671166
1509,-0.9832093369233343,1.9852279171639857,-0.12930971058094104
1510,-0.12453884997576134,1.6725184850809873,-0.015450335732692916
1511,-1.4838482435752924,1.2646349632537779,-0.16854998622014272
1512,-1.7344533843895007,1.2248930254671124,-0.15560168657685824
1513,-1.9463558999590111,0.9725075992506758,-0.16237459686712472
1514,-2.649344202549942,2.3872222951809476,-0.26576488708240786
1515,-3.591250890654672,2.9264010783326877,-0.2583630663381918
1516,-1.5886710170896985,4.421196790038429,-0.1874643467008875
1517,-2.4291373622554753,3.802197553650613,-0.21965765425419842
1518,-1.0852637978680084,1.0258268963953256,-0.13721296222597332
1519,-3.6413799794988084,2.7426406732217687,-0.2998691710722754
1520,2.756328045486931,2.185649219876996,0.19778196967434994
1521,-0.007471439729743038,1.783229335081267,0.0174187201284706
1522,0.33791302367545617,1.7897267187881505,-0.026036967451937988
1523,0.2614156644838518,1.5768799406832656,-0.018596585262189626
1524,-0.1696726971089863,1.6988468164525852,-0.07700374567539879
1525,-0.7173586615084873,1.8753429147304632,-0.04149907255771255
1526,-0.3023735806194204,3.678076476501589,-0.06335570767323587
1527,-0.6807949652709018,1.7189476776933899,-0.08408102103959146
1528,-0.5065325557510374,2.9291020885554824,-0.054144506809244965
1529,-0.934065174168073,1.383092016445106,-0.08828621446907198
1530,-0.7491278638128522,1.1974936478565399,-0.07720853909493337
1531,-1.4620839753116068,1.4729427015759953,-0.13685847091426032
1532,-2.7310169135508473,2.2432642436848793,-0.26080657855185063
1533,0.6399182030851935,1.6735207053818473,0.05913619057879528
1534,0.9968491016908453,1.7101690715327138,0.07648387085098265
1535,1.7179435319553977,2.359402129148747,0.05722438222766925
1536,1.863731504059585,2.41504006271083,0.11105695029393277
1537,0.38686125282211964,2.86510022325406,0.029369240856008876
1538,1.1364884535656343,2.4264761176045013,0.02249619889780025
1539,1.3898417747632412,1.5919812431734899,0.10509261085713906
1540,5.563765677176622,1.5451519991693528,0.37345800788061423
1541,5.260496118908672,4.027970277495063,0.42417091343753177
1542,4.308246870340356,1.096475704635178,0.3971795173807714
1543,4.298892529001869,1.0954304558822858,0.3956854378431074
1544,3.8533983946901493,6.510889349723424,0.24192211560803087
1545,3.8187142584688916,6.839402281467934,0.19033174014110102
1546,5.303210870745843,6.780356164402007,0.3038127330368881
1547,5.208558237815003,6.1757421131644525,0.35520997689125006
1548,5.8301829380994405,5.1462145816568885,0.4007162511623184
1549,6.389987213664061,4.868039746957922,0.43741272540083187
1550,6.0074075978278785,3.8992647371793674,0.3770902405859002
1551,6.15252073473554,3.603119413857598,0.363663160242536
1552,6.338317150793242,3.826701144027637,0.3761184884247614
1553,0.9977189782487716,1.6630392931208704,0.09231232348129677
1554,-1.8149854771737441,2.773066057689586,-0.20560799265011398
1555,-0.6277062942369157,3.7701830921735366,-0.11968303161135822
1556,-0.020265677356244054,3.4038186883672856,-0.049875041334401946
1557,1.3471411721543698,2.910688452388496,0.07101189830355552
1558,1.5210869552142416,1.6397400172574241,0.09578078880683534
1559,1.2514253665077533,1.6129592815904048,0.10990985064759444
1560,2.685254276627435,2.9132211584102268,0.12962117696888775
1561,0.3199078133589481,2.02412954683912,-0.0414973424905062
1562,-0.08225492530351813,2.2092112123081487,0.04323869675974199
1563,-1.86346778536094,2.362927667668357,-0.21897173631993633
1564,-2.220897591534367,2.0690895141913987,-0.13730253475247253
1565,-0.8243304562916431,1.5270157607950445,-0.03354507441814746
1566,1.6184271318454293,4.3010135284163376,0.13029490163906068
1567,2.52597606292028,3.50065771743789,0.10215272742258855
1568,2.08807744963525,1.5078591053867245,0.10029229808723414
1569,2.638088066566219,1.2648766712853825,0.14244360215238147
1570,3.1871529571980632,1.3352320347095672,0.1937447022571495
1571,-4.317137261925001,2.6144348412806186,-0.41177104846189333
1572,-0.07382664816513061,0.5972998154155613,-0.10813610404515628
1573,-0.33259770621619555,0.5360918355446099,-0.06896852582259791
1574,-0.9063025892545449,0.4199559240505344,-0.027075320362082413
1575,-0.795946411277933,0.42934684710831605,-0.023480029550203875
1576,-3.728129592317022,1.4971695931934992,-0.26307127906742683
1577,-2.073483654892229,1.5952578613456307,-0.1443563364556677
1578,-0.2971797002838781,1.6928163205665763,-0.01244492952687147
1579,0.3010042153215515,1.6636700760972856,-0.03625771109455342
1580,0.052270661644970365,1.6395157007781789,-0.03626375145770228
1581,-0.08329525592161678,2.3759231645868395,-0.01445951432250089
1582,1.4478250977230833,2.164480223653134,0.08399961703298864
1583,0.39552501867162165,3.0504651157129836,-0.022109380852792574
1584,1.3934161744025386,2.1108387202768304,0.06463977751551471
1585,1.669102294153715,1.9476397953170197,0.11733351814382263
1586,0.5032288203118364,2.5846015962529685,-0.031129057561500702
1587,0.3943288477121694,2.8985993690460017,-0.08556697343505673
1588,0.14264894411121168,2.6909375753779585,-0.07858340611633857
1589,0.47036891961304395,3.2639018081518736,0.030098422368974476
1590,0.8533557123275418,2.713146522869881,0.015836496296118996
1591,1.5601805986770905,2.6076445303896447,0.004781775864363876
1592,0.9084997587561932,2.089344843952078,0.08480783730581512
1593,-1.0002015850497454,3.683517356070291,-0.07118530127835533
1594,2.0164717103372265,3.3279620302038655,0.10316376452889868
1595,1.3410823020709868,2.264112268701507,0.05646813334578371
1596,0.8282498172282289,2.423315679429781,0.05966904624790056
1597,0.973027312881402,3.7959931020842075,0.021856015223346695
1598,3.742091176218786,2.1337391173664555,0.20076471565477844
1599,0.35014370604426964,2.3784121409989747,0.044216368638521374
1600,0.8484474725048172,2.259752904099436,0.013337064273647843
1601,0.6371041231451576,1.297096755584981,0.05032047397889702
1602,-0.9494799830420749,2.2869838275176413,-0.1368046616362547
1603,-0.41243299860207094,1.8505291044372243,-0.060060737947431365
1604,0.6215338101650246,2.10205598980004,0.018534881903404958
1605,0.6888660609086614,3.664037481704666,0.0349300348433285
1606,0.7611607030302743,3.5286809297760233,0.008443570169397792
1607,-1.481365619958715,2.161335277601357,-0.14233376057237077
1608,2.0131942645843193,4.68192073643589,0.09800020763037348
1609,1.8549790562474149,4.611040571037145,0.11825754450445077
1610,-1.0891564996733867,1.4601054451101723,-0.1237329600899843
1611,-1.3470006153340301,3.06412112569238,-0.10349077789522332
1612,-0.7250265859574253,3.4210598139578465,-0.10402353639359545
1613,-0.34772728001848235,2.3825923615627618,-0.046905624043583415
1614,2.7968819537831062,2.7259309316349665,0.17866855018614522
1615,2.6174565034659802,2.655928460734942,0.20099722460617828
1616,4.279961462051277,2.5348495071696364,0.30168459471706655
1617,3.7453352423483293,4.435707314994456,0.2325740499628062
1618,3.311647695284148,5.16211562280127,0.2238556956973388
1619,0.02685107571519799,1.8102154112797124,-0.014836588835558726
1620,0.06539665133018979,2.593949672240612,-0.00850970666484639
1621,-0.156740532859678,3.1156089680629933,-0.08315937691245671
1622,-0.9521078744888827,3.015309813736975,-0.040053324786774515
1623,-1.774640075791439,2.0381959525477455,-0.1758280649737658
1624,-1.5393865485445386,2.2492349109455914,-0.1697515282488147
1625,-0.8515637039016322,2.1270997209021614,-0.0832835723987277
1626,-2.243500287700953,1.7923711089699186,-0.16852995031263657
1627,-0.25953505137667915,5.0376337954127886,-0.06795612259830874
1628,-1.862921954142461,3.0471027650323133,-0.24357238041865856
1629,-2.520153137733317,3.0157147603415617,-0.20400374854991501
1630,-1.2930811960627477,1.6825757459539792,-0.09754881743048371
1631,3.0795414184236094,2.2598719061906896,0.20291359474263115
1632,-1.314506745140148,2.487040575439984,-0.15350100461108554
1633,-1.105026612189954,1.0870832380057391,-0.07231296888492215
1634,0.32014761803370967,1.807825384409301,-0.0141576863200608
1635,1.4384515504357012,4.24883384565366,0.058944499819118486
1636,0.453983892509725,2.8616034474898036,-0.006215905991578618
1637,0.32546316109157086,2.7598713474227603,0.00822825403524865
1638,2.767018941811874,3.0877758284175876,0.17068575497889063
1639,1.9711966910802197,1.803684229314406,0.13850876799002473
1640,1.8309970824159987,1.8593564109182275,0.18471825547732848
1641,2.1645644905189796,4.0679416980160825,0.10072378601490975
1642,1.9756405425843349,4.0165634852320835,0.1116823291121667
1643,1.8957234190309298,4.88142403068405,0.0842695658380215
1644,0.8132064498237457,3.6848238164954243,0.028629663078299922
1645,1.5956271523348151,2.9210532342337068,0.09456881249558084
1646,1.3487125529829411,2.9347516426775546,0.08802946160345546
1647,0.7846688330551994,2.9044389532244654,0.08102985457609792
1648,1.3865182471644466,1.8357208576710415,0.02781243001227956
1649,-1.7508041707731186,2.164658566651245,-0.16242422148226102
1650,-3.775814452089665,2.790767651948806,-0.29308652809477476
1651,-3.60701764539155,3.1086905797891977,-0.3189532793117029
1652,1.3523190402667544,3.255369144929061,0.06996075898354709
1653,3.5222102334121415,2.7883915380545234,0.23399712430268593
1654,-0.5445211113467688,1.9299421255803002,-0.048679000887006385
1655,-2.6349513902571102,2.36758082057178,-0.20638751690776244
1656,-1.4520825272258744,1.4469879427402041,-0.15198515240488705
1657,-1.1116335105838817,2.0866095236199476,-0.09753609120526116
1658,-0.0737015592287936,1.8910796002854404,-0.14585635797308097
1659,-0.2915294192407354,1.2578519397215813,0.03840602712735246
1660,0.4728378595692746,2.016335046927465,-0.061127287818448006
1661,0.44480373174465165,2.1062215741338326,-0.02044367614521894
1662,0.42841412085127234,1.2674824343761752,0.040981894857281057
1663,0.7843418988993601,1.2402359143654205,0.013297198513705364
1664,0.16572365263364924,1.364711129138661,-0.03736172713650443
1665,0.664074550209981,1.46664812553066,-0.03714816164675317
1666,1.2978813020385502,1.7602782156467474,0.056425017934387145
1667,1.5615186243513406,2.9245242492289036,0.0967781444011877
1668,-4.678656862712313,0.6267308419891053,-0.4148039821125461
1669,-4.8017061808073445,1.5631722715160552,-0.39187731401248754
1670,-4.2869252120766665,1.085848486533028,-0.32814200104301305
1671,-3.6266417134070617,1.6075148537464432,-0.3020407903526313
1672,-4.556180643208158,2.8154072955661644,-0.3449544615371689
1673,-4.553988499491348,2.6772718741763835,-0.34028884557757744
1674,-1.4680199908646387,3.2354802593311343,-0.1206787302164336
1675,-1.3890843379216298,3.3830913070155337,-0.12676033354459493
1676,-0.37198396511638937,1.8189324272160545,-0.05465009948899926
1677,-0.04751048731566829,2.358188402641146,-0.028129293332436467
1678,1.6184899793025398,3.09822812542948,0.13301440568198994
1679,-2.5207229492056236,2.4687824938916045,-0.16923966455237036
1680,-2.0383940118592556,2.2921640770702507,-0.17800879444860024
1681,-2.1127280094496674,2.21854179809197,-0.1922209870639966
1682,-4.815635069161938,2.667895050977727,-0.40542931864125015
1683,-2.3146204917577733,1.6970241457173842,-0.17232092082209308
1684,-1.2653153469703438,1.1463475688713756,-0.1362513120936624
1685,1.7186083707130282,4.714786060057937,0.07195530322920626
1686,1.4210802570945913,4.242048726312689,0.06879871518290073
1687,2.1849387782797276,5.038474991620929,0.13978148493570994
1688,2.524685464337072,5.155782374241907,0.13111341687779468
1689,1.98726641316311,3.8850275749166348,0.1361562168826891
1690,0.4990040723962455,3.2834398404095584,0.024406501135237405
1691,-1.1212808493636832,2.957941538185781,-0.12658014914126195
1692,-2.4466513799248344,6.401932430226853,-0.1877653270697636
1693,-2.918028378030048,5.909861396425134,-0.2836535616959831
1694,-3.1856515151197957,4.8906891144527505,-0.3058532205154207
1695,-3.22805230107451,3.654023326219097,-0.3160800236771303
1696,-3.2796007702738383,3.5361884506051644,-0.30291833110851885
1697,-1.7686978521013388,4.012505088821125,-0.1949828322475062
1698,-1.7465443803373153,3.844991535077994,-0.17998007227088678
1699,-2.346125995241202,5.675879862461664,-0.18778347154421962
1700,-1.9742059451506313,5.325183189674568,-0.19328238981180804
1701,-2.8371861546605293,1.7927029465020343,-0.2468636952376406
1702,-3.843618852828945,3.0515711003160177,-0.31486093162639106
1703,-4.103906833919954,3.6920099385999894,-0.33163557928159587
1704,-3.9746914327009755,3.93611824600239,-0.3289193623714091
1705,0.20967595590279545,2.9422845064376464,-0.011204959158461156
1706,2.941214213836006,3.179424474392764,0.17564707003667196
1707,2.9493108216345036,1.983717965918485,0.1620679513251399
1708,0.45659467966871825,1.1827885566007206,-0.0468964223557917
1709,0.02176392042834558,1.2674786055841876,-0.020459439780078026
1710,-0.5494157957248659,3.705838171534355,-0.052639191978973675
1711,0.08267788031802044,2.912035144452158,-0.01036692219396266
1712,0.9400946777188232,2.7818980612486923,0.0410536229070432
1713,2.0331921708263088,2.5861315538080922,0.12827340757330583
1714,-0.5309893407100489,2.7975560537810913,-0.07187081939438499
1715,-0.8035230904583662,2.5307822633718295,-0.09087218304076088
1716,-0.1878359713009456,2.977383934870977,-0.031149714836431655
1717,-0.16898818837126478,3.3327015751110554,-0.017968011878930403
1718,0.2515605254475683,3.1310261929607743,-0.04494643202853576
1719,0.9670835480155604,2.317212310483056,0.03486155808796238
1720,0.4460545569870462,2.7263717624249377,0.003413475804496531
1721,0.29104551768574394,2.4432868682655795,0.01326418245647063
1722,1.6889543601295143,1.9115228806804552,-0.009830142596647691
1723,1.586100127508938,1.9932094175391206,-0.03429973754929872
1724,1.5683883490667638,2.160308780995267,-0.003302745770380559
1725,1.2793477035083023,2.5457116401826303,0.12107206058641055
1726,2.6084669545013446,1.8569668071328043,0.14575932130957858
1727,3.0110774235911415,2.279319343610741,0.22481841547362513
1728,-1.8121271766694147,2.4143222349408457,-0.19509723732167267
1729,-1.3187753842632735,3.2736898751040413,-0.1126879974174098
1730,-1.4444148328189783,1.8802548277946378,-0.15243017675538956
1731,-0.6430652695741329,1.3724565039496184,-0.05147483074372432
1732,0.6683652173386034,1.6186894196131656,-0.10379791980510802
1733,0.5378150383129239,1.7247984111028252,-0.1080283745513208
1734,0.31380549097214355,1.8905247947818258,0.023585975062484436
1735,0.577197624464258,1.9176226167019028,0.01875117787096106
1736,0.3648831785466139,1.441385694718252,-0.009913605319103996
1737,-0.8399587617683411,4.078410176871918,-0.11875550240239877
1738,-1.1530376478289182,3.479204597874093,-0.08565897293220824
1739,2.7193579562145924,2.854199121212356,0.11653772554450198
1740,2.075521982066743,2.816312453437656,0.18384140626732393
1741,0.29289749011043986,3.918001459014376,-0.06300604236293973
1742,-0.4183648218345059,3.6474813496706724,-0.03866630156484408
1743,0.15122481586253442,1.917567976648469,-0.031790886927878105
1744,0.5705281982652295,1.7806415810668734,0.012972032791780504
1745,2.8816032042367623,2.446794818150425,0.1874794174431966
1746,1.9295136198560334,5.750215596390602,0.08173707717483875
1747,1.017748322248121,0.8294849938847257,0.07415681098417887
1748,0.26310047439378725,1.1890026730760106,-0.04173326630162809
1749,1.6489718209334223,1.8862658517922257,0.07658444865711588
1750,2.060345204600762,2.3257922106524225,0.1466090715287778
1751,-1.416427816509198,1.8087561558467662,-0.14757243973851183
1752,-1.3918069993860755,3.0118780442736135,-0.1160809679504925
1753,0.012827564533032035,3.7712134324729707,-0.01636005158840039
1754,0.2621767669326951,3.759366537577415,-0.029306167453425312
1755,-2.109299886303303,2.13499352558054,-0.13383755431030778
1756,-1.208295288945314,1.9983508932577092,-0.20043185123747367
1757,-0.903954802542035,1.574739685811945,-0.11934727325228776
1758,-1.2292357418485986,1.6211093555959237,-0.11993152985158871
1759,0.0656719163833772,2.745791039165088,-0.029172924280102885
1760,0.7531960814227814,3.8214588853612246,0.021663506486992678
1761,-0.32057206819815875,2.528347852887871,-0.042439945755833174
1762,-0.36671297727195024,2.656981981082674,-0.04048471267218504
1763,1.8411841891884815,2.271833053054806,0.11257951136278017
1764,0.9015302522316603,3.4025697231113337,0.05300463836249802
1765,0.7613564641281464,3.954867708516627,-0.005601420528245481
1766,-2.4488955803082018,0.9604678618400332,-0.15170308284100698
1767,-1.8543629473513623,0.8740822178923894,-0.1551158475610912
1768,-1.6684933661046173,6.348776889354908,-0.14615591497830965
1769,-1.934632723047114,1.134335380726459,-0.17223142706545327
1770,-1.085707142476494,4.205480191364304,-0.08954860290949933
1771,-1.038600234998466,0.8458361512320435,-0.08940802728496837
1772,-0.7077615915222616,1.1124227032001082,-0.1063507470213303
1773,-1.7669660101010705,1.1289335730079813,-0.06026419007293079
1774,-1.0130494563802683,1.552175226605944,-0.1909510441578468
1775,-1.7123944990810827,1.5022819905133094,-0.13289666805649497
1776,-1.7215025583028236,2.594306309211791,-0.15951208383052526
1777,0.3396437791884663,1.8577927374686452,0.024662628032243616
1778,0.8371913774842289,2.372490337171989,0.04269736032085083
1779,1.0786323934160935,2.3450876062173265,0.021055516603913454
1780,2.5158093984846626,2.4648133543242206,0.1551390274854279
1781,1.833894772746955,2.038496855004462,0.11159586262300514
1782,1.2353253223237692,2.3543492421623933,0.16987287977815899
1783,1.461261964142525,2.8252465368230193,-0.002675149486298228
1784,-0.5245020046375856,1.5261199807554964,-0.04156440928558292
1785,-0.3661319509915353,1.5405994261891114,-0.02596016189333727
1786,-0.24463322001028381,1.4721781922341197,-0.04277894082976745
1787,0.90967457132873,1.1180454732030742,0.04700561566198514
1788,2.484088309808885,1.0301969620983922,0.12684249451534607
1789,2.23800701331544,1.1985501089604556,0.1766251625490348
1790,2.7801875024764073,4.027063722816746,0.149373296315203
1791,2.7644928830427853,4.026272659114622,0.1489467079161486
1792,-0.933077367439666,2.0856961993030003,-0.060994047443847794
1793,-0.5090000575108816,2.6553550751595503,-0.10804229264028535
1794,-1.249918845945586,1.810049237029125,-0.09847184502130292
1795,-0.3446033092719071,4.532172455978196,-0.04370769127000886
1796,-0.22130380835156363,5.003579524842537,-0.06366209826361194
1797,0.39018929871845676,4.136699623601594,-0.021030674892578816
1798,-0.0508062114104001,3.1480676181883878,-0.0170152838361434
1799,1.3560037855233391,3.071773586939742,0.04949759321391663
1800,-1.280061767114691,3.426796722177465,-0.09031693952756993
1801,-1.5619331711317548,2.7827987681339046,-0.20875490026152718
1802,-2.658728711471637,2.1220208014990836,-0.15934982685468524
1803,-1.1016667457091314,2.943426141892966,-0.208250458139617
1804,-1.3600590338509666,3.2097643155303106,-0.20808267775786182
1805,-2.4197688414830365,3.6868596805320015,-0.20033306417277522
1806,-1.826116740198002,1.590733145740849,-0.16566969525415773
1807,-1.341813030072219,1.3710332286134541,-0.13859554964046572
1808,-0.6571715631264567,1.5070464162396868,-0.0936638366705516
1809,-2.6265706518054026,1.7227923817177808,-0.25969905266426685
1810,-0.3846366331887489,3.221945826792879,-0.04836112922130113
1811,-0.5954924535477153,3.470465377406253,-0.02337082140756253
1812,-0.1734250139395801,3.5507605071549166,-0.031407228399430526
1813,-1.9040002659643775,0.7927857848236112,-0.15390509983540288
1814,1.410452897847361,2.8723538122694627,0.06098569188904386
1815,0.6306480545601906,2.1946034272572925,0.04440628146269794
1816,-1.0990914628369934,1.9108347314994343,-0.1280091592351082
1817,-1.1932757025992509,2.1448635984460127,-0.1021769023981981
1818,0.7363718025108658,2.9481602115314405,0.053394624518413876
1819,1.8773208815768379,2.7515227583358297,0.04759141928924754
1820,1.6696001272277206,2.593251806019147,0.14720513286711057
1821,1.4993597670662648,2.54959567748089,0.02147028274756443
1822,0.6039246311723132,2.5918963978404577,0.06767508250908787
1823,0.6050212943761716,1.2405910598194239,0.017591865672192192
1824,0.2495736163397506,1.2159140330296248,0.035270073811173336
1825,0.8160583790903851,1.1170153466223907,0.011516404662627771
1826,0.21833794125101258,2.0079220937851945,0.01997061361859952
1827,-0.6576953176842967,2.5528736754837404,-0.054801281544050874
1828,-0.2975861482942279,3.1149506599990517,-0.0864409156254231
1829,2.327758955742006,2.758381683940347,0.1400509656521721
1830,2.570141539957812,2.6864068207124876,0.18122475310341793
1831,1.883303601705479,2.1639725045279725,0.1293400623786814
1832,1.420184403478346,0.9686633866003038,0.07854166374152616
1833,0.8236619475640977,1.1510044439863367,0.10419911408843205
1834,1.9356342228714722,3.522277092753356,0.05565824585607203
1835,1.5624359212732373,3.8404155504712967,0.06108258278672501
1836,1.377144329422643,4.75571267211123,0.08735508215314573
1837,2.1193185488164556,4.6115395346356225,0.12677028169398666
1838,1.8022089995776958,4.157886342667669,0.08201915848543197
1839,1.8080591727582858,3.789902194155561,0.06943221855094976
1840,-1.042398195179398,3.964470016434562,-0.14331292819331093
1841,-3.1894005791078244,1.6490693468117692,-0.27500461232825957
1842,-1.064508878304868,0.5908575983174504,-0.06075176024765072
1843,-0.09363344468566033,0.5806511155728438,-0.08867310052317613
1844,0.03350645515637613,0.6584837011726516,0.021893813638730865
1845,0.2552322018832269,0.5938091449207922,0.022679041810617022
1846,0.0743506657519126,0.5409244066403129,0.059186410075276315
1847,0.2815234516513485,0.38235137665945546,0.06462952702561167
1848,1.4474771431021267,0.3679274973724365,0.06250383864411278
1849,1.6588357464197354,0.4829884836759713,0.1508987809266015
1850,1.939590197036849,0.425551457072962,0.10382590163075923
1851,1.4478141218535094,3.9703003510055184,0.09505217930303932
1852,1.887167652348966,4.901986571447453,0.09388006519600217
1853,2.024507960813437,5.258279888913993,0.11877310075798413
1854,2.4736877200073084,5.315069164037699,0.12313744707151576
1855,1.3676751053129417,5.256386964902082,0.0944409143442495
1856,2.4387776389141242,0.94145540664783,0.10656923032270492
1857,-0.8792390498693169,1.9862204585382868,-0.09626518071661036
1858,0.048157710877386,2.7018551187282522,-0.038988930979654994
1859,0.820686964103735,2.1034912149093428,0.031740285899210866
1860,1.2373409300424714,1.8814940140461942,0.07480237376527599
1861,0.05119704605841725,1.2869074415348156,0.008830979999706856
1862,0.13315511383269074,2.168799540799444,-0.04291990846798222
1863,-1.5075281161816534,3.7211539388148416,-0.17757454786035837
1864,-2.605472262695197,3.6799389650192245,-0.19639388038195
1865,-2.276068648016206,3.924640340018423,-0.24558431187320495
1866,-1.6918642852898498,1.6510297529443871,-0.18647938147116974
1867,-0.4671770773082702,1.858421764838036,-0.08740313643049692
1868,-0.5147167953073052,1.79409559752521,-0.10056704802187655
1869,-0.9392394506064947,1.846573758719616,-0.03404953456823435
1870,-0.4860289721893389,2.0395449753012826,-0.1267378213567197
1871,-0.7463032123632003,1.9434122641275875,-0.14296613458882867
1872,-1.3269426459104035,1.6266589258495998,-0.08721320887741352
1873,-0.5475480728643185,2.9382257252524266,-0.10043752694458316
1874,-1.852234473158216,2.139624366435709,-0.12415512869675437
1875,-0.028548325663244778,2.527844026750336,-0.11733485631047454
1876,2.292443983970224,1.6520122051069113,0.07606421983911377
1877,0.7466369808255202,2.2021771942418145,0.09621357929972635
1878,2.6027232987703095,2.5989301655476535,0.08399592068810997
1879,0.6586145069788424,2.1084204312629042,0.06927810028936451
1880,0.3970596600425908,2.091445326821545,0.08001977963882874
1881,0.9184614264049108,3.774215304098483,0.07884332890332157
1882,-2.0496144936425447,1.4922765054878697,-0.10735301962669933
1883,-2.8395628221576406,0.8026976566003596,-0.2897286946641839
1884,-1.7035453121032802,0.9452809331745978,-0.11311867985904067
1885,0.04823887669274499,0.9114769193009665,0.015640221788522143
1886,-0.9038858783380169,1.3642461901574345,-0.07949010063867026
1887,0.5189904611062556,1.2266925541732552,0.010250440012010548
1888,1.4388778151105817,1.4944747083028056,0.05546877459112151
1889,4.62777551217589,0.9358910197498015,0.26290991635244676
1890,4.606837940225043,1.0557476684412883,0.2463408300740854
1891,2.5740690415719274,0.6633922672992419,0.10724420430511213
1892,-0.6478674066308248,1.3987331161511047,-0.15549563129516275
1893,-1.0628736272028876,1.5526453821938517,-0.17537568640441728
1894,-1.0788642956124113,1.5082381426235014,-0.1659984108767976
1895,1.2272746466044024,4.16907609032691,0.043329166744389164
1896,-1.2493244315397658,1.4439564462476397,-0.11348626145294115
1897,-1.2699407977191446,0.8741291489501479,-0.0922519249850927
1898,-1.4527020167990585,0.87143302396429,-0.09436785603502422
1899,-2.818849639171764,2.370627722333257,-0.22768067226852054
1900,-1.5556985501269955,4.054880375217308,-0.14263501699088157
1901,0.9075666632599309,2.8753490428896704,0.042778693581569896
1902,1.6438032358143806,2.577794274645957,0.09427061328122985
1903,-0.70635151934315,4.523669937589502,-0.09787765125208762
1904,-0.7802241281664984,1.9014017934029435,-0.06825104600613473
1905,0.13320144632290482,0.7766039098381732,0.006452209432054332
1906,-1.3872878576558145,1.0743066323277368,0.004210584643901419
1907,0.4189500474758219,0.9975300727557548,-0.06617320737528926
1908,-3.993992604303191,2.6504126060504407,-0.3461840781012142
1909,-4.455534232813829,2.0700190920803467,-0.34143894142805326
1910,-4.3243441829589075,2.386750056149276,-0.33681411348586315
1911,-4.3050487612214985,1.4755281569103595,-0.3282065713287921
1912,-4.782002037363425,1.8894602819223592,-0.3804900089687934
1913,2.4727760958568354,2.4578482604629475,0.15435386608525253
1914,-0.3481637233538992,3.6253444615561867,-0.10741026059465363
1915,-0.252373997743559,0.4551051959533054,0.02747597637065679
1916,1.8205497802229682,0.2878552035917053,0.10481777663762636
1917,0.01747757547156699,1.2190192875325376,-0.05140932527357675
1918,-1.6573181054720088,1.3453375608602158,-0.18074412608543922
1919,1.9830071381168128,4.755080513370082,0.14028685278119507
1920,2.049569204154351,2.8404617888994608,0.10339750826527434
1921,-2.421246882344053,2.7081100904226547,-0.2375684163363287
1922,-0.5506119990068264,1.4846255740652774,-0.09616837782678445
1923,-1.7272666724645631,1.4728515786521386,-0.11854008427788836
1924,-2.4745151992602046,2.4780920639361956,-0.15291335044245521
1925,0.2824475973279613,2.0634819343479203,0.007805459789363388
1926,0.6972487287248366,2.5058370563857877,-0.02637159880269398
1927,0.6975548042948624,2.8740109320324794,0.007576787848176023
1928,0.8287661109650314,3.758551229772469,0.011513097817559
1929,1.1379630160842562,1.342891107399028,0.03228701258081853
1930,0.5865333058638091,3.060428888146265,0.038203561715158485
1931,1.461733420767596,2.5619553902829213,0.02510929741153088
1932,-0.4467890153900224,2.65747103779052,-0.10835833580945484
1933,-0.5650266672119559,2.3856813962161465,-0.019575129928318096
1934,-1.7995663133182525,4.670676151565936,-0.1831682948698218
1935,1.5826856043147184,3.473291996729401,0.10129783005099244
1936,1.8565597358950245,1.2057609415031776,0.07703244926298408
1937,3.0698855390601203,0.9870977810889681,0.17398391224400223
1938,1.7355806874729949,4.556204441657145,0.06171151131537519
1939,0.9408588987951494,0.8000457653121226,0.08919870895322413
1940,-0.893866877652077,3.9006311313812794,-0.11313063844384627
1941,-1.8463910719990602,3.9665195832014204,-0.11720654991883048
1942,0.8147881191628278,1.2281050702736376,0.07616253790096422
1943,0.9755721005239921,1.9129433148288995,0.019120341152369227
1944,-0.05798275007431074,2.3459881036481773,-0.06188090277164521
1945,-4.182757429818138,0.8426690889743609,-0.28680037856200663
1946,2.8394893545637343,1.3878696294017296,0.13796301228506733
1947,1.4976043305727793,4.365194216859873,0.1281761050101986
1948,-0.8032549964201264,1.2343727263699993,-0.13220406957303332
1949,-0.7343435298987009,1.278141940782008,-0.14774008056094007
1950,-2.2013190660893085,1.6716409621263466,-0.10508966260962027
1951,0.6029440409188449,1.0349116290363538,0.008948462594941933
1952,1.2402184577291435,0.9775824824606314,0.1271380500524369
1953,0.0003530470139837812,4.733099949550835,0.0069203361015920655
1954,0.42842117960648296,4.078701784450304,-0.011428153662684183
1955,0.8150113411903039,2.227987596364789,0.01457448491530153
1956,1.7729912492193238,3.4438988282991594,0.056458849071027835
1957,2.109407456001237,3.7830576691717996,0.13221860689379009
1958,0.4188701615914015,1.3122438335420807,-0.02316237398075677
1959,-0.11854731507407426,2.2214351095052716,-0.0006096816427310489
1960,-0.6738257858135767,2.331362491862551,-0.07751889339826229
1961,0.573641671952525,1.549145958092884,-0.01891057968769267
1962,2.1545967361763743,2.6351641501528453,0.119148571894238
1963,-1.4851001893650249,2.8713193327832247,-0.12291645221714577
1964,-2.666778093078524,2.1677269032012205,-0.2157323394847681
1965,-2.254678236268784,2.017694948212615,-0.24432278973635776
1966,0.6919400266517884,0.9541466349169401,0.07154672486852555
1967,-0.47173698806710684,2.914379803099655,-0.03187667392348471
1968,-0.41538981081667764,3.7660949721123598,-0.09257838142481743
1969,-1.826739149563898,1.9287412506745227,-0.1392574142769506
1970,-1.1858129130095227,2.0587183904707933,-0.1335583524515459
1971,-2.0136083185297693,1.7625692584520813,-0.18547079565612826
1972,0.4016254450803751,1.5824546817507472,-0.00655158551697617
1973,0.1486008873158078,2.012521771618897,-0.006029082717340426
1974,-0.4248068555612228,1.9593478815899619,-0.07205362787603231
1975,-2.3326302327231656,2.2025288049729355,-0.2063095412991468
1976,2.287779737107474,1.602760646684819,0.16222043106973463
1977,4.428560859072999,3.0289914681103625,0.28499457697123515
1978,1.993278413672022,2.579297008015791,0.10539116196465718
1979,2.0102917066848014,3.193149347684529,0.1190191710900232
1980,2.705067319460393,1.527222399502942,0.1569325058773341
1981,3.540821659127841,0.8832724974380437,0.23306489945216155
1982,3.667779852563954,0.856684216572528,0.2319590654304754
1983,4.014465862896656,0.5436950634600242,0.3201499837568288
1984,2.718437409362628,2.774314005521493,0.1931402471605827
1985,1.7614119497441936,1.5233941690957686,0.10099944476873855
1986,-1.0119055906839594,0.974379605072049,-0.09527152864858479
1987,-0.49045490088344157,2.1982754029326044,-0.12451266612732233
1988,0.927648555136817,1.2581820457578012,0.10337824758734675
1989,2.366062731003234,3.934969214109852,0.09900257571353163
1990,2.365313937961677,1.358638651351033,0.1648660475342717
1991,2.3343510930730105,1.4510044847529353,0.1942691976511361
1992,2.1986308078160555,1.3551884654429747,0.22070548699909853
1993,2.274651364814471,1.436468153972664,0.13850001948873963
1994,2.7059961806725528,2.668451408930593,0.1852130024518724
1995,2.988317776089769,2.7281970435687044,0.13503342054204145
1996,-4.242619473764637,0.9380544618115554,-0.25617839801758097
1997,1.9186481166919156,4.2357941320057995,0.04102829105541108
1998,-0.7267177743594865,1.4464813648341603,-0.10275556505718035
1999,1.4948921615841952,4.4881530730969805,0.039569099368195366
2000,1.6440628236069919,4.2106182222977795,0.07581555247106658
2001,1.4456475813500405,4.072339829827453,0.08427234087847141
2002,1.3637637675227106,1.8195853191322937,0.05117336946323707
2003,1.373411244282747,1.826012631113966,0.06353402039994197
2004,4.18403033982946,1.4261453928830141,0.3067466003954832
2005,2.5672112733395487,2.089012152732558,0.14019971778632695
2006,2.6415508964140364,4.123351293147141,0.2388659434641083
2007,3.345958845944675,4.094955111209138,0.2013352092056023
2008,2.4845516157617626,0.6129655295763472,0.18504989798324026
2009,2.533226574359508,0.5323810954700777,0.1612961240918877
2010,0.32286088269823465,1.756814271309665,0.005991872191702026
2011,-1.2203529362916714,3.644931433840666,-0.1154884840761923
2012,-3.215691949519863,2.362699121688612,-0.2569728821945546
2013,1.566054474467183,1.7497858843463923,0.08423277837166489
2014,-1.2827666982698407,2.63104971611754,-0.1321008473262798
2015,-1.0101246411100597,2.076971674682487,-0.12887672680695036
2016,-1.4177892153392793,2.0748780138776413,-0.10868157451108747
2017,2.0770915541699573,3.3084666455796596,0.09674439344353572
2018,1.7851494308409614,3.357512147676547,0.1408219531004078
2019,1.7958569275350384,3.3130346442954806,0.14601035270671756
2020,1.8564313411177278,3.209770326074439,0.15264658710440668
2021,2.263703330938473,3.1068382587139642,0.07626642136262506
2022,1.4377803435424557,2.8589003823124433,0.0954214413433132
2023,2.1754522407637094,2.0293423341625174,0.13500426543626723
2024,-1.9965488897266719,3.642574418981591,-0.18460483302461483
2025,0.8995981020842849,2.9329875281628524,0.03444494316822963
2026,-1.6625411895927749,2.3371485518236526,-0.14943061664884785
2027,1.496445319555832,1.8303659824410867,0.09769613249972457
2028,1.3057611796693547,0.6709446606734378,0.07281037481566896
2029,1.2166459131260996,0.6444150141136632,0.0953146331565304
2030,3.106452433338291,3.180018559975488,0.21428662656485875
2031,1.1813369300100869,2.431749093728475,0.07425430723901151
2032,-1.51847747891078,1.405013440146806,-0.10502854303065685
2033,-0.16039129000887525,1.5031861157921094,0.0036824855890207637
2034,0.6081867307225141,1.5199489660737124,-0.038083200402732595
2035,-1.4434881562793977,1.835719870426718,-0.07973307997464829
2036,-0.9534390074363301,5.203764892613497,-0.0962804215420494
2037,0.9436780999618312,1.02743003164823,0.08607522400635106
2038,1.0383409403788761,1.0989776622420366,0.07792070882527463
2039,0.7685408653143663,1.072152118268387,0.07115560690749334
2040,0.8817188346148319,1.3292262336859801,0.08381885347188923
2041,1.1337523550692339,1.3187982875930397,0.029962421562912143
2042,0.6831834680862544,1.3240901482495628,0.054179989544154414
2043,-1.715945575553414,3.4656534896393993,-0.11528340656473306
2044,-0.09369481749165098,2.363314370036354,0.01369293127402392
2045,0.8983543534000235,1.859834648686751,0.024313375228256252
2046,-1.5572123965087534,2.0250014288334546,-0.10548407805789037
2047,-1.2239575619977343,1.9970247602578037,-0.14988752718237472
2048,-1.5402394574834046,2.051169013345613,-0.1248600436208996
2049,-1.7639589977566006,1.6499165420693795,-0.1905656898816556
2050,-2.3800597325760915,2.2215108119504277,-0.19358590177900456
2051,-1.1235248936793407,1.7426230361351864,-0.09707472020653189
2052,-3.7848766404782523,1.566455848012827,-0.306011485102511
2053,-1.408553020108858,4.599374112665968,-0.15404541780420705
2054,-3.2841244828425182,5.250869350659433,-0.2922900221104888
2055,-3.391914107558509,6.005675631515984,-0.25206663019325587
2056,-3.2931728014048023,6.995760341068052,-0.2719291728650239
2057,-3.4898323311394703,5.375052414423073,-0.28403779308584776
2058,-1.5732496018756832,3.693718586612797,-0.11583063959710437
2059,4.554015212400861,1.9426338725871415,0.32030148587826823
2060,2.824042072379172,3.195418431750265,0.1886561055091265
2061,2.3337707004884947,2.9450322189134295,0.1414478577624997
2062,1.4227414287843745,1.8562058044203176,0.07342219560247706
2063,-2.2868285545828106,3.006071692444932,-0.21944936970322904
2064,-2.140733250758807,2.0812145490584144,-0.20005012600179203
2065,0.9190514895980699,2.1571438768791475,0.05636040548919648
2066,0.5910223303900715,1.9066416935467108,0.06819087992847103
2067,1.0435819926120635,1.8957225212607394,0.0426885002983171
2068,0.9512794392251941,1.9115667534244867,-0.004446675964205327
2069,0.9856689972807057,1.908220096724934,0.06337374162041286
2070,1.0339177019514194,1.9877442982761546,0.07443689691934224
2071,1.665784665475211,2.7938598179255414,0.1029677053154987
2072,0.44201647219803125,2.587603347688954,-0.014021166520351163
2073,0.6003637853444461,3.0705528055151783,0.019808743347226123
2074,1.039598695236826,3.8310233268910623,0.02908668020473509
2075,1.0784391656703285,1.0028705339908062,0.06889845376760888
2076,0.7836337302323411,0.8418457245746612,0.03722467057380125
2077,0.26028855496008857,0.7510869652058026,0.0823460313720111
2078,2.054049568358059,1.4287732927783268,0.03957643788493431
2079,1.0436119634663394,2.1332985122031065,0.1403219898400358
2080,-1.6932361561443374,3.0044391161583612,-0.18914272970482598
2081,-0.16050186824309912,3.252814994116383,-0.14760010746885244
2082,-0.8368660299755987,3.46085435827816,-0.10759981439895835
2083,-0.1491030579794281,1.469607274174172,-0.03768002339718541
2084,0.050698824210644096,2.146538917404815,-0.0293459283814725
2085,-0.8711228575154295,4.8556793150728526,-0.10487289774600035
2086,-0.44866374890796173,4.451806410531762,-0.09787338012327405
2087,2.400537914159397,1.2023890842544684,0.1925168794375076
2088,0.6752598788419094,4.8535131170854084,0.03784080191041738
2089,1.0721869089966989,4.594957172141912,0.029808740700566574
2090,1.97145988914817,3.1594282089557284,0.1020092646246502
2091,0.7507589528292881,3.0090841230226646,0.02856060792109554
2092,0.7507589528292881,3.0090841230226646,0.02856060792109554
2093,-1.341330401497093,1.3395288663233202,-0.14919659895033577
2094,-1.5420377627764343,1.3734066298168006,-0.15555716936536798
2095,-1.248928337537476,1.1511325368421672,-0.20005744836112838
2096,-2.942812686575502,1.564885884559938,-0.1608239988491158
2097,-1.5645658713246497,2.672122558010598,-0.093604542810113
2098,0.11370025821713341,1.4968525305040579,0.057965265663388395
2099,0.1152325746832104,1.3429116906089478,0.07848568182539277
2100,-0.09969082220042608,1.1244616245556887,-0.055644953664216346
2101,-2.5354091385049253,2.0843665494661012,-0.24941587743761293
2102,-2.078792505111821,1.292153245455474,-0.16223706430878734
2103,-1.8783093257499373,1.6034314053239676,-0.2058689268563431
2104,2.1623718819015108,2.396050976961139,0.16141718299580918
2105,-1.7567476590097546,3.101583462206188,-0.13989035522782037
2106,0.2924510332786672,1.4327205471780426,0.009384242361413565
2107,-0.3905695195991558,2.8736363727002567,-0.08954016906392778
2108,-3.2008808482144406,3.2990427621698366,-0.2836009219240493
2109,-3.2008808482144406,3.2990427621698366,-0.2836009219240493
2110,-3.5540523883987087,3.0318445339413644,-0.2782272429413269
2111,-3.169971847676539,3.437111866781923,-0.3015119690392471
2112,-3.680667293439849,3.503796723717839,-0.28764747112274014
2113,-2.3795096981271455,1.8838313483524332,-0.22889790106361715
2114,0.2830039787068975,1.8845527076348028,-0.021085689725777925
2115,0.7634200094454281,1.817352576450803,-0.026348580709501714
2116,0.7357553261010219,2.2993809285349647,-0.022237731583434565
2117,-0.8679477011017214,1.2308222395610249,-0.13235118143018557
2118,-0.7419521305142818,1.1580202904790013,-0.1641481570602164
2119,-1.5534149681712208,1.2467312836546178,-0.11081608270357941
2120,0.44225443067618847,1.6304363680255194,0.028036937700892894
2121,0.8843776771012403,2.310504746765361,-0.01491520594114285
2122,2.366431360966671,0.8527020588636134,0.16907099321259647
2123,0.8947557028184074,0.9047837848419015,0.12657887682326474
2124,0.6687361880098562,0.9662160686023713,0.08147387306708236
2125,-7.362403882362782,1.4669048114087013,-0.5346075682965397
2126,-6.386207073828229,1.6462152505100627,-0.5377209147659215
2127,-4.026123464008072,1.346412138842946,-0.3663047914053893
2128,-4.153876801416243,1.4016046525668173,-0.3198597338040638
2129,-0.5108922481889137,1.029852710457404,-0.0701261196129888
2130,2.517580994549037,2.797447251342294,0.14285160024149948
2131,-1.6268341335315943,3.6016560139376983,-0.14582457129805515
2132,-0.930672287721827,3.6297804238640934,-0.08723110079818346
2133,-1.7851789861665057,1.4111443500989092,-0.15489287034413704
2134,-1.9578758399348937,1.3249814853376438,-0.1700476973387282
2135,-0.7516636338120131,1.084396158396385,-0.010566730074213382
2136,-1.0436303192368688,1.0540003174749006,-0.11545380991462838
2137,1.0279291273450797,3.9725015838482864,0.041130830881567486
2138,-1.7849621975617018,1.7212963073354963,-0.15914229332294338
2139,-1.4042264417008463,2.558225859190368,-0.17172514240445208
2140,-2.395233589535302,2.632012021275819,-0.1563484484614036
2141,-1.7721993001804355,3.6627508824142043,-0.17963518217344032
2142,0.8196794565555847,1.765588606282806,0.03815914961281253
2143,0.33247391123362047,1.9741419810772236,0.03390033640921683
2144,0.4161303457153479,1.944758987872997,0.01739455297302263
2145,-1.175250087607168,1.3631164666924793,-0.10194315067661808
2146,-0.03743398379179074,4.064437567994702,-0.06457950322576256
2147,2.413667507546281,3.3804913929735934,0.20059719187746688
2148,-1.0902002063595948,1.6358619785482111,-0.21823530405404531
2149,-1.4689731945837705,1.6296277759560334,-0.039945515366086495
2150,1.6228973065637176,2.1267734638599025,-0.007436487043316832
2151,-0.5138493486514181,2.184410675429271,0.013795959574377578
2152,-0.8220195211033642,1.5952913753783222,0.014830728049221541
2153,-0.30451394408863336,1.7672303645970553,-0.045224438058241535
2154,-0.6531601367999755,1.6028398361867064,-0.06459231270063727
2155,0.770903551221035,3.5234459585099183,-7.272700972190401e-05
2156,0.7288507345268875,4.3363076240842275,0.012647510639095198
2157,-2.442070248149907,1.440864344363274,-0.14653236443463022
2158,0.99502356727363,4.668736739006747,-0.02172088118437421
2159,0.9265869256583275,4.674730819353054,-0.013355068486701465
2160,0.9947387119045097,4.3158333872668235,0.02017118293138366
2161,-0.7364559390879827,2.3984045892092785,-0.06653006966528925
2162,0.3514996172607762,2.559834332071929,-0.0009506852884287315
2163,0.11609785772371845,2.8367292588235964,0.010639321239527683
2164,-0.4561426149421562,1.590973584104579,-0.09227065319455208
2165,0.3916429398392999,1.4087367227769634,0.01672652788415316
2166,1.7194547841833434,3.999594090296228,0.09174886154869245
2167,-2.2386148757409194,3.805693572077329,-0.1792464192282709
2168,0.34308601549256673,1.3270788846649713,0.030884584408153587
2169,0.7917311941101411,1.3521842007260068,0.038359829445583166
2170,2.000659947161291,4.24650091691812,0.10157956298821957
2171,2.168994936154157,3.904425210117529,0.09355830783727528
2172,0.8793686600988986,3.5232353093236832,0.06428696767233248
2173,3.351062877093078,2.488733100843628,0.22080294748032273
2174,2.7470269409038557,2.7584442608735587,0.10096501016219767
2175,1.4266104493777167,3.0781253134664155,-0.0067390444604136564
2176,0.8099126413546136,2.3743684071337117,0.08434104528121783
2177,0.653329518220168,2.126588947677605,-0.015598475320182015
2178,0.9766541008006384,2.1900115911917273,-0.006976739746512588
2179,0.727992898006297,4.626962369239178,-0.015387181077184741
2180,-2.879180728575743,0.7968314088454111,-0.2993095761098138
2181,3.4295672909754873,2.149314264275588,0.25939654342500185
2182,-3.6290287470963056,4.4912665144075445,-0.2705103615009405
2183,-3.446575697985958,4.63520004906023,-0.2992740028804571
2184,-2.6990200266847495,4.426364037824848,-0.24656054391856766
2185,-0.21815605115411646,3.320200049720325,-0.04255011962869129
2186,2.388134723741826,1.5196776605416698,0.17331871087804546
2187,-1.7035515561570451,3.6319702834508045,-0.18588639206336097
2188,-0.5058515206491146,0.8804377369878164,-0.01888999359752956
2189,2.557137169240872,2.4936629709160925,0.1948917923159559
2190,3.9171167091995747,2.282744263530982,0.18891315314144472
2191,3.396857068708773,2.368434575391665,0.20483937677934266
2192,-0.4565664555075439,3.219202912799951,-0.039722044609921334
2193,0.6873458038788892,3.2471987084689173,-0.005023423452041404
2194,2.8330909023300315,2.930397524983518,0.21349165026305617
2195,-3.351469267328029,3.2636307262931377,-0.24969703381964647
2196,-3.344359687322931,3.113184647440261,-0.2194239768124408
2197,-2.9436708857842766,3.1481678113297593,-0.24663813870140275
2198,-2.7053648044348266,2.9633050424881486,-0.20566511581489397
2199,-1.7918798861916498,4.981808159816794,-0.15959959247421818
2200,0.4265018137643051,2.2133070605641083,-0.023811845159097397
2201,-0.8918462865364362,3.028411968238151,-0.06786039122453796
2202,-0.3374561491875052,2.839341091846768,-0.09533678851978888
2203,-1.6978556117650683,2.9608746605010747,-0.11486256549939586
2204,-0.42464460658463943,1.4466195231985537,-0.057314085638075656
2205,0.009919495940010358,1.1830783062704242,-0.009910798531939422
2206,1.006037899325583,1.2240455054492851,0.12952462486763242
2207,1.2455663701572066,1.3622304927774829,0.10786924084387825
2208,1.7370497061822476,3.288295158518792,0.07496275560670686
2209,1.7892867662727037,3.854053082742735,0.11412020760994415
2210,1.790549237551654,3.5302724812583977,0.132769005724291
2211,2.1299161492256955,3.100427999125874,0.07329824406880987
2212,0.3055329633205492,1.6091946661464505,0.07202179356057124
2213,0.5837551127711724,1.3461501017502107,-0.0633632886870497
2214,-1.3430201808348574,1.8678191229232066,-0.04871696506852064
2215,-1.2202715149668735,1.9018433198321936,-0.06112229722923594
2216,-0.7432385976819068,1.9911580221899452,-0.09435651470844605
2217,0.5920386827679875,1.749117453898949,0.02669146037233207
2218,-1.6994223086741584,1.8978073743514805,-0.14090576021735687
2219,-3.7249642351417407,2.5649199811485723,-0.3347848564322589
2220,2.626995701472143,1.3648881571274893,0.12753665032580644
2221,1.3590326865112459,1.3646542206644678,0.1301677205206672
2222,1.9581399697407675,1.3746566876456032,0.07259193854175056
2223,0.9883600008310318,4.831634543927569,0.011917136184466484
2224,1.3490205716464208,4.8910961114112625,0.10051515598241893
2225,-0.0059554122566961324,2.828458876519659,-0.0397256710178592
2226,0.474878081240257,2.885036142132661,-0.04660894657270289
2227,0.41419866730819077,2.8666708679791424,-0.04447369331305932
2228,0.5004314718953372,3.6171089083827606,0.041489822732966045
2229,1.243974809434614,1.5909653710750964,0.10833167370616692
2230,0.987322258047407,1.5125140541894206,0.05628280927286367
2231,-0.16987035915679413,1.82771149847677,-0.052233959781914245
2232,-0.6054284281163193,2.142054076624562,-0.041413580010915815
2233,1.057577234124488,1.8306840731377043,0.0637430127838422
2234,0.55358621816206,1.9425152131002121,0.08317503625829756
2235,0.5014512360874176,1.8972499099220166,0.12255155940221701
2236,2.2311793525032835,2.5052220046708378,0.024000959348723355
2237,1.840734104000749,2.6490612830932716,0.022755731721289637
2238,1.479924934442644,1.555603850729265,-0.010822296944469104
2239,-1.4741391433675588,1.9244296932652287,-0.04373651192556604
2240,-0.41146768449334664,2.8641074439489365,-0.11146178281476467
2241,-0.5345176603348568,2.180417853825921,-0.03052988597147471
2242,-0.7941398434724186,2.097706062060668,-0.018677245354690734
2243,-0.14511764298740207,2.202730922315435,-0.04156976047269813
2244,-1.0799683869322338,2.6305410498324107,-0.03746676812733853
2245,-2.588878041121451,2.4381581737434934,-0.22162977848278387
2246,-1.4232151418171783,2.1705515763341388,-0.13646522957864288
2247,-3.32253902025767,4.349937535527944,-0.28529693442057374
2248,3.224656893090584,1.652540820322806,0.20174792151159004
2249,1.245198676067793,1.7688129144059572,0.04909437271820099
2250,1.1107502435414245,1.9041337326226055,0.01540408106152869
2251,-0.6711292502477183,1.569565649452437,-0.09589904725457153
2252,-0.3358071074040776,1.3180192176251457,-0.031887898572663824
2253,1.4746552907455874,1.020632279345166,0.02820715616805794
2254,-0.008770425914091027,1.3164294323817929,0.04259748313742321
2255,0.4768051088655444,1.3104417867208886,-0.002365272979203888
2256,0.48727419442052267,1.8036264367304216,0.01404503890718686
2257,-0.4897713322072366,3.0985227401418753,-0.07495129748045441
2258,-1.8312905897862106,2.5009072409918325,-0.16638810824359904
2259,-1.6637130233361785,2.5357349563275635,-0.22564578727487675
2260,-1.7198311312198806,3.035000943571482,-0.24422232347719786
2261,-1.9624082349915204,2.8493063085522987,-0.2099759110670403
2262,0.3814141537724454,1.678205877662266,-0.038904916542576516
2263,2.89748667406117,1.0772828260053477,0.23915225499643145
2264,2.915972228238492,1.1157182796708496,0.23544714832747565
2265,2.737405114445892,1.076379641476789,0.24958468693592042
2266,-2.258854339462375,0.6306313953686645,-0.3368127945839017
2267,-3.3447187082002223,0.879110094470944,-0.12550332406153694
2268,-3.2171484775914174,0.8558789966319541,-0.14356768207232956
2269,-2.763509294475908,0.9563807361777059,-0.20086941024796712
2270,0.2482394798409954,2.442346693208711,-0.037639056691614395
2271,-0.006152956986393018,2.3961144222238,-0.029192636548672355
2272,0.09800499342320869,3.198236085371984,-0.04299531710158212
2273,-0.06076840890330207,1.5735593215180714,-0.04303259295318774
2274,1.2580707944348641,2.241629250832066,0.13267073423064935
2275,-1.3453536169636116,2.9165019528246905,-0.16884583460391364
2276,-0.3085451590433531,1.4956170159538957,-0.08421264670200132
2277,-0.43229438847482915,1.472618424918409,-0.10098043374944853
2278,-1.0474311256339413,1.3512310015212394,-0.13830779343206848
2279,-0.9744319009077167,1.9886674060407976,-0.08679236053193815
2280,3.302131227142868,3.270126120804743,0.1861143227334288
2281,0.40357366073829837,0.7034527357180483,-0.06637114134947038
2282,1.696511816376874,0.7226428928819039,0.13240949343243258
2283,-1.9930691948855321,5.289695571223522,-0.20897093229700547
2284,0.14813210866743431,1.111886340996662,0.04858758554457056
2285,0.27092734766876525,3.801632317619665,-0.07354193831669859
2286,-1.8348919104499821,2.765450621360949,-0.11610511169597526
2287,-2.2648050005730513,0.8418240144220464,-0.14341522935817466
2288,-1.2902105706831526,4.787251385174302,-0.1472198066175881
2289,-1.936738864041255,5.673137311282598,-0.16869354610505435
2290,-3.1234339489755683,2.598848184977012,-0.2668145861158539
2291,-3.7263634479728482,1.2295562885551543,-0.2909545910315951
2292,-0.6376633924558288,5.517878520525317,-0.11054350134373256
2293,1.3116695656312356,1.8051145576214704,0.024950709151531848
2294,-1.6419827295525353,1.2611117101875489,-0.10691522825352844
2295,-1.1968565561871825,1.508560888443208,-0.13114108185893678
2296,-1.6034356554815699,2.031247095314929,-0.1562553158349705
2297,4.034357693877913,2.495144026856876,0.28611411649913726
2298,1.2818584489190243,1.4788176266976953,0.11843330999348373
2299,0.639604945569158,2.0093847203472834,0.010782255537224698
2300,-2.339943210949854,2.1345223812716023,-0.2196323701368614
2301,-0.29623100543898145,4.326062741533754,-0.04219145346417035
2302,1.9684657339248255,3.0478947963606036,0.10696828253547214
2303,1.4768883446055088,2.582086912297412,0.08877178799706732
2304,3.007870063067003,2.338159380847351,0.19195169964149175
2305,3.3243740766051304,2.144611367788153,0.23894313719289398
2306,4.208241376643403,2.8661697545243787,0.27408208491233815
2307,3.788364655173531,3.0387670929118458,0.29734180051460374
2308,0.20278727942492009,0.5115175771249462,0.0637100713545482
2309,-1.0062488383577575,0.9707888506393203,-0.036481870318884994
2310,-0.10662093734450588,1.2032415588856333,-0.08600201850558226
2311,-0.43503175939332234,0.8311035669526184,0.03491296122855575
2312,0.3716781340147751,0.8778190515031373,-0.012511299150131962
2313,-0.6473086380891827,0.9255063863801233,0.01653325670174964
2314,-0.5941078210865662,0.928144888251554,0.004808894541164106
2315,-0.3448240198479827,0.8965550515136788,-0.03394890858823853
2316,1.3961699370976262,4.921079512271492,0.08237940662607576
2317,-2.21535121943889,1.3733648139664827,-0.19328743563970305
2318,-1.2760030566415517,1.271910344131453,-0.08659178138414027
2319,-1.7080567574761296,4.357700239060777,-0.18959293602542304
2320,-1.9562750689730997,4.506504810602788,-0.1304737261203045
2321,1.5583790391298873,3.759199162362645,0.10140514919428631
2322,1.7943626017323069,3.460293261952363,0.08017956074658593
2323,-0.2517606279372064,1.357494281567709,-0.016683479441043262
2324,-0.348056504354675,1.4264929208603696,-0.011210859857778586
2325,1.8350736951097684,4.306212280814941,0.11647591771409943
2326,0.9219607715761985,3.4004143757713785,0.015220509698520355
2327,-1.396561095033055,1.7074959734185797,-0.13920299196804445
2328,1.348257435781714,1.8196627849843818,0.11481113468836193
2329,1.167491139498839,1.8218435085273201,0.08037288987336386
2330,0.18929577232244366,1.2872454725209705,0.011696730016914682
2331,-0.2519428805931074,1.1260260506876014,-0.05737962841588089
2332,-0.9928956051188769,2.057083100377521,-0.07977358977919
2333,0.17189926125138863,2.016931200617171,-0.0881525704667187
2334,-1.9762337721381296,1.3438699185461125,-0.10610099905963827
2335,-1.8282866820728605,1.3267109087279476,-0.10418552687490197
2336,-1.9558210213367688,1.3753076403534008,-0.09467264258363936
2337,-1.8986932339451161,1.4066715654391282,-0.11262419749243546
2338,2.4344179437371647,1.8556118220570188,0.20107301302269776
2339,1.3938631345590542,2.8638264687811477,0.045932146613291196
2340,1.4204991232606141,2.866876471684475,0.044512562711347695
2341,-2.591761533727478,1.4762113158567631,-0.1766369795962265
2342,3.2073642386036045,2.3991575279353854,0.29025544204406983
2343,2.237278485121303,1.2023855145620221,0.07296155886675725
2344,1.1982462859218954,1.0592471012629419,0.1387508255002459
2345,0.16919569976130117,0.7590979916385527,0.04171561626596722
2346,0.7792791936613799,0.7978237711825146,-0.004623497781669908
2347,1.1126447672962696,0.7913296733556362,-0.008598842195868622
2348,0.3342406272953021,1.0187814843989567,0.08424370751335568
2349,0.6774562030179448,0.928496203672377,0.09345754257835583
2350,1.1469713912443122,1.7831631111831854,0.11284697988785286
2351,2.536450897713037,1.8431572334956494,0.10750367000484284
2352,1.0082509525372219,1.784830810356383,0.0922829763167675
2353,1.8092604620756638,2.0263032706532385,0.062482412943783684
2354,-2.4033231018047014,4.598437169876283,-0.24948986014574084
2355,-2.1398925430062388,5.4358112230479945,-0.23040984945878354
2356,-0.08851755552346076,3.1072058376099556,-0.045972971615730066
2357,-0.1561865727748069,3.256217230555459,-0.02882228834749879
2358,-0.5050843501111116,2.9124210825246077,-0.07950945514734127
2359,0.6709118474630337,2.4640942896654203,-0.030688914264814106
2360,0.11046119193611698,3.143630684947391,-0.05529218815952076
2361,-1.1249835580005327,2.9027085125894954,-0.029685160144990293
2362,0.4031685351054779,3.231389358380039,-0.10405938473863659
2363,-0.009760671551603248,2.4716677004929437,-0.022522118749558114
2364,0.10855620527363584,1.2720314066116882,-0.008359206632546431
2365,-0.11606882204204007,2.7859724704376383,-0.03484618481804737
2366,-0.11606882204204007,2.7859724704376383,-0.03484618481804737
2367,-0.031289732593003376,2.1833091374834863,-0.07100754943456727
2368,0.2544044582975867,2.3368690413450595,-0.06176475823106651
2369,-0.7857414145649728,1.6145724787700941,-0.037361457264151604
2370,-1.0175916272348413,1.4642828211690224,-0.027241790475069402
2371,-0.2762322136851633,1.9181461136633002,-0.13126074031445392
2372,1.7980735732443025,1.6518753142427338,0.08665380709627205
2373,-1.4998961913829516,4.097512184867429,-0.15523632009868574
2374,-1.3565010223581238,4.307152387665488,-0.16985165720239276
2375,-1.6953551946514018,2.3633629369507543,-0.1431112694146682
2376,-2.022517643311348,4.261690160283435,-0.18169065279868554
2377,0.22473269085800524,0.6625000389221151,-0.06619337655328662
2378,-0.04552296620734572,0.6345277597306378,-0.05633649297741138
2379,-0.15809914086829496,0.7254988033925741,-0.01710862529050466
2380,2.1104616808009897,4.009031627751859,0.11802496092134876
2381,0.8172088826329,3.3480246419028283,0.0314060025910194
2382,0.8157318556261,2.8766041229074695,0.07996812183580419
2383,-0.16371237238655253,1.3767833649290624,0.023656701579114987
2384,-2.3472093684077127,1.9563675748394016,-0.15836963014438069
2385,0.5036654520619898,1.1933266086248218,0.04814074989051189
2386,-1.930088677865842,2.173890549016493,-0.12983851063201576
2387,-1.7157468513653495,2.228404646197572,-0.14685957592033777
2388,-4.564624334819114,1.7885121441385143,-0.3605724900751982
2389,-4.727301585030822,1.9112579206347649,-0.34552665977302277
2390,-2.22565995750351,0.9184320375583177,-0.13948859461100407
2391,2.6179724606347294,0.9438649860461716,0.233907081621834
2392,2.7435603096520076,0.9751097948084076,0.16851040561885572
2393,1.63714216154641,3.4575747316767282,0.07045159189541729
2394,0.930128799069044,1.4007429505278717,0.038235936429531055
2395,0.16677818031190436,2.4184155908395173,-0.030282175568693788
2396,-0.7046790377528074,3.7797516748627444,-0.03339799087005826
2397,-0.5783134635042384,4.210296094594638,-0.06169589263363114
2398,-0.5341207393438879,4.466974254863986,-0.08312247951524174
2399,-0.9971192889233265,1.4661036310470374,-0.0735848627921095
2400,-0.6248419297285691,4.636652656641964,-0.06998913135383422
2401,-2.6450975152429415,1.7948834497729547,-0.227358639005443
2402,-1.8920725253685169,1.70351576195105,-0.1833803585634138
2403,-1.5803883227043192,4.585631975944095,-0.13891284199113005
2404,1.001587404169219,1.3376752143579431,0.041191184693937795
2405,-0.8072427263437832,1.1506076415291004,-0.12501299574765956
2406,-0.6327206208628099,4.58590114883158,-0.1259227599264765
2407,-0.8692980688422988,5.396080965170223,-0.08216622536250089
2408,-0.9598310424870995,5.718400885309277,-0.09551727984540889
2409,-0.1226615398028024,5.897895173362648,-0.08522277637501623
2410,-0.36963036607650757,5.552827948073179,-0.026559240982639787
2411,1.2001301886800813,3.188867402182957,0.03450881729100486
2412,-1.398973762889658,2.071624028534773,-0.12577839507858066
2413,0.4054922992403222,1.3200025724743956,0.003942584161188897
2414,2.0922335125379283,1.3933009039396058,0.11683793499981553
2415,0.8395005629873773,3.8259532448906737,-0.012068235725868084
2416,-1.1728881532757556,2.2159410304761513,-0.06494107494974971
2417,-1.6096387245560488,2.142152921012766,-0.11697919491235557
2418,-1.8013988859028394,2.280048511984273,-0.1740214901309673
2419,-2.2886787296503823,1.9018328987082964,-0.1822513711586491
2420,2.3793695917303657,3.0389085224006926,0.13201811215005185
2421,-3.0662280517624994,1.6601154241235465,-0.23816708598761516
2422,-2.570073358865614,1.8619616865420419,-0.23259249626434159
2423,-0.719706368547091,1.7254700286766513,-0.048166854098218824
2424,-0.7949214287614513,1.9100594420555765,-0.03817704620068735
2425,-0.7001059492319038,1.9132779430025608,-0.08083758368120746
2426,-1.7142250046512362,2.588432304747174,-0.18450293348344965
2427,-0.9246175249494057,2.6900889262652754,-0.1070617318300318
2428,0.5272414471666582,2.0370937838735514,-0.010986620929773042
2429,0.4816894471619482,2.3769327840906604,0.017933009907772517
2430,0.5133028868442623,2.1199799162867574,0.007543091237148136
2431,1.8491121302306468,2.9486011556326837,0.11165443533039976
2432,0.5078579525428752,1.053868124293493,-0.04269186904648007
2433,-0.34073792019832927,2.0110543382471495,-0.10649015917191382
2434,-0.8482594883576877,1.5650238269940695,-0.024728754331733178
2435,1.3893536555324038,1.8143966280577175,0.10697691208494141
2436,-3.792243458213515,1.3892324481914013,-0.27879711316061523
2437,-2.671422525661363,1.0658744782637815,-0.25348256142800296
2438,0.0222801500011566,1.8000125019767277,-0.044074265893262375
2439,1.5591085267862215,2.135545230085393,0.061200254111745546
2440,0.433107604378197,2.223865831495449,0.04398072896445863
2441,-0.5065015933491139,2.6199474611296742,-0.08045698873140822
2442,0.8243412652599855,3.167220581244293,0.05139173402957857
2443,-4.428735202811476,2.6108510266528544,-0.3481091557320714
2444,0.4711035511551514,2.3346480823647453,0.002026280076389437
2445,-0.18259286913525105,2.9489122081475565,-0.007380167173759909
2446,0.06842805138403538,2.342727486662122,-0.06043081451683335
2447,0.3783095167390643,2.4423807726158815,0.039986644560941545
2448,0.9378275435466771,2.5990513898817764,0.006136353014976783
2449,-0.04078775650269861,1.6125875461231771,-0.005726062818325954
2450,0.7093981284034502,3.7107862827840568,0.04660438263373098
2451,0.8583643006583673,3.753632864796036,0.035185327154474
2452,1.2315449099966207,4.001248345179753,-0.00029690567614997334
2453,0.6427567077844439,3.519145838861347,0.006889750243244516
2454,-0.16831843489970877,3.380880430178648,-0.04973337244476962
2455,-1.785361937887556,5.5748252539597605,-0.19809859494432797
2456,-2.2389291974261054,5.0578596490279795,-0.1759942474145122
2457,-2.254662530532229,4.923290744571492,-0.16978711603540728
2458,-0.7509259024933518,3.3031380507244017,-0.10064996384517551
2459,2.5844064257079777,1.966834318690209,0.12359222382913432
2460,3.4341458462936587,3.2304685501349875,0.15454176809742953
2461,2.772376063113611,1.526294658794685,0.1993560157272906
2462,0.29088641461999903,3.564898454771419,0.0028111515058734716
2463,0.45640470687125057,6.438143454508039,0.015067518584684306
2464,0.45032007988811823,6.41207665158134,0.011864210155678527
2465,1.2959264102671062,5.8682211902896055,0.04843502158003038
2466,-0.4113549502345919,3.2386130458464493,-0.03751247782974084
2467,-0.23920941740186943,1.7738508439053888,0.007357314913575035
2468,0.06514574249570242,1.9478528447860952,-0.013524434402197914
2469,-1.4394542699459574,4.936771116255941,-0.1569597852667528
2470,1.9760486741095464,2.0251332951531857,0.09502185807185234
2471,0.5823841933797476,2.501986784721433,0.024519838055864406
2472,-1.7417846136616113,1.0722457540000485,-0.13788971862410032
2473,-1.6516863382878872,1.3053323010652775,-0.12631010881720295
2474,-1.0345949272525419,1.517802739631729,-0.1718469042518595
2475,-1.9631027156203682,3.0637709202902013,-0.20665518317754925
2476,2.046511995202039,2.484326015858078,0.17307623672803935
2477,2.349211529330065,2.5212546308470647,0.15881314428912366
2478,3.0587019852644026,2.5076714306722514,0.18770075205430994
2479,0.03426648168058537,1.4831915865898178,0.0070187009616638
2480,-0.3601814711984303,0.5628420767095886,-0.09511148912998017
2481,1.2109478134779212,0.22028069310458098,0.12160128743422383
2482,-1.6304549453159667,6.62946402883658,-0.1495805980288962
2483,0.185633829063059,5.18051763807579,-0.05636157452614304
2484,-0.34041452297191044,4.738428098720885,-0.08772623622161374
2485,-2.6013594838502265,3.5248417080968886,-0.25483713735556485
2486,-4.833300716358052,2.028695503749761,-0.3981968582738151
2487,-3.8087554699265342,2.2621259688037254,-0.28410691048203485
2488,-1.497887520034033,4.007892018269586,-0.12124891642459056
2489,0.49066406899804427,4.109370901437857,-0.020549109325498128
2490,3.078102663856104,1.8450770937528502,0.2201958844213948
2491,-0.8976620081528306,1.4557977131809658,-0.07795497638514357
2492,0.9291489748765354,2.2127057934901333,0.06885701558405212
2493,-1.3002274505212417,2.2944572042894182,-0.15566226959940285
2494,2.5667980388751035,0.42354046674758844,0.20464490700657534
2495,1.7086454869505052,0.5376629232977642,0.10329434068718298
2496,0.8347704058478783,0.3805231842968559,0.08644205254034051
2497,-0.5412873824883615,0.49431795751325525,-0.026290837059665832
2498,3.2174348178471135,1.0187734031131082,0.2061430633744017
2499,2.4759627146965664,3.6563985606964287,0.15510611251631412
2500,-3.779685918307383,1.9165956814205367,-0.3002033636169123
2501,-3.540464429361688,1.9383425926857136,-0.32573470815829864
2502,-2.305444207267656,2.2573655876153023,-0.2021079106322246
2503,1.0768362778223404,2.7268549614759237,0.05647611995810994
2504,1.8000713762357283,2.9304532073819116,0.08540705516834282
2505,1.7997707493407127,3.9110159369134774,0.10842499290176018
2506,1.6085331468663047,3.362488442172921,0.13152751399707835
2507,0.09197940862838146,2.2905957048422056,-0.006926877941306459
2508,0.6157143563529578,1.6553123166980859,0.006023774628725352
2509,-1.915881682410408,2.2483309893189376,-0.09520730771884071
2510,3.139547553721482,2.225870408042957,0.13841234122289955
2511,-4.18640870322619,2.1309032493888562,-0.36704972838667493
2512,-3.9128110562646214,1.9899588735330511,-0.2637642231303732
2513,-3.1995213401346674,1.9042283319449325,-0.3058921770745244
2514,-3.444552655250747,2.41592799392348,-0.3416786750848045
2515,-3.13441180894928,2.1597772758463702,-0.3380204402741248
2516,2.3540465587465835,2.235415816103601,0.06691748539966265
2517,-3.213033656122975,1.5342238286538397,-0.1975972626396677
2518,-3.271323820666083,1.545408857098246,-0.1986898752411624
2519,-5.855451036626551,1.9061605451460257,-0.46770517904154646
2520,-4.384664692939453,1.933600891915621,-0.35760359949371573
2521,-4.139483370806778,2.406915832853856,-0.3515639317146262
2522,-0.5497370390312082,1.7701956914255803,-0.08047223044500428
2523,-0.5497370390312082,1.7701956914255803,-0.08047223044500428
2524,-0.11614867372656673,1.7205106355806563,-0.06727896563274674
2525,-0.32882396830293786,1.7571030405536654,-0.054764024079226946
2526,-0.16368312913972305,2.3015724500910713,-0.03645542017823385
2527,-0.6137556626466948,4.3713796701137175,-0.11409017869857549
2528,-1.4460862282342755,3.1296543666747927,-0.0999116703361209
2529,-2.096656375119031,1.6849191131502603,-0.17287771419009887
2530,3.0573284878201337,1.1812564564204435,0.20609203156813938
2531,2.1834370430646373,1.2578404842305193,0.16087064253960603
2532,1.1839511815325177,5.390928371191259,0.05393636494838515
2533,1.1248058263980067,3.6769600046757946,0.05750010424790832
2534,1.379980807645877,2.644520522457549,0.11279562287950295
2535,1.272754054872345,1.9328365556355604,0.03247298156658286
2536,1.5349716203478248,2.0357299070622483,0.005084726124810395
2537,-0.4247902148045414,2.113917530405832,-0.018293580722647564
2538,-0.13927226108374413,2.807591033290308,-0.11135421141152053
2539,-0.24818847414542486,2.783717480499346,-0.10571210685057304
2540,-0.15259465523212767,2.583598933790112,-0.00018008408857957483
2541,-0.2213260103703447,1.6852538591426036,-0.08604365847185098
2542,-0.06231544067149695,1.79747276796521,-0.07131276605848368
2543,2.59043377952982,2.562218368676265,0.21791449451276823
2544,2.7486880899220987,2.6192446734351016,0.1857216611084158
2545,3.011525834526256,1.9142298427540465,0.15930957031554938
2546,1.1325674726690185,4.098200075821728,0.06149839849042862
2547,-0.41344209953989525,3.5940464786638,-0.029165722944822916
2548,-0.2636925402998566,0.9500354648817002,-0.1036618620027569
2549,0.1706375968866334,1.1116273356925297,-0.044541771104348385
2550,1.1196223214658054,4.727870455410494,0.01285317163224406
2551,0.8404839528640526,4.594745730903637,0.014415576797948441
2552,1.0718047899936198,0.9385258486489608,0.005176572823440256
2553,-0.8724512130850163,0.5938195329121819,-0.12867646561299712
2554,0.6427051159784083,0.5962673472394137,0.08798082321609102
2555,0.25054235304789807,0.9239345976469733,-0.07785441499586113
2556,1.606489235895467,1.01551327280201,0.14293146627051823
2557,-2.3665243129511455,2.2368921320666066,-0.2081601531309069
2558,3.4802802779871533,3.9470863775749967,0.21548588578953415
2559,3.7922424717204386,2.543027793694191,0.24217352701225323
2560,0.4640656175826221,2.3108273613149657,0.024791997971086718
2561,1.362312298029208,2.6783137383411066,0.05505199351886875
2562,0.5196332850901566,2.2170079951516644,-0.0007535500929691295
2563,0.5128482089857154,2.2536643823976243,-0.019291410525974596
2564,0.518514561957722,2.4923136419277956,-0.028478103053335316
2565,-0.6480207524953369,2.286649346471853,-0.04330301822473885
2566,-0.3230135020802438,2.2772231794511297,-0.05111477749142072
2567,-0.16247276745065162,2.6372484551206585,-0.05116206836593941
2568,-0.37183666366729806,2.3739205605376914,-0.06732217790188119
2569,1.6008480597659158,0.9261731254950654,0.10504313363718745
2570,2.3682660931160453,5.063493147638881,0.15565398897557134
2571,0.13015646108125714,1.9353285528505129,-0.020926829122863665
2572,0.38171305266889766,1.503932394315966,0.022552404128351005
2573,0.45689057258607224,1.5668032716708655,0.045876684219308204
2574,-1.490957317315641,1.8827682910303767,-0.09445390780063119
2575,-0.24668832901629503,4.144681173776137,0.017817311412867184
2576,1.399128445598649,1.419625692260154,0.041727113024215445
2577,0.06205710526721314,2.093694257871836,-0.055210673146338825
2578,-2.942757819191346,1.4386731154795835,-0.25010970248207676
2579,-2.4415730094947636,3.0439379083037337,-0.20356035892335045
2580,-0.8589331965038488,2.2534941835941793,-0.09118906168037581
2581,-2.3365715125191744,2.5333933213228157,-0.20607109281134234
2582,0.33295684731511993,2.120672280164997,0.002524682997030525
2583,1.3586773571013866,3.112752994221716,0.07398344240986136
2584,-2.365082274791957,4.527619685824779,-0.18330199951673729
2585,-3.136162277399001,4.079338266259716,-0.28010399598581326
2586,0.12917880764523298,2.143138297461009,0.0045016164927881245
2587,-1.0704881577412328,2.6252125000708832,-0.14490148994402244
2588,-1.2694642714192763,3.548631575114469,-0.09151279635412231
2589,-2.151532268560567,3.9303329889437215,-0.21685888334421438
2590,-0.826005410435463,1.1439648928741233,-0.06852655202920278
2591,-0.3766888019426345,1.1702144517840958,-0.03017071169896001
2592,0.047159033054331355,1.0290564637028148,-0.01579626431673277
2593,-0.9018288790595256,1.3204792624269819,-0.07526308787975308
2594,-1.9982459998794582,4.368466123658715,-0.16777468093800252
2595,1.2879969777239164,1.2949571499085428,0.08899204825119343
2596,0.8975875908860237,3.3242564788736177,0.05116617895105939
2597,0.21854403745778264,1.8135937225898993,-0.03300552198919064
2598,0.04417425072491332,1.9214531814938183,-0.018258417498561205
2599,0.4234841011476195,1.880192909395221,-0.03479574714912356
2600,0.542968059650317,1.1049759661852812,0.03727990491755904
2601,0.8962323176133129,1.0820819736288105,0.033324306900847034
2602,1.7860930512782633,1.145901337924983,0.12484845630349371
2603,1.4613259160119152,1.5840571914653985,0.11342528602562857
2604,1.7166185510756307,1.7149979164083824,0.09050067639017005
2605,0.9806833700544453,2.2582337278431983,0.06806176793852522
2606,0.24990023573097672,3.720560887944882,-0.04493364916270072
2607,0.09037395076903405,4.176731793099892,-0.014026988217892182
2608,-1.0389389077372044,2.082596945598719,-0.13723512325414142
2609,-1.8343270444174573,2.409367827001888,-0.15700545891302653
2610,-1.2843428265651011,1.9509400164733084,-0.11016255777461448
2611,-0.9992718243758424,2.1503887116135285,-0.10469984934399532
2612,0.9609943742883708,1.8754791689268329,0.041788118400283875
2613,2.3177455204904414,4.589887626268902,0.13240018417506408
2614,2.738059236472908,0.9550183483361526,0.12021061174396147
2615,1.867435398689393,0.8912646299350612,0.10656501070502884
2616,1.5247719944320792,1.7819698804246065,0.2143258700225753
2617,0.7422730140866469,1.1230363888784227,-0.04382223280995154
2618,0.28296527126454635,1.150944255866223,0.09985903632563055
2619,0.4935837408068536,1.1648029689467236,0.0666946957682606
2620,-3.117461615510849,2.1771015578265995,-0.19466936945627888
2621,-1.8230843197444675,2.16281482046533,-0.25853792679469484
2622,-1.2545509471255802,3.1526478990901587,-0.08184384069769321
2623,0.7995379166365485,3.9575478568700566,-0.0007594413737064626
2624,0.4187987562745761,5.362758320420623,0.016466906589752944
2625,-1.1377489067806925,5.798267104718032,-0.11817179050536313
2626,-1.0033418438777966,0.6836327432237025,-0.14989635512089547
2627,-1.0190989355045883,0.5632426879800996,-0.11590147462539196
2628,-1.2135073442665523,0.7392573563288262,-0.09152937070257952
2629,-1.0197028721889374,1.0723192871434992,-0.12652145193549888
2630,-1.5493421325683767,0.9670462873417115,-0.11577654843166964
2631,-2.3350738286492057,2.1089070946282176,-0.21095492109539263
2632,-0.4649273966905299,1.8619483060725712,-0.07792946050540417
2633,0.26825899931107844,3.42082179249659,-0.028129986951216226
2634,-0.39910231557014497,3.2647606385062904,-0.06704914898259622
2635,-0.2928394890005332,1.201373481664635,-0.05363540287735132
2636,-1.4273557301153967,1.0948997324694032,-0.11697218751122157
2637,-1.4486842315836814,1.1970653396791715,-0.13880187249539308
2638,-2.1895647237699243,1.644720750917002,-0.16357276723635306
2639,-2.408425015112139,1.6394906299543128,-0.17828185168770408
2640,3.61102171530383,4.117318918243976,0.20335883410650873
2641,3.732894941243486,4.0711459965474655,0.24632498161987623
2642,3.122407592721334,4.515765797605425,0.1659560885144667
2643,0.06833236010512503,2.1379421223573254,-0.03580840415375227
2644,-0.5314305424238508,2.20756686982477,-0.00925200339862083
2645,-2.989449793648578,2.0264328787076393,-0.24605194776078046
2646,-3.5130389631614976,1.8901328124663446,-0.25673077168514846
2647,-3.090723877898897,1.8341481949493066,-0.25677560314148234
2648,-3.119403427877598,5.160410730004905,-0.2724594199232243
2649,-3.367095755670269,5.022713643026713,-0.2992045512875736
2650,0.3332787262760627,1.9405945118216954,-0.03657023353801673
2651,0.23948230543349097,2.6561603899204673,0.03211890743509373
2652,-0.21337500223160605,1.628421606569694,-0.08114423296191219
2653,-0.4985508691591894,1.582759817952179,-0.07873926847262441
2654,-0.6324114456861447,1.5571580214720713,-0.08528872827359314
2655,1.3479713824670934,1.9013665335220309,0.09475325183981802
2656,-2.3289575270145986,0.8680478619688984,-0.21945398213782538
2657,-2.4974204808342213,0.5960404155235023,-0.17276657258051728
2658,-0.5490141493719743,0.8611697470262755,-0.08200209719973915
2659,-1.1067601771726971,1.3709776626795231,-0.08330471234686637
2660,-0.9220892584121877,4.242167496207369,-0.08971405451520528
2661,2.3041108899339444,1.2702852992136386,0.16132603684822988
2662,1.486614099881513,1.4220612850102463,0.16624459323577156
2663,2.6640147771375497,0.7237268887411242,0.17839898433380888
2664,3.7941876220179567,0.9908713163078534,0.2804716848486103
2665,3.6426674712567078,0.8299663767437645,0.2593616882639415
2666,-0.8717303514314949,2.796781919869947,-0.09613706325989109
2667,-0.6010772032861824,3.0405867207608495,-0.14117888677033225
2668,0.22544530979156566,2.8284716898451543,-0.013771640816902435
2669,0.394872556247206,2.2496286851636214,0.020341383991102246
2670,-3.1023933034506173,2.705875059417817,-0.27459809188214246
2671,3.0413605699485067,1.3710393705424686,0.19958405864305642
2672,1.5202491766581168,1.2919441772713143,0.09595436593440189
2673,2.45625087209357,1.1237235726740773,0.051807988017404494
2674,0.7462470044457392,1.4607440277449601,0.14544709621297475
2675,1.5899081210312032,0.9977720654418554,-0.014238007618106268
2676,0.7451211042322299,1.0085774202184918,0.09037489440266232
2677,0.22743553132924654,2.7239262078014814,0.024647014736967687
2678,1.175553957933568,2.299086434683643,0.02351957494452431
2679,-1.2500798483981124,2.7427887451196598,-0.16934461756617916
2680,-0.9375469913322779,1.9456356787655413,-0.04755227233984681
2681,0.217480433904995,3.2568123598919017,0.04634300778126593
2682,1.2402386470985687,3.123598805419242,0.009541525663490463
2683,0.6201449246738417,2.38348473940537,0.02868389298816732
2684,0.15644930083905761,2.1925905004868067,-0.005995918820994324
2685,0.076137287011508,2.053429266062699,-0.09297201955217928
2686,0.15041466945949156,2.1134150688300792,-0.13133655208146355
2687,-0.04142838455166994,2.0306098875438323,-0.1268685090432846
2688,-0.949041721515671,2.2151743860448745,-0.052222434945217173
2689,0.984681516482732,5.718551625057653,0.06209709013645792
2690,1.3287662632107173,5.067720656538669,0.05449240403318165
2691,1.0682241429330277,2.490958932902604,0.044763337304525724
2692,-1.4564924481060044,3.485974882781899,-0.16110974248454304
2693,-2.4931667921400353,3.372443014398227,-0.20127790165035866
2694,-2.200057377390009,4.268423178897579,-0.17641147553028072
2695,-3.030361662895812,2.087074410542221,-0.2522588957153745
2696,-1.4518835999646085,2.88087508093143,-0.13547337418143315
2697,-0.22430502951374184,3.3009876192682786,-0.056349679435535004
2698,1.4133833830832014,4.611123147139695,0.07770688848758724
2699,-0.785645087178767,1.4373430106491518,-0.07911173013914267
2700,-1.2639948190735002,1.6698610481041822,-0.09655753854256978
2701,-0.14849200375124555,1.4852044629506296,0.007366142060476251
2702,1.9263868517629674,1.099498489627248,0.14591774476001665
2703,2.095174052971488,1.205722269051639,0.09993489646499457
2704,1.1891805933831638,1.1722458749859501,0.03022227079403614
2705,-0.49881177720378095,1.1788238327067526,0.002698871141631655
2706,-0.38474959502476136,1.1554787419703114,-0.008089298619693513
2707,-1.7993681128042636,4.296030655974127,-0.10665880505287495
2708,-0.4564152466853439,4.104450328432334,-0.07381632820038922
2709,-1.1607234482583313,1.4649090416204296,-0.1274877051322482
2710,3.003665569015905,2.936876908908295,0.16880734879662848
2711,2.6899496416599167,3.1474601097388697,0.21795837813974958
2712,3.625720157399127,3.5522593191832867,0.17339639671178617
2713,2.264072836091357,3.176503706708028,0.20630174380123886
2714,4.252491572137325,2.8348037798184045,0.22917515949944584
2715,4.582575873788908,1.4201434949923282,0.386951186122816
2716,4.734713923424095,1.5351442133391393,0.3431111104509864
2717,4.798077365425446,1.557800900601505,0.34618470849622146
2718,5.064792272783958,1.9414511492852846,0.3584775044885731
2719,-3.2430336852415538,2.639538911266702,-0.26113388264634546
2720,4.6378945458179395,2.2568694740832136,0.3105354074444636
2721,4.711531618154712,3.4980707958751074,0.3246814107183441
2722,1.4497633030938464,0.8813620444703086,0.09917539774052517
2723,1.7208407177482312,0.8582996807397207,0.08780351358619239
2724,-0.5322783207791553,1.0715395047979213,-0.03824745562657645
2725,0.20215640344289043,1.130873852589255,-0.07055030745473533
2726,0.3445608096119523,1.1922570990340193,-0.07439881730890618
2727,0.23745671388893147,1.2170254049917453,-0.06778033339931026
2728,-1.6965012045824865,2.6545757268463537,-0.21749894571596204
2729,3.634687491526948,2.9063453835117325,0.2065040320667895
2730,3.7691126884056,3.6348518166733412,0.2614461792966256
2731,-0.030035816549308994,0.9729262556973924,-0.10196663355890022
2732,-0.56514623208054,0.5894119963293831,-0.07173168042015109
2733,-2.5112909306302913,0.6818322732648433,-0.12493313786815853
2734,1.2141982862243683,2.98603110179429,-0.0013352058340236907
2735,0.7159587417063769,3.0225392509861626,0.08417692103540086
2736,0.4519823288337427,3.049342107575799,0.08064770866688835
2737,1.3014150154366442,2.6501888313856523,0.028075249884134464
2738,1.8376566463485637,2.7252750106898724,0.13587125280538975
2739,0.8830647086885671,2.5798914772220995,-0.02240284416770489
2740,0.4882636457306297,2.347403511251371,0.016301414506994162
2741,2.477824102166048,4.0465181578733125,0.12764027371336356
2742,-2.643880774712777,1.503920157767457,-0.2099982066477823
2743,1.1032281804827746,2.5450314180866265,0.047994920674603696
2744,1.0490085549190329,3.7372264982313097,0.03887600396810667
2745,0.2876189399434874,1.6052811640382665,0.014305348801551659
2746,-0.8826815742757594,1.4788920781063557,-0.07054582519841555
2747,-1.270134103732822,2.745331610876734,-0.08938644983705302
2748,-1.1892143886220343,2.6763586640923456,-0.12431434953518533
2749,-1.2006951554200378,4.208500728078691,-0.10653909088865231
2750,2.010100939102533,1.745460321683402,0.12423150984025177
2751,2.7108951027140096,1.654591992221943,0.12423118359889466
2752,1.2766478868795712,1.7925183423255011,0.1226899657580555
2753,1.4021820350078047,1.9240331900907155,0.09219113738192476
2754,1.1470735751719805,1.6059264255714192,0.032674912178668275
2755,-2.2370298158913156,2.5435171328250936,-0.23107661447671518
2756,-4.515783569464887,4.2911531170528345,-0.36878559741478006
2757,0.34321243493323583,3.9575197768721417,-0.007997474223981362
2758,-1.7191365982141475,2.315725084524866,-0.19342541087884746
2759,-1.1525139644195814,2.650547317666953,-0.08084797173440605
2760,-2.051124885213185,2.632614126777546,-0.14520877103028004
2761,0.21024682941791914,2.2512844894243558,0.01308923882879629
2762,0.9965216768419469,2.640915383081089,0.009437423672446842
2763,2.670442197051424,2.6512759995585933,0.2044665041815851
2764,1.1030711247271099,0.8398776301876942,0.04531113500973486
2765,-0.4155783428070475,1.0514930001396472,-0.08478142099418878
2766,-0.7456749543442066,0.9706615912329651,-0.08157232229559726
2767,-4.612643699969709,0.48591659251844643,-0.39230008855587456
2768,5.219079812809707,3.138753184799785,0.3420554177371799
2769,-1.5470943084718658,3.2039717676239308,-0.1378204710312167
2770,-1.0666280765847527,1.3639322225940027,-0.07010672768280272
2771,-1.6920928768073742,1.103716102699424,-0.19198765101029447
2772,-1.445833026951072,2.0897751381725125,-0.18461422414230894
2773,0.11278159927430646,2.847771225777469,-0.046928430217602776
2774,-0.4357364054044119,3.821171654200693,-0.03349088183944482
2775,-5.566048061309271,1.51516460245449,-0.3856538457240995
2776,-2.928166478318186,2.9530518507198624,-0.29282940604010277
2777,-3.023630189023108,1.2470948261381782,-0.3054508597793713
2778,3.2811517075826067,4.039304119522956,0.15224636640966224
2779,2.625384370491845,4.277552182746391,0.09626864740424758
2780,2.986181339454219,1.7952694858869278,0.15580792276801816
2781,0.5202678634409401,2.0906361841371366,0.037164726068378076
2782,1.248141000784727,2.1468128278867007,0.0031541511701045056
2783,0.7342556001295145,2.7000379337019376,0.08710658727113797
2784,2.2602405807326478,2.2763865809709136,0.09069528324827192
2785,0.2516832752414016,1.170049716164377,-0.08125941636619326
2786,-1.5147038238092612,1.351262750714889,-0.06274387214477968
2787,-1.767644049753797,1.3533684040140488,-0.055639968708488904
2788,1.3973949606073268,2.106490845848345,0.06029172458246433
2789,-0.6328972674019265,3.4379470649293444,-0.11576211102609205
2790,-3.8047493706981226,2.2522855008060447,-0.3073550975734055
2791,-1.6932633078147283,4.452257654032114,-0.1739069777942002
2792,0.9005639520280785,1.0154454685642815,0.09972082164463739
2793,0.2265019969413246,1.085554359982316,0.05188501800408261
2794,0.23040319583317398,1.0901862360985937,0.04938926895097265
2795,0.8636556024075882,1.1736771391141123,0.07941266649016135
2796,-0.8817084245011532,2.399272536159111,-0.0497306803397598
2797,0.6582154547030684,1.9910816328601617,0.025321842823165307
2798,0.8021212879535657,4.0712968791538815,0.08388657951507103
2799,-2.7401566705654976,2.88253596150514,-0.23142979872405064
2800,0.5466136773061524,1.7706889323571657,0.057492534560968984
2801,2.5534063375823406,2.440845479180172,0.14911751035760748
2802,0.9208919618919075,1.5365034501271055,0.029868297634933354
2803,0.493622799618932,1.3805304596058217,0.09488965933748995
2804,0.26959977072116786,1.4848416998139764,0.11348206446388252
2805,2.468544401287187,1.442878169373045,0.1605667038726616
2806,3.22347753627452,1.7069517263674063,0.28307311140133634
2807,3.9442665170723723,3.6941883375454876,0.18026012638696134
2808,3.313610440715407,3.9049182239277087,0.2303193899886147
2809,2.428488014235665,7.007898159987361,0.1317836243607355
2810,1.9887849489449367,7.005311553374096,0.10498482908930902
2811,1.9027248651699014,6.69284548889199,0.10778484602501895
2812,2.57177967552606,6.497144677483329,0.13694008648002806
2813,3.4699530339545217,4.614979690431869,0.20038026464954214
2814,3.484595872606757,5.283285970101264,0.23658220412290934
2815,-0.03733600324847136,0.9906086859360105,-0.0033322951869301817
2816,-1.6027504647324788,5.993104988113814,-0.18562718654140173
2817,-1.8778923715417193,4.775228454717267,-0.20596383776328692
2818,-3.2081109912249888,2.99420144227294,-0.221556674533564
2819,-1.2343939250818499,1.319973756730578,-0.07094339543611126
2820,-0.6977486256256973,2.5006428702854757,-0.11474409471697505
2821,0.6078425421812549,1.98693837587836,0.03224475413775853
2822,0.1552399979888925,3.7328159641245366,0.009396783222912812
2823,0.5137012520266785,3.925134801665155,-0.03871994570503438
2824,0.3396690759580229,4.857655821196632,0.03567243100138064
2825,0.8628845279574735,4.609427037418171,0.0010069117833337391
2826,0.889214808244408,3.0006953972542862,0.055798149704159264
2827,2.4731259239709353,2.517575779077213,0.13625458437705967
2828,2.676185843641929,2.0119042890511776,0.1704668259149876
2829,0.3517634242239532,1.7179661619958178,0.0015128906238206956
2830,0.3517634242239532,1.7179661619958178,0.0015128906238206956
2831,0.9290104388862841,3.3272666602090433,-0.0012366002972141194
2832,-0.3997674220038135,0.8929856748445966,-0.12640437991342557
2833,-1.9092384319742515,1.4450668881961206,-0.19543623777825547
2834,-2.48206128282453,2.195637253921213,-0.20861069665137918
2835,-3.275653957407834,3.793562178706822,-0.28052653515742665
2836,-3.1385282166639192,3.7148842074055306,-0.2783507095603658
2837,-0.9794309017920942,2.9915891695901675,-0.10758098208658905
2838,-1.6239323352906185,3.326231630433778,-0.15130345238570134
2839,1.059644202756574,3.4469455206868322,0.06049624659560104
2840,0.6007489364758214,3.9921427863968586,0.01933233741520399
2841,0.4375862997934141,3.687649954422335,0.019253012449067335
2842,-1.7905023415660763,1.5566646508434208,-0.14580058675154825
2843,-1.3259471368148292,1.5369774052789058,-0.15831156752232128
2844,-1.239791177613462,1.500822651607797,-0.1475248992776282
2845,-0.9882501184783433,1.9500153781804992,-0.062095564394982615
2846,-0.4229592064935239,2.309002677127812,-0.08127223309198528
2847,-1.3338494760708293,3.354917109187661,-0.10731262336762765
2848,-0.5538143228285217,3.6995816655929454,-0.06840732618535092
2849,-2.956107403585204,3.2928918986479707,-0.2462946002844213
2850,-1.475562804283219,3.7665933925998103,-0.14793970039069979
2851,-1.970379160322811,2.085721767249256,-0.1823101279496528
2852,-2.7233157329582474,3.585201696379431,-0.2105172516546947
2853,-1.0929656079071688,2.8760658018748333,-0.14058002355323004
2854,2.0966284744245502,4.467503144610015,0.10316522967288869
2855,1.8364749177879465,4.528673630878565,0.11047598946133597
2856,-0.6452725222236798,2.668873509717397,-0.03515825559699847
2857,0.9511481340544208,2.161485234051282,-0.03516603113827576
2858,0.35278064555197913,2.592501502694197,0.029440842602428283
2859,0.7121747588616266,2.1577975032418015,0.011585683748018076
2860,0.766100521215793,2.21785501105907,0.028800026953735118
2861,0.33954680029145556,2.0485078803880072,-0.0363211110278281
2862,0.018920724935799004,2.051539923166505,0.06824293735627439
2863,0.7066720658127672,2.2441385174773076,0.03306873257262348
2864,-2.4142528671115153,3.5446579550409667,-0.20175643042707161
2865,1.1113330780692892,3.20591120677603,0.053542842042014094
2866,2.091717885873662,3.280921637974544,0.13526777367576
2867,0.16039822146996102,2.5717761797011573,-0.02012551812790987
2868,-2.0295929407394895,3.016013075130653,-0.18638384703071556
2869,-2.7806897827328885,2.694545866277063,-0.2288727975087538
2870,-3.0982005377606385,2.527287875858866,-0.2480085536877313
2871,0.8690734346512704,1.854050385580521,-0.013478707920298798
2872,0.7794910711066896,1.9225381130108443,-0.00721819407454126
2873,-2.3898193133399195,4.9359373975143885,-0.1780430248361667
2874,0.6876667779297878,2.999751545825578,0.011319523084332388
2875,3.049782357871269,3.1484469049737456,0.1872485485253964
2876,2.600185081164469,2.677809091323275,0.1571250312095399
2877,1.0304965750954176,2.5612127045809454,0.03906233900074452
2878,-0.43053348161301425,3.137592171605118,-0.09832648770425809
2879,-0.8600658041636687,3.0932646144403573,-0.09113152399898161
2880,1.4072145104232239,1.6175115364373105,0.11405946701643388
2881,-5.328514325314512,2.5689778565049743,-0.439087615441686
2882,-4.272403303372107,1.8995263006584442,-0.3623624845957305
2883,-4.4888225555532975,1.7292982712371605,-0.31236867039699756
2884,1.0994699662287994,1.9656161704412978,0.03880267152709392
2885,-1.2160163233280064,1.5695890145308375,-0.13486007896411525
2886,-0.5936849782814956,2.021515227865031,-0.0832246688322335
2887,-0.993422885745837,2.8092296125483354,-0.07777830012917272
2888,0.5061304272404248,4.263418932322314,-0.032063054323150375
2889,-0.8022561290142719,1.6455486775769097,-0.06653524488067748
2890,-0.6010996751010751,1.6159109269108531,-0.071714844609959
2891,0.2722454310866688,1.6493139972561885,-0.026506141120730225
2892,1.6613489177970109,2.9738413115144784,0.12574386483476602
2893,-4.559629623215518,3.285598785175505,-0.35186615074637595
2894,2.857463942181727,1.4951504655467087,0.1608452969775255
2895,-1.2929420258447,1.9583920755926993,-0.12009003417954102
2896,3.329646277063904,2.6482081169756446,0.21795342593476205
2897,2.8852397005328014,2.599418617411182,0.21869405890910348
2898,0.8177102889292596,2.53644266506572,-0.00045406650946884676
2899,-0.24175171654176453,2.02823595034686,0.0010141975437837725
2900,0.029990728153639255,1.5188969420501717,-0.06167723249927039
2901,1.678655874868036,1.4702159905192091,0.10268501345998071
2902,-0.4248987788783265,1.7454969022877216,-0.07276275119289517
2903,1.3112452042453449,1.0661090639795285,0.11012227599114345
2904,1.090863370771356,1.134207374196053,0.08813283855313002
2905,4.444396855325011,1.521665372590256,0.3261952561057593
2906,4.444396855325011,1.521665372590256,0.3261952561057593
2907,5.392852044660974,1.5834003780141797,0.3634809250341686
2908,1.9833586777305956,1.1832827592729098,0.05853186328139367
2909,1.9791725820280415,1.1917784138006478,0.05532017528405369
2910,2.6546613984884395,3.4868889444508278,0.20070390719955808
2911,2.5878927713267625,3.509143996950527,0.13971699436992874
2912,2.4851099077569043,3.5315659104449693,0.15017040559142394
2913,2.9776414463042524,3.12895780207887,0.18459684524389203
2914,-0.25214105324571706,1.9821720099306226,-0.054234091243071804
2915,1.2501884518340258,2.342483895396127,0.07160143536573495
2916,-1.7886612398648387,2.345798126339479,-0.1625502951159241
2917,3.0866119462263164,2.369896266263085,0.16456037650328345
2918,1.54774051016802,2.5056498473228905,0.10765226781978197
2919,2.709556577869469,2.3499762401531448,0.17599593153941723
2920,5.067311803362704,2.9363499811285934,0.3244298301061733
2921,2.956198955490582,1.8583106998791816,0.218868390304287
2922,3.4977197323843727,1.4008496783159845,0.20752944118836175
2923,-1.3040547795754724,0.9145717601440938,-0.0795276085360618
2924,0.04010329600667248,0.722034979794069,0.026681793441228018
2925,1.2734601324183341,0.9081767488499344,0.039169130708743824
2926,0.9096596233438111,0.9317656087186791,0.10360221510475512
2927,1.2251568048828902,0.8935117199451226,0.08847585610001939
2928,1.5270705900510735,0.9706048249109924,0.0868044180645294
2929,0.4951742357315571,1.2605395537607276,-0.0024062375273813013
2930,2.273199883320098,2.270307047783715,0.12152219958780425
2931,0.8101267330400916,2.0644833484659317,0.029042056066808087
2932,0.00839797885396629,1.2940293573379924,0.005204375975248864
2933,-0.48709371516509226,1.362393914430633,0.0295057617283482
2934,0.9578479068639666,2.098379991030551,-0.027154881756050322
2935,0.2644431193632808,2.0914090863448886,0.043181963671567215
2936,0.33190277236309473,2.1148097827868084,0.03778752551339507
2937,2.3197132106804856,1.601831111933009,0.09288162010782632
2938,0.5977035144221655,3.3491193476128824,-0.024582287683200862
2939,0.11609107394967565,3.9411855843233874,0.007735649441482508
2940,0.6356505891179944,4.202062012837383,-0.020094088066283013
2941,-4.598860831760008,2.3221421277879006,-0.3519871853494811
2942,0.9914260149128249,1.270021503708988,0.07320714211741039
2943,1.5903176199870102,2.8248103302359375,0.06130853281196301
2944,-0.6606079248373159,2.233480519458925,-0.11006147062475094
2945,-1.3656984951534106,2.275147068974202,-0.09532497704179536
2946,-0.6121664762746556,2.1679693345313247,-0.0881878325878072
2947,1.8981450776603943,2.36392882967974,0.08970043972779095
2948,2.671811064135969,2.9917268605003535,0.1955573370274638
2949,2.748772910909489,3.16397353307419,0.19939371449520935
2950,0.08054190896848658,2.9421010654543354,-0.05292826514666736
2951,0.22233303812667773,3.0500720157714283,-0.0662687490986711
2952,1.3740806923155515,2.2188610339730865,0.017930004192932954
2953,0.9682254163680584,2.2565897291551775,0.05291007492926396
2954,0.2334293597102516,4.749203015530248,0.012772370485334718
2955,3.815230569807642,4.465526964586732,0.2144517430858239
2956,3.8642674710282696,4.715861712957772,0.24130806977668745
2957,0.47291339941492694,4.967864207599752,-0.00294860570232423
2958,0.16114076962632248,4.269933819303361,-0.01487917912349709
2959,-1.7560429936789557,2.2827620788580036,-0.12316384641036945
2960,1.1468277474984037,2.135772884457407,0.04710155607086739
2961,-1.0663155645166842,4.369369751431361,-0.10721620492632258
2962,-0.34564337403604234,3.993761996614347,-0.08500630266054855
2963,-0.015726819117113447,1.8454902189679705,-0.05068172031439478
2964,1.9072344746552456,1.543904969304848,0.04458104383072354
2965,2.1811228352888934,1.4305067721005902,0.027689519227111412
2966,2.302627297839777,1.433921669211906,0.03801230043590409
2967,-0.4831120627999691,1.66280007047879,-0.010854095903054915
2968,-0.872840029858342,1.9835137768257973,-0.06886345406433707
2969,1.8610842857682843,1.49857160338652,0.143237798561857
2970,-3.000283656014915,2.2488870111972408,-0.20410634386726229
2971,-2.081038701151706,1.3631827710538171,-0.16908083843937463
2972,1.0433658969542408,1.787948787140032,0.006148370157411408
2973,0.8216779683031431,1.7861281351792972,0.0020676439188181974
2974,1.0773309059676295,2.9069625745076553,0.06690399868261208
2975,-1.7913839041021615,3.4975456787504617,-0.12353464506168406
2976,0.49829569974927096,1.710853065587284,0.038724693452545714
2977,1.2914494247578394,2.048225450314293,0.04249484686972515
2978,0.26188940737439254,2.7614094546464227,-0.00932254014344453
2979,-2.4899758046739593,3.5539873547736502,-0.23753990494297425
2980,-2.5954238138859287,3.6536107883926965,-0.23231002592627772
2981,-2.0307048507693115,2.6374646334410605,-0.17384991273219447
2982,1.8862094164364802,1.5781205500087183,0.10558484908823884
2983,0.5863017355345285,4.352404895150922,-0.024463537729000524
2984,2.6074900268051433,4.128189546130972,0.13610931067385848
2985,-0.8975246315199203,2.5938154866842225,-0.09216708130662359
2986,-2.037628863222704,3.1594399287150727,-0.15175176882993013
2987,-1.9214929827516514,3.1491428625561966,-0.15409669361276165
2988,0.6174777711505693,3.6818431219066885,0.006037516573049137
2989,2.3810262909532725,2.125599141732944,0.1536777284237188
2990,2.7666203739513278,1.943025332476553,0.20658103184905355
2991,-2.518228969381298,1.4963565873104057,-0.2607415648189946
2992,0.5023591794395665,0.9153668455295232,0.0810432432385578
2993,0.6425643439533588,1.1353935658207317,-0.03357444004772586
2994,1.0774878096673814,2.4753327920530457,0.0056540457609262915
2995,0.25579629345356797,2.2864366921636,0.046811550333861224
2996,-0.3742241568134313,2.446580274921136,-0.10275732093405794
2997,-0.7902277929253124,2.6282339588992136,-0.12473253567333231
2998,-1.047225207649512,2.558868126935779,-0.11269862397437012
2999,5.360661236420027,2.2737209169630295,0.3058849134234734
3000,-1.8151413898376254,1.6682857284345702,-0.22862822155307985
3001,-1.5016353855565612,1.7181227130956274,-0.25938840719481276
3002,-1.9265994968408413,1.6886217346500425,-0.18096134163961322
3003,-1.7608625479581013,2.548626620033236,-0.16973378798136704
3004,0.4670545212708229,3.085955761241075,0.017565866813003247
3005,1.4281335036821237,4.917330263495768,0.05564862757191388
3006,0.976182763548982,0.9400393196959319,0.05992248836583231
3007,2.4960642768208987,1.0053353979192445,0.15644670029112862
3008,0.872772340087077,5.03927796604254,0.0386043385669364
3009,-2.1165041409161733,1.789381474152943,-0.1714410542977868
3010,3.1016079778977206,1.0758877118597312,0.10025371861726072
3011,1.3573033923827769,1.109331594892901,0.14916178977954309
3012,1.5527429829686743,1.0827004349195133,0.14764755677193736
3013,0.09654470773491675,0.8386775001314253,0.006701386993188097
3014,-2.170501231503153,2.2359904885951125,-0.12775629044829026
3015,-0.1702473653975059,2.006706284436961,-0.09685432900900828
3016,-0.5040762518590668,2.7847779047566115,-0.04932253891596439
3017,-2.1106017546135636,0.5955440858626665,-0.14924073098294272
3018,-1.6477145197685692,0.4217008965826736,-0.13086965383641766
3019,-1.3193047590950338,0.5307511529342465,-0.08396573027097118
3020,-0.1630613406132409,0.8923953255290453,-0.023368959153554875
3021,-1.3094571969934155,1.010686043243005,-0.09663138682200688
3022,-5.6262206821449885,2.302892040909661,-0.4859976991083911
3023,0.6118501683587336,3.2766909153042167,-0.0004987868366702084
3024,0.2523167944485805,3.216387549933284,0.05902177663390124
3025,0.8041496381270444,2.9840350069876163,0.011500280596089507
3026,2.00406984087416,2.9761136052437602,0.13272576369221495
3027,-0.998983933785063,1.206633105117819,-0.07948575784007986
3028,2.481782677410511,2.313253845803497,0.2537584078556818
3029,4.177675134095142,2.0392821267609618,0.3023404665400576
3030,1.8050568527423807,2.99388268657356,0.10314320422894167
3031,-1.9017890668634754,2.0503404704862502,-0.319887022765938
3032,-2.416899333513248,1.98681992098888,-0.31322982394664034
3033,-3.610163117068921,1.7215345362392047,-0.3140691476858925
3034,-3.8926793822207184,1.689655126408865,-0.3512763359220205
3035,-4.435401250288283,1.7907390127339191,-0.29879171022615325
3036,-0.42768367027170073,1.0087480121996217,-0.03004688582100475
3037,-1.6627635081026493,1.8938550182797134,-0.11339578319152371
3038,-1.4183401959724493,1.8797375238212175,-0.13258348728363384
3039,-1.7625412033204224,2.0417642939344725,-0.19502670621377427
3040,-1.8407325415104747,2.0434619773229117,-0.19300538193768688
3041,-0.8125975535816375,1.2084135520695514,-0.10249365794550673
3042,-0.1889844206421722,1.5227363521839887,-0.010973981688925888
3043,1.357962208606544,1.966510614817517,0.04692195314618448
3044,-0.06089898666408044,4.992594282323557,-0.009363805879008615
3045,-1.8081032183601204,1.2278692065469166,-0.12611361665813997
3046,-0.08468184246011086,2.179490121304823,-0.009773156359380872
3047,1.105043869569358,2.1593595262769,0.007426902603939945
3048,-3.112933831042607,1.201965547157337,-0.19285546759157288
3049,-2.1485949461590597,1.4612703225242354,-0.20793342623878067
3050,-1.1179265304321788,3.5666208285031944,-0.14087726564739017
3051,-1.7846033727431747,1.6463410997554455,-0.1654533341067517
3052,2.028077606845337,3.983771929648565,0.12173476652008887
3053,0.18202692062450399,1.3606044940559823,-0.0012559638255416918
3054,0.8221569733835659,3.1315098674781634,0.04168710289716917
3055,-1.109005428096003,2.380296772781096,-0.07751700972661259
3056,-4.2857642071413995,2.9757502522624932,-0.29667900782040824
3057,-0.008899551342263858,2.2994104015459467,0.019607030154837786
3058,-0.8140330006068272,2.101616090578562,-0.06951718573538501
3059,0.024091534515801757,1.3959845037010776,-0.04811732170021188
3060,-0.3160617906058268,1.9908080308142206,-0.08356175335552399
3061,-1.0432594395958095,1.4283870000200516,-0.06626867078175203
3062,-1.1821535339341738,3.19987907127246,-0.08471678283624016
3063,0.5240981791870882,2.621898872064786,0.030661627271752288
3064,0.09149659210378995,2.998504065506603,-0.02017430313559277
3065,-0.11838195873278955,2.38401283457328,-0.05319846653093141
3066,0.3903857037195197,1.6327310207982415,-0.006196973774975257
3067,0.2590822705629997,1.829589492049187,-0.007887547751839748
3068,0.9712561205700165,2.6242929846202796,-0.012043471890210879
3069,0.46579199868270427,2.6716543432851747,0.022870498097879485
3070,-1.0536992964749068,2.468937840172706,-0.09765676489019116
3071,-0.784286491095079,3.6074727960205575,-0.1145748250463059
3072,-0.4141623162258277,3.8147628201862873,-0.06623635231778621
3073,-1.731938852071483,0.9693099342521759,-0.11431379636959342
3074,-1.696870805161596,0.9783393979884892,-0.11568471618015574
3075,2.104139079240221,1.3496188608816266,0.18887415321736212
3076,2.4427888866823677,1.7788524431088588,0.08993259851678573
3077,1.730556280002389,2.0054531391933184,0.1272202463539333
3078,0.02648817277887532,1.2681190113527308,-0.04525459931143728
3079,0.21883131537037526,1.320087937407614,-0.04890433119898635
3080,-0.36349847265397306,2.235776117943627,0.021886143972304865
3081,0.4270112373582283,2.636815478174431,-0.07643969683593667
3082,-0.3610135493593507,2.0621290816325746,0.02490753670222717
3083,0.5429092513756515,1.4906714826024237,-0.06907730251163431
3084,-0.36122812886697736,1.821670167823892,0.049138787173383054
3085,0.9431153625410635,2.4981937808691,-0.000567571781565927
3086,0.8187778328334068,1.376657411758781,0.03201188595953077
3087,2.1574962463770473,4.544356958377765,0.09625999145370803
3088,-2.925265184356712,1.0699172229789382,-0.23741203256901777
3089,-3.830773047180329,3.069437837503849,-0.34904691386223996
3090,-2.743217385198808,3.5236454522775733,-0.18879323188435498
3091,-0.4770203757665123,1.0118549320261057,-0.058876160357430686
3092,-1.1956134589666163,1.375480223576729,-0.10624487062604059
3093,0.36019339410926765,3.281125443550026,-0.02916657810811567
3094,-0.6256930727911784,2.283913630753197,-0.03512884555961627
3095,-0.22091990200551972,1.97018027154505,-0.02816610989242047
3096,0.8088376599139735,3.282749833729081,0.010507032433184585
3097,1.4025989971278319,2.965658578304463,0.10283169140826369
3098,2.0800788264732955,3.2065031234334374,0.12799253012375247
3099,1.7707489179418494,3.159421230828154,0.13309476679672194
3100,1.2508342740627376,1.76075376077174,0.034811665716968344
3101,-2.283677655910091,2.1932764789879347,-0.18404322100759724
3102,1.4949617289584356,2.1548519096946945,0.07747020920349433
3103,0.4793424765481339,3.4617485376961983,0.03063772556957583
3104,0.012967807599854744,4.137418942174974,-0.04832002002763964
3105,-0.2001670077635198,5.263497558409604,-0.024645585403078436
3106,1.8534592811635684,0.803082788197539,0.16675252219706269
3107,2.224418087589628,0.7921406999001745,0.13542766739120493
3108,1.0567261358912394,0.6475636532644246,0.09634215795855036
3109,1.2380370795992128,3.5707717435877053,0.043292609598646774
3110,3.120600177447168,2.720622079558212,0.19563737464393707
3111,3.41813582150252,2.523061571209979,0.23246808073217165
3112,3.3591406615210273,2.489333464028094,0.23360006475290432
3113,3.37185925724041,2.3029178878986856,0.2241502772409454
3114,-1.1271855360406169,1.4045916852857119,-0.14845437466083677
3115,0.7661307681038619,3.8246231639362627,-0.005180599170782416
3116,-1.8624957852924173,3.2953511214308175,-0.13358975186089547
3117,-1.2954324000419024,1.4028853028989443,-0.1878207543131858
3118,0.10789598512659151,1.942559331182638,-0.08717803218124245
3119,-0.6246720644883635,1.8720125142503825,-0.04440358755471992
3120,-3.0831327483003927,1.0162762918193555,-0.282496087030456
3121,-0.9742190960224679,1.1843101199269315,-0.07166911947384104
3122,-0.4728975616042756,1.3227328995765757,-0.05906763907893912
3123,-0.890919148581331,1.3543474189522853,-0.07335985572828681
3124,0.004132535761474096,4.445789619275164,-0.038379496943593064
3125,-0.07588002700636129,3.659946035665967,-0.006718177596172345
3126,1.5482936416805642,2.031618071451732,0.038895181595192736
3127,1.0336852583924763,4.003640021179168,0.06399592907351254
3128,1.0336852583924763,4.003640021179168,0.06399592907351254
3129,0.7240457258932819,3.266058674017842,-0.011989914977972116
3130,-1.6638187967198006,1.9941495573860515,-0.1910542428783676
3131,-0.8308806243741313,3.7722980748579147,-0.064694554505036
3132,-0.5195916850254827,3.809042688798111,-0.08709333257399719
3133,1.2555496930350352,3.3533287005028396,0.05051164215405627
3134,1.5860101371613167,3.310440649715859,0.04882182955028167
3135,1.464169250291568,3.875541250542011,0.08257165071103358
3136,-0.31571731849402923,4.738204365331124,-0.041922785853425404
3137,-0.2729643749579726,5.641529864810249,-0.06074127018526657
3138,-3.547058027502496,1.1744474423566704,-0.2833580366352357
3139,-3.400567007673353,1.2568584191873742,-0.22980639787461937
3140,-3.0079122109535747,3.463326472834613,-0.29228923656970573
3141,0.5791333295772861,1.5458714706778003,-0.02661116239651555
3142,0.7161675854559566,1.8341670998354191,0.014634185394311616
3143,0.7608645903846528,2.239678874318104,0.04338858934927945
3144,-0.4889288601284966,2.0568059009426483,-0.10271920547061313
3145,-1.652585995219498,1.515624286504728,-0.10847460991638788
3146,-1.5875594006496847,1.489465844731268,-0.09305198553778815
3147,-0.8289860845247174,2.5814558136983683,-0.07956915821785844
3148,1.9285484837159175,2.059663953468032,0.0999692955589564
3149,3.136269595815674,3.8349531148727984,0.17240722005624765
3150,2.7362402852493166,4.4146795230558,0.16017223354069077
3151,4.089401951308751,3.4555943179034356,0.29713913186097873
3152,4.180455582952513,3.207078461179312,0.240803090788991
3153,2.866802608301419,2.909978908825061,0.2171900129537057
3154,3.0305212643455213,2.907696838085792,0.19697050448159648
3155,3.490390926756538,3.2106099163969835,0.2283868612943993
3156,3.1224776579673263,2.9430328415834355,0.1961271380966291
3157,4.324480949233852,2.565347388278146,0.2892514150371221
3158,4.404176822287681,3.736174206719279,0.2896909322809585
3159,1.8964952577926517,3.1911053280695207,0.10003771238502494
3160,2.5653179743096404,3.2957561775720987,0.16411963537826874
3161,2.6675837362985004,3.354738473548045,0.13925965017608033
3162,0.41662986612471414,3.1412929109575245,-0.020385095951645112
3163,2.6930497137334246,0.768113747285178,0.18376802368637846
3164,2.617589573213256,4.303205967706863,0.14817447359803942
3165,2.632269952914463,4.208513073861626,0.1540230833100604
3166,-1.3064613025394058,2.0003118688812047,-0.12033084937704347
3167,-1.7598350332579862,2.031686874230302,-0.13120931273482636
3168,-1.5112300862521189,2.0916786201516833,-0.15180824546183894
3169,-2.3122614274498208,1.4755109046636883,-0.20278398732016872
3170,-2.041939106567383,1.4657301220831198,-0.2172874135608876
3171,-0.339422276964936,2.353454507906263,-0.013167520774203157
3172,0.0350954999498174,2.1995424825524164,-0.07260800073763088
3173,0.10974504650242997,2.207565537364425,0.03640192352766462
3174,0.40095206696228436,1.5653393244040295,-0.0576212653156602
3175,0.43276453624161615,1.5555957551589243,-0.03869146037369249
3176,-0.7802155045276258,0.884660548153919,-0.039609792777838486
3177,-1.6460614206781088,4.905532776742954,-0.13670118373515863
3178,-5.295215973967617,1.2914443278969534,-0.444652218543008
3179,4.771215463820952,3.241105119628046,0.3505640364392038
3180,4.942221537709493,3.0826346274848695,0.3618955101778619
3181,3.6601712066721364,3.774828383085343,0.26197550158226773
3182,0.5803427445253097,1.376144307265909,0.03365410782527434
3183,-2.2563409895748636,0.7287982165115614,-0.1742319189904845
3184,-0.14755159197944484,0.9467604965116287,-0.01828458687557735
3185,-0.6827788903413401,1.133473740577323,-0.08012337975196691
3186,-4.474641122788806,2.6622765826596426,-0.3467336107272156
3187,-2.2963264165994484,3.451899388494352,-0.19201800856875573
3188,-2.1725836726098384,6.457335186847863,-0.20453674201606598
3189,0.49747741052823935,5.849509823349866,-0.03422027495748105
3190,-1.8906764930291489,0.6699806419602765,-0.21512560829615945
3191,-2.718575211070175,0.7676757058220602,-0.2563556748445428
3192,-1.127581938598622,1.0332937066523977,-0.09139843235768702
3193,-1.3063368070812726,1.7976485437257577,-0.10801385719841816
3194,0.5314142966973596,2.5271778966885394,0.011720650152534982
3195,-1.263014953936682,3.2725235566693835,-0.09134697116714639
3196,-1.1789293820892401,3.745499822840098,-0.10871723931224579
3197,0.93796793863953,1.539025961444188,0.03460502456715887
3198,2.1496457329430028,1.5890597811799478,0.15719147204631853
3199,3.311203516627457,1.3629620565050868,0.14726065321786272
3200,-1.8009186509924107,3.1513043450378038,-0.08257054853021668
3201,-0.7810556029245778,3.405931011948121,-0.16190236695527566
3202,-3.9452727643987346,1.7183618471193571,-0.2879222891964752
3203,-3.6898675835978154,1.6978951377837632,-0.3143988445260645
3204,3.956468421681284,1.5942327260937246,0.28186482241944627
3205,3.644931462185341,1.6366279326391717,0.309621423192926
3206,4.316494178762075,1.478408576766103,0.295327751744075
3207,-0.08146560558619285,2.281578052967852,-0.024814910543913136
3208,0.29090495784013604,2.097977018543585,0.04259040278641607
3209,3.2322818977044903,2.258599556976676,0.20304912827233584
3210,2.7930141816809484,2.2058528633032477,0.16375668680832084
3211,-2.868218420544591,0.8128945455321656,-0.19485269090447271
3212,-3.474601830217818,0.5553974093864887,-0.30925463582045676
3213,5.086814465081484,1.4626011846815803,0.3627923534501883
3214,-0.6840916465644971,0.9198212017946432,-0.048417958625074135
3215,-0.843254344223144,1.482946046871998,-0.19189009796522113
3216,-0.9266156797989293,1.0763045941943836,-0.13236081004524938
3217,1.183259536460481,1.461573479720635,0.08696198126653384
3218,-2.5406050651772665,2.819737956674239,-0.23563528892747626
3219,-2.353898592698179,2.322128679402,-0.22488362087305802
3220,-1.2620466057255404,2.3782271755096285,-0.10168085944128612
3221,0.25668316464953445,2.592645655726385,-0.01837743259945282
3222,-2.4621555530265815,0.8763986055700703,-0.1948349185975038
3223,-2.3097305129243013,0.8527310183095089,-0.21117463369731374
3224,-0.5953484371713952,1.6644267030536277,-0.05218570070837254
3225,0.7629310121194138,3.448752943374907,0.03666696975048987
3226,0.7997669467976943,1.5962406670268146,0.02085339913930422
3227,0.3862022276052944,2.0534468428452515,0.008483174630325904
3228,-0.0863021178171899,1.496064560502731,-0.025189457136464283
3229,1.802048239815353,3.5372524576378304,0.10999715529888592
3230,1.671031178654715,1.2408304554380694,0.10275994697648277
3231,1.7035277771777493,1.1553122089466659,0.12163547182412325
3232,1.8818613832358917,1.2913665005603474,0.10694998816456766
3233,2.3998207321137084,1.2961777215543848,0.07399295339135128
3234,0.5475997183943694,1.297124142819938,-0.040012254929177114
3235,0.01581913108995249,1.5004664591718175,0.0740484690317456
3236,0.01581913108995249,1.5004664591718175,0.0740484690317456
3237,-0.5520649944664947,1.2986086917984887,-0.0287441266260159
3238,1.3324763478579096,1.531976039276442,0.10613590488667404
3239,0.33001359584983586,3.378570644766677,0.021405813552481764
3240,0.5100454646676256,4.254324770955694,-0.02245764778689519
3241,0.03899248367062701,4.637967851519086,-0.01344068265459037
3242,0.37842542612944435,3.940365252555984,-0.03779257872373785
3243,2.0203534107881125,2.0936699396440352,0.05014399579232226
3244,2.1687332676501945,1.6431047808988597,0.11845643904543701
3245,1.7375814489958457,1.625486619153012,0.14046059961120486
3246,2.432254743162246,1.8543490877048086,0.12260330457274332
3247,-0.2614095774358142,2.6323977234766653,-0.022733681332389614
3248,-0.9242123658669156,2.314791323337741,-0.07183082543910392
3249,0.00466188720511241,2.827493670412922,-0.047389994976492406
3250,0.6730930671741042,0.999560138191328,0.060714415192245665
3251,0.8519757238567649,0.9965829807534919,0.05779297421430018
3252,-0.6941026248665548,1.4539109583591812,-0.025026568747188616
3253,-0.8939578026611604,1.4155995281970246,-0.011129259089234936
3254,-2.467025875507055,2.098197575640439,-0.1888313759711771
3255,-2.8264072832219664,1.910695248861488,-0.28323173657552797
3256,-2.4188566685850375,1.9055337668661547,-0.2828183427299413
3257,-1.9649754342102865,1.8743509813143526,-0.3071297048248811
3258,-2.347765066705196,1.9207284806407614,-0.2938818718237655
3259,3.425944163164058,2.2547508551704785,0.26114541685952924
3260,3.21110624363853,1.979711470431816,0.24722852715037907
3261,3.0949329893449558,2.341416974393079,0.19148512140771803
3262,-2.329449036639241,1.8535835232932663,-0.2151539474713001
3263,-0.6543704627924483,2.534832636810932,-0.08668836709191169
3264,0.7743270998927793,3.068845576679246,0.04995744898353746
3265,2.860301688698198,3.094634332450569,0.14698003062032033
3266,2.4375515089157673,1.4324552781395554,0.23946664239449392
3267,1.040875476551213,3.664637220238694,0.04297402709706291
3268,-0.7589013924664445,2.6548194551240147,-0.12719487191617684
3269,-1.5105915982060087,2.834799511431916,-0.12451630925868333
3270,-0.4093068577210643,2.22206875685192,-0.027591107614002647
3271,-0.5131214028001124,1.5556481737838361,-0.01820569240310502
3272,-2.0592642004740433,1.1100849306569032,-0.2185560723304635
3273,-2.4320928227931304,0.9996823599714756,-0.2503429264134218
3274,-3.7507310700665277,1.1587486845920907,-0.3385077303580517
3275,-2.112605034282984,1.6082327463640784,-0.20197173444845198
3276,1.6262520638850146,2.1332437158209108,0.04697649661596027
3277,2.1987986066153264,2.7417960212742845,0.15678562468092497
3278,-0.13821535087083095,2.835925370397522,-0.06753658805534217
3279,0.9323040205712886,2.1744466930569764,0.04871570460324827
3280,0.23536072189064702,1.6179801105855467,-0.046680981152149324
3281,-0.18639481441478345,0.94630972584212,-0.03505867589847945
3282,-2.172315806599649,1.530382120102041,-0.13255539597812696
3283,-2.412895710429466,1.60089619753491,-0.20423377732613457
3284,-3.909281875170194,1.5258007994831162,-0.2737050467854432
3285,-3.4232191820537707,1.7244997328155227,-0.29741980962750664
3286,-3.8470651367456186,1.4672979981689807,-0.32403894184069315
3287,-4.801120885926021,1.8078200677364253,-0.390766086877257
3288,-6.320161467753941,2.883248075230118,-0.43182618771130854
3289,-4.5538846570982185,3.6098965076142764,-0.2919871178367373
3290,-3.4422658911988333,3.293165072502935,-0.32972906258527257
3291,-3.8056229810447366,3.2737205402843057,-0.31515995908893446
3292,0.34778143086345686,1.7865953035976692,0.0066296379723080326
3293,0.024407618571758993,2.2033160568602708,-0.008883533968566008
3294,-1.2766547704141205,2.0361430357951966,-0.09872244645108316
3295,-0.2541236301889731,2.423419339895858,-0.05199010140907449
3296,-3.0216990450927974,5.148235474696277,-0.23088951661567092
3297,-2.5757499441714335,1.7946682008648236,-0.1813803922344817
3298,-1.7455136489958383,1.6100061535692716,-0.18750348843362727
3299,-1.0351904891254664,1.7053850590226856,-0.18996276176777213
3300,-0.6926527834960474,1.8699002259040938,-0.15658657685111427
3301,-1.199506390877173,1.8387489375818675,-0.1128129237176082
3302,0.03965118785979267,6.092385893162747,-0.05046416272962302
3303,-0.27651099795974177,5.637706656047708,-0.037853173033670556
3304,0.7324598267530403,2.782593097752844,0.021768885123952333
3305,0.5813767051472144,3.050272286078009,-0.03142636608058352
3306,-0.030422791266440426,2.5213230317808892,-0.05750024511106046
3307,-0.14416067206406571,2.762753173566837,-0.024055248513090436
3308,1.3231182363483749,4.517757197207323,0.08356542009013747
3309,0.23550077635424432,4.210427918883846,-0.03434450581655773
3310,-0.2734899382517197,4.4165493896931745,-0.03519513182527611
3311,2.2943608081757367,1.928534783761327,0.13387596947678454
3312,-2.4967952217694074,2.407967102258666,-0.2709686483432093
3313,0.7303016978182189,5.328123008878422,-0.05556631570491069
3314,0.306122290939374,5.718761376724472,0.013368598092639624
3315,-3.270928762691815,1.377231675256916,-0.24079290778720763
3316,-2.8764695440186983,1.242961020631597,-0.2593813873355487
3317,-2.327265908684438,5.3162042043147,-0.2179349583347169
3318,-0.41406015299068494,3.4702414095568233,-0.07915720575547514
3319,0.008932798213693032,2.4904192194447425,-0.009192127836554077
3320,0.1704154660217934,2.7962923218551654,-0.02955075560496634
3321,-0.5579856072477474,3.4295927370238966,-0.055719410016660746
3322,-0.39091407555015134,2.225353180303773,-0.06198416558078042
3323,-0.1606577911823919,2.840904779779615,-0.04688416324109706
3324,-2.8737391402640537,3.6119258466996493,-0.23878873609740892
3325,-3.086172899890988,3.8795647458877696,-0.21518342439040442
3326,-1.704517012474138,1.9979294108645298,-0.16589169681377267
3327,-1.5025097002339929,2.1770333907241866,-0.1357890329113807
3328,2.5954617494078094,3.284020779905107,0.15311897225654275
3329,0.7473423826212732,2.768262819254156,0.033974627161000574
3330,1.558524123195179,2.884680130240046,0.059269481626131194
3331,-1.338580486729247,2.1905777045779815,-0.10736332700160392
3332,-1.129521859571085,1.9504511112537017,-0.15830168039505002
3333,-1.6539634920509547,2.0607718067566223,-0.1417305386265732
3334,-1.6705666911363768,1.8905573363306019,-0.14052323660764995
3335,2.129419772154682,1.5801634772843784,0.12008107301483095
3336,0.2788509678066998,1.6758888476879357,0.0035135630561859642
3337,-0.6122464929251392,2.5453375814816006,-0.0470369160633167
3338,-0.6858305496586784,2.5613307365531304,-0.03803709734092476
3339,0.3940537699873831,3.7043284766019107,-0.06353887195177178
3340,3.0425580300018473,2.1826732532791415,0.1146557313539317
3341,3.020511448176109,2.2698443390536696,0.12950466887902065
3342,-3.1762255741345524,2.81208034802256,-0.1771199701104529
3343,-0.234826030854623,2.3808487957392046,-0.14896219580994235
3344,-1.107486823338204,2.473515071165918,-0.07697806674909526
3345,0.4548108245609845,1.9733229844200628,-0.01612260856247503
3346,0.9763398101067026,1.1829783994333958,0.027999503537501438
3347,-0.8809217857508094,1.3411608525696734,-0.06650480564427577
3348,-0.3625467036301733,1.4625775437095174,-0.10119924304129638
3349,0.8540638803854804,3.459635200919722,0.06899494707440697
3350,-0.35519005090642464,3.68621903204632,-0.045017811838594705
3351,0.047020516610248676,3.2580288939483353,-0.04056100691910452
3352,-1.3078422779365815,2.69299138522798,-0.1536164967473511
3353,-1.463509545188909,4.251471434598253,-0.10793483472294976
3354,-0.5549888088202173,3.7360882355203615,-0.14351901688825508
3355,-1.7845935223717533,4.135299721772802,-0.1150897013601652
3356,-2.677780190329664,3.458625847218179,-0.18853009197689938
3357,-1.9424305370803112,6.079719006977647,-0.14654515721848932
3358,-2.0285237287097133,4.626323781049061,-0.1932280358907105
3359,-1.6587627445681943,2.8361135028021405,-0.13906222810852592
3360,-3.9454771470699286,4.584634291796782,-0.3069622929417108
3361,-1.9944036976713437,3.7919666269281134,-0.17619199729343765
3362,0.399757046542463,3.1817253570535136,0.044327591018749904
3363,-0.7729109425529797,2.6091492914834897,-0.09131584956132459
3364,-0.9959436836221265,2.7713299964393334,-0.09321003286407863
3365,-0.9636627120092851,2.918404714845848,-0.11558829331056956
3366,-0.7197423577389211,2.6072925272312633,-0.08959632669077851
3367,-0.7461797351878686,3.006262795506177,-0.11084993729438433
3368,-0.5895446381478582,2.3536634993287615,-0.08071834167778376
3369,1.6900734970355196,1.7940285138228067,0.08576500112814334
3370,2.466324157171424,2.0273730979004525,0.15351700088059056
3371,0.601160863969864,2.060389908283401,-0.023650273080614924
3372,-1.5107889172676958,1.8058132612042745,-0.16765774532713063
3373,0.9557149823729819,3.8415558699844894,0.06611681041145105
3374,0.8723023772377392,3.8764713533937742,0.0739904033411228
3375,-1.2312383974850247,1.1623888682556645,-0.06207001713708376
3376,-0.1342039753960189,1.7103988677853819,-0.08395467670291537
3377,0.7156024481773401,1.751654980964863,0.004420358169757989
3378,0.28583804465999957,1.0599334788103785,0.04183763215508294
3379,-2.3861538294193774,0.5196494117108118,-0.17878057905997077
3380,-1.5306115430401661,0.6077767798229065,-0.1348519828482768
3381,1.933511187658704,0.3682836827223473,0.1757801016965027
3382,1.6825694886803624,0.3585900349239928,0.18587907380362334
3383,-0.5268374581567712,2.0702858755893985,-0.09941616608282625
3384,0.6201514119126051,3.580205952207275,-0.007377926344222772
3385,-2.379015299895846,4.067471800621601,-0.2560299459965111
3386,-3.1907640242214903,5.033182477944019,-0.22401748447625405
3387,-1.5632895867089442,5.304807417469203,-0.19158236530479067
3388,-1.2517979445317429,2.891484798295962,-0.11058399590638737
3389,-1.1689131953691039,3.2269065855240444,-0.12412563597911505
3390,-1.7478101317491495,2.8378690765801835,-0.1602453840999145
3391,-2.2637486072051702,3.18657699479278,-0.19547604629066503
3392,3.82426255560825,1.7063711984372087,0.22516927439169968
3393,1.3003765480968046,2.2475199858704253,0.08940269946946876
3394,-1.4856840218811487,4.613488356866395,-0.12804556030560607
3395,-1.009176789856045,4.659751234387153,-0.10350259472317655
3396,-1.0744410869660599,1.3754449413238592,-0.09727989726681165
3397,-0.886561044043333,4.444347155733073,-0.08304965041906287
3398,-0.9946790844907388,4.172037026033112,-0.07253896066210111
3399,2.6419017573388595,0.9385355239653422,0.10870436549709224
3400,2.407361906732238,3.489079007688704,0.11271027590659362
3401,2.8001315059910286,3.690639264514519,0.20579954742988002
3402,-2.712065797845392,1.9873554120414603,-0.26406922125505694
3403,-3.1414793629459785,1.9154492185834058,-0.24651935845193387
3404,-3.1685054678917437,2.663923872101435,-0.24598208624911547
3405,-1.2338898354256043,2.1918813321591486,-0.12130199208608086
3406,0.23313149578019,1.7315892879101749,-0.0005778874140033905
3407,-0.3861585059170941,1.8319020611580206,-0.0018664105730230535
3408,-0.4157634164490732,1.5685960038223545,-0.10420821508193148
3409,0.07374981416106689,2.002503984427042,0.007736356571243636
3410,0.190337574676623,1.895768819747546,-0.03216607216022012
3411,-0.9336688692071209,1.7075127989325287,-0.1471762491788799
3412,-3.503360697764301,3.530466255453053,-0.2958522949790923
3413,0.9499903534708671,2.8673046378531106,0.058108817087575725
3414,1.2206289403643125,3.173116620611265,0.0489221943194669
3415,-0.18449490815424224,1.3006434110536316,-0.07420521618081831
3416,-0.06625671254468288,1.1391975897192967,0.0515777355619131
3417,0.5064036881630719,1.0134854131906612,-0.002183712326784999
3418,-0.22047051546105512,1.9062588049999398,-0.03218142288137925
3419,-0.0036231057881240076,2.0454630424884193,-0.039929537638314486
3420,-1.8914026946244953,2.515882167255142,-0.15203913363364605
3421,-3.2258469571988067,3.039024985460548,-0.3135772571041121
3422,-2.77734059738367,1.3776300518528,-0.1927750471527461
3423,1.703007876117473,2.0712442532177153,0.05855672944663286
3424,-1.5980590764459235,2.3779589946518156,-0.14116583289591778
3425,-0.9258573290387058,1.192622155693054,-0.04544628496296015
3426,-0.6845337820268022,2.0956587329109597,-0.03326242818386299
3427,-0.5860682357527575,2.1109562519430054,-0.04050664848755661
3428,1.5941770665220654,2.4071413538925386,0.11681766981931507
3429,2.399177834126974,3.284719867519143,0.1434366776403534
3430,1.9991091178362217,3.14254539615478,0.17093152758312685
3431,2.402822978048365,3.1348132656101995,0.13078714245799006
3432,-2.0335965374519103,1.551718546819984,-0.13420697797972692
3433,-0.8823795403773494,1.552338737041043,-0.04643914615832902
3434,-1.570913737414088,1.5796665148858113,-0.19119969903186637
3435,4.688578363020057,2.077438365545691,0.3528146148973254
3436,4.203327763158914,3.033021173925424,0.2794512422189551
3437,3.646333707830922,2.872338858214651,0.2891297626967896
3438,4.290966016002421,2.710232712364894,0.27077883347874365
3439,-3.1970698845895336,2.076908772824339,-0.2413737885074036
3440,-3.737129224585442,2.671170294601838,-0.34989676749527604
3441,-4.077735714695998,2.6492412878262477,-0.36927437173453265
3442,-2.572604078292178,3.105419550569142,-0.16828227354925132
3443,-0.43533033738875565,1.6264738239508345,0.00983219886376528
3444,1.568701597368972,1.4133392140913243,0.1472382673523208
3445,3.562061504362628,1.344510873045302,0.2052241766074449
3446,4.2027882430972685,1.341911282133153,0.18297917673961417
3447,1.0787511784323718,1.34273128069662,0.16644135514506528
3448,1.012261956450463,1.835887736537307,0.020201157315294375
3449,1.5246220135018,2.1123070880975736,0.07423867095011259
3450,1.2159179016222301,1.945695812810608,0.10165514751703952
3451,0.716828008433826,1.7312876207209924,-0.007676606404431026
3452,0.7453747120605447,1.8226432753285091,-0.03385253052434739
3453,0.13814359638743767,2.5349653428248584,-0.07396523563104276
3454,1.1515297435130405,2.6209274414398225,0.01870852761704431
3455,0.48950611623500073,2.5269968062050565,0.03581689221337078
3456,1.605068499027868,2.067682464515652,0.07358714556479641
3457,1.605068499027868,2.067682464515652,0.07358714556479641
3458,0.12363884303496936,2.553247206951608,-0.07277173359932967
3459,0.1710002613408785,3.7720799190320493,0.03111433125367261
3460,-0.9508960602187396,2.393703658079846,-0.08195690952534959
3461,-1.137897755252651,4.226709025963683,-0.12515416622743716
3462,-0.8153559669753967,3.994837958969819,-0.12995764675044852
3463,-4.063777318816883,3.577290952781499,-0.29655154725388794
3464,-3.4199805677770723,2.9273245905134173,-0.3058668282443833
3465,0.12484917153663638,0.7894848602557258,-0.0271739247906771
3466,-2.3026583354945145,2.025370527842971,-0.1619851785831309
3467,-1.6456662049356692,2.160665328845716,-0.16402056283310779
3468,2.6758475130028074,2.3144006536782764,0.14892193977652152
3469,2.062181679187194,2.2743506177346435,0.2189542215358848
3470,1.3487541515213437,2.348533731087918,-0.0005351820099186672
3471,-2.573298185932851,1.2317747764677789,-0.14771808659098085
3472,-0.08768717328851242,4.147073082737953,-0.03238522031524223
3473,-0.8666105005620544,3.6319830536619024,-0.10252102515646615
3474,-1.4633163828349578,1.862749964861987,-0.14153469011892023
3475,-1.565083658921666,1.6661511827818163,-0.1701972764279954
3476,-0.8275844561708423,3.4763889399745898,-0.07606207675652499
3477,4.944815403296794,5.891977571551138,0.29648939978316896
3478,4.897020819469776,5.849122084449232,0.32044612232597175
3479,0.7774090132882092,3.0430375617930454,0.036676288271561684
3480,3.643285914750816,2.587064027244775,0.20973282695689352
3481,-0.12474817744020957,3.568543304295948,-0.04848099752340621
3482,1.0222176312263895,6.1153540902727155,0.06558382034995906
3483,-0.21950773941733603,1.2178659575040092,-0.042215722707259845
3484,-1.297613422241137,0.9426775334222053,-0.14890636846672758
3485,0.31715022319315983,1.6005079142203706,-0.03618639859206531
3486,-0.0974606601561686,2.2232519808821287,-0.06513800900138376
3487,0.29209605737534644,2.278108867296107,-0.030633898228140128
3488,2.029869042004216,3.049331470330518,0.15020149306599437
3489,1.971366432104314,3.7525913397469384,0.0825514922542774
3490,2.1013404664259263,3.8265461618543997,0.1495016122788478
3491,2.4367888383174567,3.431976328043925,0.1675720234444525
3492,-0.734338117516463,1.253379712400049,-0.05643823829291004
3493,-1.207374328326038,1.4568822988557228,-0.1044841045817883
3494,-1.3796138341149289,4.333916052633054,-0.1368129089800167
3495,2.173943431980716,2.1522388728684096,0.12657098069709372
3496,1.1215052450315217,2.5438451882165407,0.11025162274704998
3497,0.6728541548704149,1.8185589142056795,0.0978600380707445
3498,0.905013892012707,1.6444479980829605,0.11620761254137178
3499,1.4989359299690177,2.347508438014713,0.14770092593469847
3500,1.5197930414532281,2.1021257287160697,0.15666418974904495
3501,-0.202880354473865,3.158964642736748,-0.0015246654722134115
3502,0.808030971421922,2.9034806405961255,0.08918967535436964
3503,-0.1213104033576601,1.3202288052956594,0.03555142813938336
3504,-1.784331072434511,3.758738447843122,-0.1025895206151311
3505,-1.1761934341589455,1.4690531079305351,-0.13177207552834408
3506,-1.1446503044445229,1.358807883065874,-0.14173900423025204
3507,-0.014898975708111736,1.856313458333471,-0.0661394378988835
3508,-0.15769119573869,2.018516363339002,-0.04324266797564556
3509,0.6042490603700884,1.8901819336333903,-0.019245230298824925
3510,0.3498915638955975,4.739205288286808,-0.017753932858740835
3511,0.6248461859294858,5.873667279246263,-0.02121747491625951
3512,0.001262706307903415,5.877351534749598,0.0106137521975625
3513,-1.397898947374688,3.255341201952097,-0.2022985357513118
3514,0.4291407473741149,1.6176822996252065,-0.060967904485434696
3515,0.00813742952379583,1.602580522615512,-0.015463438931053302
3516,-0.0960364984827651,1.8429354916017562,0.015700930918109417
3517,-2.3072153988685926,2.931955966820387,-0.1692860065892794
3518,2.698313835274904,3.465809597213606,0.19545573787974965
3519,2.2611985329202007,2.2211472575582416,0.1030671692760733
3520,1.8190268780725836,2.1240660762766326,0.11510603082748969
3521,-0.7770512622251998,1.8189539377364525,-0.014163382664615217
3522,-0.5438897220554282,3.0617287069074464,-0.07664456330675769
3523,1.0681973369621511,4.075810963699484,0.038402434254588814
3524,0.7320686648037199,4.343253325844272,0.05665962002386892
3525,1.1098231314661842,2.7551814766017366,0.02760827039161564
3526,0.7726943313621224,2.8636564155697277,0.013282446427890384
3527,-1.3901226166555714,3.1958514779239695,-0.14804026509761956
3528,0.891318901504851,1.3223663269907175,0.05371662908413245
3529,-0.008059825025793617,1.5932216927484775,-0.09660847574860601
3530,0.19069251490659528,1.6262135018024793,-0.0738948423787666
3531,-0.05818333983215939,1.6278042320609272,-0.0016329625533536925
3532,-0.2158062302464378,1.7066843507833063,0.043299831540734635
3533,-0.12179796307072505,1.6404294062846199,0.0729043726232975
3534,-0.18858658447568924,1.1089477750968708,-0.04218472629200087
3535,0.21045295044336426,2.0675408611219157,-0.028359685613771564
3536,-1.366495428797761,1.7931123342097681,-0.05053881595329363
3537,-1.3787979142601607,1.7756156092549122,-0.0349124716768171
3538,-1.4165540478834988,1.7855900683882928,-0.019156848689530888
3539,0.2378827632625345,1.340047644139594,-0.12195418592524165
3540,-0.06677979233671566,1.2402687870804292,0.00336617543112218
3541,-0.08389350751719282,1.2161816061356658,0.01733941804443382
3542,0.29705591670770876,1.684998398454427,-0.042597060416377404
3543,-0.4260962380334893,1.9307402461504104,-0.014086861047632397
3544,0.7994332429321995,2.490322581614352,0.0721901265277799
3545,1.7721182856887898,2.70577369300909,0.05130343153779161
3546,0.12259760821238645,2.4797981687007717,0.0187615425485813
3547,0.39915498376953856,2.7017843462788522,-0.063124683408486
3548,2.6859066226658324,0.9887968990932134,0.15393461548462561
3549,1.7962160412649775,1.337032196418513,0.14448962229763246
3550,2.8834734160772033,1.3603324116369702,0.22956167439660444
3551,3.3981484306026024,1.332003065563827,0.19352211419677526
3552,-0.8231582902291525,1.1047513008314522,-0.11831290465159079
3553,-3.8499463516031724,0.8387770347971435,-0.2909017337701979
3554,-3.7763902721841034,0.6271219687026465,-0.2803492363495738
3555,-3.5671046301153613,0.5856174621665531,-0.31158566365267243
3556,-1.4590660828164834,0.5455932417057383,-0.06507176021201336
3557,0.5050494654192733,0.9618418991136031,0.0424408779943457
3558,1.4541811395652557,1.136615753448039,0.09827950202868395
3559,0.9734437271597547,0.9967544518436295,0.04590404728117246
3560,-0.06124821530508805,0.9182915322253377,-0.04880809971644892
3561,1.39500868513005,0.7841015510250108,0.03724979519674775
3562,-0.6033774153378995,0.860239808600285,-0.048185644125536595
3563,-0.598919314453355,1.1469418773902555,-0.05746215425264683
3564,1.383066647446648,1.8447267799088976,0.09462231401689099
3565,2.0424403261708974,2.2003544473025256,0.12279996932535739
3566,1.1957282504018127,1.8544448874363773,-0.0025483958439802435
3567,-0.6134985950404459,2.0795720919173393,-0.10360104082487426
3568,-0.433024903386678,1.909707448856236,-0.10090340664491192
3569,1.0351237663794415,1.2528238381238217,0.019697809339560654
3570,0.9978909294459097,1.354202394513233,0.00613280624799674
3571,-0.6397011275025287,1.9663074313013416,-0.03408817864844359
3572,-0.3856748223410707,1.8764837429689203,-0.027596469173834074
3573,-1.5170165386253187,1.9744693069931814,-0.11423443231077006
3574,0.5373401039444199,2.632358877557816,-0.05791912526682789
3575,-1.3393858852778733,2.308473850962702,-0.050788087768574755
3576,-0.8226150764095784,2.3143696595214704,-0.059038380156498316
3577,-0.8687898443378412,3.2230738255564395,-0.08703527298092492
3578,0.19439169712512536,1.8398222792908236,-0.007807277617181848
3579,1.5668139865020565,3.0812505283873417,0.0896322877327583
3580,-0.6384844733368176,3.795363848019318,-0.0884435439710515
3581,-1.6034743417185173,0.822579705623082,-0.0900010332871517
3582,-1.3598724947525598,0.7498244193779103,-0.1218920240869648
3583,-3.2114406865659846,2.8019893490137266,-0.2595712629310944
3584,-3.7490490731742585,2.608780325990685,-0.31649281580022864
3585,1.1068895535512138,3.8118440699489726,0.07392629012027138
3586,0.43061067991335417,1.357900539084838,0.04971655268779489
3587,0.23927577561714203,1.748815333487613,-0.03755611906238258
3588,2.291209161931863,1.7463608995550255,0.11354288024331327
3589,2.0787966417579944,1.772446358042911,0.11910366392071611
3590,-0.6933381892483671,2.176161958331221,-0.082596888334568
3591,0.3069144857718052,1.815386228158908,-0.022619706392707363
3592,1.0288949866958457,2.834838180348736,0.04379506783553669
3593,1.963024891416491,2.0428280432802395,0.17624196259084143
3594,1.097335524597973,1.78517924035087,0.02527631737731245
3595,2.2847395925189438,2.6878837779509803,0.12001518830965822
3596,-1.0440630318744302,1.5269153161108113,-0.09252181455796885
3597,-1.1302659425485149,2.606969262342666,-0.12447588363491154
3598,-2.2856210167567,1.288880780096721,-0.18705278409600126
3599,-2.6926871403665076,1.2918671869959804,-0.17832501574591575
3600,-1.703774329075227,2.0184306358331168,-0.19984369225293425
3601,-1.4846043228445225,2.160279096445325,-0.10456559298814387
3602,-0.5570276525129271,1.9474946275291323,-0.14704742135205032
3603,1.8449416166886081,1.415779083986389,0.0734073620576232
3604,1.1824556134789466,1.488446304446739,0.07407149715767154
3605,1.0058864313179336,1.2779931833657392,0.03945326501101961
3606,2.0732096510819935,4.325991840165501,0.09106015689816865
3607,2.0732096510819935,4.325991840165501,0.09106015689816865
3608,2.2838914404243487,3.428611601557408,0.1382718841779978
3609,0.2778027453453203,0.8542521745924432,-2.046886828196384e-05
3610,1.560381456654591,2.029404102462059,0.09266945507491331
3611,-1.2341146636501927,3.0232309330129192,-0.1149492239048004
3612,-0.8027616715253333,2.519235109201693,-0.0928092441334721
3613,0.3029142956636174,2.2483130330953034,-0.027575156925784036
3614,1.137533516323013,2.226733753320028,0.0554915041006742
3615,2.1375245557337434,1.0413505428752678,0.14387160354011466
3616,1.7016775650590412,2.1028920282535055,0.08579565357902119
3617,2.6558320752399824,1.1354998485685457,0.15375730681607927
3618,-3.2409205276730857,4.829184970876576,-0.25931592816466054
3619,2.671359034648075,1.183939076296569,0.18250215500285305
3620,3.4681499123029207,1.358550663765989,0.20496372543049185
3621,-0.2465710405121825,4.684686934466488,-0.021948844476222126
3622,-0.6144534602711537,3.7764864061013848,-0.06995965686195064
3623,-1.2122765860881,1.900776047391664,-0.11551487556935909
3624,-0.5989284241328036,2.167437635487623,-0.06478114655738225
3625,1.697667752897709,3.6776411811638137,0.09196716928498982
3626,-0.8076608070201915,2.3960201838242385,-0.12190151957971367
3627,-0.9391610959152262,2.52652073622843,-0.1106970750470791
3628,-0.5740242525494542,2.9592991253453294,-0.05820667359278633
3629,-1.2272428514876563,4.833444244370811,-0.11935559905573842
3630,-1.2383625531295992,3.439156783980594,-0.1310369836545062
3631,1.2490900508743443,1.0219755921014846,0.04132026358917436
3632,4.575541747323249,2.249777435577764,0.2809526538674008
3633,1.995257872571167,3.773825620150178,0.11269939506926317
3634,1.8078801135892961,3.3800712255976637,0.09816861819044916
3635,2.6431924095437718,3.5335586760745756,0.1101796006688081
3636,1.6181116989682478,3.562718430058958,0.1447712944969391
3637,2.2204719710996765,4.0232140362849895,0.10708606567752008
3638,1.7512772414002864,3.889046052555929,0.14949933931808507
3639,1.969546644577081,3.7159275146101742,0.10141769842217017
3640,2.048548537860713,4.0198928913257825,0.13747099195482324
3641,1.3614129841834017,3.72520223383195,0.11818254691904222
3642,2.390381957044942,3.0607055948088786,0.19711469112370153
3643,2.177342036174041,2.9164396012419727,0.1507258655457352
3644,2.261536427011043,2.9243729478303817,0.13776443715397282
3645,-1.0919892473299966,3.019868362578462,-0.1131296670330922
3646,-2.212787420432074,3.5182221068712027,-0.22969054094712188
3647,4.107665420713508,1.6952060293458817,0.3172223327784315
3648,3.3360594450237127,1.6043214518130404,0.23407052351511481
3649,1.748521392232611,2.533292529945219,0.1086103262176119
3650,1.353073686102999,1.3326610104779946,0.06770494757505671
3651,-2.2405562041330005,1.034476311397857,-0.19008582062002594
3652,0.6087474291513628,1.4333461531705984,0.040638233945199255
3653,-0.8502601351253776,4.0331303623445685,-0.09471199658250894
3654,-0.5162123825110508,4.8418136484213505,-0.07227964165649527
3655,-0.35836076756825724,4.74453634700489,-0.06070777686041985
3656,-0.312620602919791,3.949837291313124,-0.038177684604318834
3657,-1.2448929959497494,3.0517962875525546,-0.0968355300266436
3658,-1.507258670896603,1.3696053978884706,-0.15440832245104708
3659,-3.023862956709774,2.969231388291646,-0.23926814343113115
3660,0.8923949527465416,2.175369349772638,0.04096209507906654
3661,0.03982531264264389,2.464738362714792,-0.03992394146611094
3662,0.4698068116001871,4.090613230771826,0.03155056270514898
3663,2.469878469111623,2.909149826482198,0.18288822530521281
3664,-0.17965009030313817,3.4601503790787715,-0.0688907398491818
3665,-0.6279355387127509,2.161357015942391,-0.032442280237696644
3666,-3.0796122973876123,0.9882502071378682,-0.2752833451591016
3667,-3.5253107571892452,0.9603565955793223,-0.25130408865937354
3668,1.9515501302631506,5.699470794374275,0.08997392178779441
3669,1.7524434890788132,2.461866787857767,0.11983514003378908
3670,-1.7706484104208824,2.2888613324524703,-0.14129692891471718
3671,0.333894622515228,1.6712330310506491,0.09836692994227934
3672,-2.1872161609964533,1.9050106244214475,-0.1378947469478811
3673,-0.6804322789192666,2.107320348769961,-0.12055847832821916
3674,-1.42733900998373,2.223989298671895,-0.11243638246133873
3675,-1.4358724396011593,2.001340490257139,-0.19318073152059753
3676,-2.552203819988331,2.1644180290504953,-0.15426028377625417
3677,-2.4764911721719396,2.4997621186627255,-0.20024196407180445
3678,0.8446040121445019,1.8680636828673332,0.04999064693065588
3679,2.0649054780609357,2.493438586876967,0.1316292393987609
3680,0.21389200116429347,3.394884764302865,-0.054151624797274436
3681,-0.6259919598027384,1.3103961189914253,-0.03220219668329316
3682,0.15300486325970056,1.7639422680746457,-0.04790698123214081
3683,1.7058551944282254,2.5117345507687165,0.09685999296961621
3684,-0.25837987200952667,3.535154219761454,-0.0566731555480549
3685,2.730132686989245,2.4972581737018964,0.1676591220608823
3686,-1.200467674093405,3.991237824370231,-0.12000923461219556
3687,-0.7708239888364159,3.6756314952893985,-0.12823444087231367
3688,-0.3733851759990523,1.6271546303228719,0.008584980759999672
3689,0.3219998546354815,1.2601457594957954,-0.05775750970532148
3690,1.8327742615911837,1.6451629355811954,0.1641746527362429
3691,-0.2387235218762294,4.614965893815187,-0.029732747364102738
3692,-0.013646140086616104,1.338840509930796,0.009480791953714
3693,1.6731780179575266,0.7683586052444539,0.13739433021650904
3694,0.7047958905446449,5.415528575573822,-0.03218413819572566
3695,1.584632302972046,3.6798581026982324,0.0646478297383307
3696,1.2281310554099323,3.759446707772284,0.06740528366776169
3697,1.7387699769776412,3.693266012292433,0.08530300830478128
3698,2.3154512280840325,3.492165529900753,0.16339184338982182
3699,-0.14236181116900806,3.619772876010884,-0.07404887331146988
3700,-0.4329382051589975,3.6678063961067924,-0.08121047967803696
3701,-0.3667471803046277,0.7492634728093986,-0.05216731098323751
3702,0.9043226101723832,2.1626182396762905,0.07459663284285653
3703,-0.9231539022074186,1.3122459435805638,-0.05315636634224484
3704,2.073272608506719,3.5453386476113247,0.08014216158920474
3705,1.9538622486632085,3.6682502198235496,0.10003008150102354
3706,-1.704972734764076,1.1045017674843172,-0.1725185619996751
3707,-2.3417510357657725,1.080323892046869,-0.20516649843358944
3708,-3.5341025556737615,1.1950378417524727,-0.27893433099165277
3709,-1.5679574545553006,1.7034199892613509,-0.11782044054904885
3710,-1.4430991964450102,2.7157250603356475,-0.11924917773391933
3711,-4.3339066474901,2.71035819346623,-0.3711965920995591
3712,-1.9420174848359295,3.3477951008190723,-0.17647490837315277
3713,-1.0276311086167618,1.5742657471207977,-0.11916610364015355
3714,1.4539122774517963,2.033583052568548,0.021429120431257685
3715,1.4362007874409322,2.7116209153311797,0.017595712586762638
3716,1.0032501928688293,2.5109718996509147,0.10041034978529895
3717,0.4038321113616069,2.0307747434675396,0.05475487427232754
3718,1.5180165683301408,1.9170604235615705,0.07269169528360028
3719,1.356459481619711,2.6367137448076896,0.09474947953506772
3720,1.6483561874564863,4.474374800434703,0.10824482056076759
3721,-1.288553276992554,1.7055043256944706,-0.09300438196283228
3722,1.521070936017134,1.5439696724009906,0.09286597759767838
3723,1.3364110122742237,1.5142357529984931,0.12301915015688422
3724,1.9435816715387417,1.424047135290017,0.05507411677994919
3725,0.5588315030489328,3.2738761569208,-0.0523104286614366
3726,3.438910193360379,3.1908018205506807,0.16147816128595596
3727,3.0203758635363402,3.214610542241016,0.21164658638360587
3728,2.844926194931647,3.083949835119589,0.1607766238646287
3729,0.6514981040959046,5.200427589345842,0.04305873836107807
3730,0.7995425633158847,4.669610425643636,-0.016836098753670915
3731,-0.4579805329639194,0.5170638666955145,-0.04060808818900427
3732,-0.7109071212081747,0.614473082170905,-0.05916355746897712
3733,-1.0257428468810401,1.231460290445883,-0.12215618774854248
3734,-0.9791287697416087,2.0235785652860803,-0.1085064956086529
3735,-1.3687144667831384,1.904685498217977,-0.09941500840878523
3736,-2.1421270647594395,5.612812764650324,-0.16791089021373096
3737,-0.8306338848860456,4.5461022319256905,-0.11943407463384166
3738,-0.9325500563581101,4.229513828219986,-0.08492259782125218
3739,-4.053279893748836,4.493828773743925,-0.3488213716052542
3740,-2.093269029099881,3.515678333147127,-0.1986390967477404
3741,-1.094163743330934,3.7571263195802174,-0.08989769943906259
3742,-0.5874358275240701,3.977055997947983,-0.14128595122082782
3743,2.3251053859315167,3.536266593742021,0.12233492337051448
3744,0.05454385447344594,2.034870711102536,-0.0030703349129066614
3745,-0.8004058612317018,3.111935019961348,-0.10325017867880956
3746,3.0984458233168444,2.367929840996657,0.1645025837795356
3747,2.1612895511998653,2.2790656351141307,0.1890758740512251
3748,2.54876233248793,2.383776310431482,0.10803645625624524
3749,-0.4837141234932171,1.9046168919824655,-0.07966798666465838
3750,-0.3320894859136786,1.8904330490194918,-0.06791418062537372
3751,-0.2364550612449803,2.497919889602603,-0.10982998883299129
3752,-1.6327675240849517,2.720318152206858,-0.1104004151500987
3753,1.9346988584041356,2.450947435493932,0.1539408834471789
3754,-0.7039534339707493,2.458013026710571,-0.10612382460176309
3755,1.7463682552118167,3.271167681334946,0.11361069688943369
3756,1.3535702759675978,2.98545789018004,0.09514118008030975
3757,-0.04157327013255742,2.999006363703307,-0.0005965993409766835
3758,1.1195590111275615,1.6669067992004345,0.013133332892793392
3759,1.6303868672666013,1.9449492801929584,0.13219704346202846
3760,1.1134515952665984,1.6197653909259404,0.08794944524780768
3761,1.3909499130711864,1.1107726181850437,0.05547546426617949
3762,1.264299025728316,1.1221986324566664,0.07125014372674754
3763,0.09719982589989305,1.3720140420691338,-0.047291542186663635
3764,0.28838892839829494,1.6819594657831087,0.03754139237928164
3765,-2.153173951423841,1.8339748944538041,-0.16460101389734558
3766,-2.139676274415189,1.7456727000383159,-0.23586543768246443
3767,-1.5385157039243909,3.2768420492004986,-0.17189601872120736
3768,-1.748134246897185,3.641354348055645,-0.1764022911942839
3769,-0.41915797430052165,2.2197150634026186,-0.02061528648592838
3770,-0.8543736975420353,0.9904062978595544,-0.11127313539170626
3771,1.040960522251152,2.605981775064134,0.08846803803465268
3772,2.6730299919285603,2.700202149123929,0.06990037856818185
3773,1.6820629649320995,1.4766878513261368,0.1741594180384554
3774,-2.9283229687753836,2.326650275464632,-0.3390427347192685
3775,-3.3479371524306876,3.851321063073915,-0.30897834421062526
3776,-3.005338553105586,3.897679709184215,-0.2269458277778498
3777,0.12025881203822565,1.1398495276306955,0.018429250667203058
3778,0.3741577441170657,5.508772675627721,-0.015456803603106771
3779,0.7917410274286533,2.96312001231546,0.0063340654483295036
3780,-0.09283807758554673,4.0193098989805796,-0.06525217253038687
3781,-0.28326369094783815,3.602208973859828,-0.024513566229358554
3782,-2.7500510707161263,1.720534438341313,-0.2794944153673519
3783,-2.203597852958265,1.838744365119686,-0.3307908345301018
3784,-2.479938450207029,1.902476927692126,-0.3229646824760729
3785,-2.6458322313972102,1.9715781982524576,-0.20952393112149648
3786,2.7346863968072737,3.089530715920763,0.16371709987544894
3787,2.531608150361427,3.058270732641755,0.17898456920498484
3788,2.5889813742128625,1.1838585848036793,0.11849407864149596
3789,2.9198394376092884,1.1280109839381902,0.08082798514785225
3790,1.5394474199387076,1.2340952933983136,0.12372218349175773
3791,1.5394474199387076,1.2340952933983136,0.12372218349175773
3792,-1.6914185773984267,3.962659194345174,-0.19543907804170396
3793,-2.2250165964881243,4.560525967389601,-0.18546255098644265
3794,-4.476274625817838,1.6999218822422122,-0.35404129091946884
3795,0.26049209316741045,1.8730107879420443,0.07912429210313168
3796,1.468282471731273,1.41810334643602,0.04446425973962956
3797,1.3481652250657306,1.5245459577260174,0.023237532539607884
3798,1.3890824888928126,1.483525578542816,0.09820528327787469
3799,1.7546568507823177,1.462748975055354,0.03343935288502022
3800,-0.8420390720137423,2.0571585369209635,-0.09589257740873512
3801,-0.8042234482858003,1.6477857634173703,-0.06367820977778088
3802,0.8619253050647002,2.4220193028263335,0.015795532320879487
3803,0.29572221121702263,3.0269245749603066,-0.02367714544292568
3804,2.183280380213369,2.919825171821121,0.11462035504131028
3805,1.7712427506606758,2.135432603512979,0.0757841836710788
3806,0.6734620032151997,1.3548757661620268,0.0657258973903478
3807,0.7352777994968673,1.3309093970293204,0.054699942946347065
3808,-0.33763896452344494,3.5060168172143147,-0.1025509132536015
3809,-0.2419123934029981,1.9837516890575233,-0.07923606255760222
3810,-0.13053665101392922,2.836422818475256,-0.035711807240167294
3811,-0.5981798290577564,2.8130804245539043,-0.026059301237223748
3812,-0.7213355518421289,2.850467613679507,-0.01913207197105909
3813,1.184386460519421,2.1041409240982425,0.057206285458585464
3814,2.678476410131756,2.555845320445525,0.17516392712237458
3815,-1.6525539398864182,2.9876848428182856,-0.1417937562570362
3816,-0.2265608718138599,3.19457440169928,0.003984105081633087
3817,-0.2265608718138599,3.19457440169928,0.003984105081633087
3818,0.10790692173691742,1.8524130176833722,0.014088587145673228
3819,1.1390447974924052,1.4541028433972176,0.046649820679395465
3820,-1.5501254834564526,2.0622265950054044,-0.12619854861288662
3821,1.4137481738349722,2.8923687376348233,0.09333859471766108
3822,0.9926248860268535,1.9517865728568085,0.009336000925691266
3823,-0.2582508055744037,2.981955903573828,-0.08112677616530069
3824,-1.2313319558188678,1.8399630119955703,-0.22829822164585528
3825,0.8721961870964867,3.001618280803941,0.011991982976151953
3826,-0.24985807737656596,2.5651774670944523,-0.06508633513086855
3827,-0.6878027083087962,2.526290907608175,-0.026613173564555295
3828,1.5963118453069218,2.8645588497034264,0.14635437283447994
3829,2.328095198597675,1.0308172354225575,0.21220355421689951
3830,0.0329686352935108,2.425759916817697,0.020626340554401514
3831,0.6616617927845373,2.24538923497263,-0.025031518207348245
3832,1.450470024177282,2.513391221393971,-0.036940845939262626
3833,0.7648918529227486,2.365266686714978,0.004687086427375013
3834,0.3697349482707134,4.4515638885447215,-0.02795174717245061
3835,-0.6924587524885281,2.7929891230206345,-0.0970521763156437
3836,2.033421413225652,2.0410249792988977,0.060845859513990595
3837,1.2501899015895406,1.7167137321543142,0.01216293502034125
3838,1.0894095272174202,1.8000491016472353,0.03564248770404499
3839,0.2016679593635763,4.256019237266114,-0.0010009018812583456
3840,-1.1124480430039363,1.7031489782343354,-0.14610523503876768
3841,-0.8557756186958373,1.6989478972863232,-0.16766350928621
3842,-0.8047750053787609,1.6025020487107116,-0.06871077246850624
3843,1.3501954586348677,3.4796594814628605,0.08759116087800929
3844,3.3802485383553202,3.4628918279963896,0.2515259575635635
3845,1.9976956295145607,3.1809936827608163,0.08519901718081194
3846,0.9697904013571401,2.48646440736056,0.0773946845042114
3847,2.062459488782496,3.0340792843133646,0.08895672466587512
3848,0.2765594877555662,3.264375135375255,0.02092295443005547
3849,-0.1336328668925061,3.128258985209332,-0.033674391827797114
3850,0.03260098011271843,3.085637655375768,-0.0554375859868746
3851,-0.6525274338278236,3.2924855656154928,-0.052696033674226504
3852,-0.15227825186979754,3.3144045054725493,-0.09366518343343821
3853,-1.643282159913228,1.806167606584837,-0.09380253437735223
3854,-1.7208997528345358,1.7313100516179205,-0.11326128971917548
3855,-2.91461662517161,3.7674484042034297,-0.21135589300281957
3856,-0.13551073588709958,3.3236323032592052,-0.02824572505210379
3857,0.02984883151176542,3.3403061863426373,-0.04117701534836772
3858,-3.06985071873775,2.3923323710827247,-0.2728243403547597
3859,-1.9109418976327046,2.2014705385245223,-0.18171710154027906
3860,-2.4955919327785447,1.1065016007250377,-0.18412299967660717
3861,-1.447967602218281,1.3610414315693122,-0.1355353440188428
3862,-1.2507128427240688,2.9065448867945527,-0.14485189905682413
3863,-0.8255308198941612,3.198476035054778,-0.07275061364882274
3864,-1.4312089341894225,3.137828320024083,-0.10092380689103651
3865,-1.5086434991734379,3.2483721246700985,-0.12372089428372306
3866,-1.3996026143171605,0.9736196692151093,-0.15501281415584534
3867,-0.44594251710673954,2.0393615074933633,-0.05264756525031531
3868,-1.5583964975482745,1.780805272332332,-0.15136636676489382
3869,-1.763485314998084,1.7533926071893668,-0.14349577113699752
3870,-0.33249979176601474,1.111485813542783,-0.03352138606964819
3871,-0.9801485654634849,0.7199977829232724,-0.09453992737336825
3872,-0.09272975834326906,3.000747092003405,0.016562070025607136
3873,-0.3357557128361322,2.8095894913173214,-0.0178876475382108
3874,-0.054978066767582635,3.0392416736070125,-0.041494708961895756
3875,2.3899852553388707,1.9193344894985553,0.13117276850292892
3876,1.7840534366931058,3.991050162814137,0.10899790634418129
3877,2.2388470336156723,2.6749749592303798,0.11957336871143406
3878,1.8139234706337897,2.247944652386632,0.10311483661407128
3879,-0.7832107394213716,2.4362590297787374,-0.09377045548488952
3880,-0.48796143337072917,2.449586192606937,-0.13767794847043843
3881,-0.5401122013417171,2.5985983038315483,-0.1428507325204581
3882,-0.5445099785268743,2.953156470181965,-0.012098101428395819
3883,-0.9567169222164728,1.9051569863717115,-0.034088651469741785
3884,0.5101690076201225,1.4955256290275607,-0.05309008636808733
3885,1.7604058924898374,3.04495050847066,0.1494827932108623
3886,-1.874494735200908,1.740531569505962,-0.22061665070366862
3887,-1.9464351326716856,1.7221971484070235,-0.23931896030859365
3888,-1.0321283953126947,1.8747436038177987,-0.13038571906020355
3889,1.093624064551581,3.8450199467069153,0.06701124428838734
3890,-0.6332129533674973,3.280502509425557,-0.05726147096849919
3891,0.6918125377073778,3.1580837575187912,-0.044266813558741056
3892,-0.4318969841998042,3.1027060143540113,-0.03957626532750689
3893,-0.4685901006591708,3.2264654352465776,-0.024208916111467138
3894,2.1341130797254895,1.6527147190716975,0.08688496975372911
3895,1.4751156885039367,1.6217876249276602,0.17887300578341167
3896,-2.4573297463408545,0.536066753671604,-0.30442042320444995
3897,1.782695849257113,0.4114262768699355,0.044319486619494086
3898,-0.4199664195024674,0.21173411884341023,0.0600282666727335
3899,-0.29135912505097544,0.22800356378317585,0.0577546178428192
3900,2.0786078366725222,0.7173018514527075,0.06120500687591223
3901,1.1762984188365908,4.263377905045412,-0.023230192698836173
3902,0.6093009044165718,4.277735229805997,0.021862835379829724
3903,-0.33261637021039475,2.0871713287024134,-0.012974233903574066
3904,1.3828047403565957,1.8160508801212067,0.024308660507319352
3905,1.3407228784110385,1.7296833340595246,0.06261687926896865
3906,-1.6624936083303026,3.354788527896517,-0.18443423379133678
3907,-3.394057915773875,2.9248585232669697,-0.3158550358151298
3908,1.6016893989700982,2.5375065008657773,0.05768172281278742
3909,2.3308731464912698,2.791884721820636,0.08163700449494728
3910,-1.7187839477631208,2.513893643447267,-0.1378384356317378
3911,-1.7343914081640166,2.55760743099433,-0.18481673455070216
3912,1.6968471999307,2.188419609231793,0.061195419334066435
3913,-1.8843866631386237,1.8320154623965907,-0.2287491138346616
3914,0.9569760789830272,2.4922857538504775,-0.01914591705885666
3915,0.44408680114019833,2.3323933861226824,0.020698080516271766
3916,1.4530471375979421,2.1950438115030106,0.06164871217629469
3917,-2.270834544474077,3.4493458819524205,-0.2076392163236722
3918,-1.2666264854271718,1.779158697523529,-0.06914399781653459
3919,-1.3295008552466427,1.747952936600527,-0.06556417844262971
3920,-1.4408962958762475,1.722178543674878,-0.06287254715316298
3921,-1.6837782909918455,1.6410216581750752,-0.09078535223925507
3922,1.8176340780437472,2.3691579773925118,0.03193121213517686
3923,-0.17523913573656416,3.4941940392935726,-0.036585817679753385
3924,-1.9579998850866898,1.717664922752848,-0.1530843006873446
3925,2.1539149679881695,3.643036199029117,0.13722765416448388
3926,2.1028092678870025,4.277030395266791,0.0910252701025303
3927,0.10198874837483765,1.1184801178054657,-0.04505455484322022
3928,0.9024284516617516,0.9710594010602073,0.061531840090932266
3929,-0.24753806377193488,0.40190599743318445,-0.03589125921878315
3930,-0.6863957812542183,0.33209607385532847,-4.206158963592438e-05
3931,0.47595893270105283,2.4248523249515728,-0.028417710790876606
3932,0.16824925478638195,1.9333734248094652,0.003539626783606405
3933,1.3546595521354599,2.8804238600839427,0.08537528141694668
3934,2.448582355144643,2.827454277226571,0.04294986791464534
3935,7.211481172042584e-05,2.2922331700956344,0.08075153972688688
3936,1.762735738303861,1.4728786842502006,0.007150105949041865
3937,1.0052329856458808,1.6882908357623208,0.04170243878235164
3938,-0.13570314960867266,2.6018392795024337,-0.06811047262439725
3939,-0.2397881903857491,3.7108183271720994,-0.02638196671581412
3940,-4.412274287183749,3.5105559294834814,-0.3299335621837347
3941,-4.604999329648224,3.570918783253764,-0.32146207743983923
3942,-4.719544083407669,3.1306170752232427,-0.31658650115582826
3943,-4.930310190921548,3.121586416907565,-0.3153642699303379
3944,3.163007535747983,0.7952323033016496,0.3040808045481336
3945,-0.13109415865494883,2.198283554844438,-0.005851977012208361
3946,-0.1912322262652533,2.184362575747736,-0.07452200079498157
3947,-0.5741835586288773,2.7675578904908598,-0.06883322069026304
3948,0.5669275021752654,2.2827779397096406,0.03392643921108429
3949,-0.411668300459443,4.257254563644449,-0.007988972071838933
3950,-2.649877296633859,1.2149920534602634,-0.2349031808732603
3951,-1.6551877012274812,1.4838072859558593,-0.18867013668622243
3952,1.022162759336817,2.98431474100141,0.04456962729125853
3953,0.5769822386606998,1.1019993979283285,0.04457598416454324
3954,-3.669443627858065,1.5471004139383078,-0.3065440134642225
3955,-3.6578832279549265,1.551407761289133,-0.2635189938134906
3956,-0.9734405738585882,0.626358204085615,-0.09418747738851282
3957,0.7801264005005472,0.5695146430070238,0.06098401730469423
3958,1.5808630710763754,1.0241849904667721,0.11721774046220303
3959,0.9023548388112033,0.5117532539570289,0.0600135906407166
3960,-0.2479967637991508,1.1734383971030844,-0.008132300830219165
3961,1.6505685406958035,2.42446276938829,0.05242780156770961
3962,-5.525713071263391,4.898418471444662,-0.45582821139538676
3963,-5.904398026675794,5.030967146077129,-0.46588877490876485
3964,-5.5782856849447,4.888292553442982,-0.47604864984864426
3965,-5.1223925704548225,2.1257771717916065,-0.4136860581372325
3966,5.117952074278915,1.5147121401853485,0.35889609881268164
3967,5.026784478581014,1.526013888878466,0.3574649691952449
3968,1.4769692032180153,1.4486346723095525,0.10348873683223445
3969,1.2348909466867168,2.5450391557983503,0.08302860616236762
3970,3.9200043831898403,2.3676238509400562,0.26216889614801936
3971,3.912724967326954,2.4918004232223705,0.2612612425071229
3972,3.805809659297539,2.528560449747987,0.3220043709288772
3973,4.3586007033710805,2.421726188630799,0.2767487623731947
3974,4.107534229229267,2.551278237934261,0.3067540514191655
3975,-1.216071543313303,2.7791221755819993,-0.07371221905812164
3976,-1.679940380910741,2.7559838329049553,-0.21577024998154157
3977,0.1424445909426261,2.9230016362991553,-0.0721860988597503
3978,-0.6062340411503189,2.591107786521951,-0.006694876743383996
3979,-1.4241552806605788,1.5175769399544468,-0.07895206340024659
3980,-1.3375510190439184,1.5100174461320135,-0.08150800651839553
3981,-0.6135102435975676,3.7699385118053277,-0.05678941838199094
3982,-2.605294937487233,3.6237003110745896,-0.21275923446675674
3983,-2.0871725652129656,2.9826665655200384,-0.21695265705840772
3984,-2.3112334170750533,2.993472459665595,-0.1724838125826148
3985,-0.9375140564447572,1.3056402796776965,-0.04526611057333889
3986,0.3983230973751819,4.2190198632366105,0.02377509618075276
3987,0.4195966161275186,4.194291064749055,0.023272064968571572
3988,-4.94334410956369,1.9026678572215487,-0.3545484862491281
3989,-5.415940794638663,1.7618721065123577,-0.2807466474185547
3990,-4.924734513265201,1.7742456145884724,-0.3281979249866829
3991,-3.3676018499726195,1.830869056012715,-0.3163881922461631
3992,2.4242907627417227,1.2110897110740357,0.12257352349033862
3993,1.8757973092365532,1.5920790081624174,0.07382332831959189
3994,2.6738331969626103,3.418983331765626,0.12844018985052155
3995,-0.15597602123610527,2.8880543577706286,-0.05536969140370248
3996,-2.289413642608958,2.6155423500229578,-0.15846820543906068
3997,-1.2853948288332604,2.2849499702160054,-0.13503868918151404
3998,-0.8296026259184041,4.539775628648283,-0.09844567325138522
3999,-0.9256668201578935,3.8516218822193773,-0.08316504457795439
