sample,alpha,kappa,beta_0,beta_1
0,1.8591035472030084,3.3188614565840546,0.49184112082684406,0.6543172555209655
1,1.1933877799566392,3.6935878127673463,0.37724979317145335,0.632886405164426
2,1.07541542331788,3.7054935038312187,0.4059259652402931,0.62563062721118
3,-4.664915877017373,1.6011096811918855,0.10505835923785818,0.7899287247361465
4,-0.06156833401710241,2.7884811513794556,0.41666431162683026,0.7768562366741534
5,-0.0428981574987367,2.7733857301128726,0.38307942630284675,0.8092792332297696
6,-0.260780195283756,2.614096405923944,0.4286572463438577,0.7723193756240063
7,2.2072905542100405,1.2557570148385029,0.23100358940318025,0.23972441587351195
8,2.192827305162719,1.2713360876308961,0.2311573796432085,0.23311198688502344
9,2.1164721729792304,1.0235174433712841,0.07071485108329971,-0.022383433737013257
10,-2.837189688884593,2.567172797928609,-0.22899310358509795,-0.09944060522378412
11,1.3152726725237107,4.290072070603245,0.7664719773670147,1.313638700235082
12,1.0127940758501635,2.793322349500282,0.47769011602268874,0.7568177233008591
13,4.186763364758325,3.5987165264687695,0.38686750709735235,0.3196146002250634
14,0.9184322223391375,2.63044869576091,0.21676555335996722,0.36724753181941533
15,-1.1904411266902428,4.5758320802367365,0.18786810337728635,0.5016346773930156
16,-0.5939752037253987,1.9022043837904294,0.09975058772425657,0.15295067053622183
17,-0.5898243144425636,1.961408610794428,0.06923271758607082,0.16852314016981157
18,-1.822215221432627,2.051367377406411,0.16034832793111561,0.4889270958694709
19,-1.4299800013965582,3.4489805402947877,-0.0004571838691913425,0.2601744790577236
20,1.7502432724950419,2.4591299639933366,0.3127238237651672,0.4963547497065674
21,1.7054111074964153,2.5151671425315794,0.29665589709232704,0.5131096365261414
22,1.71596815492702,2.5679376161038783,0.2729876527144016,0.5232151665874286
23,3.3730198893890018,1.8329080745695687,0.304540625281143,0.22035782333901174
24,3.6871097898315637,1.9770559755719492,0.3026007494399408,0.16028103780628888
25,-2.3747252541347614,6.223755730221364,-0.09307898729383453,0.13524065110648026
26,-1.8445959460526795,3.6157099709131564,0.3356882722540057,0.8636275853954856
27,-0.9479392376135389,3.9047962849394593,0.3627123057221807,0.8290421446802017
28,1.528987748570646,4.4792375169672605,0.39537761321728876,0.5676733757077501
29,-0.11600823522409964,2.5379646970350582,0.36386439839764934,0.6767526253120728
30,-0.27410612591145334,3.3789843069050636,0.2353770985273518,0.4527678692812984
31,2.4161648874923474,2.877925608402476,0.30082533745502554,0.3067513819695663
32,0.46202823303565627,2.568899197215752,0.3638877934598647,0.6339504396347514
33,-0.25624398246857777,4.665658721559975,0.19242644156134384,0.4353429377783625
34,-1.3568813788024312,8.092790105799956,0.20357629104585184,0.561827015397304
35,1.5548182051636654,4.833695764869478,0.22338538680614728,0.2687908848861341
36,-0.4624714245453087,5.9871027205233025,0.1461052105389851,0.34137354902998424
37,-0.493238446699074,2.95515410622757,0.30074237651787594,0.6821814890218881
38,-0.618975743112086,4.1812365051517535,0.0701752580532831,0.26435652616829414
39,2.593690313416,3.36784600681152,0.5245905151247732,0.7191699000688877
40,0.8482057210978369,2.965296453241568,0.18491621694089372,0.2559755934222987
41,1.921230378945116,5.251425393952474,0.39828593597212797,0.5458899175614714
42,-2.2966960006371546,3.644495523735934,0.140022599793351,0.6096033719920907
43,-0.26204662522370553,2.368986807546355,-0.14538226587719724,-0.126620206031496
44,-0.41634790037807157,2.517046522330372,-0.08574487290607763,-0.177700481972796
45,3.9632852493188557,1.704198508956831,0.27844559853670325,-0.006138697942157536
46,0.8711878580200424,5.017100817637891,0.5398157045987538,1.0176125776279377
47,-0.5803874491647245,1.8560049383454063,-0.2207146100481491,-0.18209401083789187
48,-5.004524529241748,2.2016466766088634,-0.11968687410974467,0.391655059761435
49,-5.519434425644497,1.7370669278488302,-0.1100084754284206,0.4266620236577625
50,6.849775385944728,6.761743241451623,0.7428033586737507,0.6258532990851655
51,4.4670471915947845,8.552361465864706,0.44757838427101,0.3164391379576202
52,3.48068006255759,6.2416852041989195,0.5392953595596921,0.6694834192702884
53,2.638417972219127,4.812182095822849,0.4399215802693308,0.5282292246120008
54,2.2742280061818345,5.6726308768134315,0.6984341634253477,1.048861353649098
55,2.178372021217262,5.607699730123919,0.6906341457123273,1.0119067933432047
56,0.32565960044346837,2.4031823760295863,0.08283544408960763,0.18489702942633662
57,1.8067404101304227,2.613020397060882,0.40826166046184836,0.5439262023565398
58,-0.2900060601614941,4.0649996370961015,0.13224272237266757,0.3186533777946186
59,-2.115048495908399,2.468581003920563,0.1412066340466446,0.5030803109159021
60,0.32881838657210266,1.1690790726339697,0.06718311473306834,0.17850340771874365
61,2.3918538722298743,2.468041666260947,0.3339270883678126,0.495245863146215
62,1.5599994366376648,2.362635245516076,0.5374405467768202,0.6911730025954543
63,0.7726805183296339,3.09648317102486,0.24872829933153007,0.4958419826920213
64,0.6302442962715469,2.972887917953303,0.2777140878684195,0.44606112578226814
65,1.3420993746522607,4.651969088665482,0.32896195426012503,0.4642460332012808
66,1.5484305000344094,2.569334309656404,0.2894657468200451,0.4179287242801979
67,0.5506232392941647,1.5286698001612151,0.17994916452082166,0.2386321272951374
68,0.38736107906294936,1.5230603243256364,0.1907779689048236,0.2544363650131978
69,0.3271722031783164,1.5943764368554438,0.13154927597622837,0.30496805754222706
70,0.20007289580631787,1.6529314361473515,0.13972839878655133,0.27895011718972546
71,-0.18114636063702858,1.6911960839500702,0.18202590699058607,0.36949589617076445
72,0.229562034060412,1.314387039646428,0.21444824880012417,0.4280148101783481
73,1.3703733900568595,5.958188278343592,0.5557174948790967,0.8668335778749211
74,-0.551595680593906,2.006820404983191,0.19556642011834133,0.5086744346374744
75,-0.011130481751826654,3.666965683056789,0.19309664314455874,0.4596843147967999
76,-0.6809367673991952,3.5371446620405083,0.16458517092394642,0.3727535007952776
77,0.5218743842705826,2.2252924014330078,0.40301890589859135,0.7575079877427294
78,0.3851554918450815,2.347540426444312,0.46507553194274937,0.6870623281650827
79,1.4734520772397808,5.558860935087615,0.46606180982403894,0.656585870936696
80,1.4521327822450925,5.613302825720518,0.43963990657681346,0.6454946291153708
81,2.726539403193171,3.4342602619433076,0.37851114814300607,0.4711639886139754
82,2.609118033892379,2.5074252703666873,0.43678950934976823,0.49615504021738216
83,-0.4548979384488761,3.294641207354369,0.42080610614978287,0.8116227709992896
84,0.7103346937471569,2.017405672167855,0.33138554684473404,0.618481183981161
85,-1.9386615311991409,1.8287176954767477,-0.08601246381978606,0.17939406117515033
86,-2.5299426916159535,1.8838782525681217,-0.14026780559657157,0.10839510664835617
87,1.199121211802786,2.72165187045654,-0.005376939379655662,-0.07068356085100298
88,0.9147936856317718,2.0478145822452403,-0.13180322025119015,-0.17944485830598086
89,1.7768581795837304,2.2043249208060494,-0.057370551652729425,-0.15408514820838187
90,1.6695200966633426,2.2250873136422524,-0.06955849143533029,-0.07061680111522252
91,1.7667013747089084,2.3968712261225136,0.008658994491228854,-0.21427706647374173
92,2.1636442917323415,2.4965672939229364,0.10708125500869581,0.024078720182733323
93,-0.5842192538406424,3.8981239784298336,0.46411415933685013,1.01648025759096
94,0.7814562746446541,5.184232052180624,0.30445366859050127,0.542852609144482
95,0.011265398957112224,2.163903494762891,0.24110236552979786,0.457316354855608
96,0.34696398333170064,3.4046889042614406,0.23730074768243958,0.4412760040084823
97,1.443121306311914,3.9054498972789684,0.20053681997039122,0.2396761799211201
98,1.8942179901302172,3.783238138498438,0.293557673256748,0.35719723407383375
99,-0.025464870492865055,2.3622674338230523,-0.01039702414019543,0.022297436591499364
100,-0.44240704229130795,1.7794143550301857,0.09497400059986487,0.25057335333226194
101,-1.1072851931797272,1.6443496571576393,0.0772189049762887,0.1959818492572018
102,0.23563443041018572,4.185143162012914,0.14197170029902195,0.3591635905578203
103,0.12679398599863556,2.539623199960758,0.17995531804395037,0.26747740892257416
104,0.8774267102237441,3.8095782591072918,0.23526388331896494,0.43741942990576155
105,1.452211445978448,4.2905321524694005,0.20339694647951803,0.3438053442326061
106,0.39773081490571827,4.003302341402483,0.33229482636575974,0.6806652541205286
107,0.29306557670596484,4.2760554870864835,0.38644146837477084,0.5994459845505777
108,0.48126793329730233,4.1410880047431275,0.3620524717278926,0.6182862089344331
109,0.7807776646361689,3.0225611275322573,0.18507584983457723,0.2466416080084935
110,0.128148750105143,4.046958775864214,0.16792197754321578,0.3708254305931279
111,-0.02838230512095589,3.911847010492753,0.21396814585770735,0.47211025021095165
112,-3.9536251678393035,3.812481996182985,-0.07214843436860346,0.3638305856189167
113,1.8935635682475322,4.087859232299718,0.49275642807530895,0.7151323832728137
114,-0.04766360513921013,4.663635982305445,0.3244027742995573,0.6291895628605564
115,2.1389255887264023,3.589553825349184,0.358510717735935,0.4570222210852619
116,5.737642789943375,3.2071196600972156,0.5508280561417246,0.3051277677849358
117,-0.9021488428981912,1.7618117024293576,0.24863647366774883,0.6048506534074795
118,-1.1990631281801836,1.4607936124824366,0.24131493243168609,0.6082335239563685
119,-0.15624667432821523,1.9794777364378788,0.39396189317368063,0.7546653105554532
120,-1.8486628600277217,1.3449113912882849,-0.08229481542178409,0.09773452059420915
121,0.4448792900056542,3.5018919065772574,0.2889186520364231,0.5161987795047801
122,-0.46340477202221136,3.1205188421518084,0.15131642571471404,0.37853738291746075
123,-0.2966805796258612,3.0913303389808835,0.12773109163105908,0.4095298759801722
124,0.7697742091635653,2.6035034260263763,0.2898928282790754,0.6019436515793666
125,-0.20288109498932122,2.2455530130157375,0.2125053176634062,0.4132190268159627
126,1.707132307055586,1.9814371317907393,0.5728342606229696,0.9007112103005067
127,0.6143058527571951,5.2879008495327575,0.4388616743727561,0.815232499573422
128,2.432365403590374,1.989392668195596,0.2706419467356263,0.22281723470500944
129,-0.5721015867788908,6.534279698964452,0.3164544817556071,0.7032162655489667
130,1.9641116009420077,1.858935013688428,0.18594472983495863,0.2172521374603371
131,1.7160784815395533,4.069836505721401,0.4532943376966239,0.5866328249776769
132,2.318341413812847,4.135743303905685,0.4174608525015433,0.607836627427245
133,1.624985348298328,4.228238789008552,0.4729211683066651,0.7296394449373061
134,-0.020921515577408862,4.769632100623185,0.26913387750992546,0.5056544040587704
135,5.232784973281891,4.230932309385217,0.5815066188365825,0.521435787966227
136,4.559591787575479,3.7218427985884683,0.5546777175992654,0.5015567528713525
137,-0.3981434522461863,6.050693651523767,0.34726635673065936,0.7055140169012155
138,3.1098743530924486,8.804689289491094,0.38050900287859946,0.4101124924156775
139,2.4222782760598385,10.065412729738512,0.30767749867831656,0.35564031747992536
140,4.625283986703631,2.419388315864934,0.6177086569826121,0.6539874718427129
141,2.9626163508350976,8.426964201050422,0.5513260106023553,0.7415660594500559
142,0.22130429183792213,2.6013215705373467,0.22430820359260487,0.36914996177992715
143,-3.345041891893684,2.028643332299399,0.0189542079930295,0.40466894565606676
144,-0.21348446198328813,3.3140782878858865,0.19023194190347015,0.4368864197785019
145,0.9432066375110377,4.827962957137141,0.3459638691378075,0.5347272657759221
146,-1.387255847595614,1.6582381037712899,0.03172209775516787,0.2649090633227523
147,-0.6253518117384658,3.273037532144475,0.22050696124092867,0.5250286786907297
148,-3.062635204895242,2.924457039938891,0.06028125234248298,0.487227069065229
149,2.1397251176590553,3.931329791584711,0.2757336375489943,0.30206342341363607
150,-1.424179073722915,3.2890282633705263,0.27520031933005246,0.6962472466140175
151,0.42333208440640213,4.840430186084708,0.1894652023844786,0.37051438785988655
152,-1.2137476749959597,0.6199935875349848,0.035639841720158716,0.28721632983671974
153,1.69829496747021,1.184473008186888,-0.030033116570827315,-0.15077393945492054
154,1.9980781177478408,1.4132067813925253,0.019354116656587914,-0.13258323370284822
155,1.1938708979013068,2.493147020607677,0.20264914197608966,0.28311428518716875
156,-0.5507513777111991,3.186975144693787,0.11095405828443242,0.30792918017084353
157,-0.46965676456446404,3.2118333666306986,0.14101397500644913,0.262983819162181
158,-1.8094079835051147,2.317767614716517,0.22124499484567636,0.7094716251209229
159,0.783485018232328,1.8847476829953715,-0.16250545333201014,-0.26586792975345
160,0.37804948420530526,3.327492045270348,0.2382752428544874,0.45302764987007
161,3.7944537209392557,2.4925165968218015,0.45007826388431427,0.39166227415194155
162,2.8161173202602945,3.6068698177085627,0.315700335623757,0.285466242947467
163,1.2461052009444973,3.7330093783862424,0.5284923173789604,0.8685561745268985
164,0.604169905977128,3.3405632692185088,0.6228982704133271,1.0912572176812783
165,0.604169905977128,3.3405632692185088,0.6228982704133271,1.0912572176812783
166,0.9684488389223813,0.9428883794777254,-0.01176319406944586,-0.07287485218224202
167,0.10085460793629109,1.29428060371317,-0.1767956505558167,-0.18654292848802168
168,-0.8957059421229595,3.5747846914647936,0.20056019643232542,0.43003438854141013
169,1.7987446184732327,4.1237288372844745,0.3443760395269649,0.5301331219599146
170,0.4296915844964009,3.943282478903733,0.33348003378057334,0.6813270359354829
171,-0.14088846741047098,4.614732457378236,0.3669708004085611,0.7515083211631753
172,-0.4008565458134267,3.618607265460043,0.3752380799952638,0.7973492263565068
173,-0.3799180806374454,3.662650453862123,0.36175463303348854,0.8157924066660276
174,-0.529862553641678,3.6612105194991122,0.4090956542645041,0.7824375656831442
175,2.936958854415186,5.559384876943959,0.42673234254314163,0.4994294253063683
176,2.555138207201997,5.034072562199153,0.5097960478486439,0.7236456496065081
177,2.46570227206452,5.109223590269829,0.5056512528628684,0.7275422062511577
178,-0.8521473577231642,1.6692292452282729,-0.12324451379247331,-0.02590661101849366
179,0.9156007717163476,1.7375576391746892,0.2052815699470541,0.27273679272491835
180,-1.33069811482886,5.573375554995048,0.17706348400133415,0.547024192317566
181,-0.283050989552364,4.276639495174693,0.32118804404630513,0.6529214228995764
182,0.41523043762248607,2.462274811257305,0.2156564718266969,0.37205364113803635
183,0.6328219581918475,3.377152668101607,0.23571840614600387,0.3966349915662818
184,-0.829765843847867,3.687990644546942,0.023046605786079467,0.17501408296454782
185,1.0839000414278244,2.650201623608172,0.3242721280290117,0.49272861313756405
186,1.2128772934142842,1.847079766096837,0.3770961151792807,0.549847054514534
187,-0.8573706117337735,1.740728259396983,0.0825789177434181,0.28714078166235074
188,-1.1032130339540502,1.73805566457935,0.10903655402962029,0.25647283617797445
189,-1.4480221868200966,1.8306073375041416,0.11849781900126255,0.24896695289448229
190,-1.4243220137391854,1.8968663230257847,0.09346669036847753,0.27189130196685707
191,-0.7906195712092533,1.3262420259413723,0.11424330531617527,0.4922907003072121
192,-0.6678373790630295,2.0937949104606997,0.2166964492566873,0.6593432091299297
193,-0.8457320666031234,1.9823183956226598,0.19175120288093941,0.6791957837111813
194,0.3934467910492504,2.062921214747733,0.20427963370213215,0.30021610222921113
195,0.7385757524368469,2.067515239749472,0.09676752485205928,0.08706972841966379
196,-1.030478659594828,3.233044017696979,0.4260210944414068,0.8961365971448055
197,-0.45346945244914244,7.8381682421863905,0.1809353203031918,0.3950922878004356
198,0.42672401260941684,4.711809907602869,0.23691924333639594,0.41280021479943074
199,0.769612095023147,5.002938542043766,0.22500861878336914,0.3754077429693078
200,-1.4327238714132697,1.3328808992038692,0.17470723467424012,0.4913440907907762
201,2.7294832572017342,8.120895093990727,0.38955501840590107,0.4421220747293327
202,2.1359421671978462,5.921284088648925,0.39296599942746746,0.5296849645121952
203,-1.5483507971431179,2.08270010276101,0.22500716195032483,0.6946854586047805
204,-0.929559372133743,3.2994951510175223,0.2826136005393048,0.7935366109416323
205,-1.6236463323855772,4.0628580210443515,0.32689722062943505,0.7797232751156322
206,-1.0628614185359562,3.5696810477361542,0.30994092675177687,0.7664655357019668
207,2.190021227974244,3.8455580345473126,0.3091300001609705,0.3681629417541288
208,1.2807677873149352,3.1796412095017965,0.33370777903826343,0.5427482728696582
209,1.1004121456763716,3.2167210689399908,0.35556030059408633,0.49291106209803115
210,2.4355195995209944,2.7731159495799584,0.3952446318343694,0.41641591471315265
211,2.089679105336371,2.573108906143115,0.39910212207879936,0.4399013880199991
212,-0.1977254177071219,2.850074410513221,-0.12750643725257318,-0.09239873745070247
213,-3.5523357414230774,3.5785450872258306,-0.16816576443435208,0.15477396238720678
214,-0.0847211128907678,4.763301416204119,0.006949824911053739,0.06061622528274949
215,-0.09317324326965899,4.91187509558884,0.000775962293306784,0.037539117953186776
216,0.986157588681748,2.195667051220063,0.1949603277463341,0.2298596096870644
217,-1.0566148914967797,2.898039407674421,0.14368571002355568,0.45484168349161563
218,3.4880259990131366,3.408206751055526,0.28444653641249956,0.19440646393200522
219,-2.163287477111767,2.6001016905087515,-0.013444320277766656,0.2832057322899158
220,1.0849054261247804,2.7804529610728235,0.2154795391326945,0.24572291496333085
221,0.6613743549189739,3.0760679663777775,0.23403517730770532,0.3028971284559908
222,0.39629341558694836,3.318935844780406,0.1322301994062923,0.21234803723969037
223,0.4511294535757267,3.380887270964011,0.137802714530579,0.1796324289754346
224,-1.9778394783422681,1.0826985779234335,-0.36252298882972156,-0.3949490997781836
225,-1.4834487545054154,1.3156308090117208,-0.17351792305560326,-0.0858408096281308
226,-0.46222453690144044,2.626066007708033,0.08909171894300796,0.27122582811727247
227,0.07713413260840249,2.6336263277884635,0.06887391058906944,0.15944465838237315
228,-0.06972546511275424,2.784224381705583,0.11712236266974632,0.2505509796906796
229,-1.8600583491267668,5.575304392230451,-0.06598640746777937,0.15672341035845194
230,1.6882891243079075,1.5066887817692878,0.46264688877564875,0.7075643559951792
231,2.157485365485543,4.669985283947943,0.17038291141260384,0.11424298168227702
232,2.9075316260599,6.376192793300879,0.3174524371364824,0.2510134967548132
233,-1.76896996327132,1.8798627495030984,0.07248375256088509,0.42053345310687656
234,-1.2614207528013277,1.960293666339225,0.1063971026941934,0.38422289555367817
235,-0.5400620913177667,1.3782403902050366,-0.030676189569260135,0.09219053051898063
236,0.10391222255123249,1.1641304117596796,0.13026356512827575,0.27917523775720776
237,-0.7156731650261648,1.6049895357496111,0.17869266719293878,0.4004734455699772
238,0.7826559801319396,2.0148816560181153,0.08711988565001884,0.1766991117732766
239,1.130886665853456,5.562734035184711,0.3638566554972874,0.6165386724139513
240,1.181031041564561,3.089962293659434,0.6913504487359339,1.1668865155351464
241,-0.19437239670643647,3.681048456501135,-0.06886986837397023,-0.012542240264708281
242,-0.41492342522738807,1.8662024668767898,0.3053492696180242,0.5751516818502648
243,2.1071372359445206,2.456149680269448,0.45741872458062954,0.6681397653544064
244,-1.1870294615882864,3.142611730499525,0.047673800957736275,0.2751000750340563
245,0.8855192180981987,1.9064196182437976,0.09527631343235612,0.09332753145546131
246,2.3616785478275566,2.7872029536494187,0.1813660033864916,0.0790772964183077
247,0.5737518553969073,2.258299282002016,0.2281734983081881,0.37594520936263276
248,0.6625331104787912,2.9888296751303876,0.3458786363943582,0.583362202309871
249,0.6312450038291066,3.3051369446006205,0.29482631121335956,0.5242163587213836
250,2.432549385886058,2.4973254779448815,0.3996646534313077,0.5044897403446038
251,2.4725918505496574,5.69003998770659,0.19313291697523063,0.09651293292250564
252,1.7133454714370329,4.817494272611241,0.4258355177080532,0.590553196663509
253,0.535538851363445,4.000515202456314,0.34315288108357983,0.6088625245756981
254,-0.3368697946185083,1.5639378559675168,0.3565765557390003,0.7189889748417964
255,0.86249593399341,1.5736972700724323,0.10804245596216218,0.1194636047237991
256,0.669013751141139,1.6674547571130731,0.1406390161020909,0.09370812907831923
257,1.0478793969587294,1.868667111932709,0.2380654239329646,0.30191393149562973
258,-1.8001473888058839,2.3706976908367654,-0.007131060344905877,0.24533462776861698
259,1.435916773301195,1.8839298842187275,0.22280188925590727,0.289691710274665
260,3.140883574364996,3.173142160436383,0.32490811848268253,0.30011883943952217
261,0.6449694816029823,5.483451792515222,0.5426868448468553,0.9776407773775891
262,1.6859100573642731,3.600633414276437,0.6243468230801097,0.9687736660967553
263,-1.9109362327620198,3.0584372975133864,0.03456818263214617,0.3012158841278826
264,-2.598492606829375,2.5029730681828286,0.020944759083328834,0.3445692550325463
265,-2.6616644558962603,2.5071731497538368,0.020419730391287257,0.35588454759803634
266,-1.7565316521102403,8.583031926712758,0.10027307966721799,0.4853888697631786
267,-0.7506971664682875,1.1620525755749054,0.07460882220969298,0.18777587531870193
268,-0.8697437607707293,2.9783879839271217,-0.0696334971272756,0.09425951101382045
269,-2.611686108541192,2.3249921218073792,0.2546108585834945,0.8436374838663264
270,-3.3981027262427035,1.9523258451316532,0.1826324512276738,0.8812902109564842
271,-3.2543743558745186,1.9212994716508713,0.24828727201531353,0.7280216927770372
272,-2.475287437024463,2.8297357966681176,0.19785160813160788,0.7958336375447164
273,2.6757662730543696,1.9973488104223707,0.34064916145128493,0.3055075872668682
274,-2.4250805863417932,4.050759073938941,-0.040877212777474616,0.2427165789597316
275,-2.624343604916231,3.3619507809178546,-0.06574201571495328,0.2196939101102487
276,-3.0810578922167067,3.758170800331156,-0.1472630976587722,0.12831301924456598
277,-0.06843793232073839,3.2870815988639377,0.17691870234903653,0.36693157817790817
278,-0.3384558266135379,7.097692691094238,0.174541725559071,0.45143292358241227
279,1.7163370803339038,1.757118836991345,0.5905289887623163,0.8263237132750599
280,-4.514485994578015,2.4242419080205324,0.15503919038047737,0.8465983097152449
281,1.796722830030545,3.6978550216865362,0.011230883542291525,-0.1206025024558747
282,-0.1338439388226686,1.7460961749800177,0.015913772889229353,0.04200564788363996
283,0.3579271788562435,4.4368086630092725,0.2896006381912088,0.5897838459566705
284,-0.05346510364907216,6.260812350552778,0.20033493095206714,0.45860876041789556
285,3.566721274611549,3.0332845178489647,0.5624948421998376,0.640025341282564
286,-1.111681485534099,4.586816341388618,0.4127936227814488,0.9555492130863859
287,2.5244510699626943,4.6684209152848535,0.46723482194106425,0.5936872102832882
288,-0.8030771132506018,6.255440546071537,0.4639218105204407,0.9838505759530579
289,-3.5760451523823855,2.7188837984116097,0.26624125131851,0.8824672458205951
290,2.946082468047338,2.003767327692905,0.20222551745104658,0.13264762548391995
291,3.169799466541441,1.8361676052347604,0.3415304683105368,0.2266551012814949
292,3.621562908903822,3.3635526576163954,0.4078417219413443,0.3078517916081411
293,2.3838887817915486,4.183487986353807,0.38202240078763144,0.41135718559852585
294,1.4625700909115027,4.560034089878218,0.5109128671196324,0.8532565253863711
295,0.23795416809267733,3.506664818138201,0.545918817634282,1.0786970950675365
296,0.08284389866478711,5.394767906654656,0.2963891991232273,0.5199593615567748
297,-1.4918839498142535,1.8995110422309414,0.3933125833803619,0.8576967246169204
298,-1.201953821480107,2.7165865922730696,0.0780409161335395,0.3461548386993504
299,-2.1804295829642477,1.5413228909487822,-0.14915971458933922,-0.01845785072133033
300,-2.577718328228452,2.0255987775606745,0.1774786821014942,0.6251150689249604
301,-1.6904974072432868,2.4240327649036595,0.17081745359701223,0.5587793573791362
302,-0.36385076449163656,6.731309707277418,0.42679228107582734,0.8625246410717963
303,4.906097530255931,1.4336342264476132,0.7165392507998366,0.8920955837051419
304,-2.388090391688775,5.801476114779317,0.15732082521400353,0.523095800550853
305,-2.196535339839411,6.290744076885995,0.42231007652693,0.987684712323873
306,-0.11291428253088326,2.0052304083837837,0.17322766468039325,0.36193277536204854
307,-2.075254402921113,4.989697462386799,0.13555373158466685,0.525831530163426
308,1.0755289165231656,3.1199129905028093,0.1682833253854518,0.2181350868869101
309,-0.07658803182078466,1.2406463332845958,0.2221388591180202,0.47647986738713427
310,5.115468352923418,2.5725131096597322,0.5685889637228363,0.45968660779849735
311,4.814079968236281,2.21368818738612,0.23224378006256566,-0.096603592673346
312,3.6791282764484006,2.2869709459565617,-0.05885092739271528,-0.29693181103251876
313,3.6898773709599704,2.235361072067111,-0.05108608629823726,-0.31652416317144877
314,3.3269099303621994,2.126212865764454,-0.0211450718503471,-0.33647200568520585
315,2.265146990295529,3.010745456643422,-0.07805312732259492,-0.3290267054486502
316,0.5898127581795924,3.7539481186729247,0.49436060810049703,0.9351548453750882
317,0.0993736104047517,2.9991675654622454,-0.024665580461335424,-0.030967164580545443
318,2.181416537888216,4.4281935529742915,0.4135196017433058,0.4819963941804984
319,0.050302974041554996,1.7876134874834355,0.1668548196690138,0.29695821126014527
320,2.0161485029807324,2.427206134668452,0.13355922823720362,0.08257960441500807
321,-1.906410717736266,4.793942924844642,0.015619982549561751,0.2747141306909519
322,0.4399139938629547,2.650034787505054,0.41923343441554684,0.7434665002169825
323,0.3016026524203124,2.8477685015397456,0.18521688674895614,0.3434935185004516
324,1.8523284140472425,6.003213431742327,0.4935965237072511,0.7317914505078398
325,1.1730351105185686,2.684814867530895,0.25741219104527424,0.3412507847152063
326,1.3289406698268933,2.60234594950139,0.27724169842718743,0.39238423113867554
327,2.1179529781647384,3.3807204099129957,0.4651266129196989,0.6162535172544781
328,2.3797970996313027,4.386443326541586,0.5585103451632087,0.7996413622307305
329,2.9643971770965933,4.9634173998696305,0.5806776430261549,0.8482067700726255
330,2.9298026635492302,4.897719115805571,0.6005904636422015,0.8083962651955334
331,3.7440175610423583,6.359872605159081,0.4054374768069243,0.4010364342281935
332,3.6935166905347154,6.3810145048302545,0.408863817523437,0.40189514276307475
333,0.5733765024089256,5.684563252228494,0.5147645064957788,0.9750603624426106
334,-0.11108468429442461,3.058190044113155,0.16721422232641814,0.3723574363966862
335,0.5800435664309103,4.746741393719899,0.1703471614418113,0.2796269194059552
336,-1.543423930194753,3.645937266221482,0.39040492517803504,0.9562899828360047
337,-0.8471037453027156,4.630613089783457,0.24849692831040185,0.5717829312396661
338,-2.004408801109854,4.1642115976701,0.18684828983169136,0.613768328794031
339,2.02441103760183,2.345859985389881,0.17246781032582328,0.1374784334787836
340,-0.41789884892043894,5.676489891909854,0.4321189164264124,0.9112324347153381
341,0.5405134445626268,3.3932632138034866,0.18656489528203152,0.3537472250673835
342,0.4830019721044443,3.7075226774035457,0.21052989950982728,0.39962718817623855
343,0.6101435106638237,4.052873182087234,0.22839251366373467,0.3454601591129388
344,-0.8147346479101755,2.688674194086385,-0.0733165073087411,0.020144015668487444
345,-2.934323966227693,1.7915176541057565,-0.11857619818288422,0.1489168066960617
346,1.3657398501646318,1.9959309161489205,0.2932007988560868,0.397271874887133
347,3.5694871662304926,2.462863583494291,0.3987942159417047,0.3679197183968137
348,-1.3896194718207702,2.147767313613904,-0.04113383343699975,0.145028478278149
349,0.1436794343251646,4.796483541899022,-0.07360740439513529,-0.049368987334787645
350,1.041395857574847,3.6597129603826595,0.0278093806580944,-0.046125472739634056
351,1.3945084418210598,3.549990950499503,0.08011179194626418,0.005686598538683967
352,1.1605304888359835,4.43677335426731,0.13871368893110908,0.1763534215193492
353,2.7409498857475043,1.8705951535740133,0.3174808285696033,0.311905123762761
354,-0.18763523713083594,6.2169653859132605,0.39323619373431895,0.7575177320332023
355,0.9120629133745932,1.9526454710929757,0.06320537682284066,0.033105826915632686
356,0.4310456510850843,3.896559697965438,0.16616148718726909,0.24523153436149198
357,1.385487727783358,1.8345193681604213,0.3143192169855796,0.4478471705128675
358,-0.31488324067487466,1.1887302525617494,-0.5032582878384491,-0.7003445231239814
359,-0.15881573291668316,2.584805043033198,-0.5339513893129074,-0.8773425911999752
360,-3.0995546638827256,0.4343104504020822,-0.35538912224972974,-0.354684796915654
361,0.30585931941385275,1.4542558091807614,0.14313466750449472,0.30060392920443846
362,1.7240972885555907,2.419016609269961,0.10150530406973111,0.01121591936259687
363,2.919875192198022,1.914509479043973,0.09596289543646172,-0.16168243073679506
364,0.3447475348446113,2.4445225850643024,-0.0024305264892658775,-0.006683219385675167
365,1.0412472690887984,3.64191179116388,0.47787797479308813,0.7836614252671685
366,-0.14412751150363817,4.367769668166496,0.24833399968928024,0.5177280884558019
367,-0.6451887400182049,3.162066268216988,0.11220867287437837,0.36747714468455656
368,-2.340154367950728,2.3145419808861782,-0.059692823076856145,0.23283392477368875
369,-0.742368564836809,2.0640079309165134,-0.07533552322942519,-0.0017800249602811075
370,-1.9103832913700352,2.1445615104204463,-0.223963602512027,-0.09066449333226316
371,-0.48937145169115526,2.619276807599464,0.08341541243849153,0.2428460252111802
372,-0.3902461813236794,5.267889189593566,0.14709061895616332,0.36470197310595553
373,-1.9023740784424246,4.138156622704797,0.0327916313454307,0.3201354123940539
374,-1.7932289366367689,3.8227810981971113,0.10897096063900806,0.41397278367627716
375,2.050084306149969,2.004448908626976,0.21203386365494306,0.14458569600770196
376,-1.5382919664901542,3.8588872663292646,0.12875897125162983,0.3716023908122666
377,-1.9872619338222979,3.527023358659975,0.06519245670842708,0.45377178460828166
378,-1.7451848691997565,2.9641971960401783,0.04590855338067598,0.29857759741169143
379,-1.5041166556358234,4.005391469477579,-0.0006325595012435008,0.25329414590571336
380,-2.2095076885736846,3.105506005282218,0.2519801216570358,0.7720454574286045
381,0.3235464323301434,2.436665287960822,0.41951077515131563,0.7421065423812379
382,3.97042600345518,7.672754819840731,0.4023184901429606,0.32809796678648695
383,3.950214258471345,7.313518688194205,0.3883619087534689,0.2993811455786947
384,3.7383806717572456,7.049500150349744,0.37847959187716124,0.3084985323298233
385,1.8300880451480723,5.491926197711591,0.31111359964959057,0.41010127328120705
386,1.7033111872718392,4.860013272901072,0.31618369485906583,0.4915894547131288
387,1.1407385167771493,4.7564126327113385,0.373309421818205,0.5176262531506655
388,1.7219702841288902,3.5423099224848293,0.2128618994763853,0.2849899901646755
389,-0.27777549838495436,6.0297688000569325,0.21348665467648736,0.44488402438618274
390,0.007063279896496986,3.6148964527459,0.42062679993746593,0.8279897146771276
391,-0.7938208222761867,3.78926285575258,0.3777804368468954,0.7313712390808431
392,1.472107377812521,5.117384006781637,0.13942465534725584,0.12311275284473007
393,-1.6481052243294176,1.6218794153201272,-0.08498429928959553,0.13870190036874222
394,-1.018472411661568,3.357173050192095,-0.026396614151748744,0.1431721344899946
395,2.098819057206757,1.9314829393387143,0.43452545121318437,0.5554421493062792
396,-1.3786180033463935,3.7610769370911603,0.5252737556092226,1.1516773445728508
397,3.729129651593564,3.0837562733883925,0.2974979279443598,0.18090795062461926
398,2.6065851765285397,3.6684713624195595,0.2818070319103989,0.22685724338833982
399,-2.01667240020387,3.194462744953063,0.15938627569720304,0.5313309215432256
400,-0.5954036148118487,2.7218803911079714,-0.03119075984545003,0.04553908746779453
401,-0.29176255128184136,1.7615803393220073,-0.2437567727916052,-0.3305604375718293
402,2.0898049476761567,3.3115822084214046,-0.08058273578678661,-0.2639185854433864
403,-1.3765346566658958,1.5176360844219146,0.59309347342274,1.199697048702624
404,2.5943348174482743,6.735523491347819,0.47851673709957204,0.5749114283371134
405,1.4086434972207023,3.583722385634142,0.3764360978442288,0.5146391881589104
406,0.4031750292988513,2.78303991268861,0.3696242130636413,0.5705740498007853
407,0.5179588015149206,2.8287122368882227,0.35327559662553676,0.6005982004948754
408,0.9642596930324233,3.720980372960507,0.40358378978123005,0.6978041533518634
409,1.2702133043016361,7.067502888752775,0.31359241741677946,0.44381775767735687
410,1.5556965165811731,7.096543764778355,0.2890025434507074,0.4257977897678891
411,2.2819839362401453,3.1884504904068356,0.6213907806809332,0.8990605016592947
412,-0.5180764041960679,2.934609737148566,-0.019016105538114468,0.07507923191911389
413,-0.2554829790748855,3.798470380580883,0.41659766418635547,0.7965724768510409
414,1.0397207962864217,4.4335436229707685,0.6257507819079959,1.1329935203725698
415,0.6034173879992308,5.169696795641147,0.6943276584252954,1.2290843293855451
416,0.3414917091081736,3.2006720976728817,0.6823255259582703,1.170856148459313
417,-5.345345861727167,3.6046326837634064,0.24929219619113838,1.0478648701089202
418,-1.7593207723824573,3.9683247782829474,0.4770272054615889,1.2028376207570828
419,1.491707213538014,3.767902607172536,0.29621863812266247,0.3480979574244863
420,1.2286446761689722,1.6584455378228875,0.4912088721997026,0.818625017563785
421,-3.623312753385735,3.273544107588579,-0.07321080549526045,0.2525286637543536
422,-3.1614419625542736,3.675005943676535,-0.15089923730938234,0.2214105198472606
423,-3.197815341050185,3.4331360974814364,-0.12659907472464427,0.24293912083554953
424,-0.15442784654689007,1.520646782631113,0.20269795119307207,0.4409219343561388
425,1.0576942761674726,0.9585939088625139,0.059695153444040486,0.13520373063981622
426,0.8791405907713999,0.9183079290356585,0.0968061538818176,0.08705585169087944
427,0.9394078795909846,2.003423484644695,0.029931959597714282,0.04266299810606461
428,-1.9483722805371881,3.291728172647523,-0.261339522550677,-0.20701385840982198
429,-0.46371913915249546,0.5212469213613687,0.10568790666958473,0.25002882891892286
430,-4.807496946191409,0.7516769177655436,-0.1887608606463103,0.1800917775517178
431,1.7271497526059818,2.1577279981900377,-0.18309029343599093,-0.4202604194376038
432,-1.5122670943352263,1.8035706824338642,0.21000439596363812,0.6522725539530586
433,3.0698578799268743,4.22144497652651,0.6415275780875146,0.7964783767548823
434,4.156458895375044,2.3820526841852843,0.5844719236709032,0.6717035776904736
435,1.602679461786593,6.460529095920522,0.480562293405233,0.6879767349544861
436,1.16871874291944,4.806693260559814,0.4527348501639441,0.6444924127120744
437,1.1592920549614834,2.884803711326034,0.448611524452631,0.6490325472346882
438,-1.9160185659136377,2.5401407190984826,0.2534767471425476,0.6704506213920023
439,-2.3474857110509175,2.7077715314363786,0.2863243399476628,0.6569795957117157
440,0.029408940327103356,1.78653987815689,0.631792748051398,0.9458714909533456
441,0.20727699122263293,1.622381362448999,0.5112123430243292,0.9884398128719464
442,0.46867485556010047,3.568568294295448,0.5434571083899565,0.9283730289130852
443,2.226631747512366,1.8728329838956919,0.5452240369376065,0.6968198499238107
444,2.3118371319985127,2.22010558642225,0.544405643228411,0.7961306854854291
445,0.27143903346292925,2.9127959494415494,0.2723011654678075,0.4734656566338421
446,1.5715037622658645,2.20151680258754,0.442482248473633,0.6555119174427912
447,-0.32883600695324877,4.70721016626509,0.08352954756766148,0.23590705098279463
448,-1.050266056677882,1.4866695660171063,0.0892547018873618,0.36652210115261113
449,1.8538299898170179,3.7446305640535784,0.19131467717171075,0.19296810425805894
450,4.395528385767784,2.4015294787095725,0.46888633199938484,0.37708787921303194
451,3.320269514112595,5.982874992513926,0.38413373059421174,0.3365818330308333
452,1.7223982594824505,6.205396863593488,0.2836549832117287,0.387738704361869
453,0.5790696191041035,2.5946077598163004,0.569520394614534,1.0099047983199079
454,1.4056695650182713,2.4555821909881517,0.09198502528009408,0.0369378986509992
455,0.4462734448272325,2.7296287359065095,0.2958572577466458,0.5035597127402353
456,0.32713777030936664,3.39904629982604,0.21733315708020626,0.36747028028082085
457,0.6400051899449202,3.389094305941982,0.1875341248412888,0.40779296021085515
458,0.6304118910995862,3.4107385434026942,0.22053662604399635,0.3785020890947063
459,1.2978753136126309,2.395666637774397,0.3567786432596006,0.4352265434584714
460,0.67328145176373,5.723241979788139,0.4175079912831388,0.7314367035543314
461,0.10076629580826968,0.9547655739565831,-0.005253962163605705,-0.025407207930923884
462,0.9196098863442499,0.9070673694252424,0.01568152443022844,-0.0035793679485477408
463,1.0606093185383585,1.1690143671804443,0.054124063533285714,0.056766362889312715
464,-0.4877161955990909,8.215888309031872,0.3429576878327429,0.699557659823915
465,1.997836637116323,5.261590856589944,0.3029872082209724,0.32116101420280313
466,3.1364365067435274,5.299848040515829,0.28409739924627997,0.2366857765911879
467,1.1451558539462934,4.680486449368076,0.41824622996128985,0.6034308010587871
468,3.0371830792230834,1.3615908642153545,0.44319493148266786,0.5344519618398529
469,1.4479251070277745,6.282693702336444,0.2944131305785644,0.4485285149416647
470,2.3977663110698084,2.9211114639904405,0.3707600839191899,0.4151421094692801
471,1.1434503179420796,2.8398885371353866,0.25947318525369867,0.32924950670747105
472,-3.463513176134896,0.8528450944720101,-0.1622829515385062,0.08185932243045119
473,-0.7401032826092327,1.0813440153293563,-0.16967608490803318,-0.21297313645227894
474,-0.7377311952626832,0.8349089008319079,-0.21693922619825404,-0.2238276656448005
475,2.4826332372316666,0.7786014121025843,-0.01771733727125569,-0.2952853187325168
476,-3.6420355365762287,2.064522022544363,-0.2642695951257888,-0.026679559264656538
477,-2.6794937405665555,1.9666054464406757,-0.3160214882094545,-0.19032122311709454
478,-2.9835511621591797,3.821936123701758,-0.26800295682209696,-0.13092479859908385
479,-0.700183161027211,1.3281688760335446,-0.041681911667174276,0.015381028151158013
480,-0.25116449183119055,1.4807831093160784,0.25934366385427904,0.5011850628791225
481,-0.34896664841551756,3.49416001903476,0.2211431048231019,0.4604287458010901
482,-0.24503741857580535,2.9458929916157164,0.2844157986942173,0.6086962388000844
483,-0.32593958263132494,2.948340727240826,0.30945365290060617,0.5922773096179427
484,-1.5241078340219374,3.4871051419305963,-0.04291609773538818,0.13267966503221093
485,-2.7214479242326646,1.8949160139192494,-0.23073917359591656,-0.035833743454743106
486,-2.3887788563866184,1.923430979790872,-0.2109406253836163,0.026272321856708962
487,-2.692900869732096,2.0492047178266852,-0.15151510993999467,-0.005732630003388825
488,-2.478390224437837,1.8516850189071306,-0.16029583484848028,0.04245935638011012
489,-3.3623468172763378,3.8716939902171794,-0.09083668718412763,0.25433422066537575
490,-3.3813617684927753,5.552768855675871,0.0890243204999779,0.5581081850434809
491,-2.055221420408944,3.1829982446971683,0.31013187503973105,0.8134077500853294
492,-0.49711630716849387,4.765665173858499,0.1966603410663052,0.5088902087535626
493,0.774405954137111,2.2091824360644554,0.22749249418548265,0.29718853367350534
494,0.8603167370157626,2.161328473731788,0.22729344030997936,0.3258805153050067
495,0.6195494604479171,5.699498030522098,0.3634437858859832,0.6222426906152105
496,0.7769008277541785,5.944826134487326,0.4432971848552558,0.7552839170493723
497,0.4466894940234734,2.189218637157892,0.2507742083895064,0.4157725035721837
498,0.11861574210448733,4.228547542968249,0.10224957705205441,0.2156705905067684
499,-0.831734646992933,3.375890349053129,0.42635529705126457,0.9364403128728177
500,0.14172321258607654,5.000572868211269,0.2474015386832022,0.5353881120437253
501,0.5278543416050375,4.303468487399231,0.24079374255307115,0.49130006747743077
502,-0.11493076697333772,3.432899531694287,0.35520780114029055,0.661659624097854
503,1.535749853519521,3.624045572805823,0.3674319172538145,0.4943708750497026
504,-0.606026611165869,4.265973522396169,0.11342221208895502,0.36655681351099184
505,1.191548131302021,3.2782955572105825,0.20503019332048908,0.24984789925112616
506,1.0806836314658421,3.1902907516084293,0.22614501182430902,0.2790354359924381
507,2.9747432110405083,2.2961587987885883,0.23372685486334235,0.17903916839666154
508,-2.336064245539441,3.9788136936046885,0.2839742187288501,0.9093639692638759
509,2.3189188130008542,2.220850703416116,0.4231613889686137,0.5709509694067144
510,1.9522982214183917,1.8098408865303635,0.4570104146580556,0.561662531756455
511,1.8187692710248975,6.018972486158848,0.44399082464095246,0.6515973336681604
512,1.659031491871644,3.2194118078890828,0.28708391930523797,0.3420123007064773
513,0.8896070365220343,4.646875684840537,0.26943996809025245,0.4060278994093726
514,-0.4250373561646166,3.0268307968513617,0.4615159774675014,0.9886666545483873
515,-1.2738260486021822,2.8398452433168444,0.2753923888424954,0.7474056568619223
516,-1.4074677081096107,4.691876923454992,0.2277162978178104,0.6155555081015117
517,-1.5226276362396336,4.809948857185804,0.21665925922156837,0.6180128929102451
518,-1.1255484170088172,5.647887594916624,0.24820720194350865,0.6194611446523743
519,-1.0403064532786594,5.926305869177709,0.2263799786427908,0.6436358433895841
520,-1.1738608316371049,6.279833978957692,0.22927350745251496,0.6487497882389602
521,-2.473188561575444,5.893272170505998,0.31673796836949486,0.947897187498619
522,4.9413676160653,2.7926775467801583,0.4147462332405612,0.3149892926130676
523,4.836520425101628,2.6161592005484766,0.4518096962351338,0.36908300399841015
524,0.02496273722447467,7.101973856182808,0.5245904966377494,0.9713178147869417
525,0.1711194437786576,6.6467927867447365,0.5471290229304306,1.011229218442066
526,0.158818408036057,9.7128137178998,0.5100984018583847,1.001843104600353
527,0.3223919845825582,3.252141265168238,0.34847001829560065,0.6066086547192144
528,0.7087815882859329,3.2230935903624904,0.34825965466139547,0.5930036297869322
529,0.6435957466366167,4.202476610983886,0.23530433507687154,0.42643361588916
530,4.665661913073568,3.661747412133983,0.4891182931249726,0.38140670584487485
531,2.2166325974554746,8.699785469313772,0.44645502196930537,0.6349684382819152
532,5.8385460925980155,5.578520216791287,0.8276525645646978,0.8535540339415638
533,2.2012458393397965,2.067752912859162,0.7168302888075047,1.0666090090393772
534,2.5073226116224014,5.554979504299252,0.45768212896710075,0.5986603043033281
535,-1.2232652842198075,3.757728357120038,0.1434583210778844,0.45500067257498933
536,-0.8461578493895789,3.492946390832303,0.19097964593442293,0.44145894932534685
537,1.0143131706915582,4.860145887872819,0.2682049837803824,0.3566823841976651
538,1.0729681380125284,4.90331041136683,0.25807254106512045,0.3624693746685025
539,0.8223207070022861,2.4809632082861177,0.12677546925528038,0.21021873425759519
540,-0.8164673414042078,2.257746605228955,0.04273919066217769,0.15375614461953993
541,-0.6325947124251762,2.5727266632922774,-0.04243853883960156,0.07376121858866387
542,0.7015252241815018,1.3019983728144644,-0.023369737301968743,-0.011461427424776469
543,0.6355845125983115,1.3053491629144651,-0.05714724416281277,0.00937207968651855
544,-0.8837902133040292,1.415174999224923,-0.11953243733169731,-0.039840986735865454
545,0.02712895370270123,2.3683369886770396,0.11610146150022807,0.19506002560226562
546,-0.003976282418817448,2.378122143539901,0.1272734174341891,0.3444683258563987
547,-0.10744565434121371,2.9568271017496,0.15740235154333745,0.3415491168841896
548,-0.3909142678768174,4.303282425300597,0.24599825237047518,0.5855783389092949
549,-0.5676568056284983,3.432590931149292,0.16154582439426404,0.3539994513319459
550,0.310300796563204,4.262378504132865,0.25067458535087334,0.39554294102677306
551,-0.5685222881966274,3.8641559071635787,0.1612978279055303,0.4678388825069583
552,-0.6731892254626278,3.7349915478601416,0.19451123189533054,0.39921475860418315
553,0.012753939203451895,3.6828773361821963,0.3757587523709974,0.7315864498368571
554,0.3130934451020487,3.90293355667408,0.2949951883798632,0.5426948313199249
555,-0.03879475866777204,2.4366384813486155,0.20828455908824858,0.4008987537575341
556,0.24435213915890996,5.964750144415572,0.29520813712184607,0.5665643046361166
557,3.852746562569998,4.663875693049676,0.6002343922736104,0.7274517869435746
558,-0.7313404650098884,3.136966979787689,0.402910516172825,0.9482057247744854
559,1.4663737092324347,1.5174420839359672,0.5215272342385391,0.7266292168699844
560,-1.3873585781062185,3.6849480243747066,0.27161212122805456,0.7699080780081151
561,-1.0387888444486597,1.6964008702543723,0.11980083285080453,0.42102439645466355
562,1.4214165907433458,2.680645998542879,0.1593290599523013,0.25340401222625936
563,-1.343531856048358,1.6863557632922845,0.33027057172645047,0.8547238450880734
564,-1.3735349563875503,1.65876730975611,0.34507833382341496,0.849589555489882
565,-0.0444332959075524,3.080873466819525,0.20865292154262638,0.39961387208768806
566,2.153282526105296,4.069522215774028,0.24320493495238502,0.1923610342981992
567,-1.7524679027823475,1.5834909974161644,0.3888464696368169,0.8284452588502949
568,-1.5241540033941672,1.8043006468773077,0.37879512149362327,0.8038323183148738
569,2.5726607938111004,5.09844548942244,0.4605994966573512,0.5082091039766564
570,-1.3635651041381265,1.878441530774716,0.03225143328499035,0.3623742675788263
571,-1.0911936216328013,1.889900192464595,0.052404341833660224,0.26273006804927396
572,2.536704092404253,6.3738353665394625,0.5136922571429898,0.7303409814094556
573,-0.23322347541054014,2.9321150368534252,0.377973541287263,0.764338136038262
574,2.4830738461171955,2.7060774078059957,0.27782702338251797,0.22918218900325557
575,1.9012523387702658,3.677425442604058,0.4107539074026728,0.4957748226965842
576,2.091551507150535,3.615598039923835,0.3673349208628174,0.5210831623851184
577,2.269177642129875,3.7276971640323673,0.2953385674183504,0.2632736052851149
578,2.3125808032200514,3.6623266264194165,0.274071319748864,0.299467747048158
579,2.4517266375030373,4.670135281092858,0.27963689385117013,0.2954752576473784
580,1.4442236048490584,4.254439418759742,0.41885878944474386,0.7044777432204984
581,-1.6712697583595384,2.924143554766549,0.2315527961024666,0.641997477292157
582,-1.1082605775798988,4.581963011380993,0.21434845888683748,0.5171962882167984
583,2.815183334333492,2.928204927289697,0.2432472830050323,0.1732783802262756
584,3.0580663045143592,1.889471696286956,0.48039372437114897,0.5425396843431152
585,-0.6783915610118233,2.0780494552297384,0.42489658578508843,0.9048374044901041
586,0.8802135970219691,5.225510344993639,0.41314914681626086,0.6867096706388398
587,0.735170126572326,4.871987686504366,0.40256057552047575,0.6962065545967224
588,-0.330687469654146,3.3405570548196315,0.40002009177916137,0.926045262676419
589,-0.4054120830017629,7.068537464398209,0.49348460263961613,0.8933862146989451
590,-0.21938955375599783,7.699301818177619,0.48480817404976745,0.9330986205791622
591,3.8080749944720913,1.5978154017983468,0.5857553663814662,0.6810745754811138
592,3.5882377216337678,1.7456285355082823,0.6149284158532659,0.6119131072347731
593,2.411186815882533,2.002278762810257,0.2744632869240978,0.34183639042122854
594,3.1504103634946308,2.4912272588954503,0.2956644310574533,0.23802950157069455
595,1.2120232122598935,2.7432714518610175,-0.07971102881742453,-0.17671416404727788
596,-4.859823148480851,1.8685951397528062,-0.06311030782875567,0.3352713913731481
597,-6.139274738578655,1.407063885286536,-0.1662646504275516,0.45986974469569314
598,-5.498662573476144,1.8106066738240345,-0.1559679721818254,0.4247179541265217
599,-1.321755542208677,2.6953609250388246,0.17189768692116286,0.5039867149636502
600,-2.110727203966705,2.3164252952333912,0.19962041892644944,0.6522181928978279
601,-0.7465262032196631,2.1268820833017,0.0750576495005379,0.2633121376644827
602,-2.4054429284570036,3.0059082715143286,-0.04886581976502837,0.16520430453322218
603,3.2726070014468487,2.542526348005216,0.6025736162840625,0.8216143398813186
604,-1.7232107157338534,2.8108452699968853,0.15836645756269638,0.4270917889807318
605,2.3424798376598095,2.7087197570771333,0.4099068983142089,0.563476439652985
606,0.4263503746137089,4.751164500637307,0.22971750592345783,0.3496162172846499
607,3.709137536067827,1.78927528833773,0.6203353592727611,0.7837506573043773
608,0.3208486503402413,1.5043543630963254,0.46508522233599586,0.7191805668285512
609,1.224397173595034,2.722866001296953,0.23558819072526668,0.2505108809821745
610,1.16106000302869,2.8071973566844592,0.20640133879816067,0.24065255245976697
611,-0.9407897793303477,2.5634991280357453,-0.10605580617488738,-0.025993709622074965
612,-0.7724693927637606,4.227059460569065,-0.006250198249575101,0.23763160118495066
613,-0.16557072917071583,3.6950860054801606,0.09230304075814735,0.09837675901878168
614,-1.333996969473771,3.8359215233940778,0.3187759916252099,0.8106004682471395
615,3.814931905928543,4.832273851476278,0.5737058425178795,0.6167868430781459
616,0.37748914408698364,3.7766504217060812,0.5138999194399217,0.979818315922349
617,1.3640794165344061,5.052428419366473,0.5421912422897511,0.9081450524755363
618,2.470406076185826,4.57318168362352,0.26058641785757947,0.24602416823263726
619,-0.6989992670683384,3.8956201735351317,0.357462704361003,0.7871861797339696
620,-0.44793591658645127,4.740279461546199,0.3839798701590751,0.7692037168810313
621,1.065095058463261,2.9389910216675,0.27022709883274765,0.3398525898118118
622,0.8241132992065032,3.3928884039864236,0.2264934313684593,0.31236751447761996
623,-0.03940595764494002,3.62959593551054,0.11955170739054147,0.20776782316906603
624,-0.06126168993654841,3.742277104363107,-0.016624950238072433,0.019361493285113263
625,-1.9729941542354457,2.7317318926309118,0.2830920461419891,0.7803844703950771
626,-0.810483387085036,2.3055473872341965,0.3040293615320785,0.6411613627121371
627,3.3868052861808327,7.093547015799792,0.600108235718982,0.7145887882450317
628,2.13826549904956,6.045213762305996,0.4412639514592105,0.5416412227773351
629,2.4481542753173584,6.226385737829077,0.28805957302727514,0.25323140606515393
630,0.7735982306112037,4.302427081011495,0.46879796024199005,0.8588272029912611
631,0.07981939825675294,3.9042905568513366,0.4777009429731483,0.8996907880926331
632,0.7114694892860906,0.9225633553841264,0.2625278680244805,0.41451761868477127
633,-1.8935754289260778,2.1646995486242884,0.29453538852838296,0.7533786469816076
634,-0.4904047926520386,5.754183694946773,0.3435546596916872,0.684033410393444
635,0.8929219068490017,3.5595964525952954,0.38926257140173665,0.7189868908811161
636,0.04553011574642,3.144578549361273,0.5176773296282299,1.0650409557180796
637,2.360905693857822,5.016054914102472,0.22438682288037703,0.23293458528726427
638,-0.7282780535472594,1.9868712060315485,0.07649223356920569,0.3205520694208038
639,-0.9773098278390581,1.901286648138158,0.09337006158262517,0.32831096518967146
640,-0.586907841201162,1.7322381241770357,0.04186099382648063,0.15475714442031213
641,-1.3266434217187302,2.1355333291146037,0.09239852317318395,0.41427392014023934
642,-0.9907348734745546,2.1101134336928573,0.17545346154721891,0.40226120152154904
643,-1.4954871194563397,2.7189272948330574,0.18558477541567286,0.5857937830846619
644,2.244866763208023,1.4881891820028208,0.20554699405684457,0.1547971469374378
645,2.6881156568484146,2.3772130335932586,0.4988323751532157,0.5558768507166417
646,2.3468070765526514,2.799386049474745,0.3067070552542702,0.3241228328694802
647,1.6090819592268466,5.517584863974404,0.44207931622019,0.642107119097232
648,-0.19285859020676918,2.115164501234153,-0.01003539835110753,0.05605463866033611
649,2.4527305889801316,2.8007664991493013,0.7516506110377157,1.1216512643076761
650,3.083730598425031,2.6235974065855885,0.7456821320432246,1.0655870804228538
651,1.1980811659959791,1.9281053849899676,0.47848517713871447,0.6710668430654884
652,0.28780842269852663,7.198196715822892,0.3514023356991143,0.5750627995675107
653,-0.8924770024561265,2.0506460112265446,0.13575603404565664,0.4146709038311164
654,3.260693187142456,6.275693280020074,0.40576437154129613,0.46862971575656276
655,0.5375895057359297,3.2918092594328963,0.5937616187762352,1.1473264600848416
656,2.892800371346358,2.4921442981051416,0.3042373276565549,0.3128405121361833
657,-0.07904920668757937,2.2055439215603334,0.16372851766549995,0.272846567527078
658,0.38356452766579857,2.1311318168149813,0.09930433552963736,0.31809412817843835
659,0.2554096917481731,2.20837067834861,0.13417692843218124,0.2637650309445506
660,-1.3867424365994392,2.1816169626180373,0.1514460711400929,0.4120020296994236
661,1.0398808401804143,2.057249606271628,0.3305695321139594,0.5724377597980603
662,1.2453223487882326,3.1974273352632125,0.559155149621812,0.8606641316964331
663,4.4337535841925915,2.8956709136454566,0.5094358068637852,0.40337232015607993
664,0.5186714861102318,1.5948020752459249,0.2454863010641814,0.4070745647931077
665,-1.2397464625953931,5.018032213221857,0.11987112630749543,0.40066250772943923
666,-1.068010512835566,4.430659717917927,0.11692689951402248,0.43045724773990524
667,-2.3060771117844676,4.867158711750938,0.2974750965414866,0.8047001206306139
668,2.7024523548742367,3.162092851806958,0.26722332030011253,0.17072343731508335
669,1.6667979722692725,1.8765430814429913,0.2026839494144487,0.17334971150723197
670,2.0720400847969596,1.711079656322977,0.16715341384571647,0.1357060408669717
671,1.11273307895548,1.7698763677438711,0.19476484416990053,0.2528197397350298
672,0.8846493201976807,5.9248529365633305,0.4399736738542256,0.7378133752944517
673,2.3133418664465077,3.8003334623064884,0.3993923091222107,0.5032292796186908
674,-2.717026500615781,3.5619384265344185,0.15286346625542496,0.5970303143605192
675,0.606164822662462,3.939818691650446,0.5417748111991711,0.9121760533169084
676,3.8108163840480316,4.9485947346782115,0.7940541990973828,0.9726871252349272
677,4.046392203054139,4.952693590133178,0.7730602265756592,1.0110681497219522
678,-1.4665752305639612,4.022479577811171,-0.01021772905984287,0.20099791008801893
679,-1.456157131540087,4.076777073607924,-0.027487048067925592,0.21843427761651982
680,1.6595729606690237,1.427500428161503,0.23973809310012975,0.22119188540460408
681,-0.11532110545231077,6.104636130825683,0.13347869757174907,0.32870237610537867
682,4.357441973264031,4.016592997634451,0.5287811706291057,0.4661845072952325
683,1.3751817493403178,4.364646726618247,0.4706187243422133,0.7689796649560643
684,1.3110284902878753,1.8335051429407723,0.22904542579500128,0.2999597392810548
685,-2.985110824937291,4.517702114694417,0.02303532948125399,0.3561148420303702
686,-2.599435338794232,4.633415377649007,-0.010745611098096384,0.41943609784361696
687,3.5373952950958185,2.8015126014369067,0.3316794811830992,0.22556077494528987
688,2.5163362750459726,2.630903814772433,0.15721422315025435,-0.016735574433202796
689,-2.6281589872204556,4.500506269187616,0.5038869521333984,1.2643402445963268
690,-2.5747374121404785,4.119504437571775,0.38062019408706965,1.1106698958537677
691,-1.876104280065602,3.3811586281631185,0.2249858150107444,0.6713243954615212
692,0.8853931628083584,2.4681780418546873,-0.0200794892071714,-0.11064006482167528
693,0.7953305161139761,4.831580563129983,0.6507079707672782,1.0984455208939181
694,-1.2509565885888967,1.7213863687070476,0.36831505471414394,0.9282123508651265
695,-0.7756246409639621,1.30917456209706,0.32731280234098675,0.6270077742261257
696,-0.17116321607818438,3.165876100628048,-0.16007729600108375,-0.26852491237403425
697,0.16014593208832015,3.0768750199853665,-0.17161279604920446,-0.23875264783229486
698,-0.3993877182449764,1.3237184897177106,0.28818271903887804,0.6807157962323604
699,4.105856395444009,2.926461934614643,0.6796463458389879,0.7211673486015098
700,-2.230545427367441,4.722095991595452,0.43921150267968795,1.200387097001046
701,-2.214974572670425,4.710177480284827,0.4607091235562354,1.2152020391086464
702,-2.0999340560648547,5.101529271912025,0.4910419810503851,1.2141234599130624
703,1.7692492224772298,3.651141174261083,0.2214265720799567,0.23305645145272638
704,1.9132521439687622,5.686969226674671,0.47338007552838907,0.6740134335990365
705,-0.04118481757494638,8.020890399030867,0.2838613129815222,0.6025046304436918
706,-0.20210742213711946,7.021350510179682,0.4016682312169244,0.7264566878956872
707,0.8212134549716426,1.4245175797949243,-0.048654935171720405,-0.05065985754872473
708,-0.735699108296623,1.8576237182371793,0.11774011974384017,0.4381329639798961
709,0.5803957241351443,4.282943898024769,0.44024047017915835,0.7029428471801555
710,0.5050486352705799,1.0392574879462755,0.10472504893339181,0.20569797567175896
711,0.10846571369893154,1.4482813533340537,0.07167820836834946,0.19801834243327737
712,-0.11681499982870666,4.713695858366608,0.032609387524496526,0.07221166290262433
713,-1.1000849931162289,2.893870617944069,0.04510658735331948,0.1945493852493736
714,1.1396028781365626,3.930806412892032,0.2350628899663489,0.27539077870767004
715,3.252188808474905,2.162680858639688,0.5115970354715433,0.6033505142761726
716,1.4226624863044923,3.6434969614889017,0.5060706106515723,0.7734778686131281
717,1.3020160725108927,2.468945216650876,0.3920047374945783,0.6739960792752169
718,0.5882736678773131,2.0369419019091515,0.46970512013762106,0.7179564260897214
719,1.1307898138316828,3.573721301741256,0.05777594707908047,0.08135831400203371
720,1.0091434457495057,2.419075581226852,0.43099076920806956,0.7585823541310024
721,4.11063118073174,4.643618485270737,0.5633415741103684,0.5923767284283422
722,3.0099631751466376,5.751398256199833,0.7959394939894902,1.1486567538211825
723,3.4939742286402247,6.333192859095235,0.7968685849797295,1.1651748314955301
724,0.09764951986007715,1.7348840471988065,-0.047783063561486434,-0.0462139497366062
725,-1.7316380204401354,1.0906141227678594,-0.23229370061241628,-0.13165534547764093
726,-0.2391987300380018,1.226781030773999,0.2443977430054429,0.4591499000107344
727,0.25287684147672684,6.204288929222539,0.1285522891073383,0.2879949160116675
728,-0.851000478195072,2.9397481189224157,0.026168449754217844,0.19774523208392233
729,-0.3665942717190281,3.1468469181298637,0.16934008130125575,0.40711507526170165
730,0.15633566990080186,5.888362346165265,0.0651603693668939,0.17107177950182587
731,0.4156953472449385,5.2335004887418215,0.15446075356732475,0.29317704584843535
732,2.4399770430289203,3.0540266460751995,0.6655213309747187,0.8658120072718071
733,2.6166267760664206,2.9751447259991637,0.6387350027662206,0.9068557478181328
734,2.910061730925565,7.0569352736717805,0.26489750241454746,0.20552629042931592
735,4.273172572691815,3.0944951962275087,0.44546133324369785,0.3218957114680451
736,3.3371597693065493,4.033813441848461,0.40920906575248056,0.34612781060894077
737,3.2705155967634263,3.8186558387722873,0.4134934802584891,0.3518091242222462
738,-1.3798517806268347,3.8327161673169683,0.39521882006963566,0.8655026099645898
739,-3.2748135011735933,5.719799480600743,0.1920464069440942,0.8438740261049454
740,5.1463001383133,1.5937519674245448,0.4966220770908608,0.28067555142542217
741,3.8958095817989062,1.714532250911218,0.13497684814355537,-0.17584837816693943
742,2.0587980513455677,2.999288526555981,0.09369552237939748,0.018100533417014796
743,-1.2098526541259238,4.635396919007588,0.404233101503376,0.9652189688614238
744,-0.4353277672302452,2.876423989504786,0.32560325085262976,0.6637155791472841
745,1.710215614988371,1.7871572480996014,0.3684760769803031,0.4620663646260824
746,-0.6236736662532962,4.45642536418536,0.1454066083897728,0.44021077582543267
747,-0.2625580700115249,3.8042703724304596,0.16003001053115645,0.36024364556452093
748,-0.38865768203979323,2.555779904764337,0.19852097340369196,0.4393341805379192
749,-2.8792083373904487,3.731815072577125,0.2247462555422987,0.811853094705951
750,-1.8830070506868175,5.13299767240888,0.3114806332703391,0.8334667505507102
751,2.7961641590302335,5.193169383627783,0.553261907816496,0.6778672146699068
752,2.7426715215691573,5.019811770873601,0.5205946707103644,0.7210869000995941
753,0.5012053499802671,1.4972560361761549,0.3725021591993352,0.6416554903052646
754,-1.041608730040563,2.1069958978000853,0.11811240079231095,0.23516616708175964
755,-0.676137935597189,2.0398902580710225,0.08923238787385399,0.3173411024313055
756,-1.0826138435060584,1.463115666854482,0.011428768282840467,0.2123543414927804
757,1.3474976325534598,6.877404747420646,0.5413540206633842,0.934309196117939
758,-1.0887561706551037,3.251187136253209,0.4059535040605859,0.944955830882364
759,-1.6387572818580467,2.238144017570281,0.27411834886551106,0.7428361392957598
760,2.824584757892873,5.429292518245162,0.6355159892542009,0.8507157239658152
761,3.9658963618838223,4.923150903797678,0.7997183614926414,1.043838062123106
762,3.990270137011157,3.935000820919045,0.768463016127348,1.0017067002257498
763,2.5670833259114203,7.072327147021215,0.596153942081326,0.8575348609100735
764,2.074263702044853,9.389798991181669,0.46335236979414673,0.6551925239440054
765,1.9166320257863065,6.638870599952681,0.376128571328033,0.5190460488363504
766,0.4066208947452091,4.727978582533056,0.30973851944149494,0.5637437841030021
767,0.3311185173222507,4.540338523446077,0.30685091368220685,0.5632823670508138
768,0.16325545767858185,4.447520267226559,0.2942875198004026,0.5574385383023936
769,0.07887639626957597,3.9457295304141065,0.25733062284604724,0.49995441092169335
770,0.23113698597714202,2.339327351800024,0.28611721231654647,0.5128672533622722
771,2.9387680965120917,2.5094722673375705,0.12072821322054372,-0.05932154300407193
772,-0.4966678761804103,4.846236768670412,0.5305188494986842,1.105573718607841
773,-2.782236693171723,3.1851032413856357,0.5598097779457651,1.444305029610151
774,4.140243859831029,3.3480125416453452,0.655439157209344,0.7677656238902321
775,2.5934083919502067,2.4308888737071146,0.5400992636534961,0.5808063549347654
776,0.41309379998711576,6.422060705803509,0.22418743633316984,0.45781722991981155
777,1.3353155771615117,3.6227999068634524,0.3518626367693646,0.6166863119654044
778,-0.6847708406498383,2.1116762549051975,0.40655810603696746,0.7481275794030983
779,2.9832745924173847,5.462836983756781,0.47220261452327766,0.49907618610552407
780,-1.6782672373706835,3.0049148549805724,0.11409549100391639,0.39276960072544653
781,-1.6295111457633198,3.0307994162969245,0.08161674047303351,0.4109483149238721
782,0.5836470091955744,4.347787895103641,0.2172850036412643,0.3568848038779723
783,-0.037000709792710786,2.4546728862799503,0.022726269910104097,0.07395099755044186
784,-1.5239554284234411,4.366598904099462,0.15525157197803574,0.4875431129835686
785,1.7776641466602001,3.6167690687734884,0.34675037522705304,0.4485646730352084
786,-1.96731018476636,3.5571892875106688,0.1432675443073308,0.5243647027977304
787,-0.349366167237827,2.8696394182057423,0.18502389422102644,0.4170451044575824
788,-0.8462715811587908,2.7978613246169637,0.16883538468318565,0.40892957543146047
789,1.7674544446035259,3.436767661103898,0.18045050849606628,0.22164483245005842
790,1.540450464453906,2.6548978747430305,0.37735467573185116,0.49568618455769325
791,-1.0435468552353284,0.7231896003388683,0.10574920507204326,0.3462519933489709
792,-1.1873517179371604,1.8692393928686606,-0.01787128205420024,0.12319424543378563
793,0.1819365252011866,4.380407125723361,0.07415337108963768,0.14579546479508593
794,-2.7264653479721352,1.4508551504025393,0.050419851430431525,0.3868093311764475
795,-2.5303246758814466,1.5024146168996801,0.04183695988689587,0.3941463284115777
796,-0.6521174728128947,1.476962403348226,0.12975740852980128,0.3227982396795306
797,0.19521145551329863,1.7557678175753326,0.02777666833585191,0.04961470364571818
798,-2.001130378058661,4.6036432806509175,0.18254710194912926,0.6209849696745943
799,-0.7405483514410147,1.9436220761963603,-0.0664319437687773,-0.021881679865069847
800,4.9932073512341955,2.5029036750720826,0.26075665566310524,-0.016223296622900785
801,4.64041423158029,2.7628892855641523,0.3340143516852398,0.15350758073953516
802,3.9730853011149603,2.7592396987895262,0.19543104679351278,-0.04924628939852937
803,2.4772905474672586,2.3426506801182243,0.42987912339092477,0.5366082101713862
804,-2.855617525175788,0.8411559822225823,-0.034000249087702834,0.1563376323922228
805,0.4250052372546864,7.987961748547813,0.4015142610941304,0.6868109087858298
806,0.38439673717815204,9.936784925993468,0.361406379623098,0.6438117939194832
807,0.7879375894346572,4.437000524042277,0.19326124479505954,0.28564654302338666
808,0.13430966738222516,4.015939389851448,0.23794277717938914,0.3750537163454559
809,-3.0149664633529265,1.9163082132174838,-0.15734518856791438,0.026112444830380124
810,-0.5875784046319384,1.3083612766380657,0.08985355205740854,0.21313156727916607
811,0.8305026711561025,6.175568485095884,0.1564603442777138,0.25491250345525995
812,1.4656328263673957,4.399365710235946,0.1589804097521484,0.14771320859016973
813,0.8514305473082027,6.86522387662921,0.4500884811663559,0.7338806329311378
814,-2.6671658319376617,1.2271063023247955,0.0024856039403955265,0.28953258552897493
815,1.688549933140598,2.42635138263045,0.11096808104134415,0.0020514392198491774
816,-1.5850259929079118,3.372016115458193,0.1499105876625872,0.41235362241128753
817,0.1647736929548375,3.4659635774518787,0.2421995441101197,0.3558884623223934
818,-1.3960717485418712,6.383573122030881,0.29383350789840806,0.8128390682782336
819,-2.4582052007342745,2.193041502030377,0.16861474405719812,0.5532901101015814
820,0.0504418727508097,2.125850891365801,-0.014459886772522607,0.039066823300723225
821,1.5889843474904117,3.2219622765242457,0.040904443072517935,-0.03341299154329921
822,-0.11473583449147082,2.184786898649051,0.23807335582465125,0.45040870774942576
823,-0.8639755177449085,1.5086403997872204,0.2691008610857976,0.5580055586746515
824,-1.8792261993053279,0.9375044168701272,0.47253985322265857,0.9180861169822744
825,-0.5686094039185613,0.736013643908392,0.4118071542674416,0.8136134767303967
826,1.0951745250347573,5.916014947259723,0.028522187225070696,-0.0033867997172992207
827,0.40884381779726187,5.423456490052641,0.05980453301377009,0.08726308573577593
828,-1.4072614072276044,3.5713385595755915,0.5899733402990991,1.3483280565219653
829,1.303601901918216,1.8442790636607225,0.17979100221955027,0.27640980851124886
830,-1.9635820257952818,3.210753351371321,-0.051703179715003524,0.21384094345752
831,1.4231925606523559,3.3898310111867755,0.35932750084391396,0.5128956540518241
832,2.2627573414427027,1.9286397299023104,0.39745257829146374,0.47884967364774594
833,1.2598016917687498,3.352165861662742,0.2809471862831635,0.4243303543617077
834,0.8937776397443523,2.763938847962165,0.35209456925057886,0.5962074188479
835,-0.5148309695370724,3.5742323539617997,0.33852366472344925,0.7144604733641876
836,-0.19018887518834815,5.115375301312133,0.378539048330559,0.6926647271544616
837,0.8280569586954308,3.6391027231394775,0.3791945627650227,0.6409776283994809
838,-0.6738346366734895,3.507231810662172,0.15589114435649898,0.34054389423858167
839,-1.014358768233027,3.3678887319657123,0.09527342257405491,0.4066583750920201
840,-1.51926081666129,3.2923566139901745,0.13247246778431782,0.36630157105301125
841,1.462509816222983,3.7643636756338177,0.2503930516191212,0.3570936658571944
842,0.9696680360453817,2.1661790656185866,0.15217927569750497,0.16832660419188442
843,-0.40472730431767145,3.149572905375719,0.4977057443613727,1.0378238960352397
844,2.699959087017512,3.3122768474032003,0.7799509740896258,1.1913414089268648
845,2.6290602292005074,3.844326622777367,0.8564393272232259,1.2504043260761177
846,1.764200266752575,4.645978239238682,0.2767348125904342,0.29796107523386134
847,-0.7068416694049903,5.0819285495870865,0.32479638887972256,0.6240166372101579
848,-0.4174099888505346,6.632795554794404,0.30710129501451716,0.6079468774410188
849,1.9893592552707653,2.309221127852816,0.45064403240323,0.6496162206132471
850,-1.23151248074739,5.922646543298524,0.2201681802416607,0.5363557469762257
851,-1.8905693833384436,1.785231185898751,0.28822324627449547,0.6207516389046499
852,-1.013945042386576,1.979167187624098,0.29591367636243154,0.7862990896725911
853,3.700251308213704,1.7363499958356838,0.31868907909966504,0.19264164846125925
854,3.7397593864738754,10.175684736779699,0.6331897484716958,0.7748185831210992
855,1.1077623008032957,4.440169561418203,0.6468844520325867,1.1709422597748078
856,1.3162862796313115,2.937156862270169,0.10998170646961267,0.05912929683347938
857,0.8199042188464991,1.447730644565439,0.2568184041388605,0.32846122021032265
858,-1.197623580689481,3.7619838194042106,-0.040752669232328356,0.08454840335484647
859,1.4446389794822914,3.7318054971796086,0.6190219847792696,0.9927997846572961
860,0.8984056207460503,3.6456065100330948,0.6506776662036942,1.1644354689468956
861,0.8984056207460503,3.6456065100330948,0.6506776662036942,1.1644354689468956
862,0.7980164805831117,3.9149965540970117,0.6030294538002238,1.0461401965756862
863,0.08112371417676913,2.8584300191861574,0.357857904599739,0.6785932730916558
864,0.11962555116657689,2.9804295564318646,0.3477112084583263,0.6789384112933414
865,0.5694849331046543,3.3207503337473745,0.31469710886817803,0.516858482408214
866,1.3762925140874718,4.441523285748764,0.39359104832989417,0.6440967105454096
867,0.9397729240835342,3.5722712323808152,0.16400260746744477,0.25405847908229245
868,0.7054797973841518,3.5393438091763154,0.175389087007056,0.2652536492104501
869,-1.3298066996316695,3.597258515473938,0.3728528768961989,0.8527615734981041
870,-2.542989579258231,1.9285145451481682,0.037828272354833596,0.43264880943629974
871,-1.939560669796379,2.3357135771486717,-0.012483615557328694,0.1977425156643536
872,-0.3144401777981477,1.456501596531009,-0.1894570570583512,-0.1671539670525
873,-1.2319509757665885,3.44228434547606,0.15432177619264092,0.4422501710329977
874,-0.23816032373489637,0.9086101054085395,0.019125354614610082,0.05598358211589261
875,0.5679135459980826,4.712839099879561,0.04333695359091057,0.06295341278491777
876,0.33372077875819905,4.520044698983999,0.03401581540640668,0.07566329653164874
877,-0.48790519983311487,7.720905055097282,0.30567098860223196,0.6508897792189975
878,-0.5496932956514061,2.1479584814475774,0.21685562789898538,0.5529148893326162
879,-0.5523674162840357,4.271899549228867,0.21888097667533538,0.3730250093372624
880,0.6838284672997962,3.1433771147281644,0.14302434334646538,0.23038584956103092
881,0.4482326155709761,2.91049529111933,0.1254529351437804,0.16260237383863432
882,-0.9140409777817879,1.589096766247948,0.1270434463109461,0.30227555507606957
883,0.8477828576055871,1.5316430388351048,0.12980093775158807,0.21253197498006407
884,0.6390334416713033,1.6981318056337558,0.15795913106951012,0.20964316841419506
885,0.9131839643519164,4.779907243469307,0.46812989941598915,0.8255055540701717
886,-1.4743187835073037,3.1322544967883417,0.29025324293190696,0.7649276895420419
887,-1.2326583465880891,3.284873271254525,0.25942119567546584,0.7439985782981214
888,-0.22183998743675967,5.026492158850332,0.3724898460950168,0.7976520087696665
889,-0.31884353393558706,2.444396186545513,0.029913884825118548,0.17810728809070547
890,-1.390734841420054,2.2302276695010304,0.21847849581237627,0.5458538576790555
891,-1.1605816300637237,2.4896286216458616,0.19140769431514185,0.5094294934647815
892,-0.5920409200537408,2.8400071242861387,0.177344392900324,0.43081498173150085
893,1.0046504857533567,2.76071779428608,0.1614555869355594,0.21415559280205748
894,1.119327533990399,2.7896519799012283,0.18817045820378858,0.24307608342824016
895,1.106541762735769,2.138961492817285,0.1482677850057852,0.23080854766501954
896,0.4206809935492496,4.305478350304461,0.09691367232244695,0.21219705986320014
897,0.2684932230844232,4.243834588426797,0.09923489743586013,0.16884238849841723
898,2.71188110965132,2.5617756998504535,0.49543732063895307,0.6038303883925458
899,1.8266485304769795,2.5691277761021816,0.20631167227480246,0.21598329407881833
900,1.7964147023218306,2.499977121840789,0.45042939736584375,0.6532886073626388
901,2.5056505129844178,1.7400371366058272,0.06440195136371316,-0.16842053643786076
902,-2.37387671393901,2.7269869290670754,0.3049960243298391,0.8315608948676922
903,-1.1971692335886825,1.413743372478419,0.2606513183948737,0.7419457279836749
904,0.3201548318433235,2.076422852534413,0.3806099659058998,0.7355343045178753
905,0.31751757079299503,2.0693654758658893,0.3742842549140642,0.749126303717191
906,-0.08543537964604037,3.7333845737242086,0.040617262742620786,0.08650134611698503
907,0.7312309984653249,1.014363574953678,0.2953808623150365,0.3729712104168206
908,0.6354051842060394,1.013748471089014,0.26234172180302134,0.39788221655658046
909,-0.8174296661280371,4.544482666112161,0.49546743717735836,1.0655382483834759
910,-0.295638286650293,3.8822758493427143,0.5329299336709103,1.0630650984760703
911,1.5177221552917786,3.2405599779552547,0.5544385361904962,0.8544011046228825
912,1.8589640432311338,5.8257435026451985,0.31432978487020513,0.3839596874883005
913,0.32245871080108535,5.220674926284363,0.3900492816846212,0.7177571133147318
914,-2.9603384892405957,2.43989975925785,-0.004692199102416648,0.35681487779263577
915,1.2699331743447277,1.8415339789692773,0.15024680015222194,0.18146977567954695
916,-0.31155553230066374,3.306305924248864,0.5585352831350803,1.162557602825729
917,0.1255868167196153,4.264637260477154,0.6562856421644008,1.193658507666552
918,-0.7284310031918049,5.910351195737795,0.3181372993711839,0.6511630188375851
919,-0.7994369428383771,4.843008017173129,0.23945691722137402,0.5115404594795201
920,2.3234726138761004,1.5245817606523946,0.13813087304318222,-0.04133828043268889
921,2.145292584835376,1.4587529143648443,0.10415115217749396,-0.08675951885038995
922,-1.9739973317111026,2.720611007303914,0.3457283893444062,0.909423346491901
923,2.043866061906582,3.6753819821914897,0.2789046269618904,0.32986784091595633
924,1.326776351148744,3.0301087757371183,0.5044473106051907,0.7738854768098394
925,1.2988949307781683,2.99935208354219,0.5317907008691901,0.7647927461146011
926,2.27064073208467,2.759924704623207,0.4940015400926139,0.747054762150511
927,2.8573535964182444,4.985311027164425,0.7224650018099864,0.9639561692012794
928,2.1412083767804164,6.947986345027371,0.6799078900022777,1.0230842158038687
929,3.405108106783838,3.7507908904859444,0.4367902271396075,0.4684778352216027
930,1.1279166668840641,4.472992700065625,0.37068376381628443,0.6244247286058375
931,0.964804939122899,4.453331947091541,0.3915931617642364,0.5923079040218242
932,0.7285971957698857,3.5233077914120763,0.3808839653721942,0.6092341177943014
933,0.6840884473898678,3.118890263434913,0.09832700116385007,0.11700283259430047
934,-3.07119349519813,3.3352520613349865,0.4108385957013555,1.2064611774288088
935,3.0496248812276687,5.4059613743106505,0.664028950095937,0.8514458753389841
936,3.065499558951257,5.478756227010753,0.5080862194958343,0.6056419705545766
937,2.0957462100829622,4.3222181506924375,0.5198993859261754,0.7592674852052964
938,0.6297380663510848,4.555637445723823,0.3946125834997012,0.6935762927153337
939,-0.16169584211784527,5.105841959221272,0.46503795305033757,0.91014527672372
940,-1.6394702803845589,1.6457249659783606,0.11275683626795811,0.39432501254778873
941,-2.2260055297583885,1.6635693490315229,0.10218793147484909,0.4419143530523899
942,-2.280666993762791,1.6506867708347082,0.10537870356999249,0.4296278803519196
943,-1.469546712761691,2.474713658756855,-0.11383884756945911,-0.02384661802343334
944,-1.9153990362935336,2.524926548284426,-0.19162719888288646,0.06018403688672836
945,-0.19365981033508967,2.3557837007941957,-0.0751535921445626,0.07443151881217612
946,2.0776171317390935,2.266294012350828,0.2769877136140222,0.4319545752020557
947,2.3941799863469737,2.4375524384955782,0.4924923798397995,0.5183268098562559
948,-0.38898388254356847,4.95920398331203,0.1773296469363346,0.4364188737786462
949,2.7796572109762354,6.942025712984989,0.46653870026511396,0.5950103968337481
950,1.07322056771049,8.269248260639404,0.4148086215745584,0.6525047462843184
951,-1.704875871811443,1.776891712102758,0.3212039993260591,0.7585972755709427
952,0.7218048332915684,1.961718186407743,0.3132855814001907,0.5839137360226864
953,0.8626400998975824,5.594286735806879,0.33900678022908315,0.515046462674351
954,2.3459526583078816,4.811851303778719,0.5272294764536587,0.7876081626804988
955,2.27934948259369,4.717812588529697,0.5393782041453974,0.8136636466606137
956,-0.9357937009014241,4.394086704277661,0.2299242621080945,0.4986907358356971
957,-0.2611196374387222,3.333588318148807,0.24881312253190158,0.4121798339857086
958,-1.4818515285765748,3.487872078044925,-0.12580977067413981,0.0588094206451378
959,-3.9356141763754655,2.252837192856735,-0.06146302736812891,0.47399466783446503
960,1.0434321266919482,2.2501225397116715,0.6746069801788014,1.1608411929747546
961,2.661762183125172,4.044277712509562,0.5073673180875707,0.6279094351537652
962,2.304803183083148,4.135956732475991,0.4221316720350759,0.5476359591607468
963,-1.2764334064709788,1.8475255914732938,0.12888493073537047,0.40111237434812635
964,-1.5660217994584134,1.8498202496435145,0.16078474508627832,0.4743028676753642
965,-1.4592235756129974,2.01558112301751,0.12583369988243406,0.433485475478513
966,-1.7007391690052744,2.049083377746408,0.14090308305646224,0.3740992378916534
967,1.035013096856974,2.408909082617693,0.25050474909234904,0.2970023753749742
968,2.1361292461864263,4.510663423234669,0.45801557578694646,0.624595273043564
969,1.7443641320533498,4.950308711750334,0.4045745374129206,0.587282201048805
970,2.26076481351481,7.145304647862971,0.4010972826497144,0.43302595356299634
971,1.6427436855733109,3.6702183633986936,0.5267489512464936,0.8018194648058308
972,0.29185444126087795,3.5797708750094586,0.5385706907699294,1.0260387972913612
973,2.4115142951464392,5.166871058835986,0.2136312870166106,0.19976895137381512
974,0.10616118441203146,6.44348737121634,0.39287634156631407,0.786954025039443
975,0.09670247637992473,4.703862669001034,0.46940158033422863,0.8707401435548596
976,0.2786482022224092,4.723572124956993,0.4255380056595623,0.7813738016539645
977,0.30503106926084744,4.664777742959426,0.1401927052243656,0.2646919474979553
978,0.04095016995834158,3.359284980149964,0.06109122058940777,0.10098556896857187
979,1.225531665442344,0.886827917861617,0.1922940934858824,0.2437306786689886
980,0.7512309463321243,1.9035451874188007,-0.11691586105721388,-0.15345083306756122
981,1.1512372647471538,1.5109872995556826,0.05561339847511949,-0.06066857164482852
982,-0.23637043886414325,2.2323403573817764,0.26399714291940307,0.5801731166072474
983,-0.5364471776700924,2.496220220803172,0.2192632115644619,0.43498636139108754
984,1.2896417309237305,4.964326188246041,0.6467809659106858,1.0366071896018092
985,0.7998105574175111,4.557483824746754,0.6677075396912129,1.1660067963122833
986,2.4331151753470985,3.9987490059661113,0.6257860782838788,0.9060058976996439
987,2.582534193183991,4.070693395318726,0.6930403329555863,0.9090035464543951
988,-2.1133912717364853,4.128531990157168,0.0445742409187774,0.34304452416593956
989,1.7286817779652544,3.074811937910308,0.32296709582104294,0.36833014091178456
990,0.1727843411129724,1.7590695986466083,0.27260865884013386,0.4199721532805571
991,3.137420181434601,7.02127548171855,0.6985087089661441,1.0436763161781517
992,6.0035010232783454,3.4172752593172513,0.8292864817561099,0.7833376087630564
993,1.3999878694240249,6.758934747991276,0.49377042038777397,0.7665674236505965
994,0.29892015723375376,2.317886511881697,0.1490309909329432,0.2492127608155148
995,-0.20867379216997212,2.378188425810773,0.14907681037887865,0.3293856992378968
996,0.8359837329770881,3.0043584918107338,0.21708218276035207,0.35792913763527784
997,-0.0684075792829576,3.466037999330124,0.13836110325067189,0.2587383416856587
998,-2.3982839176071034,6.394506451513164,0.21546883663004887,0.7625889240719254
999,2.916723931018092,2.4691966242353636,0.31399225198775027,0.30820318704803856
1000,-0.9859316786745205,4.574264398107208,0.22949313300038118,0.6283309748276602
1001,2.6482307591800196,3.420823994088953,0.4167597796053017,0.46753538149497087
1002,1.8967118067215456,7.19500246853214,0.4940958933902551,0.7491965845925642
1003,0.4992085381256865,2.0598379563550027,0.04566500303226103,0.0011185858896699792
1004,-1.5296530622220794,1.348982193930392,-0.06164022552688309,0.04883580505926767
1005,2.617142151089743,4.109092220994616,0.5059203450464347,0.613884729262899
1006,-1.0931231258148468,2.6168692285635538,0.1529345003613683,0.4764345757733613
1007,-0.19065327536046603,1.4245799625051316,0.25627128427110424,0.49869241656685037
1008,1.6351859020890294,2.6546325199938803,0.7609904969882951,1.2497052312000794
1009,1.5594279953424344,2.3562270300701567,0.80004123456046,1.33148240764249
1010,-3.023032175490827,3.490613026221128,-0.1264464006619248,0.15478472724876802
1011,-3.324688545040374,3.4082344166225425,-0.15336053196051072,0.14630156889072454
1012,-0.8522983369893806,2.2507823991970763,-0.07871305022541118,-0.04960928299784481
1013,0.2653210480680047,2.183331886478812,-0.017626497434094775,0.004790867609537593
1014,-2.4198508476521723,4.887539668261714,0.18374360060893716,0.7331806493774273
1015,-0.266071302428705,3.698750833017697,0.2759095735256399,0.5265360397251972
1016,0.7226526355566371,5.602415112209947,0.2515758522537688,0.44873696183049583
1017,-0.20051582983547644,7.663949172950247,0.17351304408425586,0.4350873272518636
1018,0.4926061271841961,1.369026914041657,0.3429113343709278,0.5203105219754047
1019,-1.4794897610016788,1.4721321408510863,0.20121557971200932,0.48702967743873626
1020,2.7891106734047573,5.603493957054837,0.3569294661024528,0.35027316563072736
1021,0.8758979814220728,1.8971114101223814,0.3771301533260528,0.6637451639768355
1022,0.5117072807972622,2.0818049133014958,0.4308637960957024,0.6710368865932369
1023,2.831163720374861,4.016163214760247,0.614850307479135,0.9599705419203926
1024,3.1586722904494042,7.91849379181987,0.4887485736972819,0.6186086556156046
1025,0.8227527033113331,4.306789630143315,0.5878505789357859,1.0090714978836421
1026,1.827835237851965,4.021905369754565,0.23517957972189635,0.28668098843191797
1027,1.7372887757732145,3.7174242000492064,0.45470007604717444,0.6877990345788781
1028,0.33066694132685154,6.271218521568218,0.4203604893573922,0.7516007092699923
1029,1.089164356804206,6.5361484459918,0.42059623066162033,0.683657238482063
1030,0.19535027664668161,7.364897561722675,0.49448145276635314,0.9170945092133146
1031,1.8392744074888143,6.655907111119817,0.4021953721568311,0.5363150899690127
1032,1.5206696683744618,5.176002472086432,0.37729414527879995,0.5745447971019793
1033,2.9314499405285117,2.597358487419358,0.33530563532282975,0.2525019281097077
1034,4.518100835993425,3.3651120964372385,0.4687030449794946,0.3617244204337548
1035,4.932805924092895,3.533126120363509,0.56048741239914,0.47853012266110706
1036,2.5367057428654967,6.0555816909727485,0.3925189735835934,0.5590154352106579
1037,2.509882985095208,6.146852962147586,0.43725108469355745,0.4527248130071942
1038,0.28327873455151636,1.2950494513871045,0.10363785880896727,0.08090615860639278
1039,0.6208783371451181,1.5884223447637338,0.046939978737996504,0.09628053311617116
1040,0.9102637823872421,1.962657010771371,0.0871979559350455,0.09735448403503201
1041,0.8257840730686852,1.9737095274655927,0.11040863087221238,0.07608793293001608
1042,1.0280298967631603,6.055434357946425,0.5269223731345201,0.9934967873610876
1043,0.8663136052754687,5.631216737665389,0.5735754124399747,0.907896144882242
1044,-0.4379321120136862,4.053227107053304,0.35075261565731064,0.7481843286886369
1045,0.14072101475755935,3.098097042965731,0.18679242142354452,0.36581796572183295
1046,0.19956486675570678,3.0510461464554126,0.22408063766181743,0.35614483542999315
1047,0.030735028653784385,2.8173758640940942,0.2099478579336763,0.453658060432938
1048,-0.9038742802035841,2.410174004321642,0.09900024723321169,0.24543076178772597
1049,1.2601567060419034,4.085291793671347,0.1877083767328385,0.2920056205333312
1050,0.04002192826812779,2.8468795416747943,-0.0067108586478038,0.055287221709904
1051,-1.0399841607451354,3.1805895027542723,0.2291425948187815,0.5015323368200958
1052,-1.0421360887009288,3.0815707753586032,0.22438645619143688,0.4669393672372601
1053,1.1928612389629225,2.424113487962678,0.11690732029503155,0.08364167184806874
1054,-1.4080420160882452,1.920798371803466,0.00652231025604493,0.2432817036750258
1055,0.5143544764946896,3.424623833669881,0.08149009764882294,0.09133404832870122
1056,-0.5851270782031123,4.0767773145833734,0.16970858106821823,0.38829283507052814
1057,-0.8868877599449047,2.404347932922116,0.03028916875476708,0.16094123122233986
1058,-2.1710533187812935,2.6191378377846615,0.034707015044502645,0.38651410908901795
1059,-3.1112003776302743,2.4009019154770312,0.04772946932172547,0.4252284247215412
1060,2.082051694479469,2.7855255063817155,0.5670435766128382,0.8797213537650048
1061,0.5293439331888855,1.7699880994584605,0.07689919681918138,0.1299750516600076
1062,-1.7994779762352948,3.568704344412137,0.07893066136747721,0.36573843257094274
1063,-0.8535419845868354,1.8465992495374481,0.10788200604949214,0.3058002848895383
1064,-0.09558924278041878,3.57597026297691,0.396863437768362,0.8140010557831119
1065,-0.8597572560993043,3.257874203251444,0.4295504919292068,1.0137457368988683
1066,1.6452458065969722,2.572409934914583,0.2333551480603612,0.361747742286504
1067,1.6443814361356435,2.5846591068715856,0.2784322467169849,0.2566618580911144
1068,1.1282477387473786,2.5667952154665903,0.2036237945948123,0.3661113586945154
1069,0.21612450836180597,4.582291256785692,0.11934293175578217,0.2207119522668731
1070,1.4055570544688583,4.190205706739817,0.21878496339872067,0.3207476153847128
1071,0.31637223243791657,5.012593992582167,0.37424102967987444,0.646604701417358
1072,1.9068831316966475,4.519274641657178,0.3791250900040148,0.553927404478787
1073,-1.2524735594026215,2.943781202349625,0.09063096770948241,0.3470915863759382
1074,-0.7111433324959671,0.744078856489288,-0.1002757755793449,-0.011604360799343084
1075,-0.11830250908950293,0.8285853201596195,-0.238213095598567,-0.2944623186308121
1076,-5.763447523086864,3.066055684502236,-0.37893578150533747,0.039350916805451656
1077,-1.943072380006816,3.1725124976333134,0.09791750290718378,0.42681175310730635
1078,-0.6065669173096371,5.302424136176783,0.20264801090330883,0.5109471584948418
1079,0.16563504005796115,2.954246894388988,0.1596289681669456,0.3507234698409503
1080,0.3448253726059771,5.577159459164176,0.17034164122519213,0.3525607901937117
1081,-1.0019084620855014,5.399287929207782,0.0845383722266066,0.2782531887112952
1082,-1.1991176652816817,5.182611468047131,0.1089427253528117,0.35878618734924633
1083,4.246548092019435,3.7266740328485977,0.6976669346365514,0.8384125409696473
1084,4.3629114305253855,3.8151675536094434,0.7365010888519047,0.7914702815832169
1085,2.4154167288576005,2.1854587749067025,0.22484648511718858,0.10489818931792086
1086,-0.4246421804228687,2.9556831611319176,0.3918292340971331,0.732860661948093
1087,-1.1760788909504603,5.670548419725369,0.3106578564875696,0.7257123341779106
1088,-2.9146257857670723,6.668019120607385,0.08143321583523093,0.5648128221876336
1089,4.937537923506864,2.266133776646253,0.6407355107648264,0.6589427254310479
1090,3.7200240544156307,1.6440479884316446,0.3248436514412473,0.16314767005485478
1091,5.490614179693769,1.26215461177009,0.49260027996420414,0.3719771580063976
1092,5.043614108704677,1.398080185402587,0.4922230150877178,0.34306101582647
1093,-1.8307682561414056,5.648300404887517,0.1274798324389573,0.5344754058037939
1094,1.307447940701093,2.435782680459809,0.36253898733750023,0.5830322009226626
1095,1.7358698217038948,4.5400173912445405,0.3034536646968177,0.3067450278920053
1096,2.4034329502934972,2.6568948702060746,0.33768076405611086,0.4168945411096053
1097,1.8814177431354353,2.330477996198259,0.30022261794356736,0.4068847615413039
1098,-0.09241800080123357,2.6624514863957027,0.09486807648317035,0.19737592922644986
1099,0.2955415206425045,3.1398025646404637,-0.06546766794038883,-0.10985634568837546
1100,-1.7969764654208282,1.3830901993222242,-0.2075020311047381,-0.16648684966830002
1101,-1.7975327153135257,1.693203301280564,-0.2870777302702954,-0.2753740273037071
1102,0.29830598112863693,1.8266270984006108,-0.0005185643669521285,-0.0484251947588134
1103,1.5472144916117467,3.0934162456720458,-0.04966750191215175,-0.22758287521843984
1104,-0.7126153101231515,2.674338621887311,-0.10940494846380514,-0.11962689824376828
1105,-1.2496665813237284,2.5958016584320904,-0.12529473430120058,0.010909544985739966
1106,-1.3228748681039026,3.435958732671094,-0.17090159918151324,-0.167788084943107
1107,-1.2472659142978406,3.465237617298742,-0.15960271175617238,-0.0908826879786765
1108,0.28196572297932787,2.577405269432842,-0.09760660688069048,-0.15703935879476058
1109,0.22223285952602212,2.885317302523663,0.4060414181891236,0.6603869641297707
1110,1.3601895146815906,5.569294076053921,0.41137561409178963,0.7184615631089681
1111,-0.2980600357601118,2.2742685421000313,0.1003647940239948,0.3259857827816634
1112,-0.8428913044586073,2.2776527124726775,0.045801827267822545,0.2570648925589916
1113,-0.28862197391458116,3.8433226302272194,-0.02925042018523517,0.021955916299451678
1114,-1.6889433659313937,1.501490333399431,-0.22521155405008614,-0.16762436585175566
1115,-3.325251008146578,1.2270536674524553,-0.28849772585209127,-0.10394205887609138
1116,4.4030512237479735,3.980759521295707,0.9746838503272228,1.3105866811933957
1117,1.8039809988937878,3.2363854654776976,0.09632651617799355,-0.0018298777306398303
1118,2.0097162360615513,3.193910955173818,-0.03505380308656664,-0.20107313136660432
1119,2.47389462588136,3.4802002369753366,0.1077181078947055,0.006358697696083919
1120,1.5603124167373505,1.3816189515875457,0.20846770344918886,0.21051883975683164
1121,3.2675828470153805,0.5058730660245756,0.16251324971178216,-0.10494518841653455
1122,1.4097646396496368,0.3540355609498899,0.09776700879159729,0.16182607963443663
1123,-0.7597438162360683,0.6148334114749745,-0.10956275699159643,0.014601983628561667
1124,1.4385616319180632,1.0896341243875651,0.13081208054818638,0.14666133456563593
1125,1.2050555218332768,6.491252222228563,0.5391360084962199,0.9263033129850549
1126,0.5718736638908453,4.224991507307834,0.43906981227857195,0.7549229760654049
1127,2.8501372002901353,1.4359771978648572,0.2876519125197509,0.16629847599934752
1128,2.4110662071369866,2.500766275674262,0.22211964883264637,0.20043176609162805
1129,-1.008199484329894,2.8120168918245874,0.18671365892180997,0.4928956246593907
1130,1.072008565615805,2.5303797377556063,0.20416311911167892,0.320046442958558
1131,3.7243818836156,3.374259566813751,0.4190484060178645,0.35659948109492207
1132,2.8060404624388275,2.7790836777103287,0.615601198242819,0.7906439731080456
1133,3.418993564876374,2.2917010908397764,0.5587822170703607,0.6882508146650592
1134,2.1175865708472537,2.3857589432984923,0.5801008909762612,0.7981106704095571
1135,-1.184051232637595,3.3267592441689606,0.3331604056162212,0.7777228720015655
1136,-1.5929432021084473,2.9826474476377305,0.35955655078404547,0.8930109488752075
1137,-1.260537325428157,2.6212393361077946,0.4389587586944594,1.0404548793772725
1138,-0.8132978766221047,3.31335240455643,0.3877158736552688,0.8089787701407378
1139,1.2578499818045692,5.253714042461726,0.23317970327987694,0.2978991475320878
1140,2.371955444553898,2.2520552996552716,0.6334477584374663,0.9969802123920414
1141,-2.6294196316676803,7.143182814265614,-0.04504205771641317,0.22821989608713947
1142,0.899996353186749,3.131920610784059,0.4015539344584721,0.7071214566882805
1143,-1.093128019436086,2.6302439618179587,0.055664213284895764,0.23718121354317226
1144,-0.3421523933796011,2.2787423479031332,0.1399732491059219,0.35679042252355697
1145,2.340016353235695,3.685516020313011,0.2500131974535215,0.20104113614343955
1146,1.7121896264424994,3.931640796183566,0.14649193383124254,0.17767672114009447
1147,-1.050094590337784,2.9500186947139926,0.042412354636461196,0.2984278543787984
1148,0.8372916916774915,2.148247461776867,0.07326504275357072,0.0984006037909987
1149,2.8361602166413404,1.859453756763241,0.38544593553454815,0.39450006484891736
1150,-0.11486130138320823,4.117605403251181,0.14597078532836924,0.35776765937647653
1151,0.27404878404410055,1.7176666204538773,0.1689279983154825,0.29533722880391106
1152,-1.5647643372375828,2.369346861828879,-0.10411116581006755,0.03853348983484097
1153,-0.8501895185757921,2.296885234969951,-0.06723276900896351,0.04029643883578089
1154,-0.2055225337157528,3.7970920176507437,0.04185936943348887,0.09321687858602898
1155,-1.1127588740302714,2.219589162017713,0.5611547210372079,1.0936841446217782
1156,0.011346174426535103,4.41584265068483,0.2657759596959227,0.4451065713443398
1157,-1.3745883414573472,4.19576378512531,0.21307808938596773,0.5552556631141387
1158,1.7673974509438544,1.9865427717313628,0.6992783932818659,0.962610223198679
1159,-1.6794370661616858,1.7421974828832028,-0.21926633653103067,-0.16787709886245755
1160,0.30541250071974935,5.360447926303072,0.6237721747906324,1.2841940259064515
1161,3.35128359685568,2.7918871323177377,0.32691983298931243,0.32863421847888263
1162,-1.479703825055312,3.6173624502435744,0.3872088512954386,0.8971110935602549
1163,-1.3094453428020647,3.6528892532141275,0.35661759968886036,0.9359215870072364
1164,-2.0883227724372704,4.334277208640653,0.3706979621166336,0.9142249341264063
1165,-0.9436433079129807,4.1896360082661435,0.18395439410821818,0.5549696195634456
1166,0.5495846622967056,1.8198072515989534,0.12706582396828597,0.2775710028965017
1167,0.528440226415649,2.708964183703846,0.2204180945643695,0.4262220986590069
1168,0.31584727310168004,2.890647255409931,0.2372256033343016,0.38545470703906454
1169,0.21061333149238154,2.8694129616008723,0.2195377807509088,0.4130209581890518
1170,1.4680845578214023,2.313657407583267,0.37855381571406144,0.5263866610442604
1171,-0.8020873354662553,1.3709793338653589,0.28232673721623947,0.6501270919872045
1172,1.2702709681294884,2.80019506299537,0.4427019069926343,0.730428939866551
1173,1.7702434859879437,3.6933427594208705,0.38765671370321564,0.5580217762706242
1174,-0.2535374415860227,4.476465140740127,0.2485679869509414,0.5687901729361633
1175,2.91858648961482,3.8925698097770933,0.502780293122303,0.6832268297512583
1176,3.45631715114171,3.9981835764822926,0.5408090723941774,0.641398454155819
1177,-1.3167413589655377,6.194203485624846,0.31748544312200083,0.7370396647852819
1178,0.2454070932809551,2.6265516478194093,0.5879310771371434,1.063758180021146
1179,1.6591158192227904,2.9739081853913927,0.4681852097845749,0.7008047868217506
1180,1.9748825681603814,2.864699967437459,0.4318441609589868,0.7114572204262648
1181,-0.6045836619589802,3.212626536619246,0.4134009317191584,0.7713558841493319
1182,-3.3120387081869374,3.6326427394731615,0.04929064046650312,0.4619616583121763
1183,1.463455189703417,3.0809445407716898,0.5283185340916673,0.7761381769540749
1184,2.5603678684271762,4.050485455199745,0.3911379976679723,0.47719685501041004
1185,2.403910511887764,3.734088470851366,0.422380401210281,0.5488402542393047
1186,2.2753720634362335,3.0711901705228892,0.34441470029951343,0.43842211163620187
1187,2.245896338016554,3.2169113802179488,0.3557765829222644,0.40034856736135316
1188,2.7611050385526665,5.758691198136987,0.40545353369831577,0.4471106500456141
1189,-0.39486421461295346,4.398256744205831,0.2963684468810002,0.6288295201366657
1190,-0.8164150006463969,2.888777825267616,0.4330570321470596,0.8872754600934776
1191,-0.45617519638953263,3.044528759237096,0.2561412731945025,0.5847136516871333
1192,-2.570025619713197,2.325958865435452,0.06762563647975803,0.42649258015672653
1193,-2.053995699266428,2.247151538317991,0.07793939624439217,0.5407870189311077
1194,-2.102717265383934,2.2290008606002063,0.0824932366218575,0.5560002005387656
1195,-2.025141291077119,2.541863287325422,0.11612461991189779,0.514991123051272
1196,1.9599179847568367,4.5002960989547605,0.4738449588209941,0.6400345226680036
1197,2.243416776433309,4.1505329147879255,0.3623832239583607,0.40323388206647826
1198,1.9019082812446333,2.49916155754976,0.283138118673594,0.28220702965660366
1199,2.415640060300063,2.6107080497396185,0.1247698439935763,0.017991987830240714
1200,2.9577668909720325,3.633189027194701,0.11783640430543178,-0.10863899493774382
1201,0.6367251178479745,4.590518284040025,0.29612608915585753,0.5382118372777993
1202,0.5184816592692956,3.965832217327966,0.29793191595393304,0.5487119760545711
1203,1.1262395880201561,3.829298590803217,0.2925109343121838,0.4438121243215537
1204,-0.4139831604800433,3.253666325421879,0.20089297294569983,0.49181228046665626
1205,2.108752343957736,3.0880571102040335,0.3248220093326944,0.4269660426853102
1206,-0.6139294275826868,3.133543845715489,-0.06380759391582207,0.031076456576228494
1207,-0.015214431684319588,3.8472196760800936,0.3178454563791484,0.6347692610314231
1208,1.7615153452950323,3.555603684903206,0.3977419606082496,0.5246898503411377
1209,-0.45531156480251306,2.65359954495771,0.15012765629685568,0.4043434865439787
1210,-0.8940044670589565,4.7183516615191206,0.15271464170132326,0.4591382516377834
1211,-0.8608523157921483,4.66290843994534,0.14762504445106323,0.4834168063718252
1212,-2.302979813163021,4.818585179756889,-0.010623506767086361,0.3622244668981058
1213,-0.026434902526076418,1.5843044387436296,0.09758140555295262,0.3007717941017779
1214,-1.5066342886696114,3.0685379374202197,0.3561447823725364,0.7812785651051352
1215,0.8784337214521918,2.065293491353026,0.2786071292687895,0.3390711807119473
1216,1.8623836790915251,3.4530609080427297,0.2653250118741118,0.2146561195567748
1217,1.586615993819934,2.7505340141884247,0.153466204524157,0.04987509047077596
1218,0.7237965655460622,5.267620145651355,0.36990224977262764,0.6709395076680725
1219,0.38677107764749324,3.380097841170426,0.34468774751353226,0.5702672085400711
1220,1.88649656311074,1.7408866106192646,0.24763371250359864,0.28587042509089655
1221,-4.85124816012186,1.208415785745235,-0.11290632487941421,0.2883169459867798
1222,4.267517118658348,4.7375221482000685,0.34161423876244273,0.24148010071034146
1223,-0.2528549764619751,4.252122478841536,0.676394431358763,1.32639095596922
1224,-1.2916262717896891,6.216614706002554,0.6266298213132917,1.4038190534076194
1225,4.1893229433146555,1.5601297244974652,0.5387649476466152,0.6279332745199299
1226,-1.5616657491747807,1.8465520281748191,0.04495882794108431,0.3254151224476174
1227,-1.9626266535496564,1.8321601382267032,-0.023612430929540257,0.1827041721347392
1228,-1.7545317183678069,1.672243364952714,-0.08598121754447448,0.10599763171180125
1229,-3.1154034929603474,4.422215868085331,0.014572557663884649,0.49495871571301303
1230,0.7814780372705284,2.419654766752575,0.09176887643894507,0.025509498282749392
1231,0.39659036913398055,2.296309452022711,0.025346896703601275,0.0318349121048015
1232,0.2566260847870069,1.3807042348085579,0.12608653738182798,0.17248349845064687
1233,-0.2625445651756933,2.0371789934959885,0.13158172219281747,0.3177223846201792
1234,-0.45631718371889546,2.618899308190342,0.08291931307390023,0.2851950792447445
1235,-0.761233042732465,2.649568120222406,0.059677006817568136,0.244445701457813
1236,0.5623445768115023,3.4162744952301844,0.36145965998764557,0.6458819506571485
1237,2.0334363924239236,6.214585295970401,0.5807708136759162,0.9103659490824701
1238,2.1512715399106574,4.141175131653667,0.5510532852479573,0.7843667119996562
1239,-2.1775409234483276,2.002240638313483,0.09599695497080656,0.4293328367040753
1240,-2.0053180132977304,5.041373007954048,0.03208082621099246,0.29041357924433514
1241,-1.4996312438655217,4.08537930309151,0.365712337081763,0.9327685441972724
1242,-1.6509181130730424,4.022679998732993,0.36454940841552247,0.9722889769999449
1243,-0.650371231407575,6.915252576138933,0.10776303748861266,0.39088903728804764
1244,-0.6054035516690311,7.950695747039556,0.06486467731134946,0.25818400385112544
1245,-0.2015843801926897,6.962533479178467,0.045672764718730094,0.16241123406612615
1246,-0.20353182485288085,3.437949937318186,0.1622924445142355,0.36526438149752116
1247,2.9301823986213216,3.0294079727910104,0.2833517761926674,0.26577308528050586
1248,-0.45999606614760374,4.911925818136752,0.029722486822637957,0.15348945019469665
1249,-0.4318351868817838,4.922840804078079,0.016155319019469525,0.18414074399769992
1250,2.690617924488314,2.434614876566749,0.5026169325879852,0.6865725417616926
1251,4.622364742969644,1.9559486903993448,1.076268041428403,1.438664961775167
1252,4.623124949178071,1.9591536251563595,1.092641391632095,1.4417814912749614
1253,-0.3960118346757314,2.1498981918447995,0.4212753224027487,0.8463561294834372
1254,3.280733587429699,2.166241762688273,0.4271974264448472,0.43248987359193336
1255,2.253932348256065,3.058557424622564,0.31245141679796046,0.34362663918611897
1256,2.858630171527811,2.8387862319626866,0.36578848106710515,0.36647573811793693
1257,0.9823158450966708,2.7916951146389026,0.2556021467335268,0.34979308717654356
1258,0.8786563125859281,3.1313274746480255,0.4825365178853439,0.8570377280083994
1259,0.9172452441399579,4.369687178928262,0.13574599902852047,0.22200987792789734
1260,-2.2128379956571886,3.4112456514969747,0.29642784583844045,0.8071703973499242
1261,4.26918545561258,3.0030768302163793,0.5981902935538771,0.5769533337318041
1262,2.7904966216527636,5.192238756791049,0.39246514508891583,0.41185001401113924
1263,3.065164932240018,7.147100857693455,0.3673186180668969,0.4494241841097568
1264,2.6151728868726605,5.285085402766455,0.37864789050402214,0.36038190571704426
1265,-1.715903759434007,1.0847274684181292,0.10325886777211739,0.3333944315523631
1266,-1.0518148991580483,1.019266593646118,0.14815713402804112,0.34368784053515744
1267,2.063297865790866,5.875768934536521,0.5312657150146235,0.7976345286980338
1268,2.1387369193879744,5.221497467208015,0.601304651268384,0.9287387053589304
1269,1.689047849782012,5.294315202784804,0.6018263798608748,0.9872596306625474
1270,1.6121789307646766,2.5606993829372544,0.015948352514047148,-0.09333343393411533
1271,0.724263874028127,3.1564398238457283,0.5334815626816226,0.9074951441084622
1272,0.49685944467052795,3.472605981106103,0.44273396745693755,0.7764835354756885
1273,5.179883086587947,3.641772437234676,0.5267863225492462,0.39633720278054796
1274,-0.5126917374139417,1.3754147489330912,0.407284830251457,0.8839419748559383
1275,0.07895087396595594,2.3041819054059207,0.40549642543739,0.7964462647849898
1276,-0.33283843895520904,2.576618386460866,0.49691277433092684,0.941705236517764
1277,-1.4240248628155432,6.100662886218245,-0.03029223807715922,0.19181354218132018
1278,1.157052476706866,1.179085049528637,0.3653875526533416,0.5064543334901204
1279,1.649634190237605,2.4724495961246937,0.6379938588502503,1.0585026290140926
1280,1.2931299753752354,3.118466413210917,0.31072985794262326,0.5194412634153913
1281,2.9597564277564223,2.249620234982361,0.39620996783776224,0.5359678080787629
1282,-0.7998961713596701,4.981597635352254,0.33293951017397433,0.7938600498394625
1283,4.670459417242296,3.056282506257349,0.41455609887485256,0.2965413995922555
1284,-4.50057906920824,1.7194360850236512,-0.059831861820827795,0.3808378903080175
1285,-4.61298001520616,1.6915988883064992,-0.06944648959566194,0.3923724060737937
1286,-4.303677960109703,1.6241331133746852,-0.12250019481939273,0.33695544099090097
1287,-4.20928361663643,1.6876619402898922,-0.11611372264852103,0.33466623630901465
1288,1.0090919810716665,3.808786203708061,0.7799082570461756,1.4528482453976148
1289,0.23369690020012762,3.2513472519312656,0.7787425168351936,1.5434461566189233
1290,2.4775014244216873,4.945399831245013,0.4736144214652113,0.5798929056779097
1291,0.36331239345101385,2.6256776942783606,0.711933949012841,1.2542433056647408
1292,2.1076226016153146,2.8759331558125245,0.6734974653430913,1.0806397876997857
1293,1.6729331332155781,3.4049508341171046,0.618673374189103,0.9218007501102844
1294,0.12284434293298109,1.9387897512019958,0.015895986666330096,0.11631259623384341
1295,-2.2233686217284996,2.193197619562267,-0.08097905512780759,0.11504960411788877
1296,-2.2233686217284996,2.193197619562267,-0.08097905512780759,0.11504960411788877
1297,-1.5746437517974077,2.2543970442737016,-0.015689667936374243,0.21398755490089935
1298,1.1061251261229497,1.612232930218431,0.25165855400002274,0.32209993170563456
1299,0.225897739194345,1.6613052014403473,0.2418993207898873,0.47195631019181333
1300,-0.589408979956948,5.130348428072064,0.409826910014429,0.8614269778985683
1301,-0.37797461944525096,5.0340716157677114,0.3734642870566355,0.8147759921106482
1302,2.1874261504483545,4.272566687688515,0.37175541125288564,0.4989452236915429
1303,0.32990470225057056,2.9049261318672985,0.2862052245392268,0.4576629235916176
1304,-2.1580056246472314,2.202782753051095,-0.2259324858028365,-0.038680147903323824
1305,0.4897114439285832,3.356529235692034,0.11535459887511575,0.2611082611825466
1306,0.4798545368993686,3.41535633731804,0.10384732406869342,0.23687962029881168
1307,1.0946276641112072,4.4249858057842255,0.13982130077022076,0.2366798492541325
1308,-0.4460173562056085,4.049554919633431,0.4889608268821253,0.9303529429292856
1309,-0.41771704146782973,3.0863176241131662,0.07402837341055823,0.2564261885608172
1310,4.042256434431685,2.7656949713636196,0.21150734555304995,-0.029900496765152454
1311,-1.046295897851478,4.134454248908882,0.2272652697362874,0.5974473185812178
1312,0.04940337577176429,1.7616124411370189,0.13895499670898862,0.2922963801162224
1313,2.1958142300257135,3.4330169691382615,0.39188654425082314,0.5110496718455393
1314,-0.06092995109715668,4.694886489573608,0.23182853754342808,0.44516112807856995
1315,0.6729792385484518,4.837581100367451,0.26981479034549255,0.44555333210867354
1316,0.8231701521556926,4.100710732403217,0.1372261585945364,0.26169808046456255
1317,1.007165552095404,4.193536515629825,0.1414167750838324,0.2132680559095601
1318,0.6808874923101459,1.982366499299475,0.3139874923816436,0.5056682978149201
1319,1.0762477842455147,3.226841331226915,0.3215305086219514,0.5070349224347066
1320,1.5137876402227148,3.072340436056082,0.478595704708275,0.7218460796841403
1321,2.716014784846102,3.294232174986097,0.5032511330572955,0.613677079465688
1322,2.92744604976876,3.1042557518060883,0.5818581494084973,0.7500848657094871
1323,2.966858272550308,3.2194817397051256,0.585818834765978,0.725167481692653
1324,2.7923429518641796,3.1934157477751106,0.6011660979955566,0.6782122044080742
1325,1.6795651020314735,3.679884026541339,0.48511790649401987,0.735663701296815
1326,2.869990371190221,3.15498860015032,0.3084087930041834,0.2810440263609878
1327,-1.5591456687044862,1.4232967255329798,0.23140150067025905,0.5177951358534043
1328,1.5177898306745647,6.123286097141156,0.34635637313003753,0.43811961772203395
1329,1.7337308786950505,5.2685635692569965,0.3139681846444101,0.49893100781028604
1330,0.9477374128364106,1.8747999847816055,0.3627261596450819,0.49445577782767136
1331,0.8945404714744213,1.8234884650272583,0.3225238322093287,0.5318343225312196
1332,-0.059106773706754295,0.9610524274902202,0.13914753304864028,0.27324045247319123
1333,-0.07363647993580824,2.039325575507771,-0.056754759999271154,-0.04615183139066026
1334,-0.10666857275846864,2.0090808850230744,-0.04245932255364527,-0.06239265458459742
1335,-2.7261909375103253,1.7407474302059305,-0.12599118135014856,0.08786227282569994
1336,-2.694405259371424,0.8416854927172279,0.02824592266016031,0.333235299351859
1337,-1.6747270008077013,0.9682410262044946,0.27376529359178714,0.698969815241426
1338,0.7673744803525734,3.65684560520864,-0.056861291222938495,-0.20644842329364
1339,-1.4669571981673228,2.6125675630020595,0.044200299006523044,0.2084192034981178
1340,-0.3010446806622857,4.275747460655357,0.03045300829839585,0.09232514591752568
1341,-1.708359955626766,2.4983718807042328,0.11175372285658965,0.38869479256317235
1342,-0.6942242936681845,2.7034722658974197,0.24561447514049398,0.514277495472988
1343,1.5536162630571524,3.4289470983473955,0.26706735812720955,0.38331892049839966
1344,0.22039070757192622,3.8910309615664107,0.270001071696188,0.5566179207708306
1345,1.5760003341199376,1.3599563488632442,0.48559573082641466,0.7381878205033314
1346,-1.6821039956143744,1.544050131113735,0.2957711184276345,0.7576551797195331
1347,-1.7037814180529123,1.2600329766542857,0.3034583060605715,0.8071640344641138
1348,-0.6706437259131603,1.6732780342642726,0.1668512660035327,0.44256227009220833
1349,-1.7863508762890843,2.241851258532434,-0.2227424384525952,-0.1146392540738697
1350,-1.6805090776787712,2.252605165273035,-0.23198205702134014,-0.08635363046482053
1351,-3.81753917761662,2.7328151633293176,-0.2962313268061514,0.016172326653083165
1352,0.48564818683447536,4.072456721804356,0.17788216505180451,0.26772764917133646
1353,0.6818066049067181,4.348990227113793,0.13291085604345482,0.30746880376410485
1354,-0.8899074688938036,2.8573544486287927,0.3440119696572916,0.6673104349591545
1355,0.31100583565411505,2.2948084536563225,0.3236479705019238,0.6140290599596577
1356,0.9674636060921327,2.7283129296738946,0.21853700137865936,0.36768764257836506
1357,3.2540504536782886,3.3200119421849767,0.510721234014729,0.5375973340949479
1358,4.57551892174409,2.4928827717837,0.47513920813617055,0.42796175165670175
1359,3.4798274215633085,4.156133527560205,0.33883033892330766,0.24519945234768342
1360,3.307647904041505,4.053860254028515,0.37389830274027824,0.21517127581085985
1361,3.4351297767928286,4.115107646205701,0.3465355873036496,0.2720668742896051
1362,-1.0272951475349332,2.5453843669080305,0.3750337234590105,0.799572996512672
1363,0.683957224023354,2.7997280507457365,0.3259584320065792,0.5152466847973365
1364,1.6923324568474005,2.7866961475049274,0.1972732431089594,0.29656915491536423
1365,0.9461958998050584,2.9989111005800826,0.2120830350209585,0.23677831787199924
1366,2.7364947408903704,3.2369941854180824,0.3354327066583039,0.4054944199746953
1367,-2.1238710669963754,0.7142731655916053,-0.07685015129553148,0.1886071083910672
1368,0.5916785563757089,1.4897130391928008,0.028061134306208414,0.04566912314387834
1369,0.8236916346669746,1.8639389631729846,0.01297096495856596,0.017271896633232173
1370,-2.1970177525211563,2.36461344742609,-0.05808464932809238,0.1634372757450556
1371,0.6802732904617682,6.341216863776159,0.30120951289096776,0.5598505936929279
1372,0.2208761882657165,7.941009676650712,0.21356228623129808,0.3591192157212986
1373,-0.19253067310398214,2.5136645703823812,0.018720196322792402,0.14665177627164683
1374,-0.31145908673015366,1.869728663898361,0.1914983875360706,0.5015059273000304
1375,1.9083363666198143,1.9120640657639607,0.3528144182206138,0.4814308306996801
1376,4.215941844785745,1.7219530693935907,0.49610948559113954,0.4046227856784196
1377,2.5850669356920615,3.35221895959696,0.5586307445584242,0.7033623377992939
1378,0.3826714526802097,4.538129173706574,0.24488998908955412,0.3960290370849515
1379,0.017861156775376735,5.681338253813885,0.3152915412277102,0.6712164193446541
1380,1.1290313004868269,5.846936607978048,0.3157773822231126,0.46086816080694104
1381,0.43085745369942363,8.119607361994843,0.261687727477542,0.42424997535625364
1382,2.0623954067276706,1.3925323014445152,0.602008923983933,0.808281786533706
1383,-0.4293757912699747,1.6751481602026668,0.4344422105072303,0.8774920100609224
1384,0.36069342431712637,1.317661689956255,0.36470569192064883,0.7285051492580001
1385,0.186011765244721,2.0685580448913594,0.31727788095360904,0.6685438248723636
1386,-0.8361534099855228,3.08105738121879,0.22167512220358784,0.6091011251175031
1387,-1.3833738549123735,3.2780783786846266,0.23443368792806354,0.5805434073204195
1388,-0.6320209262032032,3.0959354890343347,0.03697442360591359,0.22835507908188657
1389,-0.7873908224548968,3.1585670165803843,0.010432656528479668,0.10463832481182342
1390,0.3564342582547263,2.2807187290139166,0.14479008148377348,0.30979115523028933
1391,1.989655827382387,2.964800716321784,0.114647657908145,-0.026105104730530654
1392,3.0781483264722214,3.713972540477922,0.20350167046147064,0.1527712320579461
1393,3.423253426475419,2.3405710590456867,0.3505505691521864,0.23613606717651117
1394,4.196282451172135,1.9591936634729623,0.49598748037062595,0.3605266553511506
1395,-2.6687887972566133,4.915776175784603,0.1190488500746883,0.657000190213145
1396,1.6299205103549959,4.0928881223525355,0.31903957793286525,0.4811117992639024
1397,1.1227437373618347,3.5140342389725445,0.39671481584969975,0.5739663612803395
1398,-0.5671536260219691,3.896281489962291,0.2742753625995803,0.5638072751469757
1399,2.0312580912176825,5.112716623339839,0.23523493840940868,0.2579281395761344
1400,1.703634215523999,4.801654817446784,0.24885865302707078,0.29686302368170775
1401,0.5455724000342587,2.223134612083623,0.14570125889660596,0.23514570761252224
1402,5.002314236564932,3.1454797481967516,0.4010939234374404,0.21215010936704207
1403,0.7492587280652604,2.2902441322784037,0.153024818331615,0.2557082608140124
1404,0.30887590942135157,2.8524655424413607,0.29629358447414705,0.5238253965629887
1405,0.05196757344357244,4.419362473940204,0.17288104096254875,0.3896563601970495
1406,-0.5866325722449821,2.05485947029366,0.11118359781113664,0.19748815293571276
1407,-3.0173491750796932,2.124110391828595,0.04661183158768033,0.4790262886131387
1408,2.4272288460958236,6.699570742881573,0.36509195215226287,0.4257612193356699
1409,2.379945887799962,3.840443181992706,0.30856642704717896,0.3198611022366055
1410,0.705602677605154,2.5152386718722037,0.28540116310370733,0.5330880933098977
1411,1.0094475890308297,2.6882422845897525,0.3067592343189897,0.467977504659047
1412,1.9889434770048893,1.0964780088817472,-0.025272265634061788,-0.22841085639226844
1413,-1.2138549618799461,2.201331158501647,-0.025325931923557365,0.13732830968481138
1414,-0.6051764839640724,2.036247009181166,0.18840944823733963,0.4157364424408703
1415,-0.5054157216979899,1.5061808470410123,0.14644429785994337,0.3786767486166757
1416,-0.1207184489443868,1.5833225959492194,0.33502716816260114,0.6451655938000836
1417,-3.0697134631754044,2.7645044669578125,0.31616202071702726,0.8184045976994174
1418,-3.1193072097334027,3.3052754635623876,0.26871991464601014,0.8726513517352995
1419,0.40215295432746917,1.8930374406780823,-0.16473646170615694,-0.25872000721967864
1420,1.4861115231823707,1.8775837759696845,-0.18389086731617782,-0.3708273729827246
1421,-1.6610197882106081,2.2586262054479675,0.24776111167079967,0.749168560202127
1422,-1.4568592043979145,3.3065076222073833,0.03486845051187007,0.2386791065094514
1423,-2.2754280545499017,3.028207596869624,-0.17515946700680377,-0.02514367666825746
1424,-2.4236493147016733,2.8547521313536186,-0.10636219395967954,0.12464113389315187
1425,-1.1681481981534747,3.3095510536438413,-0.08118521404043877,0.03164706841773673
1426,2.319756283881531,3.7511102291068195,0.4253005647086643,0.5475787380518601
1427,1.890361234503979,6.407124745608631,0.21409731067301513,0.22475451603429217
1428,-0.019114651328277974,6.785376207393689,0.14796562532925628,0.29347007249456664
1429,-0.3779062717787444,5.953946154806362,-0.1983856514391943,-0.24626385272433718
1430,-0.4216321409625395,5.238733199258382,-0.15471231155322415,-0.1214318261145615
1431,-2.6196343952038434,1.367178667462444,0.3208089107088036,0.9036010735665089
1432,-1.6110637773987582,1.5563849640736878,0.12524221264720067,0.43421922270658864
1433,2.333653842901513,8.653871010600692,0.4205441321179998,0.5178105679419208
1434,-0.5507180784557633,4.941799471315501,0.26348949504279034,0.5569459003519747
1435,-0.26297701697354403,1.6546280553191788,0.069186489824075,0.22557754780189093
1436,1.1364855931449642,9.131648429172365,0.42752847732385946,0.7134108538482375
1437,2.7308509646944645,5.392140066695084,0.42159393843913484,0.4163258422486709
1438,-0.7096263504474737,4.424314367811481,0.4661517023516111,0.960795760060308
1439,-0.7130134036744379,5.598530422274856,0.48823154932135865,1.055231079625501
1440,2.0424050135203715,2.0047359911488214,0.18099783908036796,0.0975747078197197
1441,-0.013564650118386626,4.920593679959571,0.3557145622442008,0.6726295409484795
1442,0.8494094460259148,2.044280293351988,0.2263329337628411,0.37090417634036454
1443,-1.6414191732646013,6.4961269349762505,0.22783703030670194,0.6075977346182224
1444,-1.6220878194083326,7.329595741478442,0.19279153582361672,0.539851113527672
1445,-0.6067160475291401,4.509082799411892,0.18754764577357433,0.40930298005440335
1446,-0.6195096511443581,4.724644955710377,0.15866907297520674,0.37249886289315887
1447,0.5702919711526373,1.999065113412752,0.259975589030331,0.48684541774913637
1448,-2.420919612591516,2.9137994259822757,0.09305354070778159,0.42910763886554354
1449,1.2933711478959777,4.836896106006481,0.32509728968618773,0.4408932996975631
1450,0.620585834620737,2.1737291656509115,0.11246493084004953,0.11102298459099506
1451,-2.326949233380753,3.8448802994318014,0.36606667461395076,0.9304405809673298
1452,-2.2500747414494544,4.495408728617735,0.34859044503181386,0.8285906845383706
1453,-1.6937892685397826,4.7695746587842835,0.26648700451853763,0.8666638154690728
1454,0.5792380312337929,1.493101764385204,0.3992685201669717,0.5578153619237004
1455,-0.06678209589041878,1.30618287622788,0.3301640877747428,0.5086592690328184
1456,-2.5939343029996764,4.812582445107267,0.254983677155394,0.779370560914877
1457,-1.3483780610030385,5.122217199415026,0.25268793587107097,0.6953471340382043
1458,-1.8850063736097697,7.306587953592656,0.187791439099784,0.580506068062976
1459,-2.0328141285345644,7.36982451714421,0.2244033474937801,0.5586589205283745
1460,1.8975904570979123,1.722724863746726,0.2769158404415362,0.4342743008584935
1461,-0.07885365435906051,2.8657201792142146,0.3353048392378177,0.6922270050817197
1462,-1.0201822725728946,1.901948987025486,0.24493918696955824,0.5745778565405831
1463,0.1654572189825855,3.521711435317107,0.0599968191330357,0.17386332975764004
1464,2.1870481031007425,4.262395864827653,0.3055762716936017,0.33765575110594964
1465,1.0696748267142042,4.165454342430546,0.17045270306376345,0.24720247134686804
1466,2.427465088320625,4.23176483961002,0.32459346223714186,0.40989080190448174
1467,1.0109950394333296,3.3187055621391526,0.5799962673251446,1.0298229006464463
1468,-0.7745914997929056,2.6883405291008113,0.5175690563747322,1.1601777831518365
1469,-0.690195046925911,2.296337464296343,0.3219809131127036,0.747022736073143
1470,-0.4668093031405845,2.526405080159007,0.3808641446700304,0.7296207000263367
1471,-0.43778248366892014,2.2634191639224603,0.33936391976687663,0.805304176454674
1472,-0.6242744602877377,2.4675655119382136,0.32350949607857976,0.5913315793795886
1473,2.8998320166833373,1.962324846416672,0.3922732537130131,0.4327412692475743
1474,-2.0289557215549583,4.142712756674688,0.1700252566872043,0.5967862293320476
1475,4.3143548111889976,8.935282809622196,0.5014227116059475,0.4833840549333395
1476,0.7033201982843081,5.424498253037113,0.5066404842012068,0.9301952556013655
1477,-1.1928800363449226,2.4170593612614972,-0.14652935077936935,-0.04527033935983379
1478,-0.8723325510323122,1.968349901502453,-0.22866093658680517,-0.20490558961170777
1479,0.37487545132381755,2.59148256991469,-0.12505934786222123,-0.13262330356125368
1480,1.3650918892997697,2.5321111546766164,0.29864365744136057,0.4150549396755865
1481,0.24026725574839503,3.005808199362146,0.015600619182011789,0.06431559397139525
1482,2.6867588555922146,1.359905001529472,0.3009482795034927,0.2399177055497464
1483,2.995099845010161,1.8844649601544086,0.2942924237891319,0.2020601783873937
1484,2.223949189583931,1.8069645289753822,0.24789321396065978,0.20544055798959926
1485,-1.3538417751666265,1.55491280868671,0.29139142162325243,0.6873461973555823
1486,-0.45532609197303026,1.945553771074827,0.16728414030296324,0.3737232649196418
1487,-0.7813336561409007,3.741738639538156,0.023387204186588975,0.17194135340411665
1488,-1.9103191573587224,2.565160656530846,0.345302470153708,0.8557035480543194
1489,-0.8257549932426026,2.234987013027471,0.058746698906708195,0.19723911101463498
1490,1.3027165547487347,4.154679226704967,0.37560211791316733,0.554922293167228
1491,-0.26174999167357144,2.312914554739473,0.12657594717846102,0.3770451862093392
1492,0.855560054151425,1.6088810133958937,0.08724595303339747,0.09803238510799987
1493,0.8806979384480157,1.6064786918986096,0.0988823541297097,0.058438587370880715
1494,0.5084743631417447,2.174918430017943,0.13485263524533994,0.23529723603451122
1495,-0.2335915075387613,2.8837821840778473,0.21942687471078154,0.45413905915256225
1496,-0.18930411752476098,2.9239149070432036,0.22085696398223845,0.4280300581022537
1497,-0.9670929439118768,2.048976138606538,-0.08415044404001043,0.0050532137380965595
1498,1.8302002103572768,1.6842161707750922,0.32937204778540546,0.44329215382885817
1499,2.6141495244945214,1.4454949365817031,0.19127407788213344,0.09446407171060668
1500,0.4085097755899966,2.737315514389842,0.3902813185240857,0.7545618567489308
1501,1.5636252746731292,1.8656978026839106,0.39804693802643776,0.5651406558822137
1502,1.1206734247238257,5.66810918823071,0.4551563510795896,0.7109504647775772
1503,-1.4700606943415804,4.101454968156496,0.5316575364591042,1.1870301071846103
1504,2.0549797277208883,4.347866272315607,0.6615536501621924,1.0049008571730467
1505,1.8918331948832836,4.186577557578212,0.6246945200161926,0.9392639270663727
1506,0.935206515946335,1.796085552794224,0.42066594795216267,0.7283781553702904
1507,3.4054461407458625,2.9769180261678847,0.5755880798352533,0.6450211388765255
1508,4.0562663452894,2.722356482630115,0.5242934524782495,0.6192566052994094
1509,1.464190109338946,3.6931235434527383,0.6186424779783734,1.1628641738830552
1510,0.3741072256080508,3.2296896555622827,0.632511126330096,0.977300599440583
1511,-2.2483029798544893,2.0428204162131234,0.29363355545777164,0.6212817391160236
1512,-2.1781315286044034,1.8966252110985966,0.25162197780387663,0.6643002892066678
1513,-1.608062894097169,2.0590099357265355,0.25216908012958617,0.6615466605453106
1514,-0.8883792328518105,2.5306175159192477,-0.433175019181757,-0.5710851781649611
1515,-0.3565451899282095,2.09761473779211,-0.41004653034455674,-0.5740765343247629
1516,-0.7072423667683153,2.5682079580043897,-0.1179425460668821,-0.07114501465939879
1517,1.8801878794841484,5.134101906396353,0.6431573046150472,1.008675479382729
1518,-1.4786034295879364,2.5137845110012926,0.05572714435383132,0.30824221020646214
1519,-1.820902389088662,3.136810754704159,0.12541291011728078,0.43837569718870567
1520,1.3911916377850808,2.580956611659479,0.3244547295658383,0.5099217829628491
1521,0.39352274382659397,2.2426547138019974,0.3619100098187167,0.517958463815708
1522,1.4613721800832253,3.124077102384062,0.367135821092822,0.52560402095037
1523,1.671579675483833,2.7229548383914164,0.37435777826007155,0.5540645125927682
1524,2.5514582317091166,4.434176081786924,0.3991244220092301,0.49635272637062666
1525,2.8139559751588474,4.743375817013882,0.4174627963609575,0.5024125094228566
1526,2.71998807475954,5.170857521550948,0.40409703500687094,0.4949365971568016
1527,0.9494806128836983,3.85297375089787,0.3297329231453275,0.5187410906543306
1528,0.9000967349861596,3.465809921118027,0.3218582459900915,0.5209316183992413
1529,0.3834520373356928,5.1994114371491875,0.22400357964168793,0.4104358845920882
1530,1.1539409776384124,2.8296948559328854,0.18352556666522665,0.20335638409208523
1531,0.18547303119358066,3.3501023100237113,0.06603168232038993,0.1535712238141724
1532,-0.6911861994621544,6.065137618068241,0.3188332024127085,0.7204729266061994
1533,-1.4229734877724536,2.7218664219213102,0.1413196236276751,0.5218865774106068
1534,-0.9803758792056401,2.4145402783660908,0.3942928033668143,0.8443808158981976
1535,1.9499445774561206,1.7942465084818808,0.2726751821074973,0.278948985236434
1536,1.7870091158644468,1.8442807602909872,0.2510150843863301,0.29069895915244953
1537,-2.1144733288765445,3.4617540643497056,-0.015535523885868706,0.26966955708687407
1538,-3.179424682361139,2.465364860303916,0.04583230482767413,0.4678820697939485
1539,-2.026550755356974,2.762428163084298,0.1313597549205289,0.4919144844422064
1540,2.416605309431459,1.9211434738201145,0.4796818620523065,0.5775939856541599
1541,2.479398293749097,2.050348739969447,0.4792738250934051,0.5774635824134656
1542,4.139211494658573,2.574057204342753,0.5438238123869056,0.5743304790768458
1543,-1.117364682005405,3.2789873939781367,0.28207209605519773,0.7083684427026953
1544,2.4206458330880616,1.2444531639101477,0.6418341016893058,0.7875469775212074
1545,3.1239188702678873,1.284429419648673,0.6041128402247217,0.849750902583434
1546,-4.790196606371166,1.1833351316711884,-0.040102408393081254,0.3890619833883987
1547,2.122044252769183,1.157910788241413,0.3898277945238323,0.48418698250186126
1548,0.365629157872564,3.7308032122461023,0.11402656549416329,0.14806542402817524
1549,0.23438885281191463,4.329093442960375,0.4814812049454307,0.8693321127634636
1550,-1.1412543855840647,2.1060360971137713,0.22962625629930908,0.6045494130387337
1551,-0.9498126398529878,2.424477029162572,0.09087201344974105,0.2599093213989967
1552,-1.6870317106133996,3.0428655092233954,0.06044273541120063,0.28877584344479007
1553,1.495436545006295,2.8260602903300462,0.2915016594450983,0.4430966208846371
1554,0.5280780403281836,2.0516714887208325,0.13173166172787432,0.16050115169076193
1555,2.263543673562341,1.0382982010287396,0.37169907083500764,0.4522545972001767
1556,1.5961268223638996,3.149675977205855,0.41681864253647244,0.6301440931209541
1557,1.9638776065722066,4.162870931837846,0.4086820409187064,0.6226507472587365
1558,-0.9936410684985602,3.1053126610069026,0.16226462391937313,0.4960816628333211
1559,0.11449051332805968,4.241025497669408,0.1881046342124601,0.41829105196722927
1560,0.7360332678104197,4.700224125886507,0.27711877894054615,0.4047876545500501
1561,1.0091677257974065,4.884879831339373,0.4296144175204402,0.7411146197547195
1562,-0.66736795952964,4.255075657019713,0.4711822191184539,0.9369993664705052
1563,-0.12092514816065768,6.336709303693753,0.4216666454459727,0.8189292224980991
1564,1.5374158612490914,0.8897129790832929,-0.022947081673502477,-0.1950070788836705
1565,-1.8877741012225695,0.8194759278647018,0.05392872542953789,0.33948435681850486
1566,-1.2744409294625436,0.9542215723654893,0.11366522388036689,0.3348257374456447
1567,0.3864844827123396,3.6578710013301445,0.03528045672247821,0.03088794460289124
1568,-1.0426998971488466,4.052505065868696,0.050815143413511885,0.2597308153295048
1569,-1.0761142062062283,3.933736195507452,0.0684520537018011,0.2614131504720489
1570,-1.2535606622863624,4.234457354721789,0.07953146249202467,0.3714707054951057
1571,0.3739616829199384,1.5123742890034602,0.12139328127812812,0.15678774643116222
1572,0.39315620588742345,1.3856085377704135,0.08674697855825887,0.14356112133634974
1573,0.1549547099271345,1.348863677016441,0.003228999528440656,0.09226643045827657
1574,-0.38119134721800246,3.827489916407754,0.07025404184595545,0.1369629557912099
1575,2.601689049453187,5.200958772008765,0.31135010412686787,0.25619278572135057
1576,0.2966865430286823,3.0803226688832965,0.5540979433146034,1.0816166958497972
1577,-0.23142485630867174,2.672188255215152,0.5860273044780026,1.1454287070681095
1578,-0.5012105836070878,2.3233245071463515,0.5731617211650226,1.1451544152405886
1579,0.36240966649247597,8.559994247814474,0.7603290065168734,1.3673455166790562
1580,0.7222885327018215,7.1297193867261175,0.6959491449511155,1.3545265449227195
1581,-3.6896162567266715,0.6284440958256781,-0.12984953718583048,0.11160666023077424
1582,1.4792770984248225,0.6470693309340854,0.034788514664718884,-0.21987884667421095
1583,-2.4963675912259533,2.78777020722857,-0.22276578102232222,-0.19208377221261963
1584,-2.4882742860593186,2.3865438519777715,-0.15112526866633683,0.04585388263041488
1585,2.725054528453207,1.0916897602294164,0.26145084675653946,0.18108138398124218
1586,2.472919061297948,0.8036445441924548,0.13756498394608382,0.0777721969671681
1587,2.1737499055762073,0.9829909742887275,0.2761989855372449,0.2025734435367614
1588,-1.9758901828566684,4.913953275220191,0.09808538072043134,0.5250544730524468
1589,3.3106387514915894,3.670028955215843,0.5637241485371868,0.6043973029714167
1590,1.2026021298804714,2.9380947906202994,0.32689081639595025,0.4656301923819025
1591,1.862330054227032,3.5059633660672254,0.25382082348685303,0.2677184946026992
1592,-0.7282453550945257,1.9461012886549576,0.2563980280631355,0.5244647058708038
1593,2.665618150934554,3.6089226522033098,0.36749984807619174,0.39488920151515405
1594,-1.0613240076339014,0.8205384453617401,-0.035139631449738674,0.1337728233767979
1595,0.3395017838328869,4.187223476748486,0.4715720497881819,0.7326788024320584
1596,0.3740574485695841,4.127334944143545,0.4332912045819316,0.7540767652952959
1597,0.2123588871939173,4.026316311392258,0.4509076303515982,0.7223244419535203
1598,0.8733663017510924,3.223734365349388,0.5267117903658503,0.7556969214105308
1599,0.8275276865244551,3.1734233646064847,0.48174325795449635,0.8490402768150521
1600,0.899484444607536,3.643262640207384,0.4665480996427591,0.7457608400201832
1601,-2.056280362222038,4.518902279641954,-0.13844858097233548,0.04316398105724932
1602,-0.09865024985293896,1.0934218866118355,0.20843277813171407,0.46904357622786197
1603,1.908578760142354,0.6568405409833734,0.2637399755421812,0.3323581971316827
1604,1.722957543368005,0.7900694903720406,0.39065327090921825,0.47577889743535245
1605,2.1594355654350212,1.7870658266099437,0.5580172696064064,0.7405515700351122
1606,2.2672532984871476,2.8285451740237657,0.5800790880328363,0.8747224279905224
1607,0.660574331112048,5.209664765467707,0.15954654816129415,0.3176793616541355
1608,0.48266520011730063,5.490902034559777,0.17700014681951678,0.27769210056837734
1609,0.24460646870903022,2.702069241812439,0.4562894522758995,0.7836915435995886
1610,1.8072119385975398,1.4781060620749673,0.4648890536621498,0.5798340705350243
1611,2.2957152573995465,6.38700006240694,0.9576874367185072,1.6708394906414905
1612,2.119815960844964,6.518463979078991,0.9721635866650155,1.6887251842268782
1613,3.501968038598742,3.763448782916586,0.3751972077742744,0.2652181064882549
1614,5.269706834087015,3.4437981186771527,0.49663361397239253,0.29047002478760964
1615,-3.6822243222721776,2.0803668428227873,0.0874376688641446,0.6826684492612842
1616,-2.964552720230032,3.6987708987029224,0.21459497237817404,0.691167793317163
1617,-2.387394962864218,4.666270319066889,0.11862645314284129,0.7125343930358949
1618,-1.406996729301403,1.8674762685390645,-0.12240230051342466,0.009240599266868274
1619,-0.21561078304223533,1.6205033853271429,0.013884454378771232,0.03630169536811644
1620,-0.05700216323782952,1.495226077158893,-0.006946186238027449,0.026805168269342376
1621,1.3067152115934848,5.756268487075957,0.5580270512114329,0.9378919300287294
1622,2.0523187555460765,4.432821815634731,0.5776310847548424,0.8808385404708927
1623,0.07421146696216739,7.681372216233928,0.2095556157538647,0.42538709632737765
1624,-2.015324020516702,4.3673058588843645,0.14021851703012603,0.48144564296064163
1625,-0.9584738812484989,5.0620157058967505,0.2544864397931066,0.6670778863649401
1626,-1.976279026081796,4.905503569994685,0.15913420125894104,0.5869543534972083
1627,1.5147413624224595,1.4547464553663345,0.3095329414589667,0.4682942425692359
1628,-2.0205652303417563,4.678304135073568,0.2633142217933939,0.7027333445263593
1629,-2.0408995688029714,4.664466361510724,0.26938891565266354,0.6958592572350011
1630,-1.3796607291358245,2.9455302895240183,0.12500853795720274,0.4022631058545843
1631,-3.1772186065183115,3.2479113332162495,0.2510946804677893,0.8789918702852317
1632,-0.923547232332051,2.311315552578015,0.38102308704044785,0.8200113338200117
1633,4.359019777581981,4.558203005339316,0.4436011902227064,0.29001962286425775
1634,-2.961939088369923,0.6577392216988647,-0.033398403342843226,0.34299113845592355
1635,-0.23844723428817666,6.625135750925361,0.639429346857386,1.1963728624997703
1636,-0.26682746394719287,6.673392930054721,0.6458753553938602,1.1834963576406183
1637,0.05519416517624964,5.088366720044914,0.4624871698677451,0.7988999303201758
1638,1.0173591973830394,2.2394785242359263,0.18259067202533127,0.2453182610838399
1639,3.5884882121788837,4.978314278153144,0.5216803147809677,0.581723874487616
1640,-1.519350750400411,1.13815853772691,0.04873115307006806,0.3032122756550522
1641,-0.7916198615901481,4.259468766977536,-0.06088885423356802,-0.03349808097022898
1642,0.36187845814590197,1.956130030056355,0.6048791915512902,1.018084583638923
1643,1.787469804867438,1.7772803663008083,0.5240117728592943,0.6546338586049062
1644,0.9108390724313823,2.0862710752084794,0.19952565160362154,0.2307436104139683
1645,-0.312752331934516,1.6566099240706822,0.2808753704847917,0.5458648357299999
1646,0.5767508362120031,3.0255372074215905,0.580551778107912,1.111947766032156
1647,1.709617555643488,3.093307286199421,0.7269138520929369,1.2103309985166448
1648,0.7507163516073799,4.681123723584925,0.022840581403840883,-0.033413495698423515
1649,-0.3385516847705795,3.772991460304364,0.12805266348636565,0.307983593912164
1650,-0.3269635627322019,3.4902986912266587,0.1268771465149811,0.3959163607039929
1651,1.6594931371917907,4.288447744111526,0.3662107308460016,0.5232931113226046
1652,-0.5274852112098,6.394427704482463,0.4886223179045951,1.0807275816103543
1653,-0.4606129216800924,5.661681554852852,0.5289798781565956,1.004325351527414
1654,2.1866656141775422,2.499464555466504,0.07755848162492611,-0.04721386944733331
1655,-0.44439497584582816,4.290665708830035,0.3455348545395155,0.7245463022201416
1656,-0.6962345605768776,8.069001428539325,0.3801688458909455,0.7785896857772842
1657,1.8057388215021333,1.0713702081063288,0.3116247203793604,0.2633944025543867
1658,1.5909679385875928,1.0701779044799584,0.30378016988265233,0.33704072361365134
1659,-1.992792671132236,3.6788573110457223,-0.10144663864877246,0.0883186443314586
1660,4.8742697951664535,5.513877852202197,0.47985279835109607,0.36009834706247906
1661,3.0697359616244553,6.593646061483695,0.5868169847159128,0.7856587588257561
1662,3.582859487172306,6.956234290173501,0.7232249028535547,0.9308219221384416
1663,-1.6646907759791176,1.9049275686679938,-0.16807644532716162,-0.029275932485551763
1664,2.4780627116420124,2.760008604266152,0.3213677916669637,0.3499843357230821
1665,-0.023861018780726297,3.3117269796183733,0.2665220122961097,0.5154282987865374
1666,1.357936494522224,4.948260962074604,0.3176013088424185,0.4509060766310659
1667,-3.1131004457684273,1.2211795882178273,0.13226289179429196,0.5704489597290299
1668,-0.4595709555287886,3.218911747539961,0.40130667935679004,0.7805476943993759
1669,-0.8175888558764888,2.043187841294217,0.5475062123123687,1.1137458921114327
1670,3.785962444164411,6.777165870458723,0.595971785701023,0.5811185698618938
1671,2.7645127480408713,2.2152036063693608,0.505789221789621,0.6739600350169516
1672,2.196430776414195,8.333693675305662,0.46845356828132384,0.7023353273032181
1673,4.3916384920744616,2.1586779905629245,0.6599847451387592,0.6998592608096024
1674,4.436221812483758,2.2954172023382102,0.6428803324318161,0.7040073732039722
1675,-2.7701150620054733,3.5379966298413774,0.11961879003551913,0.5799136583723163
1676,-1.5385680333093925,5.440631438023445,0.0693107825975222,0.33805145031173606
1677,-1.8603761965913166,5.826843080204542,0.12303169051976127,0.4789088535818029
1678,-1.7387989221530091,4.734454382771412,0.07693996076341797,0.40118157957860456
1679,2.4787506634836554,3.559264094876988,0.3974492156216534,0.4720771320247654
1680,0.4550537772192096,5.122045873396551,0.2799732748035354,0.5123415334612804
1681,3.348299914514437,2.51271682948459,0.6181240523992565,0.7522775695911799
1682,1.0954854492323653,3.0619152473890483,0.5515442632388878,0.9326318790331928
1683,-2.782184662278453,4.195132801360891,-0.05111547772239115,0.25817542308345615
1684,-2.6690193415736707,4.43593674951394,-0.0662783786318006,0.23976020234896
1685,-2.797064248509237,1.5546091933704826,-0.18391560616242142,0.03908432281391607
1686,0.40991154842980326,2.9299817170586273,-0.04784003599336441,-0.06139075017875099
1687,2.846440689237017,5.192340549980156,0.4405293042992022,0.5018593577488658
1688,3.3106290683578723,4.504354042118742,0.30570646886874986,0.23840074270793468
1689,2.553366773244113,2.2933770634371005,0.14013225158396184,0.008793121960751576
1690,-0.3618211202821574,6.04002209803955,0.6802096700156343,1.3547776977687098
1691,-0.485526783361817,4.453110591708119,0.7766775036675915,1.5994338521755207
1692,-0.31748558622322215,3.6795012351328538,0.16829165326837395,0.48990063287597807
1693,-2.2724457945066288,3.898215731094901,0.07322389992050653,0.3488664587004932
1694,-2.0092337527819737,3.877401634306008,0.05687532068551587,0.37917213157169094
1695,0.3564669772966767,2.4199259986450454,0.22314765248217872,0.35789138598223214
1696,1.9381339811713778,3.779060606282161,0.24802853960587903,0.23419187213666606
1697,2.8911399188198006,5.667182356113778,0.5563515620758956,0.6818773849400601
1698,-0.10423821934083483,2.5057519543645763,0.16341426317338853,0.3392398866483561
1699,0.4955881898299303,2.0046505662698846,0.050418707799854405,0.06729761666924997
1700,1.4573826480489447,2.071577328818439,0.036711210391074084,-0.03746015824876443
1701,-1.6866765769363488,2.5335047308726986,0.15766575321901347,0.5145171526419925
1702,-4.090911537930578,2.823204541260834,0.16809142946925887,0.8525848697686116
1703,3.6779894158614126,3.5169597774017816,0.2646135688200798,0.10391817091144712
1704,-0.9526674005303702,2.306833315974028,0.2578062334426557,0.6155180987562966
1705,0.7070181998079463,7.365441995312703,0.2665417523121631,0.454907889479735
1706,0.5676628751135023,7.3238929817912,0.22772179579444146,0.41525375860028857
1707,0.8546859146419219,3.1942198012582166,0.2595828434673798,0.391714757216049
1708,-1.3047212606944267,4.191443981556051,-0.28368201475148036,-0.2668161398303219
1709,2.7521955247198697,1.2967895856349183,0.3785657242861043,0.40487681016687327
1710,1.8173456958624503,3.276683463465449,0.23434580677114136,0.2553586763030561
1711,1.0961999506569213,3.447919690329842,0.2528870256236101,0.41251606473017866
1712,1.02024204886229,3.8788166977509566,0.29250442676931515,0.43314934981742087
1713,1.010757378094295,3.299565653497303,0.10260444800639995,0.09569032490604897
1714,2.7204802543966022,2.378222477293814,0.19548156347151624,0.06860074289221436
1715,-2.001999854222708,1.0724188457743724,0.021471612456193667,0.26601176435647156
1716,1.94604694013581,4.938574898906722,0.1295278054324317,0.05886618236555256
1717,0.8376464341684263,3.3327322063245206,0.15739590577623278,0.2164237123411378
1718,-1.0647073282767514,2.0607018930070504,0.13245067954562337,0.3913923149169917
1719,-2.6856884798232086,2.147572508881017,0.01815776760471482,0.4011698442156024
1720,2.4370318161558866,1.356316928465576,0.09938988391444012,-0.1855052986904956
1721,2.888648771503856,1.337965536288475,0.02332575960459768,-0.17896234312507636
1722,2.105793012531354,1.722317748243062,0.001966287289201038,-0.15012786617191293
1723,-1.3963729627531007,2.4516222744989653,0.02632945933797969,0.1947098750980178
1724,0.8790780778281555,4.69452905493118,0.3321861890093201,0.6072698863392278
1725,1.7410447787523586,5.401259811603761,0.3769481063629019,0.5999071128136049
1726,1.501707548864161,5.290820375486202,0.3997318384917132,0.5686945345416228
1727,1.6372681352657605,5.076459402779362,0.37921007342684887,0.6062251654424744
1728,-0.6725607401201317,4.578831618671327,0.26461109241601155,0.6073850523502956
1729,-0.5673404178763903,4.46564506782246,0.267688803950009,0.5837172869157224
1730,2.3262229102478496,3.786413819989933,0.3066189938630364,0.3362708448251366
1731,3.2053127339914154,2.597536697765658,0.3039023522188661,0.23809755288929577
1732,-1.1298464316030539,2.3928611775249427,0.1653220620767158,0.4599232248323505
1733,-3.3535707966001036,1.9599776395159918,-0.20181989950405863,0.08427766768561178
1734,3.3296482464407298,7.429049752035418,0.6653940855434467,0.8663761740980325
1735,4.2269155077633735,4.09666013961333,0.5233762240977372,0.489118153459124
1736,3.643138105688171,2.332221859799371,0.37373555641349654,0.31521534562093045
1737,-2.0654744663697415,7.008145831413717,0.26793233927395116,0.7517300516734348
1738,1.0237824344114714,5.34169183128501,0.22662330420756607,0.30280826523799853
1739,0.418850451039759,3.0232329916483707,0.5612398097143976,0.9925468305258033
1740,1.9115217757215164,4.96443008347476,0.4850125882494313,0.7301915655385111
1741,3.475352608772556,3.6004175565193077,0.37474983566720094,0.35428658102464217
1742,2.5614593746687295,2.230599350102059,0.3874216525257293,0.3745439977571079
1743,2.669751319138296,2.850172468506625,0.2650302695447862,0.2756350601815784
1744,2.598513542204291,2.9035501424008565,0.3245231332770053,0.2301003180359901
1745,2.450720766571549,3.352572665039709,0.18779445188132585,0.15566454823669237
1746,0.22769880726212352,2.851297529512472,0.5383149763804668,1.002353074522035
1747,0.5841057797942281,2.974352496236132,0.5945412474615283,1.0908011602569347
1748,0.38894127488668984,4.767190848403381,0.027359745258757215,0.11567388268013327
1749,-0.2649942634459322,2.3316574745995466,0.5416400169684721,0.9617570850563716
1750,2.311973252187663,1.6571739575241409,0.6804608107727176,1.0886062225988802
1751,-0.017865001653422505,7.54403517684342,0.4272202243232449,0.8441535182921113
1752,-1.3470224580654648,2.777316263335948,0.3554620961557791,0.7592952111272933
1753,0.014574842389313647,3.8769411657511745,0.34547384578669027,0.726038847659359
1754,-0.38595462138073683,3.6139034317285468,0.347880422634063,0.6759422133954379
1755,3.139541528175575,5.900438174055212,0.3306209272581238,0.24973616660536568
1756,2.413185090328855,3.3763030067088464,0.5222228498612516,0.6566597094436311
1757,1.5682695132267193,6.803764912458054,0.552933988078681,0.886736717623614
1758,0.900400285860679,5.203722411149748,0.33212787447223113,0.559592544426402
1759,1.3745569933608075,3.5429586548306,0.3093582586521777,0.4474624048888278
1760,1.8878379362597195,3.6293722064195144,0.2971064391008724,0.48209000703991106
1761,1.438171455263221,3.8074647707289357,0.3124750862736375,0.4555354177717091
1762,0.5077843160170259,3.8020080305509176,0.15039996009928366,0.24236941945841545
1763,-0.506546425447739,1.9072105698306896,-0.07597707154577737,-0.04591320174853406
1764,1.3058885009265069,1.8052864651914653,0.3306451916652365,0.4777087152420636
1765,2.3568336755954027,6.293823034707725,0.35756603578682594,0.4282558749700973
1766,1.726742897232682,3.478714285324173,0.28203940782086295,0.34198062952902875
1767,2.3782324466554323,8.688193614616102,0.3210251056348897,0.3496332399914641
1768,2.065964942104648,2.284045883499719,0.6415771341341432,0.9425205001469859
1769,0.7727455367882805,1.9656005629176758,0.5578593593103781,0.8167902963004717
1770,-1.7421620365823203,2.118770185005731,-0.3533080457039184,-0.29472529574300355
1771,-1.2089473986355843,3.0090238978733637,-0.1240142835227134,0.016007473539288844
1772,3.0395364004649346,2.3414579493786647,0.5164655798185172,0.5386342044567083
1773,2.1321513935836336,1.182917856430302,0.36035371783705333,0.42410481123668425
1774,0.48887646806398033,4.489180156197148,0.35236643437964826,0.6878287891158799
1775,0.09801836499367846,5.398979651154401,0.4079073022594416,0.7151816539211377
1776,-0.9955289490614126,4.284139527132845,0.32407844996925467,0.7623026479065794
1777,0.28176765426517336,2.1791948576780436,0.3150489528960825,0.5739176259562222
1778,0.7304226552632574,4.675758976007488,0.418655292483897,0.6893364148503115
1779,-0.617430446996134,4.036729806900167,0.40125529855098563,0.8673746852048649
1780,-0.4900799299382275,4.166389795886366,0.3851996007357137,0.9126270747755012
1781,-0.6624612268180354,4.013305222931247,0.41049524254038827,0.8631185951700862
1782,-0.5686415660803185,3.982662196310676,0.39272966729132813,0.8915948559147963
1783,3.5999983368034103,1.5918586176493457,0.433804467857302,0.3244811593757339
1784,-1.1288618290518906,2.417667934936143,0.15595154851329443,0.5382118465297928
1785,0.6376552552273639,1.4662098283844016,-0.0713396926190557,-0.2243722373592315
1786,-1.5345526424120457,0.9812102411913408,-0.2522513296382725,-0.2980147260948023
1787,4.223634712796166,5.9654910275875395,0.7211363681278115,0.8442777886495485
1788,4.4045053458653465,5.559975865301884,0.6776655949468076,0.7786667755348702
1789,4.384427682098038,4.526117511673631,0.5909222995984889,0.6050719982242837
1790,1.1885531475057196,4.382829475619789,0.5000720976438523,0.7735648947032759
1791,0.597480650172373,3.7665196301177066,0.6058762211211182,1.0493428563404923
1792,0.6990455622219354,3.7151460224016253,0.5799723728391305,1.0817343996555397
1793,-0.8148596910017306,3.4220309116513175,0.2897765570541806,0.7099682185813391
1794,2.1697867772644495,3.139421694697874,0.10203591749590668,0.04928256265010529
1795,2.102306211159276,6.3502922489510425,0.1399994357920877,0.12774615900504255
1796,1.3393829616917357,1.5608289544032314,0.3911798508581444,0.581051885103587
1797,2.844790592501774,2.0610027704692166,0.5181919454968836,0.7320861813178797
1798,-1.0009986122272863,3.326242931652105,0.026252049918199627,0.18994467754625433
1799,-0.5973933430093379,4.794177675172022,0.07352124649331016,0.25385164016657996
1800,-3.507831305044153,4.181149118171241,0.13023588433164185,0.7180605708056992
1801,-3.4328042631764077,4.303213324746597,0.16769402550323734,0.7042230815266272
1802,0.1883779974449265,4.514088464661516,0.36176215220623287,0.7219780596040878
1803,2.5481201714711714,2.8519105706051437,0.42963397572684714,0.5148659866668518
1804,2.1228945531667263,3.6275459513382926,0.39316150140882905,0.49959971809191406
1805,4.0144631417126755,4.526743721968962,0.4305397469954091,0.3801472791716056
1806,3.890248545824562,4.4355553549045,0.46359584442299423,0.3748706802201328
1807,1.3647652626865276,4.763232006444292,0.4917820925117299,0.7691033943684162
1808,-0.21137835758353998,4.75350739878037,0.1522022800047151,0.2548001736998141
1809,-0.35614628577262125,4.309730738127368,0.09908587281789065,0.3231891577294163
1810,1.757746739145163,3.9210996255392256,0.3515637036401827,0.4329713144192933
1811,-0.7721802610290313,1.9667123525426908,-0.0875776786195063,9.173428241599085e-05
1812,-1.4745479557140815,1.5995279860146674,-0.046278183634955686,0.13362209231954364
1813,-0.5970344151950918,1.1764506157962074,0.20295721218341292,0.5732447529920852
1814,-2.5429050060821634,1.628018501602813,0.19294807786076446,0.6534063368665453
1815,-2.0851786143039104,1.795199157625258,0.14622166002593665,0.572109689865609
1816,-1.338767139344239,7.234385047550739,0.3017408706045202,0.757356403664864
1817,-1.6162337725101052,4.660085082393308,0.1753464627809995,0.5566923975613951
1818,0.11549956548770461,4.4328426413485085,0.34912529414326826,0.6989080743228033
1819,1.1499113986353082,5.084109390998415,0.570892411284251,0.9888425586236045
1820,4.266633685212792,2.548365859419274,0.7245995696996766,0.89785649872844
1821,2.508895737917401,5.746782319258233,0.3784850859279386,0.4628776557759553
1822,1.1119140702136154,7.862524576392054,0.35418408483286035,0.6120924267609632
1823,-0.5122907429568592,3.098288195132583,0.25358341038341564,0.5902522857749903
1824,-0.5260973075412134,3.916962209851377,0.2917260151511079,0.5668767988868668
1825,1.326919617719809,5.835771862157336,0.33062815559488634,0.5018621412044192
1826,0.5936698577852266,3.9753708537706447,0.3838674054118577,0.6749536432891936
1827,-2.1017183637854173,3.7170983470130055,0.13621721610608206,0.5229676438079389
1828,-0.5901045344852764,1.0516348934063824,-0.1226303237509149,-0.10007090824456555
1829,-0.6175901675407711,1.180015428162945,-0.08986864289313005,-0.08701589562853682
1830,1.0248823135455385,4.211021018455132,0.23759664864635166,0.3522659242579396
1831,3.44262686039585,2.0235453735144997,0.46222353920983267,0.5257028989695977
1832,0.11363674857541795,2.3896719777114352,-0.2274735214496684,-0.2815468260242529
1833,-1.75499981719922,1.8011521324817994,-0.16502031323818758,0.004056552835927505
1834,-0.33731836174684277,1.716638986102256,-0.35129624757194305,-0.45688300529361564
1835,-1.7564367010899338,1.8351453334234908,-0.08437915765278638,0.05081916489621551
1836,0.39480929104653134,2.1423931743788542,-0.10846559991726705,-0.19210750724064446
1837,0.47773463864817695,4.050485619012857,0.06463078915925408,0.08445009515125791
1838,-2.6561281663906398,1.7539975560576517,-0.018769820461162486,0.3322413820623881
1839,-3.475335198099717,1.5405267941877814,-0.08394621337864026,0.31526150184865653
1840,-4.185486819309819,1.6723066072062847,0.14521831610028574,0.7360879928559966
1841,1.8754597155516233,6.0172629637855914,0.4339719282653327,0.6526248641624051
1842,3.317892391940152,5.750725839206328,0.5257451777886671,0.6989200067955023
1843,1.6484765420010519,6.201826023472992,0.5722486895175839,0.883310925436894
1844,1.5614554641621337,6.7335183786938995,0.2673296502823682,0.3541796782669889
1845,-0.5228141176016319,2.211241979009406,0.3761766273422749,0.7887181203544782
1846,-0.24888392602659742,0.8070389673927836,0.2999815579277906,0.4373547175674873
1847,-0.17472662812786494,0.7891190777087984,0.2646667468146936,0.46438089262998766
1848,2.1484783065312185,1.891682592300592,0.575371641714183,0.8514902310280409
1849,3.1235254735262683,1.7376574084694938,0.5684588210459396,0.7010783779154439
1850,0.8142278897264504,1.285413426971408,0.23413709346931627,0.3339452207757123
1851,1.1690138284300353,1.3690933291324399,0.22421487139564011,0.4035718382626487
1852,0.2890811252286156,1.377195236774641,0.29347885293236536,0.28982025708625186
1853,0.3910535732200112,1.1745492951703203,0.2325321038208257,0.6573839934999222
1854,0.1747971733027905,1.1317166318513063,0.2889631820643676,0.5396723731918209
1855,1.6487451551239791,4.277663630256807,0.18527374854114034,0.18610499623253154
1856,0.5005851473522288,6.0425455426627455,0.2670424550885207,0.534914868777908
1857,0.28696025203790865,6.230075201627851,0.30799484221278456,0.4892547854693306
1858,0.5032464355827427,6.1695525398539175,0.2796379686006485,0.5200926911691756
1859,2.370512358112309,6.344494143234121,0.5667055073119924,0.7962877002425194
1860,-1.7028378173352505,1.5675984044974962,0.043927917285085515,0.2191782668788724
1861,-1.1132769753022675,1.60264667285811,-0.010089876890504133,0.24687176511235867
1862,-0.9916284280888489,1.3932135490847612,-0.03551278485825045,0.10111523803127606
1863,-0.014756908518340465,1.5194603755708567,0.05476250412031012,0.11795460834962913
1864,2.797305834024136,3.5512630369744764,0.42705774355531206,0.4746704840289202
1865,3.2524274219874854,2.7090766711126277,0.6759261207830943,0.8604378539982929
1866,3.0054066918477105,3.714790413774745,0.4797589444847162,0.6386429140042411
1867,3.303100842655028,4.132696690026558,0.29753654145352865,0.18955255393186152
1868,0.7751872656229302,4.837981419741082,0.4711929320113552,0.8372916229374092
1869,-1.3576117631499993,0.5244649188693553,-0.06799386549962508,0.020489891684664453
1870,2.836459009105982,0.6906869982628191,0.31287792486279214,0.23388813417896157
1871,3.254640781278489,0.8093993997478136,0.3176674219226529,0.22920814503418852
1872,0.8144500383711796,2.0513366925866103,0.4166239938810988,0.6546345029940941
1873,1.8970326734393104,3.5175836786891974,0.2901253453997888,0.36879637052122777
1874,1.3618877645394605,3.1375686824503783,0.26789962121902594,0.4034677270263532
1875,1.014302603628742,3.5282482591058026,0.24577287207288942,0.36164959401327307
1876,1.3947783187516056,2.520451752430683,0.2306429331473041,0.3668114075945362
1877,-1.0961059233569657,3.7772102825414287,0.14236245322081792,0.4922866711113649
1878,-2.144674493878193,4.009828969007123,-0.006720018484647149,0.30630343806787746
1879,2.6436883622122416,4.657515218114846,0.4052749360664838,0.4884797937434544
1880,4.3000574603417325,6.4288471761401444,0.42861176574808235,0.32213099252408517
1881,3.4738778058123954,3.3830419483266216,0.4389381814047534,0.41996285316600696
1882,-0.2652837646882585,3.102096487868692,0.17365929549567213,0.3505452874630663
1883,0.4501320342680569,4.1495518125338515,0.2130327174913762,0.4087981793290906
1884,2.766462262456659,9.052232438818333,0.34336556974738186,0.39045529206948837
1885,-2.462393042867316,1.7338750128364184,0.17192069476830105,0.623582060880581
1886,1.5173175445934415,2.405208644141116,0.5692019928854241,0.8936433054738995
1887,-2.1486287546901193,3.1977244629289356,-0.21307335522422466,-0.00168224887938883
1888,-1.338153137984594,1.7737122645054193,-0.02134458896327804,0.0543708357803372
1889,-1.0643531766123597,1.7839006449481343,-0.0458871138777559,0.08933290295076979
1890,-0.7342900206369949,2.28200939753322,-0.009352178672514797,0.018880609170986936
1891,-0.2535287068665941,1.9573294748842844,0.018195754248147157,0.10839019692399597
1892,-0.48581802085377596,2.9003842524627976,0.5280348319323314,1.0592808197319934
1893,0.25883565345566106,2.7933001515259246,-0.041959228138075615,0.016741813869104023
1894,1.4577915354343618,2.7917565479418394,-0.1145007779495687,-0.24357542139158947
1895,1.3440841401152752,1.3962280171814552,0.0978022077933066,0.03518279222098174
1896,1.4991647205684762,5.000260266365105,0.46420586666184865,0.7180506414812226
1897,3.3460172291826544,8.243239611527175,0.5710116822197316,0.6504621122110217
1898,-1.9631399597569659,1.4195868372327436,0.11467185701845763,0.3404020488483109
1899,0.7997474042283728,1.308327273061792,-0.28941106795679483,-0.6181236680417211
1900,0.8019760705655175,1.3513766123751543,-0.24609154841067168,-0.41635650190415624
1901,0.504079123626969,1.4185911974031824,-0.19122946143354252,-0.32341465860920904
1902,0.8615250492434674,1.7127090336928035,-0.0954543118801932,-0.21322667578184845
1903,1.2025493339625961,3.0974701412182513,-0.18211724302768142,-0.41880984311387814
1904,-1.3834455587253156,1.498598120573527,-0.25516978515250904,-0.2531509596759314
1905,-2.2779106766482955,2.498278796391469,-0.31140575444768986,-0.144724432379566
1906,0.5389763212238563,2.3417116539442544,0.050075965071845356,0.1610983825970573
1907,1.0153312637258902,1.6448457166508081,-0.04778700276507713,-0.12893821275669798
1908,1.0105986910322942,1.6427558971203442,-0.05432303681409716,-0.12917380576599105
1909,-0.6655329883251457,5.072431263544378,0.49579479314077274,0.9917937409191204
1910,-1.027241047458477,5.3387133223079095,0.4957954239782463,1.1087228008564183
1911,2.2299243416377115,2.6906237512556754,0.4897264847857563,0.7219314208571733
1912,0.3313847314163701,5.6609650250269645,0.41990430614735047,0.7714570223957148
1913,-0.08400793356456085,3.2698519961942045,0.22269162578236293,0.4348839188710758
1914,1.1782689132872461,4.762159282188557,0.4087158066106533,0.703592483885772
1915,1.7855339577431981,6.427709866263296,0.29946536204876745,0.4261429279076438
1916,1.4236240588877684,7.360409791913045,0.2617811445681446,0.39407687715939627
1917,1.8222144666157911,5.440873748464371,0.3003920375600748,0.42860032280095406
1918,-0.25385194727200444,4.245393192165289,0.3621805602660711,0.7066690102022957
1919,-1.7355769558664962,4.212034381786154,0.16762555460736625,0.5505396782609857
1920,-0.3204197818450265,4.803157596737728,0.1695678396520181,0.3920460683084472
1921,-1.060718945104175,1.5297823688068228,0.06875044789678036,0.23730238918926516
1922,0.7809463559349149,4.012070818107307,0.14154322034965378,0.20645273474500908
1923,-1.478504680639382,2.052472339737088,0.10853548737518626,0.38387536200404215
1924,2.4226867893189117,3.1066218925706726,0.2561117599573827,0.2754972995226487
1925,2.8120207565619335,1.9325671353337626,0.4034871202098295,0.4529813435681657
1926,2.065256937791751,1.6878308812629808,0.24881304666987494,0.2975499817901477
1927,-1.9220218519096488,6.107740528682346,0.3340165126414786,0.9235306807231652
1928,-0.16944384113435682,5.444501730226426,0.19582512043138078,0.4071649579388235
1929,-1.1695509802085575,3.089770209283931,-0.02885492871152232,0.241061888764181
1930,0.3759812200677149,4.442739636673703,0.004120402758482429,0.09585920652376693
1931,0.6421166955200618,3.672901885734242,-0.050594490994891356,-0.024947538648501442
1932,2.5533572964741524,2.298333367118248,0.2904054212973629,0.2285724922580001
1933,2.4055179776662805,2.2491394688701214,0.28736952710047836,0.3711503500331769
1934,-1.089536082976933,3.4418940246490446,0.16700402643193304,0.5423210762803639
1935,3.6882338340840963,3.795110074131609,0.3556641070275627,0.32110885935074
1936,-2.7048882331798727,1.8507359048066454,0.0859846064979165,0.6089093850777181
1937,-1.7925309037157295,3.214543637466993,0.1450520185678125,0.5783107880340842
1938,-1.8841242834385534,3.1786842473171233,0.18970060407420702,0.5155260016403128
1939,1.2742051827609584,1.5075636442339262,0.34230737387658633,0.574805521094201
1940,1.990387257456005,2.49889454379824,0.3584332594466513,0.4359709001464035
1941,-1.687284344767888,2.7747652944873553,0.30051320301786516,0.7553657175467376
1942,1.7918351456791461,3.274106760536472,0.1912266825608521,0.23064287159289337
1943,1.6922444047443084,3.101287935715096,0.2363883796448531,0.22366772400191418
1944,0.30785084162522997,4.30066020443456,0.4237300774713484,0.8303757514395578
1945,0.14757318506051534,5.010204110999529,0.6979048785676842,1.2910138328722038
1946,3.7404028910107177,3.4068952935444234,0.302082638130065,0.21300414496658374
1947,-0.8779062041175781,4.4580472809547285,0.2853242231500772,0.6366868339745103
1948,0.3573642352917844,2.607541110500131,0.010143256570896514,0.051144636532109725
1949,1.7869314689565616,3.216985765005805,0.11110070476411445,0.012956175627527622
1950,-1.5500344265978132,2.3397882328297315,0.3386571856034696,0.8721885353632655
1951,1.879683129804306,5.115965415728738,0.42568345815069564,0.6237901637081977
1952,-0.23668015736723746,2.2001967843921237,0.3195124790442068,0.5485612744183748
1953,1.4278303408010207,1.1222891467524885,0.3014482461137042,0.3199940875420713
1954,1.944191575159944,0.943573434552559,0.2824607962676872,0.3167235087411808
1955,1.1128733951598413,1.335992208030467,0.4458156139484318,0.6553789109896717
1956,0.4468051088999317,6.159902776152196,0.24083910993865834,0.4871322992046993
1957,0.607196732677449,6.749608235659001,0.24726643018630903,0.4310182657737731
1958,0.42446598604474384,8.678055707200826,0.25488060024226616,0.4665643210945828
1959,0.45321285223040164,9.694624287653774,0.26603708299753737,0.47648832575387934
1960,1.4878412219737678,1.605971965859685,0.3402777118603797,0.4960474965807618
1961,2.4312621788719304,3.037353020841664,0.08237055064448742,-0.0830845015458862
1962,0.92228621580898,1.4038205830268466,0.2452381309438344,0.3447253907209824
1963,-1.1183863596160835,4.375854362795092,0.018733339676103352,0.18950025078438876
1964,0.704924419928817,2.18817786251478,0.44973743097268554,0.7467828296609152
1965,1.1700288900816456,2.556684967844017,0.4432591187349774,0.7154407523693095
1966,2.642074960719495,2.2430802189012824,0.37108380354930653,0.4024293145162738
1967,-1.6118557558888011,6.168576668390402,0.07152895226256475,0.41336373630747947
1968,0.4528814228387839,2.941709675895163,0.4591611535471583,0.7823317638936165
1969,-1.8359903166759064,3.110601268319246,0.3799323695630484,0.9515764361400129
1970,0.7569748570943845,7.03499170122444,0.21030986005767718,0.31519353271270834
1971,-0.6501410912286993,1.579820263371459,0.04287128188081478,0.21460453711130767
1972,0.8147809927139437,1.7157405707259228,0.0868084538018601,0.12915261357459135
1973,0.6956042622001166,1.7446772037561225,0.10855909462848513,0.1130955812339382
1974,1.0208400269501499,2.848526291383932,0.3753171350493254,0.5582099419103927
1975,2.123270293905869,2.7333994686200347,0.15381623880405199,0.10643058484859201
1976,0.5343213942723578,3.812744341324396,0.3965705123586549,0.6589799523081743
1977,0.5975336385284992,3.8412804343856166,0.4166980574126907,0.7547664215719122
1978,0.7721603065165358,3.4710203648142084,0.25440816501585284,0.42916185671499774
1979,-0.6603171789096693,3.829244106267902,0.10300775672964455,0.2849211082152752
1980,-1.4532405166644233,4.756352381359881,0.07433502550075172,0.3187843823761477
1981,0.6233755009376211,0.6443886705306697,0.3274479687755933,0.499083264006204
1982,0.12624502793082654,0.5701688804611759,0.3076116664546797,0.5208361458072323
1983,3.140148219555685,0.8089889116885163,0.5024152585562378,0.4914204786365828
1984,-0.056083953685006765,4.259426634022499,0.4425131554984823,0.7899910601947926
1985,-0.5910506813514155,4.855862735104655,0.3905947917235812,0.8598106650356835
1986,0.32122121644795054,1.5843273589257074,0.16373478104543973,0.30243067256400047
1987,-1.5881851108418295,6.7980449354812595,0.1646597955137641,0.59595958724247
1988,-1.8901771901214266,6.664338459504415,0.19033036046420182,0.5313716258466635
1989,-1.8174748718546543,1.177021690545045,-0.06494334919573892,0.057382862811714994
1990,1.9756079417593293,9.245581572955755,0.47801778430042297,0.7489073769912231
1991,-1.1518055590464635,2.365936154130686,0.4694533151423092,0.9683355583048601
1992,1.950889893504449,1.0162565762374594,0.2752266787274398,0.2358686512167314
1993,2.0130458369677675,1.1552250366180723,0.23606131179607578,0.2827270111646027
1994,-0.7602028619329126,10.325414451820679,0.32507398597801085,0.7810733949521993
1995,-0.16893641761377237,2.401092370463759,0.25958112817220874,0.48471475271515485
1996,1.2478466551404457,3.8105585081971776,0.42316602033190315,0.6667428536130451
1997,-0.5342878722837837,4.455984027436343,0.211109551126519,0.47962676748473076
1998,0.439120520775195,4.7501829403616895,0.11810856454711355,0.16900830480815465
1999,1.1441003811888397,7.213754571732234,0.21091321045264877,0.2547909873682017
2000,0.28910267836213793,2.0778599507729667,0.1562439150255048,0.24940098220188375
2001,2.156646522402762,2.6865419601457132,0.30574620965403887,0.3341683581816003
2002,2.473734021525172,3.4027587336916567,0.23515787748983605,0.2042091048390414
2003,1.572295590483841,2.2392402471303887,0.18761447532489692,0.2340963201901196
2004,3.0525517756865566,3.4594453883534344,0.22995448704930693,0.13920535747271356
2005,-1.4782067125822038,3.226859387676959,0.4406221849933926,1.0458576816764669
2006,0.8456867252873217,10.200061398907055,0.5105800862991069,0.86251759221485
2007,-0.5650486464220582,0.7562722014081126,-0.034941834554320796,-0.008883250622388933
2008,-0.39274442158791495,0.7682942151439355,-0.053007520135035194,0.02191506990694454
2009,-1.6849246957039756,3.898384133313094,0.0034618834648194857,0.22668903316784786
2010,-0.7743352348482039,3.398002326616193,0.10262954369275826,0.2819987062531138
2011,2.855928410551451,4.167250500997491,0.44926331429107474,0.5481911881633154
2012,-0.8752592840192545,2.263341607942529,0.40382432226569653,0.8509287080444445
2013,-0.07368790762646707,3.9350909682331263,0.11946436480839619,0.2639024574446902
2014,-1.1354862577195382,5.256556326798541,0.09246972096943068,0.3482705737773109
2015,-0.10538363487685411,2.0454689011166014,0.1402960427711573,0.2904652703371053
2016,-1.5983041996231886,5.949713730616474,0.1398695193297993,0.49682477587846213
2017,1.2539485622580597,1.5272795116037898,0.13750239449227417,0.15094445854656097
2018,1.6686419448782268,4.445075019198857,0.3251999397219609,0.44679830848545793
2019,2.019251734303054,4.577880718647112,0.3054587261444121,0.3596043173886616
2020,-1.4464089871291341,2.6551677166780583,0.04961706113006134,0.2811550094032137
2021,-1.2020510052355813,2.398783006145599,0.07882242417505363,0.32651248603974037
2022,-2.513756101650185,3.8595917376393643,-0.021395434929786586,0.3705694129600805
2023,-2.5973059197173543,3.7367915218173637,0.025337454697385128,0.3860418236976797
2024,-2.13933620311267,2.1094929120741943,0.2261514893544041,0.6950333529427106
2025,0.9659540177058697,5.144201619352075,0.312470554937721,0.44558210410766547
2026,1.3792196268639179,4.963519364415958,0.28357233395346426,0.47916389789256253
2027,-1.097217792063199,2.4936004384318684,0.2088728009007227,0.4722610889528626
2028,-0.6327752465057718,2.2650605560586667,0.1891579974698121,0.541121182957069
2029,-0.7607366226149896,2.3665313904224776,0.1770201457568701,0.5453864107688957
2030,-0.8840171368999091,2.1476356287103404,0.2002960704843014,0.49990051958438503
2031,-1.3460910331968157,3.050823653663255,0.21665101779575713,0.5980947593654323
2032,2.7941817519218843,1.6744880844376617,0.12698981599002543,0.01645213619445788
2033,2.3739933065309566,1.7169387547951067,0.2057842613551811,0.03706685020231255
2034,2.273202013072486,1.780132944220127,0.17486281304135426,0.11681706074113934
2035,2.9847498930688245,1.9180360083006234,0.1979658734042271,0.09675965750022045
2036,0.22473926165437444,6.47322940441631,0.20489071308413997,0.44766113228655097
2037,-1.3741856292307815,3.5641405559546464,0.33205266979154435,0.7401272927104064
2038,-0.9504789753271021,3.021096947889153,0.0016565138570401705,0.17577007348108298
2039,-0.1228238950665578,2.8344395137197367,-0.14622028523892017,-0.2099159089490884
2040,0.4022052928272972,2.236290672577515,-0.06443698986945123,-0.09905231524476361
2041,3.2850569323800314,3.6393970954821033,0.40718122373724824,0.4121208310175817
2042,1.5946439430418629,4.2593578684403814,0.4156759730346152,0.5977970889265568
2043,2.3369063305551627,2.3432472301721377,-0.032118162574258834,-0.22590437981915612
2044,0.9462667851591632,1.8388439704937514,-0.004576657554466662,-0.06259153371451129
2045,0.5374552573357388,2.4218455983109486,0.23730853058907858,0.39439583690597213
2046,-0.9147203691641953,3.2756033276675143,0.400648122018807,0.7563803021177302
2047,-0.9383941378672346,2.8573131924768296,0.407980963175954,0.7357762429504818
2048,-1.035761923373636,2.8157077084837145,0.38033404803971804,0.7474641162924677
2049,-0.5174506204045306,2.789219274675596,0.351413370102511,0.8462319603321053
2050,-0.9378171761833037,3.5335527781235445,0.4372070931824725,0.8529089844019939
2051,-1.5469863643100792,2.8421704225988833,0.2952901002894335,0.6652124037033488
2052,1.0046630706816921,7.277802087029352,0.3143094463932744,0.42965812998928166
2053,-0.10545569594576498,4.336163215245531,0.3558762634164696,0.716402895606832
2054,1.6320285736070346,5.297444974888597,0.4464025341567663,0.676204629437182
2055,1.3419135657121282,2.0846502846257957,0.2212879872773436,0.3108227263110467
2056,1.3244074856732964,2.4564634208104583,0.2308791635750037,0.2827807304078916
2057,-0.49257762742336453,2.2737936327658996,0.08507243788709351,0.22782895701893127
2058,-0.2236671627311256,2.729818975496711,0.19559536734837626,0.42998089822529506
2059,1.0581644187503008,3.833378680650466,0.3367844256594979,0.5272291786221605
2060,1.2031020639113263,2.2743892842418796,0.375894322244879,0.5450737086152638
2061,1.129003735260468,2.0036956011838445,0.3256222978298285,0.5672542473186769
2062,2.1705523599061745,2.131004826997076,0.36696651633199595,0.4782120905863874
2063,3.4247114267563954,4.156814097519271,0.25511353188409336,0.16256231954849648
2064,2.514466151042967,3.042479361537474,0.22871015862361016,0.15901091151058114
2065,3.9336645293357666,1.5586806158515456,0.3802351250898982,0.17442888492797268
2066,1.5832995851145424,2.293128170123701,0.07509876952002957,0.03757870896480605
2067,0.44824934234294583,1.9943670559595004,0.18977741856843788,0.3625820719673013
2068,2.065840706341793,3.052084211982344,0.38598870219017084,0.5139397391831549
2069,1.6863121186789742,2.8179672847250545,0.2521268725098701,0.29449837810909535
2070,-0.9824982535240526,3.0262546461784363,0.073438509534617,0.23973879701144368
2071,-0.7694284017622564,2.828543148465327,0.1042114896759886,0.2857735019764827
2072,0.22900178586833855,4.151888817411612,0.2199317100944016,0.4153008535774855
2073,-1.953692526014054,3.7161763652072266,0.030849146867749748,0.3376029569671878
2074,1.2173988230211357,2.118034286310313,-0.04261218629438775,-0.142643681443528
2075,0.913401379105348,1.9279080009266216,0.0417403973272421,0.003107890606669135
2076,-0.40660877980318005,2.2660160457621794,-0.07093626464445628,-0.06604256064438281
2077,2.105816833304516,3.041454552388852,0.4415373662637072,0.6414978990371659
2078,2.36143751320323,2.864348686505679,0.48758894282855203,0.5689620030257533
2079,-1.156349055326765,1.7471412628256429,0.12216916023133646,0.3071908155394384
2080,-1.0217693313839704,1.9159457288712958,0.050069949181199766,0.3223944527410354
2081,-0.7587010892042118,4.780364914293095,0.2514460073152693,0.5461303064904596
2082,-0.12263442013974615,6.4419685056808085,0.09952812213537916,0.27206953102468057
2083,-0.6465453764004626,4.302301953186069,0.15306687132746544,0.36211269312484184
2084,-0.28915120338602834,2.6790989621445607,0.24498984239557242,0.5361826811928978
2085,2.642855550587552,5.610013893460118,0.5434488273657092,0.7320363985692103
2086,2.039917899712362,3.5469576021627147,0.3583567919239504,0.45287189122916127
2087,0.5863392246235415,3.821093442318443,0.17772781969374102,0.2965898140526694
2088,1.2048342881541378,3.0912813253218796,0.29253040345651316,0.45070020294230273
2089,0.976273858969829,3.8467165139546657,0.2906352643263744,0.4898665800962605
2090,1.9074036634810616,4.5168490980568805,0.565437612316971,0.8020112406537286
2091,-0.17803688716559057,0.9480323079950352,0.5202593709349476,0.9688466039205267
2092,0.3422579817696724,1.928748002531261,0.3057260153985035,0.5478288641516387
2093,-0.05872521829546124,1.7796321050265804,0.1678430659243362,0.3640737705265403
2094,0.9957377112918764,2.0332648821053376,0.10952893240721828,0.1630731633072212
2095,0.7281028301909493,2.5596946936980576,0.2068171462497035,0.2763808835741719
2096,1.5563278782762797,2.6416295236121505,0.27179618956683005,0.34284281919368176
2097,2.4528697383782343,6.573028994254665,0.32733132754337957,0.3562883422107231
2098,1.7603792047532476,5.65270829364528,0.3493412614458428,0.4781136837139767
2099,-1.3149912755592954,1.7245487323419384,0.09957917040875128,0.3613026335556543
2100,-0.7599407249273086,6.497571428937104,0.14934339207200212,0.38454201786908404
2101,-0.8209811650144152,3.5425901563456055,0.20974990353127224,0.5248295125968575
2102,0.6815960014723828,1.8157889356165942,0.3398970392813215,0.5967580054091434
2103,0.6574837968992503,1.9797144698852278,0.3386901047338247,0.5386511236555528
2104,1.7407937409682261,4.036487850072373,0.5651394952085699,0.7826224731305857
2105,3.0801829762625115,6.0370103629330165,0.49245729580945424,0.659257442728432
2106,-1.4341176911614806,2.3708785258420786,0.40518787411860263,0.8573747313320914
2107,0.32934563218590995,3.3384718620788654,0.32292509317629625,0.523361570855841
2108,0.6015150877224122,2.4853605812137824,0.25695362045896425,0.4033062081226405
2109,0.23015478143293525,2.0573642642404564,0.2946568749765065,0.569967338630716
2110,0.46911575030621844,1.9454301369565488,0.4398924288120126,0.7253623959914034
2111,-1.8644853575600553,1.5411664819823159,-0.5528304970617489,-0.5200450477734928
2112,4.670709178072094,2.0993444228223708,0.18505586865013218,0.013156502367658328
2113,-0.5376044316261739,0.9573261664625724,0.31726296633017964,0.48787333817649375
2114,0.7899613982027536,0.486708474266938,-0.01951674347850235,-0.2233936124272383
2115,1.22068780609514,0.5926015215300249,-0.020524827979173085,-0.015342009509352807
2116,1.1936888471474094,0.6214635275873472,-0.0205883833873335,0.0018845025870250188
2117,-0.5236665194009936,0.5375525946736841,-0.1326982680237636,-0.3096370878809848
2118,-0.12390123258694123,0.915605667119836,-0.18773411291555747,-0.13208712894764274
2119,1.8180253643166209,6.36291873123164,0.6092761621273685,0.9424979215043033
2120,2.4327992102390064,7.13724325160674,0.7325349580074947,1.0893315980042921
2121,6.867041798608749,7.301134179686406,0.6926454084876346,0.5286321005072933
2122,6.2884003999103335,6.728037031745413,0.769530720468516,0.7350404068513952
2123,4.105390278218141,6.12570850064103,0.7406752634145672,0.9572214768558527
2124,-1.7800367278325469,2.730322912041547,-0.07980657110759416,0.1310543218285864
2125,0.7510653569358204,3.5347115861977096,0.21931090476225293,0.31794299587546065
2126,-0.5844521151090495,3.4868116627416024,0.22046332447174025,0.49550564601068897
2127,0.27633042112095246,4.61436533948959,0.17273367799237208,0.32279136050505197
2128,-0.23233137626200498,2.7557709415609306,0.09530071745126596,0.23446052056498914
2129,-3.2029305675232056,3.2363860964141566,-0.1487513267782178,0.1499664762733531
2130,0.048530343891399395,2.0878280075066744,-0.08466795820192666,-0.07312001277557165
2131,1.0347310394695808,0.9568923178973814,-0.11296017298384745,-0.2320146474883225
2132,0.9989134720360335,1.5008068721270387,0.05576817968187318,-0.014942875072431656
2133,-0.01925463641564094,2.8470120170126316,0.48837531378760357,0.8907801478030688
2134,-0.03161211819991856,3.2778961405661073,0.42300520453210333,0.7876871121102718
2135,0.06970675648878685,9.272355765871731,0.1989387570970363,0.43813244540012397
2136,-0.11185571409170855,6.338210769889973,0.20975675877466024,0.4776390538377198
2137,0.5657150522646203,5.698803500918359,0.2298513459606529,0.3742032898581635
2138,2.309447977271575,4.41167983125973,0.42755326261143206,0.4866864344786171
2139,1.4505510665710493,2.9335823654839985,0.029477443377936754,-0.08995495620111425
2140,-0.2993510411693306,1.7601646135226807,0.048987357243983384,0.12708505056532254
2141,-1.048346036896923,6.383306320029387,0.26439091975977586,0.6292626014607963
2142,2.928163642746576,3.008904568433569,0.3840863376842292,0.4338411048940245
2143,2.7515998210569976,2.9844055872184065,0.4089072437612127,0.40991948217212004
2144,2.871367104331179,3.0479052077135735,0.3917186577158046,0.43662364943243487
2145,2.011308892317357,7.865086431671797,0.3157458726464545,0.37501673863483465
2146,0.7470754794321768,3.43989647491593,0.5282265494150693,0.914983083216642
2147,-1.2660040466587377,7.109364570867209,0.4211173262508537,0.9500197550368323
2148,1.6320104590575584,1.4066496055501838,-0.045548134583641965,-0.16876108013201252
2149,-0.01563306876025861,4.417143288678558,0.4598153107008686,0.8687196173997995
2150,2.4425321062052077,6.137461797452087,0.5061175457530389,0.6645778053326169
2151,2.5199065088749415,7.283961687643532,0.5177511808468073,0.7187740892223905
2152,2.856813654612599,4.022074400663952,0.46668814556287674,0.4875691546475406
2153,1.1759021546963713,3.049352242805942,0.4765133919526312,0.7744555697618292
2154,1.6009839438309077,5.373025482465061,0.3010927199827983,0.3710961008939479
2155,2.0466753732405336,6.177233674403174,0.3439251385062753,0.3976960360704815
2156,1.1957942119221274,4.602997819326923,0.27594358334415015,0.4725315781634968
2157,1.7382508038980349,3.5120619987030617,0.45065503516984734,0.6478833969161603
2158,1.003376860471335,5.0815533553846475,0.339793873527974,0.5221128241163456
2159,3.2229185151851603,3.793858280526559,0.6111891633665317,0.7449556626394784
2160,-0.11108340183213349,5.223861252780876,0.3201611618732907,0.613698199003381
2161,-1.2098196941559753,1.695341861560854,0.5822599068687314,1.2622839829549048
2162,1.8966278465447035,4.968775531123257,0.30089251231524516,0.3632145759139558
2163,2.240028508654639,3.2896071916189418,0.2864218453469563,0.3133904019274942
2164,2.3453997387503893,3.3322315941216374,0.2671852525292776,0.350062223403369
2165,-2.6237048114385138,0.8749069421129329,-0.3724159122168734,-0.32473500461436705
2166,-3.6001293975555786,1.5728446785599888,-0.41479655220316103,-0.29164573620821865
2167,0.4217216531470603,3.4688564311103955,0.1540747677730855,0.2357352518234735
2168,0.10337090721710891,2.391348056552653,0.04928931681008078,0.08499859740741832
2169,-0.24506003558373682,2.29831769098932,-0.03974232378904598,0.0403906071475113
2170,-0.7893493870669922,3.4228338308779582,0.04822262903704137,0.2512536152918522
2171,-1.5619064511767575,2.3603497620182785,0.015170649295404471,0.23690499234276974
2172,-0.12201999767237952,4.2234504466555345,0.23372790731346055,0.44493450512904864
2173,-0.3213822239441321,3.738216734094121,0.2729460786948072,0.50108369636723
2174,1.3111785896364452,3.6624590077618073,0.27780201995440473,0.3492812756847217
2175,1.5379166478404855,4.270489306988553,0.28824310441304096,0.3643875437191684
2176,0.8799134600691897,2.0151043719202826,0.13478369360141632,0.1301272759757917
2177,0.9367516922386044,1.881960165487845,0.1582518652672366,0.10997801080838542
2178,1.0392293677122464,1.8308872565843421,0.15630660322182552,0.11625601383045571
2179,-1.5846064205496142,5.342302964814752,0.32882590980013154,0.7723172682989672
2180,-0.5162933959562686,3.406355147218208,0.3365170834721175,0.674815566568803
2181,1.883396038174534,6.730731608753108,0.5101125247845189,0.7299238075702664
2182,0.014059150286137507,3.0568555145988947,0.4472723715637091,0.8184299625134095
2183,1.8244252910978056,2.772990891271497,0.04618662127684994,-0.038043389247709565
2184,2.21479607957275,2.6476196937094634,0.18256002947204641,0.17021075427252716
2185,0.41812058178676825,5.169814938830119,0.2421334568385851,0.3837468955696714
2186,-0.764674405311723,4.211144675082212,0.27287306505830156,0.6200705651949939
2187,-0.9712446033286484,3.1379721281615045,0.18315643499721798,0.47415290742180694
2188,-1.4135254323956379,3.0789151602857534,0.1313561490208481,0.5217945814214762
2189,0.7145142114557874,1.541256462056921,0.5356831122822191,1.004832890441164
2190,1.032962514685286,5.0296241192520466,0.11880921898606589,0.24067231439936268
2191,0.4654787898999502,1.7686956057312444,0.3462707627499754,0.6428505700631689
2192,0.47674966314000056,1.6083098188113312,0.3833096362769804,0.5870405648436076
2193,0.6882017363218238,1.582133863131851,0.39123778781265584,0.5860905488759358
2194,0.7003533408619653,1.56071280077126,0.3772658197806448,0.6134577810610122
2195,-0.1236910078487776,1.4564996968284676,0.21293595800509976,0.4620553294440781
2196,-0.03473693160929282,1.3848788160666345,0.24457274436954074,0.4327382402887795
2197,1.296112175477037,2.096633027187995,0.036805598786175085,-0.0012146658753390237
2198,2.265536909056641,3.1148245363906155,0.18662509874461744,0.1486188543287599
2199,2.358012886961341,3.1486007632484307,0.1756825951351629,0.1608456630184421
2200,-2.0075732805851922,4.232894285773863,0.41895247677919134,1.0785502330497234
2201,-1.9061917560012562,5.531176107501325,0.45074505488678307,1.0888200276918079
2202,2.4692987728818108,1.807798228367891,0.16217617917950777,0.07759200386795481
2203,2.215562122571873,1.848949085662265,0.18137045220531703,0.028724145119687898
2204,2.3405951908472384,1.832699002483415,0.1624016942269805,0.05406213456709627
2205,2.733361880832627,3.5668403754104396,0.26171206831657634,0.20891583322992396
2206,-0.003388829591789722,1.9282962828411203,0.03469429770149225,0.16308828774519857
2207,0.287366514110197,4.611645744568101,0.09452808944875757,0.21117699386468783
2208,1.1274216362815075,1.2959289300938488,0.15483639232496269,0.12981243711159451
2209,0.732730070176081,1.6097925665806687,0.05272345588871491,0.0808748666519686
2210,-1.7056461902303515,3.2493622506922075,0.4701223679895754,1.117211972756665
2211,-1.9490175047057285,5.706868609689064,0.36862655396590627,0.9571691526084234
2212,-3.3830105701146795,1.9956331931558513,0.31723901704810975,0.8914684692581514
2213,-2.308587055869023,1.2764529221861167,0.35468684661448197,1.0535095891411175
2214,-2.320846507634761,1.2787974583786588,0.3700877902669666,1.0665234633525795
2215,0.369881303327549,1.0242532827281596,0.6799110520480265,1.089686921593976
2216,-0.5948904998745769,0.4717614146109774,0.5941016864916238,1.23613107622552
2217,-1.7804245240357197,0.41736725864551555,0.5465407252235219,1.1397225701059739
2218,-1.8718311852899971,0.39559855998561555,0.6317171533947303,1.2789497852725162
2219,-1.8301282563706198,0.48118435969563295,0.6139241582119519,1.29130118771498
2220,-1.0720866136513498,0.3748669558587096,0.6246727301996239,1.2914290757343787
2221,-1.0246703610008672,0.33746773543766734,0.6182098775129455,1.1828813776682259
2222,-0.5930907689581512,3.093688029028979,0.30290673209996727,0.7003348007206158
2223,-0.6978738855972996,1.9144961038203183,0.38926227908704586,0.847712026220302
2224,-0.7624584963328335,5.231044103967623,0.05775064217935652,0.22622063415176744
2225,-0.04969498433511902,2.8476207043485724,0.17165736371462587,0.3310943695737426
2226,-0.20746903385232085,1.862379963594124,0.16683363895034228,0.33960979457261237
2227,2.9432712175309437,3.9189953711363565,0.5166674428826924,0.6518246910556664
2228,0.1888163693983819,4.76304938524509,0.43762412983913834,0.8365369102639894
2229,1.1195507789390544,5.461139841039881,0.49747820859368747,0.8185873652423721
2230,-0.8659636244588895,1.5808006025815675,-0.25005502761155696,-0.3095172566271398
2231,-3.640719415072947,2.2125814366582093,0.00018835932097260456,0.438192003300632
2232,-1.7163578318229267,2.5837451471005175,0.12539464211466106,0.4450611356303739
2233,-1.0057739106323405,1.623412369700365,0.11931531092038448,0.3358799385375349
2234,0.07382731140429588,2.35047351272863,-0.0011071300557209745,0.061347540177607074
2235,0.017665771287443194,2.43029885827422,0.01046119988386023,0.04910785929171381
2236,2.0396479818841646,4.701630158982642,0.4761627547689804,0.7302919436363626
2237,2.2899477593709374,2.6704982473754235,0.42203731907724473,0.5608187307022166
2238,2.2171984158303553,5.149675078391082,0.4468884147127853,0.6291882159029618
2239,1.5339339208994547,3.677784657662203,0.48157122222159426,0.7402750828692389
2240,2.0289283392651147,3.9014458917334793,0.3812864260644027,0.5001806957897117
2241,-1.2158386057813757,1.859533228347838,-0.1567116487573805,-0.12935646661861858
2242,-2.2257585959005706,1.6410410695544415,-0.5331185323847919,-0.592697726208162
2243,-2.6562074635965156,1.8484233586888008,-0.28845662627444435,-0.036646954770874
2244,1.795447601389788,1.562957852573251,0.20845983965787127,0.34050881155276025
2245,1.309617646695931,1.6622580495540824,0.2236231065274671,0.24912315792707249
2246,-2.1208745176940296,1.3865478515203056,0.11761261285856701,0.49902655835458276
2247,-0.06239724212233805,0.7983933131581744,0.2943133021057758,0.5297260085282625
2248,-1.948163733023226,1.0403950294312811,0.05464861923452568,0.35979413395014986
2249,-1.0792964278485742,1.254252732079082,0.09061543968422638,0.23295016235612
2250,0.32616693824805487,2.1161788796383147,0.029351834067393008,0.088513109099445
2251,0.691907613241422,2.7859291345285873,0.2275231233467952,0.31159288314636535
2252,0.6349057784901374,1.6061037431417413,0.07938872894167144,0.09566377057887157
2253,-0.2994219298354176,0.9816919672473844,0.20741090948361257,0.4080673548733814
2254,0.3363586975302538,3.026332625999895,0.2885944955292459,0.5070917445886088
2255,3.9123278340643246,4.634394133999704,0.4816147441694421,0.4566810790831448
2256,-2.3041914887330677,2.7651667054584537,0.049719416620115135,0.38114593335709357
2257,-1.7862207164597077,2.347184257172044,0.16740700948243162,0.48169134285448456
2258,0.8325566543181186,2.2378274993599696,0.27478877949613206,0.4072798035609568
2259,-0.9138785417818415,3.2889321715236037,0.08870387598305293,0.27675528274264677
2260,0.971285140317867,5.494616709418394,0.0896125688640948,0.11694547148415523
2261,0.9647062929957291,5.3797433410748265,0.11646687945995442,0.09871476915548598
2262,-1.1035557240633331,1.4468206009160325,0.23212154682896494,0.50849978865902
2263,-2.002108435097511,5.1906870861847105,0.16529696538148717,0.5363663074399814
2264,-1.6420125234956897,4.695814454282525,0.16650663836926127,0.5620671565431291
2265,-1.8327294938655343,5.133566007154319,0.18521402906383028,0.5920445027723291
2266,-1.4737502974584045,5.452537566182436,0.2886332121166348,0.7525426774130294
2267,-2.1418676024600485,1.4172279184771448,0.13972621981531128,0.648548093516333
2268,-0.3399424544341439,5.5038556725525,0.20360550859044244,0.368018349934361
2269,0.20086755661886546,4.233191128611276,0.1653690826044692,0.44917267015481416
2270,0.07127514576938963,4.0775349786306005,0.17357818214311543,0.39983065606355006
2271,-1.1553078174378504,3.304003099982655,0.40109624045130143,0.8655674523005249
2272,-0.41579450658973743,3.40735201218161,0.4240221891480706,0.8628385288190933
2273,0.537649325355052,1.9449669978195063,0.38380321285839814,0.6865607703593095
2274,2.980930719109487,2.199210199915903,0.4937447119831494,0.5869900607639941
2275,3.0698746438258633,2.264884276188759,0.49274750070950113,0.596857807305433
2276,3.6548414312205635,1.6914606872121434,0.39307954705796916,0.28139972248239487
2277,3.059307589953134,1.9595316034074548,0.3102685598890404,0.32482837256179714
2278,0.7247818529246408,3.3067754591479104,0.39583316457710355,0.6903142093026128
2279,-1.216132962320699,5.157395956123304,0.11193313031526504,0.412360092785941
2280,-1.715637148179588,2.5435166182420845,-0.04492754210759867,0.21203644718703296
2281,2.360919140654224,4.3635747592021845,0.608554681524533,0.9165103576164035
2282,0.5654866755224028,3.161991434240115,0.11373634749655405,0.21171844217931057
2283,0.0906573130285546,3.058111243817585,0.24917583202651986,0.5271290176461383
2284,-0.5444389785758784,2.337964215977381,0.2546267577111016,0.5107309969439536
2285,-0.28845182457526947,8.090796550398895,0.5986651664450151,1.2265225760637466
2286,0.9862029649845083,1.501009380157276,0.7125190072920639,1.2802530512147556
2287,1.3703638558609614,1.8700538210670914,0.677854994219262,1.0824179113553316
2288,0.03520721217663405,6.030432600930619,0.4921138065346436,0.9635782605545764
2289,-0.22876197772356208,3.1965792653607212,0.30587895457198316,0.6144258120661751
2290,-1.3141571978409405,3.284914184406825,-0.12086717823274558,-0.02003353223919304
2291,-3.049794981598718,1.2299648558998582,-0.20439351502005698,0.03221092982588009
2292,2.5575427573592817,1.7539815283868687,0.12794315683763982,0.002267606720506131
2293,2.3267714962383934,0.731890079568323,0.2603152311954715,0.23237762657465452
2294,2.634400533555474,0.7236515235209948,0.30907139483766183,0.19979297238663316
2295,3.010624934712143,0.7400551230797004,0.2767324765389679,0.25139366174469047
2296,2.2625349359683926,1.2954717601033998,0.42722320207904624,0.6076898391061275
2297,-2.70687963446471,1.2313145695593846,0.04618021982014401,0.4778141726514113
2298,-3.708564199648525,1.0368872284075579,0.1541702196042056,0.8466811009049849
2299,-1.8739521514271154,2.7990811898137498,0.6395295799363002,1.4338828071342038
2300,2.895041013407392,2.8319213379094244,0.6852372579883981,0.9702758608836789
2301,-1.2741092052039655,4.414112076123242,0.0798194384708122,0.3278149949330814
2302,0.3306611276437843,4.885971592609053,0.46078455194263074,0.8301270342209535
2303,0.9691779832279136,3.2344499844624255,0.43663482083907795,0.6683918740812493
2304,2.2464349502887826,3.7481375992822796,0.6102685216773116,0.9422895428255716
2305,0.3473993710026132,5.500982080023526,0.3754287139464633,0.6887215096974298
2306,1.5389826376485713,5.221632834918185,0.5342535627495318,0.8446190750983087
2307,1.3988520213867088,3.5295350841698427,0.18659631476150465,0.2275514792527692
2308,1.2951874603164506,4.1071219571529864,0.11386587165634268,0.09428178181793415
2309,-0.2989672294451428,5.9169402972832,0.30520657729337747,0.6571747108364177
2310,-1.1666396295329426,1.8462914058643802,0.21309519769520469,0.5222813170797782
2311,-1.3956934748418872,2.046609224233938,0.1710677596824253,0.48258364664183273
2312,-0.3059093460581372,8.124235832804178,0.4443574449350836,0.9089860119072781
2313,0.07605798555814164,7.867282049637978,0.429898935023466,0.7726524475008468
2314,1.090342139664753,5.254622842873182,0.43758416641734554,0.7484132966170756
2315,1.1381954427987862,4.861264060804173,0.4539823300690954,0.7439469749296859
2316,1.0252053359179283,4.794956111612732,0.4546435881688612,0.8025450413793854
2317,3.384745464032391,5.52864703738206,0.5285017795575875,0.5485402872206743
2318,3.777935437790597,2.396832486154878,0.5101551634007188,0.5366856064649174
2319,-0.7876441983473481,4.140502702491402,0.07910501913415878,0.2548937159778281
2320,-0.42056701934536445,3.207783676191304,0.11390090086065253,0.33977328260815
2321,-0.4084115002477981,3.1344775261900515,0.12646072144094023,0.3677473137895685
2322,-2.030783617511589,2.2798248215108,-0.28520255633523606,-0.2690564548657896
2323,-2.635222592677358,4.410228096617284,0.2771673911347672,0.8694156207372512
2324,2.0798482150455797,2.80520424157355,0.3776998727709711,0.48939063125760024
2325,-0.8120884712123828,7.9271629517663245,0.6585663759659232,1.3614271955192212
2326,2.15933743138542,4.518182907885402,0.783944190317706,1.2467238982327389
2327,1.9548703682239819,4.599330413164292,0.8023568820174826,1.2069779213769454
2328,2.281134929745499,2.2103845843003285,0.41798943712069725,0.5407751358113807
2329,0.27233820708184747,2.2709348556557365,0.2539568619461015,0.42326734721807013
2330,0.2324783442353687,2.3742870636337483,0.2535336769207373,0.4141315566165865
2331,2.880582036930375,3.9549803557426757,0.041797970334616324,-0.1757909409408984
2332,0.8535636453739244,2.7802337166448954,0.11843634951086784,0.1402213079911153
2333,-1.9650584910554716,1.230436111261865,-0.1725302111268988,-0.07426013611194993
2334,-2.905531894909145,1.0263467780849496,-0.1692847075153453,0.0439834498764232
2335,1.2740770594647663,2.458388064597323,0.4111869024200414,0.687923203007165
2336,0.8347140907017889,2.871856449147602,0.3985792282595405,0.598034231591365
2337,1.2522826475462208,4.155814922482848,0.4281653579521524,0.6281820627468848
2338,2.618563631285921,8.9489329996667,0.44435445067859874,0.5665869592459226
2339,0.8273661016659718,2.1619234288596663,0.10670228133703495,0.15881414068095812
2340,0.7421318092291325,2.174666467844995,0.07846165074812202,0.19088502809313196
2341,-0.333027076980873,2.117347710684768,-0.02293590290537369,0.027919728469389338
2342,1.2046055765323467,3.3718942940714727,0.44079274904667787,0.7461724363810043
2343,1.4776826509493357,2.763374251236376,0.3105951051579978,0.37101191052914545
2344,-1.4167621140014408,0.8723724145018166,0.17782706679712587,0.3481878921560068
2345,-0.6168990428175442,0.8776112213398831,0.1289813983226139,0.4552019549874924
2346,-0.7621885914689235,0.6511967611294024,0.23346776490876045,0.4024684430433043
2347,-2.882598844504923,1.054210940843204,0.19713827267341816,0.8316912748726136
2348,-0.5239211466073601,3.029981408305201,0.1320431260975059,0.29483356269089517
2349,-2.8660924245963377,2.360491148292039,0.24846143908700657,0.8655657144909811
2350,1.2895549999305957,1.0237832284917223,0.43559149577087314,0.6752274533420889
2351,-1.313538328911047,1.326277534223345,0.3421958018169525,0.8588468021746201
2352,1.2041401486645171,2.075913381671852,0.334330536835699,0.6063352145133428
2353,1.6501171637726324,1.6059229088659654,0.30492210985921453,0.2956703865456464
2354,1.2432402471395625,1.7170431834972613,0.4429113528112568,0.5210662775248371
2355,2.011223158088758,1.3025083735315943,0.28740854300599344,0.4817984328700699
2356,1.2209199413472662,1.316418308879968,0.4038707746225786,0.48790686132276295
2357,0.09560951472932314,4.406212807684894,0.07313533688226008,0.04998883590633157
2358,0.1544037096022257,4.411838330654489,0.02322471579782831,0.1341908069509676
2359,0.806614790189055,2.061522682804367,0.6544939421530193,1.0978135441001504
2360,1.987378224528118,2.6594554028568402,0.5234635887223613,0.8073284081391046
2361,-0.39858023378799695,5.331375819350403,0.2009852117322365,0.47317098250259004
2362,0.4474119226884669,2.000165586633795,0.25503719634629113,0.5154667528766901
2363,-0.6939505914357091,3.590967904633164,0.4580482353341296,0.9463801796476807
2364,2.8208968082101977,3.28441632697692,0.31966226049073165,0.3170483702735328
2365,0.8407394700781403,3.4068304097000546,0.17873529433915195,0.23205364611198004
2366,-0.16594626917521446,2.7629479414245823,0.22877533443157358,0.4957113840226986
2367,1.517304841071956,2.6535832751292325,0.3263177395524896,0.4934742607068643
2368,1.192051901915579,5.13499311836071,0.4633616618948279,0.7419716743506931
2369,0.44735709405532975,4.293192423701169,0.4589463255459081,0.844243651989112
2370,0.7821838763230711,4.267354598028129,0.17841048214643945,0.2740806255024232
2371,0.7733358023642186,4.28952062392201,0.1945594794575162,0.2542537842266371
2372,1.162553408483557,2.041241206181493,0.4210044521235148,0.5264488639345871
2373,1.797624110776539,3.4679391726568336,0.43455949372108704,0.539003995114177
2374,2.1551873608150487,3.1383279593399878,0.4350670818027791,0.5609988176378787
2375,1.3161588852409123,4.315638288399494,0.23622330979601944,0.33382045057653975
2376,-0.37707233981801674,2.7562057344119077,0.30570640561228024,0.6110251384921462
2377,-0.2055779756468406,2.91985878868282,0.2983364424458401,0.604018761908569
2378,0.17296534960246618,3.3492296104049366,0.2147857496635863,0.46351790386757047
2379,-0.42904829896059926,4.6326455429652516,0.2531121422832976,0.6058124974560435
2380,1.0193024855236124,2.8350807901774964,0.4242574775827483,0.6287737870067599
2381,0.5896730031164682,2.0689313256764623,0.1920735160310864,0.25305056711148033
2382,1.268932359196968,3.975374313986006,0.3251403916744258,0.5348196303274015
2383,0.6738177291564229,5.083668409351784,0.3415730481911727,0.621371188465092
2384,0.0988219234741965,3.836570913325874,0.3263112157881098,0.565933147204863
2385,-0.3493472386463327,2.310757625752733,0.35957214904467927,0.733245259083609
2386,-0.4177795828227628,2.099703154198827,0.37432683446553777,0.7814722549567146
2387,-1.3076547357029344,4.2398434179406665,0.4176653265564616,1.0012653705094736
2388,1.3899137608351537,3.449821309358049,0.27828088676921386,0.3642722690363112
2389,1.5520737591272646,3.6463723829400925,0.29485452634696513,0.3899454006620601
2390,1.0717773816469516,3.9236012167065324,0.46009647980341056,0.6912387393386036
2391,2.7248925390032612,4.6131640774299445,0.4672599750324044,0.6368871081266108
2392,2.752946972404392,5.2294177263465045,0.48788295072766835,0.6869118270359111
2393,1.3135643947945546,4.304564697583987,0.44579173947761397,0.7999318808972173
2394,3.215888004702925,2.866577604989739,0.49870035700311705,0.6135974642643025
2395,-0.34553274469429673,4.269710937263302,0.2370628758375825,0.467283177437926
2396,-1.6926063231116086,7.932292184748144,0.13414289086077583,0.44351606896279894
2397,-1.1918965869773928,8.806017023723543,0.12953434422890278,0.5009895184337817
2398,0.27922400898180144,3.7119478417516794,0.2478516927427637,0.37250834894090307
2399,1.788491150434929,3.8306872245864723,0.4692175019169974,0.7685842082123064
2400,1.6968154496385122,3.912396561602515,0.47302017292562315,0.7648162742953821
2401,5.322312945928193,6.092379352517621,0.6784720463350055,0.612890041586729
2402,-1.1494567785826721,2.691436751669144,0.13366389224346584,0.3508107212164378
2403,-0.06584377764205436,4.465472587768322,0.22909137883903538,0.5483961919200647
2404,-0.21814328927925494,4.5903048558612385,0.25862717060365265,0.48926659824932517
2405,-0.519245288886841,4.477495527168161,0.27477902175324365,0.4979375846812559
2406,1.1326365780054068,1.848008204324725,-0.009270458599955707,-0.04670658322653863
2407,-0.593121650217555,1.8948370111441046,0.28058449901026516,0.6254295341691561
2408,-3.9020884706733847,1.3559694459658145,0.04988881745716905,0.6147802176937199
2409,-1.1525458653739584,1.8692099864262017,0.10695312186593006,0.29955468405215313
2410,2.068488659502783,9.123649062754831,0.5436613781673182,0.8538792020297408
2411,3.0123235925493503,1.3398148110626487,0.42355175554824454,0.49078782423655454
2412,3.044210304555416,1.2824196966366608,0.41085112001180774,0.5126861497451759
2413,2.675108883474708,1.3354253079869807,0.4698596965438727,0.5394310995048288
2414,3.0807930149464866,1.2608989480252693,0.5072846817623388,0.562090773063665
2415,2.9235146679858097,1.2217071321241129,0.5045096226546235,0.5827672194951596
2416,1.5613988214351961,4.591366509823324,0.6044439580101238,0.9759480551139973
2417,-0.6369334785766219,3.3255688947802073,0.011932318734529034,0.1861100172563109
2418,0.4524897739604752,2.8917412302410836,0.35122776010671086,0.567149142689989
2419,0.9131974717437289,2.4113152577612786,0.5504131788388603,0.9122482714487998
2420,-2.5538342735319883,2.8034573954920416,0.5305108071736421,1.2248705505459139
2421,-2.542215170687529,3.0864302884592645,0.1544702664144194,0.5468700637663154
2422,-3.5136692199730475,1.9994832746506523,-0.15473481734330433,0.2234317615950644
2423,1.0552493581863973,2.1533965639083705,0.06355167191372084,0.03045101615988653
2424,-0.5675041256922828,1.441627214548079,-0.007453365132290743,0.015680998186048335
2425,0.22491529805458946,1.7623608280458867,0.2892501308457858,0.5926178049938607
2426,0.35063523238865457,2.7107413922793278,0.2637573430968826,0.4361648865262128
2427,1.6562674482046704,1.6521969712698426,0.45762210467576175,0.5798591451825293
2428,0.4495907660294602,0.845694490048411,0.41327840726247234,0.6192492893398466
2429,2.6784241210869766,4.3535368398877035,0.25374167919171847,0.20777524214463192
2430,1.8970584870604714,3.718209804158367,0.4790913258529703,0.7020412554727159
2431,2.2039269156873864,4.685693366214715,0.2769564183566328,0.2587650003566936
2432,0.45842962468605764,3.691723499512379,0.5277656658855574,1.025853995711668
2433,-0.12625741312015595,3.5990570030055853,0.7000074941268547,1.3663107237882444
2434,-0.06750654765420494,3.9670129450284373,0.6772004808865517,1.3238212886227767
2435,-1.242590511783234,3.5979893588144836,0.7098878362861678,1.4925425695748342
2436,-1.2525487044716153,3.771270116184772,0.6027856098947413,1.3182708130451588
2437,-0.11044782208239326,2.082087333054436,0.3049405085365754,0.606377864890509
2438,1.0684375734337035,1.2192871947784218,0.3035869871614187,0.5563725706384955
2439,0.9815072381800544,1.7880599087669702,0.13451822886757314,0.28666141467392264
2440,-0.800385049535629,1.7750454384260836,0.3400911613218909,0.816590256110394
2441,0.21433522775768982,4.209066910920003,0.4291890266707178,0.8183255420690537
2442,3.3255875135573008,7.902002681044336,0.610769998424869,0.7606045993802839
2443,-1.8759767308732829,1.537623378917203,0.2649785635252123,0.7539585133235653
2444,-0.9848331641665395,0.7203568924594591,0.39351580384160817,0.8337994660163289
2445,-0.9436220297289215,0.7091113623873245,0.38131692329808353,0.8580553394517769
2446,-0.7699315626485511,0.6476375269957911,0.412705125826672,0.7949051986648422
2447,1.6649199824938405,1.2863259436295469,0.5026276914659907,0.5975648543433703
2448,1.6223302352013393,1.2677300385136194,0.4976847725879457,0.5944801241591093
2449,-1.5006424688130844,3.161308779703895,-0.30131775841276387,-0.323068448309198
2450,1.8444750416231797,1.2990250838394812,0.39974964215523273,0.502279862804704
2451,2.178540039419268,1.4833149625422422,0.44535524577655006,0.49463309654717985
2452,0.6050321131713133,0.8127476996039941,0.3447539209580744,0.5040379371294879
2453,-0.21381458085203817,5.027945867750356,0.43998044623569293,0.8033220130173249
2454,0.7091664588505954,3.2657830749002033,0.4341246503417189,0.7152847704004912
2455,1.0502101043122103,7.011028579601068,0.2654166088126842,0.38033134281033926
2456,-0.05739288289066469,6.347258703211611,0.35051838376792777,0.6091164813677117
2457,-1.2063643675474576,2.355828799861986,0.1592437358189552,0.5565380871234142
2458,-0.406165453013074,2.2066792416102423,0.23083501800931694,0.4267542623325597
2459,0.2044842663287199,4.059854382680315,0.1933289521174271,0.35055422087218974
2460,0.28779578276945605,2.6650258525033856,0.3284335566965331,0.5990482786228485
2461,2.1662637470396606,3.8735265835776787,0.6665756422204819,1.0407081722844687
2462,1.4708553653605914,3.9970207356487903,0.21359308547149217,0.21030174200774546
2463,0.14526419991658523,2.875259011352175,0.2026236480182639,0.3994326859737729
2464,1.7851232729251396,2.509090969076041,0.30144233303005685,0.42684383839606455
2465,-0.17726993141622607,2.0830164506730875,0.29697836465477756,0.6210271145011753
2466,1.576007404766857,3.179254517283697,0.5253479542284578,0.8183084745240193
2467,-1.8884641818410872,2.3661760277570476,-0.23082322602718375,-0.16240034841373502
2468,-2.457251973892371,2.4997773228294435,-0.3168708729101959,-0.30794887822460376
2469,-1.4128004746072427,1.6893327125513795,-0.20939943392270868,-0.13612037672341504
2470,1.961481037063715,1.2125864746104114,0.02754187170212988,-0.08661647773616271
2471,0.9809128479102796,3.299460928799965,0.1942209942731847,0.35024869891912375
2472,0.6970350883433055,4.6158305110165365,0.46025062945058515,0.7623818536341445
2473,0.4407983408495555,6.239432360286987,0.2652351367214349,0.4854493849863331
2474,-1.7195638687031929,2.7067199804888595,-0.01564076062863668,0.19725765488630564
2475,1.4949162035262689,3.4687651179853014,0.48229021132318295,0.6934509456860405
2476,1.9976520460633849,6.332063299778691,0.419562396333699,0.5765709555171804
2477,-1.1693390268712387,1.6476953017631997,0.33146308874942404,0.8052186510515968
2478,3.1829737606828745,8.337923999694661,0.41897607948010757,0.47989591887955835
2479,4.179847176011592,5.010408315556409,0.5020043777037615,0.44775986001453705
2480,0.48291966763480454,3.6426788243453236,0.4809664284575108,0.8289778651589526
2481,1.2047345135582705,5.210807172697224,0.26358404720986295,0.3575924887837752
2482,2.2653557809713556,3.1072249653322723,0.5002705704651673,0.6996885029354557
2483,0.6282014442305743,3.315291184126487,0.2772974170878754,0.48398983949936875
2484,-1.1005369912503258,4.116175834990036,0.004419978054377218,0.22945071420086427
2485,-1.0807592072063803,4.084974988707754,0.0011008366693541695,0.23045376633274672
2486,2.329881493742426,3.6361910740479466,0.6127760409440245,0.941959300098347
2487,3.834751829899012,8.085356959185482,0.5147351239758026,0.5740101836139249
2488,-1.5740783496323947,2.3613090851088394,0.29882352419101404,0.7078826310122791
2489,-1.3472100793039956,2.9214981788628354,0.13617395233242044,0.4538169576617663
2490,-1.236622781392666,3.458418982052939,0.15400489373165965,0.4738690497969129
2491,2.4357837002676543,3.27210023645376,0.6966798647212277,1.0185611034284174
2492,2.047280206806125,1.965687393110649,0.3621463180110256,0.44916038029334354
2493,1.348750327436166,3.881804255661543,0.3818056041919293,0.5061468586256396
2494,2.0197315826240048,3.7492545213696977,0.32409326201600475,0.44930313363101554
2495,0.16712247995864019,3.5105859496320813,0.4015401003479589,0.6850098946254578
2496,2.6528797926117647,4.75091246289223,0.44541279820296864,0.593007892256633
2497,3.624355301101353,6.2380428357047375,0.5532849509866421,0.589080987304465
2498,-0.32566786071291903,3.1917194185436353,0.4730163968847777,1.015093247330858
2499,-0.6553462439798742,3.1040223038985673,0.13079841469909734,0.23516353637191567
2500,-0.7290993340631075,2.904232781148727,0.06862623565164733,0.33330315664483695
2501,-2.634692140487029,1.3451664123558862,-0.17633624623024768,-0.06908764558281578
2502,0.40909432352648184,3.3571874815205183,0.16714991742239263,0.21831533209191334
2503,0.6204531812936207,3.3364551760226075,0.11215182680365353,0.2679783317466276
2504,1.3285822005834527,3.34545529016416,0.2137685041832444,0.21056033212669145
2505,0.5268705163123427,4.223963477209619,0.5032613192314479,0.9114551165969369
2506,-0.1922387959917882,5.997981067431546,0.6221228741291163,1.2460819309739957
2507,0.5233163161972909,5.7618066234315375,0.7198876992256088,1.3063539633112835
2508,1.6745324348499095,5.457292595470751,0.5764543279567287,0.9398401826762622
2509,0.9303452438235013,5.805575183940316,0.4892003148138065,0.8687838032562399
2510,1.5758161337264147,2.7971214255128976,0.5264516021269103,0.8586479776404972
2511,1.0411221644557682,3.8406890484020706,0.5586968963454493,0.9055452366573363
2512,1.095427457434514,3.8220874297266914,0.5180759201723547,0.946550955466819
2513,1.0408592415181446,3.754223284437636,0.5482505625443234,0.8851490567614548
2514,0.04311884604585226,3.172865993653737,0.22846092315871153,0.5415365287885804
2515,2.126820278422019,4.390053481230801,0.3782621659695614,0.39496781393733227
2516,1.523265130343374,3.9362050844241234,0.610990284944517,1.049576589827957
2517,0.5889112833249636,5.324756225943462,0.5652478097820095,1.0819301045581318
2518,3.504616258263839,2.3797521499532333,0.2941390137758083,0.24743641998846724
2519,-0.7424603981752136,2.713797090217009,0.34616579134463826,0.7226312706420742
2520,-1.1670369248265833,1.6675434384689374,0.20447742240110944,0.5710622104073406
2521,-0.53463285606843,3.4838663097253866,0.12529156823097867,0.3825840841709768
2522,0.9403735239485955,3.9681529368112374,0.2447122158293828,0.43858054458335144
2523,0.10480802996051125,3.376031804367395,0.507750423044994,0.8424117146531116
2524,-1.8313296811667041,2.3691735370600475,0.3959164274689187,0.8590628002669826
2525,-0.43189624633250934,3.230231710829313,0.38136198198858573,0.6585969097868747
2526,-0.5152012522483086,1.164416213811778,0.3012191303292357,0.5352936921788632
2527,-0.8114454359414357,2.257606064167988,0.2960387636100412,0.5475338211255071
2528,0.8900312254255953,2.0145115868612846,0.24597063586205145,0.30222881441580657
2529,0.6127506582127585,2.345520079173458,0.21100741190011377,0.38143252112418147
2530,0.5214207317542181,4.043331674264923,0.08178781483728711,0.16890184391423108
2531,0.09814921542150283,4.000589715298688,0.13504945269540336,0.20526444173943162
2532,-0.16069506796817254,3.3193670574308416,0.22333141619284794,0.5396151982566589
2533,0.09016115912881782,2.707755778351447,0.28373916858506953,0.5560905031822425
2534,-1.4587764010912125,5.182408013494092,0.12452787083840298,0.47701386340592855
2535,-0.4068005988300558,4.269110193259451,0.3667693006382263,0.726434868138252
2536,-0.9008771438125416,4.61140321010137,0.2579874344493483,0.6911031608292098
2537,2.4606842351411706,2.6716337736908584,0.6695531825743448,0.892691764463915
2538,-0.6666185909391602,5.212576844108678,0.29004127656145223,0.5729716265371573
2539,-0.031233462579532578,1.7432755126816413,0.01349252406005501,0.09456397800558047
2540,0.5612653889894462,3.2245253219919894,0.33289562595409466,0.549682887640961
2541,-0.4854999932802453,2.8100275136299637,0.01704817894259872,0.14706135256186628
2542,-0.4390763951286921,3.9435626233652235,0.09836803348712177,0.28578968995208986
2543,2.0132235919269443,2.5544069481006457,0.07013424917397859,-0.005825653727349497
2544,1.5253271164660849,1.0678924632386888,0.0781635861835837,-0.02482097395232058
2545,1.5558646170613697,1.7066993202088356,0.08952739109401547,0.03910610638080389
2546,2.0799614882963207,4.265731832341476,0.6234749585471958,0.9533165821120331
2547,2.2331877466723125,1.7761986980044844,0.129367296934175,0.09371958118455029
2548,-1.3527280438094431,4.478392161022177,0.2883537298198575,0.7951232215713069
2549,-1.50740350107906,4.469910120507054,0.3066632620484236,0.7485867418570219
2550,1.0657363290847073,1.453917760291808,0.02951753914433855,0.0023387517384603164
2551,2.604902581857387,2.294426982675024,0.28823573880249315,0.20355776939635972
2552,-1.7244324624017164,2.5322049366050767,-0.25163629669469584,-0.25650646624059165
2553,0.8556243483334075,1.915113746499653,0.2102970102878875,0.3109328919669319
2554,-0.02778791374471134,3.838759895976482,0.2557121599115358,0.4864335253643736
2555,0.10394870795057227,3.8750893815171294,0.22535423670022706,0.5012836998748573
2556,1.7095757921586667,4.304088719016817,0.31069210527435326,0.4808080188084192
2557,1.5745821718097117,4.693788427517715,0.35385573044458524,0.4308324593282732
2558,0.21443833576354893,3.666984784926656,0.2716019113855943,0.5675531222242791
2559,0.9974611682470442,3.006515657975838,0.34684442222065387,0.58450926425456
2560,4.530684243174124,8.390061244261942,0.5320087563331355,0.5331512469747443
2561,0.4884639724366007,2.354834297088252,0.27313408901513536,0.46333988271620796
2562,0.9898991005651177,1.6081861187629904,0.15512896227883421,0.2895057173319785
2563,4.018301869693387,1.1618343338250847,0.08904833452443181,-0.1745374348052996
2564,-0.5102518296406126,4.414899017106482,0.2622873858746886,0.7030392769537032
2565,-0.5270137821837315,4.5736254307692485,0.3064755456205686,0.6606026040812589
2566,0.16603441184208514,5.98025266091437,0.3177683320670819,0.6168659898144923
2567,-0.19769956995237398,3.4993204884466897,0.22226694376454065,0.4911376990683033
2568,-0.11537163579366887,3.2307267863054365,0.13487868114398188,0.3222423430162241
2569,1.912183318672901,3.6339444057617367,0.25555700231158557,0.29814719920043825
2570,-0.34267257082374897,2.349623883911227,0.2124906875034656,0.4653741195689395
2571,-0.40112425850874417,2.7299917508908833,0.20390057642104806,0.4882634988099463
2572,2.9622729243297,3.6929318886323306,0.5356093869892072,0.680970721817758
2573,2.4923590960018354,3.4803269559250207,0.5127352699735102,0.6202906910944752
2574,2.6118829256418254,1.4719351387402717,0.34173330428957893,0.2877421546509439
2575,2.1593841652720767,4.230695459159669,0.5630477933845729,0.8382869365475553
2576,2.148075534251417,6.694591553300091,0.5879141619271306,0.8100819451510969
2577,-2.4546894624554625,2.574664684782793,0.15237525849285335,0.5578065349665198
2578,-2.118839126300431,2.7375638652283065,0.2054045436642556,0.5305367711087092
2579,-2.1775003071500305,5.458958967313689,0.09111823135272666,0.42430942726773396
2580,-0.8491492061112325,1.933441964262015,0.12513261734321826,0.3026238654452499
2581,0.666204641070413,1.6835918289513212,0.13500654211794355,0.11393914657493612
2582,1.3386211038546358,2.689450805803236,0.2690332652803055,0.4605319450874592
2583,-0.14047429153206276,3.2741759995481705,0.24661109543533397,0.46543506831629394
2584,-0.582141701417875,3.2652239648923094,0.321873464099904,0.6538996870523056
2585,-0.5384328539047875,3.377736958749319,0.3279856680700554,0.5858277581578059
2586,-0.49937579938044835,3.3442628924930666,0.31793787061351647,0.5844461026708062
2587,-1.2812905196075521,1.3020342906171443,-0.10968161441858329,0.1074128450740025
2588,-1.4805712754653653,1.3654267401421407,-0.09525831512000121,0.05383611370670881
2589,-1.9871681766099112,1.356822145938612,-0.10507903353429673,0.020216658919455305
2590,-2.559271365873723,1.7891879257612973,-0.1742022082808466,0.03956066012919525
2591,-2.657410115966749,1.791033785827031,-0.19797971953374577,-0.0335099152500582
2592,-2.1452496157316565,2.6389007718059974,-0.38125646861172807,-0.37223998484764936
2593,1.84593973148997,2.535386059000402,0.48504818869945565,0.6875059662799993
2594,-1.4742517663822565,2.907782955067668,-0.019720878367135406,0.24309711877630952
2595,2.1146256208852394,3.791400416587272,0.7809645074545051,1.1115068225568063
2596,0.8756468703031913,2.235963041666044,0.6474641572460467,1.0713806978269806
2597,0.5940177767226745,2.468925690745685,0.6296944879405104,1.1390113155255028
2598,2.343203623812101,6.395850878622161,0.7681592882844896,1.2477317187566963
2599,-0.5756241949761103,3.566489397046017,0.5552523166307269,1.156991192206206
2600,0.5962436746899599,6.302401654524893,0.5783155461781693,1.0153546551840458
2601,3.8339266099008484,1.8790365838939047,0.6578009881344691,0.8342468357443633
2602,3.307239405890193,3.1189827184167354,0.5890943247971451,0.7188014311216838
2603,2.933197848125792,2.504660817529632,0.5725120952123356,0.7342319246558148
2604,-0.3364898700014808,5.091237098437117,0.37056687520318454,0.7683192382624875
2605,-0.34261037000874134,6.831189569927989,0.3244122046847342,0.7152081201508153
2606,0.5615933363347171,2.926796302671797,0.2108733199249687,0.38123274723649425
2607,0.6302227482229266,3.0511512407583083,0.16218199383751342,0.24717942854663216
2608,-0.361914891642556,3.459838138632282,0.1517625460073224,0.4128902166639208
2609,1.9213231906719055,3.7814359123669177,0.3318853897035031,0.4851442739909921
2610,-0.25361145523317347,2.8722981001121366,0.2611279871819165,0.6089916377430754
2611,-0.2870456977042578,2.9158898438016827,0.23992174703349622,0.5984326587896995
2612,-0.9278035264765403,2.8896756804273256,0.2713311544165245,0.6019070201141435
2613,1.2636669952697603,4.7560259046229465,0.22161041038375193,0.33525102875807145
2614,1.8712299884862296,5.140684335385294,0.23590522343631506,0.2840491979895697
2615,-0.554315720150238,2.288393028218823,0.07212827410736633,0.1705607431761241
2616,0.8835469768934314,3.2673372902001403,0.18555664560664378,0.2764934846328321
2617,-1.9434817087170067,2.3176790482958114,-0.0005922432899215155,0.2996654761745659
2618,-1.4563336460360627,3.7144861651378007,0.2336629765192624,0.6803908540283868
2619,0.8424876604085365,2.0035050521970903,0.06541821669952828,0.19290254071958496
2620,0.8025509441051506,2.1333080261520037,0.13279745852693361,0.06868233855848623
2621,0.8470461627068171,2.022194306095422,0.1086627534625611,0.11391796127767512
2622,0.45360144846513933,2.056182232186399,0.09191089978776253,0.11526994857171222
2623,-0.02284282823192336,4.556632663322019,0.6469555353610854,1.2184426709339304
2624,-0.5940182156155264,2.877133426440645,0.166321818613075,0.4418932401375289
2625,0.0239620455848386,2.2876919703660543,0.039000569220645695,0.25646002685226127
2626,0.1708215941928313,3.3529447547513973,0.144596919483114,0.26336339256811775
2627,0.25183638081840776,2.0295162465992433,0.2766401076171681,0.5450782264871983
2628,-0.700000668386894,2.743111413939059,0.20958150649119192,0.496356016392849
2629,2.805830399914609,6.521974465661531,0.29882967405631106,0.27276467268331317
2630,2.860372589765168,6.591208040378718,0.3049781753325354,0.257296757883622
2631,-1.3162625687835967,1.2098942193626963,0.19197428421964996,0.5403842948780219
2632,0.6556618414263611,0.5106920290973599,0.3009940292766799,0.4656604721280913
2633,4.0621843362087855,0.4529488353966717,0.5097739396832008,0.401623838517922
2634,5.899943159873952,0.580789241904692,0.5328976858873431,0.20583657574973652
2635,-3.866469269772878,2.8366091342584983,0.052882745497573797,0.7133094654510206
2636,-4.288389966131455,2.8522093545924556,0.04139123437816828,0.7169699553717557
2637,-4.239712852232368,2.866993578480764,0.04472947694121071,0.7030341876419133
2638,0.866200727254888,3.762062880775898,0.44729054970798976,0.7762168012909093
2639,1.090011582614761,4.331090767409079,0.3266517978683335,0.5610929142646456
2640,-0.5289230613047459,2.531469460121784,0.3548216358439199,0.6926542135314638
2641,1.6395253137706667,1.695649791019655,0.3451278720046723,0.5338828412122497
2642,1.309543599888713,1.8360650391556532,0.3921500912626337,0.4344755739934256
2643,1.2647492274130523,1.9289190558006883,0.3739211160385026,0.4426027015468441
2644,2.3519824045921878,2.015865222286869,0.3743344617931332,0.5311160727327046
2645,-2.0077581668763673,1.8288266305775325,-0.1487793500753909,-0.0480739854707616
2646,-2.0568239678306663,2.253582305110033,0.007620256915193646,0.35321323358088386
2647,-2.010382276494388,2.3933741230967773,0.031562432491878366,0.33194935192717484
2648,-1.2395296638510704,3.8864733961086695,0.38299918167974795,0.8299162735266927
2649,-0.613467143638815,2.888018805631908,0.3542618002046771,0.6341488552889508
2650,1.0892229245755318,4.037217279191035,0.37362025863752873,0.6096131900396409
2651,0.7215915620154411,3.7124413546523733,0.42105560396784975,0.6595454469024812
2652,0.7024385616381833,4.459030803853962,0.3675060575753231,0.7081894210438071
2653,-0.9290907256106357,2.412817704496261,0.0822304865718688,0.3533225254916823
2654,-0.9526680074300817,2.4202018192026986,0.08952633778947085,0.34953034078332085
2655,-0.8561696581165892,2.4491353272787584,0.12253303604476216,0.3177159854037174
2656,4.123394687823302,3.069313993004303,0.3639122161656729,0.2789164301136218
2657,0.6316549104165466,4.620231838591645,0.5329580305588073,0.8759570652403439
2658,3.650644821758034,3.616571077996383,0.5344586925331491,0.6444080357180875
2659,1.277297553550166,8.473227460114073,0.2838879050579689,0.3637193168766839
2660,0.6175846564737527,3.1178120134630634,0.13897191954421012,0.2444787967100418
2661,-0.9441349446939885,3.2556496459434014,0.14850388223459976,0.4275818764451443
2662,-0.7469987119261311,3.60141867057024,0.25844827381565233,0.5939221708710563
2663,2.4162054813812484,4.850664624756684,0.39845696408931935,0.4824220682537067
2664,-1.32618278560875,3.6814617828486984,0.31840568005089254,0.7670815741606934
2665,1.8309818202975234,3.7162328845099717,0.34458634933191973,0.36984106171237036
2666,0.826041895740958,3.3345083996317926,0.2504053390209272,0.4132862559550167
2667,-0.2615577523275443,2.278004741167703,0.2647102974936511,0.5421521594735967
2668,0.024671339339683053,1.9797935071692836,0.28077522050433973,0.5612655530377755
2669,-0.77184846530685,1.5629329418680853,0.17783073816304,0.4615251747436195
2670,1.4711880353698474,4.805558531019215,0.4698946985194768,0.636809161697092
2671,-0.7005239072379688,5.143635523354588,0.353341719786787,0.7843868002372167
2672,-2.594325709487723,7.057266916119666,0.32641917005628596,0.9780535638787704
2673,-0.20448565729597062,2.6043312838681323,-0.007437777398369816,-0.025087310144649374
2674,-0.5702240778766156,1.4670841786933861,0.19112068448121852,0.5281531546316902
2675,-0.10142766070822423,1.6600054229637784,0.09150384144418323,0.2607122343438101
2676,-0.40034341285083086,0.9826443558386769,0.041815638087837656,0.24774893325569178
2677,1.2478410389880077,2.471303614362742,0.13825141166243163,0.1019834139462009
2678,1.2910587986491464,2.601844827200406,0.11230294511203592,0.17932192694961208
2679,0.9610866714969679,1.6775492981942983,0.17376770538826122,0.2768337404615047
2680,-2.660610256458596,1.162044159871969,0.20062283117197147,0.7567913258852406
2681,-0.6520843147925717,4.519447192361797,0.4129409503864116,0.7775920374059426
2682,-0.7405451040746168,4.29691579189906,0.12876855336677628,0.3538943969359271
2683,-0.11607269436923437,3.9158767002845143,0.18257544428991673,0.37556039461792257
2684,-4.732607991810394,2.023904105975313,0.1209506832037382,0.7610597754874527
2685,4.440539980800248,6.159235139774091,0.6659731465120639,0.7017605990312669
2686,2.355223960839388,6.184369262698876,0.5510178921082053,0.7324331100463886
2687,3.8021797667926274,6.810666096105138,0.5751661099897712,0.6925124146614605
2688,3.088976537372346,5.759961011889239,0.5222090744330065,0.7700081206364956
2689,-2.947650564150234,1.3352366700712373,-0.3185782934663544,-0.2198057756749701
2690,-2.6736826389184487,1.1928759212700364,-0.3577792341110944,-0.30799006867524237
2691,-2.7654289603850915,2.3796195267446225,-0.4015249514928061,-0.31632874052087573
2692,-0.21880849286488938,0.9860234954852426,-0.0790939947650647,-0.005674104587590301
2693,-0.4177905049839802,0.952322082181341,-0.004271301995134953,-0.03399691255467508
2694,-0.3745753061062451,1.0817238538258316,-0.03698705125996455,-0.005498144958777476
2695,-1.0798352751213183,2.660437268806998,-0.014058949228862545,0.16129838974361632
2696,1.504604992705567,2.2569153822566945,0.37363339938640583,0.5473607811961014
2697,-0.401208862832003,3.606906551120399,0.19179571506071644,0.49435737046133865
2698,-0.2587036097330061,3.2452919211035183,0.23808768048534446,0.4873527613543399
2699,1.3731224286972796,2.020464899355607,0.2055773509870301,0.2330542573759549
2700,-1.1942398352659143,2.5019791947089245,0.2024695992823357,0.5449664343338173
2701,-3.527506227323124,2.7138393485760055,0.10117311919048078,0.5981105441512188
2702,-3.741858440156507,2.517605255723388,0.047068664476447176,0.4972930602111172
2703,-2.537777814823331,6.857937106830565,0.11491343380001469,0.5263709533910277
2704,0.1779316521768772,2.261650880493667,0.46982555397216236,0.8264144573027427
2705,0.5134155948563701,2.4343523803512332,0.44043269063222185,0.8019680052385147
2706,0.9863816457738136,2.5810882285015135,0.44227604827426636,0.8154877409276964
2707,-1.6195276935487544,4.856352806331782,0.4620432313573276,1.0912531271474384
2708,-1.32344314601534,4.047218585883739,0.1310799297919832,0.4483052310685865
2709,2.063326629761739,3.140470956397488,0.3483278275378573,0.4720152923403026
2710,0.9172532082999042,3.306335906723461,0.40311421205724574,0.5965370086118292
2711,0.15151573529195264,3.400371805140806,0.4963192137955633,0.8812706646008566
2712,0.3081688469917691,7.208635727482275,0.19678823024078146,0.4149138650040201
2713,-1.6039750390508114,1.2120778324611396,0.14584136563830916,0.52178164156081
2714,0.3887129104158037,4.2266895680903485,0.5306057624998007,0.9267546254942887
2715,-0.9222758352662294,2.5633902443562,0.42988167786691345,0.9845790442368627
2716,-0.15775642182496796,9.291359583619377,0.5151958524623165,0.9856800269736038
2717,3.1394315006234894,1.4169921958738754,0.535540994606745,0.5835102713718536
2718,1.5897733485579546,2.804226954287287,0.40714100778404416,0.5619777295214222
2719,-1.0322044551320195,6.204117874778695,0.29983227022347525,0.692601187142107
2720,1.311867357300539,1.191050777069957,0.08498253640015853,0.07733575859237943
2721,-3.0351043808023648,3.451610737001809,-0.08483485087339086,0.19681498500407202
2722,-1.975072835632322,3.3227649757823055,-0.14907250800763147,-0.0229974689347945
2723,-0.5039139590660041,2.644117053269209,0.2515845098052162,0.48525835892648017
2724,0.09308784224202143,3.4179955350773725,0.13544915844096853,0.26625760948110355
2725,0.6812643239357423,3.2851124829987013,0.08996167373860466,0.11799322939817071
2726,2.401495788543695,3.8212038778490762,0.34686270655040746,0.38133039145205455
2727,0.8108931717995544,6.368901674039881,0.4346395291633692,0.7010920078687166
2728,0.315108774570711,5.621680918217526,0.15575749456282384,0.26923937659036723
2729,0.4082538155041779,5.1851430588561245,0.16699623783246353,0.2864125977646799
2730,-2.0715662979286766,3.576836410700751,0.10092892372482899,0.5225019098114044
2731,2.0754486437528836,4.7595603363449746,0.6186617979796667,0.9652924394058363
2732,3.7531989538328268,3.6172690480086245,0.3843834229023876,0.25684899719653403
2733,-0.8567875015864704,3.9764163445669025,0.273570669236328,0.6007939236843044
2734,-0.5220900242932197,3.7202471629713485,0.2554799118760579,0.6235931456092726
2735,-0.7816311084767664,3.4345225326730278,0.2712967152871037,0.5939888791822115
2736,0.12662231413003314,2.5539066383628075,0.16496213319712028,0.30662940074990575
2737,2.1054817971974327,4.1651211273429185,0.4590260361888899,0.6118113110416205
2738,4.104194265700371,4.584822444099171,0.6158360204193501,0.6870232324286926
2739,4.489218480437648,7.781436125080432,0.6219125367966533,0.6379650770894378
2740,3.2338876016941875,5.916241094039595,0.6428744021544992,0.9149910657688208
2741,6.533524833842058,3.624346596103826,0.6332464436235827,0.49653384770396347
2742,2.609424205056065,5.903951023224642,0.4867779765429571,0.6291794055623204
2743,1.7132840919230359,2.9380482165003072,0.08056833827639302,0.003775093156550507
2744,1.343537935247456,1.7753492696629554,0.20930318950863402,0.23301523888024356
2745,-0.3542027193385591,1.2774017590921822,-0.26675281037661897,-0.29828325910457315
2746,0.22743445473750903,1.5842651798345744,0.07710436787512215,0.14821369217397196
2747,-0.10448480636371063,1.661030831842596,-0.012889734239721397,0.02193202353122035
2748,-0.7250924536730364,3.5656789204685686,-0.07716117764401058,-0.019046485640761945
2749,-0.19893757073959017,3.2117734025291207,-0.12671245068030002,-0.0006499704671157111
2750,-0.11046088156966877,3.4743291460565415,-0.07549153281246716,-0.19880167581044994
2751,2.6906614375179987,1.155734197481559,0.10880908721288367,-0.243330584138188
2752,3.12629963709716,1.1177290518084235,0.05816128887992116,-0.11914932051371976
2753,0.962600024006896,3.9696382361811873,0.46953350661350196,0.7149741660302087
2754,-0.7572112628687098,2.701320081113794,0.17650468726920068,0.5052837391166893
2755,-1.1313018285921146,5.674103644240805,0.16824544264067123,0.5480706182540483
2756,-1.3629920803071114,5.710074642442411,0.18271766362173605,0.5522079162564854
2757,1.5780778206869526,1.6943901833701198,0.14451813417494072,0.15595633963790548
2758,1.380583081225581,1.6941059500423206,0.0622729696838502,-0.007207519432206414
2759,-0.8347103109994204,1.5547195565844723,0.06772508213368285,0.2390509470763222
2760,0.008805345584029213,2.1468386551882213,-0.06668593752927932,-0.05644224586394285
2761,2.416059155004619,2.090500384771122,0.02301360382206078,-0.24331445657965078
2762,3.3837156453667094,1.670486951542524,0.0641991153772815,-0.17002569578464857
2763,-3.945374689769406,2.774017504060862,-0.14994846640745774,0.22607405323785099
2764,-3.1552218439523445,3.413801050588885,-0.1914691928398022,0.07670961168662963
2765,-2.721936781671632,2.1124638388186208,-0.1431618273496765,0.017590414034735186
2766,0.9936512354682567,1.8353996690869196,0.03830695828416313,-0.008663694723332838
2767,0.6141587278368685,2.7359919302649227,-0.11331781367338166,-0.1868487113590149
2768,0.6301291002381545,2.5295941460129656,-0.1471520556997614,-0.22948662121822164
2769,1.021435293814014,2.017024549372544,0.3623490718619247,0.4943842988842414
2770,0.1740460248965972,2.4210593223149206,0.3789074063036435,0.6580398417478485
2771,0.34862318832177647,5.028453855260974,0.4289178923019281,0.7226228994074523
2772,0.09117269222235036,6.264324072727774,0.33372807407885985,0.5805601505708899
2773,1.6852482245823792,1.9697733945025333,0.34642712902280465,0.4168654235518493
2774,1.0707175760990228,1.5984895677734012,0.23957115417058691,0.35629351659580566
2775,2.553386515655504,1.49999657194751,0.05739624338360926,-0.11519336890537926
2776,1.7553252625582856,1.6349704987986522,0.07972399630707612,-0.06319296715942518
2777,-1.2806962593192137,2.135382412424337,-0.14744886262146753,-0.08897542708609855
2778,0.8852045746420381,2.1125118412606736,0.08169720701174196,0.07576082488574254
2779,1.4873937962780055,1.8139925074194128,0.06624133111458423,-0.027044551376813927
2780,1.2481459399928516,1.2595198842043946,-0.09470172001690265,-0.24229391100245498
2781,0.1567921005917462,6.395285007953631,0.49350736922964467,0.9034492518245631
2782,-0.5084200811735625,4.098614571582332,0.557530771103989,1.116316613151327
2783,-0.9464782185148993,3.9254364785789404,0.5740422127826122,1.2292148757897847
2784,-0.8270383131106364,4.127286163119636,0.5649507924124821,1.2076788285158193
2785,-2.564641210956013,3.2969621319271596,0.5329137720453798,1.347649751424067
2786,-1.8474129618092656,3.039930844385988,0.5966502776299586,1.3513386546368011
2787,-1.4902387431294097,6.124635389249714,0.39289624529581035,0.9389939555060665
2788,0.45975841733794737,1.6904792494401684,0.6715746482679953,1.217423598823024
2789,-1.1094046892720864,1.3598837033662756,0.7248710585334134,1.5154685313075007
2790,0.27691128040548313,3.7616050593293564,-0.17793478974558788,-0.24313973995279764
2791,0.05338051901799234,1.7867590125688437,0.8958180923900975,1.591254261590424
2792,0.7775941600902521,1.6396698739783298,0.6986763764175946,1.1593126064096457
2793,2.0271174712106896,5.86221800969214,0.11610549123319291,0.08460083369027166
2794,2.1282052469346127,6.4401697003350895,0.14562106883416726,0.02311157273360013
2795,-1.0445788844923714,1.4556684256665622,0.17909170346643533,0.4032557717894638
2796,-1.1122492064614875,0.6709844992443236,0.17620992602999952,0.5332331483613391
2797,-1.0000291143338351,0.6677270674207202,0.18442616938017872,0.5400301142885046
2798,-1.684729360961282,0.5925301614839809,0.26729825425244136,0.6726699913836273
2799,-1.6356860605058445,0.5955254860882271,0.2697293104858555,0.6701754540515695
2800,-0.4287635538178242,1.268157485044826,0.4703691190861929,1.008522367229954
2801,2.9242996160847183,6.042752183183004,0.5907874896852277,0.7605639192468526
2802,3.1330555228173473,6.697484793682544,0.4651947684716109,0.5259157267495242
2803,3.323892163990989,7.850101405814679,0.4763231984766694,0.5178642355837861
2804,2.674561689648244,5.89283573620682,0.5385708763528213,0.7314290173645962
2805,0.3748858603460236,5.397131912333688,0.06902617761693254,0.11959474178504442
2806,-0.47477445385882716,1.4729239526858973,0.20312322062342134,0.4280236361979158
2807,-0.18406186913591935,4.457469172383345,0.1353585476175503,0.28174433927497455
2808,0.18670681105691536,2.1099918639824273,0.10144268084542074,0.23723832557107138
2809,-1.730648715270397,2.8431263412583503,-0.0005923809350139461,0.24786486264454607
2810,-0.20659687728742004,1.6286983926713803,0.08076971465819958,0.29490327263213045
2811,-1.5182968395188026,3.957952292566523,0.30539062554377483,0.6973057113975064
2812,-1.462466355911312,0.9921134342825814,0.460641403463404,0.8999917755253297
2813,1.5002378907735132,3.984992440681209,0.5970653682715288,0.8677062677436796
2814,0.07084649282412252,1.5631343886086948,0.605201948237006,1.0284146666505858
2815,-3.1774995897565392,3.5292551128771623,0.4141019366159829,1.2379033122551815
2816,-2.4201696947023916,4.9851190826474,0.43965429024362773,1.1157922806560625
2817,-1.527412958862253,3.286721770343322,0.35934541816136956,0.942565670166757
2818,-0.5135551631649345,4.950740305225103,0.3452853237230984,0.751472862407899
2819,0.05318832741410413,3.2143219566933947,0.19201624260984837,0.36277024270318337
2820,-0.41196913438306104,3.119380501964069,0.3106139900529842,0.5535801338809152
2821,0.48725140564324376,3.4228068307369948,0.45807576436133945,0.7178064178903993
2822,0.31421567241439763,4.041075118034879,0.41175186328819785,0.7525253510593973
2823,2.0838461495581058,3.7824396206608233,0.3103445371605337,0.3902159322306236
2824,-0.5569900371518056,3.194163327278302,0.015321761330823379,0.1612296804670303
2825,-0.8135075073773766,2.345079540951257,0.10110850300206084,0.29921486638146383
2826,0.4966195262790569,1.4712474945933813,0.08300368506410483,0.15276618940829745
2827,-1.2750883236978974,1.0637288204779167,-0.0191092465184703,0.14223173830011254
2828,-3.1457833886416053,6.764050791013901,0.0710612930374777,0.6320860209831193
2829,-0.45904924564553745,1.0422878550840298,0.24069787196937287,0.5003419434705514
2830,3.4448683097017176,1.1536203818148099,0.44697339694432797,0.4822684002648369
2831,2.0774533868802245,4.412422829387902,0.5183684787474984,0.7813018577306097
2832,1.5178085450298,6.623932954416578,0.5423128605448929,0.9067519425765883
2833,-0.8244104180585939,1.877072761648909,-0.14797101587418587,-0.1714631974770962
2834,-1.0308271521329813,3.197770050610001,0.2804893727299086,0.6074782061696122
2835,0.02119814349787607,4.650716166972759,0.33549473735139634,0.7137357490750312
2836,1.8031396015953833,4.567922214323105,0.30528676656158715,0.40830540567045265
2837,-0.9895567618711445,3.6384120985972968,0.2021283555755011,0.5626014295487387
2838,0.326537060452099,5.553260835323082,0.12751995389000464,0.2999837145021291
2839,-1.084957205546142,7.03726365763863,0.08531660304378433,0.3499154538384955
2840,-0.8451673312434347,0.8187328564839375,0.005985432303469368,0.19847462446921874
2841,-1.3348834511654843,8.86200612507768,0.20746680547096435,0.6384414291333311
2842,-2.2298490636074244,1.5674175516903248,0.28908634940871536,0.7749149786284866
2843,-2.138404539559083,1.416010208524694,0.2503608113368804,0.8464321538811542
2844,2.802025909914636,9.022247686807992,0.5285229009117565,0.5871748322890108
2845,3.3021783164103335,8.383904691493274,0.4836133367452266,0.6523607498104268
2846,3.018034705656865,8.467634258867365,0.5332653441691165,0.589721304611929
2847,3.0076681349999843,8.362549971249726,0.5260442572810727,0.6029982268768562
2848,2.3000874181577124,6.052463434677271,0.4734217371934857,0.631745230083509
2849,1.742473840739901,3.1671073062943713,0.6489567384957075,1.0316138525643705
2850,-0.2529964861066019,4.092705729103165,0.2707136800814734,0.5586185320531686
2851,-1.1323970337192732,5.678329912803825,0.20739254346596062,0.5770485124282363
2852,-0.8427873501946852,4.477716256994848,0.19066469600462777,0.44145792991938027
2853,-2.406723114481215,2.654947397618799,-0.11289484059536838,0.15356953475333546
2854,-0.12705913158406518,4.093355086069875,0.09092570196926338,0.19380825154099499
2855,-1.4929586904376693,2.118784913677898,0.04273210426017089,0.2996125412518517
2856,0.6443724693509061,2.8595396922993133,0.18689595354133665,0.24003023409691213
2857,-0.3582249633162399,1.907268813135028,0.2693485176683466,0.47334999556737706
2858,1.75009603910029,6.092375002682592,0.3468000617907031,0.5439311456303735
2859,1.9323853019361932,2.741517547218518,0.42975726670587167,0.5583660568253632
2860,1.6949388739817175,1.0403637752047672,0.24255980391768686,0.23791974517100822
2861,1.29593611932312,3.68559288747363,-0.0348643658801207,-0.2289082822169367
2862,-1.572276093391007,2.2599000573481227,-0.18121653522495787,-0.17260842740685767
2863,-1.1642582780298087,1.3657595070898165,-0.12387212928765233,-0.12159512846999161
2864,-3.5873906431808478,2.7769417455310794,-0.08217831890846397,0.2683688379400842
2865,-4.312893458620275,2.8030139480796032,-0.0672100798715113,0.41789998468407885
2866,3.154965568896385,1.316207675054371,0.07516311673088662,-0.14051724658560608
2867,2.7214522462974102,1.0916696539034592,0.0772270440579583,-0.09125360651728448
2868,-1.1413580144162285,3.992989478508412,0.05494974541090352,0.24142084228907917
2869,-1.046561001176494,3.020562919839985,0.24981516806275353,0.6789495058129137
2870,1.7813378413079066,1.6448192259663854,0.072745056623715,0.001793676290544139
2871,-0.9704991255538921,2.479600713960479,-0.0480681467726146,0.06175427408578295
2872,1.528081492453184,3.514035859133557,0.4620800375528251,0.7883158180914973
2873,1.6596153297857241,4.1850501262278135,0.26443686449617365,0.41365038394652454
2874,4.468483108497292,2.201827086361286,0.40504204554856893,0.3234120860709793
2875,4.131464075150377,1.9722470718199334,0.4492456474582777,0.40123659653450455
2876,4.246243924147743,2.7968149528384454,0.3640582634488014,0.23426729157253656
2877,1.4765109762970225,6.2853955891384174,0.3859903491206381,0.6142076924486825
2878,1.3819074324644438,7.695205520862274,0.421685730677727,0.6584872930241462
2879,-1.412515755668505,2.565060881218887,0.10217929085260599,0.4132685156972987
2880,2.1612260316703416,4.298275889134784,0.17447007875820897,0.16052935634237772
2881,-1.5291002715791828,0.5212127888444339,-0.10430906613351584,-0.059747290198597244
2882,-1.3290793128027372,0.5368703805402689,-0.1353124423333184,0.03328728483498433
2883,-1.2833964557248783,0.7109376144077054,-0.11890454660172083,0.04879169501780899
2884,-1.8823989329176236,0.7447381128382943,-0.0269878119017261,0.03004462716629816
2885,-0.8819504928333859,1.0403693868141721,-0.10733828743612915,0.043057839011457565
2886,0.9227006275464482,4.9406038504109215,0.35334659767372895,0.6732406814551882
2887,1.0198003375198263,7.551978827953084,0.3597896763265526,0.5858254891125474
2888,0.6647023328934467,7.595184072154892,0.4286866973621845,0.7955286993188214
2889,0.6209978408668108,4.8920439801159565,0.314210255228727,0.5872914872218606
2890,-0.19151441523273272,1.8226475451779325,-0.0023297748504986665,0.08571462437649403
2891,0.3862536866207388,1.4296418277606162,-0.030381172384661054,-0.0448002308989468
2892,-2.0196457145584277,1.6147111773819638,0.07068382323224012,0.3089634989711841
2893,-1.5097909835418504,1.6493502722745668,0.05464155636517505,0.4138970722532994
2894,-1.3544849311381824,2.201773267113341,0.581117687713763,1.0696897341693357
2895,-1.2988098523246174,2.3755703190669637,0.5137240731412508,1.1360201414920015
2896,3.2595703369932982,4.79121051998739,0.29383451363470975,0.2078741084875149
2897,1.8075772558888108,3.272917663761807,0.19117206692185595,0.19618785145272216
2898,0.45733892965309014,5.503437770632698,0.2648374036618726,0.46379023549109766
2899,3.9040718378183055,3.314176303190652,0.6028639619467182,0.6726426797842536
2900,-2.124416060586414,5.095242865068436,0.09087978869440719,0.45436371109635165
2901,-0.6358512749620306,3.91620900201998,0.31058968082079896,0.7048037926391794
2902,0.8547323137401908,4.220728219708281,0.2614008544666376,0.3911263482857316
2903,2.569921634060094,3.813611121967861,0.4346086362338791,0.5215992217224734
2904,1.7623791897190526,3.1434064133579156,0.3557074374488346,0.4677329531792819
2905,1.042249793343181,3.075932378509849,0.1699626004760086,0.20465711899723749
2906,1.3119696532052176,3.1750238573479876,0.15002947061519162,0.2399194843500762
2907,3.1456737089136193,7.5143912753440425,0.36045210303798436,0.40726922124254283
2908,0.45040005293226654,1.7988972622060768,0.5595418288185317,1.0902760529408253
2909,0.5313145801716879,1.7942774497303358,0.5485830999403096,1.095616450155176
2910,-1.5064292141596762,3.695268407899962,0.004698438209783436,0.27714247132114855
2911,-0.5066731803996914,1.641579235824776,-0.13103516723725628,-0.13561900427501875
2912,1.7939561871851364,2.523648663246884,0.17725677795231648,0.16319004275786944
2913,-2.408426134770854,1.7291309397884964,-0.20054297270763288,0.04326773328693713
2914,-3.340365350608765,2.7756060019582294,-0.1901668531274306,0.12204667794195605
2915,2.92850446989063,2.80506577850978,0.3635644557112803,0.35888869920823446
2916,1.8701849147697263,3.3895365699352706,0.3404733056596411,0.43449206432730514
2917,-0.7361506143340502,2.500751258148591,0.17865372692472029,0.4532413515823914
2918,-0.8708534091595365,2.0087758814750067,0.24778009795226735,0.5251936350476117
2919,-0.9257441477088872,2.160713758436691,0.2540885690845282,0.5128809517554587
2920,1.4267472023760943,5.170840854750057,0.2649705934884,0.4371864725282556
2921,2.8824973738406245,3.8537145793084275,0.5470251487600929,0.7865507187536867
2922,2.357397162531758,3.0902880411210374,0.2162668937899005,0.13481679582456355
2923,-0.1429023650684443,1.5781397966722568,0.13235730496892614,0.3077505044160675
2924,2.5879227920021837,5.790391885073204,0.29959998562992074,0.3198478662052278
2925,1.694259420395259,2.531443881676848,0.2688141342344822,0.3496423297266752
2926,-2.057021809241119,1.6694515550723537,0.08916834255215748,0.48104892824010564
2927,3.4637807794541997,6.133673861834711,0.4311018493042783,0.3973854820429728
2928,0.241025140166731,4.074865309757253,0.46914627373513995,0.9089356202005316
2929,4.0617192926037955,6.2252531074344555,0.3279642172214506,0.21441980138406672
2930,0.9406204420470574,1.6445356805385538,0.5640180423902729,0.8704948132878677
2931,1.4490272785146303,1.634059749150073,0.5170637909255058,0.8693452335133532
2932,1.4965326549993863,1.843265392881031,0.41605909814560155,0.6776486870636818
2933,1.2208498604502371,1.6391997054832315,0.5047735209996389,0.7335759689429452
2934,2.6832189341384214,2.587066884425633,0.60517563450503,0.8769033236021153
2935,2.700192889316701,2.34924585664399,0.6239931879533511,0.8240990053199673
2936,1.1927629864475482,4.264476735436804,0.5769209638899069,0.9901221671986781
2937,-2.2970515594542373,4.359976673041603,0.4676105625180867,1.152234182733999
2938,-2.0491990526556196,4.107650158405996,0.4352577233697163,1.150949674690781
2939,-0.49352754761209505,3.1750584225011487,0.044740066991869366,0.13255215062449605
2940,1.1980982608808284,4.094112054169354,0.6100249668249728,0.9730758806858701
2941,1.7019395841469154,2.8760409812214816,0.38997369870790266,0.5654350536676641
2942,1.3533995317181817,3.660566850910147,0.49648333509850173,0.7921848433353982
2943,0.5477936786654464,2.913551462361915,0.3229818969425044,0.6043441704168171
2944,0.5795849706885586,1.81088341910553,0.21683487193386763,0.3880567290540032
2945,3.1974242048779757,1.1679287101619031,0.5783196474433955,0.8309389684771677
2946,1.081921683004597,2.0105758573340102,0.4220940482695634,0.8037105408327819
2947,2.5352861629029406,2.5426914282975868,0.5292319767817535,0.6672802010595433
2948,0.7094066093524563,2.897431097797019,0.2707054790855848,0.5049615869585861
2949,-1.0596076715291132,4.003433797015576,0.22158298180087446,0.4920074760772151
2950,-1.0941535894664858,1.2781923725783924,0.21499498664299677,0.4532993304933709
2951,1.222779796018076,7.192799505656755,0.4034012746835801,0.6057522198647985
2952,1.7870228449433332,8.475550441728041,0.4265076791203152,0.638254046338188
2953,2.244916372860328,8.784669382585323,0.3781748396292562,0.45288106431683495
2954,2.3395752737189177,5.490007466495797,0.2596533284648841,0.3238890566929753
2955,2.254557544439829,5.445928764692842,0.2856401478556262,0.30760648736125573
2956,3.018712696756831,4.145097328161581,0.35407404063398795,0.4474446517157578
2957,2.915928158991213,4.049819727859058,0.3671855136053217,0.41576468624534224
2958,2.4699712121109383,1.5341525044608433,0.04531941150711957,-0.17379378652786676
2959,-0.22988835326566573,0.8785844711243991,-0.07206976188083697,-0.10382981372022188
2960,0.4624405980404605,1.9144231692338838,-0.18165930645272488,-0.2841495369678289
2961,-2.943309373601869,2.0902194549145876,-0.09903138702305321,0.13659988657908873
2962,0.7373517768360194,3.915763368748247,0.30321311009149826,0.44974182427465165
2963,2.4320110023971164,3.7205956612492357,0.4169164131402077,0.47265343204029053
2964,1.426011331921401,3.1103700516872204,0.3760851203409256,0.555282375986554
2965,-0.302450771763181,2.021362793207264,0.36227779685878353,0.6762225379787289
2966,1.546760718588578,1.2106116558000397,0.2267211759813891,0.26451246847600385
2967,0.8607736138433237,6.296847122895239,0.22704648768028077,0.38125074623245847
2968,2.9217504802671908,3.9258090189437813,0.6786203625652905,0.9606453339399117
2969,-3.4941918185819816,3.867006817447606,0.19509174177099464,0.8161405884954173
2970,3.2197943841342203,1.6667736736239953,0.307556299906991,0.2120130275061569
2971,0.8826197633742972,1.464366195041226,-0.010140115415637687,-0.10884182862107891
2972,-0.9226757224244315,1.0496944244719677,0.029770620538218218,0.20865599888891043
2973,-0.9814105022254208,1.01455281915981,0.03204788946111691,0.2017788471720494
2974,-3.4087269040684234,2.0032895277975817,0.2029808795424467,0.7851408007535792
2975,-0.07102579324437037,1.6133711136139683,0.11897768923693496,0.27095443799660673
2976,0.004820295725578842,1.7459952574464348,0.11617901076261818,0.3205419579124722
2977,2.8697141493799423,2.0688910341170024,0.1258115200370774,0.02551607263753289
2978,0.2786767963345889,2.6352980440115816,0.07618967376718369,0.09863546247335564
2979,-1.6457164788407268,4.145518048098752,0.16333937306809382,0.47004598743984694
2980,0.2596876486224092,3.8877880605225488,0.25189968858997847,0.43448359281905136
2981,-0.8755303486762033,2.3425152463164896,-0.02387096955180548,0.06812928855890601
2982,-0.3612910955489769,3.183466630198226,-0.027671549892655932,0.07819837562919452
2983,-0.21807595322849105,3.102790301895617,-0.04376732551442264,0.11526482319561854
2984,1.1287167993474243,2.1078961257726916,0.36339361033372447,0.6878913651028334
2985,0.28123008788212633,4.160406408637715,0.4782917330234425,1.0054812407861873
2986,0.4023052594611073,5.409213072744992,0.4764842851649243,0.9605721564544484
2987,0.29563523761501126,5.259671299673359,0.4874732045361022,0.9310665186346776
2988,5.01378760931167,3.920362811563588,0.6204921346251351,0.5993194297806125
2989,-4.914319839176618,2.2499140950294825,-0.027080990709441668,0.6367663813036011
2990,-4.646243818607905,2.678778773842933,-0.07841280866811105,0.5068125230058835
2991,1.203184034583478,1.5264887410668022,-0.059068136578368166,-0.10572722682512432
2992,1.3386398571874156,1.7032525360892372,-0.07878767866181009,-0.15311209008627127
2993,1.827947861575403,1.50594285387015,-0.0272979796020776,-0.12962061313012066
2994,-1.0020235504695207,1.6115428026913041,0.20509168610110798,0.4213495115838797
2995,-0.5239204375300376,2.3456654817727816,0.12209400326310439,0.4294805163267378
2996,0.810207634761022,4.077319404602193,0.2910250007231288,0.46214707451034076
2997,2.0575909821041067,4.429301758550999,0.394237486100785,0.5134610954820261
2998,-0.2618185386436265,5.375360245706827,0.24661185689918727,0.526156408134996
2999,-0.039406796634733815,5.751307162744158,0.2509045220911578,0.5050827465940436
3000,-2.0708770610121023,4.199389063707435,0.18495799302284444,0.6490596344861006
3001,1.1118304780224106,2.003238567778487,0.3863745644614193,0.5950387030795887
3002,5.017132673663603,6.491625294831729,0.4721402916829073,0.38023980867160734
3003,0.9908340956336701,2.2665245869436483,0.5174492653509769,0.9179853210303491
3004,0.9327690501530506,2.9716118865799097,0.5702852440440295,0.8914290072098239
3005,0.9752263379542152,3.0460547075170523,0.5337125334593509,0.8908947780299684
3006,0.8388811358905011,9.50768616009512,0.26614286849829666,0.42637560900920546
3007,2.1969196274160567,8.188508447061272,0.22353696649193738,0.2130651162896035
3008,1.3230784248079202,6.270737543550392,0.3032176676507912,0.4564541552163784
3009,1.1566788125608103,7.210961097789614,0.26065168773100583,0.3942981651589909
3010,3.9162285656018594,3.372392532538566,0.717008096865354,0.9217033358169429
3011,3.7923860280609722,3.088335482307117,0.732482698129182,0.8454814597019703
3012,4.158665100061052,2.8451892948271933,0.7324521134305502,0.8938881150285629
3013,2.526298068365466,2.681687634019299,0.659733171646638,0.912505490206431
3014,4.013932190859966,3.904181667659439,0.6590333119646419,0.7831993821789862
3015,3.9707451605814126,4.538235601301932,0.6085196293927874,0.7739103806096669
3016,-1.9682459342626675,4.768241995566609,0.14081064861141718,0.5056175788042088
3017,-2.747977750951049,3.6101880938619275,0.12101118600955785,0.5594446126098018
3018,-2.459199536582048,3.2609352251310977,0.05992854091751347,0.6083584693615285
3019,-2.3532019339947228,3.5942030233012052,0.0802476294674368,0.5724426749027931
3020,-0.1298746086857073,3.6996528047861448,0.14064064282815475,0.38390835124305533
3021,1.5713172291769588,3.2167322156317155,0.4161720570101868,0.5527763140362393
3022,1.4653298778271624,3.28028424421089,0.4131722227062524,0.674850647720715
3023,2.044769518786706,3.3512425499374596,0.3718132913892471,0.43430920001573714
3024,-0.059331513355044774,3.7877573029980836,0.3914119525231243,0.6789737924500189
3025,-0.23827876227956846,3.4114389958523104,0.3342650114981915,0.7878833291423049
3026,-0.06201055237204629,3.701835374167579,0.3365652421129655,0.6794641802502739
3027,-0.34613500873969144,3.0326107251597763,0.3070365187539973,0.7005872119375834
3028,0.8494215197381694,3.5012274800851175,0.5528800503235038,0.9258688557493633
3029,2.575756255557819,4.036233922420737,0.6366209467132224,0.9359616014048779
3030,0.2772075217556445,2.8734948986934956,0.42077480539915185,0.7075925920670995
3031,0.4308023061212662,3.3456198786874243,0.42191928999217543,0.825585876122611
3032,0.16260381497619233,3.208175069595201,0.5224355558910047,0.9242397753085555
3033,2.8957047809719256,3.3777858769127715,0.5829112975155684,0.6844889936044056
3034,0.9188831889082495,1.568896437129517,0.38481615372153233,0.594960878143722
3035,1.4749370621691735,3.8962729301034495,0.3950877304797152,0.5803902673141025
3036,-0.15668372016871782,3.0003704236438247,0.5311001126840807,0.9776008711850319
3037,-0.8785003824242126,6.294082971099203,0.28357235511990553,0.6416812228966735
3038,-0.6599459349048642,10.498928495904687,0.3187222168972107,0.7439605671093448
3039,-1.1699553807626768,9.65606597941599,0.31882411901533897,0.7089800515816534
3040,2.4715567478116767,3.2745791330277614,0.5685203043335545,0.8352017385636025
3041,-0.36154501429300806,3.073808000612226,0.0914963719277168,0.2693863317386371
3042,-0.1389213069120302,3.979142156109985,0.12618041127205837,0.31198425954829545
3043,-0.05965774587280672,2.960041384472746,0.30045935968462717,0.5588374467726639
3044,-0.710869682842705,2.2114419943637045,0.05759188550144868,0.2604283642528884
3045,-1.2677843195466942,1.9246417474224342,0.05090860819503723,0.28125047186296825
3046,3.118380192491356,3.0711862143029443,0.2754410005712433,0.1674801542356811
3047,2.2049052863955407,2.9676548705257053,0.18044778290500912,0.16875137136679752
3048,2.5678791366701366,3.4179575866258682,0.18842860713695997,0.05549240233624299
3049,2.2707383241278305,6.434755101310644,0.3529901467388187,0.426057650560079
3050,0.6014930833070925,4.173179859615153,0.25991114086100364,0.4262934038575265
3051,2.691439831115727,3.7723062264265135,0.4720711564936904,0.5917363756128927
3052,2.768252705825137,4.309553478024484,0.47463672717636607,0.6438949537017016
3053,1.4071128455012467,3.9883929427798974,0.38884224734056383,0.6123031522192148
3054,1.4333425097376864,4.149594502810058,0.2755509672187849,0.3408621975676812
3055,1.5784048561955077,4.598030321399559,0.2059627879687496,0.3083056152058155
3056,0.6010140243331329,6.19355482366272,0.14974176007419812,0.19051149341934298
3057,2.012358069708455,3.1901947659836427,0.36147791058142653,0.42517502953572545
3058,-0.31443795964975385,3.6073371255320565,0.33877081958354294,0.688909737780706
3059,-2.21148719543921,1.8193323142945987,0.12723116305224952,0.47878966140452345
3060,-1.6913755139145956,2.890607590877923,0.11082715813532532,0.43483039481940183
3061,1.1352825373981208,5.558223806165105,0.20627234297975722,0.27292805719010604
3062,2.516363827714544,2.5173851503675566,0.32161537583532973,0.338796107265304
3063,1.0951963665860756,5.378217016594446,0.33409514991052247,0.4683476812239308
3064,2.1568318661408883,3.145678198757659,0.42021479130482914,0.5304143852398754
3065,0.9286656681526282,7.216745756315888,0.3119484823435562,0.5087462943940109
3066,0.9079371527616111,1.518952730036846,0.31188156373137443,0.44326422155184697
3067,-1.7009570398171792,6.49025380265961,0.12691046927623945,0.49852711182177833
3068,1.585647522686263,3.1735124561514665,0.37873737269163615,0.5441718439200804
3069,0.13049598899793635,3.7238506198833394,0.20811075122153294,0.42631847837177156
3070,-0.470145425432916,3.852553253254891,0.19372380690194133,0.4530379606076395
3071,-2.469968249433873,2.8917228722292694,0.06166493050495334,0.458800121154858
3072,1.2225619414270716,1.968125956270245,0.41347107668125155,0.6493786130010757
3073,1.5372725061569525,2.538327652025342,0.3957965863004411,0.554439636155518
3074,1.51226432589747,2.5776518632844843,0.3938196972745678,0.5104146623622382
3075,2.0390339056357525,2.899888791652325,0.08218821705831324,-0.06548326065116403
3076,0.21024799460648502,2.394721702539349,0.48963026623480327,0.9136035734056851
3077,1.4521101464588269,1.36638253460481,0.22153140034510863,0.24288587407645207
3078,1.564184663037343,1.3614137943552178,0.19705002286331874,0.29277506856549224
3079,0.9067667812639069,1.2579074770165026,0.3661939193978054,0.5778229153447598
3080,0.09448326905555197,7.229072258286836,0.17785463057167036,0.35880843501976173
3081,-0.8681813132542331,4.489853498939434,0.42988161606308856,0.8456512716778648
3082,-0.7889199835235888,4.908169130191657,0.4791825376211561,1.0074555403120575
3083,4.947937738015519,3.655144943636406,0.410690680650967,0.20987517794428495
3084,5.6918649882419485,4.047887920803374,0.39576578632500703,0.12489769893326214
3085,3.3662620319449186,2.7372245235495716,0.20536443163395843,0.043586279518129344
3086,4.338554598396723,2.5652946165292945,0.24496987517046226,-0.04989671206935042
3087,0.38126575508594784,1.7270193417624853,0.3608773263104173,0.6632439874391808
3088,1.2743175556146624,2.3129361497749987,0.323811844939419,0.46531689196303755
3089,1.2987012786111125,2.923759779724488,0.3092510644117499,0.36664022356120834
3090,1.2730291791343262,3.504932821014542,0.4023241775041726,0.5415532798993643
3091,0.5958510968507611,2.7194758184558903,0.21149438894699205,0.47580050821092457
3092,-0.5248990200514744,4.782640186523685,0.2476587442841345,0.42294868403084346
3093,0.2219004532794157,3.586359797716116,0.20412566323556217,0.5186100124979857
3094,0.7412344643582945,1.3247844605313985,0.15132180571657444,0.20410277110411357
3095,-1.9567407484865,3.123438442078372,-0.20823496440217124,-0.09325098533249547
3096,-0.7423001530481025,2.352246179424956,0.21321476548641624,0.5415451347813958
3097,1.7445006801850955,1.1333310096934606,0.5435210439926484,0.7306632803377957
3098,1.9240929858195388,1.2306661400931853,0.47324124395498257,0.7077615216644472
3099,2.1160814128179117,4.907403383837809,0.7591285408506826,1.2758505566875333
3100,0.25596898297729914,4.895262514948224,0.6824631222435428,1.217064449161308
3101,3.4738795294200644,2.108305505189572,0.42903827425600277,0.4631395974336526
3102,3.539583864530646,5.02147936703503,0.6267033486836407,0.7429468546565452
3103,1.661610805982157,4.949108826999922,0.5877967070954586,0.9636419416068096
3104,1.6410561645937825,4.897036896392392,0.6143719078400166,0.9310450850004174
3105,0.5665341010871723,3.9037125109979494,0.4775970215404283,0.7802298121103729
3106,1.5692242569019572,2.7052967271853916,0.4439568871494746,0.5235856444685936
3107,2.1234367741105102,1.550292692928177,0.3832043269909834,0.5991157443789429
3108,5.447301784168963,6.26959390839365,0.7529350193243451,0.7037309703235356
3109,-1.2894599503910984,2.369441986180041,0.31851179014869885,0.6461785265369033
3110,-1.4118914015472346,1.6706099107470884,-0.10988125540835249,0.09565094118816221
3111,-3.6362113277118344,1.7868132521008009,-0.20085606868548134,0.21277481938859527
3112,-0.85658308809061,0.8063469507077171,-0.11689763586912458,0.01483895561900882
3113,2.179455949510415,5.844387218900576,0.40856215994164186,0.5663802749863271
3114,-0.41294148773667994,1.9653838750953199,0.05241538145564008,0.1529231067207864
3115,0.7514532032979575,2.4911583025545636,0.2137442042684323,0.3202783481603523
3116,-0.8437851515939337,2.9465820645163006,-0.12375604879128244,-0.06338299968781168
3117,-0.974475703854227,3.329071115137218,0.36146636934788495,0.8372047990082386
3118,0.5407038408855191,4.705026032511207,0.30366390052546416,0.4956239495875545
3119,-0.6535904922845678,4.528768480579652,0.31013675552337916,0.6866573207197162
3120,-1.0134819832279325,3.2411572880387447,0.24258119456434638,0.6086003653692263
3121,1.9298066000484593,3.076628527654258,0.5558686260334053,0.859349020361103
3122,-3.1401419898632605,6.327980078807129,0.34477482448321844,1.0334344854283728
3123,-1.061877307683679,2.8462562153325974,0.49851045743091804,1.0912106515092508
3124,1.5530103238227866,2.954652040948088,0.3529381743680689,0.4986156539092845
3125,1.325342146298637,3.713426801835207,0.32970434695277157,0.6010435463376809
3126,1.405125326464654,3.6825400676242985,0.32017946765569977,0.625963895663989
3127,0.927698117441382,4.741936754365017,0.26534782554387915,0.5432978789341963
3128,0.8854644490626052,4.860368965826715,0.258646307464627,0.5500655257535008
3129,0.5385164441124288,5.105841505679876,0.28882721940206635,0.4767279485178014
3130,3.3915321793510174,6.160446881588073,0.6035785826444163,0.8176103019611244
3131,3.3031202303408653,6.247264876319287,0.6111540384655008,0.7944919184569692
3132,3.634906808613579,5.851838583432248,0.6310981458279743,0.735241846249725
3133,5.499693881925331,9.561544794073622,0.6854078091685872,0.631368799067136
3134,1.7834514624896016,1.704841185187003,0.3695786030058143,0.4887626194491481
3135,3.963555839372381,1.5321521597280687,0.3091292025699372,0.1917679334003505
3136,4.389443807339831,1.528085084839433,0.34786296458258253,0.1675181949571881
3137,1.3642478493423933,4.024875705490205,0.47476370699306003,0.7613843647334558
3138,-1.0381846132588435,6.17934001541549,0.38240850917318114,0.857830294997062
3139,-2.924016994269196,5.132770582608386,0.23952815443769299,0.8464990632723635
3140,0.9559207774684211,2.2557143149253975,0.19216626542097473,0.3582890357845209
3141,-4.408723641355286,2.366767836774042,-0.010702546801469714,0.4545342306983257
3142,0.27703010383283383,1.646827644586953,0.03299865932387963,-0.002100102123842349
3143,-1.028049953764027,1.3907379347439823,0.1392734460434847,0.3257982751449049
3144,0.012205408628175691,2.2098294188225243,0.5413668803890943,0.9376259815280407
3145,1.9483506658907166,3.1132268431940218,0.4425531274755311,0.6850767860064932
3146,-0.390828565119792,1.0789002774733303,0.2908691234029847,0.47564406594874076
3147,0.7071323841795211,1.5305855192867936,0.22962671247427077,0.47263024071711285
3148,0.593484203560612,1.5939884807915377,0.3031822065177263,0.46068403785139733
3149,-0.21373488765948384,3.6785775585233362,0.4612029630976644,0.8703481366106212
3150,2.637102317363721,2.6977380995913194,0.4544550849491691,0.5197617652298884
3151,0.355028755749563,4.816665310075098,0.34849278321200294,0.6636257069376488
3152,0.5981981576818775,3.1401078049947064,0.17795370595107998,0.21403866578402106
3153,-0.9322832148709533,4.98752396391316,0.09263453131690207,0.29600792110467394
3154,1.4030155108153273,1.8397134812843305,0.3040112423139267,0.41169041270210044
3155,-0.8009708184946658,3.2165008058545355,0.23770391600826082,0.5641484840615174
3156,-1.2238467770824824,2.759417817765668,0.24533813214957492,0.6280064416760158
3157,-2.1618620626494165,2.718729085481618,0.21303812401137132,0.6677452419732597
3158,2.3670158756470325,7.512077825817075,0.40807857121561225,0.5316684240787768
3159,1.6420068101147602,5.898772824487817,0.5140797631319929,0.7887468970695298
3160,-0.3884577373690513,2.695881915521372,0.2045160606840622,0.4617037658443894
3161,-3.40205783241754,4.2990316249117795,0.23680358068563243,0.8926498763718845
3162,-0.6404131290180275,5.718338377303995,0.23839624869636902,0.5382908749898616
3163,0.06006823737181247,3.057308765965836,0.27792305335564504,0.5612968659916148
3164,-0.19568151788496913,2.584768384945542,-0.11220594931298022,-0.077279994352965
3165,-2.127173801781163,2.3015989503361904,0.07079442367031959,0.4437276386073811
3166,-3.455245325850985,5.997655022442337,0.1369532487736677,0.6947031582542481
3167,-2.1490530940060206,2.9949456216104733,0.2512799701178997,0.6999263877129692
3168,-2.068087391703675,4.260850205738682,0.21584850181524226,0.6639733872466673
3169,-2.7000304272058786,2.785805345212499,0.11960420685430422,0.580835973887237
3170,2.3322423379161843,1.5166438203649848,0.400834286007115,0.48962865624658175
3171,0.7827507884557466,1.4206173647991438,0.2324456480489043,0.4104332108229005
3172,1.0086875237446489,1.5493643712810152,0.20566760546412247,0.4450819450182869
3173,-0.1384074659623077,3.1572090620535884,0.20900878389661526,0.5420030242476673
3174,-0.38671714492831993,2.8759904119987154,0.30217481920065636,0.558065449553523
3175,-0.46999976929897685,3.3123569412631735,0.19162523489438274,0.36346795858449665
3176,-0.29715356474562565,3.2902157034385797,0.17465732115514288,0.3547162599571879
3177,0.08473602197292955,2.009946029380818,0.33229151603965185,0.6283864844659423
3178,-0.0518272078651597,1.6608751985645447,0.3856182941312843,0.6955547598391436
3179,0.16266765094205662,1.7230486246203824,0.35596296846043746,0.7017668638707287
3180,-0.21571798620250646,1.2927954041958063,0.37169636338278306,0.6795053377019669
3181,-0.43342689191960126,3.063093161611963,0.4842346902206585,0.9113682046817175
3182,-0.9563261045552014,4.5702569351500255,0.2112750050127765,0.5254100630848707
3183,1.766265484255886,3.060489007394977,0.17678757681789747,0.21316490655278805
3184,0.07536696168093082,3.037210962256205,0.3138251117668273,0.6278205117533413
3185,0.5771040765491429,2.2986740018263356,0.33229279444187854,0.6629748995028575
3186,0.3826100230919308,2.233718057177673,0.46399553326404264,0.6537292831683247
3187,-1.2798418638898421,5.013393065435698,0.13782065100067342,0.3050688571177448
3188,-0.7402287771870857,4.4895610510888835,0.11040053225462491,0.3850060631724997
3189,-0.9179012419688382,3.300939792154936,0.10449961427796732,0.27312067939653134
3190,-0.20110575725750449,4.705793403532725,0.04834434156784322,0.14781120379031665
3191,-2.1190949843218085,2.369114094676972,0.01223717833003968,0.2905973022810822
3192,-1.114038746192937,5.560417721889997,0.15346034831412922,0.4441238859650159
3193,1.2366551833399406,2.307631641768167,0.23528405199994257,0.29525770460240397
3194,1.1027508406678386,1.0997047164871916,0.29877986863374234,0.4383488876135519
3195,1.5664939489152434,3.389558259920348,0.2450760354908235,0.21331224292563342
3196,-0.8357923068487273,1.5777300300964086,-0.03354634801676557,0.15315363943360927
3197,1.8535945422015236,1.7682739760999486,0.3528850497503169,0.3809398418601965
3198,2.3592641902166305,3.9857859709718015,0.4902883290296359,0.6880589963628638
3199,-4.056219138282529,3.815665341988897,0.03251733234307194,0.6050303900866613
3200,0.8183696091228918,2.380813176642118,0.2928354799087643,0.4420273939135812
3201,3.114026964079811,2.4746417628926656,0.5790413729605258,0.7962782681811901
3202,3.3944694566619753,2.0965459828205324,0.7091858711159434,0.8733225214205292
3203,3.6703353962806924,2.884956037751032,0.6519241201990589,0.7716963352424289
3204,-2.006558419575211,4.8053672101206635,0.20958586852223404,0.7223733389485724
3205,-4.069993256569485,6.07139909546022,0.17822647419293444,0.8274414811982888
3206,-3.523190315603425,4.766048400329184,0.22778981697154466,0.840778068764931
3207,0.21021682198935096,4.837558367256067,0.5625190879978136,0.9920919968256546
3208,1.8891403493655632,3.1317276996499115,0.4822996609184173,0.7175345391481814
3209,1.682253853175977,3.698975988952593,0.4714353302487099,0.6873162459210814
3210,-0.03834670124880246,2.7397690891040756,0.2789613751460416,0.5018363624623811
3211,-1.2939740892362692,1.5201149327074206,0.31691736971675016,0.7297352806091145
3212,-1.515125165140564,1.341355194779515,0.3970095187709289,0.9294984785899523
3213,-1.370403243498134,1.1653140229878811,0.3052417824824416,0.705112845223665
3214,-1.7394317086318896,0.9950301087053617,0.1740434503325137,0.514183083006269
3215,0.913237462797508,2.772148976737024,0.3758132042677202,0.5660133738077388
3216,0.27798836692676726,2.515536827288072,0.1797603799001986,0.3048998046652206
3217,0.6955407280384448,2.77474807973065,0.11647603593279247,0.20209005148578696
3218,1.211337448661746,3.569679585451796,0.18554480229670559,0.2743991964016963
3219,-0.48698106593584983,6.000663481691133,0.07543380556913809,0.25610234899926315
3220,-0.5483206202837086,6.124474416598208,0.08882022299741509,0.24046994239464575
3221,0.7899325006913127,2.1450011678745797,0.4152134753385565,0.7036975278297517
3222,-0.9657847720037539,5.427139430153703,0.49644594498266775,0.9838922584783474
3223,0.7746775151355357,3.593463842636573,0.24666395179070172,0.3945060818959944
3224,4.256306855564669,5.500421967054646,0.6719293657047972,0.8016959954709456
3225,-1.5106576796587377,2.8940065490602223,0.06188159940166107,0.35579391906473845
3226,2.2824081375222187,4.210344503554528,0.45192424041686363,0.5410753259110465
3227,-1.2520797985524714,3.641361656460953,0.286778361529176,0.6865731317062139
3228,-0.4068961793330383,5.677834866719339,0.011957393735664974,0.13335497132562546
3229,-1.3640196782528058,3.803212587111322,0.02459314274515268,0.2147888839509483
3230,0.08926389834744851,7.913753278185188,0.304976752001334,0.6095403514039742
3231,0.6813694570354293,8.193783081683094,0.35548388520965757,0.591676295439448
3232,-0.046937778028228905,2.6738103112514287,0.23011614956402798,0.41075837287214323
3233,0.1701418043706375,4.163700765421319,0.21670494764304224,0.38231941828235405
3234,-1.4261363650091805,4.495332640969336,0.29075599640445254,0.6745925842842327
3235,1.4887636741424763,6.31229937436268,0.5949539105882942,0.9033608419042356
3236,0.7890028990660489,2.095400915893322,0.29274360067728306,0.4009176550815028
3237,1.3209804598976318,2.9330787032128964,0.2897087695881618,0.3180401185905714
3238,1.7894657971885604,1.9193967572865775,0.24075763874384842,0.2147187513628574
3239,1.7639446303457949,2.0276432048979913,0.2225038834487803,0.23067316548743652
3240,0.6986760952059322,3.7946205103013253,0.1993275730237689,0.2996596561133668
3241,-1.1091455099713368,4.585038656551747,0.18157019475326144,0.4818594719300268
3242,-0.0652148037574373,2.0346932983279102,0.3160114358704203,0.5231520096979018
3243,0.5289534940802332,2.4392559517124592,0.17118662541767696,0.3634843828326856
3244,-2.9734792580426115,2.603507726529377,0.3143589363471521,0.9867077959727442
3245,-5.0890806078419395,4.683510244991505,0.08922028704550244,0.7693276537720146
3246,-2.4571410240480507,2.6023935135382392,0.19329352390808455,0.6800434099294699
3247,-2.140576780176445,2.497044780348801,0.13285634407005542,0.6817976137398974
3248,-2.203711192388145,2.8835994853946603,0.20227829250111268,0.5065907486828081
3249,-2.0263409619717128,2.704312390783135,0.21444153466813062,0.49508403988205907
3250,-0.34405647650677385,2.3999211358086106,0.22135915964035943,0.4081313786675185
3251,0.9537615788072504,2.2709616074835624,0.13032873132956485,0.16313505539597928
3252,0.5491468580705157,1.165786632958595,-0.07347750712787264,-0.18372735176789687
3253,2.5938069926903844,3.206872292732882,0.661460978176368,0.8747598394177315
3254,3.6847184718545773,6.207628540392253,0.7153329735822922,0.877474875992884
3255,1.6024676657814803,2.737759608602411,0.35142336290274134,0.44022260045581885
3256,0.9017448504039006,2.2327002564935365,0.14948492270645156,0.13071115955465737
3257,-1.4331367880149173,1.7902939837391791,0.1276924686629544,0.45924156182065684
3258,0.2239675368820659,3.4997422679411394,-0.04108683568580325,-0.04893545397075595
3259,-0.005685733898717517,1.2942446740078317,0.0778216234795646,0.18504444986619595
3260,0.058038825115926736,1.2981075829767754,0.0541051782952054,0.20220048931517914
3261,0.14726388708198795,2.5787761408842904,0.4877669175451795,0.899195931614987
3262,-1.9769331962235017,3.35449317104671,0.09549980385965055,0.4194809042069187
3263,-1.4781345520835085,2.640587500533734,0.2520016042212354,0.652329827504787
3264,5.7111991511161015,2.804229096388454,0.47402809635072773,0.24330441179388507
3265,3.1090557263594545,5.2872083523515965,0.34999100765626134,0.39139797878638083
3266,4.487122319457993,4.362025514462473,0.292855468015673,-0.0007042336632848438
3267,1.6034155498741889,3.7488857688330683,0.5473768049324079,0.9340655836430354
3268,0.38993506128963573,2.147996129692816,0.19016521372609557,0.2554332403334889
3269,0.0748686525133088,2.3616209742101404,0.1401952621300802,0.2555070234638392
3270,0.836106623868464,2.883864841015093,0.056822837502447786,0.03238177511227078
3271,0.3337936932715564,2.226629914527164,0.006932868253856515,0.046941647354974116
3272,0.1991728350875897,2.958665114041735,0.2089974805636936,0.3769020890628531
3273,-1.2341782679985476,3.6093068157139885,0.2809978651924296,0.6662787312573846
3274,-1.1978983196380333,5.139201856761823,0.23692652186009727,0.5965635587162241
3275,3.187924572080715,3.1992688615376212,0.41837213337189366,0.45334037825071993
3276,-0.2854790184457779,2.809632426647379,0.5059651000324445,1.0888153274432082
3277,0.04805983946203772,2.3709371030027637,0.5135783688532128,0.9680112332040726
3278,-2.210070824406615,4.095598105115461,0.35492730504883185,0.9646482175869195
3279,-0.9705102489728739,4.599319542547743,0.1866513679245323,0.4864332281593249
3280,2.1105141986665257,2.4497945308813587,0.22317220669087806,0.15599268634089408
3281,-0.6614436766482679,3.1059037737341653,0.49751543561477846,1.0835336911652425
3282,1.9821068566545368,7.066264915690999,0.532169978093587,0.8308063910754778
3283,1.2294826519910511,4.142286768025449,0.6982606989703093,1.2638331921281118
3284,4.604711546469951,3.9816904951270655,0.8818883554066116,1.2029395933261362
3285,4.601078981083069,2.163628172416786,0.9275461459873612,1.2357589757761271
3286,2.362343044252363,4.691798859793188,0.7530978913787766,1.1733707130096078
3287,1.890974251524671,4.820092848756647,0.7269744353111983,1.1144420198651948
3288,-0.03770278143520917,5.038275453281264,0.5048276597589324,0.9684923018468966
3289,0.07733696091911352,2.1576433747438517,0.08354662396187702,0.1670511195861441
3290,0.47141144770694543,1.458391594096021,0.3851614329641819,0.7195297092412888
3291,2.486759774836734,7.571385575370191,0.599061398711235,0.9070899250840683
3292,1.6094126215741187,5.044803605983403,0.45134825574328086,0.7590696814984639
3293,1.3606474342000476,3.0366297454883173,0.19273383637810185,0.3289045940780931
3294,1.3092129407898148,2.3438402574911787,0.20482210580354016,0.22529420013196905
3295,2.3332560528849973,2.298315895999334,0.1721400587483969,0.15801555198466108
3296,2.32534546010809,2.3227242704572504,0.18410464582943456,0.15477056557592594
3297,2.3320621696898844,2.691692878408456,0.0318800914358244,-0.08647973848280806
3298,1.9122079350333538,1.3812806152799277,-0.09062183661662605,-0.3568766556001577
3299,2.246693924194037,1.1569656654863403,-0.08342441418239963,-0.37602364964409324
3300,-2.079056782788954,2.775660263151876,-0.14447219521585206,0.01420781162318399
3301,-2.220218454738636,1.8715316168607385,-0.08044450487789345,0.16405046277803928
3302,-1.9875848599110972,1.928640646440429,-0.06446168555961916,0.02730422290404325
3303,-1.919138581184013,1.904722459150099,-0.060591089555273266,0.03195175177314823
3304,-1.2798972176900008,1.415810996082843,0.22471510680654905,0.46417124042922125
3305,-0.8965221025173221,4.626522932927887,0.004609097233817691,0.25931981746872695
3306,1.1565919655176384,4.592973894440077,0.1846206897966022,0.2238951703161422
3307,1.648469872209886,4.498863062848656,0.633528816389355,0.9957153069393637
3308,1.5553420960217539,6.066099982847293,0.6457023223327576,1.0591777414030186
3309,0.3647285768927773,1.5762410629427062,0.19261622131955095,0.38390569135807945
3310,-0.8269134016109124,2.117303195583975,0.15421244222597372,0.3490437370669254
3311,0.5831208355409211,1.4072868709569646,0.1973102582991482,0.2564703480842011
3312,0.5559739591738059,1.4845003275429567,0.15507208887228027,0.27956542442098764
3313,-0.11838407043464212,0.731298178152369,0.19296112146622632,0.45277737921046657
3314,-0.5077622771720018,0.9863992030010733,0.12389832500948805,0.34514233798139116
3315,0.2807394730109607,0.7064308119022448,0.19960629134018806,0.2941433091873299
3316,0.29544797636945097,0.676472390715187,0.09586308088639504,0.20497507662647804
3317,-1.0644283630065061,1.3781904023473661,0.03749800956413133,0.16968426615500834
3318,-0.47551393210432974,5.911402007496233,0.15853902474825426,0.3701582804666135
3319,-0.32633117424641817,2.0087910955933688,0.019226311867834488,0.22643575493492632
3320,-0.4711239834151964,4.352746590680256,0.163810935815563,0.4739056381951107
3321,-2.382328184231433,2.412389475355808,-0.04402345149041256,0.33298469719457324
3322,-2.2871724750063276,2.3853809518004176,0.06057184095212152,0.34406779315981106
3323,-0.4772094243289952,2.105779623505449,0.12727131358698054,0.36223775318893825
3324,2.7194857283202443,7.270514399248979,0.3468545637756505,0.355351960001767
3325,2.682373345300522,5.189411868440767,0.40029957830754087,0.4889725638937547
3326,1.7223898980100474,2.5102174100525856,0.3780387931336809,0.4573151020420385
3327,-0.815818725762178,4.736355101780334,0.273080406786826,0.591595143407431
3328,0.963108946095721,3.848633661074248,0.24096423033166461,0.46358515784868976
3329,-2.274960983104411,2.9211520195525607,0.1883399430770858,0.54645162091112
3330,-2.1642784751734374,5.13094427540722,0.08976139803563636,0.5503449215947217
3331,-2.3971530493362065,4.5224063782064245,0.1455693937143916,0.5284852808681129
3332,-2.0222843892679934,2.7232768573677233,0.06738912117051862,0.35122820269666644
3333,-1.7013138170296092,2.0029540798966328,-0.23383000033952467,-0.21984920410936992
3334,-1.8781239028872885,1.309218438930262,0.0034912802966961818,0.2161116031354873
3335,0.19580558852338192,2.2181881468532887,0.0221781683921976,0.13067219661210483
3336,0.5676123612164737,5.821259085732355,0.0038426644813287533,0.0153366385897425
3337,0.23728409959543328,5.188174408723463,0.0020075255674254617,0.08847978863308137
3338,0.15188193426439683,5.023790465250496,0.00405241584320762,0.09399776828288212
3339,1.4096265840206552,2.157584990889997,0.5987382944742456,0.9254619974450107
3340,2.0643180463508863,6.588209182167586,0.30296771935868816,0.4239636334207657
3341,1.7343527343992076,3.849432303893742,0.4050360682681321,0.5116649473213372
3342,-1.6007193897890424,3.620429511380707,0.06887909170774163,0.3080963002316137
3343,2.910038226409764,1.9573561403334092,0.2610627525949871,0.26579975443866444
3344,-1.1277958028652033,2.3012382114104657,0.26220978585934684,0.5547360395465802
3345,-0.3996566104370249,1.487684794902746,0.19486138739879652,0.5243623507801469
3346,-0.4893164170010901,1.4619549778569159,0.2288067371337544,0.4937847188865481
3347,1.7007610246957214,3.8817833303381484,0.1517882272099371,0.1204707634752504
3348,1.4774600283964134,3.0871981453354436,0.36870053920735085,0.5346226319124818
3349,1.5368966152323107,2.993512841895726,0.3800446456222759,0.4774438449234149
3350,0.018998512756364744,3.2988653814317015,0.30480331898053764,0.6391905366064827
3351,-0.4410886381994295,4.742695239428505,0.18904054307435236,0.4177054874757702
3352,1.5456477517129024,1.9806622849596893,0.2876334630456395,0.43984426034296004
3353,-1.2067688534665393,1.5040953284522514,-0.002589787341979608,0.09392944204989503
3354,0.6060019991240629,2.045288058892331,-0.09809508386534309,-0.10166973715752992
3355,-0.3320244052533309,4.2023760461696265,0.2671491422673985,0.6414295414678788
3356,-0.012236420682965937,4.3385526853567145,0.32020480108565375,0.584335958631368
3357,0.7431287972236061,2.65026907040115,0.24542173921390273,0.3461555528240914
3358,3.80698030814766,3.438044325728767,0.4211372320472326,0.37781780472951826
3359,3.9807883639479975,4.009266132115303,0.40732961741060364,0.3321454447806838
3360,2.7627258270917396,2.3576258120153026,0.22952024274008326,0.162346777448248
3361,2.501552405456435,2.7418952435400765,0.13887674886488452,0.034368567237601136
3362,-0.628095673046483,5.646433388041241,0.5359072819468129,1.132745213375414
3363,-1.907394072634457,3.823037533455676,0.5064135985554857,1.214391098794081
3364,4.742479869304327,2.689237669469594,0.688222973888247,0.6839813383480519
3365,5.083793558134379,3.598180512873643,0.7005257515673953,0.7663099345158614
3366,1.7844436239756738,2.592848600213911,0.5825410623464002,0.8986735309509027
3367,0.6887634404874732,2.196530684704911,0.5588334038192135,0.9352551530095853
3368,-3.0364406764733416,1.492355589756007,0.15456532195862344,0.49187144167433566
3369,-2.680867797694738,1.9884290207017181,-0.1765117180956053,-0.11268926103519564
3370,-2.4301551205793492,1.9407494537194863,-0.2361729096874124,-0.010411777129345722
3371,-2.084004732272596,2.3494558957008715,-0.10051750896879011,0.005068414378469608
3372,-2.235114127133284,2.7800166751098008,-0.06575702836575786,0.269837197894919
3373,-0.12799001973850277,2.3250783166580864,0.078762651960943,0.17173987684783237
3374,-1.3697583230828072,3.2827900846193163,-0.07615421245319223,0.25119269994673243
3375,-2.2350220429656384,3.1735229191815395,0.04090904293720741,0.1972213853702544
3376,-1.9757133078573184,3.2294312192121586,0.02441245781382395,0.20532051688961458
3377,-1.3687531697449171,3.0486963239084957,0.02151579796885063,0.38481320119091605
3378,-1.645987510761765,2.9758131865991975,0.040287334759601764,0.36625954752735435
3379,0.4646499705905295,4.547841597848398,0.23180073872050694,0.45299064841368136
3380,1.021965041190455,5.420553033389779,0.2567070256507372,0.3318453635317549
3381,2.820995548159643,4.250109671166609,0.22353825335675254,0.1871725862349841
3382,0.3218168276049533,1.2158593463302836,0.011108158363727076,0.051868174029707434
3383,-0.8803886626622957,1.2377918630640938,-0.10379516047720345,-0.10701447099622312
3384,-0.08075156050864538,2.137390604710408,-0.08532439379570313,-0.0539427184996004
3385,-1.4875108944365523,1.3818839390865134,-0.19230777971553287,-0.12953132831463335
3386,-3.4766971428343756,1.4646503134058801,-0.32084704133623465,-0.07929752184882846
3387,2.1364592655330914,7.1952861466884315,0.7269693341187401,1.0863150483905588
3388,1.569334319078614,6.684562367907834,0.6229844231941363,1.0266603765372484
3389,1.0937913108439856,1.5664586446985498,0.15984248212346794,0.11288739033885711
3390,-5.820174414490345,2.3315798878053586,-0.2750151773150452,0.3339673981878146
3391,-4.662716029168826,4.81448978446077,-0.2918524166796235,0.0032881346857650843
3392,3.887456442322423,1.1086874710397479,0.4080418274000114,0.2686032056897109
3393,1.371671188111731,1.3535662213446897,0.1455228640986483,0.11447859181969026
3394,-0.19435991610899644,1.9892840847479332,0.2967423317023198,0.5286342415452853
3395,0.5974522840423813,2.876387422372561,0.4814127247273998,0.9039721801241165
3396,0.6390824357306368,6.299344612546711,0.21114127046103442,0.3232468880437036
3397,3.2687133610866197,5.964109351696865,0.28960854477184583,0.2559271560481581
3398,3.0602623445604844,4.497269748721934,0.3378354591500868,0.3599795870821756
3399,2.7708907302852865,4.149499317567821,0.3721613397092268,0.3549815799158915
3400,4.441636440585155,4.894502900370642,0.5017336588108623,0.3938671645392197
3401,-1.3927404027567232,3.101851274163449,0.158212125159871,0.5459386055547776
3402,-1.5400683888115239,3.128314583394097,0.1683489179346967,0.5303419294491679
3403,-2.852558079584467,1.053497541686359,-0.10998048783305986,0.14522847071968656
3404,0.6048761747349021,6.666093680001505,0.4998822584634376,0.8332769873640334
3405,-0.03679057363213116,3.2523735142666212,0.4867972928552996,0.909866078657943
3406,1.483188183460466,4.175870363310536,0.4217637755848613,0.6103459898183198
3407,-1.5545257038166043,2.5864148671099763,-0.08149364026504108,0.04595594932111031
3408,1.7805975282376676,2.768024665702035,0.3105872900198498,0.4229923277571788
3409,1.754997364904925,2.5809141172813077,0.33395008341709304,0.4039583189829586
3410,0.5963582133695061,3.4775250182370923,0.12732776904858895,0.11100861117102544
3411,1.3557703429805648,2.313929945396163,0.009391186209790077,0.013014965314048494
3412,-1.898179765794759,1.6727062837873468,0.027714439548227558,0.3233724847986477
3413,2.6667331188892454,1.8900711496650742,0.016707063910117843,-0.2233887419376553
3414,-0.7754033142149342,4.121260277362986,0.44813137457452384,0.9762298178437874
3415,2.038673282579309,3.8227852348231113,0.40812037371701454,0.5310126950595154
3416,4.430377458675468,3.7542983732740596,0.5146342206229769,0.465470475350677
3417,2.972643913651628,3.089509082777323,0.5148713564016992,0.6150767057119805
3418,-0.26981282920341776,3.2524479397812422,0.12248159818404483,0.3531523861118472
3419,-0.25422561472109884,2.9772639149774016,0.18896874329749228,0.447803973862045
3420,-1.9653451909173751,3.9655131909206305,0.19771485023819016,0.5752114659805471
3421,-1.7878443049041233,3.9209357475182993,0.17844984658988333,0.6289036925496192
3422,0.2685061658979857,0.6525364590468512,-0.17918933705444054,-0.3455507445066055
3423,1.0868056591707673,0.5504243256719388,-0.22576911819757328,-0.39835543768509585
3424,-4.15275486775268,1.8794168696952886,-0.3192308464588076,0.023919906869459252
3425,-4.299376828714672,1.8487789159216845,-0.3205929061001682,0.031691073342194204
3426,-5.175484419714742,1.3307077910653438,-0.2685482327394974,0.030170989071492165
3427,-1.0252211011060437,0.5758962742669339,-0.25873430013201454,-0.2028027608919165
3428,-0.9999146649211327,0.7783312420591929,-0.1311444496375002,-0.26473920771730236
3429,1.5804631043906436,5.222725253881211,0.4567216687466563,0.8246212201640505
3430,-0.5701758682633596,2.9878073589894862,0.09390169045078496,0.3865715343225422
3431,-1.4287308458422603,2.655321712202801,0.09699008815820553,0.274905260955671
3432,2.548515942560984,3.1499945688268673,0.37506245742901156,0.522634925972492
3433,2.570648028899397,3.226923709004882,0.40625357993716915,0.3986358004311729
3434,1.8241932110264214,1.385122873825506,0.27647577315487537,0.22862030444654746
3435,1.841887899028489,1.241056149852876,0.2877907882921289,0.21572512090621138
3436,-2.0337493464005636,1.850244577972516,0.07732046964945169,0.5354606071189781
3437,-1.7469551804911108,1.3063038355348218,0.012873235021419004,0.2936744820069979
3438,-3.247854766616845,1.0741066834717667,0.13285287013211583,0.5745825859306977
3439,-0.3490462739677941,4.938665877116409,0.0854781350901105,0.2113286784243555
3440,0.48843426346014945,1.9264460303011188,0.14583883588096572,0.22528410157689577
3441,0.8388042765170441,5.6296309966131455,0.14576526532850562,0.23660236978578253
3442,1.3654682167866037,1.7805605464441772,0.3746431074480752,0.55841418936969
3443,0.7959810425174126,1.9347244778415706,0.17774315619994763,0.2939321732290954
3444,-0.8469717169604339,4.430283030985002,0.09914355311976918,0.3886867427526285
3445,-2.372027059181414,4.271043549881923,-0.013447938499940854,0.28023803392962665
3446,-1.8390209060838998,2.165291900238486,0.17003576536779105,0.5864323612050105
3447,-3.137273125460309,1.6637288322260833,-0.14653329670930648,0.14237333665774923
3448,3.2948048621491597,1.5015662953503128,0.17842578585711039,-0.026728446760653075
3449,3.1300150053434073,1.4696241702206831,0.18403308153252101,-0.0563168197827684
3450,2.151414479508612,2.6592839171676,-0.00662386981363442,-0.27337389763748837
3451,-0.22793191351143335,3.237334250188192,0.23091728796228544,0.47589580614280746
3452,-0.7479258395279811,7.466863856072436,0.2944296643832224,0.6108696862205366
3453,2.6844058971867883,3.775428412483314,0.5423604808841205,0.6110049296410901
3454,-0.8567468918072549,1.3745378506868497,0.2653582771899677,0.6888120581122644
3455,4.0179505532205155,1.5681215250184788,0.47460070920037245,0.5397058419358859
3456,-1.3710423058047134,5.013968708389386,0.004219500236607847,0.22846410898787495
3457,-1.4428529313429663,4.839213389754795,0.0314850628960321,0.24863852272678638
3458,-0.20429348992604365,1.8464376721281321,0.38992103833122677,0.6780940741586033
3459,2.6020593169653248,3.233063702813878,0.1482169299763099,-0.014730836204597988
3460,2.3095437253885094,2.8775459627626154,0.1356617996677108,0.06349369158405202
3461,-0.8108015304876794,2.2196804372758447,0.1239368821903585,0.31746285928842133
3462,-0.2783302978883061,2.8653427260708697,0.05466752240249167,0.31826689323576735
3463,-0.24021357142073457,2.8918787285477077,0.07627986115713449,0.3103033085272038
3464,1.9084656585033148,2.0223742449883684,0.47889068919446326,0.6168243651216379
3465,2.374013487305993,1.8929219233589676,0.46309658462619807,0.5566594790519541
3466,-1.873255756988299,4.3951127766635505,0.1849102098537917,0.6312133142821548
3467,-0.08759681087896184,3.370554769571224,0.06147449580892687,0.22442813980115342
3468,0.028424459233090043,3.4545605660023635,0.03670983079725813,0.222200752248075
3469,0.32124076341819985,6.513979521576643,0.12943725360019728,0.33707826540560465
3470,-0.3926124219860935,6.792535627730946,0.18549242202402325,0.41178640446937215
3471,-0.7371906202838878,10.799421579443091,0.2235682506201547,0.5885386038668798
3472,-1.6955564023190017,1.1445774069715333,0.31679246741952183,0.8863155517192656
3473,1.4276980855464074,1.6759581607985166,0.24617904626253206,0.29856096615546895
3474,-0.7836266697475539,2.134953981955076,-0.11214703271834513,-0.08910164306295655
3475,1.5761663953154899,3.6003870385742163,0.4448832968864719,0.7068488826557986
3476,2.918834105092356,5.046658867539825,0.5121367976593332,0.6907434487938784
3477,1.8792160642776568,1.4048846012367908,0.4269424792068667,0.6012488784332294
3478,1.8674777396197824,1.7236118603131256,0.440669881149407,0.5889027063395085
3479,2.176194307302816,2.2606721673358217,0.6593859141088085,0.890366599430757
3480,0.6452140959918068,2.8925605587170957,0.3330104473285157,0.6263090479926973
3481,-0.48172548710441976,4.095962620401961,0.2172763132604293,0.4752324018977342
3482,1.4511261595266547,3.0388367786226533,0.29961747756877044,0.4144354957620992
3483,0.8245094841596166,4.516368654676729,0.20150039338337797,0.3118035510857112
3484,0.3231579502370161,2.4607152430666392,0.46033234687924024,0.8374266888385046
3485,0.9128074660940797,3.200507494764921,0.3259135648196608,0.5108892974547374
3486,-1.5501881501773211,2.1466320868321094,-0.13218709300221507,-0.03700675977200433
3487,0.0891297138706108,3.3261455067744126,0.28896920367727497,0.6179527658929006
3488,0.6718025525677673,2.408350216441541,0.14207466712273586,0.28329836753500814
3489,-2.882453428557465,2.809437241868154,-0.061260047366377614,0.28425455795242466
3490,-0.888312551774712,2.878995122204578,0.04827301445243027,0.24137096298562957
3491,-2.912559892045979,5.242943216455255,-0.07425994148270558,0.25595190277273316
3492,1.538205176246834,1.8020823484708222,0.6784175763831227,1.1541487000831094
3493,1.3154937175236119,2.997545551083487,0.7054987126540199,1.2422605426558095
3494,3.1296800022976567,4.1133463061093645,0.3464812856973787,0.379314131039545
3495,1.1345175317274596,1.3673449936498314,0.07973360467303935,-0.013399516938211294
3496,0.8558831465335195,5.110064050216166,0.505470430884312,0.8857680732521381
3497,3.6110253871630924,4.531785382073975,0.7656403562724815,1.114180899482546
3498,3.8095832703020234,4.725055889075377,0.7276550645638711,0.909130991827681
3499,-0.01983921230569289,3.123515679603538,0.18141987317315533,0.41449889940870704
3500,-0.5951347960310313,7.326303176043922,0.36067011122635884,0.7331823091266134
3501,0.8777776297846164,3.0119872546520003,0.3346241570225865,0.536583685532007
3502,1.2256535633563361,4.582102907103753,0.35764922474216787,0.5669065301364804
3503,1.4502098944876762,5.036834314585102,0.5522239659836871,0.8747961688924071
3504,2.623426486429949,4.194451960654025,0.5425290014066995,0.7582767537619941
3505,3.1248199477693115,4.821474297394584,0.5919468547436165,0.8084346736117967
3506,-1.230466118747446,5.364712367316136,0.2951450082667686,0.7137888600322747
3507,3.4337519459586123,3.965933808279173,0.6783504114470538,0.8342950760695187
3508,2.962263475253619,3.814059673345859,0.6117439710379974,0.8500378144937366
3509,5.8704216908541165,4.207479030027748,0.5940787248390123,0.40661092379239655
3510,4.431157832844295,3.2671188368551976,0.6999642100730734,0.7430587575202661
3511,3.6986537248909817,3.536975281547278,0.7044016687617034,0.8803547184672544
3512,3.1969052212589033,6.349453215453781,0.5314451907544631,0.6505905360411443
3513,2.9440634369587397,6.199964741002777,0.5670174696387872,0.6870482086094208
3514,4.865168685349916,3.8729659423160148,0.3357432739975824,0.24843434748098758
3515,4.050235001366138,5.809508871117435,0.4556605504544409,0.5277985807945261
3516,2.916607710304229,6.2722656558679075,0.4977250458821087,0.5660474066395511
3517,-0.20095390569312963,3.1572941419689924,0.25585159530054824,0.5592619937417777
3518,-0.023449681930068172,2.8859920840994815,0.2848394846266856,0.5812853471787275
3519,-1.4271648187253694,2.464767118233799,0.3779594109048026,0.9355407146475386
3520,6.186302500153215,6.090294647714558,0.5207222385035593,0.28079051161452684
3521,4.596824465984926,8.177435126286511,0.5754949611042827,0.5476205486318367
3522,4.615333634650109,8.434392087495402,0.5802623847238555,0.5388591550520908
3523,0.634062196774868,1.772516461145934,0.2579398527847588,0.4198598952435318
3524,4.038576418084257,8.250066154020551,0.5014041728859827,0.4610976474474038
3525,3.7159386349528347,7.704858807264424,0.5394381731481429,0.5746000951256064
3526,4.843033528492425,5.230465885891278,0.45917835875585067,0.37622002986696035
3527,1.9819367271047708,2.521221875452983,0.44350570962304753,0.6063267254396559
3528,1.611501442780769,6.352176994447619,0.5632379859527831,0.8359249339654368
3529,1.519485063701216,2.207995995062815,0.17156830462967648,0.2326039692222847
3530,1.5145000826679897,2.0291871352820325,0.19571242225425006,0.3100142555103818
3531,-2.6639932249171765,3.153384966373815,0.06177378252771764,0.5403526309424778
3532,-2.4311468530309908,2.9972060164894527,0.11464699153894439,0.513642689626911
3533,0.7488814615501824,3.675558563171088,0.32442944056151446,0.5069065008430561
3534,-1.0214872530634984,7.803356170176298,0.424085075291107,0.9479838620443903
3535,-1.8878280399915521,6.106381056597783,0.2965489031954056,0.8334694912513771
3536,-1.1870174254781705,6.222677241752827,0.3225222658130262,0.85263429871379
3537,-1.9255838515572352,5.509440047979414,0.23725817008354597,0.824693741999929
3538,-1.3947567870094004,1.9925800573942734,0.22297270483774592,0.5235254942420096
3539,-0.6504486576842925,2.8585948091272773,0.2891018362749391,0.5551015552381525
3540,-0.31220144334796307,4.583292660456266,0.2851085930566474,0.48492989218050425
3541,0.6159616884445261,3.851293416580376,0.35511428480004936,0.5627258278763035
3542,-0.06599516934148476,1.833146672728182,0.5152371977238708,0.850111864872674
3543,-0.8243890104955999,1.585279196280606,0.3413328575208808,0.641582383229185
3544,2.2164455570353856,2.339251778105506,0.3298886578726416,0.440653553155055
3545,0.21115104705799873,2.4679791490830607,0.15765804934385175,0.3013890247898538
3546,-0.2652990958619967,6.205375224819586,0.10794136401247273,0.2728981849884294
3547,-0.4269130132666588,6.961821442145952,0.12781730655237547,0.3302539542205123
3548,-0.4954600441571065,2.175835874424414,0.24051434104781402,0.6092288702298014
3549,0.1570524540728079,2.9530230822086994,0.31690463127272583,0.4838735575686814
3550,-2.6467864297764234,3.5455544379942965,0.15379162607023303,0.5149667214485925
3551,-0.9697685022293736,3.746045340403376,0.2451094669510922,0.6536603192935236
3552,-1.0591231014873221,2.112374496792256,0.2687282980106838,0.679503955455447
3553,-4.427174073115216,4.082135028403185,0.10729482375200747,0.684248064508093
3554,-3.8080901303564887,3.180362155846604,0.1287835559599621,0.8032561498610833
3555,-0.6564089576927532,3.9161550379160217,0.15777585802204208,0.5122406181281887
3556,-0.37780700007521895,4.369959577918895,0.25377863086682423,0.5192039284013423
3557,-0.9147119620336834,2.427719589778866,0.39004701206244213,0.8153435381466491
3558,-0.7174430958483383,2.4201520045890406,0.38193759564826657,0.8284477492434223
3559,3.2635523048345556,5.582054791184393,0.48792109185735677,0.5141642331543628
3560,0.6883083987666144,10.678090968187021,0.46071436925951725,0.8630981571446156
3561,1.4802399794591226,6.422417308679778,0.46575076041537544,0.7620933124579051
3562,3.1855191912918195,6.452585709584128,0.5418449333553614,0.7167824192164792
3563,2.7368963901001067,3.523521320117976,0.3958841905258042,0.5163286237030136
3564,2.330695685312432,1.7874713520000665,0.17992677731254098,0.13855889309024005
3565,-1.7176155756319331,1.3436016917933158,-0.047310597880893576,0.1835510563275806
3566,-0.6976703276971786,2.377818796262012,-0.03941729355208788,0.1331615684432302
3567,-0.6056198536062979,1.3659548878308685,0.1870031165610493,0.4665440538984504
3568,-0.188646879757163,1.8541159967138066,0.2601900373107078,0.5389657402849217
3569,0.6460649707450846,6.502402245320171,0.3526695607201291,0.6329993649616578
3570,0.672599506605328,4.458499976788649,0.3086285611771951,0.5275751872611615
3571,2.1996822815980908,2.8738001047512682,0.11928740275200737,-0.001458308704007518
3572,-0.9240790077606077,1.4432243421982711,0.1321616979337373,0.31171914491149205
3573,1.777630154579524,6.846216779953828,0.10182529855969107,0.08452924610133059
3574,-2.1231988559350867,2.0768477545464314,0.07279117028016723,0.3873708962688833
3575,0.06872859910852619,4.767679279391753,0.1010214462207182,0.22894643148541668
3576,0.5302632056840906,3.253100130503558,0.41316696373198764,0.7188244728640201
3577,1.7086696614729187,3.956705096490116,0.4733707861268732,0.6905864383848075
3578,1.8142756443282526,3.9469602185027193,0.4631749890419893,0.713395466970388
3579,2.2145444350095715,4.181519026601971,0.48641541430223795,0.739455875725353
3580,1.8888487070968951,4.253204699902899,0.5352184529054501,0.7246585475055501
3581,3.249822802769647,4.344849955834943,0.5723737326603254,0.6192385501810138
3582,4.518296194240731,3.7707710001179398,0.6919029739685811,0.6503433556109021
3583,3.1529055709510594,2.3918246977889615,0.4825870316268368,0.49364277721168437
3584,-0.6365076498962219,4.653494269554551,0.47109065432579794,0.9466025162158505
3585,1.068297310141605,2.2102321981391007,0.5839305653009658,0.907667385568991
3586,0.2444046443247675,3.6899368272647766,0.48701526884811125,0.8973306994785765
3587,-1.4140291938700764,2.7651366318771142,0.5468235722625481,1.200487336667506
3588,4.79820995575775,4.943103646969472,0.6832094088054886,0.7207902662680227
3589,-2.483716047339353,1.78454763066884,0.32445993722795924,1.061286037761213
3590,-2.0830753048137023,1.8410816414667812,0.39284718478394276,0.8340490940145587
3591,-1.6707034520493547,1.7593698843687122,0.2911911186685887,0.8343264565680413
3592,0.05911334645251638,1.9065143136262912,0.24527993685837265,0.4934916759142949
3593,-0.8123035209068133,3.481688182117125,0.23378677328576009,0.5538832206594205
3594,0.8358366575764737,2.9843445653688945,0.1045108343916486,0.1801209838435085
3595,-0.23720800791513183,3.363919085868693,0.2058590276492121,0.4667782177409937
3596,2.0686477141451767,4.230821629107453,0.3348298251566005,0.4581551207121068
3597,1.7260621605218398,3.925446086288246,0.3359077433702858,0.40310549405957147
3598,1.4640072540566293,2.4225641910223445,0.6023050461261308,1.0071649925605024
3599,4.389495238165946,3.426752065553603,0.7938950939343221,1.0265553811136894
3600,3.8346093360336555,3.878966722249688,0.7705382069563409,0.9701073547768475
3601,3.70563818367216,3.915393109437653,0.7825087006622583,1.0310750296811062
3602,1.1371323953528794,4.419310813156039,0.25093459103068716,0.36700774316698687
3603,0.9807397083789811,4.676671096898218,0.32000939055231936,0.4895792289753384
3604,1.8599624594450905,2.436629321475935,0.1816294726144084,0.13764456894615965
3605,2.4858175809635514,1.9556368286849313,0.31496333861092396,0.263090496710717
3606,0.38897794921096107,4.241700298632962,0.4339803561473074,0.7346838808558068
3607,0.7045748618355412,4.804075190402317,0.40691248058090024,0.8245540241662829
3608,1.0640372523117774,2.608731161766827,0.14498664779311882,0.24180493194504205
3609,1.0784037060107698,2.0043854866422564,0.11463839288783012,0.20709083925897578
3610,0.8484828287960784,3.7282172986246533,0.2557999291443948,0.4683549083819843
3611,0.5092905222789402,3.460764003100283,0.30601812697745634,0.5057566291966428
3612,1.1946281709283402,4.001760184719869,0.3474699620622462,0.5532599573277229
3613,1.7249678777193225,3.6969648871388334,0.41021330283937835,0.6678569831185072
3614,-0.5242729918960077,3.114472108606259,0.1986340989138897,0.47778569226061685
3615,1.28750841216323,5.331213937869717,0.1753015498948146,0.19678944704361925
3616,-3.5306781206024076,1.6380261326765517,-0.20961310722154608,0.08542461586141145
3617,-4.715231166828344,3.413792154742021,-0.24213402093440195,0.1628990090275176
3618,-4.652310356502405,3.4371778854309545,-0.21571673240994388,0.14650381399087972
3619,-2.323140729802111,3.9372302263581664,-0.262100312761457,-0.05877722239567653
3620,-0.4797436247824791,0.7097684476464791,0.043560400725291236,0.06137408302899409
3621,-0.4283256235759063,4.403419702765456,-0.049919678516964106,-0.004517760332605495
3622,-0.5444616001539357,3.655442289524431,-0.008059244353886406,0.11506484975107445
3623,-1.697563491895947,2.8240839161339757,0.05867862153576558,0.29120378858154533
3624,-0.31639082772262167,3.532773719473823,0.27766369309822153,0.4912371776443827
3625,-1.027803028720885,6.127681951417319,0.21919022145591857,0.6387225326829975
3626,0.7162486923263166,4.978977161298078,0.25764496973556283,0.4270924650804187
3627,0.6305312144272859,4.74788392426529,0.2712927737907932,0.41112871780877397
3628,2.2935479701826056,3.5295951752416252,0.550602270080712,0.8302927620136329
3629,2.0256552393430662,5.050243753057798,0.5765929897263982,0.9108738525054677
3630,1.905650602882349,5.065327589775108,0.5046445136302509,0.7974592317545334
3631,2.446763994840324,10.488222096806616,0.3468894740337136,0.33795521855750604
3632,2.5888482964912045,9.44325252263006,0.33237267162542516,0.3991026164949465
3633,2.4317606948334505,8.825989809502776,0.3041081732208765,0.38762108948552887
3634,0.27188019284409043,5.999522430112602,0.14435358379091168,0.3410576156584502
3635,0.0564956240792733,5.977660825096261,0.16947962846433104,0.30201825018448314
3636,-3.8417928547706,3.3422683985587383,0.18997544558192556,0.8228487789159007
3637,-3.6949314102212045,3.771775520617538,0.19997245960605187,0.9489132021915395
3638,-2.360980967665291,1.9268246632868995,0.059252768810969664,0.4704628701525094
3639,-1.7498970163026681,3.214864109765868,0.01009266723039469,0.1608756384204146
3640,1.4639575008652814,2.6080972547326065,0.3764390505059825,0.49269729614092095
3641,-1.2223671354656536,2.009483268114402,0.01793363891499352,0.14706656893799908
3642,0.6605978489905681,3.423330093817218,0.1819504087126896,0.33639232496423693
3643,0.1512606012553841,5.339539316486039,0.2445812935138728,0.5393787628315242
3644,-2.1976312533623936,3.9179769704903316,0.33181279100865974,0.8768429254226824
3645,-2.7463549475911915,2.9999457706698047,0.37097053231374333,1.0009049730085453
3646,3.3496147518258965,3.9812152208539078,0.29364926612994047,0.14280979395782087
3647,1.3468750323647782,3.8945375610605293,0.23954247149299343,0.27124700391970297
3648,1.294517838509527,4.019207913578245,0.27423451065790794,0.3419426239245956
3649,2.9699803963943827,2.643909585851599,0.6698244521865128,0.848460426105519
3650,1.3157687612952234,2.4258271262737807,0.2754987964317599,0.3959408255999462
3651,0.7318321345929343,4.160153013947945,0.4292700153445045,0.728117891653019
3652,0.3842594174878337,4.6091534845562165,0.3928338451888996,0.7290655399124986
3653,2.879242768985303,4.309890139874739,0.39501666911343747,0.4495949507100584
3654,-1.362847685529234,3.5741874915018674,0.10767449943520113,0.47331102759243726
3655,-0.9900331659761864,3.796821870873928,0.14152826839964908,0.5066022662780191
3656,-0.072727040697138,1.0688462788551059,-0.13053942713887712,-0.12637757185653878
3657,0.3784230626338507,3.9617264193211414,0.08460352286191752,0.16105434187305243
3658,-0.31268967562427574,5.055059223398186,0.11547653095603916,0.27013997335313084
3659,0.11342768691290171,6.020989085182886,0.08035026826209501,0.18784926242709007
3660,0.2440357400853048,5.668686096385757,0.07801880462653885,0.22190344722650346
3661,-3.3480411346720307,3.6511509406801923,0.07813995550438521,0.6225976573438713
3662,-1.6358173526510773,3.7459104056898225,0.311596517859479,0.749882462339231
3663,-1.013285234249942,3.526977102905717,0.1676819712911954,0.5362430129878085
3664,1.2675977850846476,4.744839847684298,0.3306089350815045,0.42199319883971664
3665,0.8091246799472076,2.7110329206044343,0.1968322886135682,0.2408177145934728
3666,-1.77673897289652,7.3903115209955725,0.2893934405710529,0.7406458988271833
3667,-0.05138438082251422,6.419973349561028,0.3117530226757338,0.535323742200238
3668,-1.6780649182901615,1.391573911521236,0.0911138123555381,0.3309897083815063
3669,-0.12593863850754958,1.8767504465787315,0.22057391265102083,0.5293522047456501
3670,-0.6348454481979008,1.7940314519451852,0.2537054894623121,0.5161083386667642
3671,1.1500604231135276,4.192115669500302,0.20210341909847535,0.25617200213412644
3672,-0.47907282250636335,2.0096805563883193,-0.04774644792013407,0.02019098585141344
3673,-2.4350066367038146,2.445604408496905,-0.03374162157314865,0.22473577485203028
3674,3.4628223631359516,2.3761219416334427,0.3070251841473163,0.23206052612251324
3675,2.6515366547022983,3.567922870853889,0.2651094641246859,0.23783276268375134
3676,0.572378507999582,4.551447204315429,0.2872293581955392,0.4495667521664813
3677,-1.6610830982920888,6.051934976513511,0.116922634479336,0.4967003509428741
3678,4.667025851164984,1.742452133309888,0.7128893293613233,0.8150387740994228
3679,2.7054181051734987,1.5774776781535613,0.8263793840446704,1.2563184063583055
3680,3.0855560962293107,2.2104511605326485,0.8141202019974816,1.1871079214475417
3681,-2.4683242778358276,6.105570889664342,0.037378344747550654,0.3429885950078501
3682,1.5420438557848803,1.45383674469018,0.5648584241072185,0.9857732245098302
3683,0.2198658584122873,1.5250251165025226,0.5526198488944734,0.9712533188684759
3684,2.2229090850139706,5.818321870666202,0.3561313778295858,0.40983261858578773
3685,1.7158459116771458,5.271049841350813,0.27247428652910516,0.3762200569866007
3686,-0.5069110696919572,1.8327746272241001,0.09658252104931506,0.2685312953931611
3687,0.39831056575678286,3.5804166836627314,0.02146607664883059,0.021175527408104224
3688,-0.3189123640922845,2.898524058569429,-0.004600694768411147,0.11619134843942505
3689,1.8917164272146476,2.7239113617553987,0.5312270323541144,0.8040800550414813
3690,1.8548948757755401,2.5662660285461243,0.5391068855714485,0.8464802347525264
3691,-2.7605473218814667,2.9200783178716527,0.06610430313303105,0.5220650365459114
3692,-2.7129776388796865,3.3051589119771707,0.0409467767468037,0.4544400195447394
3693,0.421774758978174,4.895030979344534,0.843734494225431,1.63549765490717
3694,0.9083107212280596,2.726210726443545,-0.13918468533543327,-0.18568165290501484
3695,0.6781549277835804,3.207213022538644,-0.12507380809271,-0.3243915294989092
3696,-0.9983839137413066,0.26618091762783913,-0.1331778164152649,-0.038887287622022634
3697,0.5746707924422874,0.401893132929468,0.24044848278182182,0.36663278127383725
3698,1.9415195093284126,0.5894288070030053,0.2105050082673453,0.15311151635231007
3699,2.0289919828509477,0.43880125553724364,0.11371141789622069,0.012785131450851544
3700,2.511119436527908,0.3428696912503547,0.0904168480873416,-0.030720926650037818
3701,4.771460112157745,0.816263356952276,0.2152475871808412,-0.05000575407835448
3702,-6.207163867746298,1.6320832721083822,-0.11540182637201381,0.5450502610678291
3703,-1.7382453709278334,3.2542024383216774,0.3240184174668492,0.9662414918220593
3704,-2.2575468369726157,2.9307611024960196,0.42376315724415986,0.9872545540301046
3705,-2.1447753256104276,2.9979209229630577,0.40490816028345683,1.017257266201096
3706,-0.7456124539192096,6.8749343284804185,0.7268684484119222,1.4801736397187646
3707,-0.5903351202578762,4.969694163877705,0.6817913947693197,1.432855663715656
3708,-0.6226085857594271,5.505144359736146,0.5443449049869098,1.1493472168712953
3709,0.42416822662836273,9.27086140810088,0.6209504525937931,1.1609996127529456
3710,1.1075901699681046,8.440572700744044,0.6137424010519854,1.05849000566364
3711,-0.27877428422309536,2.1129287973427147,0.10304988960102951,0.20424620669947918
3712,0.20332563949753737,1.2226755191768428,0.1384569951387511,0.2326172358517687
3713,0.02714798075210053,1.7484838293221272,0.16321056322130548,0.3132101197748596
3714,0.14371142024947625,5.501052973940199,0.30884358897546216,0.6446430076682967
3715,-0.9066323576528769,3.0937023249205104,0.28822869852881755,0.6871867635910616
3716,-0.6393350316889294,1.8922135939884064,0.099308870005121,0.33381496640689606
3717,2.073759683752134,0.8383130660275486,0.2895510978898462,0.3175126384748085
3718,2.298856179260002,1.589761096799564,0.27654267395485077,0.2719321730271421
3719,3.0023052738534237,1.4189857523005842,0.4907825500835266,0.5718189509831019
3720,3.0084633803138368,1.2828621435807992,0.4961522003844469,0.5460333324584137
3721,3.144979288794919,1.294327767346651,0.4819167283822127,0.572000017249132
3722,1.9884948792829997,1.616772606607465,0.5808797974845143,0.8618589913259453
3723,2.6134742730901035,1.2994317212591182,0.6008266839813599,0.9199042378924339
3724,1.5590457383416083,1.4896335444285878,0.6545511946904906,1.1440474901985935
3725,1.3966684729583763,1.877000591134567,0.5150619267032941,0.6999112839897256
3726,-0.884795004672671,4.560727689822288,0.22239316203723647,0.4647366119772452
3727,-0.23606411096489813,3.610015129373388,0.19381606284402067,0.548610525508379
3728,0.05970780185642065,4.114156524566789,0.21083961916330304,0.4117315889691408
3729,0.407174733531109,4.122754082824379,0.20122620438811709,0.34211365670655375
3730,-0.35972615323728613,4.256883013574851,0.45885209927857373,0.9228690771316985
3731,-0.6318140473431332,3.9201270264492827,0.2724435615812235,0.5191334431299168
3732,1.9758140102352375,2.542356102851746,0.5726982413637584,0.8211480010636922
3733,-0.7441186668030088,4.0309732255119055,0.0470921146240098,0.2167562265362918
3734,0.7711882581760906,3.8721308727027783,0.6679418339181924,1.1053920702893996
3735,-0.010669807646405577,6.00652128215001,0.44523953831639007,0.8271503823236848
3736,5.75422583275826,3.6061486038794346,0.4979486767580537,0.32158320373199517
3737,4.478380029693828,4.216667626467808,0.5390139708247695,0.5492718624819446
3738,0.558986663056523,2.932159237247427,0.3265176325716466,0.4960695002277753
3739,1.4027939131727403,4.096238876610467,0.34056002676067654,0.4167573632825753
3740,1.4824466799638338,4.097506986909995,0.3230505695692706,0.4505162217111831
3741,-0.3997045639009378,3.1490893189244176,0.366966481755664,0.7402625227416119
3742,-0.4908533715568552,2.377148961683028,0.2438723399145115,0.5883471737168827
3743,-0.38484035202402683,2.4289109531059507,0.24935441321326457,0.5874459286986676
3744,-2.483360423334594,3.647526998347232,-0.07801112803408632,0.24759822948006616
3745,-2.5803620222979804,3.7779715144024344,-0.09564865825049239,0.2690774978504305
3746,1.531721506749035,0.9236406896789445,0.17181638296964272,0.18602901761727741
3747,1.4152434259154743,2.0928968031486646,0.2960852016400861,0.44478492827085786
3748,0.787690959514991,4.801911149564823,0.4804406604833814,0.861019709921599
3749,1.9070925986312683,2.9511015239074108,0.35860745943035194,0.5139821851215229
3750,1.730913162759615,2.864191213320178,0.3738131562936805,0.4906804956347695
3751,1.443868031940753,4.020296727871725,0.26998653441586157,0.358161171718673
3752,0.9748748975720088,7.27101552534922,0.16140909515736498,0.24807817856209144
3753,-0.18425578322263653,2.875869802482261,0.21115093542466457,0.39014634494792694
3754,1.8821996858520353,5.517451745173325,0.3285938607607926,0.4665533955307972
3755,-2.5873291358893558,2.137096941963026,0.2817049641621778,0.7665482269984847
3756,-1.5147043428913933,2.6474916619344198,0.27502385455087963,0.7418575570050022
3757,-0.1280382302874685,3.2850496000804195,0.3298910987239448,0.6872613670304307
3758,1.9670633175234535,4.709503568650189,0.32520967483088187,0.4520549287481169
3759,-1.535703120402263,4.602552443371789,0.24121760837309206,0.673966634127341
3760,-0.984788375601705,2.5830760464131237,-0.05311236322427939,0.012212111025359818
3761,0.523119240412519,3.130697585286559,0.35448361836461834,0.5508364407245382
3762,1.0870464574657162,2.6659430279576,0.2731667498382443,0.4721266498758244
3763,1.7033162143643246,3.1161682297851456,0.26015204570334766,0.36892388275082105
3764,1.7613770480320339,3.161778401318385,0.2593054500338084,0.37493413655156077
3765,0.6270847256309301,4.445185569484707,0.20110475075650833,0.3014935430779336
3766,-0.8586820503422259,2.642826215716945,0.30950636018029515,0.763139310202865
3767,2.4600691506963215,5.225985228632016,0.6167151453976122,0.8171479956895218
3768,-1.5376599151141386,3.7375466599765303,0.1454100687735726,0.5054801298879387
3769,2.329894216017344,5.117490082387399,0.3713670728985743,0.42332622961142846
3770,2.2647262764354155,5.075820428327313,0.40245558835144724,0.4040514610667455
3771,1.589365681667484,4.965481392290186,0.34574652572392184,0.5003084135219314
3772,1.6687569903001946,4.887090426137194,0.34026333200473136,0.5097126069402446
3773,1.68990731751871,5.444944085819104,0.23973561064226834,0.25345250187119434
3774,0.233070353537803,1.481710890997327,0.14687792324025753,0.28010004692677193
3775,2.283272405458042,2.134553116538051,0.5727137046328793,0.7242742714637591
3776,-0.08457061063023641,1.1741195537997309,0.33636251323970423,0.7603679819772072
3777,1.451304030569402,2.332136805122461,0.6274392353534017,1.066967286998674
3778,-0.12344216558232847,3.3168714298606403,0.4530307219374499,0.9281541980755639
3779,0.3673086487338007,2.229852790287191,0.33248570673965794,0.5558056113825284
3780,1.7146387831657128,2.1101938454387525,0.30057195480994986,0.3444910549161816
3781,0.8978863969140422,2.334913780893119,0.053397030236077885,0.02344936852568664
3782,1.5959755613526234,2.6463946624158323,0.18780055983442684,0.1956810664022844
3783,-0.44039112158354315,2.476059205420262,-0.11729257225949277,-0.14340469389529706
3784,-1.9731255117208308,1.4118078507191467,0.03232271188875814,0.26069145197287275
3785,-0.8820655316294609,3.4700407578217747,0.09309776492373291,0.2741711890127922
3786,-0.4193445589266829,3.193845377181172,0.11629001242837526,0.3655174005800835
3787,-0.11808269135286124,2.7810588606590554,0.06686552926293948,0.25133925935412044
3788,0.253063361496097,2.6904254149400533,0.17094816352871137,0.47517698183936524
3789,0.12669236288894636,2.306645312599001,0.28722276448069156,0.4108726199846409
3790,0.07879353439627856,2.283019532545454,0.2270964100562356,0.5176978726052072
3791,-5.075877654862391,3.0327572527960234,-0.15166336116361406,0.43233060032033993
3792,-5.04916083562133,3.143849970151892,-0.14806688210937097,0.4505291356107064
3793,-3.293391820629514,2.222928924576734,0.07301433331599975,0.6628299333142248
3794,-1.7575585263857558,1.7441066059447095,0.12603200949990104,0.4566624898258698
3795,1.7571026429989967,2.221920069256879,0.3264639776633271,0.47162692679063634
3796,-0.7576082408963206,3.3237930201647665,0.23289772589481975,0.5889827540367181
3797,-2.303386510885177,3.6840795770567465,0.21653904922962477,0.7211924443339237
3798,0.06665463484237082,4.791210316261154,0.38635850187150184,0.7039755462616241
3799,-0.03788423855106362,4.692038484512673,0.37056225745022037,0.7665289884316442
3800,-1.386397348061627,4.7432777710266745,0.3265373552426734,0.8826791407230813
3801,-5.050662324608796,4.474073715102897,-0.05454722172657973,0.517258748417748
3802,-2.7625483645665128,3.912747748696032,0.0916943798380667,0.4965839332257266
3803,3.657305515348476,2.7263107778026563,0.4948285092264975,0.5849425897864282
3804,0.8323054872940131,2.5039269987185073,0.4197737444639713,0.6211112532319756
3805,-1.0708894487254925,1.186803223455641,-0.04817271983966496,0.1843227183553456
3806,2.216268572767841,6.582070246221721,0.5207008559732637,0.8002042163383118
3807,1.734229026117883,5.783058027302571,0.519572594077227,0.7703775850081114
3808,1.6875040930337557,7.429800244468341,0.5307984291209922,0.9047044837472559
3809,-0.8557850101501887,1.6533686892161106,0.10858685565987766,0.40489197285656514
3810,-1.3940017663165718,1.6290874471301071,-0.037742842372742495,0.07968890634577885
3811,-2.7321064005435707,2.0805216109436584,0.11835763892532188,0.41155718433408894
3812,0.8965423906484915,1.5025665331939937,-0.07867867434447073,-0.13250420711764427
3813,0.6379506064273109,1.4287761371204923,-0.06428513240784985,-0.22600248181708466
3814,-1.4064770159844895,0.8662901677065171,-0.33154932712136426,-0.29761503680798995
3815,0.6334706742540179,1.4124036849912238,-0.0635109849110795,0.053013285690192376
3816,0.5689514711119449,1.4155253209367855,0.0017258185786587945,-0.09521872099498936
3817,0.8170471463110659,1.3260567992186634,0.021007903652441342,-0.058709990695193295
3818,0.450915303475777,1.9915501469666617,-0.03729575705543679,-0.06516047730668997
3819,0.8584227816897,1.9005676060609453,-0.0415750238629639,-0.12419157196694802
3820,0.7719816643777787,1.8735746932835753,-0.01175218805369356,-0.12325798269453717
3821,2.316894326736027,1.0656547061951438,0.11846534991581942,0.050819899399101996
3822,2.237851209314788,1.0938850146407255,0.17019135296236218,0.0202560058035939
3823,-3.2949374923475787,3.04651908718516,0.14573381371274066,0.6684836434988423
3824,-1.3816392648205906,3.924356641473773,0.009635562388562512,0.2379403457372652
3825,-0.9390087635279557,4.514493023188006,-0.019397062645812667,0.13300909710629824
3826,0.0674227922469273,3.053818256965832,0.24246797618602306,0.42524886041720283
3827,-1.0950527489083342,2.6553116358099738,0.06854391303590086,0.24162825447301595
3828,0.9208667917730435,3.6143158384070464,0.3034201131722893,0.46530878870829373
3829,0.6430193978380506,4.290711022807847,0.473222160067599,0.8504243372851779
3830,0.4820254331805312,4.363613051656461,0.4428102152259505,0.9075084505903503
3831,-0.1222004749272114,3.4693610495708547,0.454221476362798,0.7699868520525734
3832,-0.2496922257879797,2.445706997011092,0.3184669301950058,0.6785769189901154
3833,1.928291305387437,6.101899045166535,0.4852818359846482,0.7660648968849157
3834,2.9546776853952452,8.338560167958336,0.4572954454691017,0.5870884013067192
3835,-2.0080406472344143,4.423982237284872,-0.03709176592290856,0.26919087191387003
3836,0.19538913215217224,3.3297204860308165,0.12486907982427312,0.30541568097941285
3837,-0.9653431838250437,2.9016896721116496,0.11724298044977728,0.42463036558162653
3838,-0.5388212546384591,6.070561162333873,0.1163513809317837,0.3436169738785588
3839,2.2628099955936958,2.478021109572996,0.39170537974938013,0.5100331031489563
3840,-1.2736328005345958,5.956130768233407,0.1870844833653597,0.5123400871728768
3841,0.42902697970351633,3.341340004160725,0.367614095581056,0.6250502436898783
3842,-2.8297446520873812,3.311173122798151,0.16779038859084597,0.6223823298263177
3843,-2.6103247184296055,2.2097574641672217,0.1016030763799523,0.40036559519752923
3844,-3.591057059153469,3.994072813401462,0.3766996039377474,1.0580021405608337
3845,-2.6834148557905486,3.474712285566244,0.3362292715179958,1.0511266794882816
3846,2.8772438482106195,4.073034224690998,0.7836626500682863,1.230578534058223
3847,-2.530930915153734,3.5603727621380723,-0.16824322921772844,-0.006839080024793298
3848,2.8797541000036246,3.908755018300712,0.566581385730159,0.7764444895901597
3849,1.7369294107941486,5.233148725772015,0.47582878794636996,0.6750503569861305
3850,-1.6033252289852886,2.6519936818069296,0.07442817674962553,0.35138713387290665
3851,0.6373861843879682,4.061185847760415,0.20119779765738519,0.3662877708713008
3852,-0.3019842451564055,3.6733970392171473,0.17420694564716124,0.33215682486001064
3853,-2.2419983159588583,1.7646228033335618,0.11581079273791962,0.5600096598660202
3854,-2.7951574637522487,1.9316802861706839,0.06698523479701256,0.42867797322368667
3855,-1.9534523890210562,1.8547560685400268,0.12924580482935907,0.5865704303387023
3856,-0.00871340786086398,2.66988400726941,0.2567475733073426,0.44054222016085187
3857,0.9138589225363234,1.6765823560792377,0.25216962487564004,0.4020305916781122
3858,-0.10340441351021876,1.0357657177041932,0.15174310636970653,0.232134871059014
3859,-0.41294286801839497,2.4237367545913138,0.11040347751782302,0.2525474286873807
3860,0.6864958284278146,2.846675013735493,0.02809963725401917,-0.06259259277882577
3861,-3.0283747429959518,2.4311514943457357,0.16709765005977825,0.6009451234560863
3862,-2.366181143800176,2.5446380553368773,0.3309368562497176,0.8403351239894888
3863,-2.286542316213025,2.5863046359119872,0.3602447536348081,0.7985203471557194
3864,-0.5032325098886861,2.9519234395648795,0.2845483519110998,0.6967468405371476
3865,-0.7878176154007588,3.03530550096445,0.31277865954796735,0.6542736244403509
3866,3.062420669937177,4.269631552542505,0.37059305797744796,0.4180533869320942
3867,-0.7592126164551881,2.789085824354949,0.25836199060563003,0.6047839489340634
3868,2.036217801347491,6.159947059406483,0.31412949412007113,0.40184544625336904
3869,1.7490569053080829,3.9885925542228846,0.10970115998359377,0.06195965834749576
3870,-0.7473227135485552,3.3539339599055924,0.30600015291206345,0.6663271451667707
3871,2.403105005640848,2.781520758722834,0.20716104861244164,0.15012225617198413
3872,0.04175515067435902,2.97621610931009,-0.0799089703922771,-0.10040519058900997
3873,0.8241958152970701,3.076415901144187,0.41764330677633,0.7140481320531079
3874,-1.5860744388905892,2.9107270253474167,0.21823594338048616,0.6231674807742623
3875,1.2272134365361544,4.141109530559432,0.2708199261354417,0.4158552781050762
3876,1.280439919570892,3.978247341629916,0.2747782397278889,0.4170793148529041
3877,1.3909736277032791,5.019692746264083,0.2609586617106247,0.385994582434441
3878,-1.8547136202171097,3.5560851791784645,0.129968073756624,0.456859348579708
3879,-0.5754976869855476,3.913990976292271,0.1209874147895302,0.29283310139316804
3880,2.3796913655714613,2.991615249506313,0.23237376672696153,0.1021719940449813
3881,2.758765564245845,3.107052718845274,0.22113327068207086,0.14700873741579754
3882,0.491482910302837,2.4279476741062034,0.3712513795897659,0.6647309787267422
3883,-3.7540077133534417,2.7123246140777773,-0.24453478108722182,0.06020189829615464
3884,-3.186254585337111,3.9324993654239004,-0.1317439074771601,0.20881774033566147
3885,-2.055796503550185,4.305745108287328,0.0015238852219434937,0.2696282677485133
3886,3.029358402723207,2.6407276293197444,0.49980533359508156,0.5701340308017595
3887,-0.0380675110499405,3.628328551632189,0.4664366950324366,0.8899505839430235
3888,0.5037717145709872,1.804657616888099,0.39430799040004716,0.7067850828447684
3889,0.050457043142231685,1.5902608139472485,0.3190747573265975,0.6216596011713058
3890,0.6241283758889729,3.949595013096964,0.3035880742606738,0.6129305893230579
3891,0.9331646568924097,3.7322805582637746,0.3209724146667705,0.5971700491929683
3892,0.8802347916723525,2.514828902408248,0.3842861947646371,0.5177485550166607
3893,1.5288879499377697,3.0592244570163,0.3896676156700106,0.5055778473239206
3894,1.4187967340048353,2.4806541322668956,0.17413390946051385,0.20863036840232332
3895,1.7691366207793,2.492811304487669,0.27723253620653066,0.3069740729596416
3896,1.8350018828588,1.905621123487155,0.39750394340485795,0.5300284423040741
3897,1.7798152720142226,2.2178693217778207,0.3883727951693819,0.5538422956009121
3898,-2.7223016119234593,4.753424770682234,-0.0299042075193626,0.3935050278493898
3899,-2.8306767565737556,4.192684713312847,0.05699021379296756,0.40093714346890497
3900,-3.028066039968382,4.038218222718115,0.04858924928809048,0.4052603234499996
3901,1.1383999167332373,3.2438581730187606,0.4786158214680369,0.7556147566462992
3902,-0.3051151459865616,4.277209170769586,0.06543980625499016,0.2175796421658583
3903,-0.35353949455248673,2.3996134124552078,0.2131496017298043,0.5131578238441744
3904,-0.4903764638979399,2.3666851189188605,0.23941871204919693,0.47598461161967887
3905,1.2172696275235726,1.424848852040853,0.11966754911693044,0.08601141545808667
3906,2.1593666039193344,3.416650938164318,0.46872665465771607,0.5909554048441525
3907,2.0905017107973496,4.851512101397585,0.43913348970289207,0.6142935529163457
3908,4.7259729321011195,2.7140964396457936,0.423500386672356,0.2842897954331655
3909,0.94178677849315,4.578129652015168,0.48633005360141207,0.7984358410784546
3910,-0.5213516204883412,3.0491968988509814,0.058565996354516446,0.1544278105581492
3911,-2.9007744800801247,5.942686713748667,0.06346930395596784,0.47292625843624186
3912,-2.901733891715423,5.991548248052915,0.0467219972240227,0.4891070369999919
3913,4.649736067732714,3.355569009588087,0.5776985228331725,0.5339138221638308
3914,4.0677850238286855,3.8564926068329672,0.6561596127485533,0.7697898234833046
3915,4.420768266844525,4.01646484303356,0.6244308899712482,0.7920323825349415
3916,-2.2645497209415177,2.060853088260429,0.04140279813142743,0.4000088366573836
3917,-1.991889428027487,4.398742720660346,-0.07886576464530726,0.08542903698477597
3918,-2.328111489514369,2.7515948685445517,0.07654330892657409,0.5124155987074339
3919,1.4783901768490777,2.7260767512677866,0.06545577456171009,0.06510662363724064
3920,-3.8402085660939385,2.292707809566698,0.0182180397601314,0.5502687670581767
3921,-4.205214017486201,2.0360716722103622,0.006060312477355663,0.5228191841162544
3922,4.856961452250197,1.9491967361075586,0.5767245386894678,0.5216651951198554
3923,2.770013074754427,1.5159066708067221,0.5962623796708375,0.7725977888277487
3924,2.309837486280621,1.6678950257164706,0.5465037766822975,0.7605481647906865
3925,2.288655821801715,4.508703982192821,0.6411409025854397,0.9035500248668644
3926,4.230784411540366,1.9910116175422004,0.26102207701003516,0.004294087495422012
3927,-4.661191923042036,2.171423488769631,-0.11831074724346,0.31270443942096504
3928,-3.863882729510524,4.740332086035852,-0.040839145507298065,0.34840590889003265
3929,0.408651953833899,1.4983603937038144,0.018919846456736337,-0.05385035005943451
3930,-0.6755007947298678,5.807833357867614,0.3115010884063792,0.6822685775926469
3931,1.3133820360811803,4.952088561309869,0.36921756008944745,0.5469142547205708
3932,-1.7478189422634294,1.89857906379769,0.18090289121490996,0.5901887778771703
3933,0.8503544479076338,6.864726188210217,0.32674091754089185,0.5384403729316155
3934,2.1044410416193102,1.6343786340293043,0.5603860498079113,0.8026078371632991
3935,-0.3356533334101253,3.198174618377716,0.16805663581325694,0.4404358404100219
3936,3.3529663798868907,6.3775313512752385,0.2493792421147391,0.16617368146246378
3937,3.603247879991546,2.046511843717629,0.4942406679422371,0.4849493973750489
3938,3.4620810990886337,2.070427397916317,0.47047888183831515,0.5050873762858705
3939,-0.33854184249302277,5.660978720655275,0.10235099030189534,0.2466308193213551
3940,-0.2942159493506046,3.1487949433587135,0.19808870229933934,0.45164961219904204
3941,1.207363334125638,1.9603498547497045,0.22834663223099638,0.34833126507917556
3942,-0.10734784139259541,1.8232286457750946,-0.06735200164254679,-0.1121165394676806
3943,-0.16927548150942326,1.846681462573337,-0.06257806473286741,-0.13514501060338832
3944,-0.9070159886206884,2.9367817905175633,-0.1652613534771351,-0.19142897627744848
3945,-0.527496122628629,2.5632557101369025,-0.15246438890137712,-0.12694091253037812
3946,-2.503066060385912,4.176401225960837,0.2410715611219018,0.7509027350857597
3947,-1.1797735252652681,1.6881622771976181,0.192391980223824,0.5319650027757968
3948,-1.0848348724140742,0.8359973922806978,0.5132082366904841,1.0246775203893412
3949,-1.4344689147854834,1.0885803386427404,0.35270541008083683,0.7359721990314358
3950,1.8573646264463193,2.587907955376485,0.12938883763176431,0.16435720938571846
3951,-1.38225707162923,3.7765315242426487,0.15658068878171494,0.5378605430952006
3952,-2.5751332335464534,4.468541455182082,0.13663486014003592,0.5416612370875915
3953,-1.8835687661284466,2.0599115641534884,0.15512463913269453,0.4771728681683016
3954,1.6522650174945486,5.778428491787449,0.6166558608372753,0.9814219434047604
3955,1.5436723860644053,6.034203010056057,0.6301658756367585,0.9906512132115695
3956,-0.117151166810223,4.263235225009811,0.22939522019432554,0.5009989657304594
3957,-0.3456907955465526,4.071447232847644,0.22405306007698028,0.5266908878272394
3958,0.06577206806210738,4.1434091432252185,0.2652861018971864,0.5484316433514348
3959,3.4065204778359806,1.21132354555981,0.44015652967616126,0.33469775378726135
3960,0.7845578239569938,6.814094424628014,0.2558736154418153,0.49464658068806605
3961,1.3556996654412627,4.04655145915973,0.5644319963241252,0.9237378331358049
3962,-1.7730711495065075,1.9741312559672428,-0.06765036297913238,0.11241728642996739
3963,-1.985950734840537,1.9365957343956797,-0.05285756354827946,0.09504405931695326
3964,0.9752681205277475,2.1229696743099247,0.23655454080931174,0.3007080145115265
3965,1.576575809744835,3.3741486025340057,0.24308821729325708,0.31481282272409267
3966,-2.8007199928329425,3.1000435203638146,0.49775127164278343,1.2889027366339083
3967,-0.5585686818944061,5.090187987671496,0.2746107115803309,0.6176560893819665
3968,0.14215491134708685,2.023358725340826,0.17179273748708274,0.34906537813923527
3969,-0.1347320328281248,2.0366170849680483,0.1902623837309444,0.30970313266293925
3970,1.3575042107864206,2.692971160553465,0.2711755959697191,0.32328214924364557
3971,0.705719169604295,3.297545809497296,0.28161439418911793,0.4528896794053282
3972,-2.173672732611781,1.897482185138202,-0.15918116845432556,0.06452475637652828
3973,3.2720298976983155,6.23640221676507,0.4346757580192179,0.5051616917089712
3974,2.450411769489126,4.552925151903784,0.4069359292477818,0.5411578955238416
3975,0.4952453740162452,6.609773884749968,0.49938324129154515,0.875685684845415
3976,0.5004056175468962,4.449358146165799,0.4729140554582536,0.8231811424487044
3977,1.3234305733487923,3.9756923126159514,0.45827768943454245,0.6753455845799005
3978,-1.323201135631561,5.877910566644032,0.23654572889759135,0.693173431382835
3979,0.35159695849643846,2.8977957369873755,0.3995810080870667,0.7104570353786708
3980,-0.6809393675388891,2.570423812819358,0.18355327194794302,0.4544860918595902
3981,-0.6748750850602342,2.7858929343421255,0.21776110598218468,0.39429377429947327
3982,3.366606592197309,4.97730027832334,0.34342303721423717,0.32508497413269843
3983,0.7027430890951714,2.99818201265953,0.49217560258552057,0.8106963546640991
3984,0.0642211986131669,2.929194690378649,0.41079607305085164,0.7361623375377905
3985,0.1469569270725389,2.8847545664169942,0.3791036998881811,0.7890106882638784
3986,1.4110927627233922,3.038615389655745,0.442396946107625,0.6066827020489066
3987,1.619794815384692,2.837109632485211,0.3850467635594678,0.5412133128053195
3988,2.910909248305472,2.8000032697777053,0.4575052347706408,0.5134110156933339
3989,1.1712540560950797,2.7924721304280467,0.07375594570817921,0.040368812703079945
3990,0.8733884668739822,1.3157680659849862,0.15917014065346008,0.13701992451730585
3991,1.7573131944420315,2.9881239974537195,0.5593944416130108,0.9076470441625277
3992,1.3420453092378462,5.364308942617695,0.5194906940696025,0.8068591498571825
3993,-0.7687502696443573,5.483638757267799,0.4931309040590363,1.0407237920988193
3994,4.425184872612849,3.114153865829127,0.5125722178293828,0.4420301579471058
3995,2.6809570554867395,2.055904536743983,0.4223793567694346,0.4824540039028976
3996,3.7635499400056154,4.4454501766375865,0.5475857328216409,0.5541310233820191
3997,3.7397473678210793,4.441137485257481,0.548895011737197,0.5347829960246894
3998,4.693813616491153,3.791674421514657,0.5630244210466435,0.52755984683421
3999,-1.1200696966578205,4.452164585887193,0.1923107844463529,0.48593146451581154
