medium_index,sample,mu
0,0,0.9371256989557275
0,1,0.936385588817693
0,2,0.9478393149076859
0,3,0.9581094152877335
0,4,0.7937998862589553
0,5,0.8478211505054594
0,6,0.8994517562542955
0,7,0.9103384028108884
0,8,0.7013444703700363
0,9,0.8189323196313183
0,10,0.9438639834112563
0,11,0.6843460959242577
0,12,0.8318223787116811
0,13,0.8752170958431924
0,14,0.6766325370122599
0,15,0.7210061315914312
0,16,0.7748871004343102
0,17,0.8958927586533896
0,18,0.5590609053383516
0,19,0.9494521836612028
0,20,0.7987508003115718
0,21,0.6953314492277682
0,22,0.5463796715776973
0,23,0.7479498829736166
0,24,0.6429621249722308
0,25,0.5722170709047818
0,26,0.8923004754375718
0,27,0.9282514714889009
0,28,0.5747221219339249
0,29,0.9906234914944523
0,30,0.33071304774763993
0,31,0.737527606193713
0,32,0.2691458651693715
0,33,0.6007102036930746
0,34,0.8731410692310974
0,35,0.7733987458082372
0,36,0.7292413262505923
0,37,0.9883561621796687
0,38,0.9849365094902298
0,39,0.9932992476711968
0,40,0.9830751890384796
0,41,0.9941396868429958
0,42,0.28227842385586366
0,43,0.6733355144676254
0,44,0.9840103499520158
0,45,0.9907896758653271
0,46,0.9891285900741581
0,47,0.9384397843102531
0,48,0.23166948511763932
0,49,0.08546283829199693
0,50,0.28502130494364025
0,51,0.980126702995538
0,52,0.9560801193437585
0,53,0.8804849351427034
0,54,0.5515794455833496
0,55,0.6462348506365571
0,56,0.9458846979930996
0,57,0.7955551288133385
0,58,0.9033824264968163
0,59,0.9133476071344606
0,60,0.8884017049257459
0,61,0.7611430313196719
0,62,0.8915742096678163
0,63,0.765929040053659
0,64,0.6849246820633286
0,65,0.7768424996642529
0,66,0.8374511816813828
0,67,0.7026487398713241
0,68,0.746306325819469
0,69,0.9029849812576443
0,70,0.6704591140958622
0,71,0.755146761058347
0,72,0.7437757197922719
0,73,0.7978733399892446
0,74,0.9101616075235578
0,75,0.6103852864503071
0,76,0.7760667652057402
0,77,0.9796660554785
0,78,0.9944222238718626
0,79,0.9629801101703833
0,80,0.6761541544605476
0,81,0.8325477360817076
0,82,0.7622270184367592
0,83,0.908899481717686
0,84,0.8369206998030672
0,85,0.8536663847705411
0,86,0.9746829872377788
0,87,0.5281870442756307
0,88,0.9649452941069198
0,89,0.7739583502372144
0,90,0.9395884805123819
0,91,0.935427955465408
0,92,0.7197915366229602
0,93,0.692001904569866
0,94,0.9348507829566791
0,95,0.7995252930258694
0,96,0.7152264773097298
0,97,0.7417015697317153
0,98,0.91802158303598
0,99,0.9411324408565539
0,100,0.7393357398225681
0,101,0.25802972081026254
0,102,0.9749583523702486
0,103,0.3265787780100321
0,104,0.8509349433368473
0,105,0.9633795404800237
0,106,0.7201939656022894
0,107,0.5036493858530258
0,108,0.9539156099056668
0,109,0.8484523247593114
0,110,0.7308109325924874
0,111,0.7654249510695569
0,112,0.8377921667333115
0,113,0.8846943945800291
0,114,0.3242671971560407
0,115,0.4590675872952241
0,116,0.9673898901048679
0,117,0.5214924007331769
0,118,0.972400929801932
0,119,0.9793782852602606
0,120,0.8742853423821579
0,121,0.9586079688170508
0,122,0.9311661857679816
0,123,0.61151996879675
0,124,0.4642656063514414
0,125,0.7744848981970633
0,126,0.7953008708353827
0,127,0.8548998500785725
0,128,0.8581548886868327
0,129,0.6267580298457122
0,130,0.783951406573167
0,131,0.6826461516664236
0,132,0.9206804647493669
0,133,0.9953073787704201
0,134,0.9890978154215898
0,135,0.9589873619026612
0,136,0.7377455902282712
0,137,0.6855512304287891
0,138,0.8010591244391865
0,139,0.9027736136238977
0,140,0.9717305100788675
0,141,0.8448683917554403
0,142,0.9548054952730688
0,143,0.594053303718185
0,144,0.3469261181655929
0,145,0.835765477110246
0,146,0.4609981435056265
0,147,0.8706387910690399
0,148,0.6931341119838648
0,149,0.8219289518931058
0,150,0.7735616128857682
0,151,0.834312975554117
0,152,0.9171156736974312
0,153,0.8594531287213092
0,154,0.8265944695202548
0,155,0.5138210293681992
0,156,0.9047449474253714
0,157,0.965238681996722
0,158,0.6133425444535292
0,159,0.8568048768433302
0,160,0.6068242600991902
0,161,0.7986549134277322
0,162,0.8120467907282415
0,163,0.8703336991528969
0,164,0.8475598943725865
0,165,0.9188820679585257
0,166,0.9518677756595632
0,167,0.5539911118117674
0,168,0.6797055169561979
0,169,0.6094793400423195
0,170,0.9174476705874992
0,171,0.9571851310716611
0,172,0.8503189104502779
0,173,0.5616884736573952
0,174,0.6948107808475169
0,175,0.7732086094595485
0,176,0.8704874505306529
0,177,0.9782331822763496
0,178,0.5286077091400396
0,179,0.8864334188419845
0,180,0.9643666624305892
0,181,0.9234639036660611
0,182,0.8266042303612177
0,183,0.6814175853439758
0,184,0.8458017014253164
0,185,0.8020552970526236
0,186,0.640973764480674
0,187,0.8964232421349554
0,188,0.6968623791800392
0,189,0.5939787729075586
0,190,0.777668424803552
0,191,0.7695690479219318
0,192,0.4871857902444059
0,193,0.8907843683004083
0,194,0.6014448772520608
0,195,0.6334032361640358
0,196,0.6470535509618559
0,197,0.7787647789305557
0,198,0.8645734097676229
0,199,0.8473606936955012
0,200,0.6214036829081655
0,201,0.8447109439707752
0,202,0.7943807863463237
0,203,0.6486952720779295
0,204,0.8766814272886675
0,205,0.779310092648175
0,206,0.9212513374450695
0,207,0.7559441082604422
0,208,0.4669415344589291
0,209,0.683784878650956
0,210,0.805512007690666
0,211,0.8422405337945535
0,212,0.7846322831409914
0,213,0.6474954435112108
0,214,0.7359017361867791
0,215,0.8941626754395446
0,216,0.9678319869941526
0,217,0.7190103786882498
0,218,0.6573757381834566
0,219,0.7627534310364599
0,220,0.7208949670503624
0,221,0.7601579822725193
0,222,0.8062142698291745
0,223,0.8218223721454421
0,224,0.4749020018473121
0,225,0.6941461318089392
0,226,0.9855257329119541
0,227,0.7199259748625869
0,228,0.8645322605902269
0,229,0.7634344985586359
0,230,0.7460098879892206
0,231,0.8518900815219568
0,232,0.8519578157040526
0,233,0.5284345891316715
0,234,0.9491007896579925
0,235,0.9398620385845877
0,236,0.6588524997005016
0,237,0.8510684650868146
0,238,0.6477846884206502
0,239,0.5639786355518888
0,240,0.8056962439778191
0,241,0.8617362711487231
0,242,0.6269936331384462
0,243,0.8671375563859434
0,244,0.8906270042268222
0,245,0.9564148418384423
0,246,0.4999418001367608
0,247,0.7562972432723442
0,248,0.7411410701275507
0,249,0.5339382102492534
0,250,0.4691515083312932
0,251,0.801797623364886
0,252,0.7392825659230992
0,253,0.6863664414251684
0,254,0.6569345796300009
0,255,0.8072213825411964
0,256,0.8248122426732512
0,257,0.5613880441619022
0,258,0.6159641483326163
0,259,0.7066600276644317
0,260,0.6759903129008072
0,261,0.8410609019754415
0,262,0.8774784426521841
0,263,0.8414043663308577
0,264,0.6874605975450495
0,265,0.9022676608376221
0,266,0.8234305465519716
0,267,0.9268277361578192
0,268,0.9602594351099062
0,269,0.9409048975283543
0,270,0.7697275669309969
0,271,0.9284898954390659
0,272,0.7378918673048915
0,273,0.9726077678974743
0,274,0.8923658634977354
0,275,0.49597308675978025
0,276,0.7983328988731909
0,277,0.4780280756807755
0,278,0.9154755558142873
0,279,0.9575565348562252
0,280,0.5491758894012714
0,281,0.7525596232178513
0,282,0.8765722474592399
0,283,0.6588523756000672
0,284,0.5913214569994809
0,285,0.8672048397597001
0,286,0.550233814874818
0,287,0.7171448644592219
0,288,0.950838690359887
0,289,0.9408752167015093
0,290,0.9101033956493463
0,291,0.8473694451531941
0,292,0.5083388882871368
0,293,0.7846980890926967
0,294,0.8766914712349748
0,295,0.8663355999599733
0,296,0.9006576200620964
0,297,0.8464926608315626
0,298,0.8319347433611218
0,299,0.8585720416141955
0,300,0.8981867508255126
0,301,0.8099208134550839
0,302,0.6012214281841418
0,303,0.6470784675041814
0,304,0.7910757093221555
0,305,0.8785750902535476
0,306,0.8181784383109602
0,307,0.910315670994883
0,308,0.7556613398720821
0,309,0.7122638680158591
0,310,0.6547981191068348
0,311,0.8045507539611927
0,312,0.8083088348614408
0,313,0.878019107102698
0,314,0.8934138996151585
0,315,0.8838511114605151
0,316,0.8933304825947035
0,317,0.7391916109172296
0,318,0.9678607454563943
0,319,0.8807555049183545
0,320,0.8073958625271155
0,321,0.6684996470706488
0,322,0.8622302322169869
0,323,0.7304304806962688
0,324,0.511325320857726
0,325,0.7194770582910036
0,326,0.5916516542595781
0,327,0.6366593319481496
0,328,0.783271721975879
0,329,0.8909699835828858
0,330,0.9047028685674836
0,331,0.8447698266628152
0,332,0.5694504323400755
0,333,0.9410232014317651
0,334,0.8119443770067505
0,335,0.7310071839824951
0,336,0.6799103191449235
0,337,0.7120537831851423
0,338,0.8409694856769115
0,339,0.9116251218983732
0,340,0.6088978041228956
0,341,0.7658209629313695
0,342,0.8258087852522606
0,343,0.9432378777253208
0,344,0.6943983309763503
0,345,0.7808131968536592
0,346,0.579627312024646
0,347,0.5254597131672818
0,348,0.4787705943035727
0,349,0.9678246630296012
0,350,0.6865516136188757
0,351,0.7538235636488763
0,352,0.9253424226080541
0,353,0.914315898070107
0,354,0.948979146333384
0,355,0.8891204859447839
0,356,0.9191729088804427
0,357,0.9714723409421719
0,358,0.8453452011038629
0,359,0.9532617109487621
0,360,0.7520254175001662
0,361,0.5948913374106789
0,362,0.9001554637077456
0,363,0.7469755334824001
0,364,0.8509763371953442
0,365,0.6928204437295178
0,366,0.9138249847767634
0,367,0.4397308101076497
0,368,0.8447738494668848
0,369,0.9781401907911476
0,370,0.5318744981024084
0,371,0.6811053984931575
0,372,0.9051379884361553
0,373,0.7805922563333291
0,374,0.851528987668788
0,375,0.7961088240099621
0,376,0.9010510554493126
0,377,0.5610841395599352
0,378,0.984712452438765
0,379,0.4043150919855425
0,380,0.5021319731048363
0,381,0.6543104274862227
0,382,0.91010159897495
0,383,0.5888584437283979
0,384,0.8461563846300656
0,385,0.4732538893186802
0,386,0.5639493124788215
0,387,0.9734284312314088
0,388,0.7651965488064215
0,389,0.9129433580508647
0,390,0.7026477811104613
0,391,0.7706902614015275
0,392,0.4753877109046494
0,393,0.625476626935371
0,394,0.7123329869113616
0,395,0.5621076370608827
0,396,0.6744695652960099
0,397,0.5982185429823653
0,398,0.8972644903684628
0,399,0.8499391567025543
0,400,0.7906008812843582
0,401,0.7155994304334213
0,402,0.5941211901575997
0,403,0.9054755782858305
0,404,0.7746401665998148
0,405,0.6449624679964905
0,406,0.6064998342716644
0,407,0.8532692138416937
0,408,0.8571586641617335
0,409,0.6309855762256248
0,410,0.677903263863079
0,411,0.9438358425145275
0,412,0.6350866919575062
0,413,0.8017136461412497
0,414,0.5592696315322895
0,415,0.5427126408840277
0,416,0.9507364713861775
0,417,0.9163074941594017
0,418,0.9702379151507069
0,419,0.981781979610122
0,420,0.9803996951299896
0,421,0.9608230058833037
0,422,0.9592088960174023
0,423,0.7946474090536638
0,424,0.8303890432376133
0,425,0.8297666185962178
0,426,0.8519076082602016
0,427,0.8359152036734814
0,428,0.8596881030510594
0,429,0.7880215782076856
0,430,0.934908083809636
0,431,0.6975905269704272
0,432,0.9098156712043032
0,433,0.876450336735364
0,434,0.7438483840349872
0,435,0.8029632546889032
0,436,0.7684563610544606
0,437,0.8772209052771466
0,438,0.765811356730387
0,439,0.8205048797412053
0,440,0.9729443485202012
0,441,0.4518894362472517
0,442,0.7346462932567892
0,443,0.7083212631808051
0,444,0.6442283846510607
0,445,0.808400631274901
0,446,0.7681170244389506
0,447,0.9117035822767663
0,448,0.9662997268812509
0,449,0.9539993628451396
0,450,0.8616049350537491
0,451,0.8278930377314572
0,452,0.8693954538843764
0,453,0.5224657681818722
0,454,0.8837837554451552
0,455,0.6104434497181009
0,456,0.8930034637981097
0,457,0.8584303348792577
0,458,0.8027214992241953
0,459,0.97715866066735
0,460,0.9413075018450373
0,461,0.8582036152193933
0,462,0.869109990496971
0,463,0.9739534455916842
0,464,0.9160092115351116
0,465,0.5707119962185794
0,466,0.7093942142715786
0,467,0.7276631475804902
0,468,0.7194668492579169
0,469,0.6761596530886466
0,470,0.6594511390545151
0,471,0.5912268012346554
0,472,0.7238946221966335
0,473,0.6697050555429261
0,474,0.4581100617453163
0,475,0.8768888856600296
0,476,0.8784016972544751
0,477,0.8572714208471104
0,478,0.8175960327123105
0,479,0.8879621001633045
0,480,0.9463866109938098
0,481,0.7224731465894466
0,482,0.9625449377029887
0,483,0.96007780131078
0,484,0.3071856823019639
0,485,0.8371792545711935
0,486,0.939975172250789
0,487,0.7440573000421998
0,488,0.8290373079056594
0,489,0.807356744403029
0,490,0.807753068003456
0,491,0.7990521900312542
0,492,0.9258350951997887
0,493,0.9346582075465394
0,494,0.9363998263492413
0,495,0.812706537563559
0,496,0.869270015022448
0,497,0.9695558806851952
0,498,0.92530851615966
0,499,0.14143512103645142
0,500,0.5038164348368682
0,501,0.9561798216715476
0,502,0.6190576482080878
0,503,0.9095766181757496
0,504,0.9633699278220224
0,505,0.9499926654780014
0,506,0.9477693717542537
0,507,0.7798281084631157
0,508,0.9243687832543371
0,509,0.9262887422362855
0,510,0.821601296838554
0,511,0.653223122902355
0,512,0.6332187712680496
0,513,0.47918944460686025
0,514,0.8100886749624535
0,515,0.7906019316457674
0,516,0.8263352402565667
0,517,0.8518481136679692
0,518,0.9765511271076092
0,519,0.9901694141588491
0,520,0.825874218628573
0,521,0.9008974940310551
0,522,0.39854397313510936
0,523,0.49380494477384534
0,524,0.6989144267585441
0,525,0.6684588008133366
0,526,0.9654730962742841
0,527,0.9141157649958943
0,528,0.6415875764275927
0,529,0.8968917599812386
0,530,0.8795142463440573
0,531,0.3340558904184454
0,532,0.5454360519899935
0,533,0.7263721115947489
0,534,0.8795164411975098
0,535,0.7419932658807029
0,536,0.8307530030388901
0,537,0.7149273391601356
0,538,0.8846971752204622
0,539,0.9581459993296139
0,540,0.9291030318185385
0,541,0.8674428503814241
0,542,0.7261539623797965
0,543,0.8853454970503374
0,544,0.8750994046647047
0,545,0.7801660504634326
0,546,0.9370043670779309
0,547,0.9463240154666673
0,548,0.9365106389961104
0,549,0.8851275099474988
0,550,0.9783812157743695
0,551,0.8813725328909772
0,552,0.7279346755634265
0,553,0.9506662275582975
0,554,0.7244733604880215
0,555,0.6617586670853409
0,556,0.8928662261123205
0,557,0.6605928379589572
0,558,0.6319694754759684
0,559,0.5740393831497994
0,560,0.8815117084406262
0,561,0.8268587521085349
0,562,0.5736792952206944
0,563,0.8533560451244961
0,564,0.6872093606844488
0,565,0.6051894308088611
0,566,0.441506939356183
0,567,0.8594753202897913
0,568,0.6745207940254605
0,569,0.7160234835551813
0,570,0.925604019660505
0,571,0.9069497697761068
0,572,0.8668093973424607
0,573,0.6610750530993609
0,574,0.3754231401041991
0,575,0.7323407323423159
0,576,0.6705016593554894
0,577,0.6802598851770847
0,578,0.8853827063813668
0,579,0.5451053667851855
0,580,0.5204508349160978
0,581,0.7015783273772873
0,582,0.9581307951925058
0,583,0.8558025737010431
0,584,0.7007741014555217
0,585,0.819649543570554
0,586,0.5904165756049071
0,587,0.9260790078135747
0,588,0.9199975050493624
0,589,0.8696883708540843
0,590,0.8323961098228613
0,591,0.8685968467813585
0,592,0.8692831570143063
0,593,0.9593085341620765
0,594,0.9527719334574327
0,595,0.7326461946714576
0,596,0.7172389807632149
0,597,0.6581973611382606
0,598,0.7535417701948415
0,599,0.8838806426776634
0,600,0.8496424064852931
0,601,0.6961357998325785
0,602,0.9086133986626759
0,603,0.9032929117256167
0,604,0.849638239180831
0,605,0.927894389486471
0,606,0.8905424298811111
0,607,0.8246815811458753
0,608,0.6730845826665034
0,609,0.7821495091532619
0,610,0.7612150289170099
0,611,0.7395727368777621
0,612,0.9255743293781648
0,613,0.848559544381091
0,614,0.8161612529650109
0,615,0.7813676722660051
0,616,0.7040950000140975
0,617,0.7625356214870632
0,618,0.5381523903643082
0,619,0.7309058521749838
0,620,0.9064195569735171
0,621,0.8290048483577959
0,622,0.9532878520084461
0,623,0.521285960100269
0,624,0.9357380634394727
0,625,0.9257238068491812
0,626,0.6006139420237777
0,627,0.6583952654444429
0,628,0.5885016514220841
0,629,0.7517082307966227
0,630,0.8871142082370443
0,631,0.9360846538387988
0,632,0.9105707797667151
0,633,0.6980916839168724
0,634,0.7023015714479736
0,635,0.8127003952570785
0,636,0.6263734601187394
0,637,0.6832420427311371
0,638,0.5704835719574055
0,639,0.9001160856731303
0,640,0.6461346415104577
0,641,0.7979684425217013
0,642,0.8821776647223408
0,643,0.8714994439218294
0,644,0.83870515032273
0,645,0.7988330121228315
0,646,0.40479979763035556
0,647,0.4807311473266938
0,648,0.694797613643509
0,649,0.890538195537843
0,650,0.8318400466367272
0,651,0.8912020526023392
0,652,0.9204916718340097
0,653,0.5028646844337649
0,654,0.7364132160580584
0,655,0.7432349342561874
0,656,0.7563017929243445
0,657,0.7008852278132833
0,658,0.8263803674024768
0,659,0.8285661558364754
0,660,0.8991010019762566
0,661,0.6991604588223868
0,662,0.7965437509214648
0,663,0.8847628250743487
0,664,0.604763457049255
0,665,0.6414455125107521
0,666,0.7967607065629667
0,667,0.9413511905977872
0,668,0.9624654927186826
0,669,0.5529655958579156
0,670,0.7572752933685638
0,671,0.774433926108958
0,672,0.8675196097334982
0,673,0.7688872617285196
0,674,0.5370171913283168
0,675,0.8748569335779558
0,676,0.42655474740031346
0,677,0.9760226421910486
0,678,0.8413682956953163
0,679,0.7819998445254933
0,680,0.8312809031007248
0,681,0.7485660420869289
0,682,0.9049844613527475
0,683,0.9175703934898038
0,684,0.5415625962472825
0,685,0.8713429193122678
0,686,0.8627783056111025
0,687,0.9453089574137588
0,688,0.7823470947601924
0,689,0.6022897579805243
0,690,0.7802030091859085
0,691,0.6944979200072541
0,692,0.5915265535724819
0,693,0.9313040250594486
0,694,0.5796226093977094
0,695,0.9669878854728755
0,696,0.9545896408466441
0,697,0.7790967735178252
0,698,0.8539911864445394
0,699,0.8354659374489226
0,700,0.7215407305215428
0,701,0.6042164232153159
0,702,0.8197568132436568
0,703,0.9067747667558724
0,704,0.868117725742647
0,705,0.8203344597581876
0,706,0.7150791879084439
0,707,0.7937832731074673
0,708,0.6425447476902644
0,709,0.9697175182634359
0,710,0.9494503204123251
0,711,0.8806072209276888
0,712,0.7326922768836007
0,713,0.835836940810379
0,714,0.9441701841709323
0,715,0.9202478362215788
0,716,0.9200597634653174
0,717,0.6967614820363279
0,718,0.6419944743410915
0,719,0.9771993195814861
0,720,0.7007813305588755
0,721,0.5545598584963818
0,722,0.8921419215074318
0,723,0.9180145445060268
0,724,0.8702944741870748
0,725,0.8192597490489051
0,726,0.7504566571065416
0,727,0.790875218352506
0,728,0.7371761871854793
0,729,0.8358683824075268
0,730,0.8850036543068363
0,731,0.9770618882323491
0,732,0.9524756653233627
0,733,0.9325676438532768
0,734,0.7579418752986787
0,735,0.8459957174416632
0,736,0.6596567088190314
0,737,0.6590486696528005
0,738,0.8779620668357486
0,739,0.8330751780178008
0,740,0.8785365393647661
0,741,0.8678456998257609
0,742,0.9641094266406572
0,743,0.7746455492978551
0,744,0.7369057033435489
0,745,0.8466512565437724
0,746,0.9006573284132675
0,747,0.8416256614178412
0,748,0.9324987676445804
0,749,0.7787136119181091
0,750,0.8240864494388817
0,751,0.8745047715137224
0,752,0.8813747702394611
0,753,0.7642116793079077
0,754,0.9014568191255208
0,755,0.8996021423919224
0,756,0.7746720912139894
0,757,0.8630127215954404
0,758,0.8044433143533327
0,759,0.8199621506654632
0,760,0.75543841445307
0,761,0.9353364509974007
0,762,0.7785702333530217
0,763,0.9010134258023627
0,764,0.6284469971171602
0,765,0.813877459919915
0,766,0.8441314171922255
0,767,0.7420288811292302
0,768,0.6921065629549965
0,769,0.8255881633790639
0,770,0.8521399716887835
0,771,0.8702053729071503
0,772,0.8855901975295155
0,773,0.8919663166783194
0,774,0.9422290623865751
0,775,0.9314880216735403
0,776,0.8385315569100873
0,777,0.8290788425617793
0,778,0.728657967272003
0,779,0.9239199283083906
0,780,0.9445681349819971
0,781,0.7540281724416502
0,782,0.8409075664024036
0,783,0.8178603888719027
0,784,0.8094606066222654
0,785,0.9458830651687815
0,786,0.8706050909492763
0,787,0.7953738630505995
0,788,0.760727850935577
0,789,0.6644021556296171
0,790,0.7866872920006794
0,791,0.7834332714351905
0,792,0.8065268446115688
0,793,0.7737154710967926
0,794,0.8905830827983319
0,795,0.7885474550105416
0,796,0.7447425156264165
0,797,0.8960171626158302
0,798,0.8600832251942003
0,799,0.937359505721861
0,800,0.8350249342452265
0,801,0.7698523602352233
0,802,0.6610040485265515
0,803,0.7501372743335166
0,804,0.8860274281440391
0,805,0.5667899227793753
0,806,0.8639244437956425
0,807,0.6768046627731591
0,808,0.8028751710094806
0,809,0.7168763786883009
0,810,0.8992757424473119
0,811,0.9273746660640169
0,812,0.6762194253065531
0,813,0.7383826093944704
0,814,0.6160713596224964
0,815,0.7283545162728146
0,816,0.7861086529744191
0,817,0.6560125990720327
0,818,0.6576352456036052
0,819,0.9130518028987029
0,820,0.7743879679987477
0,821,0.7765231723131154
0,822,0.7221878070364494
0,823,0.7557333245614081
0,824,0.67569659646388
0,825,0.860740041751279
0,826,0.8848195316284226
0,827,0.8169131857375691
0,828,0.8803722760060647
0,829,0.9818072601586557
0,830,0.8905827717863083
0,831,0.7511154113809329
0,832,0.8772359136633142
0,833,0.8897886085137189
0,834,0.8357373929009607
0,835,0.7232682906731686
0,836,0.8210932860442672
0,837,0.703032680586734
0,838,0.6899753673719226
0,839,0.714146315673138
0,840,0.858799121425114
0,841,0.8434990544978971
0,842,0.6904190996896333
0,843,0.7746406388540927
0,844,0.7866594857725787
0,845,0.927235430547218
0,846,0.914120419546773
0,847,0.7415142424054149
0,848,0.6478657776592706
0,849,0.823280744311373
0,850,0.6412982680210443
0,851,0.8125749061773382
0,852,0.644386498765249
0,853,0.9484617271303262
0,854,0.9462241195829936
0,855,0.9146556406698411
0,856,0.8253677574430277
0,857,0.83065723369042
0,858,0.8315324106585881
0,859,0.9361556059912663
0,860,0.9148554943411065
0,861,0.916520906561209
0,862,0.8978638878711123
0,863,0.5660593435654003
0,864,0.8246689643608128
0,865,0.8250186039905094
0,866,0.8589544359202202
0,867,0.7985424790945302
0,868,0.6314623700277202
0,869,0.766800983349377
0,870,0.9502556330987623
0,871,0.8668873890321216
0,872,0.591581337445154
0,873,0.6153978282598634
0,874,0.8305590219389956
0,875,0.8737212653022178
0,876,0.34498514611457937
0,877,0.6054885360819432
0,878,0.6796729165110349
0,879,0.40745925315708414
0,880,0.6198110008614379
0,881,0.8451157401320035
0,882,0.8622647660398147
0,883,0.9227855050637471
0,884,0.6138223980135211
0,885,0.2777954622320318
0,886,0.5085734857019342
0,887,0.3382117561024718
0,888,0.720083332010852
0,889,0.8123192768690067
0,890,0.7581451307818431
0,891,0.5432396510334019
0,892,0.7889055788453693
0,893,0.6445618412182778
0,894,0.47456636299503896
0,895,0.8619800847439314
0,896,0.6178933646641575
0,897,0.3081850928376432
0,898,0.345030391960268
0,899,0.7397052173423075
0,900,0.7037963836082362
0,901,0.8581936394592815
0,902,0.6822945627496194
0,903,0.8102698896779562
0,904,0.6856343091342643
0,905,0.8124328071537056
0,906,0.6268087500358007
0,907,0.7194223173059493
0,908,0.8474382166381712
0,909,0.9626433722264178
0,910,0.9698672927511971
0,911,0.7154847774744802
0,912,0.6300418474123105
0,913,0.7683104394640792
0,914,0.9457297009492347
0,915,0.7576304644696975
0,916,0.7481780447572158
0,917,0.8523200332943924
0,918,0.7209353047984643
0,919,0.7206437540563951
0,920,0.9077966947209382
0,921,0.9133426351329551
0,922,0.914461638983509
0,923,0.9357545168272992
0,924,0.8372320981950365
0,925,0.8407946638974882
0,926,0.8022079002433778
0,927,0.7762724859223674
0,928,0.7440779470795157
0,929,0.7402094817792696
0,930,0.8196559992038981
0,931,0.5663506513129546
0,932,0.43282295863980647
0,933,0.33753977770578775
0,934,0.8345047938876579
0,935,0.9040075874810157
0,936,0.8417020562266031
0,937,0.862276138147466
0,938,0.8824955733614772
0,939,0.9121258204373989
0,940,0.5255389404487146
0,941,0.9946674125423954
0,942,0.9932659476616575
0,943,0.7919546202916051
0,944,0.9878078092350131
0,945,0.9736771485698265
0,946,0.46668834030360995
0,947,0.3876028463097519
0,948,0.5369581085988916
0,949,0.7949911811538192
0,950,0.45791205646280425
0,951,0.771634212925097
0,952,0.7538471995496588
0,953,0.7011026743671668
0,954,0.9757691775681581
0,955,0.9758068102030955
0,956,0.7290031641642775
0,957,0.5896819841727298
0,958,0.5776182349518041
0,959,0.5513341650102173
0,960,0.8671845507270904
0,961,0.666640501859695
0,962,0.9481715311526642
0,963,0.9922574151533207
0,964,0.9978750797920366
0,965,0.9267617835280987
0,966,0.5143107816204969
0,967,0.883125469899688
0,968,0.8835889824498783
0,969,0.8649996191370376
0,970,0.76332349902957
0,971,0.6385647518973021
0,972,0.7254564811709606
0,973,0.800854533448493
0,974,0.8486042076587201
0,975,0.7915167582690871
0,976,0.8597907302563245
0,977,0.9727467963913529
0,978,0.9652024134513022
0,979,0.9059307654323003
0,980,0.9102543339615825
0,981,0.8598055825355341
0,982,0.8964633301953211
0,983,0.802887543768363
0,984,0.6874598125343534
0,985,0.9510206014210157
0,986,0.591435625358752
0,987,0.970609226282635
0,988,0.5463360798062915
0,989,0.8965533670805448
0,990,0.8396119506437163
0,991,0.9025454393705072
0,992,0.6253401692000061
0,993,0.9319625861205921
0,994,0.9376785712829553
0,995,0.553344177532688
0,996,0.841207927885402
0,997,0.978692299936883
0,998,0.9662784092861303
0,999,0.8540894650332531
0,1000,0.8392830399436495
0,1001,0.9297873841236601
0,1002,0.9763199436146631
0,1003,0.9631779057572427
0,1004,0.9187827888808071
0,1005,0.9526760853759361
0,1006,0.7507309876869237
0,1007,0.9190941049237648
0,1008,0.9369486288627633
0,1009,0.6290693652312559
0,1010,0.9542940046452721
0,1011,0.7729036936484933
0,1012,0.7843102373540477
0,1013,0.8979607722177024
0,1014,0.6854862126958348
0,1015,0.6854862126958348
0,1016,0.8276234798238948
0,1017,0.7901698915074243
0,1018,0.8608159047948039
0,1019,0.8537449715736236
0,1020,0.9552896744819547
0,1021,0.9008678429182627
0,1022,0.8862976754893761
0,1023,0.9697685604834134
0,1024,0.9276403674013487
0,1025,0.5004204857834077
0,1026,0.2580047299078497
0,1027,0.9637088303910537
0,1028,0.9223977986716415
0,1029,0.8595729725578449
0,1030,0.7766020700635154
0,1031,0.906114128328499
0,1032,0.7630770322673587
0,1033,0.9528730561113163
0,1034,0.4738088547740492
0,1035,0.8095997621977762
0,1036,0.6935060822917655
0,1037,0.7843594551346108
0,1038,0.9232068465580998
0,1039,0.41813263676711265
0,1040,0.35879324142315394
0,1041,0.7620053615034933
0,1042,0.891766003151652
0,1043,0.8775581118257625
0,1044,0.733910884547165
0,1045,0.7945206878228243
0,1046,0.7732250493095071
0,1047,0.8747629564121413
0,1048,0.49952757037561957
0,1049,0.902091318374895
0,1050,0.8319951769613649
0,1051,0.6693535573098206
0,1052,0.6940104131547551
0,1053,0.9513025804729027
0,1054,0.8720523518703129
0,1055,0.8224516360566698
0,1056,0.8367146650701959
0,1057,0.8632818122402173
0,1058,0.7652499730785426
0,1059,0.7441821028582329
0,1060,0.8385687239740707
0,1061,0.5126425747675262
0,1062,0.7140186392178445
0,1063,0.8482303770640378
0,1064,0.6565931773905949
0,1065,0.7838945662623744
0,1066,0.8636333716376872
0,1067,0.8907729179179151
0,1068,0.8755639817969348
0,1069,0.9631752036309009
0,1070,0.9118103895179883
0,1071,0.9080451519025062
0,1072,0.7613457168938335
0,1073,0.9413144632057812
0,1074,0.6199950235062087
0,1075,0.6898651870801097
0,1076,0.920794448086451
0,1077,0.7970436144984356
0,1078,0.6148622319840259
0,1079,0.9200111816220233
0,1080,0.5155051212797995
0,1081,0.632503728768468
0,1082,0.4104162554681354
0,1083,0.9315416877519908
0,1084,0.8590867230672408
0,1085,0.9526869625123084
0,1086,0.6296427984012244
0,1087,0.5538047758350048
0,1088,0.6977070403903106
0,1089,0.8498944325979432
0,1090,0.929004666082649
0,1091,0.8063895426085662
0,1092,0.9684796603899675
0,1093,0.8749056808180841
0,1094,0.8350017916542464
0,1095,0.7527329105360325
0,1096,0.8408863730757131
0,1097,0.9049188713582474
0,1098,0.5151817339855214
0,1099,0.7824940081042606
0,1100,0.7425553520236141
0,1101,0.7643459617845624
0,1102,0.8950092717522746
0,1103,0.8993559931344987
0,1104,0.9032381158746782
0,1105,0.9098278653760422
0,1106,0.6015428291260344
0,1107,0.7643726652884427
0,1108,0.7576668611713953
0,1109,0.7771920282327329
0,1110,0.7822211858119857
0,1111,0.6758915984555615
0,1112,0.6390663162026934
0,1113,0.8947361112493795
0,1114,0.9530559147277161
0,1115,0.8276465192616499
0,1116,0.5835297960660676
0,1117,0.4942373889583332
0,1118,0.7024272541463026
0,1119,0.564584736377176
0,1120,0.7882655944892576
0,1121,0.7661425949385483
0,1122,0.8679260972119773
0,1123,0.6371105311460374
0,1124,0.6134223376373551
0,1125,0.8775314057683905
0,1126,0.8049460478180221
0,1127,0.8910816569871512
0,1128,0.7943755891192429
0,1129,0.7500861584034252
0,1130,0.9513297569556218
0,1131,0.8615421410509739
0,1132,0.6522166549506985
0,1133,0.9538275258017914
0,1134,0.9137703590661032
0,1135,0.8801480300668517
0,1136,0.7919885297313606
0,1137,0.7802760012834398
0,1138,0.863042782504626
0,1139,0.8795554939342166
0,1140,0.9338378856698775
0,1141,0.9024208453940527
0,1142,0.8462662725295176
0,1143,0.9919574556826873
0,1144,0.9810656503067225
0,1145,0.9318326926471666
0,1146,0.7261837166739787
0,1147,0.9336439518272279
0,1148,0.9098546740091508
0,1149,0.15928651894954265
0,1150,0.6153524283837762
0,1151,0.7652702626929743
0,1152,0.876066292569758
0,1153,0.46708520525127994
0,1154,0.8683131482402138
0,1155,0.8458605761153702
0,1156,0.7674996531798196
0,1157,0.7948490919340776
0,1158,0.8870683203795641
0,1159,0.5217096550497785
0,1160,0.8458439528437961
0,1161,0.9342441501952358
0,1162,0.8014584267519933
0,1163,0.8466097533682654
0,1164,0.7969353497619338
0,1165,0.7554876914814006
0,1166,0.9768508779502852
0,1167,0.8988770442704158
0,1168,0.861944903368879
0,1169,0.9304063535804317
0,1170,0.8473845886195748
0,1171,0.9451943815416552
0,1172,0.9081122434454887
0,1173,0.7119557344839728
0,1174,0.9545447618185953
0,1175,0.8237787941048156
0,1176,0.7991772675748529
0,1177,0.9354943584678505
0,1178,0.8753225637423095
0,1179,0.603277595681759
0,1180,0.994809033566204
0,1181,0.9660505352293026
0,1182,0.9637983899096274
0,1183,0.8306350242533076
0,1184,0.8163666597382526
0,1185,0.9001900317318888
0,1186,0.8924873904331433
0,1187,0.8488667591490954
0,1188,0.891263661687675
0,1189,0.7687293207741167
0,1190,0.8143809667503734
0,1191,0.9125771399408324
0,1192,0.7757351780870156
0,1193,0.6394079379694924
0,1194,0.8709470497933273
0,1195,0.8396528765999833
0,1196,0.6487504739142399
0,1197,0.8377246121691002
0,1198,0.5690669932221216
0,1199,0.9694209109117706
0,1200,0.9804366460020308
0,1201,0.9374335089794785
0,1202,0.6447147840803682
0,1203,0.9181369004786554
0,1204,0.8621211742260253
0,1205,0.8625955091100461
0,1206,0.8625955091100461
0,1207,0.6070552555562527
0,1208,0.4940137074322011
0,1209,0.6841559671010452
0,1210,0.7989197613002715
0,1211,0.9942533469648749
0,1212,0.9915738368981064
0,1213,0.9845363970001182
0,1214,0.9576353852591079
0,1215,0.7064544921430445
0,1216,0.4023513036334907
0,1217,0.5985345658037512
0,1218,0.5864487953450132
0,1219,0.7266085155467843
0,1220,0.8610410909723434
0,1221,0.7683876336851954
0,1222,0.856247845677871
0,1223,0.7683355397961692
0,1224,0.4767646970619501
0,1225,0.7023382556957851
0,1226,0.8678583412795646
0,1227,0.8259997011118726
0,1228,0.9135135061135413
0,1229,0.7764320951668806
0,1230,0.7527051812274993
0,1231,0.8327582767128754
0,1232,0.7878308146485378
0,1233,0.9548553355356607
0,1234,0.5218293956801329
0,1235,0.8984955154217041
0,1236,0.5888549604528923
0,1237,0.44962385056742116
0,1238,0.8152254790194381
0,1239,0.8966673494264793
0,1240,0.8986332868490526
0,1241,0.7443299639651303
0,1242,0.8504181993925015
0,1243,0.5982991145607811
0,1244,0.9601308417489124
0,1245,0.980684802046698
0,1246,0.89097864212317
0,1247,0.8516674719235162
0,1248,0.8102014414893687
0,1249,0.5885324479436129
0,1250,0.9124298226755343
0,1251,0.9536135917881309
0,1252,0.9129110330007459
0,1253,0.803533717506973
0,1254,0.7374925656178345
0,1255,0.8434360034618233
0,1256,0.8146322905296519
0,1257,0.8063351936358687
0,1258,0.6863284089893251
0,1259,0.6022873741255471
0,1260,0.8207553101315366
0,1261,0.8827141127253597
0,1262,0.8290975280600243
0,1263,0.40772168468452336
0,1264,0.8867548386181867
0,1265,0.8010321497482806
0,1266,0.9455198713590185
0,1267,0.8278988745033679
0,1268,0.9389012587448882
0,1269,0.6757952518259602
0,1270,0.7703253776286288
0,1271,0.8508321941719479
0,1272,0.8178702171638447
0,1273,0.8832909176814728
0,1274,0.6165379287014638
0,1275,0.912861480493163
0,1276,0.971155521526408
0,1277,0.9433426732016201
0,1278,0.901791448810357
0,1279,0.8346652173426
0,1280,0.9586774456425089
0,1281,0.9874262124523314
0,1282,0.5392770858828865
0,1283,0.7732536376614714
0,1284,0.7340720297350387
0,1285,0.5934581039029028
0,1286,0.7478791853170809
0,1287,0.858339680699142
0,1288,0.5235548887260838
0,1289,0.6705302834700821
0,1290,0.4582173980919127
0,1291,0.527484585067281
0,1292,0.7641302723842093
0,1293,0.7850826749522862
0,1294,0.4622508990996852
0,1295,0.8406163008354152
0,1296,0.857995540064908
0,1297,0.9014702036022537
0,1298,0.8813806700708062
0,1299,0.7956327295284742
0,1300,0.8728935707366072
0,1301,0.8445313953578393
0,1302,0.6530877648737912
0,1303,0.7092364428206848
0,1304,0.8625778125101765
0,1305,0.9293599215730669
0,1306,0.8027353346419033
0,1307,0.8957732420000861
0,1308,0.7392892725513805
0,1309,0.6231022534341233
0,1310,0.8905043420960935
0,1311,0.896291044671838
0,1312,0.9808315032716151
0,1313,0.9707329932252574
0,1314,0.989765354375493
0,1315,0.9878795895097437
0,1316,0.5985591556759712
0,1317,0.731351165428877
0,1318,0.7757328745368329
0,1319,0.75508776860256
0,1320,0.5308187011892848
0,1321,0.9096629969856256
0,1322,0.945250261881143
0,1323,0.5764462365762517
0,1324,0.9184684015687318
0,1325,0.9193468091180891
0,1326,0.8474169920959008
0,1327,0.7914986519652178
0,1328,0.9478603465351044
0,1329,0.738696456242058
0,1330,0.9067250250981318
0,1331,0.7898445612153018
0,1332,0.8796494417377968
0,1333,0.955313071307089
0,1334,0.6842561822834582
0,1335,0.8926287070390018
0,1336,0.882671751880485
0,1337,0.8694681053200399
0,1338,0.4058644406872629
0,1339,0.6289150636959367
0,1340,0.9154217484595956
0,1341,0.9822643554489779
0,1342,0.6151326223123035
0,1343,0.8104174176205914
0,1344,0.8892710832043612
0,1345,0.8892710832043612
0,1346,0.7135053480543794
0,1347,0.6227277282415613
0,1348,0.7782206468426908
0,1349,0.898035844728609
0,1350,0.7479420813563858
0,1351,0.8689972957684217
0,1352,0.9168288886094684
0,1353,0.7648074375812687
0,1354,0.9265599126518909
0,1355,0.8851942658893287
0,1356,0.9351571794945126
0,1357,0.9351454198359357
0,1358,0.7865045929217388
0,1359,0.663340753449718
0,1360,0.8870357489344173
0,1361,0.9888964962103386
0,1362,0.6244646021286906
0,1363,0.5113888714307899
0,1364,0.8167021277331384
0,1365,0.6520543894778995
0,1366,0.9129540811021781
0,1367,0.826136167521445
0,1368,0.7278607456369288
0,1369,0.8055030309510429
0,1370,0.8014443917035526
0,1371,0.8518690913995188
0,1372,0.7045550098355047
0,1373,0.5131797739142963
0,1374,0.8518622744644607
0,1375,0.8742672666579324
0,1376,0.9686916478096389
0,1377,0.895185183843928
0,1378,0.9865675024050188
0,1379,0.9820573039658544
0,1380,0.9505197377243465
0,1381,0.7932274259728894
0,1382,0.42341534283974697
0,1383,0.7722868612036307
0,1384,0.8001086591743257
0,1385,0.7854475754606141
0,1386,0.9343443525524837
0,1387,0.7111351264437651
0,1388,0.6568085849079166
0,1389,0.6361784448684474
0,1390,0.8335254704274813
0,1391,0.6373822631355223
0,1392,0.46710067953193074
0,1393,0.6672548694232393
0,1394,0.7305506851605317
0,1395,0.7271925859881173
0,1396,0.8784176930627904
0,1397,0.8342228833520092
0,1398,0.5655701487692228
0,1399,0.5968059187937285
0,1400,0.9511490132568206
0,1401,0.9083413886663089
0,1402,0.8281152386499198
0,1403,0.6172260906768211
0,1404,0.7043097719633927
0,1405,0.956179436643485
0,1406,0.5631458465526247
0,1407,0.8793529017139481
0,1408,0.8079531722524749
0,1409,0.8979231990401205
0,1410,0.9531325828872494
0,1411,0.5068111144253504
0,1412,0.7995268150295348
0,1413,0.7597537233776251
0,1414,0.8554171944081075
0,1415,0.7944862000474557
0,1416,0.7107253106604605
0,1417,0.4845602516852336
0,1418,0.9111545322143759
0,1419,0.8335230636327366
0,1420,0.6688602998918621
0,1421,0.7232378660587823
0,1422,0.7662807733001561
0,1423,0.8518379293343672
0,1424,0.8821659331524634
0,1425,0.8855751652489582
0,1426,0.624015143358973
0,1427,0.9337238309913423
0,1428,0.6996960591894245
0,1429,0.9863338639587922
0,1430,0.8988549720617945
0,1431,0.7994300801048795
0,1432,0.9139184420888552
0,1433,0.8608508150624412
0,1434,0.7600386897988328
0,1435,0.4080846387699411
0,1436,0.14993027839993867
0,1437,0.42636752966252844
0,1438,0.3856190589915471
0,1439,0.9495572242411379
0,1440,0.6665999852572136
0,1441,0.8509681427195791
0,1442,0.7555231573719913
0,1443,0.7434163567336478
0,1444,0.9312024957401555
0,1445,0.5604074553160389
0,1446,0.6345707712606319
0,1447,0.4633321222751565
0,1448,0.3986853430809848
0,1449,0.8152287539076057
0,1450,0.46521436835944874
0,1451,0.21605282824628377
0,1452,0.6772833243360759
0,1453,0.49124574629176737
0,1454,0.6384869842787237
0,1455,0.2573245630398172
0,1456,0.9909068150587949
0,1457,0.876961510639539
0,1458,0.8347917562301971
0,1459,0.8351349574899987
0,1460,0.7406663910065729
0,1461,0.8463875834168699
0,1462,0.7528701491587368
0,1463,0.8172339680335684
0,1464,0.5268209525599341
0,1465,0.9488183959059863
0,1466,0.5761115322523171
0,1467,0.9830021401255337
0,1468,0.9719804925884105
0,1469,0.9729453834823887
0,1470,0.20674617718068067
0,1471,0.5107067611186014
0,1472,0.9260684834176498
0,1473,0.8395893320344884
0,1474,0.8713971263882067
0,1475,0.630617308379974
0,1476,0.521926012353592
0,1477,0.914549008244649
0,1478,0.9848029022853575
0,1479,0.8177577843901399
0,1480,0.9264277406435721
0,1481,0.6516705040813938
0,1482,0.9648196120354315
0,1483,0.8320186447409488
0,1484,0.7310993200262625
0,1485,0.8279169271484004
0,1486,0.6988834801489602
0,1487,0.8958555553819727
0,1488,0.7910071051475144
0,1489,0.901931910426235
0,1490,0.8050007000809452
0,1491,0.9559466630980511
0,1492,0.7048016758466416
0,1493,0.8461700084566482
0,1494,0.8340529662646012
0,1495,0.6479367772578568
0,1496,0.8083781516700165
0,1497,0.8641014717696611
0,1498,0.7335757304485795
0,1499,0.8132142633800048
0,1500,0.8587363284813525
0,1501,0.8006182381462703
0,1502,0.6774629712113837
0,1503,0.6413392885101319
0,1504,0.6652066599409767
0,1505,0.7770019162307685
0,1506,0.8488218612050522
0,1507,0.710479793384201
0,1508,0.781774616002648
0,1509,0.6688133788191823
0,1510,0.9239040276292823
0,1511,0.9317227396492034
0,1512,0.8975870135952819
0,1513,0.5945353656246751
0,1514,0.7410418091297363
0,1515,0.9815890139684259
0,1516,0.9198849056952644
0,1517,0.6325635430502335
0,1518,0.19366358468995454
0,1519,0.9653651448993799
0,1520,0.9759919520520737
0,1521,0.9834546645969721
0,1522,0.9822963121899148
0,1523,0.4368741610862855
0,1524,0.8934630187483987
0,1525,0.6179180605466045
0,1526,0.8183821460427305
0,1527,0.8763434604513005
0,1528,0.8180479616448141
0,1529,0.6580879727363922
0,1530,0.9448009851066165
0,1531,0.8730777450668419
0,1532,0.9524958598705228
0,1533,0.9186011785508048
0,1534,0.7872817783357791
0,1535,0.8553276024208148
0,1536,0.8419435176921133
0,1537,0.80206035838333
0,1538,0.897283661473891
0,1539,0.9662244899521172
0,1540,0.4633749213254767
0,1541,0.8749400731983293
0,1542,0.9675950457011359
0,1543,0.12616918905094232
0,1544,0.0663678667558982
0,1545,0.8892810958075809
0,1546,0.563561395462438
0,1547,0.8794743635375087
0,1548,0.7587945672039548
0,1549,0.7659739657408846
0,1550,0.9058599453901339
0,1551,0.8666079538698249
0,1552,0.8396665825038364
0,1553,0.7669014387628351
0,1554,0.8301208813106908
0,1555,0.6108287686396113
0,1556,0.5801245535345334
0,1557,0.735427849519299
0,1558,0.8554415096808778
0,1559,0.8349441420644877
0,1560,0.9454389598164208
0,1561,0.8981049807257172
0,1562,0.8463371775401095
0,1563,0.7515156766699663
0,1564,0.6953527673942129
0,1565,0.6949101035485357
0,1566,0.8609837292379591
0,1567,0.8367652999870351
0,1568,0.8457645915655225
0,1569,0.7588103045945012
0,1570,0.8715142176640379
0,1571,0.9354635220880941
0,1572,0.6808252751022693
0,1573,0.590032871667768
0,1574,0.8489905824243166
0,1575,0.598129557162908
0,1576,0.7653695029299079
0,1577,0.4946377864557036
0,1578,0.7826809213652914
0,1579,0.8014171571589469
0,1580,0.6325364014415146
0,1581,0.8376030372538972
0,1582,0.6884220038097056
0,1583,0.8045249324477285
0,1584,0.8495672035146264
0,1585,0.4645141526397073
0,1586,0.956410418047903
0,1587,0.8920327978353875
0,1588,0.7042360780875853
0,1589,0.7459557423159919
0,1590,0.8672955496610295
0,1591,0.7934448530538861
0,1592,0.5924472901928431
0,1593,0.8984962112518812
0,1594,0.9195784927546088
0,1595,0.9325662829706638
0,1596,0.938448336836786
0,1597,0.982396109307402
0,1598,0.9445258493942413
0,1599,0.7879951199107235
0,1600,0.8072834052271065
0,1601,0.906383052061648
0,1602,0.8813937078305315
0,1603,0.3850944944466196
0,1604,0.7394786970215177
0,1605,0.7827935484147555
0,1606,0.7141417971283394
0,1607,0.948509098887461
0,1608,0.7421756595969488
0,1609,0.7946347316796021
0,1610,0.8369278531249628
0,1611,0.4335918674805706
0,1612,0.8048387516694889
0,1613,0.7514588680733421
0,1614,0.5655068278443074
0,1615,0.8381893456813292
0,1616,0.7701870740979515
0,1617,0.8974472340283214
0,1618,0.7490477211660503
0,1619,0.839004610819955
0,1620,0.8985917299565693
0,1621,0.7892610389844034
0,1622,0.9102950622493515
0,1623,0.5167617736545403
0,1624,0.8437554847637891
0,1625,0.8315978293926634
0,1626,0.7094294359266629
0,1627,0.8806121292600686
0,1628,0.9322557920378699
0,1629,0.6431071810641225
0,1630,0.9133823627481238
0,1631,0.6819072947164831
0,1632,0.9820781963204978
0,1633,0.9006895727202322
0,1634,0.7054587630884928
0,1635,0.6585333108898751
0,1636,0.49799884763801555
0,1637,0.9147339579673194
0,1638,0.49591821956658955
0,1639,0.5103644521037375
0,1640,0.6554261464588123
0,1641,0.5669471803568668
0,1642,0.5932565244999068
0,1643,0.6690342396562242
0,1644,0.4040801077362548
0,1645,0.13479823082613615
0,1646,0.9000587104341237
0,1647,0.5935819325495901
0,1648,0.5667885308117244
0,1649,0.675037385356692
0,1650,0.7702439275861289
0,1651,0.7759174330574946
0,1652,0.5277953409014885
0,1653,0.34087497631500446
0,1654,0.37939998917648954
0,1655,0.5432988430556784
0,1656,0.889233335379753
0,1657,0.928634806424578
0,1658,0.9147631407389454
0,1659,0.9371924934569072
0,1660,0.843347612203772
0,1661,0.5090837809191155
0,1662,0.7594945248458984
0,1663,0.5535759741476695
0,1664,0.4841507371527304
0,1665,0.992092583240407
0,1666,0.8776528689198708
0,1667,0.9840402689468676
0,1668,0.9184480469814246
0,1669,0.8944920389261964
0,1670,0.785867648943011
0,1671,0.8052077733048191
0,1672,0.6830026814329166
0,1673,0.5378845381472063
0,1674,0.5997432094866164
0,1675,0.8473925096624134
0,1676,0.6241910066599741
0,1677,0.85535643481849
0,1678,0.6554742486823882
0,1679,0.7026437835764474
0,1680,0.7540232236578248
0,1681,0.27621692314174934
0,1682,0.1869938727130592
0,1683,0.8714401643121554
0,1684,0.5506457008326544
0,1685,0.8089974956895767
0,1686,0.9470279165630405
0,1687,0.8411255367289855
0,1688,0.8544758697528615
0,1689,0.7429627359771327
0,1690,0.8325550175217972
0,1691,0.9000965633844245
0,1692,0.9522283061171858
0,1693,0.8564612463191744
0,1694,0.7772200982783901
0,1695,0.7311675030409754
0,1696,0.9222240592948342
0,1697,0.8898211957643296
0,1698,0.8197836680324897
0,1699,0.9899193653154483
0,1700,0.9798044004444234
0,1701,0.30493737571066204
0,1702,0.24916144050085356
0,1703,0.7229643876126917
0,1704,0.7634731073879366
0,1705,0.9587760311708836
0,1706,0.9424619673761122
0,1707,0.775833869229996
0,1708,0.6635254563665344
0,1709,0.3715126191272708
0,1710,0.830733612028137
0,1711,0.7248006116369441
0,1712,0.4692860191063879
0,1713,0.5946361797258306
0,1714,0.7473031934075905
0,1715,0.43065228696595387
0,1716,0.8464546410416576
0,1717,0.9775091796190096
0,1718,0.8094732057506763
0,1719,0.9887858846734876
0,1720,0.16387055760226735
0,1721,0.2661404522714117
0,1722,0.3890249257570028
0,1723,0.5632270075137459
0,1724,0.5697304541252487
0,1725,0.7111111588663236
0,1726,0.6801524772079709
0,1727,0.31195759949973867
0,1728,0.5895360539216694
0,1729,0.9107684356541574
0,1730,0.6969818039294992
0,1731,0.8720137105909854
0,1732,0.8514057960145163
0,1733,0.6732854569142988
0,1734,0.6732854569142988
0,1735,0.7271849791403878
0,1736,0.5964170417696879
0,1737,0.8554331671332258
0,1738,0.6695822797856384
0,1739,0.8972759657013657
0,1740,0.8998066190822277
0,1741,0.8633982440962806
0,1742,0.2991846770932841
0,1743,0.1615819322708861
0,1744,0.2692661752179239
0,1745,0.21653841497689333
0,1746,0.5783019564758884
0,1747,0.8085226309016872
0,1748,0.9399196891870686
0,1749,0.9503050541516963
0,1750,0.8574332275210097
0,1751,0.8770777224047253
0,1752,0.7888953724986573
0,1753,0.9818182979763288
0,1754,0.7574923625748615
0,1755,0.8722192061990861
0,1756,0.7510733415978227
0,1757,0.9701291636224704
0,1758,0.857127533158966
0,1759,0.8706905678457368
0,1760,0.8783422612166243
0,1761,0.7287410566963956
0,1762,0.703164187437945
0,1763,0.9425157826138315
0,1764,0.7893429652096503
0,1765,0.7489532172001353
0,1766,0.9813700971039186
0,1767,0.6964959156619346
0,1768,0.6453128147211885
0,1769,0.7726967543219059
0,1770,0.8497318492935263
0,1771,0.8682282532212365
0,1772,0.9192354341043663
0,1773,0.9019808339888958
0,1774,0.9016893087871638
0,1775,0.7615068495945468
0,1776,0.9580754428478446
0,1777,0.6774351764777776
0,1778,0.9508740050567922
0,1779,0.6691100438635825
0,1780,0.8649808507452778
0,1781,0.908114840741525
0,1782,0.7966806524146847
0,1783,0.7403551156590368
0,1784,0.7553004951730782
0,1785,0.5752015832748771
0,1786,0.7616766450574661
0,1787,0.8878876593012313
0,1788,0.897023711796425
0,1789,0.9048523000621729
0,1790,0.7967125982610451
0,1791,0.8579707395817906
0,1792,0.8770584328848495
0,1793,0.8549456717955357
0,1794,0.28907720506371065
0,1795,0.5828397135243826
0,1796,0.6427771742425382
0,1797,0.5363514892797585
0,1798,0.883266807008877
0,1799,0.890106322088984
0,1800,0.7358762418095104
0,1801,0.7467493135997767
0,1802,0.6728196957749665
0,1803,0.5117626766155607
0,1804,0.9574788521370344
0,1805,0.8887007788544153
0,1806,0.6112755731715709
0,1807,0.8087938855347377
0,1808,0.8562877663208983
0,1809,0.7995530589046923
0,1810,0.7287492425491156
0,1811,0.49983828751076953
0,1812,0.7778008644239557
0,1813,0.5618659847477314
0,1814,0.9266393070827622
0,1815,0.794375612560298
0,1816,0.40238225852179027
0,1817,0.8085625080094737
0,1818,0.9448319041616386
0,1819,0.8651132701454894
0,1820,0.45656512249930375
0,1821,0.8096412486758543
0,1822,0.5449194312778018
0,1823,0.6705480378664425
0,1824,0.7626428590865224
0,1825,0.7225806162883862
0,1826,0.6729984588757072
0,1827,0.6179655373981441
0,1828,0.9292877795028938
0,1829,0.899400318460189
0,1830,0.7675641200773745
0,1831,0.4865763912661623
0,1832,0.8784576231522441
0,1833,0.7124207303901054
0,1834,0.8379319067725087
0,1835,0.7934952662315048
0,1836,0.8055768955128586
0,1837,0.7234205389806019
0,1838,0.9909386552750482
0,1839,0.8702015058514766
0,1840,0.8135672936389637
0,1841,0.650153815580866
0,1842,0.6954539638277373
0,1843,0.9197683447166953
0,1844,0.7064835806407903
0,1845,0.6853733794498076
0,1846,0.9618231012780665
0,1847,0.8473952591009808
0,1848,0.8291280414563753
0,1849,0.5579707854587892
0,1850,0.6041560628255264
0,1851,0.7807309414655862
0,1852,0.938775521088707
0,1853,0.8121787757732828
0,1854,0.8954959394947559
0,1855,0.7118699543633177
0,1856,0.8018444813060929
0,1857,0.8074073256749063
0,1858,0.5817297189717742
0,1859,0.9727529808636273
0,1860,0.9382243907721476
0,1861,0.4745573696939319
0,1862,0.6673966400316179
0,1863,0.6046079924463397
0,1864,0.3770448284190575
0,1865,0.9579800260232757
0,1866,0.9252752366065915
0,1867,0.6571871672349381
0,1868,0.6839717902759485
0,1869,0.9357710817523379
0,1870,0.67664871071735
0,1871,0.7573499485671108
0,1872,0.6957801193059319
0,1873,0.6883425814123352
0,1874,0.7579008604483796
0,1875,0.6408162717291347
0,1876,0.8372901365389952
0,1877,0.774565905441388
0,1878,0.7036722696057481
0,1879,0.782463392389678
0,1880,0.8339744741451156
0,1881,0.8668638906457773
0,1882,0.7251263003127963
0,1883,0.8990877171327877
0,1884,0.8854053671993737
0,1885,0.628261631505659
0,1886,0.9298017668242169
0,1887,0.480681891301998
0,1888,0.6350547843602687
0,1889,0.7586424513853063
0,1890,0.8290927155141634
0,1891,0.7278340719584812
0,1892,0.32971833507948267
0,1893,0.7080578033606617
0,1894,0.8795566063116566
0,1895,0.8274115472733642
0,1896,0.8931649193150112
0,1897,0.8700923879421938
0,1898,0.8966034264661051
0,1899,0.7494150269382438
0,1900,0.8483578226963207
0,1901,0.7983116219893853
0,1902,0.9606606984255049
0,1903,0.5719383233726605
0,1904,0.8573668199964561
0,1905,0.7002871189535418
0,1906,0.9596549468846425
0,1907,0.11457428441514156
0,1908,0.7106159568111708
0,1909,0.6978174786840975
0,1910,0.7330483559204235
0,1911,0.7190341364048026
0,1912,0.8645268907551893
0,1913,0.7042998335764847
0,1914,0.8873944103798925
0,1915,0.7388492911213915
0,1916,0.6651527808983121
0,1917,0.922984898274222
0,1918,0.7293942118716071
0,1919,0.557342786289961
0,1920,0.9547872539521951
0,1921,0.9775017696160105
0,1922,0.8536989267844846
0,1923,0.7859058859217595
0,1924,0.745577252353549
0,1925,0.8111203846699792
0,1926,0.9711029209212783
0,1927,0.9620671292533491
0,1928,0.9600490958263256
0,1929,0.633321622159421
0,1930,0.5367357246332296
0,1931,0.4074494432457843
0,1932,0.8035842659214434
0,1933,0.9506742266730835
0,1934,0.6730336439173036
0,1935,0.8060718189275325
0,1936,0.8565080286153783
0,1937,0.8642784608666624
0,1938,0.8114590742720662
0,1939,0.973113112221403
0,1940,0.4255556692007252
0,1941,0.22395738663731515
0,1942,0.9098430341116683
0,1943,0.9650531465686372
0,1944,0.6288245532426308
0,1945,0.6708360283200204
0,1946,0.8985160924410006
0,1947,0.7630478821902106
0,1948,0.6005255383988002
0,1949,0.9200407988798023
0,1950,0.8782623813597635
0,1951,0.9084101028010493
0,1952,0.7229852349488604
0,1953,0.8336102139443483
0,1954,0.8508187772120474
0,1955,0.8574972507164672
0,1956,0.774962192051867
0,1957,0.8571276948546807
0,1958,0.8925007026119057
0,1959,0.836773641706176
0,1960,0.5376883904421115
0,1961,0.8903724230599427
0,1962,0.8903724230599427
0,1963,0.9870566802556636
0,1964,0.8848305675259686
0,1965,0.8468524815815387
0,1966,0.8972567493084959
0,1967,0.6399951301676522
0,1968,0.7531353386140922
0,1969,0.8275374590712415
0,1970,0.9155978214643125
0,1971,0.9584310076421529
0,1972,0.9232532275291887
0,1973,0.9540695255029578
0,1974,0.8864192759690356
0,1975,0.9591841808776851
0,1976,0.729425030999833
0,1977,0.8260970178671039
0,1978,0.7968770552196313
0,1979,0.9614491994210036
0,1980,0.708709839527567
0,1981,0.8210044486867462
0,1982,0.907255108223274
0,1983,0.9463101695358157
0,1984,0.6023070825425078
0,1985,0.7975437803851165
0,1986,0.9343996798313772
0,1987,0.5848120139635133
0,1988,0.7736151096454349
0,1989,0.752722153402464
0,1990,0.9020085608995131
0,1991,0.9242741514361585
0,1992,0.7889726831735004
0,1993,0.5074568049925738
0,1994,0.7334303058534124
0,1995,0.9307868018304938
0,1996,0.9052797976050863
0,1997,0.676090806130155
0,1998,0.8269052306759774
0,1999,0.9003505246279897
0,2000,0.8802626911252837
0,2001,0.7523645993289886
0,2002,0.8239432176650291
0,2003,0.6861833829242872
0,2004,0.872193913727494
0,2005,0.8993509482048078
0,2006,0.9469018307156267
0,2007,0.8323250343821088
0,2008,0.9807123571415858
0,2009,0.7912208327231035
0,2010,0.9632227104426099
0,2011,0.8520658704011774
0,2012,0.8054241850312317
0,2013,0.7574050697091131
0,2014,0.8144005710852836
0,2015,0.9114120761781176
0,2016,0.8582357627149854
0,2017,0.6833009431467656
0,2018,0.6362113068946743
0,2019,0.7999417307728139
0,2020,0.907468542211796
0,2021,0.5604437900390229
0,2022,0.7289763011482069
0,2023,0.7999964247945031
0,2024,0.7063964090635461
0,2025,0.5410099829327146
0,2026,0.6183641763487849
0,2027,0.809365024770002
0,2028,0.9429128503616777
0,2029,0.9320202346745522
0,2030,0.7951894407427459
0,2031,0.7467367007261786
0,2032,0.6815291526895593
0,2033,0.8697064574674263
0,2034,0.8901535236726394
0,2035,0.8610342997436665
0,2036,0.8608514225358388
0,2037,0.9812241776496172
0,2038,0.8844042233882777
0,2039,0.41246711078299375
0,2040,0.9152290791273713
0,2041,0.8826696629385223
0,2042,0.9229217445612236
0,2043,0.8808637264250031
0,2044,0.5653132204570368
0,2045,0.644453865982605
0,2046,0.6878407492229839
0,2047,0.8365892627889605
0,2048,0.6430278439149038
0,2049,0.7151139861930672
0,2050,0.5267498124201235
0,2051,0.5779966040192491
0,2052,0.5795086675926362
0,2053,0.8053776418003971
0,2054,0.23349795627095457
0,2055,0.6960364603221328
0,2056,0.6344224798107222
0,2057,0.43089781675072847
0,2058,0.7491997945374979
0,2059,0.6631426382239745
0,2060,0.9432694659726033
0,2061,0.8838516388508459
0,2062,0.48411822837899465
0,2063,0.9558040544332043
0,2064,0.5752687217285167
0,2065,0.7509709346464128
0,2066,0.7217431922424331
0,2067,0.8560932002811094
0,2068,0.3617074173858
0,2069,0.5710491712986989
0,2070,0.8408694285722923
0,2071,0.8762191223355649
0,2072,0.830618172444255
0,2073,0.9328876805590032
0,2074,0.8571909246214446
0,2075,0.8394945530672389
0,2076,0.829439725791434
0,2077,0.9536259159855387
0,2078,0.9563796810674093
0,2079,0.5719121057454164
0,2080,0.7649932360165831
0,2081,0.8860969861432866
0,2082,0.903220742870995
0,2083,0.9073030293278153
0,2084,0.9693751713151647
0,2085,0.917847004389225
0,2086,0.7822591079739801
0,2087,0.5073305494143311
0,2088,0.9193408725843009
0,2089,0.862331931515157
0,2090,0.4447401409485248
0,2091,0.8764058996435568
0,2092,0.9309336746163854
0,2093,0.6642922581819134
0,2094,0.756608272023124
0,2095,0.8549077775159142
0,2096,0.8642081232616953
0,2097,0.855910422532822
0,2098,0.7483965680165197
0,2099,0.9680196560365669
0,2100,0.9778730047696665
0,2101,0.902157896283139
0,2102,0.7798944368601408
0,2103,0.8643575844452711
0,2104,0.8511177793463834
0,2105,0.7987174621726588
0,2106,0.7467444554943992
0,2107,0.8561080052223144
0,2108,0.5102392271905773
0,2109,0.8473745934541871
0,2110,0.6821599118659806
0,2111,0.9052304566969217
0,2112,0.8917210933534128
0,2113,0.7581514319647824
0,2114,0.8994374746859843
0,2115,0.8300754130522474
0,2116,0.8226669215856485
0,2117,0.7648330780083283
0,2118,0.7703036742155059
0,2119,0.674200908854485
0,2120,0.8853021032830413
0,2121,0.8061243534669061
0,2122,0.8715357230852786
0,2123,0.78618818605532
0,2124,0.8460325932992897
0,2125,0.7645973116595298
0,2126,0.596282409706888
0,2127,0.8421283843633771
0,2128,0.7449556672590475
0,2129,0.9154325482835848
0,2130,0.700952631894735
0,2131,0.7474781730418619
0,2132,0.8209967966642021
0,2133,0.9072721425388698
0,2134,0.7614559022593482
0,2135,0.7989437392814607
0,2136,0.8212231688125559
0,2137,0.933629143953283
0,2138,0.5777257636202163
0,2139,0.7698172607916417
0,2140,0.7203752195279557
0,2141,0.8090533731397965
0,2142,0.7717069014520992
0,2143,0.9709824957467491
0,2144,0.9775799672334979
0,2145,0.840835311643134
0,2146,0.9290967058959243
0,2147,0.9066399110487594
0,2148,0.583332099720482
0,2149,0.915062149715365
0,2150,0.8367706665672349
0,2151,0.73552079681631
0,2152,0.6918415677001922
0,2153,0.7133069132488258
0,2154,0.9287723730697035
0,2155,0.7388644184993508
0,2156,0.7505734769904061
0,2157,0.8930785893453828
0,2158,0.7922566016112905
0,2159,0.8078814155992935
0,2160,0.9093567306184518
0,2161,0.8610779752225325
0,2162,0.9586900870088523
0,2163,0.941119430624471
0,2164,0.482307017230672
0,2165,0.22893893127430293
0,2166,0.14271897941236478
0,2167,0.5662645569844549
0,2168,0.8705409336068998
0,2169,0.8781045300090171
0,2170,0.947561959973727
0,2171,0.935704750837594
0,2172,0.9017324365698773
0,2173,0.9217850454247186
0,2174,0.34674139332313586
0,2175,0.957849156053332
0,2176,0.8330268018592437
0,2177,0.7348943566937174
0,2178,0.5915219446842938
0,2179,0.8127844790447228
0,2180,0.8684900867545085
0,2181,0.9320268500335399
0,2182,0.9697180920786461
0,2183,0.7440623680609559
0,2184,0.8250372689635599
0,2185,0.673443953478964
0,2186,0.9003575234888954
0,2187,0.9457677268901716
0,2188,0.8898105789103933
0,2189,0.932046493448895
0,2190,0.965893341960822
0,2191,0.9476366427681382
0,2192,0.8450173988551363
0,2193,0.8510390436770849
0,2194,0.9090691946361829
0,2195,0.46737619357519977
0,2196,0.8676278899970724
0,2197,0.91937374083462
0,2198,0.8953746393095866
0,2199,0.7560861036470543
0,2200,0.6341989159953332
0,2201,0.8283306075595923
0,2202,0.8908395158510939
0,2203,0.776902277567852
0,2204,0.9144684261501885
0,2205,0.9344040523982031
0,2206,0.608440742777515
0,2207,0.7516228435652416
0,2208,0.5564232947144924
0,2209,0.7780117277091982
0,2210,0.7140089964148526
0,2211,0.8754980717541854
0,2212,0.8242602196800684
0,2213,0.8735341571197329
0,2214,0.9401338632247422
0,2215,0.9745691012778105
0,2216,0.6600100674055853
0,2217,0.5600910656540538
0,2218,0.6152457842026917
0,2219,0.8012338505754018
0,2220,0.8961603128247793
0,2221,0.2667894189418235
0,2222,0.9588000764690928
0,2223,0.8920052434625557
0,2224,0.9069561891853978
0,2225,0.7696004939604677
0,2226,0.8174869420609524
0,2227,0.7662429334744765
0,2228,0.762158630335278
0,2229,0.8838660603864305
0,2230,0.9045150662261059
0,2231,0.8186593446118883
0,2232,0.8848545270825051
0,2233,0.7733896786792409
0,2234,0.749956330428922
0,2235,0.49729502631267675
0,2236,0.8220634876592553
0,2237,0.8683243330793244
0,2238,0.6397086705398575
0,2239,0.9170686591105266
0,2240,0.708482481817124
0,2241,0.682549271468881
0,2242,0.7049458309123814
0,2243,0.8619799078065
0,2244,0.7204391383807205
0,2245,0.872609785112437
0,2246,0.9042060811422924
0,2247,0.6384658009235591
0,2248,0.6279827069628191
0,2249,0.8582065550372279
0,2250,0.7022053033881536
0,2251,0.8784401427797491
0,2252,0.5100287477264525
0,2253,0.48769778087398746
0,2254,0.7583866244600637
0,2255,0.883117971518306
0,2256,0.770073727449077
0,2257,0.8458865549389261
0,2258,0.718967122982686
0,2259,0.6282548977102087
0,2260,0.8231690893866805
0,2261,0.8257058449483793
0,2262,0.9855118880271818
0,2263,0.8761797025938836
0,2264,0.8957737670196838
0,2265,0.8497592609329984
0,2266,0.7559533904583039
0,2267,0.9196542843184464
0,2268,0.8685986453632941
0,2269,0.8854817591933947
0,2270,0.8227760126169058
0,2271,0.8718372135202923
0,2272,0.9056548867258521
0,2273,0.7998327423197222
0,2274,0.9443106012918734
0,2275,0.9209181717633671
0,2276,0.6468675698191366
0,2277,0.39638914904277045
0,2278,0.3833867733053731
0,2279,0.6788650864947643
0,2280,0.7298300164497366
0,2281,0.56489824732995
0,2282,0.8344225246648341
0,2283,0.6044687506270066
0,2284,0.7610381103415822
0,2285,0.8969992132004209
0,2286,0.46573811901719625
0,2287,0.9720999643233955
0,2288,0.5398934639832706
0,2289,0.8959486108910133
0,2290,0.9145268340290142
0,2291,0.6208403410689629
0,2292,0.8205418373135184
0,2293,0.8721128759778535
0,2294,0.7901389907878356
0,2295,0.7746826590964428
0,2296,0.5060967816727155
0,2297,0.9804060109976437
0,2298,0.9157948134540331
0,2299,0.6586995122726111
0,2300,0.8444974954896075
0,2301,0.9279042371637033
0,2302,0.6832541365509849
0,2303,0.8911505902241833
0,2304,0.7100218077515186
0,2305,0.9220546091377447
0,2306,0.38081992834658424
0,2307,0.7550586993976145
0,2308,0.8470281368857551
0,2309,0.7532751755750768
0,2310,0.9042679039145233
0,2311,0.7327414198718798
0,2312,0.768302844339294
0,2313,0.8199200615837112
0,2314,0.929516117464736
0,2315,0.9149906461275704
0,2316,0.3612591436329581
0,2317,0.35028733732741985
0,2318,0.30495551209370364
0,2319,0.1766172750671147
0,2320,0.9821227032767755
0,2321,0.840970236184403
0,2322,0.9723970579985612
0,2323,0.7826211612390777
0,2324,0.9249130948382629
0,2325,0.8951912836259702
0,2326,0.9618209591841107
0,2327,0.9765432004547544
0,2328,0.9620471728428698
0,2329,0.8408033328925125
0,2330,0.7915927741813797
0,2331,0.6441278362893977
0,2332,0.5087830585647205
0,2333,0.8605895887586258
0,2334,0.927023560804611
0,2335,0.9095525544144377
0,2336,0.717041393961964
0,2337,0.9349111451751803
0,2338,0.9172370982113275
0,2339,0.8859538457652552
0,2340,0.7532133883648915
0,2341,0.9567669421279417
0,2342,0.8384827668396713
0,2343,0.6786776437999533
0,2344,0.953018974006734
0,2345,0.926800814374865
0,2346,0.8299256810360097
0,2347,0.9241365381260189
0,2348,0.8650434024605155
0,2349,0.21616772697171543
0,2350,0.34232905022747634
0,2351,0.6860420087848376
0,2352,0.5405836325426102
0,2353,0.8695437755017005
0,2354,0.7990035710462826
0,2355,0.8038867530832442
0,2356,0.8208742697522633
0,2357,0.6717513364724037
0,2358,0.8253904142281542
0,2359,0.8702183941166846
0,2360,0.42737593327370965
0,2361,0.6905981595098141
0,2362,0.45871193793233944
0,2363,0.5712013204122971
0,2364,0.615237170452953
0,2365,0.6656596441510213
0,2366,0.6704838883665762
0,2367,0.7909331478185249
0,2368,0.7336234415845921
0,2369,0.8564842837254123
0,2370,0.7777397915382008
0,2371,0.9123433096407341
0,2372,0.8488627792735809
0,2373,0.5672061769774618
0,2374,0.674358530017477
0,2375,0.8315365386302457
0,2376,0.8498686580285572
0,2377,0.7933825725648336
0,2378,0.7944880236244581
0,2379,0.8697169471060968
0,2380,0.7635329561376326
0,2381,0.7374930592134638
0,2382,0.6161394996666042
0,2383,0.7982582274357237
0,2384,0.6958497946263416
0,2385,0.7878408691299135
0,2386,0.8790656631389201
0,2387,0.7784241186863242
0,2388,0.8099789929896435
0,2389,0.8688185803474305
0,2390,0.9809990314713121
0,2391,0.8668742038863189
0,2392,0.7208491571519876
0,2393,0.7950298632725741
0,2394,0.9558829237200307
0,2395,0.9060017228969529
0,2396,0.551181600788945
0,2397,0.3874511008185758
0,2398,0.5878251429079606
0,2399,0.7884464836322096
0,2400,0.5746398392658628
0,2401,0.8206928632668001
0,2402,0.5251363327416584
0,2403,0.8873617491958647
0,2404,0.9783394296329214
0,2405,0.8947990111506575
0,2406,0.5498701635432975
0,2407,0.6922050720540617
0,2408,0.6302838234101235
0,2409,0.8339604432562658
0,2410,0.8811107915993227
0,2411,0.7979619589028664
0,2412,0.7370166969857336
0,2413,0.8327162298044225
0,2414,0.9312600439297686
0,2415,0.8993752090440388
0,2416,0.8736433892751236
0,2417,0.8886092268600402
0,2418,0.7916781738183475
0,2419,0.8732961120505145
0,2420,0.6848389458876576
0,2421,0.5055574675101718
0,2422,0.46623625263123747
0,2423,0.34032260341113074
0,2424,0.3533126948908223
0,2425,0.626362780923768
0,2426,0.8099496386964091
0,2427,0.8502445444575021
0,2428,0.8219556916730542
0,2429,0.8552960468789063
0,2430,0.8491349768606916
0,2431,0.9807423153296275
0,2432,0.9917821656643555
0,2433,0.93948228976121
0,2434,0.7604615156878926
0,2435,0.8530691946208327
0,2436,0.8350601938496542
0,2437,0.9227371981294671
0,2438,0.9589413083068469
0,2439,0.9301476200992745
0,2440,0.4824172516085586
0,2441,0.8269905695154307
0,2442,0.8168153387319169
0,2443,0.5835623635131263
0,2444,0.9749410481291706
0,2445,0.7497370043595009
0,2446,0.8670407141758023
0,2447,0.6071549025404184
0,2448,0.6812709034782034
0,2449,0.7676705744519803
0,2450,0.9238296747482274
0,2451,0.7984259241441581
0,2452,0.4724443564765991
0,2453,0.684532064003191
0,2454,0.8731318468597298
0,2455,0.8846331019493705
0,2456,0.705846887486187
0,2457,0.6418575012640906
0,2458,0.9217114452562931
0,2459,0.6918719163110801
0,2460,0.7020353060412101
0,2461,0.761872683837565
0,2462,0.6820187219401037
0,2463,0.8607824261571388
0,2464,0.8987368456598475
0,2465,0.9281691772935425
0,2466,0.9691949826885776
0,2467,0.9796280534333718
0,2468,0.9687220903319381
0,2469,0.9825395099841882
0,2470,0.8563938274551193
0,2471,0.808483771521923
0,2472,0.8143366093768252
0,2473,0.6451512958819595
0,2474,0.5505328182148543
0,2475,0.6502083359577684
0,2476,0.7883103293145723
0,2477,0.7349074471569071
0,2478,0.8476882709687747
0,2479,0.9096408580745303
0,2480,0.9292515848189778
0,2481,0.7827345379047181
0,2482,0.9150110894247075
0,2483,0.8118224763986484
0,2484,0.7473450835186571
0,2485,0.8363543249309741
0,2486,0.835155227021162
0,2487,0.8152539500942944
0,2488,0.9681539910784812
0,2489,0.9954455213632101
0,2490,0.9901398835466039
0,2491,0.845481826934412
0,2492,0.5644451519091742
0,2493,0.8893280886558728
0,2494,0.8328081375888874
0,2495,0.7650400345052045
0,2496,0.9611032978244138
0,2497,0.9314062941963743
0,2498,0.8844168713544656
0,2499,0.9331690073101714
0,2500,0.698092051103199
0,2501,0.612171570923069
0,2502,0.7490152075597514
0,2503,0.7574640962131315
0,2504,0.9285676350917599
0,2505,0.9369442165403995
0,2506,0.8930377449512098
0,2507,0.7299921093043098
0,2508,0.8526849424546065
0,2509,0.7620798594915427
0,2510,0.8793786417199997
0,2511,0.573347578817323
0,2512,0.9412522304892125
0,2513,0.7611587054523511
0,2514,0.6423094523268432
0,2515,0.9939215824101102
0,2516,0.9242431469702255
0,2517,0.4197138949583946
0,2518,0.6975565471934149
0,2519,0.7557586566340222
0,2520,0.8455309835355497
0,2521,0.7923860921074884
0,2522,0.5470318766208643
0,2523,0.7218185101518843
0,2524,0.6688527289511371
0,2525,0.950869312811501
0,2526,0.9542352756086407
0,2527,0.9258165864008724
0,2528,0.3205322886419246
0,2529,0.9914251874583548
0,2530,0.9197030060243968
0,2531,0.9661477248595008
0,2532,0.9521465661013373
0,2533,0.9664378253709174
0,2534,0.8493578570761575
0,2535,0.8326808980596927
0,2536,0.6666778099334543
0,2537,0.9029799416415136
0,2538,0.5809988386310665
0,2539,0.7740202363070761
0,2540,0.8614331774499925
0,2541,0.7355418185200577
0,2542,0.7270626446810838
0,2543,0.9721495339251038
0,2544,0.8470690438973709
0,2545,0.9678640993386555
0,2546,0.9659023001337027
0,2547,0.9510564376377607
0,2548,0.9310273989847383
0,2549,0.927876613050442
0,2550,0.7263385683041131
0,2551,0.868763589721262
0,2552,0.6976940436491798
0,2553,0.9214493354805626
0,2554,0.8083043206296642
0,2555,0.8289015273459701
0,2556,0.9307403904166494
0,2557,0.40957785680919684
0,2558,0.8260661352577634
0,2559,0.8147350080005713
0,2560,0.5452153776922762
0,2561,0.9385393010421895
0,2562,0.6580557090074469
0,2563,0.7436813622010142
0,2564,0.8228415181750434
0,2565,0.8113530731510588
0,2566,0.8062166921869133
0,2567,0.861920744145043
0,2568,0.8721190159303087
0,2569,0.8354381906116695
0,2570,0.7924746059999185
0,2571,0.753989482963243
0,2572,0.781780905424295
0,2573,0.7307431574552176
0,2574,0.9109424366250273
0,2575,0.9197664322943477
0,2576,0.8304774178235491
0,2577,0.9817964190764957
0,2578,0.6458257041866594
0,2579,0.9285079750650223
0,2580,0.7058730452952623
0,2581,0.835226887494649
0,2582,0.7209386751318766
0,2583,0.7791776808564294
0,2584,0.9199046381000533
0,2585,0.8192392621801079
0,2586,0.7374986532781116
0,2587,0.8526513804340424
0,2588,0.8682153261328991
0,2589,0.6963355854146988
0,2590,0.6902603742008633
0,2591,0.8073060658900202
0,2592,0.7917707818186118
0,2593,0.7869707586066388
0,2594,0.8090378929436692
0,2595,0.7904637425505383
0,2596,0.9242260488467572
0,2597,0.8410798408261461
0,2598,0.5160251383306518
0,2599,0.7810950500065036
0,2600,0.916942540106504
0,2601,0.5827847422102521
0,2602,0.9239217970575297
0,2603,0.9764713378567852
0,2604,0.7465242468786424
0,2605,0.7700024811240577
0,2606,0.7811178639401055
0,2607,0.7115717858545572
0,2608,0.8738113273877872
0,2609,0.7596614156667227
0,2610,0.9001373520036597
0,2611,0.9386503949706567
0,2612,0.8149659109348989
0,2613,0.49182464644583385
0,2614,0.39155178900849197
0,2615,0.8636622137986166
0,2616,0.9116773709082974
0,2617,0.8411076509848522
0,2618,0.7748630099381173
0,2619,0.6892226919763145
0,2620,0.7683719474585501
0,2621,0.7683719474585501
0,2622,0.9575410716304814
0,2623,0.7928721040478968
0,2624,0.42972017364667153
0,2625,0.7412937001870539
0,2626,0.9285143837073099
0,2627,0.46439036610655765
0,2628,0.7998210560038279
0,2629,0.9082686488790507
0,2630,0.7171925575371269
0,2631,0.9259540696806693
0,2632,0.7789632135038052
0,2633,0.9110965765984947
0,2634,0.5196868630110509
0,2635,0.8776288262389312
0,2636,0.7583134277156451
0,2637,0.7296565878471378
0,2638,0.8841313555830375
0,2639,0.35415007153055206
0,2640,0.769229344419643
0,2641,0.8668576999424406
0,2642,0.767270261238507
0,2643,0.8035378632920465
0,2644,0.8087392678126611
0,2645,0.8619227553316257
0,2646,0.6767346978846237
0,2647,0.6357764497370936
0,2648,0.7972446214255497
0,2649,0.8244527886961608
0,2650,0.9357117464355452
0,2651,0.7695569501145708
0,2652,0.93739183305576
0,2653,0.6390223032011558
0,2654,0.8009578354732417
0,2655,0.7814556266598117
0,2656,0.9014816236091666
0,2657,0.8284717177405623
0,2658,0.9598211711840211
0,2659,0.5047044239221876
0,2660,0.8941611331617956
0,2661,0.8595150236633421
0,2662,0.9192597955109104
0,2663,0.7094262627103852
0,2664,0.9399406283384755
0,2665,0.4161256629536592
0,2666,0.7885086382108277
0,2667,0.7349552337070269
0,2668,0.8685608177033368
0,2669,0.6818628225334198
0,2670,0.8168872680512508
0,2671,0.5211368023127769
0,2672,0.6703256573064593
0,2673,0.9026522138987605
0,2674,0.7961100307762702
0,2675,0.8006423953528318
0,2676,0.826211463674756
0,2677,0.9436817924610863
0,2678,0.826719066720945
0,2679,0.22561598162895105
0,2680,0.39089804675645795
0,2681,0.8391350041686857
0,2682,0.6080607548893683
0,2683,0.5338777227113489
0,2684,0.9507307493679916
0,2685,0.8149284165865208
0,2686,0.6709975784541922
0,2687,0.6150437916607256
0,2688,0.32247258829929554
0,2689,0.7077657568557068
0,2690,0.3448505132968421
0,2691,0.6787831643566041
0,2692,0.8609182942871022
0,2693,0.5895524643627287
0,2694,0.7998993728921654
0,2695,0.7703213802271752
0,2696,0.8399688441373422
0,2697,0.6684839254727398
0,2698,0.7536443698615104
0,2699,0.9634110829630439
0,2700,0.715057957793386
0,2701,0.8968117356979008
0,2702,0.7182853240575723
0,2703,0.6674600881936076
0,2704,0.7173434798861247
0,2705,0.7514389618800534
0,2706,0.8759984632311115
0,2707,0.6371601153647147
0,2708,0.8569277765550468
0,2709,0.8354406687427738
0,2710,0.7512699672569411
0,2711,0.583670430247079
0,2712,0.8166024882056158
0,2713,0.9188265820423404
0,2714,0.9310649758149051
0,2715,0.9354078795064873
0,2716,0.8739144547096415
0,2717,0.8553926952921815
0,2718,0.86975699526942
0,2719,0.729363403207791
0,2720,0.9339200008307987
0,2721,0.7333073400261835
0,2722,0.8176103891452742
0,2723,0.8125307077883244
0,2724,0.9748683525389409
0,2725,0.9453534602616182
0,2726,0.9825840926453707
0,2727,0.983757451414453
0,2728,0.9571953776325443
0,2729,0.9216843422087774
0,2730,0.7297653713302356
0,2731,0.7333014822621198
0,2732,0.8685946248780965
0,2733,0.7769309661410548
0,2734,0.8559255702102109
0,2735,0.7442803788159821
0,2736,0.7952293594728633
0,2737,0.7576982047013383
0,2738,0.8333503586475496
0,2739,0.7333899158877161
0,2740,0.9288756447232682
0,2741,0.9926752179682644
0,2742,0.9834590756997144
0,2743,0.7724699638549459
0,2744,0.7636477593300313
0,2745,0.7083600213910097
0,2746,0.3547797665852994
0,2747,0.9552809784762579
0,2748,0.5332302412834573
0,2749,0.9350046977060101
0,2750,0.3756009234150235
0,2751,0.6957558011574706
0,2752,0.8522251336458783
0,2753,0.7889057140170647
0,2754,0.8691407091168722
0,2755,0.9808627577451237
0,2756,0.9860223795805863
0,2757,0.7634769340469334
0,2758,0.8421344614331964
0,2759,0.8877462675540766
0,2760,0.6344971733394291
0,2761,0.8570489948052359
0,2762,0.8377882304793911
0,2763,0.9041890605702958
0,2764,0.49137193042167937
0,2765,0.9583777390177759
0,2766,0.9453373908565607
0,2767,0.512634514233533
0,2768,0.9199420163093537
0,2769,0.8360900408193128
0,2770,0.9010998573056038
0,2771,0.7980947374276295
0,2772,0.9580606282385347
0,2773,0.6469272470504736
0,2774,0.9203925449602501
0,2775,0.8545050664280702
0,2776,0.7036179779467854
0,2777,0.7245629565138859
0,2778,0.9116787132103916
0,2779,0.7087759161274294
0,2780,0.7680043885122034
0,2781,0.8555950573306114
0,2782,0.8277179371118842
0,2783,0.7326191832258416
0,2784,0.8236062190780715
0,2785,0.8801256875539246
0,2786,0.5601839937935985
0,2787,0.9592302627994618
0,2788,0.6506542203327954
0,2789,0.921436734917571
0,2790,0.5766820401593364
0,2791,0.7683746689276245
0,2792,0.7677292663825752
0,2793,0.8522118302459756
0,2794,0.5978773221369706
0,2795,0.7210143573034907
0,2796,0.8918698044977342
0,2797,0.8578793469081856
0,2798,0.9142595064424901
0,2799,0.9619737542973613
0,2800,0.49437806547885793
0,2801,0.4618129216895295
0,2802,0.9009531883563627
0,2803,0.6914195294373081
0,2804,0.9659884248909204
0,2805,0.6863542001200159
0,2806,0.8714726871923599
0,2807,0.810936133198349
0,2808,0.866525208507685
0,2809,0.7307856166411981
0,2810,0.8634342198778318
0,2811,0.8530527690538546
0,2812,0.6281304054462503
0,2813,0.7499240823260511
0,2814,0.8502913097468354
0,2815,0.9592133316519335
0,2816,0.5903080380531819
0,2817,0.7880795548019762
0,2818,0.9138605408417284
0,2819,0.15966675270480105
0,2820,0.7683144776367875
0,2821,0.6467101099565015
0,2822,0.9288573133554613
0,2823,0.4265895849629684
0,2824,0.944059576216252
0,2825,0.9554173266578075
0,2826,0.7824735752488975
0,2827,0.8943581844989935
0,2828,0.8330177018360313
0,2829,0.9429372586696206
0,2830,0.4189374577344634
0,2831,0.8761228633105993
0,2832,0.7745206062366081
0,2833,0.5588755168383169
0,2834,0.3962497832517832
0,2835,0.651397880529785
0,2836,0.9365622279470118
0,2837,0.8588216309890575
0,2838,0.577748443060285
0,2839,0.8305945960929628
0,2840,0.8812235413963347
0,2841,0.7446359035129194
0,2842,0.8606445826931353
0,2843,0.8546749616213736
0,2844,0.6739246897513361
0,2845,0.834087574706335
0,2846,0.5745018518178245
0,2847,0.7667255555177159
0,2848,0.8789140256424518
0,2849,0.898478354651902
0,2850,0.7698455183674744
0,2851,0.6513703932714857
0,2852,0.9874866942507227
0,2853,0.9708779960005818
0,2854,0.9568399854455594
0,2855,0.9418026656612272
0,2856,0.9737664123796231
0,2857,0.9607806488580592
0,2858,0.8687822159930328
0,2859,0.9331041886632081
0,2860,0.8437358792971289
0,2861,0.9808660512044352
0,2862,0.9605076315970151
0,2863,0.9651747481909895
0,2864,0.7858023410762918
0,2865,0.961582732565413
0,2866,0.8774570162339318
0,2867,0.8199508041544222
0,2868,0.9449996738784068
0,2869,0.8592374772139197
0,2870,0.7888531511827872
0,2871,0.930545179910759
0,2872,0.9129165990548608
0,2873,0.897867089408872
0,2874,0.7368677877479666
0,2875,0.8435983624610642
0,2876,0.8087711934172352
0,2877,0.7152062954742265
0,2878,0.8107492374248988
0,2879,0.7782589862138493
0,2880,0.7382582738689564
0,2881,0.7560097102394205
0,2882,0.6237623204697138
0,2883,0.8556090629306192
0,2884,0.9277238836773314
0,2885,0.6941661331000563
0,2886,0.5357353855402802
0,2887,0.6095183108182523
0,2888,0.69722322243791
0,2889,0.7009580704341297
0,2890,0.6646842249244124
0,2891,0.7263426219834579
0,2892,0.8090989536174521
0,2893,0.8089859397480937
0,2894,0.8970950733890196
0,2895,0.8568342178023168
0,2896,0.9598604011142375
0,2897,0.9749258668764177
0,2898,0.800715273087924
0,2899,0.9585360154212177
0,2900,0.7244492781797736
0,2901,0.6927003653628108
0,2902,0.8771032040576467
0,2903,0.7319542299844702
0,2904,0.6414204990110959
0,2905,0.6416625166687909
0,2906,0.792976289335574
0,2907,0.9506909071142782
0,2908,0.7100022119432678
0,2909,0.8790626699558286
0,2910,0.7055570066372033
0,2911,0.7112541455795176
0,2912,0.9064443130804198
0,2913,0.7729445356586656
0,2914,0.7720687868400946
0,2915,0.8470902827571893
0,2916,0.676596699786881
0,2917,0.5214193969673065
0,2918,0.48922077840436956
0,2919,0.8925315808871308
0,2920,0.8232327387899055
0,2921,0.8130978037429469
0,2922,0.6569665161451875
0,2923,0.762785382034869
0,2924,0.697710682649355
0,2925,0.8159961606631817
0,2926,0.9265313901818715
0,2927,0.735277000591063
0,2928,0.08458142549009522
0,2929,0.15843331770893193
0,2930,0.7353769457263978
0,2931,0.9376111580974195
0,2932,0.6824251216954473
0,2933,0.8939074956350077
0,2934,0.8311803005022619
0,2935,0.981082425446025
0,2936,0.7988789436064443
0,2937,0.7639321917291693
0,2938,0.5761382678464835
0,2939,0.9265057033199733
0,2940,0.4010037896383364
0,2941,0.4575598534833638
0,2942,0.8484594535464455
0,2943,0.7537964545274778
0,2944,0.9515969950148917
0,2945,0.612103034837756
0,2946,0.9413958185445053
0,2947,0.923496213420224
0,2948,0.6595018101685644
0,2949,0.7494886460086386
0,2950,0.5518407437364198
0,2951,0.5334989968238557
0,2952,0.795811041846363
0,2953,0.782324106977754
0,2954,0.8674504518035218
0,2955,0.9005925096114672
0,2956,0.9040328548867286
0,2957,0.8720801125580248
0,2958,0.6958269761402752
0,2959,0.8675136623775541
0,2960,0.7428975847686405
0,2961,0.7730083756545562
0,2962,0.9333437899476194
0,2963,0.5497311281666631
0,2964,0.5394908699001623
0,2965,0.8386679905031009
0,2966,0.862082216919019
0,2967,0.9647329989645158
0,2968,0.5007588220697642
0,2969,0.17249448265818035
0,2970,0.7788457011912097
0,2971,0.5562158520373714
0,2972,0.6797438761496557
0,2973,0.5641839592907839
0,2974,0.2958758909261926
0,2975,0.9492407154802522
0,2976,0.9608075427747074
0,2977,0.9482153670999578
0,2978,0.9348091508722556
0,2979,0.9116084784318138
0,2980,0.9667201660938409
0,2981,0.9710803388777386
0,2982,0.9619410153948706
0,2983,0.818714558118031
0,2984,0.7972181205977891
0,2985,0.929403273195581
0,2986,0.8072477057174265
0,2987,0.9127768057279975
0,2988,0.8867091567124308
0,2989,0.7738658905140325
0,2990,0.8762172938444605
0,2991,0.8849315664815856
0,2992,0.7660309978912544
0,2993,0.6391092604311425
0,2994,0.6703687738179024
0,2995,0.8672423108768161
0,2996,0.8420360746118103
0,2997,0.8940979407794898
0,2998,0.9243604806687346
0,2999,0.8163257784477426
0,3000,0.8896141982863813
0,3001,0.7591369662814769
0,3002,0.7623679031279338
0,3003,0.8244141574260143
0,3004,0.7143213575905828
0,3005,0.717416132968446
0,3006,0.7915437592388778
0,3007,0.6529092719407608
0,3008,0.7287897802012467
0,3009,0.911723659282062
0,3010,0.8719265565537546
0,3011,0.8860895156341917
0,3012,0.7411139782122308
0,3013,0.8844161899043209
0,3014,0.7784085100670574
0,3015,0.9060192363679813
0,3016,0.7081778918741393
0,3017,0.7848705034212755
0,3018,0.8021600273569099
0,3019,0.8096972333899405
0,3020,0.8998432219599012
0,3021,0.8889336385110769
0,3022,0.7301859871218037
0,3023,0.7876331930655625
0,3024,0.6786455244904749
0,3025,0.7962662434276675
0,3026,0.6025179881120568
0,3027,0.7897085451868824
0,3028,0.7974680523193075
0,3029,0.6075005015306008
0,3030,0.539315635154072
0,3031,0.5296179404043057
0,3032,0.8792701304318017
0,3033,0.3159704449337757
0,3034,0.6693642742979501
0,3035,0.7173473275747465
0,3036,0.5808585510538353
0,3037,0.8380646470289599
0,3038,0.8983703357725468
0,3039,0.790777487870152
0,3040,0.8695723887307916
0,3041,0.7991330972898223
0,3042,0.955810669934759
0,3043,0.9075911377211919
0,3044,0.9489918246340251
0,3045,0.6344488716561355
0,3046,0.9640918032811173
0,3047,0.8225900886575203
0,3048,0.676087247688111
0,3049,0.6851818589067716
0,3050,0.8119616446235778
0,3051,0.49687087177079975
0,3052,0.7954047219765151
0,3053,0.9080016445297037
0,3054,0.8839013511954518
0,3055,0.5430545443266354
0,3056,0.6022053660391505
0,3057,0.6334668968947883
0,3058,0.699261428149214
0,3059,0.6693095781309881
0,3060,0.6780429672464537
0,3061,0.6987909400853928
0,3062,0.9338965341600391
0,3063,0.7026078458046262
0,3064,0.9809077433133477
0,3065,0.9018804997795485
0,3066,0.8291404200448407
0,3067,0.9332740661440496
0,3068,0.8907776757157292
0,3069,0.9731731260163189
0,3070,0.9840408782075935
0,3071,0.82385147070858
0,3072,0.7374231308051913
0,3073,0.5591460129105545
0,3074,0.9304318942467408
0,3075,0.7460751247023268
0,3076,0.9730886068939172
0,3077,0.9645692237810246
0,3078,0.9397591388203584
0,3079,0.8976379875091869
0,3080,0.43332673533580446
0,3081,0.8836532280304692
0,3082,0.25587889572473044
0,3083,0.8327440902100747
0,3084,0.7845222945911928
0,3085,0.7876016834290045
0,3086,0.7267555850105964
0,3087,0.8535720188756881
0,3088,0.7215192883563326
0,3089,0.613997400745956
0,3090,0.4943277802675168
0,3091,0.7686089578642715
0,3092,0.8613958432416636
0,3093,0.9358318473238015
0,3094,0.8619580995106058
0,3095,0.8435195522418973
0,3096,0.7492619633275625
0,3097,0.8196171492056639
0,3098,0.6967646912609586
0,3099,0.8564310308642616
0,3100,0.8487346783644424
0,3101,0.7774250869496792
0,3102,0.7255572807274216
0,3103,0.8019147090112831
0,3104,0.6468997554145801
0,3105,0.9346486482776976
0,3106,0.9774403391550918
0,3107,0.8714929162972215
0,3108,0.44258386297335844
0,3109,0.9724861849524059
0,3110,0.8354281151779277
0,3111,0.6555657939058301
0,3112,0.9851461754432538
0,3113,0.4737547728677879
0,3114,0.4706069768655797
0,3115,0.8934417989205162
0,3116,0.7313080681509824
0,3117,0.951821189253042
0,3118,0.9681615145319428
0,3119,0.9518883990325371
0,3120,0.7623940786944065
0,3121,0.8291918335630365
0,3122,0.6576531620087365
0,3123,0.7058018413528622
0,3124,0.8148066250473723
0,3125,0.6381441157548595
0,3126,0.5040259082288178
0,3127,0.6071374038304747
0,3128,0.9045043013397431
0,3129,0.8253100182393301
0,3130,0.8372288992664829
0,3131,0.7710035205618154
0,3132,0.8324674347528849
0,3133,0.8134810425909845
0,3134,0.8709469087410133
0,3135,0.8456511491923222
0,3136,0.9059118075203614
0,3137,0.41928189038294283
0,3138,0.17004912748259463
0,3139,0.8861757431674329
0,3140,0.6982131339463385
0,3141,0.7986397824346316
0,3142,0.7389496478029403
0,3143,0.9024844977937471
0,3144,0.5401887655429568
0,3145,0.6802031398652212
0,3146,0.8538700047698048
0,3147,0.8033324422763581
0,3148,0.9548917313412102
0,3149,0.9576223032905273
0,3150,0.9461647213405232
0,3151,0.24125726695151495
0,3152,0.628308230597411
0,3153,0.9241741051345617
0,3154,0.9864283736378882
0,3155,0.7748971928424429
0,3156,0.9147473279710653
0,3157,0.44317611339206914
0,3158,0.7812909725363777
0,3159,0.8910153203753874
0,3160,0.9156728679732458
0,3161,0.8245436294078186
0,3162,0.4392108564388874
0,3163,0.9846575220750751
0,3164,0.9856358687357522
0,3165,0.925529252205562
0,3166,0.8228491394139161
0,3167,0.9433733967249837
0,3168,0.9342917890801951
0,3169,0.6699905056423575
0,3170,0.7140708759398575
0,3171,0.6866167098575235
0,3172,0.8437341215922973
0,3173,0.6892501916917231
0,3174,0.9729327581866215
0,3175,0.7944259665039352
0,3176,0.9529264300811641
0,3177,0.8496571154758977
0,3178,0.9220395596895344
0,3179,0.94058397292196
0,3180,0.9039116092713172
0,3181,0.9247801128910451
0,3182,0.8144277219232842
0,3183,0.7386801858871472
0,3184,0.788442523229625
0,3185,0.952586009631067
0,3186,0.912562558151721
0,3187,0.9405391258235851
0,3188,0.9190330360974949
0,3189,0.9266891035550171
0,3190,0.6709286060035323
0,3191,0.9066410875976327
0,3192,0.8650875721753766
0,3193,0.5303946217646149
0,3194,0.7420871607146451
0,3195,0.6248096424375899
0,3196,0.897555758085884
0,3197,0.8961455560724959
0,3198,0.8081437356170285
0,3199,0.828484182570243
0,3200,0.8434504397412425
0,3201,0.7732004710316375
0,3202,0.5240039464387616
0,3203,0.8234547233871556
0,3204,0.6850760925362208
0,3205,0.9284477141218964
0,3206,0.9074594053608928
0,3207,0.9734596084181206
0,3208,0.9700647128972157
0,3209,0.817160195535734
0,3210,0.8916654931127277
0,3211,0.6264813806027975
0,3212,0.5390179583652578
0,3213,0.5785703396579225
0,3214,0.6201543462873798
0,3215,0.3604928988890235
0,3216,0.18632191561200312
0,3217,0.4593943390139709
0,3218,0.6560510688919435
0,3219,0.8255640534790386
0,3220,0.9369819056581741
0,3221,0.8267367179232957
0,3222,0.8870257062698655
0,3223,0.6918444701115711
0,3224,0.8937064004306084
0,3225,0.6584843256537352
0,3226,0.7617786681949988
0,3227,0.9701252795380233
0,3228,0.9904776273499759
0,3229,0.958006156556584
0,3230,0.8072940930567466
0,3231,0.9041061825601894
0,3232,0.4732478437451767
0,3233,0.6789761002963968
0,3234,0.5168132487341593
0,3235,0.8359902638064354
0,3236,0.7965751179973631
0,3237,0.9135938714152673
0,3238,0.8985692643492422
0,3239,0.5216175362292216
0,3240,0.9658944011932941
0,3241,0.9302498210787427
0,3242,0.90193779246888
0,3243,0.9008612042339755
0,3244,0.8035345068982265
0,3245,0.8639373812619437
0,3246,0.6941657075027964
0,3247,0.7253729382473891
0,3248,0.9748247331214913
0,3249,0.9610972795985349
0,3250,0.906208133878284
0,3251,0.8473658426704751
0,3252,0.7743493457863255
0,3253,0.786471561341847
0,3254,0.8107082382662393
0,3255,0.7381578820165602
0,3256,0.8126926810295919
0,3257,0.8329034633587332
0,3258,0.7099783222575266
0,3259,0.7765737388984403
0,3260,0.697812582976712
0,3261,0.8382173002220585
0,3262,0.7605632696031973
0,3263,0.6598231710380298
0,3264,0.45658777862599365
0,3265,0.5895863191685751
0,3266,0.8865799555178532
0,3267,0.7517093916321615
0,3268,0.9241145678536156
0,3269,0.4967450613450932
0,3270,0.8662457274452994
0,3271,0.5162108751730167
0,3272,0.7460306276838528
0,3273,0.8501156008614784
0,3274,0.8753336202129683
0,3275,0.44820859885629477
0,3276,0.8943974417110031
0,3277,0.9420406082660505
0,3278,0.8352412611602162
0,3279,0.8496499508046109
0,3280,0.8847622241201106
0,3281,0.7896035044891715
0,3282,0.9275246283941583
0,3283,0.9507471860386157
0,3284,0.9057875432028915
0,3285,0.9404722829101274
0,3286,0.8719009238568347
0,3287,0.5248297375940779
0,3288,0.8039652472797227
0,3289,0.8359961146240008
0,3290,0.5748556499350499
0,3291,0.671617793552198
0,3292,0.6471381942357051
0,3293,0.9676817281131788
0,3294,0.9064079444327681
0,3295,0.9779236319217458
0,3296,0.8432033009169982
0,3297,0.9218742605889734
0,3298,0.8859269252118662
0,3299,0.9322435041794457
0,3300,0.9445907922183819
0,3301,0.93547567319776
0,3302,0.975499652880324
0,3303,0.9094368206429281
0,3304,0.8641987026006536
0,3305,0.37809050758176066
0,3306,0.8280230691093492
0,3307,0.7510718519283438
0,3308,0.7472211234815166
0,3309,0.8854471077740054
0,3310,0.9067844566759079
0,3311,0.8507462962643249
0,3312,0.8234786185404175
0,3313,0.8310725606936376
0,3314,0.8976373859848826
0,3315,0.972995653742609
0,3316,0.9357694534891456
0,3317,0.9552439956689621
0,3318,0.8926977569687324
0,3319,0.9489664200635185
0,3320,0.8529276288663757
0,3321,0.9679296459018429
0,3322,0.8833967138767935
0,3323,0.9443472764571418
0,3324,0.8522900592058891
0,3325,0.8774217076707315
0,3326,0.7462485784567974
0,3327,0.8232079924117564
0,3328,0.8542371804975596
0,3329,0.8515362398616652
0,3330,0.7816083186620106
0,3331,0.7362787249037912
0,3332,0.7688987501448197
0,3333,0.8113106239856436
0,3334,0.9323612638209133
0,3335,0.4563927474991459
0,3336,0.5320754121707811
0,3337,0.7286241987121073
0,3338,0.9620802155573674
0,3339,0.9791403896298364
0,3340,0.9613499501799383
0,3341,0.6557032825685761
0,3342,0.6995096012442517
0,3343,0.9908153326716871
0,3344,0.9348409017072518
0,3345,0.6315453142801286
0,3346,0.5276183825447088
0,3347,0.8699830478430344
0,3348,0.7562440282827688
0,3349,0.8365398054120312
0,3350,0.8814316369064565
0,3351,0.7880322355615607
0,3352,0.8331222006268224
0,3353,0.8576014349884215
0,3354,0.9352380613153264
0,3355,0.5859045919006287
0,3356,0.7699989700441022
0,3357,0.9856853464430093
0,3358,0.6683476762737938
0,3359,0.6640267949439705
0,3360,0.8554523663162534
0,3361,0.69166571274611
0,3362,0.9586106908903944
0,3363,0.49630910158918023
0,3364,0.6415604204673239
0,3365,0.8802923346421782
0,3366,0.813896984648189
0,3367,0.7221544898957567
0,3368,0.6756535966699883
0,3369,0.8116721253793935
0,3370,0.8369337328529707
0,3371,0.734285762039251
0,3372,0.8483560971072872
0,3373,0.4886564623133115
0,3374,0.7490465024415638
0,3375,0.6569978640258137
0,3376,0.8283432138546781
0,3377,0.8337896038436778
0,3378,0.6626468280696314
0,3379,0.765752352082701
0,3380,0.5524361292658249
0,3381,0.6096289904176954
0,3382,0.8532927109352316
0,3383,0.8055907083733952
0,3384,0.4657667728427658
0,3385,0.4726674230368885
0,3386,0.782213841278866
0,3387,0.9917517312912356
0,3388,0.9843212684838214
0,3389,0.5326577936750375
0,3390,0.7052495118521717
0,3391,0.8418539787186657
0,3392,0.828560878397268
0,3393,0.5752787242075349
0,3394,0.8956820142548312
0,3395,0.7350286774242203
0,3396,0.9491528329359208
0,3397,0.890894147566072
0,3398,0.5968277952274209
0,3399,0.7475555624258065
0,3400,0.808539308399584
0,3401,0.8921639983762538
0,3402,0.8468037213729852
0,3403,0.8672438010720799
0,3404,0.6906499748734245
0,3405,0.7490144522161183
0,3406,0.7514386670103875
0,3407,0.564870656624516
0,3408,0.694896203060899
0,3409,0.9203024773963263
0,3410,0.7666885403907754
0,3411,0.761308095218096
0,3412,0.8150143390137468
0,3413,0.8505390047715692
0,3414,0.8936915748066218
0,3415,0.7382498524007206
0,3416,0.7582787857229236
0,3417,0.8708859913345238
0,3418,0.8868739971966775
0,3419,0.8613625978153538
0,3420,0.8109525266510533
0,3421,0.7042131856777822
0,3422,0.7497615783170619
0,3423,0.7394289863271535
0,3424,0.5612675846920281
0,3425,0.7789991552853607
0,3426,0.37888144790124556
0,3427,0.5574542484814268
0,3428,0.834692362032555
0,3429,0.7258435833748581
0,3430,0.8476932619480293
0,3431,0.578184109358011
0,3432,0.4677400217821073
0,3433,0.8201524089882709
0,3434,0.9799181071060995
0,3435,0.9882887287067563
0,3436,0.9605679897164735
0,3437,0.9661875249790254
0,3438,0.9475933242996051
0,3439,0.9687729917387685
0,3440,0.8447647144764757
0,3441,0.6438220971867965
0,3442,0.8965501819174113
0,3443,0.8052304771798564
0,3444,0.9559458496627713
0,3445,0.5217288676650286
0,3446,0.7904593740122454
0,3447,0.5875024297052519
0,3448,0.8772219847954398
0,3449,0.6165651244483196
0,3450,0.6379454490950788
0,3451,0.5819431315770014
0,3452,0.6323505506056506
0,3453,0.7435397767048869
0,3454,0.8287431061075495
0,3455,0.8966922532239744
0,3456,0.8044097718827592
0,3457,0.6834968404183005
0,3458,0.4146357827159066
0,3459,0.6815984548799687
0,3460,0.7106528992344795
0,3461,0.5778450310076026
0,3462,0.7900667454700534
0,3463,0.7216112054196424
0,3464,0.45787931781629837
0,3465,0.7022073336664739
0,3466,0.48409334006166094
0,3467,0.6239335900519428
0,3468,0.8827382508598638
0,3469,0.8653011972122044
0,3470,0.7670131287032532
0,3471,0.3426932651849077
0,3472,0.33325102868686746
0,3473,0.8987617752574217
0,3474,0.7712055156674456
0,3475,0.7531453878615851
0,3476,0.5068008611776258
0,3477,0.8637997087140252
0,3478,0.6726881969102338
0,3479,0.695356603457034
0,3480,0.7235658792669092
0,3481,0.6707735996757118
0,3482,0.6237443053350883
0,3483,0.7689092273396723
0,3484,0.91645234160942
0,3485,0.4510636779285414
0,3486,0.6743683211891942
0,3487,0.8503864973787082
0,3488,0.7792797870369553
0,3489,0.798398046674891
0,3490,0.921088287338656
0,3491,0.8843925557509807
0,3492,0.8744373947684754
0,3493,0.6713927690821455
0,3494,0.6475611435719948
0,3495,0.9351781798602627
0,3496,0.6490383594650152
0,3497,0.9630615605320016
0,3498,0.8208558899762967
0,3499,0.8353829259234368
0,3500,0.8640259032274406
0,3501,0.8516029464940301
0,3502,0.8010014606512478
0,3503,0.7920891198376301
0,3504,0.6516842805935423
0,3505,0.7325550218720068
0,3506,0.7027870961745454
0,3507,0.8419033424803618
0,3508,0.8436752790912688
0,3509,0.8284761836627467
0,3510,0.8645599434364399
0,3511,0.8602830015064197
0,3512,0.8113791517815861
0,3513,0.6377911342807692
0,3514,0.8545346368556351
0,3515,0.6466070790786941
0,3516,0.7268758998174237
0,3517,0.778288840216305
0,3518,0.5187882428270414
0,3519,0.7435151848179233
0,3520,0.7700644339582876
0,3521,0.7617667118148335
0,3522,0.7875266969223214
0,3523,0.8373988601100093
0,3524,0.9203187721641863
0,3525,0.893570736162609
0,3526,0.7872658301029108
0,3527,0.9532703117076249
0,3528,0.8717771648066815
0,3529,0.8921246607379092
0,3530,0.7188547401697166
0,3531,0.7864303520788879
0,3532,0.8687020595445134
0,3533,0.6112861471337169
0,3534,0.7783750623518773
0,3535,0.8672253575818418
0,3536,0.4494479810706161
0,3537,0.8035150758895251
0,3538,0.820066321697317
0,3539,0.903688177452644
0,3540,0.8394697433949707
0,3541,0.9127196749124429
0,3542,0.8537709009239314
0,3543,0.694201185862434
0,3544,0.9140842087865744
0,3545,0.8372781689099765
0,3546,0.8178336712939273
0,3547,0.8729796855850325
0,3548,0.7824903473179481
0,3549,0.8169629969729519
0,3550,0.5433525076832003
0,3551,0.8868695926685946
0,3552,0.7609467749168989
0,3553,0.7832198380565962
0,3554,0.6590056698486754
0,3555,0.9541363008485533
0,3556,0.7896295204669305
0,3557,0.8878188044337761
0,3558,0.9393793926366941
0,3559,0.6942305021860394
0,3560,0.780638708413335
0,3561,0.878553313581507
0,3562,0.789057621120354
0,3563,0.8810362880267039
0,3564,0.9052978666122062
0,3565,0.5965113729990001
0,3566,0.8291898752336117
0,3567,0.885437516687477
0,3568,0.7522210133220036
0,3569,0.7578562506505112
0,3570,0.9488750743638733
0,3571,0.9695944738140077
0,3572,0.7024511344573826
0,3573,0.6817108100338595
0,3574,0.7250401267666858
0,3575,0.7536993670957117
0,3576,0.7685393426570017
0,3577,0.7986833456161421
0,3578,0.4872423982951882
0,3579,0.9167040124756732
0,3580,0.5580958541963613
0,3581,0.6695024628842978
0,3582,0.9344244054911554
0,3583,0.7437739331178714
0,3584,0.8968317948868805
0,3585,0.45906002147696207
0,3586,0.8084444680740593
0,3587,0.563687039661041
0,3588,0.9313599011212904
0,3589,0.9168050779572776
0,3590,0.8551667575925339
0,3591,0.9831921054196031
0,3592,0.4966511673303713
0,3593,0.33063868825809006
0,3594,0.5335944033896914
0,3595,0.6135805775169169
0,3596,0.819575759962954
0,3597,0.7538541835690612
0,3598,0.8208947605970109
0,3599,0.9591784487591488
0,3600,0.8429612139011687
0,3601,0.7261177367762455
0,3602,0.9717691859492653
0,3603,0.8177236026033918
0,3604,0.872600258732485
0,3605,0.8727115291607078
0,3606,0.5919681819380199
0,3607,0.5309677933446573
0,3608,0.6407712977594219
0,3609,0.12513187381338173
0,3610,0.10235230013389864
0,3611,0.6671668073319161
0,3612,0.959227388287067
0,3613,0.8579695792755834
0,3614,0.446140248483636
0,3615,0.7531419359054942
0,3616,0.893030175919405
0,3617,0.950379626366195
0,3618,0.9128729110981145
0,3619,0.9333157371958102
0,3620,0.49086800722840745
0,3621,0.6259568704447264
0,3622,0.46346897791708924
0,3623,0.6514827878809206
0,3624,0.796399564230182
0,3625,0.6370604171867704
0,3626,0.9121899498229458
0,3627,0.9591963895001879
0,3628,0.9295707067295553
0,3629,0.5287521308871236
0,3630,0.9565477715622909
0,3631,0.9295946065742142
0,3632,0.9078207337331038
0,3633,0.7807036038126732
0,3634,0.7366908254221887
0,3635,0.9288348396588468
0,3636,0.7683416587487875
0,3637,0.6468784417105727
0,3638,0.8905623403824429
0,3639,0.8413405499501339
0,3640,0.8475783629158125
0,3641,0.9501102130369737
0,3642,0.7688252383836116
0,3643,0.9532653930621842
0,3644,0.9777062808687049
0,3645,0.6288377244479354
0,3646,0.9019816471067588
0,3647,0.589423917812399
0,3648,0.6072421207818185
0,3649,0.5418987605447771
0,3650,0.13169249822183834
0,3651,0.9846947381454912
0,3652,0.9897434460882293
0,3653,0.9446678762415661
0,3654,0.6789015256968113
0,3655,0.8118078403180656
0,3656,0.9013032945105086
0,3657,0.8601648868868305
0,3658,0.5132763805587081
0,3659,0.24401027013670284
0,3660,0.8666785800745873
0,3661,0.48687403760178827
0,3662,0.9369708763179286
0,3663,0.8544146166628651
0,3664,0.7278024984641611
0,3665,0.8872237577274169
0,3666,0.952037666298051
0,3667,0.6619231588870905
0,3668,0.6360282901552529
0,3669,0.7988545038488648
0,3670,0.8584144116300035
0,3671,0.7888530568163012
0,3672,0.859224643262773
0,3673,0.8067708387230098
0,3674,0.7114346925223093
0,3675,0.5599052212818033
0,3676,0.7075048952332823
0,3677,0.49690836657614484
0,3678,0.8952429933456517
0,3679,0.551985502302971
0,3680,0.6756063313098973
0,3681,0.8336261654723406
0,3682,0.5376377917073338
0,3683,0.8071809043965233
0,3684,0.3949601203205531
0,3685,0.7464124757083092
0,3686,0.7909155603714925
0,3687,0.371800216717608
0,3688,0.6940350112592859
0,3689,0.895038781463099
0,3690,0.728512200473919
0,3691,0.8802580015284652
0,3692,0.8566504366783115
0,3693,0.7325873260178012
0,3694,0.8770514038333789
0,3695,0.8630311698856178
0,3696,0.7296437751181457
0,3697,0.9447493660760296
0,3698,0.948381867717535
0,3699,0.56295090128866
0,3700,0.9263675683596734
0,3701,0.9441484564655976
0,3702,0.9621440741349486
0,3703,0.843656208062958
0,3704,0.9706850683004681
0,3705,0.8455217438341177
0,3706,0.7627940436144482
0,3707,0.6561603766952119
0,3708,0.6528898066913195
0,3709,0.5022865900716473
0,3710,0.843652310345161
0,3711,0.5183258323920722
0,3712,0.5103144179472598
0,3713,0.8845452880148174
0,3714,0.8743824944554859
0,3715,0.7669438287125877
0,3716,0.640032559776655
0,3717,0.9529864739623765
0,3718,0.8723997957032763
0,3719,0.9798451887451817
0,3720,0.9399662443972459
0,3721,0.9473852833167238
0,3722,0.966012022881774
0,3723,0.8079050160266702
0,3724,0.7935063406811609
0,3725,0.6923151800495646
0,3726,0.8928912595939921
0,3727,0.6997678260702
0,3728,0.5276312046938196
0,3729,0.6388968715418427
0,3730,0.8136964592186406
0,3731,0.6682435356362378
0,3732,0.796027863145013
0,3733,0.8157908307833188
0,3734,0.7660507977715588
0,3735,0.8067923015492697
0,3736,0.8821929801874413
0,3737,0.5983911455437648
0,3738,0.37938824117866565
0,3739,0.6986963274406357
0,3740,0.6245223704622072
0,3741,0.9099048283824842
0,3742,0.7872490698010752
0,3743,0.6018508689956633
0,3744,0.6988970204935491
0,3745,0.7968087897759938
0,3746,0.7248986705602767
0,3747,0.8366944854978589
0,3748,0.7376066915395316
0,3749,0.881501271500211
0,3750,0.8505958680870495
0,3751,0.7758298106097149
0,3752,0.9083762979414517
0,3753,0.8222294043822324
0,3754,0.5883470057315339
0,3755,0.8868405455897899
0,3756,0.5888022802066738
0,3757,0.4292704355144531
0,3758,0.6928288000464958
0,3759,0.627243133129486
0,3760,0.8182545724833659
0,3761,0.8814760979263118
0,3762,0.4591057833587821
0,3763,0.8327993342443242
0,3764,0.933613473483677
0,3765,0.8915225993306596
0,3766,0.7885597231221579
0,3767,0.7802048321135817
0,3768,0.730053390558974
0,3769,0.556993389728374
0,3770,0.7891669572254474
0,3771,0.575700082119939
0,3772,0.4883339101321255
0,3773,0.7164556138930178
0,3774,0.7975452733862296
0,3775,0.833977942422955
0,3776,0.7832969342996702
0,3777,0.6935287563172888
0,3778,0.936971318852792
0,3779,0.7314022279061738
0,3780,0.8117031877761534
0,3781,0.28963801697214026
0,3782,0.9329153674024662
0,3783,0.9394188048693104
0,3784,0.9580493217599433
0,3785,0.9794573824357957
0,3786,0.7613857304170389
0,3787,0.8888110976004964
0,3788,0.9354520962968559
0,3789,0.30741709809950296
0,3790,0.8735435390355928
0,3791,0.6346817813995488
0,3792,0.9608952485733978
0,3793,0.8909214788358992
0,3794,0.8777496296549925
0,3795,0.811018710542847
0,3796,0.8078414694495054
0,3797,0.6792810314014098
0,3798,0.8283833926761074
0,3799,0.7079923917252974
0,3800,0.8651184048511161
0,3801,0.7173544584968801
0,3802,0.7455233181192656
0,3803,0.9154160567517663
0,3804,0.8694526408168769
0,3805,0.6921875153175742
0,3806,0.3679077239548658
0,3807,0.7675559699252719
0,3808,0.9989778192680172
0,3809,0.4406031776795219
0,3810,0.9510644168965059
0,3811,0.5962507287210072
0,3812,0.815431865356515
0,3813,0.7069924497572508
0,3814,0.8368198117340715
0,3815,0.9371610666929396
0,3816,0.7418591905872344
0,3817,0.9321108615071597
0,3818,0.9540963564156257
0,3819,0.7185878994635865
0,3820,0.9181797948705223
0,3821,0.837886924507623
0,3822,0.6167039821334646
0,3823,0.6562577878040805
0,3824,0.14839137529987353
0,3825,0.9806584431679828
0,3826,0.9004447916846823
0,3827,0.7472377945655184
0,3828,0.7583817720138909
0,3829,0.7638295146004018
0,3830,0.7817905477786179
0,3831,0.8343226804708671
0,3832,0.6662543575134796
0,3833,0.5479433143062357
0,3834,0.8960547938154806
0,3835,0.6817396756521532
0,3836,0.8458174206020833
0,3837,0.8679417574253632
0,3838,0.7525383908880316
0,3839,0.6043447946929111
0,3840,0.9711519813266539
0,3841,0.9820132459340503
0,3842,0.8050614915141148
0,3843,0.7755764556735026
0,3844,0.4919931232576092
0,3845,0.812893747523294
0,3846,0.8778127684672055
0,3847,0.6040013626959895
0,3848,0.8359046692553989
0,3849,0.5107640605247552
0,3850,0.923152459565222
0,3851,0.8123062561644832
0,3852,0.8129855588797671
0,3853,0.7324994690514959
0,3854,0.4124104108615418
0,3855,0.77321217309416
0,3856,0.48502359190295447
0,3857,0.9383702398083791
0,3858,0.8114333343046226
0,3859,0.9364490924719228
0,3860,0.7607658718681255
0,3861,0.6862214767378818
0,3862,0.7215039903400914
0,3863,0.8446463307499604
0,3864,0.886738264385969
0,3865,0.7120570609198072
0,3866,0.8847187428719653
0,3867,0.7190124951888741
0,3868,0.7441600161580778
0,3869,0.8536796174211241
0,3870,0.8987274000552709
0,3871,0.8835687480717259
0,3872,0.7534449879813924
0,3873,0.8120807046201756
0,3874,0.8591056595699076
0,3875,0.6725199912894712
0,3876,0.8253961277399186
0,3877,0.5675778740534032
0,3878,0.49154543366503456
0,3879,0.7497296240055771
0,3880,0.8902262546572142
0,3881,0.7868396080729074
0,3882,0.8303047879916341
0,3883,0.5489146892819332
0,3884,0.5488827468390676
0,3885,0.2030422729793772
0,3886,0.8648467346291625
0,3887,0.2674440193065514
0,3888,0.36181984343699913
0,3889,0.35831264515547917
0,3890,0.6275162028311738
0,3891,0.8784976797852139
0,3892,0.7409102495258111
0,3893,0.5663680923099325
0,3894,0.6862656122306642
0,3895,0.8047741886554048
0,3896,0.9101759651156881
0,3897,0.38595246212709244
0,3898,0.6378329392315792
0,3899,0.8705690813085495
0,3900,0.5138824034042636
0,3901,0.8440189185521764
0,3902,0.918845433505694
0,3903,0.827038903415352
0,3904,0.669657172651244
0,3905,0.8590773725166323
0,3906,0.9324496280644499
0,3907,0.8024843559847702
0,3908,0.852455077876212
0,3909,0.8234712836149952
0,3910,0.8666992645554016
0,3911,0.8239684513624658
0,3912,0.9483631801117038
0,3913,0.7360287101936192
0,3914,0.7559312046689715
0,3915,0.6731626850245049
0,3916,0.726504751970928
0,3917,0.8592342485303153
0,3918,0.7575012572617189
0,3919,0.6750057353924557
0,3920,0.7614973738696021
0,3921,0.8293577924061891
0,3922,0.8887745295235738
0,3923,0.7501370565236617
0,3924,0.8494009104077062
0,3925,0.6804158388028525
0,3926,0.7352994382655245
0,3927,0.6360704177946627
0,3928,0.6690034699109872
0,3929,0.33322160591668754
0,3930,0.4600695518142026
0,3931,0.6533077307616323
0,3932,0.7720144267527563
0,3933,0.9216109908390698
0,3934,0.6838296987554395
0,3935,0.6059234655572182
0,3936,0.7552989872111815
0,3937,0.6637320008356804
0,3938,0.5788570268696978
0,3939,0.8431759452068971
0,3940,0.7452988769112436
0,3941,0.980192108912172
0,3942,0.19570069218837408
0,3943,0.609819981626162
0,3944,0.7305079085173664
0,3945,0.7414900917956362
0,3946,0.4128268353229294
0,3947,0.8076362632210704
0,3948,0.8693752651657553
0,3949,0.628930050807954
0,3950,0.45811888653116206
0,3951,0.2631763797761058
0,3952,0.5378296248664223
0,3953,0.6778824181214447
0,3954,0.747736356824167
0,3955,0.44836364157987313
0,3956,0.4990943343825325
0,3957,0.5936308976322701
0,3958,0.6396917108552025
0,3959,0.8470902509315477
0,3960,0.9571778266692909
0,3961,0.9765586293869113
0,3962,0.784123872108672
0,3963,0.6974607286188758
0,3964,0.9371552033148235
0,3965,0.8781344427416312
0,3966,0.7149095321251108
0,3967,0.929408008083651
0,3968,0.8708428006122977
0,3969,0.8755943300505127
0,3970,0.7538115412625287
0,3971,0.905541367854841
0,3972,0.6695125795592606
0,3973,0.9664354791169878
0,3974,0.7764721366170513
0,3975,0.5772111672672607
0,3976,0.955084904681932
0,3977,0.9270803583893229
0,3978,0.4334983744495783
0,3979,0.9475062450105488
0,3980,0.9224764929863538
0,3981,0.9700378625047095
0,3982,0.73283756590844
0,3983,0.681370268752158
0,3984,0.8530609335153284
0,3985,0.5809398948673905
0,3986,0.9869803685545425
0,3987,0.9683582461754403
0,3988,0.9412132580035536
0,3989,0.7947843946509963
0,3990,0.8423918007363891
0,3991,0.5332257944002778
0,3992,0.8945075693408153
0,3993,0.8758391072376518
0,3994,0.7464294288037571
0,3995,0.6375606285546581
0,3996,0.5828138787014598
0,3997,0.4942334147469066
0,3998,0.8529676567010046
0,3999,0.8124872972075123
1,0,0.29660382689992754
1,1,0.2890811476777462
1,2,0.20698423371649843
1,3,0.2022388303985624
1,4,0.6219570052961119
1,5,0.20795320726505512
1,6,0.36981402771639504
1,7,0.4388407745498711
1,8,0.2377942817052664
1,9,0.26469117648396323
1,10,0.31746601307571887
1,11,0.28701296849628827
1,12,0.313647779588388
1,13,0.299151858140975
1,14,0.5187048278030693
1,15,0.3145529703077288
1,16,0.3739014799488893
1,17,0.45722341469341454
1,18,0.3249224237851568
1,19,0.2966843617544056
1,20,0.4873064629847405
1,21,0.4600855292860375
1,22,0.29944863530721283
1,23,0.3240376861373668
1,24,0.3698715092992304
1,25,0.39063070683228057
1,26,0.5066924334988174
1,27,0.3504031551899123
1,28,0.3966304602998612
1,29,0.38541327930925434
1,30,0.33256491293036544
1,31,0.6270023374491752
1,32,0.07977129956527916
1,33,0.22838092358744952
1,34,0.3249609577272377
1,35,0.4512135863506613
1,36,0.4299115338027951
1,37,0.33662774141201385
1,38,0.2073487421542311
1,39,0.2335815994157232
1,40,0.12662149161006256
1,41,0.25814622530421794
1,42,0.780133528662788
1,43,0.42372565580496363
1,44,0.2608752267931137
1,45,0.18092215912189374
1,46,0.15234123436857425
1,47,0.279687819097832
1,48,0.7403366837188146
1,49,0.3384282200681053
1,50,0.5028847526039064
1,51,0.32065222903573903
1,52,0.2436389415355953
1,53,0.43381256325945483
1,54,0.3659963779995812
1,55,0.5186011862488387
1,56,0.3871807762417728
1,57,0.24911895201273312
1,58,0.4241462675889862
1,59,0.24310527404132007
1,60,0.2298949850959803
1,61,0.2361119639141558
1,62,0.3762201120757521
1,63,0.21669592671629975
1,64,0.21987356467638466
1,65,0.29033535344504424
1,66,0.2505745453614408
1,67,0.2664440146844553
1,68,0.37729849535255194
1,69,0.6052669841215035
1,70,0.5010351444319151
1,71,0.5658725336845565
1,72,0.3963096119520495
1,73,0.46136977092751397
1,74,0.5013421347813667
1,75,0.42100144031973535
1,76,0.16553861956965954
1,77,0.37349860100201154
1,78,0.39235354234985553
1,79,0.5600047818646834
1,80,0.23608365763575795
1,81,0.2584405546742135
1,82,0.316932392182127
1,83,0.32311593368241703
1,84,0.257319053992183
1,85,0.2100906467123569
1,86,0.40344286761429476
1,87,0.2858777413742405
1,88,0.24543218975652906
1,89,0.3268607238853657
1,90,0.4272064893047049
1,91,0.301946104608429
1,92,0.5184133402280571
1,93,0.24048958366958334
1,94,0.24229508863632354
1,95,0.3935753385640484
1,96,0.3047196583704266
1,97,0.28499593518424177
1,98,0.20229902110361592
1,99,0.1769780767718627
1,100,0.4636746698637164
1,101,0.40092279685565885
1,102,0.26115613628345796
1,103,0.3714748041543049
1,104,0.17390131710179937
1,105,0.18261977611044614
1,106,0.7292971742305866
1,107,0.33788416011887246
1,108,0.2897030888580141
1,109,0.38000522655205776
1,110,0.36270521990504445
1,111,0.38530790695676864
1,112,0.1563793949866026
1,113,0.1776547392596892
1,114,0.478428059810077
1,115,0.5017535131037661
1,116,0.32033927660559924
1,117,0.3963288400986217
1,118,0.4001707015391775
1,119,0.4511949286910116
1,120,0.24505382064882716
1,121,0.452696080988255
1,122,0.40892343971997874
1,123,0.4089463777980659
1,124,0.4600647322200531
1,125,0.5017206989078595
1,126,0.5145320444203585
1,127,0.4254779985044281
1,128,0.296083269581381
1,129,0.4738265181966652
1,130,0.42533102940587797
1,131,0.47287269334578275
1,132,0.38738453069171097
1,133,0.19639300625048692
1,134,0.16056903441167233
1,135,0.32351818930149207
1,136,0.2685380848934222
1,137,0.28162084832797535
1,138,0.3389769502345682
1,139,0.3535854093165952
1,140,0.3049899223752255
1,141,0.3732772126011494
1,142,0.4038819570543471
1,143,0.18957300082881806
1,144,0.08903457860728652
1,145,0.1654119062567638
1,146,0.34850362616827063
1,147,0.16371553839751163
1,148,0.2890390515521844
1,149,0.3016204603538297
1,150,0.18488469239996982
1,151,0.24770989333826451
1,152,0.57556908472109
1,153,0.4118816908339514
1,154,0.2948583426628577
1,155,0.18191125843775321
1,156,0.6426928705923183
1,157,0.4605139381059202
1,158,0.16277933706852232
1,159,0.5153117480353235
1,160,0.4019670178983487
1,161,0.22184866646126372
1,162,0.30682958272933414
1,163,0.34163606986058204
1,164,0.3476706624553323
1,165,0.2689591201760107
1,166,0.35272787272465334
1,167,0.3411788731108773
1,168,0.2693433607805891
1,169,0.6244053173100903
1,170,0.2221028119813565
1,171,0.31417450254524165
1,172,0.13282290815261255
1,173,0.4089299479901812
1,174,0.3128974175215726
1,175,0.40993191060311757
1,176,0.26646019474183097
1,177,0.5346230917733459
1,178,0.29351193705388395
1,179,0.3742530580440099
1,180,0.48202176095133237
1,181,0.3397432762930595
1,182,0.3188037003143347
1,183,0.4143511707404884
1,184,0.36404024180177585
1,185,0.4205394844349695
1,186,0.29089921778193467
1,187,0.29796663068369594
1,188,0.3159451023592008
1,189,0.26743342699988026
1,190,0.4414130358145706
1,191,0.2831760330192037
1,192,0.5513673381772998
1,193,0.4294180280593408
1,194,0.44088059082945047
1,195,0.3912222445651144
1,196,0.3286279843524705
1,197,0.3122873128760372
1,198,0.35016449144359924
1,199,0.5975190527088091
1,200,0.30975949220168714
1,201,0.5936833280295324
1,202,0.5759819591926006
1,203,0.3193464868453611
1,204,0.464936281871108
1,205,0.505209426571917
1,206,0.5251590773203887
1,207,0.3999215908496542
1,208,0.24457243885649607
1,209,0.24202809911830303
1,210,0.2825359247584178
1,211,0.6389847324504385
1,212,0.40447654314948817
1,213,0.36646668850172714
1,214,0.41567283445697967
1,215,0.28107038806993984
1,216,0.32317775712737107
1,217,0.2562775961513759
1,218,0.282463504365975
1,219,0.47716226069512857
1,220,0.4837095274581728
1,221,0.26621586846525763
1,222,0.5011442531029529
1,223,0.22228274263933323
1,224,0.23258381520154375
1,225,0.5465631913506288
1,226,0.443000232727831
1,227,0.17114718721151875
1,228,0.2578397881355904
1,229,0.5319946462198031
1,230,0.4771374690397329
1,231,0.4105661091771353
1,232,0.43307594824446566
1,233,0.25342606972430864
1,234,0.5518891314430414
1,235,0.49424272298419164
1,236,0.39896770633499057
1,237,0.5973230763930665
1,238,0.40498116197799044
1,239,0.2577376733417074
1,240,0.26906921682083884
1,241,0.34874756591412726
1,242,0.3171069718317276
1,243,0.2312629027043349
1,244,0.29581346228700384
1,245,0.23648623864677124
1,246,0.6002191286287861
1,247,0.3054598161572488
1,248,0.23160551164859178
1,249,0.2521973718696436
1,250,0.21093085097863046
1,251,0.4449421502861284
1,252,0.3801360214183929
1,253,0.4751180516024355
1,254,0.4197465600615656
1,255,0.18415513812426418
1,256,0.46673977876427514
1,257,0.38316519906608404
1,258,0.4366020566583288
1,259,0.32632027066351404
1,260,0.34672608761191215
1,261,0.2956285579327414
1,262,0.32921445694344625
1,263,0.31983813038188647
1,264,0.22722517781033866
1,265,0.318384736930096
1,266,0.611784055117636
1,267,0.39201816678750867
1,268,0.5264207112308614
1,269,0.4131638468987035
1,270,0.12643095676274013
1,271,0.3294074982988716
1,272,0.08677351806736565
1,273,0.4727959192115223
1,274,0.6052687766858469
1,275,0.23239125323571547
1,276,0.1327545583152469
1,277,0.6277651995993486
1,278,0.19692605806093946
1,279,0.20988063539850813
1,280,0.3114515136696418
1,281,0.1755431621210865
1,282,0.7018532206808387
1,283,0.48105428746938933
1,284,0.36549023131393493
1,285,0.3692407573407125
1,286,0.3645004649874793
1,287,0.48098287638801823
1,288,0.27752128014821387
1,289,0.2068090517584389
1,290,0.2979134230749494
1,291,0.29541525535136526
1,292,0.30264168380407225
1,293,0.20658104237657363
1,294,0.3046820586750222
1,295,0.3375571620898412
1,296,0.29467940582589053
1,297,0.19611871032710118
1,298,0.40985916470811123
1,299,0.28280572996578185
1,300,0.27891960628372764
1,301,0.30348622957545185
1,302,0.29339301875904683
1,303,0.4172799213985849
1,304,0.523640799967317
1,305,0.2668256238262245
1,306,0.22021477478254514
1,307,0.29808194284646516
1,308,0.33988471444861296
1,309,0.29225005058896375
1,310,0.47508460116485
1,311,0.4930322491645985
1,312,0.5652406039723193
1,313,0.3735443972690472
1,314,0.3942059618205756
1,315,0.28869399474072627
1,316,0.30721644161292916
1,317,0.392878835143805
1,318,0.31896650532994025
1,319,0.16387849222263023
1,320,0.477553700466793
1,321,0.6356233722220048
1,322,0.2552873376517337
1,323,0.5857076594159837
1,324,0.42745772698276707
1,325,0.6198811181648147
1,326,0.15173031299382675
1,327,0.18379139141394035
1,328,0.283493692940486
1,329,0.27760306894029474
1,330,0.3706563939467512
1,331,0.40196520336981356
1,332,0.450892541702863
1,333,0.435835503772971
1,334,0.19554272002711912
1,335,0.5432840115717202
1,336,0.5799759223662861
1,337,0.36833218883291036
1,338,0.36260936129127536
1,339,0.471584278005634
1,340,0.31544547376879944
1,341,0.28982308473581886
1,342,0.24266540267371753
1,343,0.4993886855715196
1,344,0.17613785962442546
1,345,0.8655117916549145
1,346,0.7254939625865685
1,347,0.5625887953790397
1,348,0.4597382343991911
1,349,0.5924794491594064
1,350,0.5570992012567817
1,351,0.447249247186244
1,352,0.39757963931037993
1,353,0.41992266152689145
1,354,0.4140027524279424
1,355,0.26615618660669926
1,356,0.20733439729246939
1,357,0.32532751675417265
1,358,0.10158769320183986
1,359,0.18691812380022224
1,360,0.5827871835071109
1,361,0.46661026290040414
1,362,0.6577178846976295
1,363,0.19261551145269845
1,364,0.49273703361959453
1,365,0.23857927079005734
1,366,0.6151320795062809
1,367,0.24588613725310166
1,368,0.18760951776789755
1,369,0.5172054787830752
1,370,0.35371027051042425
1,371,0.2847931564287805
1,372,0.3699877219537192
1,373,0.28148375619011373
1,374,0.3723957333862531
1,375,0.131959468373548
1,376,0.22249352805808817
1,377,0.32889512197689896
1,378,0.4580665841216441
1,379,0.1897799559960323
1,380,0.3706173712458884
1,381,0.4764613230593469
1,382,0.24347805361310249
1,383,0.4019466213159673
1,384,0.1897287168953904
1,385,0.6179666583633856
1,386,0.6748935129355632
1,387,0.2306252335422986
1,388,0.5645194461189121
1,389,0.4132262164337641
1,390,0.3121475879878751
1,391,0.1898471111925758
1,392,0.26984115733029485
1,393,0.2524150329105037
1,394,0.2744405280907958
1,395,0.4178461236143241
1,396,0.42339762442289125
1,397,0.3382585217550518
1,398,0.36832332924077216
1,399,0.2625392061605743
1,400,0.3259526999770898
1,401,0.366018290967614
1,402,0.3423657861965366
1,403,0.3591295088081551
1,404,0.3378738495950354
1,405,0.5222458227133485
1,406,0.5000424478549383
1,407,0.4340299808812204
1,408,0.33878167782804
1,409,0.2521788831268176
1,410,0.3080148899535329
1,411,0.32214870224048325
1,412,0.306485131586943
1,413,0.4040097047130224
1,414,0.2021282570291428
1,415,0.43591411457626233
1,416,0.41164983101800773
1,417,0.3747276372890833
1,418,0.7753850266903779
1,419,0.7058466645781519
1,420,0.5004813608736702
1,421,0.2921661040372523
1,422,0.28409864576582994
1,423,0.44952220510851754
1,424,0.48638292124985877
1,425,0.22234899385326828
1,426,0.2482988087913346
1,427,0.37890479926827947
1,428,0.35142048155203065
1,429,0.28045274448367885
1,430,0.41378399779556857
1,431,0.3645702849771248
1,432,0.32326633548326056
1,433,0.5636964972674187
1,434,0.2715049685348628
1,435,0.4938374723363694
1,436,0.4485136400986773
1,437,0.6269154334438918
1,438,0.537066009477752
1,439,0.2812275856488074
1,440,0.5344206285594005
1,441,0.250220737314292
1,442,0.18257132017877267
1,443,0.08859401289756164
1,444,0.5616438206183465
1,445,0.5917471487426028
1,446,0.1828815788739132
1,447,0.2171285172219504
1,448,0.38518648216001905
1,449,0.33605538461605444
1,450,0.3443832528095642
1,451,0.19897180007677773
1,452,0.33502641240821285
1,453,0.2996615961943649
1,454,0.32220525722650317
1,455,0.3718850747307144
1,456,0.23905283050904158
1,457,0.29173737450560727
1,458,0.23914562899123842
1,459,0.19211102667257365
1,460,0.269549857099332
1,461,0.30127020578628766
1,462,0.3374842499474276
1,463,0.3533886246671167
1,464,0.35792821590057095
1,465,0.3404527973241183
1,466,0.5691278640304336
1,467,0.50889574188973
1,468,0.16967818036115728
1,469,0.18898261856847942
1,470,0.4231373492556522
1,471,0.3176696177474051
1,472,0.437612955533189
1,473,0.38793006632120414
1,474,0.3421498798497279
1,475,0.1888761502574276
1,476,0.27572174054231113
1,477,0.211480924331879
1,478,0.30180988239218165
1,479,0.241075354613971
1,480,0.21961862508538496
1,481,0.5676721801849235
1,482,0.38723064800080537
1,483,0.477955702772581
1,484,0.26236375898636144
1,485,0.530959680556754
1,486,0.5105044722364002
1,487,0.45439249643706264
1,488,0.3233945709635564
1,489,0.4067499788903887
1,490,0.32936436388249474
1,491,0.38570332191981777
1,492,0.551816582412687
1,493,0.5725438751966119
1,494,0.41674503448521105
1,495,0.5003309407608043
1,496,0.1548211378793514
1,497,0.37772221062810735
1,498,0.5037376550998249
1,499,0.3051927764392578
1,500,0.6544961396049069
1,501,0.2359519151910437
1,502,0.22974176151153874
1,503,0.5139868064769039
1,504,0.4510792278467076
1,505,0.43867071998924667
1,506,0.12473592187962275
1,507,0.12452060231430133
1,508,0.12142773588232283
1,509,0.12790755468941978
1,510,0.3943715550025866
1,511,0.305097864251926
1,512,0.33227676368428755
1,513,0.4241531385881017
1,514,0.4170447325513877
1,515,0.3810305387484746
1,516,0.2895111260967403
1,517,0.3080873268186802
1,518,0.26467023684155416
1,519,0.2804689320149089
1,520,0.4979419125698186
1,521,0.2187616484496383
1,522,0.45218841450398395
1,523,0.2911647547940061
1,524,0.4101457929509531
1,525,0.3843798632004664
1,526,0.4486080137706531
1,527,0.2565770633433653
1,528,0.25665672281618285
1,529,0.5013664853706128
1,530,0.36045957786719907
1,531,0.49129141135973087
1,532,0.5584187974765145
1,533,0.41333642230980683
1,534,0.27030297617511334
1,535,0.3368553137081316
1,536,0.38314364479963225
1,537,0.29504032467251634
1,538,0.5662617027047657
1,539,0.3946314525602269
1,540,0.48179198479344687
1,541,0.23583973923552415
1,542,0.27426658833851414
1,543,0.4451930954981295
1,544,0.504255044813101
1,545,0.5332706505140655
1,546,0.27506818309609105
1,547,0.32359734341097657
1,548,0.5747234730489923
1,549,0.3252351134242643
1,550,0.5105444631009738
1,551,0.2733996651072825
1,552,0.1147812866437888
1,553,0.42529117696788116
1,554,0.26836225097255273
1,555,0.1866620260158017
1,556,0.41114084626720726
1,557,0.45980258214309244
1,558,0.47042049487373877
1,559,0.4661712517506754
1,560,0.34310531157321394
1,561,0.5770162035450327
1,562,0.3328828981776512
1,563,0.3849296748407179
1,564,0.23848340100036503
1,565,0.3023607555789145
1,566,0.4072984772627616
1,567,0.3198351229609598
1,568,0.1726115175200502
1,569,0.49242403991713657
1,570,0.3957095472487948
1,571,0.37436761757684145
1,572,0.3544505631365668
1,573,0.6938319138994716
1,574,0.5468798278434316
1,575,0.7518568189535563
1,576,0.3681764671255634
1,577,0.35100562198633284
1,578,0.3453350422763739
1,579,0.5106437491639519
1,580,0.5174363898406851
1,581,0.6636906202962854
1,582,0.1772754298511607
1,583,0.25535623231846255
1,584,0.39169052925886855
1,585,0.4341159467556287
1,586,0.29736788406741743
1,587,0.283872608021696
1,588,0.2524681723296184
1,589,0.21237440921099254
1,590,0.437413721011767
1,591,0.39570379558280633
1,592,0.3203019405456956
1,593,0.24507235497288388
1,594,0.358877726327409
1,595,0.5026534258796862
1,596,0.5164595696156179
1,597,0.30418609745916964
1,598,0.4644186714759912
1,599,0.34121170067379225
1,600,0.3042347165510356
1,601,0.36137187568689483
1,602,0.4292417929544251
1,603,0.445195995872295
1,604,0.25113243191010454
1,605,0.3442276352537528
1,606,0.46072210024524884
1,607,0.33952693988872984
1,608,0.28118168802857707
1,609,0.2567676698239972
1,610,0.33482094614714614
1,611,0.23749827118109307
1,612,0.5531730918193325
1,613,0.30782486554913685
1,614,0.31470425668165736
1,615,0.23608053563084674
1,616,0.4594717003790342
1,617,0.16056064751357554
1,618,0.31781513561938035
1,619,0.4491145339827604
1,620,0.3540850029007612
1,621,0.23109533822370473
1,622,0.26579735409981037
1,623,0.6896119916877361
1,624,0.6298957541378589
1,625,0.23620559440540223
1,626,0.37653615206720786
1,627,0.5096377072573777
1,628,0.4414684479718116
1,629,0.4207417078767878
1,630,0.29296337957974394
1,631,0.2886901024318447
1,632,0.3851938645389136
1,633,0.23548287831534237
1,634,0.48098769405675973
1,635,0.4296138068756461
1,636,0.48160871626691465
1,637,0.5360501205013732
1,638,0.17520227018637263
1,639,0.550828469303044
1,640,0.24187547304463702
1,641,0.35308804088502077
1,642,0.45939503840457563
1,643,0.43792242870045717
1,644,0.39531567107063736
1,645,0.24511694584240906
1,646,0.5174832773631303
1,647,0.4557777452408562
1,648,0.4031652487436954
1,649,0.4300073296315588
1,650,0.2292157126922797
1,651,0.35150025370961546
1,652,0.3876489951682484
1,653,0.2061095494263128
1,654,0.3079452115823586
1,655,0.48160865030862743
1,656,0.46166995996039134
1,657,0.521074066307317
1,658,0.27772517917227624
1,659,0.2778320142194163
1,660,0.34935502972062643
1,661,0.43120137486881127
1,662,0.46396575393420886
1,663,0.23899653803359422
1,664,0.308864528833346
1,665,0.24388772098398426
1,666,0.205441992421714
1,667,0.3244463197899255
1,668,0.3371989309924225
1,669,0.2969339741345032
1,670,0.3503768331175412
1,671,0.404707316586799
1,672,0.46203844936297667
1,673,0.33689026204686956
1,674,0.12413086500944262
1,675,0.3101559874511032
1,676,0.670036367049678
1,677,0.1366570173211127
1,678,0.24514142877091977
1,679,0.47886398967983296
1,680,0.4802583601298259
1,681,0.4709367586402248
1,682,0.27473025549446095
1,683,0.4275735956044132
1,684,0.09192425859173302
1,685,0.3027771491730105
1,686,0.36654639609348183
1,687,0.4368062461018627
1,688,0.5193423229390117
1,689,0.6066967725992148
1,690,0.5837878026605623
1,691,0.5624163879499369
1,692,0.5432120091536632
1,693,0.36194633305758045
1,694,0.6371472970663018
1,695,0.34756406286902763
1,696,0.18960858580753098
1,697,0.3019302894017302
1,698,0.2584689112014229
1,699,0.2912132877327479
1,700,0.3740523207112157
1,701,0.29593067249565075
1,702,0.4332860141197011
1,703,0.5341313276468296
1,704,0.4953644645085711
1,705,0.400660535565526
1,706,0.29407225384358415
1,707,0.33731438239647704
1,708,0.24669922993704055
1,709,0.17429289436840373
1,710,0.27016409932001934
1,711,0.2520468903370128
1,712,0.28304555611267557
1,713,0.38097092150891054
1,714,0.37143188989419446
1,715,0.3599545667279131
1,716,0.3440415626539495
1,717,0.43657266184605226
1,718,0.38037219421415286
1,719,0.3752955353652353
1,720,0.4315111487479626
1,721,0.21799152910388464
1,722,0.23500033714743596
1,723,0.34486151085464095
1,724,0.3684135789318857
1,725,0.6097540621999678
1,726,0.256055228746111
1,727,0.3879527776670234
1,728,0.46925740375221064
1,729,0.5834706408417462
1,730,0.6261978638953943
1,731,0.7444157103113763
1,732,0.6124828209291849
1,733,0.5380469152998117
1,734,0.237175257206987
1,735,0.20938489785136996
1,736,0.40787612531357986
1,737,0.2976724148424247
1,738,0.34072885251277035
1,739,0.2638817776983584
1,740,0.411450144867811
1,741,0.2871373233473486
1,742,0.29720320099235775
1,743,0.3535558318987776
1,744,0.28199688201587814
1,745,0.24717225651703784
1,746,0.4204518864907554
1,747,0.20642079798433882
1,748,0.428697082875889
1,749,0.5305542454040997
1,750,0.3350492744185338
1,751,0.40438881980549746
1,752,0.4583931020308254
1,753,0.3503174513179923
1,754,0.335288377476063
1,755,0.43313217642730784
1,756,0.3080750779587981
1,757,0.4271389528480049
1,758,0.20627718908874393
1,759,0.28636443123210603
1,760,0.3471987015943165
1,761,0.3465855069137233
1,762,0.2054076278093404
1,763,0.4002472512435806
1,764,0.20565700466166614
1,765,0.29183860103956194
1,766,0.2938761277698863
1,767,0.46261130788858923
1,768,0.40443815916983095
1,769,0.3068514022524509
1,770,0.31122739630949214
1,771,0.30307701193219594
1,772,0.3121428985646439
1,773,0.6106030587241001
1,774,0.4300518435935169
1,775,0.42957549519978877
1,776,0.4729916207018968
1,777,0.6316164109564625
1,778,0.15076380974790118
1,779,0.38537774293341254
1,780,0.3760302554753945
1,781,0.3521056753597271
1,782,0.48758947724180546
1,783,0.38295546910219064
1,784,0.13259217902320852
1,785,0.2898059162601338
1,786,0.1536211732933085
1,787,0.2669100745509441
1,788,0.1783378794179478
1,789,0.22231665492315603
1,790,0.21103409810863347
1,791,0.4904983933188398
1,792,0.3488345042055043
1,793,0.21233920796709424
1,794,0.4295658184772023
1,795,0.2952146720515295
1,796,0.2071709432040618
1,797,0.34206046699847115
1,798,0.4506538483988268
1,799,0.6357244055335256
1,800,0.34162349177965
1,801,0.4505199391026413
1,802,0.3177787738253041
1,803,0.45999784130984167
1,804,0.37848077957948595
1,805,0.2936997091857862
1,806,0.5373605342417851
1,807,0.38063238094104856
1,808,0.46486314764373504
1,809,0.34793103646878043
1,810,0.36418973151405915
1,811,0.4610511882362088
1,812,0.19166431308433435
1,813,0.39555195653678327
1,814,0.3074192094334191
1,815,0.30101493174530375
1,816,0.28754576454239994
1,817,0.2634095348101203
1,818,0.31075873591506076
1,819,0.25631092302405784
1,820,0.19834055480745033
1,821,0.2509376029974103
1,822,0.22373947648097103
1,823,0.2568992258762891
1,824,0.3888895972108207
1,825,0.2930774785530345
1,826,0.4081020794665818
1,827,0.235066801486259
1,828,0.3202248979876156
1,829,0.3123152167474065
1,830,0.5429879379434038
1,831,0.3107496656851669
1,832,0.3462755753304882
1,833,0.37197242318746865
1,834,0.29835237597092795
1,835,0.32831551004038
1,836,0.5120204227672087
1,837,0.3415783133738775
1,838,0.31306773976347524
1,839,0.4314635735573797
1,840,0.594919765678586
1,841,0.5788429284850346
1,842,0.46729320588592305
1,843,0.3941847121309566
1,844,0.6870404287926642
1,845,0.4817867900178984
1,846,0.3749820721656609
1,847,0.32005656654469
1,848,0.22768831859085276
1,849,0.3655422338435716
1,850,0.30364735422704
1,851,0.5339318359694236
1,852,0.3637168674959532
1,853,0.3886369911061504
1,854,0.3380158948809735
1,855,0.24659144286858137
1,856,0.1854581623409313
1,857,0.18698829421547664
1,858,0.4377916862125815
1,859,0.4809801287809605
1,860,0.1438646981176383
1,861,0.4929433908497562
1,862,0.441863111841498
1,863,0.2776750153667954
1,864,0.31190657495379265
1,865,0.4110685510994666
1,866,0.5392955873697651
1,867,0.42111794718872647
1,868,0.5236070170991456
1,869,0.5247976238898763
1,870,0.28044435680828644
1,871,0.34417147311853585
1,872,0.23663846075919848
1,873,0.28582569209898306
1,874,0.48607982999029353
1,875,0.466290261853258
1,876,0.44363767694696665
1,877,0.8493955177246882
1,878,0.7241114515638981
1,879,0.09143851166082245
1,880,0.15610291176569147
1,881,0.2675606951648441
1,882,0.2830062658837925
1,883,0.3102997422750858
1,884,0.6810291279080745
1,885,0.41657173235384537
1,886,0.18498468464810708
1,887,0.11326431369802437
1,888,0.4159190794361119
1,889,0.4279462967229266
1,890,0.4138133106514929
1,891,0.5756168857047854
1,892,0.44009996906110976
1,893,0.7259813884475868
1,894,0.5974779857249843
1,895,0.28900054960789495
1,896,0.6445128099308888
1,897,0.46456100803303896
1,898,0.576505616303839
1,899,0.13589079002655002
1,900,0.289889998072041
1,901,0.35487911352414275
1,902,0.4096334416095552
1,903,0.3865071848859349
1,904,0.408658462605935
1,905,0.37736728399373504
1,906,0.4428909452898616
1,907,0.5104048013239063
1,908,0.20949716507935967
1,909,0.4615309398489862
1,910,0.2486180703194096
1,911,0.3639655067175207
1,912,0.3598766237318309
1,913,0.14737451343639568
1,914,0.4086953023716258
1,915,0.26006295278394337
1,916,0.1789615460240994
1,917,0.22665208637768086
1,918,0.48104748308771983
1,919,0.4441031882333793
1,920,0.432870194617686
1,921,0.3547119642915298
1,922,0.3128484173363264
1,923,0.30328706381333753
1,924,0.30283053296697
1,925,0.2876540586885986
1,926,0.4840660136699903
1,927,0.32433146466008694
1,928,0.2947773228254481
1,929,0.26272984136471617
1,930,0.40393865871242346
1,931,0.5569163714233468
1,932,0.8125491100005077
1,933,0.8006180263305773
1,934,0.5542504587433434
1,935,0.5823120809655153
1,936,0.42208416230467044
1,937,0.5163215883525231
1,938,0.39120104867684735
1,939,0.4609186188879172
1,940,0.3783254323472527
1,941,0.4567065797708278
1,942,0.6544587126159299
1,943,0.07976568719828203
1,944,0.5446171571208306
1,945,0.3890086236415303
1,946,0.3626265425823913
1,947,0.46123537674777454
1,948,0.28967971416575333
1,949,0.21518239549174137
1,950,0.4017597192728128
1,951,0.49232534368335723
1,952,0.4600941637510611
1,953,0.3943569129981485
1,954,0.3793498840155459
1,955,0.3959490465362727
1,956,0.41255469325116256
1,957,0.6600330153520823
1,958,0.7116080732519545
1,959,0.3067577338210388
1,960,0.4105578642301117
1,961,0.31948026283372344
1,962,0.37829018123396463
1,963,0.17776292710983194
1,964,0.40488948185679463
1,965,0.23545463493854596
1,966,0.44693083871642186
1,967,0.36424677898656316
1,968,0.4340441027884384
1,969,0.21522144390563724
1,970,0.21634298186956208
1,971,0.3861214517083437
1,972,0.35209404531511623
1,973,0.380912914675282
1,974,0.3505622711079628
1,975,0.28293016450470526
1,976,0.3446379497294669
1,977,0.42659298510551735
1,978,0.23629608101546024
1,979,0.2460318108501956
1,980,0.3596554422190742
1,981,0.3116415373038402
1,982,0.32953343804392465
1,983,0.40973409236117087
1,984,0.3655697787421771
1,985,0.71364593666485
1,986,0.20884965616653306
1,987,0.7696186612541233
1,988,0.2196798885755554
1,989,0.4237896859992678
1,990,0.46266966669919135
1,991,0.683080643931386
1,992,0.2782449137421066
1,993,0.3015582544256398
1,994,0.378981590686145
1,995,0.29216885249843955
1,996,0.47554918594677026
1,997,0.6395162071920502
1,998,0.454190103491289
1,999,0.18662374268900414
1,1000,0.5125225440217654
1,1001,0.33322879283087603
1,1002,0.5240330188845775
1,1003,0.5150151130359427
1,1004,0.42088442306983254
1,1005,0.5340262748949419
1,1006,0.199508434113739
1,1007,0.3812807657374685
1,1008,0.354191870991108
1,1009,0.599877016574083
1,1010,0.26969324697586466
1,1011,0.5997537953903385
1,1012,0.2844122042615063
1,1013,0.4279125698367731
1,1014,0.2973102369340701
1,1015,0.2973102369340701
1,1016,0.6107257087411296
1,1017,0.5756417456852675
1,1018,0.2071813172551107
1,1019,0.15319882665976556
1,1020,0.3309449876317312
1,1021,0.277265175088165
1,1022,0.25593142243660066
1,1023,0.320648398763243
1,1024,0.184033004648445
1,1025,0.6347320010292726
1,1026,0.4730444835521259
1,1027,0.38259716489036266
1,1028,0.26715476985328085
1,1029,0.2861181930082758
1,1030,0.29991139802923655
1,1031,0.295693246311673
1,1032,0.318342261220075
1,1033,0.4823765695719588
1,1034,0.3931916552289966
1,1035,0.4175908956388307
1,1036,0.2353664366288871
1,1037,0.33878527428421623
1,1038,0.2855938440367062
1,1039,0.12014195140530812
1,1040,0.19541348375960907
1,1041,0.41948995931620214
1,1042,0.47149706508635086
1,1043,0.6878282652489858
1,1044,0.18294882916218155
1,1045,0.2942996694691756
1,1046,0.36456916600974376
1,1047,0.6034775604611047
1,1048,0.3445708470132321
1,1049,0.30187700134923545
1,1050,0.18105644008785451
1,1051,0.3132702537851783
1,1052,0.25521167614574736
1,1053,0.4672049376067382
1,1054,0.278174460365773
1,1055,0.4034077658929268
1,1056,0.43051442518218225
1,1057,0.3108917283174751
1,1058,0.24741349534868823
1,1059,0.18317984519237973
1,1060,0.23003737410363706
1,1061,0.38254358338412453
1,1062,0.26207860236271174
1,1063,0.3842869628661225
1,1064,0.3237746434546984
1,1065,0.4106245128641088
1,1066,0.3778284390841079
1,1067,0.37109346232391655
1,1068,0.3599929385915911
1,1069,0.38796166238523166
1,1070,0.3988956095004197
1,1071,0.39725166371067056
1,1072,0.19322870923440172
1,1073,0.30507013624814355
1,1074,0.4235854985492798
1,1075,0.40828324285958406
1,1076,0.47954196823166356
1,1077,0.32461701387054004
1,1078,0.1518300635228582
1,1079,0.509194184925712
1,1080,0.23459213078510563
1,1081,0.775805664150204
1,1082,0.6363725030264309
1,1083,0.46094947303703293
1,1084,0.25573624769561265
1,1085,0.33541203823764565
1,1086,0.265560741005782
1,1087,0.24538876619566713
1,1088,0.2594343454807013
1,1089,0.49125040773273376
1,1090,0.5439536698650347
1,1091,0.1453119115492619
1,1092,0.46841329061578335
1,1093,0.37741587592839243
1,1094,0.29007733282121284
1,1095,0.21186163101086883
1,1096,0.28217337338548437
1,1097,0.23705843093328385
1,1098,0.5379159404789249
1,1099,0.1909504443300954
1,1100,0.43593808088182834
1,1101,0.40050224046601984
1,1102,0.5846326279892314
1,1103,0.4083076352442405
1,1104,0.3791355911809831
1,1105,0.46296957300479724
1,1106,0.14568543339026596
1,1107,0.2263876207882948
1,1108,0.507216470407001
1,1109,0.40063664063857024
1,1110,0.3062647428237008
1,1111,0.49508726435301914
1,1112,0.45968406523396704
1,1113,0.42924134561510224
1,1114,0.6955500602446053
1,1115,0.4074563086000778
1,1116,0.3218229462994142
1,1117,0.32241588969299684
1,1118,0.5760133098567326
1,1119,0.2637584491502828
1,1120,0.4517776957165911
1,1121,0.6847408586261071
1,1122,0.44491046944329204
1,1123,0.3016331153799531
1,1124,0.38442910595227364
1,1125,0.31657108662897204
1,1126,0.22857981859636092
1,1127,0.4470665294010462
1,1128,0.43118130065641125
1,1129,0.3158437370230948
1,1130,0.38221939176245806
1,1131,0.48913419905859495
1,1132,0.25631452738211175
1,1133,0.28106376684643547
1,1134,0.1817486165764147
1,1135,0.6187633238482677
1,1136,0.26060075215344713
1,1137,0.30750802568528157
1,1138,0.3249931768177231
1,1139,0.2413733735412458
1,1140,0.3727632463320992
1,1141,0.43097913855611836
1,1142,0.6948518446106394
1,1143,0.410341806010287
1,1144,0.28271617549392597
1,1145,0.20358186046869803
1,1146,0.23519664794791567
1,1147,0.5800273442303924
1,1148,0.14457328875331604
1,1149,0.43559094725226505
1,1150,0.7723260054970487
1,1151,0.7036716194171839
1,1152,0.4748493639544863
1,1153,0.31871631034029907
1,1154,0.20684146918791527
1,1155,0.2696913838591327
1,1156,0.3348797151000677
1,1157,0.2588467907356318
1,1158,0.46243314976185496
1,1159,0.2689609745223657
1,1160,0.19614143767717077
1,1161,0.640160386640094
1,1162,0.2900669801767891
1,1163,0.425128951087467
1,1164,0.282356005461672
1,1165,0.3803904485171229
1,1166,0.4254149861092135
1,1167,0.22841779006102875
1,1168,0.3059980564778368
1,1169,0.5387178745795352
1,1170,0.2827340561353445
1,1171,0.3666384834589753
1,1172,0.3704597821482471
1,1173,0.21348158897291572
1,1174,0.37693931724674457
1,1175,0.17828159635386825
1,1176,0.15633918947710781
1,1177,0.361210118104606
1,1178,0.21830365410986993
1,1179,0.2991164255422636
1,1180,0.5642149034520741
1,1181,0.1288987824481972
1,1182,0.2891662339938153
1,1183,0.3070227309949289
1,1184,0.228175035479417
1,1185,0.2619484968356134
1,1186,0.22149538783581393
1,1187,0.44976079318898243
1,1188,0.4368674009935781
1,1189,0.3594313268895845
1,1190,0.36799055227485045
1,1191,0.25554340782928003
1,1192,0.3131963771568449
1,1193,0.48232732948365387
1,1194,0.5605670438222965
1,1195,0.39414394047936674
1,1196,0.37285537843084576
1,1197,0.22109807597837963
1,1198,0.4377219559801767
1,1199,0.2582389498814628
1,1200,0.35509901446620623
1,1201,0.188109139257001
1,1202,0.31530357323370284
1,1203,0.7609739763490142
1,1204,0.2955931099361111
1,1205,0.3063516236889075
1,1206,0.3063516236889075
1,1207,0.41720154937619686
1,1208,0.3038265940530372
1,1209,0.4787345534719981
1,1210,0.23302795871894758
1,1211,0.21987744820790806
1,1212,0.15468989175588638
1,1213,0.2056187187159504
1,1214,0.43700677353243683
1,1215,0.4200513870095229
1,1216,0.3915242602852842
1,1217,0.4050817567527549
1,1218,0.24491934393067377
1,1219,0.3995029981480971
1,1220,0.42256517426192264
1,1221,0.40428697156825383
1,1222,0.3524532503605336
1,1223,0.25372624309235453
1,1224,0.5249591453993315
1,1225,0.3889910006461333
1,1226,0.6225800703428017
1,1227,0.15523770419163718
1,1228,0.1924092034463732
1,1229,0.3146755869158638
1,1230,0.3769262254118688
1,1231,0.4296120217645887
1,1232,0.25331464452553376
1,1233,0.4732281406353018
1,1234,0.258367809200739
1,1235,0.7912546799453057
1,1236,0.47105692902145574
1,1237,0.3419486728040589
1,1238,0.23266146480880934
1,1239,0.46105452966585947
1,1240,0.3657765150641914
1,1241,0.4483187018902358
1,1242,0.38403698517310597
1,1243,0.38695040327309876
1,1244,0.25490992024116405
1,1245,0.3314177628157818
1,1246,0.4042586670780178
1,1247,0.28347996177930246
1,1248,0.27361405092878077
1,1249,0.23840426272362825
1,1250,0.4130722068920844
1,1251,0.6848834181431586
1,1252,0.3640894873064394
1,1253,0.4311761159016381
1,1254,0.439181724909657
1,1255,0.43908255040569283
1,1256,0.17384872418184472
1,1257,0.33569510976252764
1,1258,0.6103189406741026
1,1259,0.545983091418956
1,1260,0.26519831011632367
1,1261,0.3205950871430602
1,1262,0.20966067341369582
1,1263,0.31906841834099603
1,1264,0.19485299338088588
1,1265,0.2506491533422098
1,1266,0.21684007832016733
1,1267,0.2615245542957957
1,1268,0.43654950195176456
1,1269,0.2785967478871304
1,1270,0.5078406573553133
1,1271,0.30589666849608194
1,1272,0.3689829745266978
1,1273,0.3664011481151898
1,1274,0.33210346254334433
1,1275,0.18980206900671812
1,1276,0.4563615916516259
1,1277,0.3660017364884105
1,1278,0.37289185043971995
1,1279,0.2665342694516814
1,1280,0.501781095652642
1,1281,0.3506011087236327
1,1282,0.45744865711265037
1,1283,0.33358295471859806
1,1284,0.4507899484360307
1,1285,0.339779157864436
1,1286,0.3227851643205299
1,1287,0.2755101584082521
1,1288,0.4312076518505207
1,1289,0.18129022612137946
1,1290,0.09303529604094372
1,1291,0.09696367203063132
1,1292,0.445621946266951
1,1293,0.3282170969398497
1,1294,0.4112322523538221
1,1295,0.6672489621512322
1,1296,0.33456371961282655
1,1297,0.41802431967603043
1,1298,0.4913295651791295
1,1299,0.1775724840041053
1,1300,0.19564385087629482
1,1301,0.3258094897196392
1,1302,0.3123511799030769
1,1303,0.282140749786457
1,1304,0.41894808977572756
1,1305,0.4757305110657111
1,1306,0.08405028588039841
1,1307,0.11868837831964807
1,1308,0.1696804107539525
1,1309,0.373677570429318
1,1310,0.4466236744759319
1,1311,0.32119803461742547
1,1312,0.36003834574221655
1,1313,0.28724325519252747
1,1314,0.34677385261247495
1,1315,0.30655628690697434
1,1316,0.6086479017793972
1,1317,0.167416928074122
1,1318,0.2120117294734904
1,1319,0.27715294101916815
1,1320,0.1445409047199443
1,1321,0.4599940085296154
1,1322,0.33987554049573676
1,1323,0.3529731207847877
1,1324,0.26151554239335806
1,1325,0.18378233979064415
1,1326,0.11341490767739787
1,1327,0.23735498047966203
1,1328,0.4835503678044192
1,1329,0.20110694200892107
1,1330,0.39190565527789745
1,1331,0.23297327732755746
1,1332,0.2082039323052435
1,1333,0.22705772918205241
1,1334,0.41718473422839764
1,1335,0.35926393378215965
1,1336,0.461545282145543
1,1337,0.40994578894318423
1,1338,0.43512440045753215
1,1339,0.4191323002492357
1,1340,0.4936708683082666
1,1341,0.43582602953960015
1,1342,0.3084159256524175
1,1343,0.3214680006770915
1,1344,0.5212265096501915
1,1345,0.5212265096501915
1,1346,0.5586461511889242
1,1347,0.46092532253862367
1,1348,0.26106970813740915
1,1349,0.34892485220085395
1,1350,0.3864619557391885
1,1351,0.361486946335534
1,1352,0.4951659282546518
1,1353,0.34347916574484055
1,1354,0.2467535003033865
1,1355,0.18116449449092514
1,1356,0.26520414914494356
1,1357,0.337987762198284
1,1358,0.2862351706346969
1,1359,0.4522765072916876
1,1360,0.33099528088053276
1,1361,0.3941112056513206
1,1362,0.5098684352240869
1,1363,0.4351478347756772
1,1364,0.4742321079498366
1,1365,0.27960811905502286
1,1366,0.19415648995235454
1,1367,0.21281961975963998
1,1368,0.21804202096210823
1,1369,0.3954925229316171
1,1370,0.409153082606561
1,1371,0.5007078562062723
1,1372,0.5869226093243054
1,1373,0.3685576351075717
1,1374,0.24516974464908267
1,1375,0.5319886258528845
1,1376,0.4485974537938153
1,1377,0.3850980120557511
1,1378,0.3058690510159687
1,1379,0.1712274741902494
1,1380,0.31360942206508635
1,1381,0.4609470637745463
1,1382,0.491031259119619
1,1383,0.42002967952046183
1,1384,0.38549922677786336
1,1385,0.26907838281647634
1,1386,0.23600945467145798
1,1387,0.19063279454443893
1,1388,0.37790099861982385
1,1389,0.34878286885737186
1,1390,0.42174467745312394
1,1391,0.2768647324399416
1,1392,0.39881444852360254
1,1393,0.3193569026376143
1,1394,0.32256733749685507
1,1395,0.34231294085028996
1,1396,0.36086029557865923
1,1397,0.3849735273720344
1,1398,0.20123631895515812
1,1399,0.20001408505709364
1,1400,0.42873078456237895
1,1401,0.42520994459306277
1,1402,0.17064894926801769
1,1403,0.6181875331686254
1,1404,0.6909888145497538
1,1405,0.7330384018283259
1,1406,0.23088794808872062
1,1407,0.3287929422584735
1,1408,0.3628034183882079
1,1409,0.27237097711745595
1,1410,0.3182474212401721
1,1411,0.3520425690652428
1,1412,0.5189259167205607
1,1413,0.2343616233656498
1,1414,0.4873642226124114
1,1415,0.41516552764352327
1,1416,0.543066023443701
1,1417,0.6312969558353116
1,1418,0.18344009216176094
1,1419,0.3492025548573881
1,1420,0.5765550449893068
1,1421,0.43437333703164793
1,1422,0.21533742269632813
1,1423,0.27697675477128275
1,1424,0.25359717205833504
1,1425,0.26802466207920644
1,1426,0.35887207934696363
1,1427,0.7076895578784387
1,1428,0.7204022033408318
1,1429,0.33637482379815953
1,1430,0.37477421620259305
1,1431,0.43672315448168225
1,1432,0.39267294714743306
1,1433,0.27038300386863756
1,1434,0.4366942259346678
1,1435,0.3814967405897892
1,1436,0.24185080566659312
1,1437,0.593992345230634
1,1438,0.6370562178936391
1,1439,0.5059062097017016
1,1440,0.4065205147500066
1,1441,0.4187693783281614
1,1442,0.3591526094808695
1,1443,0.25421124487702357
1,1444,0.48273136515148557
1,1445,0.37979733848362307
1,1446,0.45806429073158716
1,1447,0.2698656763927151
1,1448,0.23885323976573267
1,1449,0.5046226373846817
1,1450,0.6221386539647399
1,1451,0.43455921963095406
1,1452,0.5262869084609711
1,1453,0.5994625598154666
1,1454,0.35636161603869876
1,1455,0.32454116139876904
1,1456,0.42904890195631723
1,1457,0.22182389953457876
1,1458,0.4786653473621032
1,1459,0.3283378329381958
1,1460,0.3955915214843527
1,1461,0.2524145935075672
1,1462,0.36364157055791874
1,1463,0.2500017067017411
1,1464,0.14553499916752918
1,1465,0.41637153314584047
1,1466,0.4327846389920211
1,1467,0.2756496623688088
1,1468,0.20710015487746497
1,1469,0.3315864500835789
1,1470,0.4248254383646378
1,1471,0.20674443743294435
1,1472,0.3534410805533485
1,1473,0.15284362310648433
1,1474,0.24381810406914534
1,1475,0.35904234621167946
1,1476,0.26880890663961793
1,1477,0.7488469820881369
1,1478,0.5238210529900388
1,1479,0.35140200908856584
1,1480,0.23793259282631862
1,1481,0.07964193683608878
1,1482,0.6826255943446452
1,1483,0.30350045046098195
1,1484,0.4866069504652573
1,1485,0.3542788940700566
1,1486,0.23262257008904344
1,1487,0.32581287622873667
1,1488,0.19584354331180967
1,1489,0.5241618739055047
1,1490,0.4696343182433706
1,1491,0.707042703524221
1,1492,0.22374296516064074
1,1493,0.42655708503540996
1,1494,0.47770343884286204
1,1495,0.741886144164984
1,1496,0.20971594119508752
1,1497,0.5125797729271347
1,1498,0.2060759578475557
1,1499,0.28673445656311775
1,1500,0.318727888891101
1,1501,0.3226968596776326
1,1502,0.42088249452047005
1,1503,0.37630773308532606
1,1504,0.3706350670169793
1,1505,0.35366081440863717
1,1506,0.5380495116412523
1,1507,0.1673911270369628
1,1508,0.26973358601822633
1,1509,0.33638321718164765
1,1510,0.3876581980308634
1,1511,0.38342271828974495
1,1512,0.3178884264646148
1,1513,0.38182114016267493
1,1514,0.1841791353676621
1,1515,0.5118984274324271
1,1516,0.4004667602504141
1,1517,0.4651506587330581
1,1518,0.702159251611074
1,1519,0.14778270151963832
1,1520,0.1934856020759008
1,1521,0.2364831746457263
1,1522,0.3720268398093552
1,1523,0.27293545479943015
1,1524,0.6648895027908611
1,1525,0.3756556322464027
1,1526,0.3847491682604121
1,1527,0.49411771966673806
1,1528,0.5791624900865603
1,1529,0.3258093214732079
1,1530,0.645965382740072
1,1531,0.3773936926960664
1,1532,0.6031538182365374
1,1533,0.32327203113030945
1,1534,0.30418044129654914
1,1535,0.29092406198340376
1,1536,0.46154658825298744
1,1537,0.1932441635668281
1,1538,0.36575224407940576
1,1539,0.44355734359730314
1,1540,0.34263739243740515
1,1541,0.2570970879515425
1,1542,0.49438131195076285
1,1543,0.25942465926026725
1,1544,0.16901209366580838
1,1545,0.06986511048561886
1,1546,0.26497748573058744
1,1547,0.23365373336084383
1,1548,0.5231350433789207
1,1549,0.48754034917243777
1,1550,0.4888589204434266
1,1551,0.28830058705684275
1,1552,0.558005513108856
1,1553,0.46921357779221523
1,1554,0.4107051060887774
1,1555,0.3883018656170598
1,1556,0.5035277883153213
1,1557,0.636700619065831
1,1558,0.2823689774594401
1,1559,0.25197006479541445
1,1560,0.5000679277764082
1,1561,0.4823695592055273
1,1562,0.5276847918709183
1,1563,0.21922883030133708
1,1564,0.2816283219879948
1,1565,0.24823423739737838
1,1566,0.41803749294587045
1,1567,0.3996344132716131
1,1568,0.32651841375896357
1,1569,0.39974358940211757
1,1570,0.4653335026827254
1,1571,0.3414594801390045
1,1572,0.5158932427368532
1,1573,0.3233369071918495
1,1574,0.2507378144379329
1,1575,0.28065266172467707
1,1576,0.3018451205648512
1,1577,0.5037524841595281
1,1578,0.5593746052597998
1,1579,0.47025115905903897
1,1580,0.23690061811964
1,1581,0.5749306276686886
1,1582,0.3561408867865704
1,1583,0.5953784472414885
1,1584,0.473784820357926
1,1585,0.24408091245603067
1,1586,0.4325917144512609
1,1587,0.20043408749324562
1,1588,0.3820772848917741
1,1589,0.3867717263825303
1,1590,0.5031994368851938
1,1591,0.19445517841109997
1,1592,0.3173269931067315
1,1593,0.6196491977395263
1,1594,0.6837997784060336
1,1595,0.6477686737591904
1,1596,0.2954268744584446
1,1597,0.45458811026729656
1,1598,0.2299462436272899
1,1599,0.21956007291474489
1,1600,0.3364731851136461
1,1601,0.4439868544323951
1,1602,0.3946146331301785
1,1603,0.4601514827774492
1,1604,0.4537708210541218
1,1605,0.37470420333179505
1,1606,0.11570104797035789
1,1607,0.565989713262847
1,1608,0.21432829062603845
1,1609,0.25510463986474263
1,1610,0.41078815513875716
1,1611,0.18398146790393582
1,1612,0.5360499545532458
1,1613,0.23930536325034998
1,1614,0.340961612513043
1,1615,0.4143077550992968
1,1616,0.32915162867275816
1,1617,0.4271293530200057
1,1618,0.3537505476620973
1,1619,0.24290377924793322
1,1620,0.2934201605324398
1,1621,0.2484799516382716
1,1622,0.5404322606667781
1,1623,0.1753522896468734
1,1624,0.4155336236129574
1,1625,0.39820522536141156
1,1626,0.4456315148713539
1,1627,0.4810989853133091
1,1628,0.6062029891211668
1,1629,0.1854753587849749
1,1630,0.7446402304274845
1,1631,0.2522420741877123
1,1632,0.5408174662409306
1,1633,0.4889869984252811
1,1634,0.4010195190126058
1,1635,0.12414749895641328
1,1636,0.324730315701873
1,1637,0.6767993088479368
1,1638,0.2541025328500042
1,1639,0.7273493290709958
1,1640,0.6534307003423736
1,1641,0.6389037046127876
1,1642,0.7901463446011122
1,1643,0.783133395801429
1,1644,0.6002047831021534
1,1645,0.3156288517233527
1,1646,0.631199340503298
1,1647,0.3507103345701355
1,1648,0.5803454722540391
1,1649,0.5102779496563024
1,1650,0.25320224938270747
1,1651,0.1414129181870706
1,1652,0.4656177252579636
1,1653,0.36881745793751625
1,1654,0.4412768715207155
1,1655,0.3103296092309385
1,1656,0.4479179004679413
1,1657,0.5632096334269941
1,1658,0.3806130773936414
1,1659,0.36193437263182426
1,1660,0.40963122210685066
1,1661,0.16512383626977123
1,1662,0.3864197689525391
1,1663,0.2905769693603397
1,1664,0.6424621424635063
1,1665,0.3807193272878519
1,1666,0.0661963797567865
1,1667,0.29574981774660597
1,1668,0.26940693967877977
1,1669,0.32296543789524174
1,1670,0.39192543552606884
1,1671,0.3425252510649906
1,1672,0.34940966534223716
1,1673,0.48294964189588924
1,1674,0.3220888223751245
1,1675,0.2943645245272622
1,1676,0.2363506885346821
1,1677,0.38714577162745745
1,1678,0.3327415049979139
1,1679,0.34201419944969647
1,1680,0.30025575775112184
1,1681,0.4852709798058336
1,1682,0.6036202790165583
1,1683,0.1810401642762484
1,1684,0.24291699550072388
1,1685,0.2618430456482255
1,1686,0.4392517263240862
1,1687,0.26417762824392016
1,1688,0.4674738575386567
1,1689,0.49580919788973193
1,1690,0.5835616332590157
1,1691,0.34753968218234754
1,1692,0.2280061000462332
1,1693,0.3232533532001413
1,1694,0.3607208962250781
1,1695,0.2826922709061257
1,1696,0.30115656250673073
1,1697,0.31025959588883
1,1698,0.24701704099319188
1,1699,0.45168567032365237
1,1700,0.289912375533128
1,1701,0.5677553182429131
1,1702,0.6998882188456413
1,1703,0.7544405388083563
1,1704,0.6705796630504982
1,1705,0.6939858174005098
1,1706,0.6143313561020544
1,1707,0.16213677804456533
1,1708,0.2240799005770219
1,1709,0.14797875198515856
1,1710,0.6344754850682813
1,1711,0.581264668328284
1,1712,0.5910156624895188
1,1713,0.5653316677231848
1,1714,0.6869216531737878
1,1715,0.35544868688310993
1,1716,0.4052838004909708
1,1717,0.4599539032557654
1,1718,0.5508731760064018
1,1719,0.5776363645757143
1,1720,0.24443556532824445
1,1721,0.27487781436123737
1,1722,0.3665318426787181
1,1723,0.5066690537762163
1,1724,0.47769071914144084
1,1725,0.7410609949358249
1,1726,0.5444848628192757
1,1727,0.31626943249759754
1,1728,0.2528173080480628
1,1729,0.3315422583519537
1,1730,0.2571314704765823
1,1731,0.40480249023178433
1,1732,0.42469488784450315
1,1733,0.3327063082486871
1,1734,0.3327063082486871
1,1735,0.33145389964110406
1,1736,0.181744698029227
1,1737,0.43526264315631835
1,1738,0.2805036339368484
1,1739,0.44261203796117027
1,1740,0.4403101872722566
1,1741,0.3713237613715097
1,1742,0.5006316486159967
1,1743,0.3644702241537997
1,1744,0.5066701735623
1,1745,0.4262275268310321
1,1746,0.485844303997618
1,1747,0.5547854603279454
1,1748,0.39870853295067493
1,1749,0.3809150888617227
1,1750,0.3112723199303763
1,1751,0.322412364070767
1,1752,0.45024527046120827
1,1753,0.6120643917024419
1,1754,0.19289261672128244
1,1755,0.2870318856505691
1,1756,0.5873448756146908
1,1757,0.34534919054925894
1,1758,0.1268978653075029
1,1759,0.4389601002773386
1,1760,0.5729408863116037
1,1761,0.5582468825301414
1,1762,0.6121292379549952
1,1763,0.6096461686006229
1,1764,0.34571292913946494
1,1765,0.2829326939037009
1,1766,0.42476085914064304
1,1767,0.44530886908352724
1,1768,0.4337731957362191
1,1769,0.3589123735976336
1,1770,0.24796331733331123
1,1771,0.2899293636782654
1,1772,0.39603030441293935
1,1773,0.14458330231833272
1,1774,0.15015222435475295
1,1775,0.06015903784634599
1,1776,0.20982942812650635
1,1777,0.12658019250109537
1,1778,0.44389276781358145
1,1779,0.4033784278411485
1,1780,0.4381164212294452
1,1781,0.26063122251985626
1,1782,0.25291480022781376
1,1783,0.26491175524482785
1,1784,0.4862492321665394
1,1785,0.3278356732630828
1,1786,0.43686483768643036
1,1787,0.2662949856539291
1,1788,0.2641646939836704
1,1789,0.41150191818030507
1,1790,0.491862574234966
1,1791,0.3295889655486402
1,1792,0.6197580849473333
1,1793,0.574259502695937
1,1794,0.4660865312852666
1,1795,0.9278869947833189
1,1796,0.599605951766518
1,1797,0.4920863033699857
1,1798,0.6942977248410863
1,1799,0.327112644493795
1,1800,0.4470043938571982
1,1801,0.328515381537677
1,1802,0.22004614996780417
1,1803,0.19127095844831138
1,1804,0.6652512364943608
1,1805,0.7363099884630793
1,1806,0.5134190514102199
1,1807,0.2619735386610454
1,1808,0.4567625134204664
1,1809,0.544638446924655
1,1810,0.5622615741116276
1,1811,0.2558014071802396
1,1812,0.412582780759104
1,1813,0.2171472193695787
1,1814,0.6270728772235742
1,1815,0.2826720403413511
1,1816,0.20294655200638753
1,1817,0.5992178782156585
1,1818,0.6595204063797965
1,1819,0.49055054387722974
1,1820,0.42395550222282924
1,1821,0.4395528448491144
1,1822,0.3293911720115293
1,1823,0.2730407279180412
1,1824,0.2096661457251091
1,1825,0.305373635591521
1,1826,0.4988486227836539
1,1827,0.2611229638692291
1,1828,0.39749780308216204
1,1829,0.32304156669240197
1,1830,0.15833784529754488
1,1831,0.3352518587275971
1,1832,0.382766462341463
1,1833,0.3627270022951586
1,1834,0.4541973839982718
1,1835,0.4057257314166226
1,1836,0.3800349247134498
1,1837,0.15493884647545525
1,1838,0.7690059943560056
1,1839,0.45524871333601946
1,1840,0.2867546202898721
1,1841,0.40080246459105096
1,1842,0.22902379055831695
1,1843,0.3577447023253192
1,1844,0.292939977740855
1,1845,0.5616261465388551
1,1846,0.3099157512812032
1,1847,0.3070770069346481
1,1848,0.24105902568729276
1,1849,0.25644278471529647
1,1850,0.3069686778952653
1,1851,0.46541308691373096
1,1852,0.32373908451444994
1,1853,0.5044656555661003
1,1854,0.2141574270086425
1,1855,0.3899393873486376
1,1856,0.28445123878736606
1,1857,0.26830420591319315
1,1858,0.392353417625587
1,1859,0.4264052883801671
1,1860,0.3400846854130876
1,1861,0.5896673885914869
1,1862,0.7858358450301819
1,1863,0.7703500202388024
1,1864,0.6357847951912581
1,1865,0.4705955680070918
1,1866,0.3713681115848361
1,1867,0.33307717293322103
1,1868,0.44133395182894974
1,1869,0.524323926717286
1,1870,0.2871491077740751
1,1871,0.37166944110652883
1,1872,0.2353260382244538
1,1873,0.2832560592499079
1,1874,0.35695769254030735
1,1875,0.41235710100391104
1,1876,0.42833509086781973
1,1877,0.5576773180533544
1,1878,0.4084974854412821
1,1879,0.6219266189975037
1,1880,0.30739490419878857
1,1881,0.4072141472461701
1,1882,0.3130129177014885
1,1883,0.4684184488229948
1,1884,0.4179673738810419
1,1885,0.41204434331775885
1,1886,0.2858765886066547
1,1887,0.5149068009765359
1,1888,0.43249961964969064
1,1889,0.5619166911952835
1,1890,0.2995558105828363
1,1891,0.466896067436969
1,1892,0.4889743806829467
1,1893,0.3495426383589593
1,1894,0.19373263357385112
1,1895,0.42593869183788996
1,1896,0.3945958259289883
1,1897,0.29842015976333547
1,1898,0.43793832633586177
1,1899,0.22517885847315988
1,1900,0.42385910018138157
1,1901,0.2842982601179319
1,1902,0.4225635060896629
1,1903,0.4032650545070955
1,1904,0.39594874862017937
1,1905,0.23243677306013952
1,1906,0.6428013394641102
1,1907,0.08677321152581845
1,1908,0.6300508043589357
1,1909,0.6071641848269054
1,1910,0.37797906002249176
1,1911,0.6184980215704411
1,1912,0.47417849226127695
1,1913,0.5569372723388921
1,1914,0.32002060637283164
1,1915,0.2305753629850418
1,1916,0.2365557302773814
1,1917,0.2845309478786231
1,1918,0.16465654018544654
1,1919,0.372120392453512
1,1920,0.354007252391494
1,1921,0.2524090575305726
1,1922,0.1627355655030801
1,1923,0.14781421008087492
1,1924,0.15413815396456468
1,1925,0.2835089345190958
1,1926,0.37658552887409225
1,1927,0.3360770531349049
1,1928,0.32339074054923544
1,1929,0.5578808914705027
1,1930,0.32515608757542036
1,1931,0.3665095532936939
1,1932,0.15297744100344152
1,1933,0.601826318276682
1,1934,0.2615922411160933
1,1935,0.37002888702000236
1,1936,0.3956896356896074
1,1937,0.2795429915614798
1,1938,0.3989018107132135
1,1939,0.3812362917513336
1,1940,0.27099772712533315
1,1941,0.16622508099804467
1,1942,0.8369692996928273
1,1943,0.6593794359830337
1,1944,0.3147547185089659
1,1945,0.1838503748765144
1,1946,0.3869494733625246
1,1947,0.411376575295878
1,1948,0.3039283312063869
1,1949,0.4612919846388193
1,1950,0.4063585792670833
1,1951,0.42451996595934316
1,1952,0.3894209274790927
1,1953,0.3793620702771564
1,1954,0.37428268284237504
1,1955,0.36542867333759615
1,1956,0.6050931819902484
1,1957,0.22169080914453826
1,1958,0.5057120994022541
1,1959,0.34850333021522945
1,1960,0.38152831245563684
1,1961,0.37859943667210827
1,1962,0.37859943667210827
1,1963,0.3310902123970811
1,1964,0.2740492618567763
1,1965,0.26698372235004314
1,1966,0.4752755139217194
1,1967,0.09556335418309513
1,1968,0.17855467234727487
1,1969,0.2923257186818154
1,1970,0.17448711550142637
1,1971,0.19891147590076078
1,1972,0.27108068611445096
1,1973,0.3398169500622242
1,1974,0.5799162601440854
1,1975,0.42373760535128174
1,1976,0.2312078409128829
1,1977,0.23457641350296496
1,1978,0.2605575784385669
1,1979,0.33709166097303184
1,1980,0.49187665675379233
1,1981,0.3525387308045845
1,1982,0.4312576087971846
1,1983,0.46312752379800703
1,1984,0.22751204125287994
1,1985,0.3754246307565291
1,1986,0.3684660731745277
1,1987,0.3752345674153752
1,1988,0.3128559231751631
1,1989,0.49349963152230836
1,1990,0.16560761001599694
1,1991,0.24780013128038234
1,1992,0.5587592518183524
1,1993,0.3353502886938982
1,1994,0.38510900853726593
1,1995,0.44259327041108665
1,1996,0.2141023105954233
1,1997,0.29614937394749125
1,1998,0.5121972836918188
1,1999,0.4893426430671757
1,2000,0.27538591767885867
1,2001,0.2888427020776303
1,2002,0.34394921243095544
1,2003,0.3552007026966979
1,2004,0.47221720089163566
1,2005,0.38966600820143826
1,2006,0.38091336784854707
1,2007,0.15335712255038414
1,2008,0.539223460232683
1,2009,0.11310020862442838
1,2010,0.4877053577218408
1,2011,0.4264236687358453
1,2012,0.4375168783243721
1,2013,0.4256539843330104
1,2014,0.43374730989495786
1,2015,0.34656621118811154
1,2016,0.2879938706801072
1,2017,0.1906687709650498
1,2018,0.24973806928010836
1,2019,0.33070993756562556
1,2020,0.4505413579533808
1,2021,0.2012657695744157
1,2022,0.38078168952354224
1,2023,0.5316816960604626
1,2024,0.350307260107671
1,2025,0.5240736711780635
1,2026,0.5423419756952461
1,2027,0.6292873666901638
1,2028,0.15394281571962676
1,2029,0.585184215724944
1,2030,0.29399659120131366
1,2031,0.3548003177820793
1,2032,0.28247694918029864
1,2033,0.23678861786877564
1,2034,0.25971654691595736
1,2035,0.5281086065276899
1,2036,0.29871143395015465
1,2037,0.34968806926009066
1,2038,0.14615823276724976
1,2039,0.455618330077052
1,2040,0.3401034531789694
1,2041,0.25350368789862726
1,2042,0.5097882909333599
1,2043,0.3210727409617089
1,2044,0.46019856080347094
1,2045,0.49111217520135975
1,2046,0.348360289791548
1,2047,0.49731028168075686
1,2048,0.29890012676770084
1,2049,0.33933164312799796
1,2050,0.22136847143436023
1,2051,0.24640201440829326
1,2052,0.27708549114257347
1,2053,0.7807233817131238
1,2054,0.6818818003495735
1,2055,0.46710768053703483
1,2056,0.4830002420823322
1,2057,0.3438332999667764
1,2058,0.4025736391688655
1,2059,0.3710598867354601
1,2060,0.26261922564785006
1,2061,0.4588188850953975
1,2062,0.27505199365705085
1,2063,0.3133675294155473
1,2064,0.38082133306538735
1,2065,0.4894203135766528
1,2066,0.26922677775324944
1,2067,0.32011149560205354
1,2068,0.31688708867791654
1,2069,0.3145146300738901
1,2070,0.24981270997363658
1,2071,0.24580521626308174
1,2072,0.23559638124239468
1,2073,0.2498791767587503
1,2074,0.439162603491574
1,2075,0.5929488701536658
1,2076,0.479768171245104
1,2077,0.7310288367629241
1,2078,0.757347495376475
1,2079,0.17055423288077573
1,2080,0.45091453678067217
1,2081,0.3678605327662937
1,2082,0.45091800328837084
1,2083,0.2025913918503841
1,2084,0.2581724747967059
1,2085,0.16478517052252717
1,2086,0.5661340007370278
1,2087,0.32936077980942435
1,2088,0.2550073719312785
1,2089,0.25912904962408057
1,2090,0.406473891318538
1,2091,0.3287638489675705
1,2092,0.3965096149507128
1,2093,0.2957012758110696
1,2094,0.3658391452488473
1,2095,0.3236486181641765
1,2096,0.31898466299871414
1,2097,0.22596297745976562
1,2098,0.2968301335747007
1,2099,0.7050984690395382
1,2100,0.6909128488052679
1,2101,0.38932637119971913
1,2102,0.3677109462710736
1,2103,0.4662331222091721
1,2104,0.4492866222344908
1,2105,0.40124650122815647
1,2106,0.32293232433198893
1,2107,0.4203000251489034
1,2108,0.2437133478134096
1,2109,0.45636099039108724
1,2110,0.33868598690341084
1,2111,0.3608719791350669
1,2112,0.22810951380576128
1,2113,0.3245006045760202
1,2114,0.3771834873399251
1,2115,0.312872068657142
1,2116,0.36355824329133374
1,2117,0.3879715102270393
1,2118,0.25594604179913105
1,2119,0.4715824224262855
1,2120,0.22313237918978973
1,2121,0.22016412576534106
1,2122,0.22178262053165673
1,2123,0.21448664037717155
1,2124,0.43217430301454923
1,2125,0.2528077294268748
1,2126,0.4208188949990325
1,2127,0.5901016528760312
1,2128,0.17399447396481293
1,2129,0.25537675474242666
1,2130,0.4174981531554505
1,2131,0.4325230006520977
1,2132,0.3098793246886358
1,2133,0.4104698061638897
1,2134,0.32072624042088493
1,2135,0.24902678420521177
1,2136,0.4888728574051082
1,2137,0.5700741637675473
1,2138,0.25858204612689756
1,2139,0.26202119462143153
1,2140,0.20882615291495266
1,2141,0.3684564345814389
1,2142,0.338639915067082
1,2143,0.33518027174596343
1,2144,0.38091057075851265
1,2145,0.39133269957153327
1,2146,0.6876751622693261
1,2147,0.6399625659845953
1,2148,0.1657904818685889
1,2149,0.47546529863803516
1,2150,0.4507518949836524
1,2151,0.37933197874041974
1,2152,0.19901272968725683
1,2153,0.47948229000613357
1,2154,0.4946082467395683
1,2155,0.4422545815525232
1,2156,0.16651887700642679
1,2157,0.42754342689859753
1,2158,0.31179095798306383
1,2159,0.30113612444734045
1,2160,0.3907063657892219
1,2161,0.31306340656440007
1,2162,0.6019861539175305
1,2163,0.48986978192366354
1,2164,0.32841622182231167
1,2165,0.36740464284598734
1,2166,0.2221244401260057
1,2167,0.3202607470537099
1,2168,0.49434485648322385
1,2169,0.4178871339477769
1,2170,0.3618471017943306
1,2171,0.3265126191033707
1,2172,0.3276873023787705
1,2173,0.6522982549239698
1,2174,0.3042933839838629
1,2175,0.6958882773050671
1,2176,0.6515183701203823
1,2177,0.2369142489981234
1,2178,0.4514877992517124
1,2179,0.5508203706910982
1,2180,0.6398914723991331
1,2181,0.2542506776669043
1,2182,0.4470148106741212
1,2183,0.33438475760009023
1,2184,0.34883170334986846
1,2185,0.28408285026518404
1,2186,0.30724091633919537
1,2187,0.19854653547124798
1,2188,0.30114053181376765
1,2189,0.31445106230909764
1,2190,0.4224994495570146
1,2191,0.25600397836069416
1,2192,0.27343189676271595
1,2193,0.46173532731146044
1,2194,0.6329447947547397
1,2195,0.39424697906596967
1,2196,0.30967879987343905
1,2197,0.3455246857836729
1,2198,0.3484489454685429
1,2199,0.5010792056089654
1,2200,0.3357267936157587
1,2201,0.17902030905846947
1,2202,0.3614299364661657
1,2203,0.3317706111449297
1,2204,0.38563543871217365
1,2205,0.5002705407072152
1,2206,0.21471067052190104
1,2207,0.26789126252684325
1,2208,0.36433696188166065
1,2209,0.5442857154661136
1,2210,0.4814854677108702
1,2211,0.2316627882296233
1,2212,0.2090119325536661
1,2213,0.40468376212536217
1,2214,0.4360029057802203
1,2215,0.6105234426068
1,2216,0.7632158833025151
1,2217,0.5358510741119126
1,2218,0.4735494945662665
1,2219,0.6986285936470998
1,2220,0.7899859746472627
1,2221,0.25233601342072787
1,2222,0.6704946295544084
1,2223,0.5013747558024391
1,2224,0.471222103914995
1,2225,0.25877682847243283
1,2226,0.2744153342693203
1,2227,0.19252642018372437
1,2228,0.4217018579984082
1,2229,0.2623013111275878
1,2230,0.3065732928881627
1,2231,0.16646641545000734
1,2232,0.3743157773249287
1,2233,0.3042447471678947
1,2234,0.2094826566132258
1,2235,0.23711574717355652
1,2236,0.48219241575791455
1,2237,0.44279344616776295
1,2238,0.3285842885011889
1,2239,0.5096537553119572
1,2240,0.6304397899755364
1,2241,0.2459478755728761
1,2242,0.17597176654551555
1,2243,0.3104124980037418
1,2244,0.2757740367396763
1,2245,0.35216792197210495
1,2246,0.43288410379142456
1,2247,0.31210845772865353
1,2248,0.3322977411395376
1,2249,0.39491083365807866
1,2250,0.3183801392069656
1,2251,0.6819309121714766
1,2252,0.2890008576698399
1,2253,0.21623095437872
1,2254,0.21755045351087127
1,2255,0.29510021574378054
1,2256,0.40317625465566304
1,2257,0.7439073109684526
1,2258,0.4653960904209109
1,2259,0.47283312194041627
1,2260,0.2964962721833765
1,2261,0.37402367724555285
1,2262,0.411029660601877
1,2263,0.3829215943003872
1,2264,0.3927208630479677
1,2265,0.24856808937841718
1,2266,0.22620015802113902
1,2267,0.3374593783867028
1,2268,0.2684842968727545
1,2269,0.17085303330468382
1,2270,0.14851067604264662
1,2271,0.34819879830724904
1,2272,0.3092776925266581
1,2273,0.3423992820360085
1,2274,0.37826948084403444
1,2275,0.43419228149746997
1,2276,0.6431223681822558
1,2277,0.4531773074339791
1,2278,0.423773905229414
1,2279,0.4146960516150007
1,2280,0.33841706773480307
1,2281,0.26826971696261775
1,2282,0.502560848253899
1,2283,0.15776594686190273
1,2284,0.13890847183551555
1,2285,0.39728727254652846
1,2286,0.07931942387713485
1,2287,0.8596942349238816
1,2288,0.22994096103383987
1,2289,0.237959136643602
1,2290,0.31424455205477364
1,2291,0.42503063809102387
1,2292,0.23828374756313858
1,2293,0.20445194300734432
1,2294,0.39114246587635476
1,2295,0.6194502550016785
1,2296,0.3781055461990842
1,2297,0.31835013354644676
1,2298,0.2155234745723684
1,2299,0.6182957109540821
1,2300,0.16540494548335075
1,2301,0.2740535519623544
1,2302,0.4420650641027557
1,2303,0.5988820233613436
1,2304,0.30807653759401976
1,2305,0.5312831528261754
1,2306,0.6367939389623392
1,2307,0.16770436023327112
1,2308,0.7273308424029733
1,2309,0.16208186190714965
1,2310,0.2838912042343
1,2311,0.5715619793622099
1,2312,0.5497953982975285
1,2313,0.1942434162968934
1,2314,0.46206107742838015
1,2315,0.6319509356074772
1,2316,0.5278195764277195
1,2317,0.6010703616293835
1,2318,0.49121156476852607
1,2319,0.35010568444827483
1,2320,0.24024375318759705
1,2321,0.380573717853499
1,2322,0.4261775317735735
1,2323,0.5179680456210999
1,2324,0.5169943631126096
1,2325,0.2135870933962848
1,2326,0.21567629175625164
1,2327,0.25463344767930934
1,2328,0.15791772484786967
1,2329,0.2991315199802722
1,2330,0.261809030248294
1,2331,0.2609673753483411
1,2332,0.22262669832812113
1,2333,0.4562022611156816
1,2334,0.3955862970997447
1,2335,0.2765662292358741
1,2336,0.3502495036628715
1,2337,0.24613358161787688
1,2338,0.38509930169820145
1,2339,0.2767090295376625
1,2340,0.4954785491757104
1,2341,0.5930019110153113
1,2342,0.3759149360706533
1,2343,0.3207256585597476
1,2344,0.6089127011776436
1,2345,0.26637083348799023
1,2346,0.30009127091284904
1,2347,0.4891155226801208
1,2348,0.6870069513302245
1,2349,0.4464255402156092
1,2350,0.4751528552769096
1,2351,0.5389225942940177
1,2352,0.5415204358513627
1,2353,0.1516822083315312
1,2354,0.19823609446822352
1,2355,0.5623791959014321
1,2356,0.4425877306612524
1,2357,0.25682631791721594
1,2358,0.4687821836801342
1,2359,0.1887316607906676
1,2360,0.5487809399111492
1,2361,0.525531937438968
1,2362,0.3190179757430537
1,2363,0.5602132467856167
1,2364,0.6164922396709698
1,2365,0.27231336890932845
1,2366,0.24680103320493307
1,2367,0.4053772434081848
1,2368,0.27831104897800435
1,2369,0.4871235301388929
1,2370,0.2493433288614639
1,2371,0.1725822607545031
1,2372,0.46042997070900227
1,2373,0.49980864824019905
1,2374,0.4036501986594677
1,2375,0.2811761585638605
1,2376,0.1497674471028793
1,2377,0.3205943893806764
1,2378,0.3530395312046789
1,2379,0.373728573542963
1,2380,0.17702691392507774
1,2381,0.3005995887543851
1,2382,0.3854502022565129
1,2383,0.5961773374233346
1,2384,0.5591283782335646
1,2385,0.15635210733827762
1,2386,0.6423019642998907
1,2387,0.48237483657908004
1,2388,0.2595056391465242
1,2389,0.3037038438519828
1,2390,0.28470455869232764
1,2391,0.3691124297459318
1,2392,0.11173771782014526
1,2393,0.32937654270130967
1,2394,0.5755751167979485
1,2395,0.40126027630972627
1,2396,0.5464292999790751
1,2397,0.37771042207433275
1,2398,0.3243963898348866
1,2399,0.517798648532298
1,2400,0.25377202797472453
1,2401,0.44611277390045884
1,2402,0.34670164221701155
1,2403,0.28873846255798413
1,2404,0.44642775394041384
1,2405,0.22406701031684992
1,2406,0.310144745490348
1,2407,0.4942460236448432
1,2408,0.49351862649920014
1,2409,0.2612898368131664
1,2410,0.25750046959735495
1,2411,0.38399613179327713
1,2412,0.26216560976857856
1,2413,0.39080722638386456
1,2414,0.32034418036020723
1,2415,0.3420581453874483
1,2416,0.2988112605216598
1,2417,0.4101562623510102
1,2418,0.2894814652992228
1,2419,0.3574208952868254
1,2420,0.6436003728168439
1,2421,0.32023410235613203
1,2422,0.2899656060454661
1,2423,0.4204313319219429
1,2424,0.5883429464345272
1,2425,0.4069736067118351
1,2426,0.366984076930627
1,2427,0.4445346520549578
1,2428,0.29637798057483283
1,2429,0.3731584628233367
1,2430,0.4407797398575923
1,2431,0.2518423567188159
1,2432,0.6413537921735697
1,2433,0.403392511841948
1,2434,0.42330117820805413
1,2435,0.3350176954650657
1,2436,0.21243652039133992
1,2437,0.09644316324400681
1,2438,0.16515036148176304
1,2439,0.39145955653543474
1,2440,0.23876268944858295
1,2441,0.38575511412636737
1,2442,0.3539309994572463
1,2443,0.40317528418045
1,2444,0.5461081592139229
1,2445,0.208683822847642
1,2446,0.4537196751100735
1,2447,0.29205399785246255
1,2448,0.44812994839577086
1,2449,0.4528980268826494
1,2450,0.23718569204916123
1,2451,0.2125857354929768
1,2452,0.2305356363426883
1,2453,0.2553156132253858
1,2454,0.3941518763057101
1,2455,0.4132464658173373
1,2456,0.353809198251826
1,2457,0.4773213167916693
1,2458,0.4454634538392587
1,2459,0.3327213425801002
1,2460,0.2873440932258763
1,2461,0.5256754041049588
1,2462,0.5735616818552011
1,2463,0.10421243390247792
1,2464,0.11903420244374759
1,2465,0.2021022962789532
1,2466,0.24499110822567677
1,2467,0.21309693803710456
1,2468,0.2138859934404929
1,2469,0.3217442581746809
1,2470,0.38092824823666266
1,2471,0.3106350906257526
1,2472,0.20786013020803445
1,2473,0.3149338008494982
1,2474,0.29202730053483833
1,2475,0.2127506265551494
1,2476,0.328182777875402
1,2477,0.32873136309095163
1,2478,0.42814991736493585
1,2479,0.23180160816992496
1,2480,0.3310995128105743
1,2481,0.279727832538365
1,2482,0.23908150613608609
1,2483,0.3785356041136535
1,2484,0.3637896624245122
1,2485,0.30737822698963185
1,2486,0.20613042761138395
1,2487,0.18939651308751035
1,2488,0.24217887217525988
1,2489,0.29678652587049414
1,2490,0.26165916201504263
1,2491,0.5728845945160886
1,2492,0.3822163717928576
1,2493,0.5338361975661494
1,2494,0.2389857596014765
1,2495,0.49834405461505193
1,2496,0.3374578553025043
1,2497,0.38263640446299524
1,2498,0.2719044848267843
1,2499,0.45832069082089943
1,2500,0.37062375049158197
1,2501,0.27104760733362426
1,2502,0.24549691003691565
1,2503,0.41423459577611604
1,2504,0.36476390956224913
1,2505,0.4689386947936447
1,2506,0.3585719704083087
1,2507,0.35250307360066413
1,2508,0.46889550941206026
1,2509,0.26980877873098374
1,2510,0.7039358787833049
1,2511,0.42070645003294627
1,2512,0.2880858953902597
1,2513,0.31369619717306757
1,2514,0.2358085364088087
1,2515,0.4174572833265596
1,2516,0.1891718364708108
1,2517,0.4020848478008621
1,2518,0.23552803461612434
1,2519,0.4224415330158533
1,2520,0.5876338616944474
1,2521,0.49902748291360083
1,2522,0.2997168514715378
1,2523,0.4469048439576687
1,2524,0.5054454071276857
1,2525,0.5082044142298633
1,2526,0.55116386006332
1,2527,0.4264259847022016
1,2528,0.30866902651536743
1,2529,0.3763647789376967
1,2530,0.4257269394167903
1,2531,0.5958588217825277
1,2532,0.48444539374938117
1,2533,0.31038300055755214
1,2534,0.3440069615121433
1,2535,0.3025274517701247
1,2536,0.3829326867354219
1,2537,0.1813698726338637
1,2538,0.4153873179518362
1,2539,0.5297358994748124
1,2540,0.42253234478378515
1,2541,0.1806149650274898
1,2542,0.18092097758436607
1,2543,0.5513884998957321
1,2544,0.1856414224844032
1,2545,0.46308052080313605
1,2546,0.3693247635588404
1,2547,0.2597374992848738
1,2548,0.5018228072231405
1,2549,0.1717097692797204
1,2550,0.37924780511684664
1,2551,0.4119406920391007
1,2552,0.4039795715881432
1,2553,0.3587777841079945
1,2554,0.4771891188628859
1,2555,0.16627749322242907
1,2556,0.2330117468285406
1,2557,0.39551807776265446
1,2558,0.49408466147699553
1,2559,0.3644150881861552
1,2560,0.40843029724165325
1,2561,0.4025070618500146
1,2562,0.17881392752170128
1,2563,0.35092934775826956
1,2564,0.4711770196415799
1,2565,0.15218994348124892
1,2566,0.186078019455111
1,2567,0.18893826130954042
1,2568,0.15356014267627105
1,2569,0.41960761222740334
1,2570,0.2352746343624793
1,2571,0.3265379642000778
1,2572,0.3606893054639609
1,2573,0.27174931871672325
1,2574,0.3570500927969737
1,2575,0.5727414667398608
1,2576,0.11647757725962152
1,2577,0.7789012221512597
1,2578,0.14589645068496745
1,2579,0.41058429907767696
1,2580,0.4929982518483582
1,2581,0.32628292476274046
1,2582,0.35289328308919987
1,2583,0.46861700410439777
1,2584,0.32077157981070764
1,2585,0.43306482326073664
1,2586,0.32518630315941394
1,2587,0.4785702113664934
1,2588,0.4441321787007984
1,2589,0.4707124986664451
1,2590,0.2719252729958668
1,2591,0.5014482637789005
1,2592,0.4292925073586173
1,2593,0.433803750682601
1,2594,0.3181585424261684
1,2595,0.3884439597552823
1,2596,0.24377638730740017
1,2597,0.46135306600665377
1,2598,0.3575491989713128
1,2599,0.3330673448446705
1,2600,0.3483577450899131
1,2601,0.4600819105998411
1,2602,0.35562803376770563
1,2603,0.2883130164738801
1,2604,0.36672125852566045
1,2605,0.3418580112016963
1,2606,0.4098866744222738
1,2607,0.37171310600601065
1,2608,0.15199673859088997
1,2609,0.11247928766542731
1,2610,0.2958763450556485
1,2611,0.4009160714656557
1,2612,0.39724780398329046
1,2613,0.16227632243548498
1,2614,0.193629394011765
1,2615,0.5228408232381101
1,2616,0.2989534390406808
1,2617,0.3447045914781894
1,2618,0.30269645121335864
1,2619,0.4280011339938679
1,2620,0.4224144097928455
1,2621,0.4224144097928455
1,2622,0.4151644254249953
1,2623,0.4277147688970017
1,2624,0.33244675018688896
1,2625,0.5417893018692642
1,2626,0.6187689854177535
1,2627,0.19953935822511948
1,2628,0.7376381741006081
1,2629,0.49287013423978765
1,2630,0.21911796631995303
1,2631,0.40455200339367936
1,2632,0.21539852132950704
1,2633,0.3473063118551547
1,2634,0.46137325512265276
1,2635,0.4451569674792951
1,2636,0.38600799228935273
1,2637,0.40231663154370106
1,2638,0.5076800000153263
1,2639,0.48021691473731326
1,2640,0.2349964386700217
1,2641,0.3948908126317653
1,2642,0.5898120485895707
1,2643,0.2606257262395971
1,2644,0.28457074118976894
1,2645,0.41958180318855814
1,2646,0.2143173209110468
1,2647,0.3826094808705069
1,2648,0.32350499543478056
1,2649,0.2225181569684967
1,2650,0.40546606222667514
1,2651,0.1977326348300422
1,2652,0.41685148507146863
1,2653,0.23454517860407295
1,2654,0.22268991449291392
1,2655,0.28292002197193955
1,2656,0.3587912506853856
1,2657,0.2682142729837937
1,2658,0.3696725843723164
1,2659,0.3218853245571388
1,2660,0.5845286487848526
1,2661,0.26912717711517176
1,2662,0.20839420426066527
1,2663,0.33912189964519673
1,2664,0.669535684300451
1,2665,0.18971323815680094
1,2666,0.3382721811973819
1,2667,0.2873111292451998
1,2668,0.3587614630502461
1,2669,0.37746274763742144
1,2670,0.5153915802131185
1,2671,0.2955182293984892
1,2672,0.24217177067571619
1,2673,0.27859489943364796
1,2674,0.3976234510824693
1,2675,0.24959661171001923
1,2676,0.26260818497273675
1,2677,0.3745991227480092
1,2678,0.4306429267863541
1,2679,0.47720272975223677
1,2680,0.453499649369425
1,2681,0.5503608076918038
1,2682,0.4653070786430479
1,2683,0.4239135178730016
1,2684,0.4762747411779456
1,2685,0.3786609538488295
1,2686,0.41303322206956855
1,2687,0.5597379090303943
1,2688,0.3400531661226468
1,2689,0.4523193080163177
1,2690,0.26436713029361125
1,2691,0.5068148888567914
1,2692,0.616635736785851
1,2693,0.31454364329342616
1,2694,0.6035635549527525
1,2695,0.4953511551071997
1,2696,0.5687210988038828
1,2697,0.37373136063826823
1,2698,0.31096509648229204
1,2699,0.4364993975146493
1,2700,0.15551261393022117
1,2701,0.37647437439474535
1,2702,0.6393645254830281
1,2703,0.32644286127512795
1,2704,0.3745877025948099
1,2705,0.3433785482282493
1,2706,0.49871288148515364
1,2707,0.2434862062885133
1,2708,0.5009800810199068
1,2709,0.3041914983390951
1,2710,0.31056417542274073
1,2711,0.27571991760366826
1,2712,0.19365720998077465
1,2713,0.3239499778627402
1,2714,0.38681437370332244
1,2715,0.33324654646966484
1,2716,0.44613461898137147
1,2717,0.4596321569375614
1,2718,0.25390676468534895
1,2719,0.510775384274664
1,2720,0.3989591591823217
1,2721,0.3408377335192064
1,2722,0.33624882572887055
1,2723,0.3231158228698636
1,2724,0.3707163762570182
1,2725,0.3531091536018682
1,2726,0.3200347726995887
1,2727,0.2697075629096204
1,2728,0.1478413718626547
1,2729,0.5104742927078478
1,2730,0.4852117636453423
1,2731,0.2950391270980761
1,2732,0.45636826947909054
1,2733,0.37604165071029766
1,2734,0.5229403445990145
1,2735,0.2232751605499358
1,2736,0.27038360187290167
1,2737,0.12343955901248546
1,2738,0.1729667998744351
1,2739,0.1897938964347407
1,2740,0.43091918534075296
1,2741,0.49701326686183106
1,2742,0.510367239918451
1,2743,0.25993095964202656
1,2744,0.11055833641982575
1,2745,0.08990101757265449
1,2746,0.2809832035521535
1,2747,0.6907523714292673
1,2748,0.32773037717524406
1,2749,0.572643058342947
1,2750,0.30271194066520596
1,2751,0.4140250849743339
1,2752,0.34111746008832394
1,2753,0.396202598693952
1,2754,0.24978737860252276
1,2755,0.5790267676864685
1,2756,0.2871285636374868
1,2757,0.5612441327263608
1,2758,0.33457666465325825
1,2759,0.3513251564274626
1,2760,0.33230132295703313
1,2761,0.26913150704252753
1,2762,0.202457956759874
1,2763,0.3059881080216713
1,2764,0.07493921189939758
1,2765,0.6248464459824823
1,2766,0.4790966200022117
1,2767,0.25601461894023203
1,2768,0.382598121106013
1,2769,0.21387514790914625
1,2770,0.2473998622662029
1,2771,0.24355675215696934
1,2772,0.5953046513097187
1,2773,0.1832439015065701
1,2774,0.351824470690085
1,2775,0.37166224330694186
1,2776,0.4701014371999557
1,2777,0.3220625564837548
1,2778,0.2689299721592772
1,2779,0.5107154996341787
1,2780,0.5402671413832048
1,2781,0.199414773461839
1,2782,0.19583413000415695
1,2783,0.18926864951549607
1,2784,0.21638879324654606
1,2785,0.375715874633461
1,2786,0.13852468673460153
1,2787,0.38485917869397834
1,2788,0.3196309734517707
1,2789,0.32116525531615536
1,2790,0.35076985401058014
1,2791,0.38104155534818884
1,2792,0.4313956949013223
1,2793,0.4540414806914102
1,2794,0.35318783975877
1,2795,0.24278054612696043
1,2796,0.24601726168482352
1,2797,0.45672764858767567
1,2798,0.225932612283352
1,2799,0.27596196453126487
1,2800,0.28616040548486754
1,2801,0.3526835725719279
1,2802,0.449700728937033
1,2803,0.3294294020230623
1,2804,0.6552227789844876
1,2805,0.20338116722758226
1,2806,0.6822370992914865
1,2807,0.727406660808162
1,2808,0.4819249884145375
1,2809,0.33369839159732684
1,2810,0.42048823392974016
1,2811,0.3849481646155674
1,2812,0.3300984779140227
1,2813,0.15317267552546734
1,2814,0.5680547105712148
1,2815,0.3485325497462095
1,2816,0.4231515218863644
1,2817,0.4159622629855929
1,2818,0.33328215416766044
1,2819,0.34462270048704924
1,2820,0.4245706359738395
1,2821,0.5154661741624802
1,2822,0.11496657450002436
1,2823,0.4544088302962283
1,2824,0.12401311236387304
1,2825,0.44756798852677276
1,2826,0.19998432456877463
1,2827,0.3701611862238215
1,2828,0.41675578653922063
1,2829,0.6655531250047342
1,2830,0.3319367449704999
1,2831,0.28056578738079074
1,2832,0.20991504379973966
1,2833,0.4834178090506365
1,2834,0.41023826418010356
1,2835,0.3726687520535686
1,2836,0.3270322245763469
1,2837,0.1680856348977488
1,2838,0.45626728171554687
1,2839,0.5080073235898882
1,2840,0.2731868717473076
1,2841,0.4021359712938486
1,2842,0.42482157922299035
1,2843,0.47926910815163143
1,2844,0.41452561067405236
1,2845,0.5658952217112501
1,2846,0.22577963678488944
1,2847,0.21610292749454674
1,2848,0.2431744149085112
1,2849,0.23631356834104264
1,2850,0.5828669348866192
1,2851,0.45531771255039344
1,2852,0.33570216425384064
1,2853,0.30348309348654334
1,2854,0.24161532408903877
1,2855,0.23031571336240142
1,2856,0.4137366517786266
1,2857,0.29333625842938127
1,2858,0.4921923269860811
1,2859,0.5804897015291957
1,2860,0.2282323579851473
1,2861,0.5024651650172562
1,2862,0.5422144669981237
1,2863,0.5257473350615621
1,2864,0.22942481759625624
1,2865,0.3303909591992329
1,2866,0.12282572236432364
1,2867,0.13804512460248095
1,2868,0.3831516181297365
1,2869,0.4298470464557643
1,2870,0.3640983223022804
1,2871,0.4956497823793158
1,2872,0.6343377518579029
1,2873,0.5254270570158304
1,2874,0.2142335279552531
1,2875,0.31754623638112245
1,2876,0.24242797373147246
1,2877,0.4285934462914125
1,2878,0.24452934504565263
1,2879,0.2305249198356104
1,2880,0.33060407470736397
1,2881,0.3917989409973714
1,2882,0.29769340157202806
1,2883,0.37170660458943655
1,2884,0.4660788361172623
1,2885,0.2877943075138292
1,2886,0.43016135112548803
1,2887,0.5044512890235447
1,2888,0.49920934469904
1,2889,0.32199616979772017
1,2890,0.31759529629080574
1,2891,0.32679606714922055
1,2892,0.3913242404552428
1,2893,0.349248203674831
1,2894,0.3086095880318253
1,2895,0.5132434696828736
1,2896,0.4672839795151545
1,2897,0.18404680684477034
1,2898,0.17094663881483388
1,2899,0.3142070015705459
1,2900,0.5254709205374125
1,2901,0.38684786588659964
1,2902,0.5064077611048141
1,2903,0.3334941065245593
1,2904,0.7719464775723378
1,2905,0.5105204280728787
1,2906,0.553048507511628
1,2907,0.31623387078233844
1,2908,0.18960633628041892
1,2909,0.36748658735734424
1,2910,0.20272905808378422
1,2911,0.5634302706525103
1,2912,0.3207496445998019
1,2913,0.5147942970969797
1,2914,0.2694572918515246
1,2915,0.5819728679146526
1,2916,0.39080357155213574
1,2917,0.5037836003249192
1,2918,0.3697898092758789
1,2919,0.24830380104773286
1,2920,0.3905484855130863
1,2921,0.3987397601473796
1,2922,0.23230819593172067
1,2923,0.3093219312380317
1,2924,0.12732126991526177
1,2925,0.1196840735094441
1,2926,0.225680045508152
1,2927,0.7324666320788026
1,2928,0.35758626328158305
1,2929,0.34052538384359277
1,2930,0.4811870070583157
1,2931,0.5034984942972365
1,2932,0.47069921221234184
1,2933,0.5143338439154693
1,2934,0.21339471091639461
1,2935,0.42775618773931956
1,2936,0.4073890655165647
1,2937,0.3722837645732185
1,2938,0.4881578955917318
1,2939,0.4740984835698092
1,2940,0.4795709814299516
1,2941,0.433204025881012
1,2942,0.47712752686735205
1,2943,0.3830063048351716
1,2944,0.6492648145592802
1,2945,0.4529197763395932
1,2946,0.44605504665515133
1,2947,0.4365835673504596
1,2948,0.3376221765801088
1,2949,0.5980825407599735
1,2950,0.19459960897137557
1,2951,0.23863205795467038
1,2952,0.3212776607653976
1,2953,0.36008565962753547
1,2954,0.27186314416210405
1,2955,0.2629022367742608
1,2956,0.3718441504606488
1,2957,0.2545030879861725
1,2958,0.37803192216386966
1,2959,0.34141372066735515
1,2960,0.34963025255886404
1,2961,0.4268031324856671
1,2962,0.39588785779250396
1,2963,0.19098860953822666
1,2964,0.28855120235013804
1,2965,0.10269448155517497
1,2966,0.35350217081798785
1,2967,0.4071506423658413
1,2968,0.3095710112591169
1,2969,0.4901504957347289
1,2970,0.6971791613835624
1,2971,0.5096966010485625
1,2972,0.5182615643849777
1,2973,0.37729371597469
1,2974,0.45297785564745924
1,2975,0.8380556316853623
1,2976,0.3589108468114837
1,2977,0.6255770544892082
1,2978,0.526319694629527
1,2979,0.634723454599493
1,2980,0.5452723069039038
1,2981,0.5819409069939684
1,2982,0.4088558430641162
1,2983,0.20413969042235303
1,2984,0.5066142761828859
1,2985,0.21728105334376177
1,2986,0.4096410958149533
1,2987,0.5545148127999138
1,2988,0.6201049622197129
1,2989,0.40042007892043374
1,2990,0.28121790648069533
1,2991,0.22079240967567054
1,2992,0.3253411195717837
1,2993,0.24409582696635734
1,2994,0.3037411597762699
1,2995,0.4694955685714867
1,2996,0.18868315926814022
1,2997,0.3272037241828442
1,2998,0.34775112257153395
1,2999,0.42629438874264436
1,3000,0.31846305956034576
1,3001,0.4397698830430588
1,3002,0.424490071922071
1,3003,0.21444507560724904
1,3004,0.3843698762137342
1,3005,0.6424153061927458
1,3006,0.7031267664971509
1,3007,0.4340593157037278
1,3008,0.42403087680567625
1,3009,0.23683373360300491
1,3010,0.34087493352179604
1,3011,0.5075548984077427
1,3012,0.35415852197982944
1,3013,0.5563634474448508
1,3014,0.3678384091474753
1,3015,0.4203101768057195
1,3016,0.41719617229691
1,3017,0.19978744251579664
1,3018,0.23727166714809186
1,3019,0.21505763278023024
1,3020,0.47723215874612135
1,3021,0.5171358378673967
1,3022,0.18611219131998422
1,3023,0.33163967640516623
1,3024,0.4512775586451553
1,3025,0.4742594742610249
1,3026,0.43306743091535826
1,3027,0.15153103557453168
1,3028,0.4251054320681271
1,3029,0.31766893465242
1,3030,0.41419437724122765
1,3031,0.30825876104604083
1,3032,0.7200865758656287
1,3033,0.24690791567905732
1,3034,0.22107077595526717
1,3035,0.6160734084790827
1,3036,0.5541032833805388
1,3037,0.4763787847296654
1,3038,0.3401161543835902
1,3039,0.393192590796063
1,3040,0.4684195502410069
1,3041,0.4214602582870983
1,3042,0.3011051732812378
1,3043,0.43120694237365426
1,3044,0.5504454166388283
1,3045,0.27652381079719307
1,3046,0.4837166989970448
1,3047,0.24847543428506552
1,3048,0.20481249978186675
1,3049,0.20295125320894153
1,3050,0.3522986093690053
1,3051,0.5108429127868768
1,3052,0.47479900036577827
1,3053,0.46016366692775024
1,3054,0.4154615930745878
1,3055,0.31187536567990476
1,3056,0.5028469292164703
1,3057,0.38432020167734104
1,3058,0.4704368358538167
1,3059,0.40089832186175417
1,3060,0.3142403429975591
1,3061,0.2513470193127993
1,3062,0.507864686496481
1,3063,0.21660693459036282
1,3064,0.29981679343171774
1,3065,0.17083804273924158
1,3066,0.22068003623628948
1,3067,0.48436436255774784
1,3068,0.3563840530174019
1,3069,0.6914796242901932
1,3070,0.5222819393280804
1,3071,0.23164593153366303
1,3072,0.2826985789754534
1,3073,0.4426937311915964
1,3074,0.4745331853798386
1,3075,0.2862082756874928
1,3076,0.3368596586048879
1,3077,0.5359000236293135
1,3078,0.4873164283947092
1,3079,0.48414895803438934
1,3080,0.22266458146828244
1,3081,0.15583903379245048
1,3082,0.3416938874845811
1,3083,0.5844209878873322
1,3084,0.384706692848516
1,3085,0.3520735902453871
1,3086,0.5143810507092321
1,3087,0.27504601541078355
1,3088,0.4377730216075344
1,3089,0.27622711376895004
1,3090,0.27707718576456136
1,3091,0.24394622375354888
1,3092,0.27362132922658383
1,3093,0.3199124215579679
1,3094,0.28808763853941277
1,3095,0.2182247819348675
1,3096,0.21614443660251167
1,3097,0.22495609284724222
1,3098,0.12990512143788005
1,3099,0.41548753567982355
1,3100,0.2871956303718408
1,3101,0.21385079289583314
1,3102,0.34777272370240137
1,3103,0.38173860695791084
1,3104,0.2745810422239354
1,3105,0.5845142819390888
1,3106,0.36431437535314654
1,3107,0.31461586412708553
1,3108,0.40274489284583387
1,3109,0.3975827512039043
1,3110,0.27960940846153925
1,3111,0.2051251631331457
1,3112,0.6640015353585473
1,3113,0.5500469836698075
1,3114,0.4350464110497008
1,3115,0.346293261239202
1,3116,0.5620607458263673
1,3117,0.30323232264552125
1,3118,0.33304995047614083
1,3119,0.28820487840723075
1,3120,0.2344280881153996
1,3121,0.2842569722681158
1,3122,0.4058810233863783
1,3123,0.4048729758064148
1,3124,0.4498121139781635
1,3125,0.2610239399434351
1,3126,0.35216837022424385
1,3127,0.3488453428230163
1,3128,0.26943478192319864
1,3129,0.27179469257480504
1,3130,0.4019244054451729
1,3131,0.3382195044306224
1,3132,0.2749676644732235
1,3133,0.28266381694741816
1,3134,0.46866901245834475
1,3135,0.5181604599732057
1,3136,0.48880063373922944
1,3137,0.19882315208678825
1,3138,0.0750475951558605
1,3139,0.7240861251425845
1,3140,0.5157675125334265
1,3141,0.33421987543324666
1,3142,0.4623779840339743
1,3143,0.573854205241277
1,3144,0.2575391544931465
1,3145,0.23899550654309648
1,3146,0.6149960230436856
1,3147,0.5535882630117988
1,3148,0.35640353143909853
1,3149,0.38714075637968237
1,3150,0.36577984616220904
1,3151,0.1910060120760372
1,3152,0.12581873686957437
1,3153,0.554718823041978
1,3154,0.5502644978570165
1,3155,0.21904962675901424
1,3156,0.37504537822738016
1,3157,0.358637986983845
1,3158,0.5103322782082333
1,3159,0.5535476495698307
1,3160,0.5966383958147224
1,3161,0.16019776692125784
1,3162,0.21232327463391057
1,3163,0.32063450729993576
1,3164,0.3940146210575979
1,3165,0.3005139383182559
1,3166,0.2565018044095491
1,3167,0.546102106158164
1,3168,0.4759317121930732
1,3169,0.3480017022501154
1,3170,0.11568044181930519
1,3171,0.3754931031121762
1,3172,0.1780267585146909
1,3173,0.2429638969015747
1,3174,0.6026076778983193
1,3175,0.24762320605061422
1,3176,0.3872172371422526
1,3177,0.19913529864541069
1,3178,0.35896270894271576
1,3179,0.32215454410240574
1,3180,0.2872054262601754
1,3181,0.35020662914049555
1,3182,0.2298731903843631
1,3183,0.08460835071359854
1,3184,0.24381410498011397
1,3185,0.3685705471699474
1,3186,0.24482745986333265
1,3187,0.30950429855013545
1,3188,0.30975859528137906
1,3189,0.5066893257992929
1,3190,0.2290400651129012
1,3191,0.4250770919443292
1,3192,0.33721553499902807
1,3193,0.11569260047140209
1,3194,0.2798047925206301
1,3195,0.24414370782665493
1,3196,0.27392477618037314
1,3197,0.4177347449992191
1,3198,0.3378764805096663
1,3199,0.48060096565007965
1,3200,0.3528828958486811
1,3201,0.35412798512103155
1,3202,0.4258972008046278
1,3203,0.4654974118519103
1,3204,0.3859736496328585
1,3205,0.2877256966717327
1,3206,0.3761651406585909
1,3207,0.6675664833159488
1,3208,0.6400303509080177
1,3209,0.205666508333214
1,3210,0.5340926634875772
1,3211,0.289207324485247
1,3212,0.7350504752933295
1,3213,0.6386291561464441
1,3214,0.4874010879147422
1,3215,0.40056871388397886
1,3216,0.18106827019390892
1,3217,0.3896324067679213
1,3218,0.30519103254047847
1,3219,0.14171283463205187
1,3220,0.38154830546148294
1,3221,0.41833004891415826
1,3222,0.368161867884739
1,3223,0.18114487323950051
1,3224,0.38942975343640923
1,3225,0.3344240107887929
1,3226,0.23203442218283624
1,3227,0.309132871459286
1,3228,0.2802331249991113
1,3229,0.30898325962469625
1,3230,0.20847526147451956
1,3231,0.4287803947061049
1,3232,0.3007940556802407
1,3233,0.2834251195105229
1,3234,0.28742378941249364
1,3235,0.5905217369653465
1,3236,0.3743954244713055
1,3237,0.4886715262814068
1,3238,0.5170452368277446
1,3239,0.169248235026892
1,3240,0.45452912228813713
1,3241,0.477245369574339
1,3242,0.6831923763055795
1,3243,0.6926872639818331
1,3244,0.5417066642196092
1,3245,0.41676932471290973
1,3246,0.4965371203811324
1,3247,0.5569143837014879
1,3248,0.2995315127446592
1,3249,0.48868226817619626
1,3250,0.44307991369788746
1,3251,0.44678510216945194
1,3252,0.2726016215566669
1,3253,0.33032884565051895
1,3254,0.18559538159376004
1,3255,0.5142268453952584
1,3256,0.41648072280812454
1,3257,0.379323448190749
1,3258,0.3042533189410807
1,3259,0.5525746064035428
1,3260,0.25966352227834283
1,3261,0.5194217444083696
1,3262,0.3426952964648697
1,3263,0.18870188727199014
1,3264,0.27116881304579465
1,3265,0.5249416732660975
1,3266,0.3834391532920562
1,3267,0.5006709440138181
1,3268,0.5184882734955245
1,3269,0.2939706357065113
1,3270,0.33038807675045734
1,3271,0.2886269623551673
1,3272,0.3794590200102834
1,3273,0.22591502446825873
1,3274,0.19968650409812244
1,3275,0.42321121530419664
1,3276,0.25536626156404246
1,3277,0.47827774910405874
1,3278,0.29284560519182934
1,3279,0.4756357902697124
1,3280,0.5147253234326421
1,3281,0.4686435900699438
1,3282,0.6940549066586413
1,3283,0.4529532162818508
1,3284,0.26064335133782107
1,3285,0.427125403289606
1,3286,0.576985726248306
1,3287,0.2215852260598678
1,3288,0.13234396740231294
1,3289,0.3148820584400636
1,3290,0.3792922360516864
1,3291,0.4373375728152954
1,3292,0.3813809708635608
1,3293,0.26671303777854627
1,3294,0.35322077400708596
1,3295,0.42284049286617886
1,3296,0.30868216470341986
1,3297,0.4714708871335746
1,3298,0.4586138871531655
1,3299,0.2943653531719476
1,3300,0.2249484288652763
1,3301,0.4582797419303929
1,3302,0.4174750912580676
1,3303,0.46313511817242814
1,3304,0.42845107970328017
1,3305,0.11182344926390349
1,3306,0.4306439010485513
1,3307,0.4880780912796195
1,3308,0.26903764569936406
1,3309,0.15888216090983115
1,3310,0.2649499133227832
1,3311,0.40597659836120975
1,3312,0.4357892982356059
1,3313,0.3077989784967265
1,3314,0.31726909722664026
1,3315,0.3747106291481079
1,3316,0.47065415316884085
1,3317,0.18771703793521236
1,3318,0.26436162921324785
1,3319,0.4758484183689168
1,3320,0.16708486885406354
1,3321,0.4670880248117073
1,3322,0.3144412747882835
1,3323,0.31893746453228394
1,3324,0.3639035717870919
1,3325,0.5373360392910698
1,3326,0.29176629996679687
1,3327,0.41850290730306344
1,3328,0.2751678828376115
1,3329,0.3997607237318477
1,3330,0.25836623185853574
1,3331,0.23396147987103044
1,3332,0.2716421865204163
1,3333,0.43276017321098564
1,3334,0.30290838479942384
1,3335,0.49427540762645983
1,3336,0.3350773910004431
1,3337,0.5050941099472909
1,3338,0.3649323266596183
1,3339,0.4880409634625303
1,3340,0.47712377565939673
1,3341,0.5194256957429416
1,3342,0.8046783599331504
1,3343,0.3451267609601662
1,3344,0.27404892981514917
1,3345,0.46106843897870137
1,3346,0.45943951342786343
1,3347,0.3663145457196646
1,3348,0.37453245286325554
1,3349,0.30597590512905065
1,3350,0.25118432679048425
1,3351,0.27713969939482946
1,3352,0.4314109387570653
1,3353,0.49811888369922414
1,3354,0.5891191447835709
1,3355,0.14286299851266884
1,3356,0.25982618325523993
1,3357,0.4122113564863247
1,3358,0.20371200307885706
1,3359,0.4745869179289288
1,3360,0.16984388952204613
1,3361,0.6183569384018063
1,3362,0.401569312282521
1,3363,0.35493635133856605
1,3364,0.3591991224413318
1,3365,0.5120836133893384
1,3366,0.6118508695053426
1,3367,0.672702128652222
1,3368,0.3907307796147713
1,3369,0.4904085610813817
1,3370,0.4822649454856923
1,3371,0.3029211523307051
1,3372,0.3731065469215764
1,3373,0.6100214184918532
1,3374,0.5281746241700526
1,3375,0.5498678820913149
1,3376,0.3385985656917749
1,3377,0.532661668361174
1,3378,0.2011345729001614
1,3379,0.3285285485653682
1,3380,0.5337102601256987
1,3381,0.3326553625483329
1,3382,0.619867908634849
1,3383,0.4155306360344566
1,3384,0.2161263179937506
1,3385,0.2963547574474736
1,3386,0.38741142233838977
1,3387,0.3099072845282191
1,3388,0.2710734619673281
1,3389,0.44872589795809104
1,3390,0.5850838955291355
1,3391,0.5633865701856673
1,3392,0.5115543131613893
1,3393,0.36358811012075
1,3394,0.4332364262673179
1,3395,0.20363448920682728
1,3396,0.41643780684298326
1,3397,0.3636499438609499
1,3398,0.2290208096606074
1,3399,0.2374915196225222
1,3400,0.38235038129801974
1,3401,0.446764284688723
1,3402,0.23202600411868865
1,3403,0.3237816037292546
1,3404,0.2920225789189367
1,3405,0.3571685001759388
1,3406,0.4156560422156831
1,3407,0.2658899953841765
1,3408,0.23256979894294613
1,3409,0.47473424403484465
1,3410,0.3300823036276238
1,3411,0.2669018873415999
1,3412,0.37307336605799
1,3413,0.3315989315280634
1,3414,0.46557283641838054
1,3415,0.28786490508428075
1,3416,0.30627518009940913
1,3417,0.5035572832899976
1,3418,0.5145371993390905
1,3419,0.6016273149306779
1,3420,0.5626099536216371
1,3421,0.5647042791700199
1,3422,0.4191326965762283
1,3423,0.5142031604157935
1,3424,0.5177818724508266
1,3425,0.7032724601106639
1,3426,0.6608691936228822
1,3427,0.5067403292064084
1,3428,0.3549501756471744
1,3429,0.39330753482503716
1,3430,0.5892620188699067
1,3431,0.24392384482468102
1,3432,0.23006899828527425
1,3433,0.41278272237368574
1,3434,0.3096756316911741
1,3435,0.36372841654413435
1,3436,0.27267697156710946
1,3437,0.22716654703260736
1,3438,0.19467403310435444
1,3439,0.2910115297302655
1,3440,0.45148200319107584
1,3441,0.1974160385315573
1,3442,0.5748385425666341
1,3443,0.4243149927510033
1,3444,0.43500313498418086
1,3445,0.43921590921137377
1,3446,0.22435359369110108
1,3447,0.1619353551578126
1,3448,0.6746619779264791
1,3449,0.4928306993355015
1,3450,0.4546553837320908
1,3451,0.5888296792093136
1,3452,0.5204107931508285
1,3453,0.34769522727771357
1,3454,0.40066301739649335
1,3455,0.3188787473269006
1,3456,0.33629686150017013
1,3457,0.25881051220580087
1,3458,0.3623103547113452
1,3459,0.6723242718672924
1,3460,0.6906874533622711
1,3461,0.5846151132238596
1,3462,0.530073188636471
1,3463,0.3372855986291406
1,3464,0.24465530405515837
1,3465,0.4212348103539987
1,3466,0.34524728431673085
1,3467,0.3121672939481156
1,3468,0.39919150399329667
1,3469,0.18641327080605727
1,3470,0.1170730752537502
1,3471,0.5108525226165755
1,3472,0.3771917242923722
1,3473,0.8477534170859731
1,3474,0.552830704833351
1,3475,0.4152455898256883
1,3476,0.4392348629214705
1,3477,0.2919075044528114
1,3478,0.6098103565383861
1,3479,0.3558614779599289
1,3480,0.3537567329453542
1,3481,0.34434037074624535
1,3482,0.3877174653109527
1,3483,0.42329939652443127
1,3484,0.6595961231605106
1,3485,0.4465458769843581
1,3486,0.5351251069125373
1,3487,0.4360472412036979
1,3488,0.41427813563146676
1,3489,0.4219380156376815
1,3490,0.3223295166992109
1,3491,0.30960927193054555
1,3492,0.2921951935303526
1,3493,0.5373451141503324
1,3494,0.35666402848404916
1,3495,0.27684340625503845
1,3496,0.5567411345409934
1,3497,0.2718380946257435
1,3498,0.28906621831856616
1,3499,0.37262138833847624
1,3500,0.39977260556454397
1,3501,0.3448233217196997
1,3502,0.5717121019260655
1,3503,0.5355041465711741
1,3504,0.2969761315342618
1,3505,0.33992874506298004
1,3506,0.5822048604266841
1,3507,0.2868267653426432
1,3508,0.4521379926404304
1,3509,0.4133439247559806
1,3510,0.3993872139839123
1,3511,0.5855332682987331
1,3512,0.6369640423029926
1,3513,0.41945997721415207
1,3514,0.28559282283004195
1,3515,0.6946435545485705
1,3516,0.2495862842164589
1,3517,0.29244391182224716
1,3518,0.446204333449986
1,3519,0.4145631934582078
1,3520,0.3900774187185975
1,3521,0.32998212051156034
1,3522,0.3214596467981806
1,3523,0.31527995495255046
1,3524,0.22503749532775222
1,3525,0.3400928227572313
1,3526,0.1918772280190545
1,3527,0.2925189466564896
1,3528,0.32257535735856413
1,3529,0.46374274731659376
1,3530,0.5306874937828963
1,3531,0.25495620748519743
1,3532,0.4520892688877877
1,3533,0.19339630242660985
1,3534,0.23589427959025322
1,3535,0.5838188510517316
1,3536,0.2640100730486009
1,3537,0.3644381740569612
1,3538,0.39622708521212074
1,3539,0.4778091744139767
1,3540,0.2776182385564803
1,3541,0.6207917563649183
1,3542,0.22328395578777804
1,3543,0.2747764776313025
1,3544,0.3520573387084702
1,3545,0.3451191281459615
1,3546,0.3233053976910739
1,3547,0.28274068524799606
1,3548,0.5698922129699872
1,3549,0.7959881121466162
1,3550,0.5592883355420682
1,3551,0.21682943537686183
1,3552,0.3149926510598853
1,3553,0.41281258975696633
1,3554,0.2850376050711813
1,3555,0.3468755531741853
1,3556,0.4436696177128798
1,3557,0.6150148314139349
1,3558,0.8695325218824207
1,3559,0.24468852978704722
1,3560,0.5790963045861597
1,3561,0.3306157324582949
1,3562,0.3457735642853255
1,3563,0.19234486553872626
1,3564,0.19289675631355266
1,3565,0.2896201048144987
1,3566,0.44435265147623226
1,3567,0.5546072989408057
1,3568,0.34388863833898575
1,3569,0.417967439566366
1,3570,0.3997716269447511
1,3571,0.5911712103966571
1,3572,0.29175166421640386
1,3573,0.28511314252720593
1,3574,0.3559239947769589
1,3575,0.29732553302655196
1,3576,0.287526353159702
1,3577,0.37882501626882525
1,3578,0.42319073181925815
1,3579,0.4463201351470292
1,3580,0.3847679097022712
1,3581,0.3024743497524878
1,3582,0.27926005202755316
1,3583,0.43023007966988713
1,3584,0.3165129567860097
1,3585,0.6194927157551995
1,3586,0.4022563935222153
1,3587,0.2803633028590404
1,3588,0.35710691602453726
1,3589,0.37891912739192524
1,3590,0.2603249272044793
1,3591,0.3184298973935952
1,3592,0.3660323469616585
1,3593,0.2697554891736627
1,3594,0.34820383966661755
1,3595,0.4565940662460851
1,3596,0.44292409370405555
1,3597,0.3890613851471113
1,3598,0.25962367511503376
1,3599,0.30536333301273927
1,3600,0.20967597970371074
1,3601,0.17062625620728525
1,3602,0.4758124394471257
1,3603,0.5896321588245741
1,3604,0.7065399530745992
1,3605,0.5177581926631893
1,3606,0.36903732855629984
1,3607,0.5301851242141622
1,3608,0.41703420110383377
1,3609,0.45280333405908807
1,3610,0.17602052846792354
1,3611,0.37199423275447263
1,3612,0.27332969826492415
1,3613,0.10481411258198337
1,3614,0.28494503416640204
1,3615,0.5578357380569441
1,3616,0.28782239673374094
1,3617,0.32978861547647526
1,3618,0.24098799336860138
1,3619,0.18302953302185201
1,3620,0.4882852700918975
1,3621,0.3872718274880274
1,3622,0.709192075727111
1,3623,0.28950864873358595
1,3624,0.3398942653324021
1,3625,0.24268611959782216
1,3626,0.4643910114099386
1,3627,0.6854424305202866
1,3628,0.6629811812153003
1,3629,0.5195689496330723
1,3630,0.4103370179261237
1,3631,0.2059371419339849
1,3632,0.29065200246591394
1,3633,0.24329378565270032
1,3634,0.31600983194898163
1,3635,0.21952515287536006
1,3636,0.375095635927885
1,3637,0.39729169517082064
1,3638,0.21757820983018417
1,3639,0.4678015309015209
1,3640,0.15148385585394922
1,3641,0.29781442864845536
1,3642,0.10386407339044001
1,3643,0.33711097732727374
1,3644,0.5521391320428057
1,3645,0.21215968686271766
1,3646,0.5125817332460975
1,3647,0.2213669957895789
1,3648,0.23274656218392503
1,3649,0.744194397718876
1,3650,0.4763638175523989
1,3651,0.2592581138258935
1,3652,0.2654336185592545
1,3653,0.4680596197260843
1,3654,0.26872132934075305
1,3655,0.44180126005354514
1,3656,0.332411056246574
1,3657,0.23999060225770102
1,3658,0.4744970158908792
1,3659,0.29687156411331556
1,3660,0.298284159628332
1,3661,0.45331998084514324
1,3662,0.44381135889158724
1,3663,0.23677140127182278
1,3664,0.17185771693751628
1,3665,0.5430229726582024
1,3666,0.46515854969501313
1,3667,0.12768956904164833
1,3668,0.23961103773766698
1,3669,0.37020761742487546
1,3670,0.29367748041096003
1,3671,0.21749576674921572
1,3672,0.17686713014706873
1,3673,0.14657609385423528
1,3674,0.3170347212050783
1,3675,0.22178363533685028
1,3676,0.4072732294420108
1,3677,0.24387448182517343
1,3678,0.2373193293818677
1,3679,0.41447854260012157
1,3680,0.5011359800321512
1,3681,0.3767278257389708
1,3682,0.28821159034671234
1,3683,0.3257671050270415
1,3684,0.37080664977622385
1,3685,0.5209106821817661
1,3686,0.5339290545302507
1,3687,0.16225691790521607
1,3688,0.5412885907258075
1,3689,0.35510977133889915
1,3690,0.41218688606364756
1,3691,0.3887168440701303
1,3692,0.32699860063681346
1,3693,0.23538438834995115
1,3694,0.5150729389981417
1,3695,0.28996186732312146
1,3696,0.3378164323037361
1,3697,0.13003129755793055
1,3698,0.6931946697327547
1,3699,0.20203468863345211
1,3700,0.2682244479335733
1,3701,0.340610862915499
1,3702,0.3601471111979456
1,3703,0.40847944615147297
1,3704,0.43991350120793593
1,3705,0.416137792735178
1,3706,0.21731307369117484
1,3707,0.3939801658169403
1,3708,0.4071894257935396
1,3709,0.2953974827201896
1,3710,0.6841516876213668
1,3711,0.2685787904485647
1,3712,0.1557476195775246
1,3713,0.31257748349064857
1,3714,0.23492744110432034
1,3715,0.1603288022620103
1,3716,0.261835476166569
1,3717,0.24510486323828906
1,3718,0.260315792641331
1,3719,0.5165458289268724
1,3720,0.3977191684070539
1,3721,0.21692079505364706
1,3722,0.1742006819130319
1,3723,0.3328930645973922
1,3724,0.347588936575188
1,3725,0.24134829442621544
1,3726,0.5942807961049662
1,3727,0.2946535625770411
1,3728,0.2881359124356552
1,3729,0.3865611791323125
1,3730,0.3252121576469577
1,3731,0.2754896272284431
1,3732,0.3442156358982053
1,3733,0.3906569926694658
1,3734,0.295986136223124
1,3735,0.40328518833569055
1,3736,0.3158928764435238
1,3737,0.5204732823614724
1,3738,0.38903062832825785
1,3739,0.45616465916741256
1,3740,0.2660517653088286
1,3741,0.4862606356791512
1,3742,0.3283033918828735
1,3743,0.1368369216029474
1,3744,0.19710757482692515
1,3745,0.2835170693473244
1,3746,0.4065353771706908
1,3747,0.3485928116008888
1,3748,0.27659000007150225
1,3749,0.2659378997285834
1,3750,0.5214186724202577
1,3751,0.375521358448277
1,3752,0.5294660649148716
1,3753,0.48037145789908786
1,3754,0.16567056342669867
1,3755,0.19194376198115787
1,3756,0.31467008041021827
1,3757,0.39549597887159
1,3758,0.5886331466694085
1,3759,0.3779789200096346
1,3760,0.39232125040501903
1,3761,0.46433533231207996
1,3762,0.18168029142028178
1,3763,0.17546762178428524
1,3764,0.25731104288550277
1,3765,0.3412374014067364
1,3766,0.32136912275355833
1,3767,0.32059507474019555
1,3768,0.41520430452933105
1,3769,0.3029693983257639
1,3770,0.4204252182205169
1,3771,0.3284944449304837
1,3772,0.26390863432983996
1,3773,0.3527769474555249
1,3774,0.3833433760083639
1,3775,0.2687598469947571
1,3776,0.4074082110946013
1,3777,0.21442034370880378
1,3778,0.45015894513291027
1,3779,0.34637700656512227
1,3780,0.6902771421296945
1,3781,0.38327680565166833
1,3782,0.3184359687605944
1,3783,0.28930744276256737
1,3784,0.3046854227379391
1,3785,0.4590635066250046
1,3786,0.2447757651271062
1,3787,0.434632264645228
1,3788,0.34056851835528235
1,3789,0.508796548998578
1,3790,0.2326602616257468
1,3791,0.3519053369549937
1,3792,0.240483409184007
1,3793,0.16713958956535702
1,3794,0.20952486432489353
1,3795,0.3622006196576418
1,3796,0.2242866856587777
1,3797,0.3995019884483151
1,3798,0.5002089623878088
1,3799,0.5852897755733819
1,3800,0.3286207344474579
1,3801,0.17625343649005387
1,3802,0.38627911401877857
1,3803,0.37100432737364664
1,3804,0.25340986455652165
1,3805,0.4099986022391267
1,3806,0.1699094263802808
1,3807,0.5189080990170832
1,3808,0.5266415073481129
1,3809,0.42974695035013716
1,3810,0.3609387295335027
1,3811,0.3026961995447917
1,3812,0.47353864972921017
1,3813,0.31124558907792477
1,3814,0.44289371387881565
1,3815,0.3489215731912723
1,3816,0.1722740545525002
1,3817,0.16234568789079803
1,3818,0.1977917018103646
1,3819,0.3699062822386542
1,3820,0.2276040806525532
1,3821,0.36443325035717955
1,3822,0.2525594892207834
1,3823,0.3521263046407786
1,3824,0.3443304156851217
1,3825,0.4209289807838636
1,3826,0.3663682804459316
1,3827,0.32002772811752583
1,3828,0.4265762432574089
1,3829,0.46415773880645805
1,3830,0.3795489035164469
1,3831,0.26424078525672795
1,3832,0.23559405963968436
1,3833,0.2290614040212214
1,3834,0.4149944039995822
1,3835,0.2586471872190305
1,3836,0.42632190072610865
1,3837,0.532809373582791
1,3838,0.3101633450981073
1,3839,0.2175320159080266
1,3840,0.46160431602036234
1,3841,0.47591800982547816
1,3842,0.3578071932642848
1,3843,0.3771525920116426
1,3844,0.4869202939079465
1,3845,0.34566725500376017
1,3846,0.4825731397008469
1,3847,0.23626252091859057
1,3848,0.2012058189909324
1,3849,0.2263241229213541
1,3850,0.6502882821127679
1,3851,0.12316781215850944
1,3852,0.35612414311100105
1,3853,0.512674117091466
1,3854,0.33925794986875807
1,3855,0.2667249425265259
1,3856,0.1899819257146887
1,3857,0.35638450965019886
1,3858,0.36341653765498055
1,3859,0.3081899072711571
1,3860,0.35706101232546816
1,3861,0.2572351828283648
1,3862,0.5537370787446114
1,3863,0.2559343949138765
1,3864,0.32524556867047033
1,3865,0.15649466498738906
1,3866,0.16450073591046152
1,3867,0.14947811305187986
1,3868,0.21585848565004312
1,3869,0.40577594515064314
1,3870,0.3034999747971946
1,3871,0.2923563892046332
1,3872,0.3032447825184885
1,3873,0.28788616623360536
1,3874,0.3567687614402341
1,3875,0.5366736640965456
1,3876,0.5472560255701957
1,3877,0.46043370910783926
1,3878,0.3930949931940007
1,3879,0.32351092106432217
1,3880,0.36636908008681734
1,3881,0.24215033420155796
1,3882,0.3961979314736434
1,3883,0.38171136563350255
1,3884,0.3564107108211954
1,3885,0.1147902621514426
1,3886,0.6352611672782548
1,3887,0.18218457211388792
1,3888,0.849752494123308
1,3889,0.8146776292665959
1,3890,0.736587254420072
1,3891,0.2255743264327856
1,3892,0.32619776595217426
1,3893,0.3829472473500963
1,3894,0.31603198406719085
1,3895,0.669646737052279
1,3896,0.5462568005522243
1,3897,0.6036794448621334
1,3898,0.6810289029541101
1,3899,0.6101231852268691
1,3900,0.2147515717539306
1,3901,0.5107936908610078
1,3902,0.6006158288422331
1,3903,0.5658865880749009
1,3904,0.3018935103535262
1,3905,0.5150438710650759
1,3906,0.44222875079774104
1,3907,0.1865123670292695
1,3908,0.40075338061379157
1,3909,0.2441682244482614
1,3910,0.39827506524066925
1,3911,0.33675544310832645
1,3912,0.5604777083849035
1,3913,0.2539729357595209
1,3914,0.3696961547015998
1,3915,0.30805118076465426
1,3916,0.3368626553644514
1,3917,0.37834482098983574
1,3918,0.41529907873943617
1,3919,0.45932219409817715
1,3920,0.5833635795133071
1,3921,0.1912150340782139
1,3922,0.33129737198072373
1,3923,0.11852128959243842
1,3924,0.3580441098372929
1,3925,0.27245616325073363
1,3926,0.29585616727610564
1,3927,0.5175654610362096
1,3928,0.5262336104394776
1,3929,0.6218311722692278
1,3930,0.7325028031820215
1,3931,0.8673547840862238
1,3932,0.8719029156374585
1,3933,0.2541244076395384
1,3934,0.4544768890798902
1,3935,0.4379116065620856
1,3936,0.16053351319768036
1,3937,0.46512334611242095
1,3938,0.5390336981905542
1,3939,0.3254350507992666
1,3940,0.22172592146970366
1,3941,0.2927747236456729
1,3942,0.24374674550386466
1,3943,0.4221776352031856
1,3944,0.32829243748192855
1,3945,0.36672192682690946
1,3946,0.3010372377517003
1,3947,0.14357464469150621
1,3948,0.7733720393980246
1,3949,0.6396886407111735
1,3950,0.5834385881273014
1,3951,0.5695893005399079
1,3952,0.4947397353556446
1,3953,0.39114134797958744
1,3954,0.3412847860247345
1,3955,0.3984569016786578
1,3956,0.46699162793150306
1,3957,0.3603074573834277
1,3958,0.7318232626226903
1,3959,0.4202622097577707
1,3960,0.6959400377423407
1,3961,0.5262498869921701
1,3962,0.13908644031795647
1,3963,0.3842936123964285
1,3964,0.24404488293003349
1,3965,0.3378705391345415
1,3966,0.6241674005643926
1,3967,0.3317002132310899
1,3968,0.3559055936194969
1,3969,0.4793012945771986
1,3970,0.3194637296920553
1,3971,0.5200410846904956
1,3972,0.13011438282367888
1,3973,0.3881515789933677
1,3974,0.5184289107308517
1,3975,0.5155793258297157
1,3976,0.23762933176397136
1,3977,0.41254744710187413
1,3978,0.22546739499083998
1,3979,0.42808431767080196
1,3980,0.3455684088294974
1,3981,0.3384917356424212
1,3982,0.15802704987575594
1,3983,0.23437625744908228
1,3984,0.3085594461382426
1,3985,0.32324380859223995
1,3986,0.37998213657990865
1,3987,0.3970806072747382
1,3988,0.43169136313423895
1,3989,0.15857315837619795
1,3990,0.54722651413672
1,3991,0.4296897089417318
1,3992,0.2313067260514388
1,3993,0.43122840728527934
1,3994,0.37069148542711444
1,3995,0.2669415038781163
1,3996,0.33143717471855005
1,3997,0.46698489705445817
1,3998,0.7412354771218734
1,3999,0.687498377626178
2,0,0.29184396106172955
2,1,0.25971590546083534
2,2,0.19784856315075236
2,3,0.18109214052289888
2,4,0.6217880212117433
2,5,0.23583536102250585
2,6,0.4335180160863445
2,7,0.4475148042256865
2,8,0.3302920530885866
2,9,0.3434022697722216
2,10,0.33555622895788423
2,11,0.36172246027335697
2,12,0.34207659562921816
2,13,0.32732210589982097
2,14,0.5605162873688282
2,15,0.39191940196801206
2,16,0.44631830487638546
2,17,0.4769999364729906
2,18,0.3771742371872889
2,19,0.3775600008592888
2,20,0.5054286879449787
2,21,0.5230533337101089
2,22,0.3556403646750476
2,23,0.36611780605674044
2,24,0.4174606164235609
2,25,0.412118841438015
2,26,0.5195219678722466
2,27,0.37736162311894395
2,28,0.4679984832013701
2,29,0.3548462619598891
2,30,0.4618957336923977
2,31,0.7411197547477546
2,32,0.11458272951926343
2,33,0.29339669312322003
2,34,0.3269621402318683
2,35,0.4838312814945149
2,36,0.4633818115951819
2,37,0.326632994424629
2,38,0.24637276786114767
2,39,0.28251776400318906
2,40,0.1706203718695596
2,41,0.32344092165388016
2,42,0.7607269796870892
2,43,0.4745258692680636
2,44,0.26424397869407545
2,45,0.22128535224362317
2,46,0.20502822001000923
2,47,0.3429746278804479
2,48,0.7752731340334993
2,49,0.4978524064105876
2,50,0.6051841654739112
2,51,0.3238567471565991
2,52,0.23297841038670045
2,53,0.45189516966578847
2,54,0.41695840725373756
2,55,0.5351705126339398
2,56,0.38947102241793413
2,57,0.2709917841429638
2,58,0.41425914058128144
2,59,0.26767451211235194
2,60,0.23738114427519605
2,61,0.28091081112648003
2,62,0.42515202015910547
2,63,0.25998597539793167
2,64,0.2537256323191015
2,65,0.3201682263246114
2,66,0.2638683621876392
2,67,0.344304880754409
2,68,0.35347794029389323
2,69,0.5630913837881154
2,70,0.49331118508325544
2,71,0.5555535260036731
2,72,0.422935384473408
2,73,0.48805504241983266
2,74,0.5337856040632608
2,75,0.45809649353041676
2,76,0.20329722936485675
2,77,0.3722088741297907
2,78,0.3906466004149937
2,79,0.5314147139234384
2,80,0.25432612234273777
2,81,0.27797579311771753
2,82,0.38940465040815553
2,83,0.37135207612863447
2,84,0.2953001820512179
2,85,0.2706121448082333
2,86,0.4226458985875671
2,87,0.3733899989961777
2,88,0.289492145057704
2,89,0.4125435829792932
2,90,0.4070762170037221
2,91,0.31316380915353054
2,92,0.48591665159145314
2,93,0.29362017790895917
2,94,0.26592237759268855
2,95,0.43879611880111186
2,96,0.3662692919420324
2,97,0.3626705659102076
2,98,0.29172127869290165
2,99,0.23322075910956153
2,100,0.47511543891959573
2,101,0.47539971050156055
2,102,0.2805778632096688
2,103,0.44725481050350224
2,104,0.1974785092533062
2,105,0.19839113757390772
2,106,0.7266752555323519
2,107,0.37290126399096496
2,108,0.3290322118799303
2,109,0.3696863041415725
2,110,0.4169391578577686
2,111,0.43634144523580953
2,112,0.2069348993336074
2,113,0.24498615471517987
2,114,0.5446536514299815
2,115,0.5645957873744909
2,116,0.30350072908489034
2,117,0.5204569168521948
2,118,0.3453847349002706
2,119,0.40592684719031674
2,120,0.28218063672047694
2,121,0.4306610185741779
2,122,0.3647068842381682
2,123,0.4563195626166217
2,124,0.48285958491465736
2,125,0.5164889198959207
2,126,0.5455444713659896
2,127,0.4451636331692429
2,128,0.367285803166043
2,129,0.546424941860641
2,130,0.4220621804978281
2,131,0.5392493858902317
2,132,0.39906647629350056
2,133,0.19413713766490284
2,134,0.16477595127645622
2,135,0.3581229722292802
2,136,0.36199120188840006
2,137,0.37678103883628505
2,138,0.37738016783135114
2,139,0.37020093444225805
2,140,0.29475204387823095
2,141,0.40156116990276175
2,142,0.4350297206984594
2,143,0.18044946657111546
2,144,0.10058412854430779
2,145,0.1432867604566939
2,146,0.3660579164711271
2,147,0.22628580791341446
2,148,0.3545269257549899
2,149,0.3369651290239676
2,150,0.24781866097754168
2,151,0.337211097126306
2,152,0.6051654626958023
2,153,0.4308093789228799
2,154,0.3164423354825716
2,155,0.21730585549983805
2,156,0.6501202875965155
2,157,0.4787523672485286
2,158,0.19784045664560548
2,159,0.5795886820141389
2,160,0.5038345550096471
2,161,0.24793628071549514
2,162,0.3597026390715217
2,163,0.363756742550666
2,164,0.3799930284116045
2,165,0.2842064150515391
2,166,0.3410212687459636
2,167,0.3763884487540446
2,168,0.34763176581159355
2,169,0.6428058595445988
2,170,0.26311955528198466
2,171,0.3598842216934936
2,172,0.16386839150863486
2,173,0.47043226191968085
2,174,0.3662469269379455
2,175,0.4793215453263838
2,176,0.2646132121612255
2,177,0.5207467135776566
2,178,0.3435086987357754
2,179,0.4196655323099749
2,180,0.4573645857577041
2,181,0.36047935449532514
2,182,0.3550444558573065
2,183,0.4523160483202852
2,184,0.36734975166304
2,185,0.43677175213862235
2,186,0.3306904764075894
2,187,0.3499819455673627
2,188,0.3458798787076571
2,189,0.3421309215965356
2,190,0.5224701725504789
2,191,0.26654763472693077
2,192,0.5348806971698735
2,193,0.39806376187152437
2,194,0.5087160931076543
2,195,0.44806556119067664
2,196,0.36611522288562137
2,197,0.38223270652565294
2,198,0.3587804277918618
2,199,0.5704870078441818
2,200,0.3370999453092586
2,201,0.6047349776837738
2,202,0.5897833408921431
2,203,0.36090925939089774
2,204,0.4815934886330588
2,205,0.5367938619195636
2,206,0.5062535576531314
2,207,0.4750233771452785
2,208,0.3155760401767717
2,209,0.3104164664641755
2,210,0.2930128537740107
2,211,0.6579092698384061
2,212,0.474639184836683
2,213,0.43607009649049666
2,214,0.4741288664048808
2,215,0.3001568512736783
2,216,0.32196962834916576
2,217,0.34217749994455543
2,218,0.34465437294286566
2,219,0.45892759249099857
2,220,0.5165620512559519
2,221,0.3059400920629522
2,222,0.5206121122662049
2,223,0.24558543418516196
2,224,0.2958727458033745
2,225,0.6169991630717532
2,226,0.44008667619574005
2,227,0.24386834755266598
2,228,0.2698237664798067
2,229,0.5720592832104726
2,230,0.5042306999134704
2,231,0.4014052189444059
2,232,0.41009159121760325
2,233,0.30622962354525446
2,234,0.5545352953210491
2,235,0.5199534664398474
2,236,0.41430758808637186
2,237,0.5722271251802314
2,238,0.39087787937619284
2,239,0.32131809023694147
2,240,0.31801403674988676
2,241,0.39458406978452687
2,242,0.34259487580377196
2,243,0.2709722763695489
2,244,0.33885070730988
2,245,0.29481856758299746
2,246,0.5815307933612002
2,247,0.335716096768844
2,248,0.2548433861332518
2,249,0.30856929298734515
2,250,0.26884021146182363
2,251,0.46571541964838437
2,252,0.39636598023002834
2,253,0.5508478237473471
2,254,0.5142576623116922
2,255,0.225752593932872
2,256,0.4896547480797993
2,257,0.42893626230671794
2,258,0.47537329906122816
2,259,0.39569918343073174
2,260,0.40895527707314183
2,261,0.3193550307465602
2,262,0.3509117285344095
2,263,0.31437881042390775
2,264,0.2825453382634117
2,265,0.357949150644209
2,266,0.6269483476074745
2,267,0.43647872581962244
2,268,0.5682324945772227
2,269,0.45496301140377776
2,270,0.14041630062576527
2,271,0.34675426201126414
2,272,0.10748280420379336
2,273,0.5158459569082154
2,274,0.648722289215832
2,275,0.2882049390271221
2,276,0.192699756648321
2,277,0.6165832192528976
2,278,0.2511588314608881
2,279,0.26360648957986677
2,280,0.33653570883172323
2,281,0.1825178168830712
2,282,0.7035927045010715
2,283,0.4974171119170791
2,284,0.44505857976716195
2,285,0.39470423106697844
2,286,0.402825123409473
2,287,0.5138980624715414
2,288,0.3241638140478582
2,289,0.2261583285306468
2,290,0.40524820524220867
2,291,0.3101394782195235
2,292,0.32637040227770053
2,293,0.3162813998449368
2,294,0.3951736027731081
2,295,0.4192567673290269
2,296,0.3638032514122646
2,297,0.25329514465911873
2,298,0.4515478000023979
2,299,0.32186051169906765
2,300,0.30264308901342407
2,301,0.34471674198752716
2,302,0.3202753673392747
2,303,0.4769475448281545
2,304,0.4951815566610556
2,305,0.32986267742497216
2,306,0.24409634628563234
2,307,0.3372294239049572
2,308,0.38495767931224395
2,309,0.35196383820927146
2,310,0.4583801778274984
2,311,0.46465585518358526
2,312,0.5337481472773583
2,313,0.4027136182604615
2,314,0.4351117558112003
2,315,0.37316138007418737
2,316,0.3412667599817228
2,317,0.43422666915462343
2,318,0.29203834289360514
2,319,0.24315876812783493
2,320,0.44711324949726944
2,321,0.5960231382470064
2,322,0.3176644542337553
2,323,0.6158314418703976
2,324,0.4529244181362422
2,325,0.6332578520393779
2,326,0.20563131887700567
2,327,0.23403648263415497
2,328,0.32655403839640407
2,329,0.2980302987709325
2,330,0.35558373209127386
2,331,0.41770605964791657
2,332,0.5298145429018621
2,333,0.44739719905287745
2,334,0.20406495655074483
2,335,0.5851006043708954
2,336,0.6043055697175272
2,337,0.4513386818870922
2,338,0.42733023990209906
2,339,0.507741892170765
2,340,0.3271638751675665
2,341,0.28075604785159836
2,342,0.24313525459648494
2,343,0.4972077752510093
2,344,0.21721831128700267
2,345,0.862129863042093
2,346,0.7297616237866059
2,347,0.5881504679757082
2,348,0.5080934126150347
2,349,0.5659317376592752
2,350,0.5963672854812905
2,351,0.45647373581271655
2,352,0.4338029691367379
2,353,0.4626756671803815
2,354,0.4396701298060649
2,355,0.2641212411017087
2,356,0.2015300536882193
2,357,0.35171629135832894
2,358,0.11769642584379805
2,359,0.22963916953139493
2,360,0.5902176414748618
2,361,0.4781868207745164
2,362,0.6392151991293017
2,363,0.22990491773604413
2,364,0.5159627225859228
2,365,0.27820607452098967
2,366,0.6097753904218733
2,367,0.2798343917648784
2,368,0.19050194771430734
2,369,0.5026460020856474
2,370,0.42089161988025753
2,371,0.35067279244266425
2,372,0.34532889531885813
2,373,0.29784825061343617
2,374,0.3476009379979359
2,375,0.17036590770865975
2,376,0.2464816385641336
2,377,0.3740271686619856
2,378,0.47486481132628056
2,379,0.2432635437034387
2,380,0.397655664221682
2,381,0.5201824128800391
2,382,0.27535970621491096
2,383,0.4467091622857146
2,384,0.21317051038948598
2,385,0.6371825405040339
2,386,0.6930841969448035
2,387,0.23905728678409402
2,388,0.6193313523250674
2,389,0.4067888318533662
2,390,0.36476046481413504
2,391,0.26635750813395365
2,392,0.37214410332716885
2,393,0.37196749727605344
2,394,0.3911975043794678
2,395,0.4753661267587846
2,396,0.47362987517719285
2,397,0.4130137282866737
2,398,0.3658487563273109
2,399,0.2931402043623486
2,400,0.36135294915201793
2,401,0.3729948564842482
2,402,0.37097592171793525
2,403,0.3898061694673002
2,404,0.3651519687252122
2,405,0.5531803186732092
2,406,0.5344269242717801
2,407,0.44489164061375414
2,408,0.40691756393761164
2,409,0.34171201363400433
2,410,0.39575688835006534
2,411,0.3148013550823973
2,412,0.39282698397284477
2,413,0.4719645017491667
2,414,0.2640382773107156
2,415,0.4587527635079494
2,416,0.4480451935529208
2,417,0.3695984804863864
2,418,0.7310171989385277
2,419,0.6762829987390403
2,420,0.4942522652968948
2,421,0.28680408024742804
2,422,0.2701812382676155
2,423,0.45866122592978076
2,424,0.4709279077128145
2,425,0.2893337687703124
2,426,0.295561557745135
2,427,0.4176036151549545
2,428,0.38918196267045096
2,429,0.32981157941723144
2,430,0.4405110129445889
2,431,0.439436302759902
2,432,0.3548439914009257
2,433,0.5674152479792669
2,434,0.2969061739183812
2,435,0.4849725504357333
2,436,0.4462695896821485
2,437,0.6198640258435919
2,438,0.5221227887274684
2,439,0.3345853619990121
2,440,0.4924215400589625
2,441,0.3340775881307835
2,442,0.23011081596375052
2,443,0.12543089097443427
2,444,0.591792340007032
2,445,0.615014015054107
2,446,0.19906340499146247
2,447,0.25910769327959804
2,448,0.4181313431273334
2,449,0.369730660305553
2,450,0.37192483664611636
2,451,0.2673660384947769
2,452,0.42886150213373353
2,453,0.32746592130761754
2,454,0.35348477368426273
2,455,0.38920457934554914
2,456,0.29372980352040795
2,457,0.36590991909792464
2,458,0.28618134501158404
2,459,0.1954490730300437
2,460,0.2918624569685302
2,461,0.3135465837728194
2,462,0.35102302038898975
2,463,0.3809758829852051
2,464,0.3573379946217717
2,465,0.411585940873399
2,466,0.5611114172124956
2,467,0.5074300342105921
2,468,0.22523434221913546
2,469,0.24396156640758915
2,470,0.5220764436278882
2,471,0.3316682415117521
2,472,0.4531207406787311
2,473,0.4084484566041217
2,474,0.4046995168248736
2,475,0.2282078316353033
2,476,0.30775634638587257
2,477,0.26775200485232725
2,478,0.4018698968883514
2,479,0.3080795293155965
2,480,0.25165860055473493
2,481,0.6082870987575931
2,482,0.3943140377843617
2,483,0.42318957020166104
2,484,0.2780655695003858
2,485,0.5638710481756741
2,486,0.4946919668156291
2,487,0.4831330758630914
2,488,0.36416600929031245
2,489,0.4166013804171297
2,490,0.3565951438150666
2,491,0.4198033493710731
2,492,0.5859647229441846
2,493,0.5840437497418617
2,494,0.42566163715276545
2,495,0.5552097127566189
2,496,0.18606573244557728
2,497,0.4194561769906331
2,498,0.501687489073469
2,499,0.3838256166726923
2,500,0.7162998673749295
2,501,0.25001906034683724
2,502,0.3191835288831247
2,503,0.5524644636271522
2,504,0.4900950567098569
2,505,0.4710776360561592
2,506,0.11625405898509118
2,507,0.1420501137385257
2,508,0.13416156414546826
2,509,0.13506755913371088
2,510,0.4322230893125377
2,511,0.3723735238243055
2,512,0.3864140247722894
2,513,0.4911499281900735
2,514,0.4193654386370307
2,515,0.4373868815315252
2,516,0.33024182261680174
2,517,0.34520269269248066
2,518,0.29458664043468036
2,519,0.3017249805073176
2,520,0.5036293447098925
2,521,0.3101895041298065
2,522,0.47787389314250195
2,523,0.37097558416722903
2,524,0.4904653285133651
2,525,0.4805445552777082
2,526,0.4197091651496927
2,527,0.22344061366072215
2,528,0.2889004658036346
2,529,0.5346292308964548
2,530,0.4142487332246468
2,531,0.534531462813342
2,532,0.5948570418619863
2,533,0.42437972974173127
2,534,0.3443312008878696
2,535,0.3892795385009366
2,536,0.4001880317906873
2,537,0.31910172850707547
2,538,0.5743463575196261
2,539,0.4117328615042601
2,540,0.4915846874850447
2,541,0.30474734147964144
2,542,0.36843884885903766
2,543,0.3935603049127353
2,544,0.4565935302993716
2,545,0.5351458372950402
2,546,0.34221487822417557
2,547,0.2945914607233018
2,548,0.5317732683615728
2,549,0.28748265380109933
2,550,0.4631346466050011
2,551,0.2599361024758044
2,552,0.16271729291515108
2,553,0.4808606447826047
2,554,0.3134476810408547
2,555,0.1984322796004249
2,556,0.4139363296095433
2,557,0.5063634620660652
2,558,0.5165500962169793
2,559,0.4401724470706438
2,560,0.43142766155776685
2,561,0.5845821569347942
2,562,0.3507699296219778
2,563,0.42627982593093355
2,564,0.27416804648854703
2,565,0.34373777200135713
2,566,0.4412473844800551
2,567,0.389986482757178
2,568,0.23359584591564833
2,569,0.5619523034688032
2,570,0.3346329773085376
2,571,0.3426676998051084
2,572,0.35400525816696715
2,573,0.7068254604756828
2,574,0.5621138583805088
2,575,0.7309279757988866
2,576,0.41412629759191455
2,577,0.4077819359071235
2,578,0.3720395267155982
2,579,0.5696040492094089
2,580,0.5586110148303599
2,581,0.643077176345191
2,582,0.25054867652368273
2,583,0.2950729014707479
2,584,0.43108127930721035
2,585,0.4716531515570516
2,586,0.36960657792518603
2,587,0.31567038568087963
2,588,0.2868098187713005
2,589,0.24295890985283725
2,590,0.4937866822887981
2,591,0.4180356330781756
2,592,0.3379523600487381
2,593,0.21000606014726933
2,594,0.39492588992091043
2,595,0.5139539709581572
2,596,0.5608183792147182
2,597,0.33321170073056006
2,598,0.4931163738136019
2,599,0.3382764274694601
2,600,0.3802681484418254
2,601,0.3820261566954684
2,602,0.4151940106385324
2,603,0.39874165363907005
2,604,0.33290734349031026
2,605,0.4017087012908764
2,606,0.4864738075451653
2,607,0.3502946663531388
2,608,0.38101406233722335
2,609,0.3303721897871891
2,610,0.36869543564796525
2,611,0.27620213925329995
2,612,0.5603101727098959
2,613,0.3462937606849942
2,614,0.3754716227030684
2,615,0.2928537787542399
2,616,0.47022773755537856
2,617,0.20516500883239183
2,618,0.3828464971700291
2,619,0.5007969003456878
2,620,0.38531345245031756
2,621,0.2609181364058275
2,622,0.2627508759110239
2,623,0.7450001086869409
2,624,0.5858244104419783
2,625,0.27760617515551655
2,626,0.4556697691459338
2,627,0.4854194579794826
2,628,0.47346441034078285
2,629,0.44127864420847424
2,630,0.33009358788917875
2,631,0.3098919560372877
2,632,0.39159691328916024
2,633,0.3067954759604965
2,634,0.5310884202006555
2,635,0.3979022687098767
2,636,0.4836383810932689
2,637,0.5292588393437265
2,638,0.21887077646911846
2,639,0.6126107122045618
2,640,0.31126698899805894
2,641,0.42436424205206863
2,642,0.46279407798203426
2,643,0.45640724047057885
2,644,0.38328287999928623
2,645,0.2988001436735966
2,646,0.6090005754111318
2,647,0.5218528793714157
2,648,0.4831964311296746
2,649,0.43711699398047665
2,650,0.30708763429467867
2,651,0.37422222375656083
2,652,0.41558205259084674
2,653,0.27534901915499793
2,654,0.3800627633623317
2,655,0.4578031800597002
2,656,0.46223689702166326
2,657,0.522746399894713
2,658,0.2928785614537121
2,659,0.29416762704817323
2,660,0.3545429631294601
2,661,0.4783651964577783
2,662,0.4513823704670239
2,663,0.2556876103547187
2,664,0.397266631048988
2,665,0.34479464916953156
2,666,0.2531619532409447
2,667,0.2859041575837502
2,668,0.34255466263701173
2,669,0.3697992528945308
2,670,0.3835457674861395
2,671,0.426167219577987
2,672,0.496429686625089
2,673,0.39365051484308977
2,674,0.16054486966818893
2,675,0.385477539760016
2,676,0.6905502292233107
2,677,0.17171390466167263
2,678,0.2744718802884694
2,679,0.5287769432572201
2,680,0.49935953365167185
2,681,0.47887493418479715
2,682,0.30348256869345214
2,683,0.4583434782890177
2,684,0.10827143691241356
2,685,0.3311315127997996
2,686,0.34948225130312044
2,687,0.41628159639489054
2,688,0.5478996387838168
2,689,0.6543549387951938
2,690,0.5932773214603487
2,691,0.6062296700442382
2,692,0.5872984622113875
2,693,0.3877177593689948
2,694,0.6728112797244918
2,695,0.3767430369210997
2,696,0.22091985038994102
2,697,0.37314082086888006
2,698,0.3144947647738549
2,699,0.3018733249573786
2,700,0.4043720244874589
2,701,0.3367467081715201
2,702,0.466442181545481
2,703,0.5385568874564116
2,704,0.5066606038066251
2,705,0.43469268030669844
2,706,0.3479305653207041
2,707,0.37465899646718387
2,708,0.33365519331989346
2,709,0.24200415008190132
2,710,0.30077791381105806
2,711,0.3370183718083003
2,712,0.3362806167808911
2,713,0.3774448731746575
2,714,0.40299042690371567
2,715,0.37664293574092256
2,716,0.3428372128092149
2,717,0.5030937401963963
2,718,0.4364580469131723
2,719,0.37217959581895615
2,720,0.5128677704472332
2,721,0.2624453022428021
2,722,0.281599086329321
2,723,0.34870717095943127
2,724,0.38761720416885104
2,725,0.6315554997503917
2,726,0.29696419873317315
2,727,0.4028784138944849
2,728,0.5023098557508537
2,729,0.6013848089538738
2,730,0.5599260815116318
2,731,0.6725268713180408
2,732,0.5341027248856953
2,733,0.4723466081001411
2,734,0.35549662345606786
2,735,0.26665540984274183
2,736,0.5194170932644355
2,737,0.3271973128771744
2,738,0.34456175161530495
2,739,0.29560838647562726
2,740,0.4314212430628769
2,741,0.3009866631734522
2,742,0.3264727329018029
2,743,0.4096047878254006
2,744,0.33948239656856705
2,745,0.2839177211391906
2,746,0.4676996428494085
2,747,0.22156685833839057
2,748,0.4381153093281166
2,749,0.550994134504427
2,750,0.3790849339785737
2,751,0.41752755963861815
2,752,0.4622562151504313
2,753,0.42639777266884255
2,754,0.38335111487200263
2,755,0.48869166474926173
2,756,0.35991646027104457
2,757,0.4701987466444031
2,758,0.3031577525347493
2,759,0.3993637751939928
2,760,0.3863141353296182
2,761,0.3659550053426955
2,762,0.25857304271727816
2,763,0.43668494882915276
2,764,0.2847458398870053
2,765,0.3498704840130678
2,766,0.34143656098801484
2,767,0.5049019721401232
2,768,0.4633115317888077
2,769,0.33304256866019183
2,770,0.3262492226256158
2,771,0.3192274525225276
2,772,0.37417695542203333
2,773,0.5778665143280797
2,774,0.4614122728188843
2,775,0.4829546693134352
2,776,0.5498071808416396
2,777,0.6773422278595166
2,778,0.1539411351509676
2,779,0.39942019341311696
2,780,0.3797431015854841
2,781,0.3276831262713334
2,782,0.5126582061025675
2,783,0.38495515609573877
2,784,0.1576195852315406
2,785,0.3819292085560695
2,786,0.22151942409101535
2,787,0.3354817416000937
2,788,0.24065701000618903
2,789,0.29093746445303065
2,790,0.25472197581455897
2,791,0.5036109783305691
2,792,0.36048075415122666
2,793,0.25809642755909784
2,794,0.477506028472015
2,795,0.3391468776720078
2,796,0.24706483242461189
2,797,0.42569482941711084
2,798,0.47957498862454
2,799,0.6513407217841756
2,800,0.3779334165612744
2,801,0.4670164968325287
2,802,0.3702712999237395
2,803,0.5178137407428478
2,804,0.40486930969859714
2,805,0.3327421552310319
2,806,0.552091129797777
2,807,0.4438173632063803
2,808,0.4794257793138894
2,809,0.40166583478472195
2,810,0.4001440553762379
2,811,0.5033710443093735
2,812,0.22086807218744386
2,813,0.4353047989465136
2,814,0.3300033767418967
2,815,0.3607007116429899
2,816,0.3198573873837704
2,817,0.31872590497034126
2,818,0.37676064917315355
2,819,0.3174793241991399
2,820,0.25259487451587687
2,821,0.2731555543937983
2,822,0.26743330588689196
2,823,0.3013821597089352
2,824,0.41706112447168425
2,825,0.318682311836471
2,826,0.4034420432421044
2,827,0.2776255275649936
2,828,0.36512207961019916
2,829,0.30399832012267725
2,830,0.5774040767355725
2,831,0.3884491740340532
2,832,0.35148028561722044
2,833,0.379859527494317
2,834,0.32551918562247867
2,835,0.3875087889808222
2,836,0.5153095257881954
2,837,0.38285324140231747
2,838,0.3751549679274438
2,839,0.4458133898486836
2,840,0.6053250304112545
2,841,0.5902191380121921
2,842,0.5029730753167818
2,843,0.39844209801478325
2,844,0.7009596702925871
2,845,0.5136937180925766
2,846,0.43277326016152634
2,847,0.38347751292798804
2,848,0.27994081870486065
2,849,0.42411369666838783
2,850,0.36295472304949944
2,851,0.5285760431874503
2,852,0.405230894859268
2,853,0.3709173164133687
2,854,0.3521807830233058
2,855,0.26312962078858376
2,856,0.28703765284329985
2,857,0.2927916917779197
2,858,0.42842831098981665
2,859,0.49023178602342354
2,860,0.17323515723914748
2,861,0.5281204271183235
2,862,0.47944398461092264
2,863,0.3328561485583538
2,864,0.41068104164187713
2,865,0.4623340901417427
2,866,0.5364507109858898
2,867,0.4177795407857532
2,868,0.5421617703978001
2,869,0.5336528709009485
2,870,0.26608489297124027
2,871,0.4289065512252198
2,872,0.32938639485132937
2,873,0.39972394062133293
2,874,0.5968278758273806
2,875,0.5555113971506355
2,876,0.44016688487341593
2,877,0.8189892082609241
2,878,0.734582700709795
2,879,0.12199948307931248
2,880,0.20210318098439878
2,881,0.29918278309890894
2,882,0.31926415990888457
2,883,0.3481876271941242
2,884,0.7007739767560791
2,885,0.45315402899760304
2,886,0.23452365238697
2,887,0.15054954053574013
2,888,0.4840464277887827
2,889,0.4447053197693391
2,890,0.41989229142418966
2,891,0.563604064321591
2,892,0.41293718058643175
2,893,0.7687618783261766
2,894,0.6557441892546491
2,895,0.3097401549165663
2,896,0.6714394794613875
2,897,0.4967648709104365
2,898,0.5925514521079613
2,899,0.15346057124425594
2,900,0.31525007909262603
2,901,0.3761376333193987
2,902,0.47916687109405665
2,903,0.402236081438711
2,904,0.42565013525029216
2,905,0.3829794652540642
2,906,0.48273481811108143
2,907,0.5399901623125549
2,908,0.2332548893702255
2,909,0.44884220317136947
2,910,0.2813812092972942
2,911,0.4263810258724101
2,912,0.3596812800353479
2,913,0.19801940285316158
2,914,0.47854838958352797
2,915,0.35764227438077084
2,916,0.28383598146880085
2,917,0.2507646052700887
2,918,0.5160232199881452
2,919,0.48732417524994814
2,920,0.4359230281084463
2,921,0.3917730926914973
2,922,0.3457630334156504
2,923,0.3130135305840248
2,924,0.3439637415832116
2,925,0.3240718748751245
2,926,0.4958782916257404
2,927,0.45363140914854566
2,928,0.4120657216045135
2,929,0.30065924044360814
2,930,0.4616599355257865
2,931,0.5266665867037267
2,932,0.8053292214161003
2,933,0.7970676564272747
2,934,0.5334368285631822
2,935,0.5700745999649073
2,936,0.4501515634005936
2,937,0.5370913770446983
2,938,0.41270017044776786
2,939,0.48169971909451065
2,940,0.483022344413285
2,941,0.41269193691023964
2,942,0.6722213120851684
2,943,0.09334553924970918
2,944,0.5590231758732824
2,945,0.41172177293634143
2,946,0.4221953512207997
2,947,0.5378271455026221
2,948,0.32496860218842977
2,949,0.22892093680115363
2,950,0.3941487759507122
2,951,0.4867218853076459
2,952,0.4816876928171447
2,953,0.4218032341293684
2,954,0.3987324784987807
2,955,0.40429352732147406
2,956,0.4359209322790463
2,957,0.6861991982074103
2,958,0.7106337660243647
2,959,0.3601751879022106
2,960,0.399380337745443
2,961,0.39108152878006386
2,962,0.343972115135375
2,963,0.18923521279129746
2,964,0.3909540018435046
2,965,0.24985273554893073
2,966,0.47481466328457744
2,967,0.3820522648040875
2,968,0.44733875199283685
2,969,0.2447148964528725
2,970,0.23454058987724377
2,971,0.40371448466234244
2,972,0.3863993671182881
2,973,0.423511072908453
2,974,0.36810811792620235
2,975,0.3302039519181344
2,976,0.354804186764258
2,977,0.38804721931865366
2,978,0.27551318288417714
2,979,0.2924488770273031
2,980,0.37673232221357655
2,981,0.3423594440344637
2,982,0.34457182447682494
2,983,0.48610383874672786
2,984,0.38377195071631515
2,985,0.6842147220126892
2,986,0.20108032111184174
2,987,0.732822448424272
2,988,0.23457452677888588
2,989,0.4390569190150949
2,990,0.45204517505108527
2,991,0.6356648855565986
2,992,0.35499539132206864
2,993,0.33302372384758605
2,994,0.34819757840598564
2,995,0.38658995171684024
2,996,0.42012768692914426
2,997,0.6015280715608498
2,998,0.4632764375193224
2,999,0.19202568658502714
2,1000,0.5509387229905053
2,1001,0.23586701426073056
2,1002,0.4026039519394045
2,1003,0.39367004078561774
2,1004,0.3884322166248965
2,1005,0.49489019864119044
2,1006,0.26881816293463795
2,1007,0.41291929128840216
2,1008,0.37717593867010263
2,1009,0.6621571379822828
2,1010,0.33640679207484875
2,1011,0.6021577374024674
2,1012,0.3141503754301165
2,1013,0.4497088661128856
2,1014,0.34565512978172025
2,1015,0.34565512978172025
2,1016,0.6023739783281755
2,1017,0.5839583466982723
2,1018,0.2442869951688124
2,1019,0.1853151582222579
2,1020,0.37303472382059844
2,1021,0.2622887237059792
2,1022,0.26193318458047343
2,1023,0.3807955629171051
2,1024,0.23950002088820538
2,1025,0.6057629720224591
2,1026,0.5113374215168923
2,1027,0.4433840479198862
2,1028,0.3210103481147362
2,1029,0.35282974425349783
2,1030,0.3759246772386114
2,1031,0.3189973957657855
2,1032,0.35645819874436124
2,1033,0.44860109699749784
2,1034,0.44823991138341857
2,1035,0.4171272387739773
2,1036,0.2954937531759887
2,1037,0.37775894220583994
2,1038,0.32470000137781746
2,1039,0.2025610481272872
2,1040,0.2578002807503784
2,1041,0.43550769314664206
2,1042,0.4908728124284591
2,1043,0.6903978917088233
2,1044,0.21652845472393215
2,1045,0.33558570258535764
2,1046,0.38159895811847455
2,1047,0.5811428281869082
2,1048,0.34509824254852234
2,1049,0.34790325154727897
2,1050,0.26211094611634217
2,1051,0.4105570446751661
2,1052,0.34870530374990705
2,1053,0.44335653183266877
2,1054,0.2654972452298238
2,1055,0.4967305314693901
2,1056,0.503659528483814
2,1057,0.35819816318148734
2,1058,0.278188942442432
2,1059,0.22113664346586748
2,1060,0.24384079947743426
2,1061,0.44468578288683414
2,1062,0.3091615550662159
2,1063,0.414716841469794
2,1064,0.38237743402293023
2,1065,0.4398791813033056
2,1066,0.37087889618855746
2,1067,0.40289040451678026
2,1068,0.4201507905871132
2,1069,0.35971814291018206
2,1070,0.4117136484980009
2,1071,0.40790607891017316
2,1072,0.2009000566907642
2,1073,0.3355036894732468
2,1074,0.4619767242238392
2,1075,0.4241553666067519
2,1076,0.4687919075778851
2,1077,0.414467351495598
2,1078,0.20805255137538436
2,1079,0.5268988338223467
2,1080,0.2654256724713256
2,1081,0.7811812449136222
2,1082,0.6325197025657625
2,1083,0.44133730424429596
2,1084,0.26618862585894715
2,1085,0.37625675864198554
2,1086,0.32252266078423075
2,1087,0.31174829931601433
2,1088,0.2943674484703184
2,1089,0.5296135710921374
2,1090,0.5441590520253666
2,1091,0.17391681329485498
2,1092,0.4785602002863889
2,1093,0.40408315924102667
2,1094,0.4006383720599191
2,1095,0.30796101761654976
2,1096,0.32176455840909746
2,1097,0.28711655398350844
2,1098,0.5302751680452736
2,1099,0.2095304418809954
2,1100,0.4937653730088504
2,1101,0.38984299109196013
2,1102,0.5630089411610164
2,1103,0.41733383869890933
2,1104,0.4460230790424828
2,1105,0.519361653730753
2,1106,0.19064869514961286
2,1107,0.2850849586143204
2,1108,0.5325312306665032
2,1109,0.44174908377900896
2,1110,0.34315032905926957
2,1111,0.5301688817580201
2,1112,0.527193886032041
2,1113,0.42281193295673447
2,1114,0.6482680025403672
2,1115,0.37045082906018567
2,1116,0.35105323953449147
2,1117,0.36282016805485495
2,1118,0.6334383950605766
2,1119,0.3229234880650203
2,1120,0.5128185278310349
2,1121,0.7441870247865507
2,1122,0.48040260132841955
2,1123,0.3451765849187063
2,1124,0.47570530126006294
2,1125,0.3243366235310556
2,1126,0.23851914433208057
2,1127,0.47215490722948095
2,1128,0.45137476357715484
2,1129,0.38061830237105265
2,1130,0.33464703915186716
2,1131,0.5286465175632334
2,1132,0.2954735685152824
2,1133,0.2864177630688831
2,1134,0.19612899001099005
2,1135,0.6366032288847016
2,1136,0.29866375828010794
2,1137,0.3277392697681602
2,1138,0.3792513994116993
2,1139,0.28064553889438676
2,1140,0.4283521688087184
2,1141,0.5043558847015818
2,1142,0.6807772623033387
2,1143,0.4413208351999269
2,1144,0.27641355558849995
2,1145,0.2133416457271741
2,1146,0.25184217168123557
2,1147,0.5664517271085885
2,1148,0.17745071914727104
2,1149,0.4544958951492713
2,1150,0.7850777464247394
2,1151,0.7078049110772326
2,1152,0.47651698264138903
2,1153,0.39403057669684194
2,1154,0.22620935082939217
2,1155,0.31660152900218597
2,1156,0.373434958752563
2,1157,0.3351160886592603
2,1158,0.4293425961387976
2,1159,0.3358861743681995
2,1160,0.22828480740600204
2,1161,0.5613877590899877
2,1162,0.3027281792648701
2,1163,0.43163849189127196
2,1164,0.32623266467398643
2,1165,0.4328283795938714
2,1166,0.4293685436608949
2,1167,0.2571769848567409
2,1168,0.34895020750669864
2,1169,0.5190318053189223
2,1170,0.3384493384709778
2,1171,0.3510630698704363
2,1172,0.40269658046120066
2,1173,0.2430081217275369
2,1174,0.38684118694450165
2,1175,0.19928504691112642
2,1176,0.18730716865793973
2,1177,0.39905439221539524
2,1178,0.23302494244271055
2,1179,0.33285495385735386
2,1180,0.5921220307589888
2,1181,0.1700243126578036
2,1182,0.3324744332383902
2,1183,0.3899484367572341
2,1184,0.2951482885062862
2,1185,0.3555759635290794
2,1186,0.33248598725781336
2,1187,0.4351013140694906
2,1188,0.47366678206655033
2,1189,0.39421950662248406
2,1190,0.37462446187279647
2,1191,0.30984946519052814
2,1192,0.3281344783524793
2,1193,0.4819502950225192
2,1194,0.5305796719656599
2,1195,0.404300753690601
2,1196,0.4232303531095908
2,1197,0.2788875403863697
2,1198,0.49013251717494083
2,1199,0.27220247296437217
2,1200,0.3236451452464546
2,1201,0.2096255829121696
2,1202,0.3544386891875142
2,1203,0.697146419813062
2,1204,0.35949037961464125
2,1205,0.3725918321318634
2,1206,0.3725918321318634
2,1207,0.40435138246465824
2,1208,0.2818812900091847
2,1209,0.3855899149215522
2,1210,0.354278051514661
2,1211,0.254706843880537
2,1212,0.1827392891960066
2,1213,0.22146362514679518
2,1214,0.40853899386393966
2,1215,0.46167614675223745
2,1216,0.42798079692230245
2,1217,0.4244887532348428
2,1218,0.3071740732811751
2,1219,0.44404062882977413
2,1220,0.44340250445251783
2,1221,0.42815534425229734
2,1222,0.3808923610074188
2,1223,0.29529936259499956
2,1224,0.5671222661151356
2,1225,0.41322284210034305
2,1226,0.5979049865850026
2,1227,0.18551184150387498
2,1228,0.21657401695125755
2,1229,0.3352600990499855
2,1230,0.40897932403769854
2,1231,0.4781796027069492
2,1232,0.25977315457937106
2,1233,0.484640561698117
2,1234,0.30564919076220065
2,1235,0.76700642165145
2,1236,0.4540682844447314
2,1237,0.39493854702925923
2,1238,0.23725235668733669
2,1239,0.46827812858930223
2,1240,0.4074425332814153
2,1241,0.4843508816742111
2,1242,0.4268468346678232
2,1243,0.44720322293907444
2,1244,0.25385321909139397
2,1245,0.31503026196012446
2,1246,0.3799812122495349
2,1247,0.33851683796948934
2,1248,0.31253777030613655
2,1249,0.3001217095214122
2,1250,0.41710884200505394
2,1251,0.6316643318560127
2,1252,0.4937975611873584
2,1253,0.48380638910742746
2,1254,0.4975419176360758
2,1255,0.4900276374348415
2,1256,0.21931840840843192
2,1257,0.3307779638732394
2,1258,0.6024551165949843
2,1259,0.5719405675774727
2,1260,0.28296067788264145
2,1261,0.3141188465903916
2,1262,0.22147677312925354
2,1263,0.38059441411043704
2,1264,0.2222149532333137
2,1265,0.2720134727960556
2,1266,0.26691741770759525
2,1267,0.3166622158707931
2,1268,0.40931155641011896
2,1269,0.31844503333665763
2,1270,0.5386148918099902
2,1271,0.3603799112748344
2,1272,0.39321731346681177
2,1273,0.36871894035327846
2,1274,0.4325981281927974
2,1275,0.19007736372368417
2,1276,0.4445223548871314
2,1277,0.40318450767477954
2,1278,0.3632008916216938
2,1279,0.33009863507943715
2,1280,0.5440243851017119
2,1281,0.31648855376040336
2,1282,0.5285230969958615
2,1283,0.4027474285990399
2,1284,0.4946734668686802
2,1285,0.4067535212318792
2,1286,0.36424934220121774
2,1287,0.2896354604555521
2,1288,0.522053555230115
2,1289,0.29717756777010895
2,1290,0.1648286606769904
2,1291,0.18963075626686998
2,1292,0.5104747773036318
2,1293,0.40242242345151025
2,1294,0.459046999997449
2,1295,0.6958753867191899
2,1296,0.3596700553607854
2,1297,0.44136259448691834
2,1298,0.4875911878384989
2,1299,0.23377246649228356
2,1300,0.2278220676621041
2,1301,0.32875939663814907
2,1302,0.3495597857890267
2,1303,0.31686123607709055
2,1304,0.4609220921625454
2,1305,0.43411982321028847
2,1306,0.10706749373774455
2,1307,0.14248874792669694
2,1308,0.1686360801861299
2,1309,0.41723388014662005
2,1310,0.4607334013575721
2,1311,0.38441922839544757
2,1312,0.33204920315054404
2,1313,0.25677507284824125
2,1314,0.3092175262011518
2,1315,0.2973692170357018
2,1316,0.6754788557323391
2,1317,0.2560628402882692
2,1318,0.2984305608985878
2,1319,0.3574882846330558
2,1320,0.193181026560671
2,1321,0.4916118311741772
2,1322,0.312083454862811
2,1323,0.45911376655415104
2,1324,0.28170026758896344
2,1325,0.21633197601663853
2,1326,0.13804445234088472
2,1327,0.2785673388680072
2,1328,0.5134609983980518
2,1329,0.22159793738939404
2,1330,0.42230647062774135
2,1331,0.2662991471511197
2,1332,0.21213785842998414
2,1333,0.2205671990766995
2,1334,0.5216599616412312
2,1335,0.4235649421399568
2,1336,0.4682292672123737
2,1337,0.41753260888388544
2,1338,0.5345503385035622
2,1339,0.4710447540043575
2,1340,0.5116955438187398
2,1341,0.4325054606344619
2,1342,0.3468204719547987
2,1343,0.3995877640480987
2,1344,0.5070322014642412
2,1345,0.5070322014642412
2,1346,0.5633753352434177
2,1347,0.4873525146653489
2,1348,0.3204593290863204
2,1349,0.404020577773
2,1350,0.41219228075942993
2,1351,0.36364896708612127
2,1352,0.4670139518261717
2,1353,0.31485070989460084
2,1354,0.29127087955204056
2,1355,0.22038446540652382
2,1356,0.3122701962130206
2,1357,0.39941490246804995
2,1358,0.3025205445419683
2,1359,0.4941515128366861
2,1360,0.35781122106326013
2,1361,0.4045724604449512
2,1362,0.5692874402383907
2,1363,0.49551885224339903
2,1364,0.4913878152218113
2,1365,0.3243136374562303
2,1366,0.247883322541168
2,1367,0.3183193783884092
2,1368,0.29585919054349824
2,1369,0.425826258523086
2,1370,0.4498171644467475
2,1371,0.5101426500460166
2,1372,0.6078686492939449
2,1373,0.4240709484567594
2,1374,0.2785203799264359
2,1375,0.5276247735943238
2,1376,0.42746634142290446
2,1377,0.3772396423042635
2,1378,0.28401143367319764
2,1379,0.1660616825081965
2,1380,0.3611309756351001
2,1381,0.4975159210030109
2,1382,0.5117850682549344
2,1383,0.4599295726826741
2,1384,0.4324844961277069
2,1385,0.3319824460266337
2,1386,0.26351666760793185
2,1387,0.25754982721330877
2,1388,0.41256314783947984
2,1389,0.3559441540081144
2,1390,0.5150702305519479
2,1391,0.2787671795599459
2,1392,0.4337012425752878
2,1393,0.3714073676542389
2,1394,0.394896676553091
2,1395,0.39179788123959586
2,1396,0.4142107610037373
2,1397,0.47043550797516465
2,1398,0.2638678982540115
2,1399,0.2404011876837752
2,1400,0.41126996133281996
2,1401,0.44221421300127656
2,1402,0.2196716679410087
2,1403,0.6472000783276645
2,1404,0.7176205025768709
2,1405,0.6837450139019597
2,1406,0.23751164353066445
2,1407,0.39595495426804206
2,1408,0.3887965683195629
2,1409,0.322175248111984
2,1410,0.37138697081357813
2,1411,0.3999145868583705
2,1412,0.5249313643144636
2,1413,0.272439535435969
2,1414,0.5110554598368368
2,1415,0.4415274001887017
2,1416,0.5263632116352394
2,1417,0.6366399055503517
2,1418,0.22620026648127575
2,1419,0.4172323319356782
2,1420,0.5763029109071454
2,1421,0.4329048202919154
2,1422,0.2949498820468858
2,1423,0.3558609132017662
2,1424,0.26807081745852296
2,1425,0.29112191235216694
2,1426,0.41631134681468357
2,1427,0.6801279500822304
2,1428,0.7533937985932895
2,1429,0.3169635139847575
2,1430,0.3835239772289134
2,1431,0.4836718472108089
2,1432,0.42958674499319444
2,1433,0.29499713247622783
2,1434,0.49762105266886986
2,1435,0.48223029539465156
2,1436,0.3267367307931052
2,1437,0.5482749212796153
2,1438,0.6421093491484255
2,1439,0.4857817601646476
2,1440,0.44172043492374363
2,1441,0.4522220800625441
2,1442,0.3914049511568292
2,1443,0.319076283814699
2,1444,0.4688836309204787
2,1445,0.47023707754484356
2,1446,0.54074288212425
2,1447,0.3474297653138481
2,1448,0.3289695449698046
2,1449,0.4533258974104064
2,1450,0.6642746656595385
2,1451,0.50561695643724
2,1452,0.5536932177578722
2,1453,0.6561742404721712
2,1454,0.3504804749513918
2,1455,0.3674376564879339
2,1456,0.4058600193465249
2,1457,0.2444000897586734
2,1458,0.5089073824632954
2,1459,0.3594049214341455
2,1460,0.44155887270426325
2,1461,0.3013149727796853
2,1462,0.41984947658891675
2,1463,0.2675042457463401
2,1464,0.20436659811276647
2,1465,0.4332393959903312
2,1466,0.4890256692451957
2,1467,0.2834401912040673
2,1468,0.2385165431875575
2,1469,0.3075551764545667
2,1470,0.548969256333222
2,1471,0.3027394188869201
2,1472,0.33085776983019377
2,1473,0.2369195726278236
2,1474,0.2687111303167274
2,1475,0.4077507844039327
2,1476,0.3150580449767983
2,1477,0.7666501179217879
2,1478,0.5413479590242902
2,1479,0.3569958727422185
2,1480,0.2720132918910978
2,1481,0.10359587556707153
2,1482,0.6427906319191198
2,1483,0.3712095017247457
2,1484,0.4672539138442103
2,1485,0.40894660152947593
2,1486,0.28010164509140706
2,1487,0.3850071177270246
2,1488,0.226830078501404
2,1489,0.5314906541051359
2,1490,0.5527192479135541
2,1491,0.6648556197716984
2,1492,0.26011330614217054
2,1493,0.4546211906013058
2,1494,0.5114990882931072
2,1495,0.738946219954032
2,1496,0.2612368125651825
2,1497,0.5510550406560711
2,1498,0.28903094089106646
2,1499,0.38006689836094393
2,1500,0.38704422255166
2,1501,0.3780284392492022
2,1502,0.4474846948258477
2,1503,0.4169837745224294
2,1504,0.42176545319722014
2,1505,0.3664293813841781
2,1506,0.5282269795433562
2,1507,0.24987842651228484
2,1508,0.3285884456040086
2,1509,0.39273472966771517
2,1510,0.38029804974656944
2,1511,0.38160967633618775
2,1512,0.3214879604616079
2,1513,0.4106218034316143
2,1514,0.23283713750313967
2,1515,0.4500200289221208
2,1516,0.3899202127765028
2,1517,0.47005928533374897
2,1518,0.6728047374218803
2,1519,0.16337259355376288
2,1520,0.20921343292059844
2,1521,0.2843866393462856
2,1522,0.42554183264654727
2,1523,0.30258589058091395
2,1524,0.6779931567145886
2,1525,0.40882257685372453
2,1526,0.36816643274461164
2,1527,0.46759970824911157
2,1528,0.55659883686655
2,1529,0.3418159381457977
2,1530,0.5769578824398106
2,1531,0.3292003281028564
2,1532,0.553174075506529
2,1533,0.3287686662699334
2,1534,0.318727393461298
2,1535,0.33264336722150106
2,1536,0.46964392432108043
2,1537,0.2474583879035352
2,1538,0.4066613158963106
2,1539,0.4441051397346163
2,1540,0.4295389631331693
2,1541,0.2436560001528902
2,1542,0.4563296744435451
2,1543,0.33700829135186394
2,1544,0.23132213710010596
2,1545,0.06901642210433831
2,1546,0.35471317456312573
2,1547,0.27152854014046945
2,1548,0.5664395432152668
2,1549,0.535655069609819
2,1550,0.47500675915950935
2,1551,0.2760557141727086
2,1552,0.5500594463730543
2,1553,0.46323131202199325
2,1554,0.42860142578228644
2,1555,0.38738926961709763
2,1556,0.48215523440108216
2,1557,0.6165223162913119
2,1558,0.3027406221954561
2,1559,0.2922124482554968
2,1560,0.5376251477695777
2,1561,0.48180673345469
2,1562,0.5372039198063656
2,1563,0.24737146586162498
2,1564,0.34554823247421074
2,1565,0.30484627596997316
2,1566,0.44789154637199624
2,1567,0.43411261531470274
2,1568,0.37399442656045645
2,1569,0.39382213265229277
2,1570,0.4358125910049148
2,1571,0.36012039544393887
2,1572,0.5548151012747207
2,1573,0.3611573724541841
2,1574,0.3019106781213777
2,1575,0.3467221524643148
2,1576,0.3454163665572941
2,1577,0.5162983466227024
2,1578,0.5811548886329561
2,1579,0.5187973548235938
2,1580,0.2846938294020532
2,1581,0.5736878691172335
2,1582,0.3804601362892814
2,1583,0.6023425346552809
2,1584,0.4637270011519503
2,1585,0.3777590872261102
2,1586,0.4527063086591007
2,1587,0.23971481637217504
2,1588,0.42429003398238335
2,1589,0.4050586495925139
2,1590,0.4686896597961104
2,1591,0.2904479053841566
2,1592,0.3253043306284838
2,1593,0.6374625467841656
2,1594,0.6495654339055426
2,1595,0.6192892167008693
2,1596,0.36356576086075304
2,1597,0.4711690931826
2,1598,0.24801185849461702
2,1599,0.28793638712252556
2,1600,0.41289992029667655
2,1601,0.4898621794910708
2,1602,0.4460400846932143
2,1603,0.4534444552679525
2,1604,0.5005771477762743
2,1605,0.4400621075604178
2,1606,0.12309137793764555
2,1607,0.598245681241516
2,1608,0.25366163270896913
2,1609,0.30747736404227594
2,1610,0.42041051228638415
2,1611,0.24650094138290868
2,1612,0.5930106262116777
2,1613,0.2675129790514342
2,1614,0.42146662157759457
2,1615,0.42208692985371876
2,1616,0.3198203804763053
2,1617,0.4776735080182555
2,1618,0.3776910771966302
2,1619,0.30057129178757314
2,1620,0.31502233178975064
2,1621,0.2452439848763838
2,1622,0.5481830832146849
2,1623,0.21123340532493287
2,1624,0.45422690037951613
2,1625,0.44563219469486015
2,1626,0.4382014844659109
2,1627,0.5348215085896163
2,1628,0.5639668346494032
2,1629,0.2615833486872875
2,1630,0.7409271037697935
2,1631,0.24961594864804906
2,1632,0.5291704090003041
2,1633,0.44774215601728395
2,1634,0.4665032686009267
2,1635,0.14754620001113156
2,1636,0.3403529481334576
2,1637,0.7085021083832459
2,1638,0.2580324850716971
2,1639,0.7785460613320712
2,1640,0.6930613840109353
2,1641,0.7099477251536191
2,1642,0.8156084795397472
2,1643,0.8185299228514268
2,1644,0.6948629280780777
2,1645,0.42462247111144735
2,1646,0.5900507013383962
2,1647,0.35454715113098356
2,1648,0.6239172253057728
2,1649,0.5357931381964184
2,1650,0.3276061892660909
2,1651,0.17078151660900764
2,1652,0.4987895144986863
2,1653,0.4238333637035826
2,1654,0.4910511168294246
2,1655,0.34222615588602223
2,1656,0.4173685759289943
2,1657,0.5104609953192937
2,1658,0.34565382716877385
2,1659,0.32073763816572903
2,1660,0.49564941527980416
2,1661,0.2283281932054877
2,1662,0.44700914578558143
2,1663,0.2841602299650681
2,1664,0.6273415858521273
2,1665,0.4334049638763969
2,1666,0.09014242886218626
2,1667,0.3482567904473362
2,1668,0.2731857151686462
2,1669,0.3727466301578074
2,1670,0.4494918758011809
2,1671,0.39703772552417144
2,1672,0.4034106060563664
2,1673,0.5500356862618022
2,1674,0.3785140296761052
2,1675,0.31303403820320885
2,1676,0.27889523397448074
2,1677,0.41538690847830156
2,1678,0.3682769643660342
2,1679,0.3759204471438627
2,1680,0.3115309500813547
2,1681,0.5376882564568313
2,1682,0.6489222146730937
2,1683,0.19198972153676439
2,1684,0.3208742075840427
2,1685,0.2595763314246439
2,1686,0.4047727557005988
2,1687,0.25513884004061294
2,1688,0.45567005187889537
2,1689,0.4807991467275855
2,1690,0.5711806488889667
2,1691,0.3839664933509782
2,1692,0.23397022229716005
2,1693,0.36223956509636757
2,1694,0.402513583357798
2,1695,0.3375612791120772
2,1696,0.30443878797907803
2,1697,0.3519658780831365
2,1698,0.2934287717224788
2,1699,0.4760555515140689
2,1700,0.3153015732983627
2,1701,0.6165042951359627
2,1702,0.6836403870328588
2,1703,0.7117911236586209
2,1704,0.6385398418798505
2,1705,0.6485997558477179
2,1706,0.5762894978805962
2,1707,0.14838538320466363
2,1708,0.26031764343559405
2,1709,0.2050412564683734
2,1710,0.6650639802155152
2,1711,0.6625431958674092
2,1712,0.6351216857755224
2,1713,0.6113429695401814
2,1714,0.6956171470791215
2,1715,0.40953828876306897
2,1716,0.4314917964709234
2,1717,0.4633508418976239
2,1718,0.6448665942451265
2,1719,0.5470620467118669
2,1720,0.3365368549270124
2,1721,0.33591625468099595
2,1722,0.4369248582022391
2,1723,0.5666434177014242
2,1724,0.5169850959750094
2,1725,0.7499086797468034
2,1726,0.5838485416012033
2,1727,0.3438089773278351
2,1728,0.24865864903297763
2,1729,0.33306693793370196
2,1730,0.30889790567111974
2,1731,0.47906544615216345
2,1732,0.41717015933323237
2,1733,0.39383804910435044
2,1734,0.39383804910435044
2,1735,0.39708047475433655
2,1736,0.22037168768177215
2,1737,0.4773902129448443
2,1738,0.3198977085988783
2,1739,0.4734116432061739
2,1740,0.47111223908962835
2,1741,0.3908151522971286
2,1742,0.5891170667557025
2,1743,0.45683943320784254
2,1744,0.5950481560968945
2,1745,0.5070491920966238
2,1746,0.46612719685484544
2,1747,0.530371990385728
2,1748,0.3716595076080639
2,1749,0.34723418186925203
2,1750,0.32518973974534715
2,1751,0.33575303245025867
2,1752,0.46540693506279895
2,1753,0.5963241615297402
2,1754,0.25212454547535124
2,1755,0.35199706779729273
2,1756,0.608156486287605
2,1757,0.38689234301529984
2,1758,0.15567875321906244
2,1759,0.46458711091080596
2,1760,0.5285561783875352
2,1761,0.5272656532392539
2,1762,0.6713043223768529
2,1763,0.6156085606794944
2,1764,0.3567695686466051
2,1765,0.3125042598835691
2,1766,0.4471075837221117
2,1767,0.5268857361193244
2,1768,0.43572009890042357
2,1769,0.35920782919301547
2,1770,0.26826276729290605
2,1771,0.30999782872566595
2,1772,0.39813948919825937
2,1773,0.19763882355880147
2,1774,0.19497290612840143
2,1775,0.0846065363613548
2,1776,0.29709891134393185
2,1777,0.15179363980052135
2,1778,0.499004656962917
2,1779,0.4522835078654454
2,1780,0.38584019569490924
2,1781,0.33185913584451154
2,1782,0.3346710441471221
2,1783,0.3455500331873787
2,1784,0.524266080301082
2,1785,0.3588284597933739
2,1786,0.49525040621974853
2,1787,0.33974580731003334
2,1788,0.3587472131069462
2,1789,0.4364478024070014
2,1790,0.5237499759233539
2,1791,0.39408487555495514
2,1792,0.6166450000859666
2,1793,0.573118690059115
2,1794,0.4710630506808588
2,1795,0.9243889429726303
2,1796,0.6317021009445157
2,1797,0.5176173493535153
2,1798,0.6718248489194041
2,1799,0.3691301780851409
2,1800,0.47823127173598423
2,1801,0.3473531431064558
2,1802,0.25324981511386724
2,1803,0.20357303392316084
2,1804,0.6567462147582936
2,1805,0.739205239264153
2,1806,0.5490064375920273
2,1807,0.28348093956686954
2,1808,0.5121277621322592
2,1809,0.5932673414326189
2,1810,0.6328784005027208
2,1811,0.31510918098725005
2,1812,0.4361285271254917
2,1813,0.23978703647101965
2,1814,0.6304288689018327
2,1815,0.3321639058425903
2,1816,0.25531564274541585
2,1817,0.6625662764902797
2,1818,0.6334313752679668
2,1819,0.5213114925792406
2,1820,0.4308398115302669
2,1821,0.49087264500651595
2,1822,0.37819742014397295
2,1823,0.2989246809919095
2,1824,0.2612951096070933
2,1825,0.347147361355017
2,1826,0.5567166803717226
2,1827,0.30259851177668035
2,1828,0.44447472780589226
2,1829,0.3683289137399332
2,1830,0.1887506729462895
2,1831,0.35237602303579657
2,1832,0.42483192252238844
2,1833,0.3933653184888666
2,1834,0.48079276372083174
2,1835,0.4536904517812314
2,1836,0.4257433647958593
2,1837,0.14838682694251853
2,1838,0.7415650513049518
2,1839,0.439198129281233
2,1840,0.3726117807202641
2,1841,0.43339363981097856
2,1842,0.29711169821309463
2,1843,0.4068162345616925
2,1844,0.36313781152410896
2,1845,0.5785776971293324
2,1846,0.31478370663014793
2,1847,0.34279655516901514
2,1848,0.25352579959536686
2,1849,0.32825473617973555
2,1850,0.3733586189894748
2,1851,0.5344150067407524
2,1852,0.35807631371347287
2,1853,0.5372610497005625
2,1854,0.22194218276101785
2,1855,0.46582065291178393
2,1856,0.3066690550858977
2,1857,0.30051913436444666
2,1858,0.4317628714841843
2,1859,0.429284741472621
2,1860,0.3470187993192997
2,1861,0.6332490358994398
2,1862,0.7935068004338823
2,1863,0.7491560961683467
2,1864,0.6461365383150611
2,1865,0.45334924323618325
2,1866,0.36933869444565987
2,1867,0.40451109825616133
2,1868,0.4656310305626625
2,1869,0.5011046238388115
2,1870,0.3321155703506418
2,1871,0.4189603435369192
2,1872,0.29531039123125774
2,1873,0.3293688241773875
2,1874,0.3877981455296044
2,1875,0.46405952086572905
2,1876,0.4196604817130787
2,1877,0.5799103003495375
2,1878,0.40816877007932295
2,1879,0.6227591836290569
2,1880,0.32347212786393986
2,1881,0.43726321600332413
2,1882,0.37220548448819035
2,1883,0.45125811816222
2,1884,0.376667050373118
2,1885,0.5115647190087915
2,1886,0.28162657045958633
2,1887,0.5651791095118933
2,1888,0.5130894944354166
2,1889,0.5746580119110479
2,1890,0.3713036621271491
2,1891,0.5106513016747436
2,1892,0.5442144558509021
2,1893,0.34014298387638275
2,1894,0.1943783387174054
2,1895,0.4745494948251061
2,1896,0.4534992178248523
2,1897,0.30502806498028706
2,1898,0.47320985923825526
2,1899,0.272597196689744
2,1900,0.4412119405945399
2,1901,0.35437998942788107
2,1902,0.42618410529871587
2,1903,0.429693466868512
2,1904,0.4260676701290342
2,1905,0.2603018130460654
2,1906,0.6313449695727057
2,1907,0.14131652504505154
2,1908,0.6329727867778076
2,1909,0.6158816213751054
2,1910,0.4240893174699904
2,1911,0.6351037216185542
2,1912,0.528072329292642
2,1913,0.5632160470990519
2,1914,0.35346152493781835
2,1915,0.2781296788062548
2,1916,0.2771162749053639
2,1917,0.3526590330545174
2,1918,0.20514411652872672
2,1919,0.4026253158486751
2,1920,0.3989988936081856
2,1921,0.24420244692032692
2,1922,0.17443455691178794
2,1923,0.16082072765944075
2,1924,0.17618460904051222
2,1925,0.2752210953824284
2,1926,0.4099525741509407
2,1927,0.3681966009483028
2,1928,0.3532267667535102
2,1929,0.5886415381055118
2,1930,0.40026748491404035
2,1931,0.4360433228570553
2,1932,0.21080818044713645
2,1933,0.6089811398641158
2,1934,0.31303059067224365
2,1935,0.40683785460766336
2,1936,0.4168107279694167
2,1937,0.329920516235747
2,1938,0.43640756659252944
2,1939,0.38513676119084983
2,1940,0.3510792122689871
2,1941,0.22775827750396713
2,1942,0.8112504313003671
2,1943,0.591881357925851
2,1944,0.4151067436730716
2,1945,0.27829498049626555
2,1946,0.41297898088002394
2,1947,0.473614112462501
2,1948,0.3766341927945293
2,1949,0.46109094142329893
2,1950,0.4296277026838146
2,1951,0.43157683268978503
2,1952,0.4243794899416033
2,1953,0.3998142637687218
2,1954,0.35082737485993554
2,1955,0.3565794167788259
2,1956,0.5439060293557528
2,1957,0.31169207347891986
2,1958,0.44582413325549797
2,1959,0.32294896838269155
2,1960,0.43045828383818885
2,1961,0.41649911000937245
2,1962,0.41649911000937245
2,1963,0.3642431649702707
2,1964,0.31726566412574103
2,1965,0.3019966380870828
2,1966,0.48485833427811326
2,1967,0.15049549435864248
2,1968,0.2466841137515863
2,1969,0.3693746525125795
2,1970,0.22601104963463367
2,1971,0.27524050116280646
2,1972,0.27977628918498476
2,1973,0.36284376091826176
2,1974,0.5851081956991313
2,1975,0.4093488884297894
2,1976,0.242155269297972
2,1977,0.2748695427844509
2,1978,0.2597025812315339
2,1979,0.3777176897828525
2,1980,0.5197934317717514
2,1981,0.364195399484734
2,1982,0.4519771132666492
2,1983,0.45907864704047113
2,1984,0.2874310782095531
2,1985,0.41729129355295264
2,1986,0.40155701433324215
2,1987,0.4170575815439133
2,1988,0.32836093751150824
2,1989,0.5325679074889649
2,1990,0.1976460507648794
2,1991,0.28953729346901336
2,1992,0.5743290240301795
2,1993,0.36327133627951536
2,1994,0.43318250261810676
2,1995,0.4503761315222145
2,1996,0.22772428286078442
2,1997,0.3258581429143899
2,1998,0.5451404674781976
2,1999,0.52801080218654
2,2000,0.2962855552094361
2,2001,0.34362412752589144
2,2002,0.35621333997033117
2,2003,0.45416633421084973
2,2004,0.48843643618671223
2,2005,0.37122210965714486
2,2006,0.35713949830396885
2,2007,0.18082935900494024
2,2008,0.5687651641261187
2,2009,0.13797731722659823
2,2010,0.5262312447640956
2,2011,0.4305206610178756
2,2012,0.4561042654822456
2,2013,0.43499998604384565
2,2014,0.477907384108188
2,2015,0.39313577656873566
2,2016,0.3541467888915298
2,2017,0.2644617626864607
2,2018,0.3146875066941851
2,2019,0.43199642924390835
2,2020,0.45792130189981317
2,2021,0.2700054024869763
2,2022,0.44558177677540334
2,2023,0.5298291189781096
2,2024,0.36085418653745843
2,2025,0.5267562665318463
2,2026,0.5998245588383635
2,2027,0.6219908749974158
2,2028,0.17741101899766248
2,2029,0.5564400926234615
2,2030,0.3313997644290835
2,2031,0.4056947433970789
2,2032,0.3618253495661695
2,2033,0.23566515553040307
2,2034,0.256238569087711
2,2035,0.5586433362924179
2,2036,0.33185333116289056
2,2037,0.34440723761506786
2,2038,0.19850487464997885
2,2039,0.5074055556748988
2,2040,0.41095414537917363
2,2041,0.23319168424735154
2,2042,0.5145762115219777
2,2043,0.34888321242728826
2,2044,0.5055946111396344
2,2045,0.5225102426905902
2,2046,0.3920899768546106
2,2047,0.5266879930869804
2,2048,0.33015214073807403
2,2049,0.3486426709039535
2,2050,0.22662665787440137
2,2051,0.2514423331951364
2,2052,0.28036949317674564
2,2053,0.7489111598826286
2,2054,0.6886225131049308
2,2055,0.4839326807388806
2,2056,0.5565222811665066
2,2057,0.41365511174173597
2,2058,0.3755554308330309
2,2059,0.4465942768329578
2,2060,0.32322880884190835
2,2061,0.4576009108251086
2,2062,0.30118460333638924
2,2063,0.36366474549607714
2,2064,0.3958231705636306
2,2065,0.5916674257450839
2,2066,0.3522525179528462
2,2067,0.33422130018726187
2,2068,0.39991088815103504
2,2069,0.3851648056853626
2,2070,0.29153588875415903
2,2071,0.3057087578740904
2,2072,0.3171197237693565
2,2073,0.32031296958947403
2,2074,0.42456169430174234
2,2075,0.5839517937122436
2,2076,0.4772343971658467
2,2077,0.7203874092093535
2,2078,0.7419431271147718
2,2079,0.16011805982138547
2,2080,0.5139415568760839
2,2081,0.4245589594061919
2,2082,0.48980343022807477
2,2083,0.25390574481024486
2,2084,0.3067175652462614
2,2085,0.21692182220903738
2,2086,0.560273856391088
2,2087,0.3965578335843498
2,2088,0.2703945254712132
2,2089,0.2638562046312542
2,2090,0.4465916482967781
2,2091,0.3578212174101684
2,2092,0.444303513537604
2,2093,0.369930885316099
2,2094,0.4407070939776282
2,2095,0.3681289000258865
2,2096,0.37658478016665126
2,2097,0.26017175616861604
2,2098,0.3029365479486221
2,2099,0.6906754087363058
2,2100,0.6828048525690775
2,2101,0.39991944910233673
2,2102,0.4414714874999981
2,2103,0.46566693387505953
2,2104,0.44770145570722614
2,2105,0.4166366765107807
2,2106,0.3451998773796932
2,2107,0.4303083727240197
2,2108,0.28288047389949983
2,2109,0.48166671156627977
2,2110,0.4386368084237976
2,2111,0.3531868298506545
2,2112,0.2664264337366164
2,2113,0.3817607832593339
2,2114,0.41051694324034815
2,2115,0.3926439067947311
2,2116,0.4206188347570287
2,2117,0.45944464071675484
2,2118,0.31757298716486865
2,2119,0.47301574479276864
2,2120,0.2999021971413725
2,2121,0.2850566709101796
2,2122,0.28306559501701356
2,2123,0.2705219840705593
2,2124,0.4606351408150247
2,2125,0.2848090497373994
2,2126,0.44095669951426525
2,2127,0.6026446612148418
2,2128,0.2203708284634032
2,2129,0.2825527124712786
2,2130,0.4475651658979102
2,2131,0.44711584924378006
2,2132,0.3644183125235803
2,2133,0.4072960657776681
2,2134,0.3714577399778922
2,2135,0.2923575089095166
2,2136,0.5381404108771254
2,2137,0.5541708469782142
2,2138,0.2891687834246892
2,2139,0.28962145555693064
2,2140,0.22831653659748352
2,2141,0.3992704824715237
2,2142,0.4122055853255842
2,2143,0.276797921937727
2,2144,0.3364450093901336
2,2145,0.3516277651663391
2,2146,0.6154551507931451
2,2147,0.5920371741724122
2,2148,0.1845403336201724
2,2149,0.47797096187152976
2,2150,0.5446168557504684
2,2151,0.3886419589091162
2,2152,0.28376361904165803
2,2153,0.4901315336521748
2,2154,0.46275116902315644
2,2155,0.46316240650045026
2,2156,0.21883162134119608
2,2157,0.5013524879145712
2,2158,0.3965008960667102
2,2159,0.383131845809772
2,2160,0.40825065503801305
2,2161,0.3615422029208603
2,2162,0.5697999181217458
2,2163,0.45858899296771083
2,2164,0.4052273066253291
2,2165,0.4666529677297135
2,2166,0.2989597993840736
2,2167,0.34598826761196927
2,2168,0.538997287614583
2,2169,0.5118055006701809
2,2170,0.33293808379333717
2,2171,0.29610027454084464
2,2172,0.31070037918736376
2,2173,0.5867179919677941
2,2174,0.45658779128324206
2,2175,0.6562834249892858
2,2176,0.6446919635943724
2,2177,0.282713216817204
2,2178,0.5187296492023674
2,2179,0.5332523270895313
2,2180,0.589808549654976
2,2181,0.3094034221668575
2,2182,0.4360529127830736
2,2183,0.45397108771065553
2,2184,0.3707654691958434
2,2185,0.38147285121776614
2,2186,0.34708291369963507
2,2187,0.25203237249006366
2,2188,0.3331216403961354
2,2189,0.32040839156432166
2,2190,0.40225715413612506
2,2191,0.2800504067066905
2,2192,0.30834596781978396
2,2193,0.44390410059763835
2,2194,0.6060290420759368
2,2195,0.4704826455427257
2,2196,0.28447501258600755
2,2197,0.3715312452871741
2,2198,0.3575796658889721
2,2199,0.5324614687456194
2,2200,0.3762118784160232
2,2201,0.23865234471888777
2,2202,0.4016217085490265
2,2203,0.3344112476451384
2,2204,0.4163182674721244
2,2205,0.4891310357490826
2,2206,0.29389237700933235
2,2207,0.30585702449066543
2,2208,0.36600866806461985
2,2209,0.5765946973259072
2,2210,0.5184987038693407
2,2211,0.2883412384066218
2,2212,0.2459562937767953
2,2213,0.38554836701366796
2,2214,0.41324037572085365
2,2215,0.5464324152296917
2,2216,0.7760810394301516
2,2217,0.5547584443591915
2,2218,0.5247680153699018
2,2219,0.6318015127195716
2,2220,0.7325862349273932
2,2221,0.33992060808383284
2,2222,0.6300697197007609
2,2223,0.4938694796236657
2,2224,0.4335772991794292
2,2225,0.3240156194451606
2,2226,0.3079089127596903
2,2227,0.22783783741108488
2,2228,0.47758980464846024
2,2229,0.2944379918625744
2,2230,0.34528275287505894
2,2231,0.1984464162218087
2,2232,0.44612264914305105
2,2233,0.36719896188423384
2,2234,0.23602588217338608
2,2235,0.2838534720104696
2,2236,0.5282740260763158
2,2237,0.5290317651341162
2,2238,0.29144168383739716
2,2239,0.4969571922465002
2,2240,0.661568628564389
2,2241,0.2768784904657082
2,2242,0.19429312511886615
2,2243,0.32910468151733685
2,2244,0.35455642304858315
2,2245,0.3635941432014358
2,2246,0.4416355644484088
2,2247,0.36254427728283783
2,2248,0.37425932083162483
2,2249,0.38726026578041844
2,2250,0.31698141251291007
2,2251,0.7039942468312509
2,2252,0.32765554707375893
2,2253,0.2500129732560257
2,2254,0.25815751531388026
2,2255,0.38829367869029086
2,2256,0.3700704626749634
2,2257,0.7710842664938174
2,2258,0.4986651391777131
2,2259,0.5161015558969535
2,2260,0.34059824170298275
2,2261,0.36757810747185843
2,2262,0.37481594908136145
2,2263,0.3786732839937132
2,2264,0.40370167244168365
2,2265,0.3069259440618032
2,2266,0.29330763350582456
2,2267,0.377192845129396
2,2268,0.287473102955303
2,2269,0.19365348723277975
2,2270,0.19069382908988924
2,2271,0.3783061435662178
2,2272,0.322015236171934
2,2273,0.4066160671491023
2,2274,0.3872868847017278
2,2275,0.4734282596725982
2,2276,0.6093061679310797
2,2277,0.4397298361365378
2,2278,0.479544795000921
2,2279,0.4176595906282904
2,2280,0.35814152446636316
2,2281,0.3168833890897145
2,2282,0.5530814985255597
2,2283,0.20072410266330215
2,2284,0.16084311920520983
2,2285,0.429841095595883
2,2286,0.09617555476141243
2,2287,0.8244085267441987
2,2288,0.20907078842739832
2,2289,0.2187426336569283
2,2290,0.30440587741116487
2,2291,0.4635055502683316
2,2292,0.2956246601399085
2,2293,0.23592180803666746
2,2294,0.47381381910952836
2,2295,0.6851361815592316
2,2296,0.45801937983886243
2,2297,0.34832822352831677
2,2298,0.23779981519445959
2,2299,0.635214531375689
2,2300,0.19374621371661685
2,2301,0.32121586507929384
2,2302,0.4734897501563762
2,2303,0.5676291241415761
2,2304,0.35745224288946226
2,2305,0.49299289749275577
2,2306,0.6316373353682512
2,2307,0.1846297792488152
2,2308,0.7530875916479527
2,2309,0.17447464153063097
2,2310,0.33597817472256614
2,2311,0.5987857467316361
2,2312,0.5881645188431613
2,2313,0.21861412961619037
2,2314,0.484773484968068
2,2315,0.5916762702707391
2,2316,0.5862739384204853
2,2317,0.6420241382864651
2,2318,0.5459933397104235
2,2319,0.42113985158480616
2,2320,0.31139724002147207
2,2321,0.344691437293992
2,2322,0.4252927843548685
2,2323,0.5628985418566381
2,2324,0.5051064365936294
2,2325,0.2326241841868263
2,2326,0.22008762912998112
2,2327,0.25724545810868155
2,2328,0.17784674502078684
2,2329,0.2880655829503221
2,2330,0.307145147014774
2,2331,0.33679287037428357
2,2332,0.3075160831637909
2,2333,0.5013772513073814
2,2334,0.46197083746529477
2,2335,0.34002769976807395
2,2336,0.3686326683242757
2,2337,0.28938310798723915
2,2338,0.4088184893208565
2,2339,0.29831858131996114
2,2340,0.532963325160571
2,2341,0.583756460762904
2,2342,0.3988417454237067
2,2343,0.33274038299850345
2,2344,0.6235909636633101
2,2345,0.3349617585551101
2,2346,0.3719127989283377
2,2347,0.42631056678303375
2,2348,0.6691457684050182
2,2349,0.48013767747665004
2,2350,0.5442676517616327
2,2351,0.5039844967064637
2,2352,0.5751277030711431
2,2353,0.1801762346035132
2,2354,0.23916450452030008
2,2355,0.5802757890610267
2,2356,0.46580234291123784
2,2357,0.31148140903814164
2,2358,0.4827709293759531
2,2359,0.25581057154621867
2,2360,0.5580680028881446
2,2361,0.5486786140627637
2,2362,0.3484802004404278
2,2363,0.5731440014966703
2,2364,0.6312851866226972
2,2365,0.30544867711475954
2,2366,0.30263878965408486
2,2367,0.4692518258404686
2,2368,0.3339147071145552
2,2369,0.48226532347559947
2,2370,0.3246626172267951
2,2371,0.21097933850417575
2,2372,0.4921558970503798
2,2373,0.4994107033780445
2,2374,0.38353624589886665
2,2375,0.36042309707134396
2,2376,0.2139473313952061
2,2377,0.3521158149978593
2,2378,0.38001995847596653
2,2379,0.4201991226005517
2,2380,0.20775930152940983
2,2381,0.317117596630106
2,2382,0.38926202249032615
2,2383,0.6046480587117014
2,2384,0.5949070176794606
2,2385,0.21209029755753192
2,2386,0.6335042741346391
2,2387,0.47985021574660053
2,2388,0.30927619927534666
2,2389,0.3557690562116451
2,2390,0.3140517795455807
2,2391,0.4395868633390417
2,2392,0.13466720448411304
2,2393,0.33193459783089907
2,2394,0.5610234453772687
2,2395,0.39396899933367874
2,2396,0.6036241571279068
2,2397,0.434011080260214
2,2398,0.37883440659725787
2,2399,0.5325411480753546
2,2400,0.26962941484851805
2,2401,0.4965176641889588
2,2402,0.40722925154742
2,2403,0.36145016349677006
2,2404,0.4177198830226418
2,2405,0.24137530382876873
2,2406,0.3456963104842746
2,2407,0.493198934273895
2,2408,0.4700477300072203
2,2409,0.29512109321907637
2,2410,0.29368076201685417
2,2411,0.4069180636748641
2,2412,0.33241523581846216
2,2413,0.4188354028151069
2,2414,0.3515060090449101
2,2415,0.31624708081500164
2,2416,0.27856107421531406
2,2417,0.4470087428783594
2,2418,0.3177828904199352
2,2419,0.3905347814587327
2,2420,0.6622081721611086
2,2421,0.32738958177590455
2,2422,0.2977475671317467
2,2423,0.4773167436678702
2,2424,0.6148765073799811
2,2425,0.4582134271718817
2,2426,0.37195595808366116
2,2427,0.46255948252706097
2,2428,0.3137727601946024
2,2429,0.3889096607082263
2,2430,0.45403491100999477
2,2431,0.2521946318064848
2,2432,0.5408522559177036
2,2433,0.4310156484418341
2,2434,0.47102553401309577
2,2435,0.3876869616284687
2,2436,0.2649680411350828
2,2437,0.11141426712654201
2,2438,0.1859784678086694
2,2439,0.38440290359779966
2,2440,0.3097674939955154
2,2441,0.4272824452401681
2,2442,0.4186530477262511
2,2443,0.436863607203891
2,2444,0.5754150145394656
2,2445,0.27365977110191897
2,2446,0.46976520684393447
2,2447,0.3183581913944327
2,2448,0.47929455643568053
2,2449,0.4503466760547433
2,2450,0.2950622941718262
2,2451,0.2697296425911025
2,2452,0.3101392654168559
2,2453,0.3239756013042244
2,2454,0.40692550734779004
2,2455,0.4041260215988552
2,2456,0.39942525731535494
2,2457,0.5550612148755109
2,2458,0.4311736927935624
2,2459,0.4014553029443661
2,2460,0.3433383253457907
2,2461,0.5305755881152109
2,2462,0.5596578156848339
2,2463,0.16104082312676937
2,2464,0.16557751671981305
2,2465,0.21659308735126215
2,2466,0.20369531839786703
2,2467,0.18243957779464143
2,2468,0.22563095257390908
2,2469,0.30990993876288037
2,2470,0.4394485069299877
2,2471,0.3976460282565601
2,2472,0.296348265699787
2,2473,0.3957178031651523
2,2474,0.2987254405789663
2,2475,0.24079789596243448
2,2476,0.3612264414073148
2,2477,0.3759752737918108
2,2478,0.4535293866817791
2,2479,0.2759681464493048
2,2480,0.3414072646905225
2,2481,0.3404437368106844
2,2482,0.2847462276948107
2,2483,0.4552096798973407
2,2484,0.4225886170036541
2,2485,0.35765110193607447
2,2486,0.25260464172206726
2,2487,0.23499909939413238
2,2488,0.2799818966145623
2,2489,0.3004981002417995
2,2490,0.260223356163123
2,2491,0.5839903994924557
2,2492,0.42758904932362035
2,2493,0.5318222089665605
2,2494,0.228558659005171
2,2495,0.5553423250168363
2,2496,0.35746977899468213
2,2497,0.3822465722235841
2,2498,0.2707798541171164
2,2499,0.41542062616301934
2,2500,0.44587744150431863
2,2501,0.33824329990474816
2,2502,0.30902842887204585
2,2503,0.45981655032534
2,2504,0.3621728671953616
2,2505,0.509539750603076
2,2506,0.40528743165694125
2,2507,0.38466773949006483
2,2508,0.48344224110181483
2,2509,0.30901131695812667
2,2510,0.6967338724856381
2,2511,0.45586837698977745
2,2512,0.321667570576058
2,2513,0.4169207019152086
2,2514,0.3020087083024957
2,2515,0.4245510441708012
2,2516,0.19816725591119472
2,2517,0.43837831313023073
2,2518,0.2668561029250891
2,2519,0.36990585393074005
2,2520,0.5554176769204293
2,2521,0.454071847328316
2,2522,0.38835545790439807
2,2523,0.4469721205506114
2,2524,0.5179915642432369
2,2525,0.5269830345365539
2,2526,0.5385065653186576
2,2527,0.43500119691805866
2,2528,0.3896055915095549
2,2529,0.4084368680292484
2,2530,0.4571757762111375
2,2531,0.5524113152461232
2,2532,0.4327024435945452
2,2533,0.3090025158138032
2,2534,0.3757077586640316
2,2535,0.3165887433127391
2,2536,0.4283757719807006
2,2537,0.23082958648228552
2,2538,0.47779507030254303
2,2539,0.5692977717305473
2,2540,0.46659998970030675
2,2541,0.21515297824300036
2,2542,0.2150468287424533
2,2543,0.5175326861492417
2,2544,0.163318993208836
2,2545,0.41557889381653235
2,2546,0.3220245040702172
2,2547,0.22634244893408378
2,2548,0.49344650419219677
2,2549,0.19308751319330492
2,2550,0.39089576282968463
2,2551,0.4696962480117322
2,2552,0.45070515957558316
2,2553,0.4153645729932821
2,2554,0.5201456848339647
2,2555,0.2071390045900972
2,2556,0.2222687614458131
2,2557,0.48065561149830904
2,2558,0.5130459226428643
2,2559,0.3624208783040013
2,2560,0.4510787224854948
2,2561,0.413738511390621
2,2562,0.23980255690043123
2,2563,0.4174970693433988
2,2564,0.4642614807190664
2,2565,0.19509053461070278
2,2566,0.2405843235826757
2,2567,0.22806724435911196
2,2568,0.19905324723815623
2,2569,0.4704689902333664
2,2570,0.2699211363431582
2,2571,0.3823458349144454
2,2572,0.405650909905297
2,2573,0.3367544313195277
2,2574,0.39724219926776055
2,2575,0.5653722514372143
2,2576,0.11986083759963931
2,2577,0.727703460389989
2,2578,0.16969735782722914
2,2579,0.42824221279378966
2,2580,0.5072187312711981
2,2581,0.3478171044125253
2,2582,0.365191627697365
2,2583,0.4907764363699964
2,2584,0.3353903014578616
2,2585,0.4521857334347678
2,2586,0.3833819393017452
2,2587,0.48288210972421786
2,2588,0.44882367748179336
2,2589,0.4915021828663882
2,2590,0.3154487366747443
2,2591,0.607286569346431
2,2592,0.4924439354842796
2,2593,0.4507306505196166
2,2594,0.3676569422491077
2,2595,0.4371271443811092
2,2596,0.24675862219469247
2,2597,0.4562655344468543
2,2598,0.4009238540050771
2,2599,0.40588733180522935
2,2600,0.3810599684859303
2,2601,0.4856071712883527
2,2602,0.38516368139540064
2,2603,0.31395742865262577
2,2604,0.42748105171108797
2,2605,0.4022748363509424
2,2606,0.4418781731864526
2,2607,0.4271508090846778
2,2608,0.19656752360555693
2,2609,0.13711134512904624
2,2610,0.2990216793280877
2,2611,0.3705511075059535
2,2612,0.39999895089233267
2,2613,0.1712061858258932
2,2614,0.20592322828300752
2,2615,0.5170399305484853
2,2616,0.3143294448475715
2,2617,0.3909039874662665
2,2618,0.3499625037448891
2,2619,0.4877748560702607
2,2620,0.46228292393392423
2,2621,0.46228292393392423
2,2622,0.4132756573320847
2,2623,0.4781572440862136
2,2624,0.3629630109373509
2,2625,0.6258500681516178
2,2626,0.5838156380577993
2,2627,0.2583658254833621
2,2628,0.7377117554260646
2,2629,0.4719961985879268
2,2630,0.2717445547654863
2,2631,0.4362128407063586
2,2632,0.24630067015739882
2,2633,0.37838312214428854
2,2634,0.4886392152877416
2,2635,0.4703899383057848
2,2636,0.4037288736592857
2,2637,0.4138319113848366
2,2638,0.4952124095822618
2,2639,0.536730417716305
2,2640,0.27745973041337785
2,2641,0.3929766377251468
2,2642,0.6220886992946633
2,2643,0.2642292975819517
2,2644,0.3092615468301895
2,2645,0.453374794431124
2,2646,0.29029887676471144
2,2647,0.45974726330853594
2,2648,0.3816646291995509
2,2649,0.2643493964576094
2,2650,0.432698955067514
2,2651,0.21968339258996014
2,2652,0.4419276587590519
2,2653,0.34483352455503236
2,2654,0.2802633850912577
2,2655,0.40800858129946105
2,2656,0.36733790710758735
2,2657,0.27755683966178274
2,2658,0.402748031781789
2,2659,0.3578005176494378
2,2660,0.5545710528061876
2,2661,0.34784630832995844
2,2662,0.24950776754141546
2,2663,0.3156576750259798
2,2664,0.6435576626023152
2,2665,0.24490856137126338
2,2666,0.3625846107780773
2,2667,0.3225109545157878
2,2668,0.4036985206330252
2,2669,0.4213628041275456
2,2670,0.5541705586022758
2,2671,0.37738234920939207
2,2672,0.32374008301998186
2,2673,0.28887185130240056
2,2674,0.38905173473969284
2,2675,0.25471511595989577
2,2676,0.2533252606130854
2,2677,0.39803292026277465
2,2678,0.4665483323419062
2,2679,0.5070279090830309
2,2680,0.4336616370489963
2,2681,0.5162618598175895
2,2682,0.5156972634041334
2,2683,0.4504188083790445
2,2684,0.5372029576591616
2,2685,0.4128230970135655
2,2686,0.4116856059648577
2,2687,0.6184206043172722
2,2688,0.4089299974520041
2,2689,0.4068045913684969
2,2690,0.34287692356331595
2,2691,0.5148600264061615
2,2692,0.6109069670159025
2,2693,0.31929806673022554
2,2694,0.6318114889962063
2,2695,0.529268537540088
2,2696,0.6019907139519376
2,2697,0.41233773018153486
2,2698,0.35763433686145185
2,2699,0.4730556122742793
2,2700,0.17959914564630663
2,2701,0.40305855451052436
2,2702,0.6148741185342662
2,2703,0.40145546911875635
2,2704,0.4123443276443719
2,2705,0.3674717049258929
2,2706,0.53356106544527
2,2707,0.28287886647161475
2,2708,0.5379740535953818
2,2709,0.3578113973749454
2,2710,0.3710508027775576
2,2711,0.34375778330855433
2,2712,0.25752352220863045
2,2713,0.34912273612180006
2,2714,0.36412816003114856
2,2715,0.3543911927207753
2,2716,0.5148599302340343
2,2717,0.4432569186994033
2,2718,0.30675262777581314
2,2719,0.5496179854091177
2,2720,0.4269613579631333
2,2721,0.4107894898866296
2,2722,0.32388164822207727
2,2723,0.3316979864742776
2,2724,0.3677104461913313
2,2725,0.33999115606535385
2,2726,0.2844405362196211
2,2727,0.24856135947884492
2,2728,0.1864786377985365
2,2729,0.4795881411658454
2,2730,0.559423824534305
2,2731,0.3640418902949142
2,2732,0.477370437509702
2,2733,0.37541177801569886
2,2734,0.5185649155437277
2,2735,0.3388925494411661
2,2736,0.3698458141497277
2,2737,0.1844100136163359
2,2738,0.2476378134197541
2,2739,0.26604782967621615
2,2740,0.4284693226045937
2,2741,0.47896533556900533
2,2742,0.5033691997758727
2,2743,0.2537400899128709
2,2744,0.1476181933882617
2,2745,0.1216772125855548
2,2746,0.3075213581782312
2,2747,0.6337324403250362
2,2748,0.3653702000569397
2,2749,0.5628748204179839
2,2750,0.3427534532082157
2,2751,0.47609891663341564
2,2752,0.38280818300100516
2,2753,0.4420100630297104
2,2754,0.2619087510230721
2,2755,0.5111273804560031
2,2756,0.3006920364962792
2,2757,0.6045725498740011
2,2758,0.38471714413048486
2,2759,0.3983577973891967
2,2760,0.37886556990865555
2,2761,0.36216443468699805
2,2762,0.25696167824597693
2,2763,0.34384536873480503
2,2764,0.09249872872328149
2,2765,0.6454042386395661
2,2766,0.43518823905153187
2,2767,0.35485870293860405
2,2768,0.3277948611261185
2,2769,0.20411917631242923
2,2770,0.24084425464790618
2,2771,0.2711164194691316
2,2772,0.6154894120087192
2,2773,0.20642677016523023
2,2774,0.39832030181576406
2,2775,0.4059411321966236
2,2776,0.5225237325442402
2,2777,0.3787521108643808
2,2778,0.2895805687277267
2,2779,0.5553527241187279
2,2780,0.582933825053015
2,2781,0.22964366431435315
2,2782,0.2098544164441674
2,2783,0.19049090963038723
2,2784,0.243883742560753
2,2785,0.4841689094474041
2,2786,0.2073693929690157
2,2787,0.37485812420828324
2,2788,0.3828373451209859
2,2789,0.3453354750482538
2,2790,0.38934885225286076
2,2791,0.4549032285244318
2,2792,0.4393796874313112
2,2793,0.44995505032589783
2,2794,0.4366977181135422
2,2795,0.2708548278493992
2,2796,0.32132447756727617
2,2797,0.4848824901776183
2,2798,0.29635958210701624
2,2799,0.3000517947348776
2,2800,0.31178522069219106
2,2801,0.3850704152404432
2,2802,0.46979861261799577
2,2803,0.36259879272761636
2,2804,0.64750722964593
2,2805,0.2193328067853789
2,2806,0.6682401052339182
2,2807,0.7162389028945503
2,2808,0.46526315787450695
2,2809,0.41620557556643933
2,2810,0.45175138699897477
2,2811,0.401885899674019
2,2812,0.362733336373239
2,2813,0.19145289467061613
2,2814,0.5717546149386264
2,2815,0.35100557782123076
2,2816,0.477940227014949
2,2817,0.44700989019478427
2,2818,0.36067374047822204
2,2819,0.37782875244902
2,2820,0.4381112880372862
2,2821,0.5576383221661628
2,2822,0.16819076505107894
2,2823,0.5007733114892235
2,2824,0.1543002782271402
2,2825,0.42792778002003823
2,2826,0.2595269100235124
2,2827,0.363160897372553
2,2828,0.39619060585051546
2,2829,0.6128264716483895
2,2830,0.42109770510065686
2,2831,0.28121359100079746
2,2832,0.2510491509926658
2,2833,0.5050794143844738
2,2834,0.47088163223584045
2,2835,0.46752055927169517
2,2836,0.3238390001945946
2,2837,0.21330718229980974
2,2838,0.4914952612237553
2,2839,0.5188594807175405
2,2840,0.2750559257628153
2,2841,0.4195667018818763
2,2842,0.4313374972616602
2,2843,0.44884797106939384
2,2844,0.44493254706047514
2,2845,0.5698502656043144
2,2846,0.3018619674300751
2,2847,0.26480096302876266
2,2848,0.27868808541855195
2,2849,0.2709146935679735
2,2850,0.6269310048599855
2,2851,0.5113247143787014
2,2852,0.33125347395269195
2,2853,0.29573214906720074
2,2854,0.24171860706955917
2,2855,0.2363229627896264
2,2856,0.40406148635424527
2,2857,0.28361990660546343
2,2858,0.5410209434667157
2,2859,0.5713095450655601
2,2860,0.22822791645332732
2,2861,0.4716583876085206
2,2862,0.5224445043561851
2,2863,0.43397990988863616
2,2864,0.2580766810951381
2,2865,0.39073131509205233
2,2866,0.1491429691799438
2,2867,0.17540887642455041
2,2868,0.3878629983954997
2,2869,0.4790259925160987
2,2870,0.3451219716183489
2,2871,0.5042959295020399
2,2872,0.6427486665840209
2,2873,0.5379377379077834
2,2874,0.22656038011914822
2,2875,0.33385836717348283
2,2876,0.25051266947928424
2,2877,0.43866175078670083
2,2878,0.3095531152991425
2,2879,0.2847600225436283
2,2880,0.37424781532022644
2,2881,0.4259377257339402
2,2882,0.33497016674200175
2,2883,0.3953524521417026
2,2884,0.45995983259352347
2,2885,0.3307406862515736
2,2886,0.4560601020615326
2,2887,0.534895907807253
2,2888,0.509367027364432
2,2889,0.3597130141256842
2,2890,0.3395553721689579
2,2891,0.37031652677173355
2,2892,0.4302489323924408
2,2893,0.39274399458300085
2,2894,0.3374842352080218
2,2895,0.5507522239089024
2,2896,0.491415471422622
2,2897,0.24112966151747645
2,2898,0.259763711385071
2,2899,0.3291740704018481
2,2900,0.5223857102608834
2,2901,0.4171499487452007
2,2902,0.5371134154254945
2,2903,0.38416597945951164
2,2904,0.7295947774339672
2,2905,0.5499728466894757
2,2906,0.5727603294726713
2,2907,0.35873190399012767
2,2908,0.2523431866151456
2,2909,0.4275405370366326
2,2910,0.2418566702461177
2,2911,0.6143996589749405
2,2912,0.33080749819879945
2,2913,0.585893023702172
2,2914,0.2460038476831416
2,2915,0.5945340818803709
2,2916,0.4114563269927141
2,2917,0.5708687950540783
2,2918,0.41898495265058006
2,2919,0.26114989837046365
2,2920,0.46770051137406266
2,2921,0.4813206457026887
2,2922,0.2974493331996901
2,2923,0.3260821383851174
2,2924,0.20056446969071925
2,2925,0.18517317014442752
2,2926,0.3299360747730359
2,2927,0.7170942005298351
2,2928,0.44657217365526874
2,2929,0.4443031505369875
2,2930,0.5526537211828306
2,2931,0.4117328506367933
2,2932,0.4739956390057368
2,2933,0.44430268169080916
2,2934,0.29715550229545284
2,2935,0.4537862372080393
2,2936,0.4596732751688006
2,2937,0.404798394214888
2,2938,0.5359138810845903
2,2939,0.4542039894968174
2,2940,0.5224279618826732
2,2941,0.5028909757330005
2,2942,0.44006916460759227
2,2943,0.356319216035436
2,2944,0.6064917514131533
2,2945,0.5000785664836902
2,2946,0.4180412691759096
2,2947,0.42314420353375587
2,2948,0.39943175650582474
2,2949,0.561658463779008
2,2950,0.2439087474673741
2,2951,0.2705065392132213
2,2952,0.3344931429707488
2,2953,0.36770681338800004
2,2954,0.3408396607901155
2,2955,0.3198916405694067
2,2956,0.40281699818208627
2,2957,0.28258716155824204
2,2958,0.40633371285208914
2,2959,0.4021084964371407
2,2960,0.3810277470721357
2,2961,0.4502083855248502
2,2962,0.4497209050996043
2,2963,0.23875108997307928
2,2964,0.3393569308343356
2,2965,0.13810038289879747
2,2966,0.4128363605614075
2,2967,0.4644991197251432
2,2968,0.340518756237473
2,2969,0.47682123205110394
2,2970,0.6762549145805999
2,2971,0.5573823808496449
2,2972,0.5076212839717598
2,2973,0.39795343347415485
2,2974,0.511278673137683
2,2975,0.7878376211035216
2,2976,0.41728924759615116
2,2977,0.6081662841105017
2,2978,0.5321394683244114
2,2979,0.6485921125571013
2,2980,0.5875831132335595
2,2981,0.6217432010330031
2,2982,0.43368422729191725
2,2983,0.2628150104589087
2,2984,0.5364285601911178
2,2985,0.2568186786244824
2,2986,0.47616578955044153
2,2987,0.5263730606602113
2,2988,0.5771131632683074
2,2989,0.39571423097312236
2,2990,0.31784224732668115
2,2991,0.2722577211597778
2,2992,0.3957131474058267
2,2993,0.3043747306441621
2,2994,0.3706838156255892
2,2995,0.46409906320944144
2,2996,0.2159697598821851
2,2997,0.36562861209811826
2,2998,0.34837640729198294
2,2999,0.41663058983658485
2,3000,0.31449198675343587
2,3001,0.482899351924052
2,3002,0.45973517249067974
2,3003,0.2732651034132126
2,3004,0.4064044630533956
2,3005,0.6297727739201078
2,3006,0.6861763062014363
2,3007,0.5029057501456131
2,3008,0.4554737825937393
2,3009,0.2722114547633046
2,3010,0.3657435449895158
2,3011,0.4671886322300295
2,3012,0.3613249116005587
2,3013,0.5338021731899467
2,3014,0.35777418793559806
2,3015,0.4326449185475963
2,3016,0.4004022585802224
2,3017,0.23223383190009197
2,3018,0.28495289199103674
2,3019,0.2623402385683042
2,3020,0.4889656833989916
2,3021,0.523570041855949
2,3022,0.26484149564754994
2,3023,0.3957243588248123
2,3024,0.4914568323414017
2,3025,0.48414561409186063
2,3026,0.48996875540570956
2,3027,0.20181125462344313
2,3028,0.43178165978216293
2,3029,0.3464343119694794
2,3030,0.4568515698790475
2,3031,0.33425146713822684
2,3032,0.7411580588046734
2,3033,0.297224164412479
2,3034,0.2402600942884195
2,3035,0.6669629506936013
2,3036,0.612676996638599
2,3037,0.4788716126077646
2,3038,0.34190964619443537
2,3039,0.440180965490855
2,3040,0.4841510795542191
2,3041,0.4510856752975272
2,3042,0.30755493793755967
2,3043,0.3855200666143722
2,3044,0.4798711139185703
2,3045,0.30300884851640264
2,3046,0.4587141456627233
2,3047,0.277428641957279
2,3048,0.2724219040118105
2,3049,0.2710741121790335
2,3050,0.40064485488439755
2,3051,0.5517280087945055
2,3052,0.4768993494611842
2,3053,0.4326535923703393
2,3054,0.3905865815552483
2,3055,0.3731406830359951
2,3056,0.5517425047921753
2,3057,0.4326719316364244
2,3058,0.5031399209181837
2,3059,0.47391065359764994
2,3060,0.3653176904292481
2,3061,0.3082943247268683
2,3062,0.5360765993178149
2,3063,0.22792910206110212
2,3064,0.2521302645111766
2,3065,0.21931269411130727
2,3066,0.2627296352806042
2,3067,0.46388718218467817
2,3068,0.3484532517500677
2,3069,0.6765299127627931
2,3070,0.517325233558915
2,3071,0.20797513865846431
2,3072,0.30853783371323196
2,3073,0.43303276314532063
2,3074,0.4548755228612698
2,3075,0.2763706307234377
2,3076,0.3461274562102337
2,3077,0.5402588934589506
2,3078,0.5149433695744217
2,3079,0.521895775114689
2,3080,0.28581715338389807
2,3081,0.164340426314389
2,3082,0.39662262600107034
2,3083,0.6007413153054914
2,3084,0.4428095520285533
2,3085,0.3923115570672791
2,3086,0.5396926894511319
2,3087,0.30235891585033536
2,3088,0.48304490858303356
2,3089,0.3297244419350332
2,3090,0.3508511735048698
2,3091,0.33539507494297194
2,3092,0.3209652861388507
2,3093,0.3402800380338519
2,3094,0.3260380712801911
2,3095,0.2796993862691996
2,3096,0.28079967876068285
2,3097,0.2998591825281121
2,3098,0.17993594970834423
2,3099,0.4264582139940643
2,3100,0.33995515968042284
2,3101,0.264114446908727
2,3102,0.37557495719535905
2,3103,0.41618348923376797
2,3104,0.29102194220350036
2,3105,0.5623477450909875
2,3106,0.31211092538322494
2,3107,0.3453215032199505
2,3108,0.46165391509288956
2,3109,0.38048498283077076
2,3110,0.30845259285565085
2,3111,0.2652005168044695
2,3112,0.6075562952146287
2,3113,0.6384938941513922
2,3114,0.5187526231689278
2,3115,0.3562087596939855
2,3116,0.5722925466248736
2,3117,0.27970442798917927
2,3118,0.316894254578751
2,3119,0.26708857361954214
2,3120,0.29451558738864014
2,3121,0.3400568083452936
2,3122,0.4480161600149242
2,3123,0.4512993180006678
2,3124,0.5019555129457696
2,3125,0.33499662988249407
2,3126,0.46821248744314775
2,3127,0.43404666516782947
2,3128,0.32287138549138994
2,3129,0.34514272807582846
2,3130,0.4123037434568675
2,3131,0.4009685015466474
2,3132,0.313943654088935
2,3133,0.3072199615763641
2,3134,0.471472442489116
2,3135,0.5426145452610223
2,3136,0.49127571698869266
2,3137,0.26737392267520943
2,3138,0.10918717529793857
2,3139,0.6686245190357466
2,3140,0.5636415996463835
2,3141,0.33910688852086945
2,3142,0.4967877042511041
2,3143,0.570448170283201
2,3144,0.3124424052426715
2,3145,0.27289657150402635
2,3146,0.6193036063647924
2,3147,0.5628875193058376
2,3148,0.381516098010929
2,3149,0.3982250870994008
2,3150,0.44816671120514046
2,3151,0.23359590022657004
2,3152,0.16092823156166924
2,3153,0.6051455310797859
2,3154,0.542955414886525
2,3155,0.238617332939851
2,3156,0.37455326516660564
2,3157,0.42835967814614595
2,3158,0.5113305778862841
2,3159,0.5781629125718255
2,3160,0.6488539154090222
2,3161,0.19516411827694033
2,3162,0.31808751482372044
2,3163,0.28708240675038943
2,3164,0.3342996687418724
2,3165,0.304389035785485
2,3166,0.2647638313646583
2,3167,0.5168608480135332
2,3168,0.4845011546117513
2,3169,0.3811158976249225
2,3170,0.16011059144235665
2,3171,0.3917800822937454
2,3172,0.20019974968204088
2,3173,0.2991810999722564
2,3174,0.6251827001166874
2,3175,0.24573086070338865
2,3176,0.37938012209695837
2,3177,0.24425045298480075
2,3178,0.4052360275044971
2,3179,0.3712023579055743
2,3180,0.34439986403267275
2,3181,0.4198660581050714
2,3182,0.3548880945735821
2,3183,0.1305261410122548
2,3184,0.29362650383508265
2,3185,0.4029319051477319
2,3186,0.3156448435206178
2,3187,0.38010409990038013
2,3188,0.3836900967866343
2,3189,0.5172591665825567
2,3190,0.2661739616563943
2,3191,0.4818734503584645
2,3192,0.38007816066077343
2,3193,0.1427379909874892
2,3194,0.3395985609355778
2,3195,0.307457519518051
2,3196,0.34828503673583977
2,3197,0.42861694811720985
2,3198,0.3819416463109625
2,3199,0.4895655877374301
2,3200,0.37229323239739487
2,3201,0.38657170222014436
2,3202,0.4890225556921715
2,3203,0.5090693277728694
2,3204,0.4190324202565306
2,3205,0.34556986103237525
2,3206,0.44510196358992427
2,3207,0.6075401992911237
2,3208,0.574040552079956
2,3209,0.2777553320592484
2,3210,0.5177392214901968
2,3211,0.3162669842991752
2,3212,0.7415574586393103
2,3213,0.6665703818727101
2,3214,0.5139839972812962
2,3215,0.4884086499494716
2,3216,0.2678881077677122
2,3217,0.40074022362554274
2,3218,0.3372647536769743
2,3219,0.19532804273872448
2,3220,0.43194192218445376
2,3221,0.5016293522596172
2,3222,0.38700865331479595
2,3223,0.22596559680281725
2,3224,0.4320365806649811
2,3225,0.36008846420356017
2,3226,0.2626303011017014
2,3227,0.31700550830083346
2,3228,0.26705848402098387
2,3229,0.3181044830957509
2,3230,0.2335065524048132
2,3231,0.4405429138855117
2,3232,0.3610784080234029
2,3233,0.3129153656546492
2,3234,0.37515082552429396
2,3235,0.5849229675082398
2,3236,0.42373039697625037
2,3237,0.5123989610923958
2,3238,0.5724984798227797
2,3239,0.2298012196882859
2,3240,0.3696765327069105
2,3241,0.4312303529652235
2,3242,0.7013703248112719
2,3243,0.711657754737148
2,3244,0.5602872244221659
2,3245,0.42687305440759826
2,3246,0.5147596858007853
2,3247,0.535717127355273
2,3248,0.27995579768559997
2,3249,0.4851433988731833
2,3250,0.4686030671870995
2,3251,0.48586471786798496
2,3252,0.32755544806638376
2,3253,0.3816275600899501
2,3254,0.23348957280529783
2,3255,0.539510838653471
2,3256,0.44285699470177214
2,3257,0.37740013491960933
2,3258,0.41563879104410734
2,3259,0.6287999624916493
2,3260,0.28707962882111815
2,3261,0.5240593920057658
2,3262,0.36766824003286563
2,3263,0.22699013352485187
2,3264,0.3114849185642772
2,3265,0.5808411943287882
2,3266,0.41769442968940534
2,3267,0.5232043179055128
2,3268,0.5142649295478073
2,3269,0.3531081149141925
2,3270,0.361921360862717
2,3271,0.2864364957540151
2,3272,0.3712407276552921
2,3273,0.3083751547112671
2,3274,0.22169134711316144
2,3275,0.5035034262313937
2,3276,0.24881388662833895
2,3277,0.47449411899879873
2,3278,0.29202807629223393
2,3279,0.4463654681468351
2,3280,0.4811839729782211
2,3281,0.42707085239288956
2,3282,0.6386444876918462
2,3283,0.45369027786027977
2,3284,0.26082046528994207
2,3285,0.43175585791835525
2,3286,0.5635743906094087
2,3287,0.23590274655135046
2,3288,0.16124314251137023
2,3289,0.39305759749397856
2,3290,0.44840139650473676
2,3291,0.4768900964601503
2,3292,0.4250099343200851
2,3293,0.32209294624922136
2,3294,0.3837683756503176
2,3295,0.4488520986403024
2,3296,0.3384435643275672
2,3297,0.5002231521581014
2,3298,0.5022241691578427
2,3299,0.3423514417558866
2,3300,0.2583696315434086
2,3301,0.4902835667596421
2,3302,0.43468108442529363
2,3303,0.47093612789419015
2,3304,0.43877239053255684
2,3305,0.13957918695146165
2,3306,0.4822767034163718
2,3307,0.5046294285178231
2,3308,0.32199762588343284
2,3309,0.20769474254384968
2,3310,0.3064680716295485
2,3311,0.44914106053072866
2,3312,0.4594840270086939
2,3313,0.3610541410351331
2,3314,0.3327956764873232
2,3315,0.37114631902267214
2,3316,0.48868031771872944
2,3317,0.18752014038888493
2,3318,0.27924284549865896
2,3319,0.4759546126290044
2,3320,0.2320758686477284
2,3321,0.43715719863776
2,3322,0.36853911364396896
2,3323,0.39288735793813073
2,3324,0.3705073056664067
2,3325,0.5307507207245578
2,3326,0.3349375632803905
2,3327,0.4623997951249645
2,3328,0.32939008607765535
2,3329,0.4235907723371354
2,3330,0.2799913397482709
2,3331,0.3113954885648049
2,3332,0.3286261127806454
2,3333,0.4627046818190444
2,3334,0.35605263533651804
2,3335,0.5257108616763466
2,3336,0.3676639598884759
2,3337,0.5334343837222484
2,3338,0.3333973881241375
2,3339,0.44577315250354393
2,3340,0.46508322273084296
2,3341,0.572631600643788
2,3342,0.7725353746836245
2,3343,0.38514381205806314
2,3344,0.29543164318210147
2,3345,0.5480695368006799
2,3346,0.5405426438013163
2,3347,0.3544640150530151
2,3348,0.4281279053361658
2,3349,0.37574712286008016
2,3350,0.30011501563047804
2,3351,0.34640026168567006
2,3352,0.47343361820736035
2,3353,0.5061802595285595
2,3354,0.5864513730589386
2,3355,0.20132551695505121
2,3356,0.3449099497989346
2,3357,0.4465073060719155
2,3358,0.20862247900649541
2,3359,0.5011761898879303
2,3360,0.20113531676507113
2,3361,0.6414701115810029
2,3362,0.424512855127861
2,3363,0.42097820913404715
2,3364,0.42273251729039935
2,3365,0.4639323087074266
2,3366,0.5847226336798584
2,3367,0.6424905746111087
2,3368,0.40424783920230073
2,3369,0.4585330678759918
2,3370,0.448420710457032
2,3371,0.347566289867165
2,3372,0.39100010195046125
2,3373,0.6219247699799226
2,3374,0.48410435021005366
2,3375,0.5321854696018125
2,3376,0.3757018103304792
2,3377,0.5431108941301449
2,3378,0.2514655550116033
2,3379,0.382054912667775
2,3380,0.5521376361530805
2,3381,0.3801929261768058
2,3382,0.5992252811801286
2,3383,0.4966437176289714
2,3384,0.27252788243047327
2,3385,0.36195212947092403
2,3386,0.49680891980945807
2,3387,0.293246322219643
2,3388,0.2421972105526172
2,3389,0.5207454612994626
2,3390,0.6469255861198867
2,3391,0.5709685646488355
2,3392,0.5343862487102148
2,3393,0.43823321847941965
2,3394,0.4148968790763579
2,3395,0.24181028910239138
2,3396,0.39701247983039334
2,3397,0.43689427323651087
2,3398,0.3248618393186995
2,3399,0.3094294309175907
2,3400,0.41965623307196503
2,3401,0.44658976605696926
2,3402,0.29625093596030483
2,3403,0.3493001884603834
2,3404,0.36491173345134326
2,3405,0.368361595206047
2,3406,0.46452394429359506
2,3407,0.3455156423920043
2,3408,0.25963543976276793
2,3409,0.47667189127905935
2,3410,0.38339604267794686
2,3411,0.31792951773115286
2,3412,0.39060701970713513
2,3413,0.4037088559164195
2,3414,0.4984127509326289
2,3415,0.29406872392710975
2,3416,0.3068042606436346
2,3417,0.5250493379610842
2,3418,0.5433537491668331
2,3419,0.579200715010527
2,3420,0.5918653762829957
2,3421,0.5839631201172287
2,3422,0.4181749956466038
2,3423,0.5146424588422145
2,3424,0.5440717350385464
2,3425,0.6640889702026004
2,3426,0.710065988868988
2,3427,0.5490818924471795
2,3428,0.372685252485146
2,3429,0.41500952662159823
2,3430,0.6221258441772751
2,3431,0.2878685811064552
2,3432,0.276482405453393
2,3433,0.43853875259052205
2,3434,0.37352807899895335
2,3435,0.3836401879715698
2,3436,0.2831207633225251
2,3437,0.24069436176160214
2,3438,0.2272661456126305
2,3439,0.32381618607774415
2,3440,0.5252167310620671
2,3441,0.24271299344268085
2,3442,0.5891609445869285
2,3443,0.4549698434807043
2,3444,0.43207244880299284
2,3445,0.49675197577068436
2,3446,0.1993300254640699
2,3447,0.1804924342887649
2,3448,0.6227820255569009
2,3449,0.4190327216410894
2,3450,0.46604761537587996
2,3451,0.571452645150033
2,3452,0.55834845761386
2,3453,0.3645557025162614
2,3454,0.42071800283165073
2,3455,0.33277756485064686
2,3456,0.3583601014578427
2,3457,0.2750244538273047
2,3458,0.3996412442911506
2,3459,0.6953482549151103
2,3460,0.7094805044587092
2,3461,0.6046052954270137
2,3462,0.513067913525367
2,3463,0.3900784646384386
2,3464,0.3201909567215678
2,3465,0.41890794691008626
2,3466,0.4095241433003595
2,3467,0.3340920026770394
2,3468,0.3863283864433824
2,3469,0.2521181512642695
2,3470,0.16666694941695953
2,3471,0.6338853981148449
2,3472,0.478651056544651
2,3473,0.7976519776095871
2,3474,0.6343025086365722
2,3475,0.351962644388613
2,3476,0.4609737341166208
2,3477,0.37153042506084344
2,3478,0.6292460643783032
2,3479,0.3771434051112229
2,3480,0.3665255297989073
2,3481,0.360784844777266
2,3482,0.4103373791303343
2,3483,0.47217269332725964
2,3484,0.7002083020608841
2,3485,0.48438667702980703
2,3486,0.5955168434487289
2,3487,0.4308297773092734
2,3488,0.39579969013976735
2,3489,0.40694173196357886
2,3490,0.31598556041065656
2,3491,0.32657908779621975
2,3492,0.30664827587247556
2,3493,0.5417513989136736
2,3494,0.38962409028387873
2,3495,0.27791759514439834
2,3496,0.6022366879020289
2,3497,0.30354105826034133
2,3498,0.3475191246231677
2,3499,0.3776521658499847
2,3500,0.4141069442986547
2,3501,0.36310130113746425
2,3502,0.5743150745750908
2,3503,0.5444511839230568
2,3504,0.32788034432316976
2,3505,0.3712918005936773
2,3506,0.5865130363155944
2,3507,0.35784850737622875
2,3508,0.4807905696401075
2,3509,0.4719472099990039
2,3510,0.43041765620890066
2,3511,0.6305885223089019
2,3512,0.6490813213055868
2,3513,0.4389159228479159
2,3514,0.3180601270146651
2,3515,0.715696194701881
2,3516,0.2656990176898502
2,3517,0.2817229531053708
2,3518,0.5075180205692773
2,3519,0.45261089617277844
2,3520,0.42782206557366176
2,3521,0.3871881545219178
2,3522,0.34429336055474213
2,3523,0.34541723606103647
2,3524,0.2630550366690836
2,3525,0.36592406603455463
2,3526,0.23202993529447727
2,3527,0.3188664899553397
2,3528,0.32453612095344103
2,3529,0.4553192612594388
2,3530,0.5790790635633943
2,3531,0.29802190845996107
2,3532,0.47114015108043905
2,3533,0.24206441501270887
2,3534,0.29449469451935323
2,3535,0.5553291439745391
2,3536,0.34129539704659495
2,3537,0.3582665788040653
2,3538,0.46591334976395943
2,3539,0.46551979563173795
2,3540,0.3378815136855747
2,3541,0.587467272288821
2,3542,0.22686867584083567
2,3543,0.26319603171022266
2,3544,0.3748850249492568
2,3545,0.4027832786890097
2,3546,0.3921855065591919
2,3547,0.31658002004631836
2,3548,0.5320525406491777
2,3549,0.7777809722885386
2,3550,0.5439379568825162
2,3551,0.24675680819258317
2,3552,0.32692268516484735
2,3553,0.4394269081738281
2,3554,0.38997286253383917
2,3555,0.3336379257870126
2,3556,0.47596085497424867
2,3557,0.5738692662698522
2,3558,0.8029780810342928
2,3559,0.24067423453257353
2,3560,0.6049456222559935
2,3561,0.35763083922185446
2,3562,0.4362491026334897
2,3563,0.2350929114011013
2,3564,0.24002071201915806
2,3565,0.37173497544705086
2,3566,0.49630586339621463
2,3567,0.5460216840892729
2,3568,0.35171033601224516
2,3569,0.5016678137471683
2,3570,0.3982833892920663
2,3571,0.5770231814753489
2,3572,0.33724724596172434
2,3573,0.3645516908340978
2,3574,0.38329724526511105
2,3575,0.34241849371378297
2,3576,0.3628285731928272
2,3577,0.4022698620867522
2,3578,0.5226710521675126
2,3579,0.44259062958171086
2,3580,0.4332321689312798
2,3581,0.3480435859073743
2,3582,0.28809058572634894
2,3583,0.5055504437080601
2,3584,0.33179415161432124
2,3585,0.661729353732093
2,3586,0.43898637380081745
2,3587,0.31857650453039665
2,3588,0.3397751606763999
2,3589,0.36113229694002363
2,3590,0.2875101886058796
2,3591,0.3056546908965563
2,3592,0.4187829025455745
2,3593,0.36087663529488045
2,3594,0.43845391601207984
2,3595,0.5388310878690054
2,3596,0.4764764298033315
2,3597,0.42620563810445644
2,3598,0.31013796201492116
2,3599,0.3198485976882835
2,3600,0.23192277269595166
2,3601,0.2325663894420063
2,3602,0.4839011854455328
2,3603,0.5975191885993343
2,3604,0.6601651174431193
2,3605,0.47739298456867907
2,3606,0.40080062397128935
2,3607,0.5495393102725477
2,3608,0.4240337652283778
2,3609,0.5566272848857988
2,3610,0.24266859021566223
2,3611,0.3894770472209561
2,3612,0.31217423309235887
2,3613,0.12809287467203767
2,3614,0.347683867347407
2,3615,0.5832579708266968
2,3616,0.348217919924321
2,3617,0.35412317742722965
2,3618,0.2807326731513248
2,3619,0.2298552285043779
2,3620,0.4612139790579067
2,3621,0.38408690329364853
2,3622,0.701791722271684
2,3623,0.3411765836353402
2,3624,0.37161153855542606
2,3625,0.2796031584108931
2,3626,0.3805509924299803
2,3627,0.6094198133400005
2,3628,0.5487528755995721
2,3629,0.6392784025961021
2,3630,0.4372445613607082
2,3631,0.2470370967288471
2,3632,0.29713629812076187
2,3633,0.24010049751816484
2,3634,0.33961742774610504
2,3635,0.2556330194557474
2,3636,0.4031289607114186
2,3637,0.43851776682625426
2,3638,0.2742281113257501
2,3639,0.48384457675034825
2,3640,0.20074701394723182
2,3641,0.3648101219493295
2,3642,0.14668599590558137
2,3643,0.41321956105480945
2,3644,0.5108189880652239
2,3645,0.23583984194890573
2,3646,0.533441927466621
2,3647,0.25122424673730354
2,3648,0.2719773318145708
2,3649,0.7775488464183259
2,3650,0.5535013923110833
2,3651,0.2795394756091227
2,3652,0.29575103519134627
2,3653,0.4328312266021266
2,3654,0.31381425198328156
2,3655,0.47735145932766543
2,3656,0.3675612414241809
2,3657,0.26324199105743706
2,3658,0.5435130969714391
2,3659,0.4047077374105573
2,3660,0.2955346008097418
2,3661,0.4865896262995304
2,3662,0.47552148736518635
2,3663,0.23424834703471195
2,3664,0.20525427611484068
2,3665,0.5867176411027936
2,3666,0.5010097761594201
2,3667,0.16009811624656314
2,3668,0.30473864109671434
2,3669,0.4138972950400272
2,3670,0.3383675523031612
2,3671,0.24974748050455606
2,3672,0.23369521049406405
2,3673,0.21302964812980754
2,3674,0.3970467087094173
2,3675,0.27694331623234586
2,3676,0.5030533092021546
2,3677,0.3247903579431433
2,3678,0.25117616613474525
2,3679,0.4525560301606508
2,3680,0.5372773951402481
2,3681,0.39903781800512333
2,3682,0.3716823749555382
2,3683,0.3300753902825694
2,3684,0.42318332695407623
2,3685,0.6057518229957389
2,3686,0.6115072351629209
2,3687,0.2165723764823846
2,3688,0.6170414943169642
2,3689,0.3355640255360815
2,3690,0.46544285713267025
2,3691,0.4024792950615146
2,3692,0.33694596272483696
2,3693,0.25864608424694124
2,3694,0.5427136490348542
2,3695,0.32362173972049607
2,3696,0.3822132923533254
2,3697,0.17719076443208737
2,3698,0.6789894491780905
2,3699,0.20964745240654523
2,3700,0.26758598976851555
2,3701,0.33579170656395496
2,3702,0.3319541534705464
2,3703,0.5003899294993326
2,3704,0.42909132724627164
2,3705,0.4049329228181428
2,3706,0.29915180620228476
2,3707,0.4486366345004531
2,3708,0.4512725137021366
2,3709,0.33043810215463143
2,3710,0.6593017251075813
2,3711,0.28945582013028
2,3712,0.19436944258357228
2,3713,0.382199118548956
2,3714,0.33244179362200094
2,3715,0.22444337228890254
2,3716,0.33584463968501765
2,3717,0.337131229222026
2,3718,0.36797016075039546
2,3719,0.45013379669701137
2,3720,0.37042481608466526
2,3721,0.20037249517403088
2,3722,0.17519572260760188
2,3723,0.3673650514426737
2,3724,0.37339959858872906
2,3725,0.26004633958893236
2,3726,0.595767660565119
2,3727,0.30004980434420053
2,3728,0.3564215033481867
2,3729,0.3947966089637214
2,3730,0.32609835852017244
2,3731,0.3331590961055245
2,3732,0.3568751157942874
2,3733,0.43137836675986246
2,3734,0.37013868656986265
2,3735,0.4205303635690901
2,3736,0.340576631155155
2,3737,0.5478560855633088
2,3738,0.5047413545299959
2,3739,0.5126709114939092
2,3740,0.31819284460409963
2,3741,0.5222147584267413
2,3742,0.298633758270861
2,3743,0.19681547042392275
2,3744,0.2256549949807381
2,3745,0.3007895291577525
2,3746,0.47856300921762307
2,3747,0.3704240789036619
2,3748,0.3400416683472746
2,3749,0.30247765474297894
2,3750,0.5262888684199327
2,3751,0.4440984935266201
2,3752,0.532838171892714
2,3753,0.46987717498711584
2,3754,0.2401558584110916
2,3755,0.21049427224869607
2,3756,0.3225731883196035
2,3757,0.4279429106880419
2,3758,0.6276524468727163
2,3759,0.3775927615391073
2,3760,0.3850713322966939
2,3761,0.521066830893539
2,3762,0.23530647147588493
2,3763,0.22270067658444934
2,3764,0.2908416478059228
2,3765,0.3312919708385659
2,3766,0.33281790419923546
2,3767,0.32854146030883485
2,3768,0.46313283456130677
2,3769,0.35731890627751983
2,3770,0.3705796391668943
2,3771,0.3955083907467539
2,3772,0.2730325370399502
2,3773,0.37593086200450343
2,3774,0.43579721888187045
2,3775,0.3167996251059424
2,3776,0.42857491008048665
2,3777,0.23645582075143837
2,3778,0.4642171101148637
2,3779,0.362796613927708
2,3780,0.7028910752426987
2,3781,0.4842107013176378
2,3782,0.2603700228018569
2,3783,0.27675875483726686
2,3784,0.3315521674507862
2,3785,0.4635085437736188
2,3786,0.2908020365166486
2,3787,0.45685472210100003
2,3788,0.37235859463216064
2,3789,0.5462693411148998
2,3790,0.2516109115015548
2,3791,0.40407069154239106
2,3792,0.29896031514966703
2,3793,0.2160724134675462
2,3794,0.2120849279645206
2,3795,0.40326065242141174
2,3796,0.239136719763398
2,3797,0.3991491204340455
2,3798,0.5118343969275434
2,3799,0.6132658327285402
2,3800,0.35354559633328436
2,3801,0.20544587809438633
2,3802,0.40669805969640616
2,3803,0.38194457769240175
2,3804,0.28098793592258803
2,3805,0.4889021979398956
2,3806,0.22930988213212566
2,3807,0.6258772960304599
2,3808,0.4477145766933984
2,3809,0.5265881209739137
2,3810,0.36212086639638047
2,3811,0.375289188810781
2,3812,0.49549152122172396
2,3813,0.36777429577062976
2,3814,0.4842780167191578
2,3815,0.4128276301004772
2,3816,0.21248083791890762
2,3817,0.19215938733054508
2,3818,0.23149946623919232
2,3819,0.4411161221501545
2,3820,0.26037189044917797
2,3821,0.47846862275753593
2,3822,0.30656268210312937
2,3823,0.37792736040906577
2,3824,0.41130768561643594
2,3825,0.4406413166641553
2,3826,0.4391195477785958
2,3827,0.34538106221707576
2,3828,0.4740717716097867
2,3829,0.5027961052861241
2,3830,0.40969412193335975
2,3831,0.3288359781235135
2,3832,0.31506161311392167
2,3833,0.2897667825385511
2,3834,0.4429054654269313
2,3835,0.28524744753847825
2,3836,0.4365061419729736
2,3837,0.5194163366976755
2,3838,0.3292112478797349
2,3839,0.2574089795621186
2,3840,0.4568758483267194
2,3841,0.4683518153160709
2,3842,0.36615108840528854
2,3843,0.36367207100387394
2,3844,0.4922224496398218
2,3845,0.3786034176950844
2,3846,0.4960302063873306
2,3847,0.25567167579124744
2,3848,0.2455390927824818
2,3849,0.3273065049759286
2,3850,0.6135230767513118
2,3851,0.1336847848180372
2,3852,0.38517167242509043
2,3853,0.49103768476547455
2,3854,0.33301569816855
2,3855,0.25967279876249577
2,3856,0.271061695634653
2,3857,0.35192884158001464
2,3858,0.41350244157595845
2,3859,0.32576727411897943
2,3860,0.454960642752096
2,3861,0.3084156241426118
2,3862,0.607239756055618
2,3863,0.2708545869289565
2,3864,0.41067547654468006
2,3865,0.2168293323797213
2,3866,0.16315143177769523
2,3867,0.19863193935224344
2,3868,0.2703259594008798
2,3869,0.44151422915179994
2,3870,0.35762958960507973
2,3871,0.3160036902651829
2,3872,0.35383604904255767
2,3873,0.34039108726234574
2,3874,0.36654837914739813
2,3875,0.5352680337347212
2,3876,0.5530235985109243
2,3877,0.4996381879296777
2,3878,0.4290408792089042
2,3879,0.3736921621725405
2,3880,0.4265467322863957
2,3881,0.25957950642665745
2,3882,0.4443765953430618
2,3883,0.40465566514348517
2,3884,0.38710777679318475
2,3885,0.14027517260493264
2,3886,0.662980776598622
2,3887,0.21644455604555668
2,3888,0.8508581626724074
2,3889,0.8132599420071048
2,3890,0.7297251561248863
2,3891,0.2568328663337064
2,3892,0.37889922269396475
2,3893,0.43370503845006736
2,3894,0.36884079720313834
2,3895,0.6869032334213037
2,3896,0.5769922690662295
2,3897,0.6223289193761593
2,3898,0.6878551520335111
2,3899,0.5871909543290064
2,3900,0.29244072409966015
2,3901,0.5515440808490994
2,3902,0.590326767446568
2,3903,0.6130209495099271
2,3904,0.30831705333385956
2,3905,0.5146594123137904
2,3906,0.4327912807772543
2,3907,0.26199266957458
2,3908,0.4272562496611322
2,3909,0.29402982735849975
2,3910,0.38819069325738936
2,3911,0.3415415195687533
2,3912,0.5484030875937981
2,3913,0.2777469348901942
2,3914,0.39377676882128887
2,3915,0.365057950369811
2,3916,0.37481232271880494
2,3917,0.39244747336837993
2,3918,0.447040628642702
2,3919,0.49682119115896944
2,3920,0.5951846461571833
2,3921,0.2519096946620551
2,3922,0.37869641812926774
2,3923,0.19168272931470326
2,3924,0.3620342672456744
2,3925,0.3193623149834148
2,3926,0.3452330485862663
2,3927,0.5308539391924929
2,3928,0.5234489019773664
2,3929,0.673712093479189
2,3930,0.7719736592213969
2,3931,0.8794541774340819
2,3932,0.8786746458530336
2,3933,0.29187471285569777
2,3934,0.49784158338656426
2,3935,0.4577112684755816
2,3936,0.2513176153051282
2,3937,0.4867067698709945
2,3938,0.5514153105164235
2,3939,0.3523905751243648
2,3940,0.24665678577454062
2,3941,0.2821255191181385
2,3942,0.33498902106202066
2,3943,0.5183858560414939
2,3944,0.352478051117699
2,3945,0.443693775748314
2,3946,0.39152310903385673
2,3947,0.19103715784399883
2,3948,0.7599083905634202
2,3949,0.6443349307394449
2,3950,0.5975651550722406
2,3951,0.6456786359179482
2,3952,0.5639031715842607
2,3953,0.4867205846756638
2,3954,0.38326166280903146
2,3955,0.4561669582859939
2,3956,0.5144962636681046
2,3957,0.3932749778523518
2,3958,0.7325427130804977
2,3959,0.46760843942088115
2,3960,0.7278951836245077
2,3961,0.5707903419994818
2,3962,0.161687266171282
2,3963,0.4269998228128996
2,3964,0.28057371423244776
2,3965,0.37868225708813474
2,3966,0.6551384800812969
2,3967,0.35559295095748283
2,3968,0.37145552847674346
2,3969,0.47887817277023176
2,3970,0.3113638941808806
2,3971,0.5287277795433407
2,3972,0.18536501416505363
2,3973,0.40380360675197124
2,3974,0.5376156571033693
2,3975,0.5693824570737652
2,3976,0.2503784646752023
2,3977,0.4424650853767399
2,3978,0.25773747545122405
2,3979,0.47750059282003443
2,3980,0.39066770272833184
2,3981,0.3241101684455201
2,3982,0.22870215535896782
2,3983,0.3128872924744504
2,3984,0.3493313521732578
2,3985,0.3855109402522614
2,3986,0.36809586832921315
2,3987,0.4170652269252247
2,3988,0.45686292054187455
2,3989,0.20424645270947064
2,3990,0.5327776882482474
2,3991,0.48604249614245704
2,3992,0.258600990991857
2,3993,0.4400768057103696
2,3994,0.4441738643332296
2,3995,0.345679691236125
2,3996,0.40793296220185105
2,3997,0.5142412284335695
2,3998,0.7274028865275689
2,3999,0.6747619192533125
3,0,0.4761094004207226
3,1,0.32352281833624397
3,2,0.32560981083014173
3,3,0.25476771985067964
3,4,0.6532086487615626
3,5,0.41043320946164935
3,6,0.6463554951069757
3,7,0.5524707120922704
3,8,0.6684116430071229
3,9,0.6448702627145219
3,10,0.46725391859737264
3,11,0.704747619903038
3,12,0.5847270565628643
3,13,0.48755882851002463
3,14,0.7107208690678917
3,15,0.7571262776184082
3,16,0.8040283313603037
3,17,0.6250326115456377
3,18,0.5373382225201131
3,19,0.7845025007374158
3,20,0.6569387002671419
3,21,0.7479770652764001
3,22,0.5885982474065574
3,23,0.4606835129223644
3,24,0.45573097268547136
3,25,0.3744787819612018
3,26,0.7524031353341005
3,27,0.7144422003209422
3,28,0.6506686162247107
3,29,0.5273607543143644
3,30,0.8116094035881022
3,31,0.9495917448898196
3,32,0.3449931609360848
3,33,0.6167811755376961
3,34,0.4420606035593349
3,35,0.6965929096925417
3,36,0.6774411644746016
3,37,0.5283923764824073
3,38,0.6567725085500173
3,39,0.7343416115662033
3,40,0.6549669866931364
3,41,0.818540885972218
3,42,0.5988621343188874
3,43,0.6178432045949104
3,44,0.43537179836946804
3,45,0.5858163918507465
3,46,0.6414327088921202
3,47,0.6385963401133988
3,48,0.8619720693716694
3,49,0.8469396407066565
3,50,0.8362313788498212
3,51,0.4898271968852002
3,52,0.37200331092258876
3,53,0.5766291288519851
3,54,0.5713037871819295
3,55,0.5294335060325301
3,56,0.537497644526359
3,57,0.43724394636150077
3,58,0.5290544817490879
3,59,0.4784093411745276
3,60,0.3534141848105575
3,61,0.504960641182534
3,62,0.6610226359641703
3,63,0.4826103964937719
3,64,0.42426562975108156
3,65,0.4748005521629397
3,66,0.4234899170647815
3,67,0.6185565225101753
3,68,0.38925830877818746
3,69,0.5759333674120254
3,70,0.532100875347138
3,71,0.59458056590665
3,72,0.5980675513646662
3,73,0.6734937760108954
3,74,0.6761468232995439
3,75,0.6182537706667128
3,76,0.46266080022390393
3,77,0.5296673447189444
3,78,0.6200184178837033
3,79,0.5539483193333398
3,80,0.3244242650129826
3,81,0.4140434663401121
3,82,0.6444198235175866
3,83,0.5868273057940083
3,84,0.4615623880093649
3,85,0.5899021788070384
3,86,0.6547767079483031
3,87,0.6519249366795997
3,88,0.5844672271852852
3,89,0.7260884704418726
3,90,0.4483267642473534
3,91,0.4869455371453237
3,92,0.433817780954346
3,93,0.5725567552961786
3,94,0.5125271889088384
3,95,0.6906698740648183
3,96,0.6539194435628889
3,97,0.6195126277846885
3,98,0.7320914302872416
3,99,0.5641327132683485
3,100,0.6472557446064088
3,101,0.7463321775012436
3,102,0.5340900754108805
3,103,0.7015342531736501
3,104,0.3902776483477506
3,105,0.41504722329171834
3,106,0.7749116404407883
3,107,0.5758950117240565
3,108,0.5691542605156904
3,109,0.5194507210273208
3,110,0.7112359012230668
3,111,0.7216218535203996
3,112,0.6134520582536684
3,113,0.7282212173688637
3,114,0.6285309030398388
3,115,0.6744456920519084
3,116,0.4348232993328589
3,117,0.8540003751528602
3,118,0.3514066647569535
3,119,0.46879158714799557
3,120,0.5164911856594313
3,121,0.5632383291234723
3,122,0.3675982710682178
3,123,0.6556147776356835
3,124,0.5871721274715973
3,125,0.6641339308513445
3,126,0.6894653802355449
3,127,0.6313497612065558
3,128,0.6795532427325632
3,129,0.7310059442195975
3,130,0.519735733544455
3,131,0.7080790480249345
3,132,0.6088866126098108
3,133,0.4503354403582023
3,134,0.4135904597618403
3,135,0.6502475722127808
3,136,0.7376415677890823
3,137,0.7424362851363203
3,138,0.5495427933817811
3,139,0.5419495055138417
3,140,0.37701654304212623
3,141,0.5392604755178142
3,142,0.5916936308451127
3,143,0.16953114892620025
3,144,0.11248562381437846
3,145,0.09192781197285829
3,146,0.4985627548818578
3,147,0.5728162440118166
3,148,0.6035045793592548
3,149,0.6713733631996072
3,150,0.7023756973344517
3,151,0.824008576757504
3,152,0.7391897864787635
3,153,0.626289298411159
3,154,0.534710397412881
3,155,0.4173943037427056
3,156,0.757646957092516
3,157,0.7246068741923773
3,158,0.45521534705796474
3,159,0.819721895180295
3,160,0.7819383306719631
3,161,0.40864321411982996
3,162,0.6503081721064004
3,163,0.5543971139539525
3,164,0.5882155635280498
3,165,0.5130283138037418
3,166,0.5032852783348937
3,167,0.4964011391445553
3,168,0.6722410779433826
3,169,0.6821308997797357
3,170,0.5664218674990592
3,171,0.6936939823673758
3,172,0.4355909273173532
3,173,0.694587028796767
3,174,0.6174837650432202
3,175,0.7465846434607571
3,176,0.403987777814969
3,177,0.6511814857231315
3,178,0.4575929259046659
3,179,0.7388698891430991
3,180,0.4930417112320325
3,181,0.45972594742214873
3,182,0.6176956350800586
3,183,0.7040248923917742
3,184,0.4209406002760674
3,185,0.5330440815743357
3,186,0.5235028329781041
3,187,0.6229497101304518
3,188,0.5713153590649305
3,189,0.6954086319130348
3,190,0.828759297805789
3,191,0.2300805831280515
3,192,0.3819170312216289
3,193,0.3698615475448124
3,194,0.6853948517158709
3,195,0.6346892302129333
3,196,0.5420734025855632
3,197,0.7079623223618289
3,198,0.5102379834331034
3,199,0.5448888293775246
3,200,0.521379378264067
3,201,0.7321560629469767
3,202,0.7096587958527213
3,203,0.5813177111257111
3,204,0.6547691832936424
3,205,0.6874534269781344
3,206,0.5883162156645559
3,207,0.7868101964238928
3,208,0.66260342433109
3,209,0.6758506189572363
3,210,0.38082081533338075
3,211,0.7887686927050795
3,212,0.7138811850521366
3,213,0.683441851755069
3,214,0.6949762901729697
3,215,0.4997165139843937
3,216,0.5037087258800198
3,217,0.6962317238100484
3,218,0.5215145213047092
3,219,0.517711886390605
3,220,0.7210920993858019
3,221,0.5695451214614847
3,222,0.7104354093322249
3,223,0.48009876913642746
3,224,0.5132260303431143
3,225,0.804980320736213
3,226,0.6638012811236402
3,227,0.5706505926267492
3,228,0.385037729055289
3,229,0.7097050779679182
3,230,0.586599566834197
3,231,0.49308764665734806
3,232,0.4565331528056732
3,233,0.4493260515099421
3,234,0.7132602560982022
3,235,0.7202071160863032
3,236,0.5473574863790164
3,237,0.5906673371911474
3,238,0.38992804622380656
3,239,0.6480388099811151
3,240,0.5393205525281255
3,241,0.6925842524640752
3,242,0.4552817060928266
3,243,0.5136514059431383
3,244,0.5891884290454908
3,245,0.6651848514996829
3,246,0.5547689578241753
3,247,0.5019731974385497
3,248,0.4391007260861559
3,249,0.5008486165659151
3,250,0.4727385995074594
3,251,0.6229463753846732
3,252,0.5266965185540741
3,253,0.8247509941930562
3,254,0.8467885780354517
3,255,0.488373863774006
3,256,0.5936824440584066
3,257,0.5256097164079346
3,258,0.604449117174391
3,259,0.6736539011266501
3,260,0.6469740848275664
3,261,0.5677100356996914
3,262,0.6045261535680722
3,263,0.3961946184890741
3,264,0.4529652217064499
3,265,0.6632272724594003
3,266,0.7456036341910803
3,267,0.7338861220856135
3,268,0.8289111636280816
3,269,0.7255943372306788
3,270,0.23885315270688864
3,271,0.5376709769870406
3,272,0.30016477883489195
3,273,0.7822859804076806
3,274,0.8519309595237048
3,275,0.5723517034624481
3,276,0.6500663009914366
3,277,0.6217304162549515
3,278,0.5505110050013783
3,279,0.6053411246158628
3,280,0.47460069078204514
3,281,0.32391273466492093
3,282,0.7689229285668326
3,283,0.5898398563108854
3,284,0.7185971397857233
3,285,0.5622399185162306
3,286,0.5285300195310663
3,287,0.6406032599279506
3,288,0.6124458810761181
3,289,0.4325760863766657
3,290,0.76314760912063
3,291,0.35412873159018504
3,292,0.48535344797930685
3,293,0.7634004360450054
3,294,0.7596535524545709
3,295,0.7415971842072092
3,296,0.7230792208497772
3,297,0.6164765512709114
3,298,0.594610665208539
3,299,0.47749146228140604
3,300,0.4821357840568997
3,301,0.5755800934219357
3,302,0.4681359330803374
3,303,0.7303791357710526
3,304,0.4391441266716508
3,305,0.6656240033227693
3,306,0.43423030463989426
3,307,0.6507671683746019
3,308,0.6686718548208008
3,309,0.550866275626381
3,310,0.4087203981837869
3,311,0.4358725897590439
3,312,0.4872358473496497
3,313,0.6579962024908824
3,314,0.7340713265399599
3,315,0.7576271263948143
3,316,0.5772297833884239
3,317,0.612265386669827
3,318,0.35057152428883126
3,319,0.6663027817461837
3,320,0.485333001322957
3,321,0.526284091772918
3,322,0.6193431646898101
3,323,0.7480449963097275
3,324,0.5542377551028824
3,325,0.7138966662941916
3,326,0.5159229634772189
3,327,0.5237169149945976
3,328,0.5781697402233398
3,329,0.5043901164235707
3,330,0.48685786172570567
3,331,0.5873763919782918
3,332,0.7454810114351627
3,333,0.6714755871368236
3,334,0.3779799149351718
3,335,0.7311756434610306
3,336,0.6583707572096119
3,337,0.752507339995169
3,338,0.694238236124988
3,339,0.7281102320822139
3,340,0.36888778868920985
3,341,0.32307672883002886
3,342,0.3228862733283478
3,343,0.6013962888507091
3,344,0.5256411514062644
3,345,0.8179260670877296
3,346,0.6758517079043209
3,347,0.6180573037705935
3,348,0.5352656964861391
3,349,0.5722871488191914
3,350,0.7384772821143257
3,351,0.5388305551502567
3,352,0.595518461441032
3,353,0.6346332979272812
3,354,0.5798593682604054
3,355,0.261341967959107
3,356,0.19817624019818852
3,357,0.47223720781804646
3,358,0.17803170258512283
3,359,0.42954225322932155
3,360,0.6713406962653133
3,361,0.5242980180750869
3,362,0.6820249155623432
3,363,0.47034429328596794
3,364,0.6257914154848225
3,365,0.4584169580234766
3,366,0.697927605150614
3,367,0.4319922450176954
3,368,0.24465101268279746
3,369,0.5814552205977613
3,370,0.6284887702596227
3,371,0.6581854343023763
3,372,0.4590661617651071
3,373,0.48462132267145397
3,374,0.4294098817064815
3,375,0.45291093190395204
3,376,0.45860280340205717
3,377,0.46216272876927944
3,378,0.7648298770906738
3,379,0.33330087588757
3,380,0.41390856464189185
3,381,0.6206111222679855
3,382,0.4857442026450608
3,383,0.6654876463291123
3,384,0.3991395707460974
3,385,0.6698186677914912
3,386,0.7313331514177397
3,387,0.39824638764636877
3,388,0.7003706229617663
3,389,0.48100316366539964
3,390,0.5456335634301158
3,391,0.6758268803141345
3,392,0.6900019793080785
3,393,0.7736466318313358
3,394,0.799915314794537
3,395,0.5809130708456834
3,396,0.5963868331645236
3,397,0.6708883325341962
3,398,0.4580906550557026
3,399,0.4409285880069679
3,400,0.5056864903404636
3,401,0.42391563210145206
3,402,0.46462525162144097
3,403,0.6662810762867785
3,404,0.5848093152535608
3,405,0.7274373748685707
3,406,0.7144650692085274
3,407,0.5428711881636723
3,408,0.6797707058993575
3,409,0.6690281701470752
3,410,0.7020783654207796
3,411,0.48218537340707524
3,412,0.7010883359017911
3,413,0.7451170559620721
3,414,0.57359131666846
3,415,0.5256357738138348
3,416,0.669517414814354
3,417,0.4546617383921536
3,418,0.6650431822743889
3,419,0.722516940540786
3,420,0.5394162745583831
3,421,0.3144570791833165
3,422,0.28389738667051384
3,423,0.6071848186788243
3,424,0.5620060992648245
3,425,0.6978709678016439
3,426,0.6118801893399549
3,427,0.6397025562470737
3,428,0.6303539165493062
3,429,0.6037399844666838
3,430,0.6614458408239915
3,431,0.6879882610989606
3,432,0.5702819013405988
3,433,0.6008680986358392
3,434,0.4450907635001951
3,435,0.4564744976858537
3,436,0.4378863240600314
3,437,0.6161108941314544
3,438,0.5036218946969165
3,439,0.6138989411573291
3,440,0.6289855242966579
3,441,0.6421593322457742
3,442,0.45734490931158384
3,443,0.4454282009716548
3,444,0.6478532916485676
3,445,0.6850638173692158
3,446,0.3526914719918463
3,447,0.5637091187495834
3,448,0.7153396571097563
3,449,0.6683333108988568
3,450,0.5982001972281467
3,451,0.7681173682689647
3,452,0.804680811168422
3,453,0.5137267917200539
3,454,0.4776119729382084
3,455,0.3523112252109604
3,456,0.6005000932553463
3,457,0.7194039711625052
3,458,0.5303507807763121
3,459,0.41713356799024626
3,460,0.5574864776949947
3,461,0.4892649671084648
3,462,0.5398960280066658
3,463,0.6161584448027129
3,464,0.48874911379762087
3,465,0.6374360966670589
3,466,0.5460568955478053
3,467,0.4965651701697619
3,468,0.5635495537621301
3,469,0.5141496526667695
3,470,0.7817658852008526
3,471,0.40421943183606485
3,472,0.5088238212691751
3,473,0.48037877741806695
3,474,0.5517690720105106
3,475,0.48382122808144645
3,476,0.43918823536227897
3,477,0.521864664387072
3,478,0.6956854182430855
3,479,0.530208874052949
3,480,0.5021319786913356
3,481,0.8083617555460624
3,482,0.6035537326271015
3,483,0.45543618869103475
3,484,0.3539888290882752
3,485,0.7652399143511641
3,486,0.551186722871776
3,487,0.6135357441027708
3,488,0.5797645670423647
3,489,0.4380745804304122
3,490,0.48306561508552376
3,491,0.5781635106079703
3,492,0.7612471273778743
3,493,0.7023421032446288
3,494,0.5992306136691276
3,495,0.7699549377544046
3,496,0.36176085622824744
3,497,0.642686138268483
3,498,0.6138736447297576
3,499,0.644220255890191
3,500,0.8823613683148308
3,501,0.39154080045763195
3,502,0.6548177722802169
3,503,0.7326748431977598
3,504,0.7410760666801868
3,505,0.729048623880957
3,506,0.16593700614478413
3,507,0.28560571668541196
3,508,0.29845147145068446
3,509,0.27751285722930746
3,510,0.5995232629680473
3,511,0.6063471088957559
3,512,0.5514030400476688
3,513,0.6834473356104561
3,514,0.46632948532701335
3,515,0.739594790814914
3,516,0.48578285794664383
3,517,0.4907240314950881
3,518,0.571130748970951
3,519,0.595005242418597
3,520,0.5547300387396278
3,521,0.7520351113486201
3,522,0.570834175974364
3,523,0.6276828322531353
3,524,0.748624981106858
3,525,0.7819857666283994
3,526,0.42926177220239253
3,527,0.17854544118645563
3,528,0.43501692886354154
3,529,0.7189454516681435
3,530,0.7057870379741339
3,531,0.6090520495475287
3,532,0.685547774083144
3,533,0.6396128304097104
3,534,0.6262791097448134
3,535,0.5251927893898123
3,536,0.600661195172892
3,537,0.5154682141343688
3,538,0.7194115513088882
3,539,0.6362429956233685
3,540,0.5992902947314381
3,541,0.6163575546098512
3,542,0.6683028146098385
3,543,0.27843059651506746
3,544,0.3180043569598842
3,545,0.5087918233111709
3,546,0.7384729474492023
3,547,0.27798745448137097
3,548,0.4954891265982364
3,549,0.2578207270450772
3,550,0.3960073704606436
3,551,0.23801798520807718
3,552,0.4271413658312175
3,553,0.7609377908602526
3,554,0.5461659813831355
3,555,0.334595697749463
3,556,0.5882660432226263
3,557,0.6629856857808448
3,558,0.6589463253302675
3,559,0.3883003721369026
3,560,0.7860360301839686
3,561,0.6801869565112354
3,562,0.450984386921389
3,563,0.6442986580040287
3,564,0.46679932841799326
3,565,0.5091913003788852
3,566,0.5175893594424228
3,567,0.7986406406197604
3,568,0.6781108837904621
3,569,0.8311015596980962
3,570,0.20630094849188546
3,571,0.3091244563995893
3,572,0.41403587358725036
3,573,0.6936492569789476
3,574,0.5375174361301079
3,575,0.6995732604251671
3,576,0.676904262259222
3,577,0.669889085347951
3,578,0.686800186461392
3,579,0.7417133334671769
3,580,0.6756660394273429
3,581,0.5631962323918084
3,582,0.7234951650816555
3,583,0.5657360321800855
3,584,0.49799763946378134
3,585,0.60858069418399
3,586,0.6621777893906015
3,587,0.565265922311114
3,588,0.551668244905456
3,589,0.4727213211140068
3,590,0.708343691525545
3,591,0.6573960328014203
3,592,0.4560807321278978
3,593,0.275105198312332
3,594,0.6445817565794868
3,595,0.6103029973273396
3,596,0.7346071266174659
3,597,0.4666457532301853
3,598,0.6154097331834031
3,599,0.4823913545538512
3,600,0.6703239423533086
3,601,0.5963646798450086
3,602,0.6191611075917387
3,603,0.2655106131510959
3,604,0.7564874618233259
3,605,0.7342768850448987
3,606,0.5720591184545345
3,607,0.34970132869852266
3,608,0.7147076672654208
3,609,0.6002071678727032
3,610,0.5756653749642767
3,611,0.5031021407024877
3,612,0.6634556886476259
3,613,0.6121648412226324
3,614,0.6174489316388738
3,615,0.5433267148427204
3,616,0.636502261324791
3,617,0.6020474508762257
3,618,0.6783026688319402
3,619,0.6715550519513751
3,620,0.6357055342845375
3,621,0.4993570351585538
3,622,0.42963904281330906
3,623,0.8719617089133987
3,624,0.6117824075786824
3,625,0.5449013210944202
3,626,0.6794881294522616
3,627,0.40773369894023404
3,628,0.584167917063425
3,629,0.6002528915451005
3,630,0.5478243088299193
3,631,0.5353701692642807
3,632,0.5155996802250128
3,633,0.6115796879703856
3,634,0.6690991701019192
3,635,0.3513634247942364
3,636,0.45283619946169057
3,637,0.5092711143366843
3,638,0.45355033442092607
3,639,0.8408245931949405
3,640,0.6217501813486792
3,641,0.7192730809931805
3,642,0.5281810379663927
3,643,0.636674835262079
3,644,0.4798395995752138
3,645,0.5827314578944964
3,646,0.7772437200438745
3,647,0.6741965933197953
3,648,0.7579037368587552
3,649,0.5573298752275997
3,650,0.6711190897588817
3,651,0.5706887169303713
3,652,0.7130068383111411
3,653,0.6941424254775276
3,654,0.7602209338144827
3,655,0.44910454165448344
3,656,0.5391985378952995
3,657,0.583881438867168
3,658,0.43498499774522664
3,659,0.446504718026362
3,660,0.5176802873989512
3,661,0.6149273718686169
3,662,0.4466467604362119
3,663,0.5357459814816393
3,664,0.6472733168520183
3,665,0.6897900260966844
3,666,0.4523661535856227
3,667,0.3081826782710716
3,668,0.5563011797906678
3,669,0.7132574897671522
3,670,0.6533464557484465
3,671,0.6513165704021351
3,672,0.6668850355093704
3,673,0.6243173430317339
3,674,0.3753489560288679
3,675,0.7113235750538872
3,676,0.7155874867394578
3,677,0.6230013709006782
3,678,0.6166183818084882
3,679,0.7756178798058554
3,680,0.7538878195569924
3,681,0.6266760772933766
3,682,0.5744918586152945
3,683,0.7258858624475596
3,684,0.26906943342875866
3,685,0.6096545708288613
3,686,0.45236185763658804
3,687,0.5166312888539468
3,688,0.6628223652446812
3,689,0.8194015817123632
3,690,0.7472781838031042
3,691,0.8404948860433583
3,692,0.8047472263433839
3,693,0.6295239156421006
3,694,0.76878472236239
3,695,0.656570880635761
3,696,0.5257842903727749
3,697,0.594352047328342
3,698,0.5485852131571489
3,699,0.39524511744996454
3,700,0.4718539328770775
3,701,0.4321178051008289
3,702,0.5975386993725879
3,703,0.6426157270667581
3,704,0.6308950817963204
3,705,0.5919560330237809
3,706,0.5819621310944687
3,707,0.6009513248041396
3,708,0.7116297423494142
3,709,0.7484163182467608
3,710,0.5891767129301958
3,711,0.6884186152461879
3,712,0.5533260367230743
3,713,0.48055107170259836
3,714,0.6578274928537629
3,715,0.5649236205925349
3,716,0.4470682372015966
3,717,0.6654761024157674
3,718,0.5767688786356172
3,719,0.5507001265534726
3,720,0.7431225751097181
3,721,0.48581401679692043
3,722,0.5717379364120749
3,723,0.48718729976690484
3,724,0.6084699919956822
3,725,0.6305454981220158
3,726,0.4116576619013292
3,727,0.6368400876715744
3,728,0.5999144180588882
3,729,0.7380623954692375
3,730,0.4405932575668116
3,731,0.5618004747569517
3,732,0.4160609049746551
3,733,0.4534562522404854
3,734,0.7305924467031955
3,735,0.5300762725061596
3,736,0.7639229116344812
3,737,0.5424354471336023
3,738,0.5206572378568389
3,739,0.5140955820254011
3,740,0.6061779304218297
3,741,0.4866702800731374
3,742,0.6645416755824275
3,743,0.7551054590177351
3,744,0.6978446219515776
3,745,0.6161889666802004
3,746,0.6651089769174223
3,747,0.3137549436247403
3,748,0.49946492543565724
3,749,0.6064918011057698
3,750,0.5759483519378222
3,751,0.5132253649536326
3,752,0.5671639347829776
3,753,0.7149382145653892
3,754,0.7129515428350821
3,755,0.737840126533956
3,756,0.6033263928136737
3,757,0.6824462859702034
3,758,0.7157115844645217
3,759,0.7797851443784873
3,760,0.5195960563592447
3,761,0.6153211286757466
3,762,0.4975280546217993
3,763,0.5955390026226689
3,764,0.6256305052689827
3,765,0.584664771795004
3,766,0.5479294422422447
3,767,0.6659947839955308
3,768,0.6801936919071359
3,769,0.535476373189268
3,770,0.5373834196244411
3,771,0.5479972468674241
3,772,0.7357279880950918
3,773,0.5221953386305435
3,774,0.7214149814864156
3,775,0.7672882197803277
3,776,0.8026191511237517
3,777,0.8180108758942001
3,778,0.18684469193615652
3,779,0.48106373868928837
3,780,0.5580808828075025
3,781,0.3545023722593584
3,782,0.6745246422061496
3,783,0.47977361482648306
3,784,0.3587118023921308
3,785,0.8091502686680048
3,786,0.6610904333802239
3,787,0.6533707636343918
3,788,0.5738760977370533
3,789,0.6105160325622941
3,790,0.5193106848233665
3,791,0.5265520511224597
3,792,0.41449462333476544
3,793,0.4422073389121441
3,794,0.6952530009594845
3,795,0.5545136356422755
3,796,0.4571661822100061
3,797,0.7793743237600967
3,798,0.6381485438281344
3,799,0.7711303963577735
3,800,0.5779331800263164
3,801,0.5690980167829065
3,802,0.5884452114957873
3,803,0.6870125235885767
3,804,0.6130642998065163
3,805,0.5107156250434437
3,806,0.7187880636912779
3,807,0.6943149862859959
3,808,0.6134853584773409
3,809,0.6365446754777628
3,810,0.653344953909017
3,811,0.7616678093582493
3,812,0.46419090348226894
3,813,0.6708176817808565
3,814,0.5275666163580898
3,815,0.7009107700547248
3,816,0.5896502145961543
3,817,0.5751498321523948
3,818,0.6468500109251926
3,819,0.6747253497807923
3,820,0.5386218957535035
3,821,0.37197647428425273
3,822,0.5673288401284723
3,823,0.6004563162234549
3,824,0.6489510445460377
3,825,0.6702033748768076
3,826,0.672876911023004
3,827,0.6461813753421586
3,828,0.7257800319938515
3,829,0.5596627496129315
3,830,0.7329309879152112
3,831,0.7020383596402978
3,832,0.5228933154618699
3,833,0.5386658084658337
3,834,0.4180410085025907
3,835,0.707907770679005
3,836,0.6131851910736255
3,837,0.5995779747118865
3,838,0.6103281169224845
3,839,0.5091920391483472
3,840,0.6783640343550226
3,841,0.661288389179374
3,842,0.5916461599282685
3,843,0.5370017956730329
3,844,0.8040714610321072
3,845,0.7494565698404031
3,846,0.747053972554036
3,847,0.6375319322852868
3,848,0.5187783650135109
3,849,0.648392431876524
3,850,0.5947898151972382
3,851,0.5673610252754445
3,852,0.6162300687979791
3,853,0.5214868648213722
3,854,0.5708230157898239
3,855,0.4754376230347294
3,856,0.7934984486750123
3,857,0.8061072007352176
3,858,0.500014800257211
3,859,0.6759646053607552
3,860,0.4783892405641854
3,861,0.7374384366451581
3,862,0.6907075444972972
3,863,0.5893224389741957
3,864,0.8042983462463763
3,865,0.7388865393846309
3,866,0.5759541359883058
3,867,0.49723635913609227
3,868,0.6211571247623424
3,869,0.6386195333250685
3,870,0.37939249291805893
3,871,0.7791388568738905
3,872,0.7103949400612704
3,873,0.7892345958164847
3,874,0.8850070945806192
3,875,0.848409227721283
3,876,0.35808952522998816
3,877,0.6579199373444179
3,878,0.7408116398552035
3,879,0.25939932244746566
3,880,0.40797488811229493
3,881,0.585850322090493
3,882,0.6109797564982836
3,883,0.6660512026199845
3,884,0.7864637781013663
3,885,0.5704491627239564
3,886,0.4913698007572533
3,887,0.356759740252625
3,888,0.7045016130976258
3,889,0.6071095607603039
3,890,0.5436267172745024
3,891,0.5102485717731715
3,892,0.40735752009404
3,893,0.8529716606975666
3,894,0.7704293824651333
3,895,0.5601695125613683
3,896,0.7574712832332127
3,897,0.5511551690742059
3,898,0.5593756044724754
3,899,0.34912463095784557
3,900,0.5318604865914898
3,901,0.6548211265820151
3,902,0.7604324465121914
3,903,0.4660396314054772
3,904,0.456296894117215
3,905,0.46512569655685804
3,906,0.6896472571795156
3,907,0.7266525398014483
3,908,0.45223478401780925
3,909,0.6401684859328134
3,910,0.6121137370342556
3,911,0.6919651698670004
3,912,0.42500980949371675
3,913,0.41191003352669764
3,914,0.7224729395807689
3,915,0.6755287717634926
3,916,0.7005632330057228
3,917,0.4508846165549964
3,918,0.6368687908959613
3,919,0.6433015939478113
3,920,0.4334575586445732
3,921,0.6001275056340166
3,922,0.5557054545926441
3,923,0.44865544362513543
3,924,0.5021191970547402
3,925,0.45362636492749947
3,926,0.5888953621823684
3,927,0.8464351549362472
3,928,0.8057827447634968
3,929,0.5064550984087792
3,930,0.6538578781321651
3,931,0.49861643543833095
3,932,0.7952093656401318
3,933,0.788886581087207
3,934,0.574664413068341
3,935,0.6422172203616904
3,936,0.610450285851091
3,937,0.6260835415392324
3,938,0.6098221331107418
3,939,0.6747181965804774
3,940,0.8263467477978299
3,941,0.47885061655891203
3,942,0.8072543112802554
3,943,0.16885822474874115
3,944,0.7261515692230085
3,945,0.6006280825585113
3,946,0.6361697037178458
3,947,0.743478574235272
3,948,0.6197571003952423
3,949,0.48467044394137665
3,950,0.38452658321526667
3,951,0.5211698787125906
3,952,0.5206861539319713
3,953,0.5346746770905483
3,954,0.6227755805956682
3,955,0.5395795079416372
3,956,0.5765757162542616
3,957,0.7408441298159092
3,958,0.6783958725134397
3,959,0.5202257832029695
3,960,0.45688784203238114
3,961,0.6817424569549463
3,962,0.33566677142606544
3,963,0.40423913656951116
3,964,0.5876435215536824
3,965,0.3482460281910337
3,966,0.6016581166553662
3,967,0.47856596260797735
3,968,0.5536901894613193
3,969,0.5148131145413769
3,970,0.39311398931081776
3,971,0.47290356970667624
3,972,0.5783268326115995
3,973,0.649426757165283
3,974,0.5192303862682758
3,975,0.5526597467964118
3,976,0.4665411670716458
3,977,0.4500649444842824
3,978,0.6197099712085338
3,979,0.6354614264504449
3,980,0.6560990666288542
3,981,0.5829270912823818
3,982,0.5523747372569463
3,983,0.7365890826033903
3,984,0.4388691566910564
3,985,0.5549050300486652
3,986,0.13291971067087918
3,987,0.6939907350501383
3,988,0.29216657371525584
3,989,0.5698654679069294
3,990,0.5065993161905178
3,991,0.5760543239934202
3,992,0.6924079741597347
3,993,0.6825197101627226
3,994,0.4595089860213081
3,995,0.7871237166548721
3,996,0.362610098170903
3,997,0.6441079212844724
3,998,0.6180617404838871
3,999,0.29483738587484165
3,1000,0.6874350986339407
3,1001,0.1362149971571747
3,1002,0.2714470089636428
3,1003,0.229398271844683
3,1004,0.38798965052584206
3,1005,0.49229619424016663
3,1006,0.5933201624535037
3,1007,0.5998968155864237
3,1008,0.5732401133884409
3,1009,0.8360241819398163
3,1010,0.6938960972205831
3,1011,0.7348417654358392
3,1012,0.4681968041794883
3,1013,0.5883509209320316
3,1014,0.5115215932742117
3,1015,0.5115215932742117
3,1016,0.5441214184680785
3,1017,0.5611525164092761
3,1018,0.5300220753053895
3,1019,0.46714332875405323
3,1020,0.6885790335614883
3,1021,0.3643768260372046
3,1022,0.43818633890168995
3,1023,0.6868613395264469
3,1024,0.5412209842229159
3,1025,0.48076111964080737
3,1026,0.625175109062885
3,1027,0.7831609903046642
3,1028,0.6761604200591167
3,1029,0.6989518743849191
3,1030,0.7184995079787891
3,1031,0.5569433036583089
3,1032,0.5880738161380886
3,1033,0.5001786558534171
3,1034,0.5632231397746403
3,1035,0.4911324897835645
3,1036,0.571053381225043
3,1037,0.5114521788617992
3,1038,0.504332436693333
3,1039,0.6240801589577458
3,1040,0.4735172601998206
3,1041,0.5024297391369551
3,1042,0.6641385427636416
3,1043,0.7709100344038482
3,1044,0.39535251065656096
3,1045,0.5118106543926508
3,1046,0.41796931509346974
3,1047,0.575257211066458
3,1048,0.311761072462559
3,1049,0.6061091402747572
3,1050,0.6485629666296481
3,1051,0.698162009778076
3,1052,0.6732394591993116
3,1053,0.4337189093343133
3,1054,0.2526903429775204
3,1055,0.783585217390738
3,1056,0.7539984276011552
3,1057,0.6007057484713447
3,1058,0.42284350966318096
3,1059,0.419615648265834
3,1060,0.4360395485114759
3,1061,0.6104642783117896
3,1062,0.6301463663434785
3,1063,0.6944509158317058
3,1064,0.6299091368165933
3,1065,0.59426114214665
3,1066,0.4184346959589643
3,1067,0.6170411300288331
3,1068,0.6868153546326254
3,1069,0.3217646205804879
3,1070,0.5446344382533992
3,1071,0.5290015375690118
3,1072,0.2664432256973125
3,1073,0.6431039915370765
3,1074,0.6775722301659977
3,1075,0.5699006703450525
3,1076,0.6143323957785365
3,1077,0.7386398819090519
3,1078,0.5665149772601945
3,1079,0.6736614322381744
3,1080,0.4439816832900489
3,1081,0.7919851096848108
3,1082,0.5435506579384184
3,1083,0.5110913426496082
3,1084,0.45545773832660325
3,1085,0.6867638758996163
3,1086,0.5936262373592532
3,1087,0.6057889656033136
3,1088,0.6084214138219307
3,1089,0.7541247347581499
3,1090,0.5804281913059841
3,1091,0.3883418187864946
3,1092,0.6812058641987369
3,1093,0.5965658705473996
3,1094,0.8478864971604322
3,1095,0.7832911199343354
3,1096,0.6407371090082976
3,1097,0.6646265004677335
3,1098,0.4901744149718799
3,1099,0.34001071051211373
3,1100,0.6795662047194463
3,1101,0.36138052873699744
3,1102,0.5546031705973385
3,1103,0.5517569888753979
3,1104,0.7720077961983999
3,1105,0.7801970098796887
3,1106,0.451180431653807
3,1107,0.6061094496230924
3,1108,0.597441359154938
3,1109,0.5933482090616048
3,1110,0.5889732053530261
3,1111,0.691048707996949
3,1112,0.7567802852110315
3,1113,0.46519786313144673
3,1114,0.6112845293726462
3,1115,0.33855049970094797
3,1116,0.4703577105669324
3,1117,0.5386284582368827
3,1118,0.8416081169696611
3,1119,0.6556621665739473
3,1120,0.803770828912
3,1121,0.9015071004786837
3,1122,0.721481741691186
3,1123,0.5608039723745762
3,1124,0.7904203549532595
3,1125,0.43607467435605557
3,1126,0.3357771919553497
3,1127,0.6143828826465165
3,1128,0.5172648070036102
3,1129,0.7285372788334038
3,1130,0.3870148468753262
3,1131,0.7463327139674595
3,1132,0.570010347241047
3,1133,0.5653007539404447
3,1134,0.48850961649671176
3,1135,0.7920089950003562
3,1136,0.5647745698003935
3,1137,0.5225145265124768
3,1138,0.566472099844391
3,1139,0.442740489766759
3,1140,0.6315258091571849
3,1141,0.7141775764561022
3,1142,0.7602779308848283
3,1143,0.6132645967714865
3,1144,0.26923956014218897
3,1145,0.21335379814769273
3,1146,0.2798764166846398
3,1147,0.6218027880216849
3,1148,0.4959887462287856
3,1149,0.3785025724364288
3,1150,0.749836977982438
3,1151,0.7858339098700242
3,1152,0.5736869062761797
3,1153,0.6106849406421433
3,1154,0.4153030470658924
3,1155,0.5600544174775686
3,1156,0.5267483979412005
3,1157,0.7211050198300022
3,1158,0.33562080955893986
3,1159,0.5912205642986624
3,1160,0.42592223545415453
3,1161,0.45989139993917577
3,1162,0.4843801527800249
3,1163,0.6052128358136528
3,1164,0.6081723441491309
3,1165,0.6599088132970563
3,1166,0.6311223982460415
3,1167,0.48657072261899376
3,1168,0.5876906441504745
3,1169,0.5288665864592194
3,1170,0.6261786781569528
3,1171,0.45905403055017113
3,1172,0.6133447645076529
3,1173,0.40017031870504643
3,1174,0.5773866621288178
3,1175,0.36700440805727036
3,1176,0.40282946974255673
3,1177,0.6455430587243042
3,1178,0.34389550622348153
3,1179,0.5594941719948062
3,1180,0.7699539150374043
3,1181,0.47971588076524335
3,1182,0.6022718519027935
3,1183,0.674208232647194
3,1184,0.5620764755133891
3,1185,0.7165423526164421
3,1186,0.7605452147585792
3,1187,0.44421285912236
3,1188,0.7142673216618075
3,1189,0.5308015692211917
3,1190,0.4152543489409006
3,1191,0.5556242901823073
3,1192,0.5057171858213051
3,1193,0.5258703696385041
3,1194,0.5455503562955865
3,1195,0.49432921663778473
3,1196,0.6178108092475225
3,1197,0.6655779740510466
3,1198,0.6151551594785051
3,1199,0.5532761795851119
3,1200,0.43557326017854886
3,1201,0.47172888679379754
3,1202,0.5718524206111805
3,1203,0.56965801140584
3,1204,0.705179898071477
3,1205,0.7187446968290612
3,1206,0.7187446968290612
3,1207,0.326256340036548
3,1208,0.21160262244795192
3,1209,0.16666072571174204
3,1210,0.8301644709838434
3,1211,0.6309585135689111
3,1212,0.5256943285209582
3,1213,0.4662764151377905
3,1214,0.4188338698406384
3,1215,0.7058135463996927
3,1216,0.6178158856006574
3,1217,0.47542519998868765
3,1218,0.5883689719396774
3,1219,0.6244669296799636
3,1220,0.616374359138665
3,1221,0.5742145793678238
3,1222,0.6044853029866004
3,1223,0.5159089478960076
3,1224,0.7042830020556778
3,1225,0.5956921106762997
3,1226,0.6672291310856002
3,1227,0.436531790985611
3,1228,0.47006465613191084
3,1229,0.4833745031610446
3,1230,0.5756952408801719
3,1231,0.6954947817796971
3,1232,0.41441782321256676
3,1233,0.6433609744522408
3,1234,0.48085540220833134
3,1235,0.7387717087858803
3,1236,0.41244237915741166
3,1237,0.563336090194843
3,1238,0.4494587612267867
3,1239,0.6981428000660591
3,1240,0.7164399595174354
3,1241,0.594991490231024
3,1242,0.6021241579764942
3,1243,0.5942473182257212
3,1244,0.45738854746506197
3,1245,0.5074418276592128
3,1246,0.4821912857553539
3,1247,0.5751768711254874
3,1248,0.48479449901379873
3,1249,0.49389420956918484
3,1250,0.5641094050211397
3,1251,0.6322888852218487
3,1252,0.8758151896781936
3,1253,0.6410828169195463
3,1254,0.6742686555570401
3,1255,0.6856562670256807
3,1256,0.5432710903606747
3,1257,0.3479071258653542
3,1258,0.5555703553910621
3,1259,0.6209158328541735
3,1260,0.5391794185043299
3,1261,0.5038399708478263
3,1262,0.5162396643173928
3,1263,0.7153017169772171
3,1264,0.46651749811820203
3,1265,0.4250412702892965
3,1266,0.6483151266368659
3,1267,0.651884971140188
3,1268,0.4770373523027231
3,1269,0.42054525051776265
3,1270,0.6071792921571404
3,1271,0.617034661436958
3,1272,0.5242359156594942
3,1273,0.4515165903740542
3,1274,0.7717547272041743
3,1275,0.26274015200688833
3,1276,0.4965243065976407
3,1277,0.5524198268089875
3,1278,0.40427588444096535
3,1279,0.6489907372757763
3,1280,0.7853608662928027
3,1281,0.4667269128407663
3,1282,0.8081954767865405
3,1283,0.697350732015818
3,1284,0.7105282524722967
3,1285,0.6665190369496419
3,1286,0.5880803251656742
3,1287,0.45005858088822076
3,1288,0.7979565775136448
3,1289,0.7805058349855943
3,1290,0.6108888029413598
3,1291,0.7514317082847971
3,1292,0.7667630799843566
3,1293,0.738462223158991
3,1294,0.5690742734610951
3,1295,0.8020375293309417
3,1296,0.5341340781633601
3,1297,0.6176892307229986
3,1298,0.574722547009906
3,1299,0.6588990443792176
3,1300,0.56444996314902
3,1301,0.47263792759603457
3,1302,0.5757028917219803
3,1303,0.502424671728632
3,1304,0.6809016933643313
3,1305,0.4212082229425677
3,1306,0.3250132962467164
3,1307,0.3718262516111613
3,1308,0.21597234944487909
3,1309,0.6321823548527619
3,1310,0.6821158857619164
3,1311,0.7733315311628938
3,1312,0.4915083006852435
3,1313,0.3582811984789185
3,1314,0.4699619669273607
3,1315,0.5045235957660746
3,1316,0.7747552496818809
3,1317,0.7832136574573706
3,1318,0.7858594252543516
3,1319,0.7657138808363988
3,1320,0.5621409784525586
3,1321,0.6656292451228133
3,1322,0.39534147211783516
3,1323,0.8387067967181661
3,1324,0.4931314421006166
3,1325,0.4110463958703634
3,1326,0.28663791274977657
3,1327,0.47516542682169766
3,1328,0.6976755168284531
3,1329,0.338060288135423
3,1330,0.6092787093748603
3,1331,0.44543901726888424
3,1332,0.3416096782397366
3,1333,0.35504505536149533
3,1334,0.8365294719412465
3,1335,0.7493377590782073
3,1336,0.5989554116380692
3,1337,0.5565318205933233
3,1338,0.8096352506028637
3,1339,0.6816552741563663
3,1340,0.7031444223050948
3,1341,0.6468187637069146
3,1342,0.5102879192321729
3,1343,0.7207742180516467
3,1344,0.5318626112890538
3,1345,0.5318626112890538
3,1346,0.590092107478249
3,1347,0.5760963259024764
3,1348,0.6985833806570768
3,1349,0.7180798193016765
3,1350,0.5965006213103865
3,1351,0.4802449249287487
3,1352,0.5474154920554128
3,1353,0.30946189536055463
3,1354,0.5741817025499116
3,1355,0.48197280206817283
3,1356,0.6056160229602988
3,1357,0.7203204466709792
3,1358,0.447181696383048
3,1359,0.6547647247350418
3,1360,0.5776901237274328
3,1361,0.6485224982938336
3,1362,0.7579113552407623
3,1363,0.6840120206430086
3,1364,0.6681401280214444
3,1365,0.5900281886470002
3,1366,0.5888810414610133
3,1367,0.7578368095985328
3,1368,0.6346035237274
3,1369,0.5364221228919928
3,1370,0.5885931336922215
3,1371,0.5539249550145524
3,1372,0.6492068636514363
3,1373,0.6168443211817585
3,1374,0.5322256270393779
3,1375,0.5874801230922073
3,1376,0.48002262484404956
3,1377,0.43950911411599203
3,1378,0.3708901303670177
3,1379,0.2879455823585238
3,1380,0.5837214393012242
3,1381,0.7458672821441367
3,1382,0.6026372499143922
3,1383,0.6894750344195112
3,1384,0.6979719893053457
3,1385,0.6889634531226995
3,1386,0.5330072791359306
3,1387,0.6480815569174251
3,1388,0.5599400682741171
3,1389,0.4447109614303351
3,1390,0.8323416312080589
3,1391,0.42330399008130404
3,1392,0.5044628992138563
3,1393,0.5937228834252323
3,1394,0.6640665611478495
3,1395,0.6183604130077671
3,1396,0.6445072524773172
3,1397,0.7605898468323871
3,1398,0.5264620254135157
3,1399,0.4402102660392403
3,1400,0.5374581336556049
3,1401,0.6211299799901666
3,1402,0.5266518650642321
3,1403,0.7565568811972304
3,1404,0.8156305493130817
3,1405,0.6002146622382801
3,1406,0.3063809888433727
3,1407,0.706538842779113
3,1408,0.40643311485834144
3,1409,0.5641762176869914
3,1410,0.6333975258731342
3,1411,0.4944123595489248
3,1412,0.6012393894019677
3,1413,0.43575096190038437
3,1414,0.6823562532142617
3,1415,0.6198656399238486
3,1416,0.5875976856172583
3,1417,0.756125515652203
3,1418,0.539745991293043
3,1419,0.6591155106032139
3,1420,0.5842664560484342
3,1421,0.39490398183325853
3,1422,0.6529796307326912
3,1423,0.6942936189145793
3,1424,0.315893828800779
3,1425,0.4196368324762692
3,1426,0.7046249019798083
3,1427,0.6544746992356072
3,1428,0.8801116893461767
3,1429,0.37151314259001317
3,1430,0.536653898320149
3,1431,0.6674941182000762
3,1432,0.6288917403658248
3,1433,0.46072034226064995
3,1434,0.7263978802159682
3,1435,0.7834259986155715
3,1436,0.6302272612380196
3,1437,0.3834452603420979
3,1438,0.6627887204812709
3,1439,0.6596157805083659
3,1440,0.6393426968163654
3,1441,0.6083827286527099
3,1442,0.5329895974853563
3,1443,0.5837808882412093
3,1444,0.5717711037631483
3,1445,0.7120464906855555
3,1446,0.7623516146314416
3,1447,0.6190799576256674
3,1448,0.6383603461893823
3,1449,0.46011927967673144
3,1450,0.7514662939188892
3,1451,0.6425752744348626
3,1452,0.7396071032496029
3,1453,0.8444536186484503
3,1454,0.39414787683218183
3,1455,0.5520096013266672
3,1456,0.4714645577702866
3,1457,0.4182438936471588
3,1458,0.5995166386719462
3,1459,0.5049160152347638
3,1460,0.6327115852748272
3,1461,0.5666385184846653
3,1462,0.6415649207025519
3,1463,0.45328392821751967
3,1464,0.5373576754106429
3,1465,0.610450517256158
3,1466,0.6039108232547211
3,1467,0.4624454989059928
3,1468,0.5320253966048832
3,1469,0.39451866748523245
3,1470,0.8209560821015445
3,1471,0.7287433105515835
3,1472,0.44319403040523175
3,1473,0.7699351179492888
3,1474,0.5089908393327403
3,1475,0.6573482020552776
3,1476,0.5653835646637636
3,1477,0.88666149910216
3,1478,0.7592510862797036
3,1479,0.3902976382163988
3,1480,0.5208930998484739
3,1481,0.2740774327946877
3,1482,0.6836472128563179
3,1483,0.7390334503217698
3,1484,0.4911050285039024
3,1485,0.5998719313856913
3,1486,0.45157874606863335
3,1487,0.6208186287700503
3,1488,0.3525026803641184
3,1489,0.5657185719957994
3,1490,0.8003133648061749
3,1491,0.6321629724949811
3,1492,0.5254717501004685
3,1493,0.6704306824642474
3,1494,0.6628106523493068
3,1495,0.7832001164350428
3,1496,0.49580135720120677
3,1497,0.726246091558301
3,1498,0.6875502991814971
3,1499,0.7529115552272163
3,1500,0.7142548519513654
3,1501,0.6068623240650992
3,1502,0.6346342715067965
3,1503,0.6397950642481997
3,1504,0.6589284127817884
3,1505,0.5243832281541627
3,1506,0.6418308485579707
3,1507,0.7048670678774328
3,1508,0.569707067086166
3,1509,0.5916348691220161
3,1510,0.5134576056890915
3,1511,0.5629781932817313
3,1512,0.5068228828916996
3,1513,0.5388870563530016
3,1514,0.6498184396966241
3,1515,0.511642670700225
3,1516,0.5333612876357058
3,1517,0.5432366060075742
3,1518,0.4700312351911168
3,1519,0.4492991223032894
3,1520,0.5179319855132312
3,1521,0.7228251760784391
3,1522,0.795453870439858
3,1523,0.2762978633461605
3,1524,0.6817280921983925
3,1525,0.43147818645748065
3,1526,0.3220700488853256
3,1527,0.39643562022231826
3,1528,0.43586895927911584
3,1529,0.4674660365995829
3,1530,0.4480216082113942
3,1531,0.2552598969715199
3,1532,0.5013194498700431
3,1533,0.44421926690551533
3,1534,0.4633460327889623
3,1535,0.6863245838531207
3,1536,0.6173112271037401
3,1537,0.6001849811813487
3,1538,0.6073691272540854
3,1539,0.5834782191105312
3,1540,0.6814636475633076
3,1541,0.3501328841910458
3,1542,0.5644904569288278
3,1543,0.6137803896658153
3,1544,0.4821419214323997
3,1545,0.10763518694188139
3,1546,0.6109809337841853
3,1547,0.5557698456064777
3,1548,0.7180052118923006
3,1549,0.7647226102269473
3,1550,0.5500378240659536
3,1551,0.3219014666651934
3,1552,0.6090016834421308
3,1553,0.5167833564885456
3,1554,0.572839466458656
3,1555,0.4477821015405817
3,1556,0.4645928410634216
3,1557,0.62053643634734
3,1558,0.47976120877468553
3,1559,0.5728701021424935
3,1560,0.7817915334781798
3,1561,0.6340318989345334
3,1562,0.5767534745963869
3,1563,0.4771441647926942
3,1564,0.6697078337100305
3,1565,0.6106187829889907
3,1566,0.5622506723832154
3,1567,0.5483402563258853
3,1568,0.5792818526655357
3,1569,0.40328250980233954
3,1570,0.39985391878680343
3,1571,0.47927758085512684
3,1572,0.759526232016291
3,1573,0.5969794712044509
3,1574,0.6536052446700307
3,1575,0.6506794574998673
3,1576,0.5885534554711657
3,1577,0.6475051097074165
3,1578,0.7281739754054674
3,1579,0.7328921012890489
3,1580,0.5371151118606644
3,1581,0.6395130121585811
3,1582,0.5099826266075225
3,1583,0.6705660542567119
3,1584,0.5217023405829807
3,1585,0.8144353079316458
3,1586,0.620084599969056
3,1587,0.4589181624050145
3,1588,0.6049742379469342
3,1589,0.5707495399137715
3,1590,0.5290629071197505
3,1591,0.7683845323967363
3,1592,0.3807289649895256
3,1593,0.7553772321794282
3,1594,0.6236734202006851
3,1595,0.6096468640023336
3,1596,0.7288166630613976
3,1597,0.7115733844673074
3,1598,0.4654696688271717
3,1599,0.629760231769979
3,1600,0.719434380992368
3,1601,0.7036402352421469
3,1602,0.6767140804616015
3,1603,0.3800704475553914
3,1604,0.738624625030383
3,1605,0.7622528979555201
3,1606,0.1646187583891946
3,1607,0.781369884807129
3,1608,0.4874206274174589
3,1609,0.5880156768158009
3,1610,0.488302654088903
3,1611,0.5058078165004164
3,1612,0.7766235708845052
3,1613,0.4487734369002154
3,1614,0.7385850864279799
3,1615,0.6356097404059985
3,1616,0.4316514625266443
3,1617,0.6372223924047661
3,1618,0.6245054835617168
3,1619,0.5841966279023367
3,1620,0.5354144311880928
3,1621,0.29058551425357854
3,1622,0.6526434966840585
3,1623,0.4395151488738145
3,1624,0.7026649014329172
3,1625,0.7194482629153268
3,1626,0.5604411947827791
3,1627,0.7342730673728043
3,1628,0.5556629418268866
3,1629,0.5837751365574323
3,1630,0.7939852295787225
3,1631,0.29857700128119224
3,1632,0.6533334403151716
3,1633,0.3961964857366833
3,1634,0.6153755745916885
3,1635,0.42895479044122636
3,1636,0.3771193693097917
3,1637,0.8071247006497713
3,1638,0.3392866478654423
3,1639,0.8760966377642327
3,1640,0.8185713021904685
3,1641,0.8858703482822103
3,1642,0.8961073098006778
3,1643,0.9073989534473257
3,1644,0.8899304931709511
3,1645,0.7243932587925268
3,1646,0.5513724049305431
3,1647,0.3891889785948007
3,1648,0.7402933057731134
3,1649,0.6295055560918525
3,1650,0.6954545639316568
3,1651,0.3540071409530228
3,1652,0.570472177144753
3,1653,0.5718279199259609
3,1654,0.6146077942467114
3,1655,0.44314836052377266
3,1656,0.40875290516716983
3,1657,0.46198014106224444
3,1658,0.34577324264658155
3,1659,0.3116964500474171
3,1660,0.7428510476094341
3,1661,0.46044676769906445
3,1662,0.7435094478790459
3,1663,0.29627127352448557
3,1664,0.4668678667956559
3,1665,0.7977524809436771
3,1666,0.3468069608439924
3,1667,0.7276358864148339
3,1668,0.39386966744687557
3,1669,0.6530277322625131
3,1670,0.6965915736230144
3,1671,0.6595945362191604
3,1672,0.6230450107887101
3,1673,0.7133128714486989
3,1674,0.7104455026850555
3,1675,0.4595359310488988
3,1676,0.44273856490972735
3,1677,0.6255609106398172
3,1678,0.5546159424412656
3,1679,0.5628136204175637
3,1680,0.4497166523438303
3,1681,0.6048773610844721
3,1682,0.698547069018327
3,1683,0.339213215724116
3,1684,0.6708695410266834
3,1685,0.30055882901441516
3,1686,0.41803765951848676
3,1687,0.2875415486088138
3,1688,0.5120586670052647
3,1689,0.46664631962875647
3,1690,0.5827612820965187
3,1691,0.6559392045519635
3,1692,0.42064765181304925
3,1693,0.6393598040916862
3,1694,0.5973894482849083
3,1695,0.584177455572615
3,1696,0.4631299258110066
3,1697,0.5981022894436089
3,1698,0.5691483136641676
3,1699,0.7099504754708277
3,1700,0.5575746124570408
3,1701,0.7277509270843471
3,1702,0.5675270404943225
3,1703,0.5890959017431254
3,1704,0.6862023106307874
3,1705,0.7240017985195301
3,1706,0.667953797761548
3,1707,0.21386171058487655
3,1708,0.34189224217909187
3,1709,0.4230055773231649
3,1710,0.7679824855421873
3,1711,0.8704995523947074
3,1712,0.7381869172432489
3,1713,0.7546426153851248
3,1714,0.7716400042607092
3,1715,0.6170350344236404
3,1716,0.6523809003926815
3,1717,0.6923966765925521
3,1718,0.8553551914531902
3,1719,0.66223652255786
3,1720,0.6139391318276795
3,1721,0.5100219631369555
3,1722,0.6325029482493089
3,1723,0.7468380547404867
3,1724,0.6271005196412477
3,1725,0.7659330200109064
3,1726,0.7198185861778694
3,1727,0.39918657267592783
3,1728,0.2665637171352753
3,1729,0.46057105964060696
3,1730,0.530872659737564
3,1731,0.7396669566807128
3,1732,0.5219593697195598
3,1733,0.6003955476514178
3,1734,0.6003955476514178
3,1735,0.6335446355278755
3,1736,0.3989049337747029
3,1737,0.6760674800983678
3,1738,0.5423369390356663
3,1739,0.6533199028069975
3,1740,0.6496082029620183
3,1741,0.5304478091220928
3,1742,0.7750045811529136
3,1743,0.6648421405016294
3,1744,0.7792499333144939
3,1745,0.6895295225977888
3,1746,0.44523124768894057
3,1747,0.5486114003014376
3,1748,0.40080639836531856
3,1749,0.3741023713012548
3,1750,0.5505258637337643
3,1751,0.5533434193642026
3,1752,0.5869723615231526
3,1753,0.7711483148898792
3,1754,0.4894184854707607
3,1755,0.6023298036367444
3,1756,0.7793682089462203
3,1757,0.6677582739515792
3,1758,0.36645294962648495
3,1759,0.6456658152861664
3,1760,0.5124694641288107
3,1761,0.5023789823068485
3,1762,0.8586815547793949
3,1763,0.7324373743844511
3,1764,0.4607716775639721
3,1765,0.5757434392954296
3,1766,0.5870763177731844
3,1767,0.7948941750415508
3,1768,0.38411776763790273
3,1769,0.4303282331635041
3,1770,0.45478762891814895
3,1771,0.503928952268306
3,1772,0.5400861277507442
3,1773,0.5564236246855307
3,1774,0.5164203653582942
3,1775,0.3052890179572657
3,1776,0.7861317429692224
3,1777,0.2910814090070172
3,1778,0.7349900846628004
3,1779,0.6472571342306984
3,1780,0.4299122323666921
3,1781,0.6090878852053989
3,1782,0.6274676299860017
3,1783,0.6212982096884181
3,1784,0.6236215119713322
3,1785,0.4168374164255227
3,1786,0.6590480537098105
3,1787,0.6497461524731992
3,1788,0.7227096192966187
3,1789,0.6288269142533788
3,1790,0.7100951480631589
3,1791,0.7238074525458003
3,1792,0.757457452398198
3,1793,0.723601305291826
3,1794,0.4646322345535549
3,1795,0.8891672451505105
3,1796,0.7765242512738652
3,1797,0.6687980275648405
3,1798,0.668661772789526
3,1799,0.6459641898497247
3,1800,0.6311659364990526
3,1801,0.499687531155052
3,1802,0.46343529150077584
3,1803,0.27875086185011727
3,1804,0.7517658605463857
3,1805,0.8302601377902062
3,1806,0.7042391529771426
3,1807,0.5395629112528126
3,1808,0.7842443852911312
3,1809,0.7900698981217701
3,1810,0.815631662551918
3,1811,0.5799968512307985
3,1812,0.48949540497999094
3,1813,0.2814160172600338
3,1814,0.6654248180489374
3,1815,0.5554178035494034
3,1816,0.4239961761842991
3,1817,0.8210139104662666
3,1818,0.724297840305686
3,1819,0.673151579790779
3,1820,0.47009444431419956
3,1821,0.7343857096079419
3,1822,0.5953159466004149
3,1823,0.46376653594128775
3,1824,0.6106888312056825
3,1825,0.5543489553679921
3,1826,0.7633105910187044
3,1827,0.5196463482257143
3,1828,0.6473091627444346
3,1829,0.5718192654840873
3,1830,0.3497421046711196
3,1831,0.48736324543623144
3,1832,0.6060613550371152
3,1833,0.48435529007732675
3,1834,0.5811397553092607
3,1835,0.5758081956290771
3,1836,0.548463440313851
3,1837,0.17049389635321296
3,1838,0.7825651934592907
3,1839,0.5269055592844409
3,1840,0.6503717520531206
3,1841,0.5002476871230198
3,1842,0.654215500013232
3,1843,0.687454019883452
3,1844,0.648733788866201
3,1845,0.6436531420101426
3,1846,0.5382484553244876
3,1847,0.6019574831180418
3,1848,0.4173355470008206
3,1849,0.6893062761394284
3,1850,0.5897354930411993
3,1851,0.7390525207498195
3,1852,0.5840659953530924
3,1853,0.6660964507182259
3,1854,0.41236727679436763
3,1855,0.6849220030461033
3,1856,0.4907871339580825
3,1857,0.5573771924565168
3,1858,0.6273274720111967
3,1859,0.7093097334257391
3,1860,0.6248416984182791
3,1861,0.7274601321375299
3,1862,0.8070645639933788
3,1863,0.6229484945760293
3,1864,0.5906495602587621
3,1865,0.5751218238801478
3,1866,0.49529199291991416
3,1867,0.7600875252360163
3,1868,0.737342748702767
3,1869,0.6905016529245168
3,1870,0.6507240050237634
3,1871,0.7189487592315356
3,1872,0.5760357423471484
3,1873,0.5703271912733584
3,1874,0.6039632257569928
3,1875,0.6961081357051692
3,1876,0.46557088352063364
3,1877,0.6931618527341584
3,1878,0.4608239134500867
3,1879,0.6762203862788472
3,1880,0.47925547667367785
3,1881,0.6403524081749249
3,1882,0.5707565603372552
3,1883,0.4603780077165751
3,1884,0.26993802385552046
3,1885,0.7266819177136965
3,1886,0.4643879669489728
3,1887,0.7308263397455124
3,1888,0.7599578167703751
3,1889,0.619162914585331
3,1890,0.6475474365294172
3,1891,0.7125888641285508
3,1892,0.6562028954999393
3,1893,0.3701754929285655
3,1894,0.2885996135900717
3,1895,0.7516586971110807
3,1896,0.7344094613327875
3,1897,0.4389082431749649
3,1898,0.6914677215701567
3,1899,0.4576333376835558
3,1900,0.5605559071215803
3,1901,0.6926531369925752
3,1902,0.5938107428089511
3,1903,0.559964552435488
3,1904,0.6537618852028237
3,1905,0.4347791363587248
3,1906,0.7672146164782531
3,1907,0.4736830166778496
3,1908,0.6674719516204769
3,1909,0.6466376853917675
3,1910,0.6390815751555213
3,1911,0.7018234096942292
3,1912,0.6705655403926452
3,1913,0.5139307867683774
3,1914,0.6535829412510006
3,1915,0.6163920648736672
3,1916,0.6167893598016658
3,1917,0.7590106945253384
3,1918,0.44787722272780045
3,1919,0.6074628522545195
3,1920,0.6640198855017322
3,1921,0.4538386701221637
3,1922,0.37014016040186676
3,1923,0.37387156483201356
3,1924,0.4385289423085747
3,1925,0.37068326481750496
3,1926,0.7447024773660316
3,1927,0.7001306420703497
3,1928,0.6845138237312393
3,1929,0.6500052763623462
3,1930,0.6223586840341642
3,1931,0.5628793989147068
3,1932,0.5425197204279476
3,1933,0.7749052452071657
3,1934,0.5218942424038888
3,1935,0.5738312608321282
3,1936,0.5506607284520151
3,1937,0.6798844044952601
3,1938,0.5859721653439148
3,1939,0.6314315581431427
3,1940,0.6094064347582504
3,1941,0.44338769541686673
3,1942,0.7489946364796625
3,1943,0.46023485767474215
3,1944,0.7687876610975759
3,1945,0.7169824148746867
3,1946,0.629386602119907
3,1947,0.7698192562514778
3,1948,0.717988750106558
3,1949,0.5821393150753477
3,1950,0.6231752345748519
3,1951,0.569329267643139
3,1952,0.5393843457727245
3,1953,0.5065998871304574
3,1954,0.37916473707436643
3,1955,0.4458069832605983
3,1956,0.4689885012086749
3,1957,0.7658145194714713
3,1958,0.4089904744636509
3,1959,0.33509427350475446
3,1960,0.5546982714063559
3,1961,0.6797146849121439
3,1962,0.6797146849121439
3,1963,0.6621584466527524
3,1964,0.5545469472078157
3,1965,0.4776752198727211
3,1966,0.5061727850137498
3,1967,0.48619858690881423
3,1968,0.556243391172539
3,1969,0.6732257401708692
3,1970,0.5734120687279621
3,1971,0.7202723772733499
3,1972,0.4344736520108531
3,1973,0.581588744371218
3,1974,0.6911812480494249
3,1975,0.4988130137478026
3,1976,0.28100415699279563
3,1977,0.5313480060993223
3,1978,0.2914880443163175
3,1979,0.61939504710771
3,1980,0.6259733459208419
3,1981,0.4723182233918357
3,1982,0.646823779332541
3,1983,0.5805222789517828
3,1984,0.5318558920689563
3,1985,0.637583180044308
3,1986,0.6678245597130321
3,1987,0.6732872441790657
3,1988,0.5431630877392415
3,1989,0.7776387187532046
3,1990,0.46322148651503114
3,1991,0.5882315247237265
3,1992,0.6326275092348307
3,1993,0.4281616833667865
3,1994,0.6760948408994464
3,1995,0.4814540049674045
3,1996,0.36247547792648
3,1997,0.41389053106073304
3,1998,0.6658296829218785
3,1999,0.7061932827856675
3,2000,0.4576499843787819
3,2001,0.5049333587093949
3,2002,0.4074244675364025
3,2003,0.8413187043186997
3,2004,0.73147407574245
3,2005,0.35243315615923015
3,2006,0.3617120957021335
3,2007,0.36768831176709527
3,2008,0.773933969662221
3,2009,0.32605908418251695
3,2010,0.7953189420389911
3,2011,0.5301147699316603
3,2012,0.58040875780278
3,2013,0.5408818553699758
3,2014,0.5908579211873146
3,2015,0.6544244903332116
3,2016,0.700307811819517
3,2017,0.6376178418442476
3,2018,0.5890262358555862
3,2019,0.7706126935262897
3,2020,0.6449406386485381
3,2021,0.5740834532849226
3,2022,0.6597990814704322
3,2023,0.561473054469382
3,2024,0.43169177178272683
3,2025,0.548263076887947
3,2026,0.744867747026332
3,2027,0.6258780947696879
3,2028,0.37848901928133216
3,2029,0.5968076550725481
3,2030,0.5554182757993011
3,2031,0.6496105339338438
3,2032,0.6873672821699223
3,2033,0.37458016225683255
3,2034,0.39757542344554586
3,2035,0.6603028708554814
3,2036,0.5976666594501875
3,2037,0.5208905805514261
3,2038,0.5442380476995771
3,2039,0.7068502872022152
3,2040,0.6672570402986077
3,2041,0.23930136424508058
3,2042,0.6214631531477776
3,2043,0.4940232306830901
3,2044,0.6614472271818044
3,2045,0.6597487610208684
3,2046,0.5859057946272833
3,2047,0.7071952341392169
3,2048,0.511767021104759
3,2049,0.4424649015376632
3,2050,0.2770970147766777
3,2051,0.309552692062431
3,2052,0.29302991030492326
3,2053,0.6244087779224932
3,2054,0.5881672223924727
3,2055,0.5442930451045653
3,2056,0.7855426109436147
3,2057,0.6478375468696257
3,2058,0.402219306536846
3,2059,0.7419584378910374
3,2060,0.7142878436947295
3,2061,0.5688866613586657
3,2062,0.3738617181332963
3,2063,0.6910054761445737
3,2064,0.410401126757649
3,2065,0.8531935914035689
3,2066,0.6882133324683998
3,2067,0.5201647596039584
3,2068,0.6884689732428335
3,2069,0.7148461497767299
3,2070,0.5799645117479164
3,2071,0.5171788842125037
3,2072,0.6539418409190298
3,2073,0.6330280790236444
3,2074,0.565353689706041
3,2075,0.6364969313546492
3,2076,0.5874124859104872
3,2077,0.8070506636824623
3,2078,0.78865933125454
3,2079,0.14807391905956402
3,2080,0.7387555990180393
3,2081,0.7508683679324144
3,2082,0.6777911105411087
3,2083,0.5448812732858982
3,2084,0.608041313545873
3,2085,0.5190838368855916
3,2086,0.6815105328253763
3,2087,0.7090005382944765
3,2088,0.4605413520146298
3,2089,0.3999329913782107
3,2090,0.5771549633331667
3,2091,0.5716496339445377
3,2092,0.7083723740355183
3,2093,0.665349794498823
3,2094,0.7134100653227352
3,2095,0.59674657872047
3,2096,0.6545683931348897
3,2097,0.4475333722514673
3,2098,0.23063867732694002
3,2099,0.620855307393793
3,2100,0.8170555645648796
3,2101,0.6007815864942825
3,2102,0.7187056932725269
3,2103,0.5796843622138032
3,2104,0.5597419124491965
3,2105,0.5496147563711348
3,2106,0.524960614571425
3,2107,0.6201395942688015
3,2108,0.49935652205835773
3,2109,0.6761980449576763
3,2110,0.7728706516390321
3,2111,0.40446520457780866
3,2112,0.43949319841207357
3,2113,0.6034015149162771
3,2114,0.5506625340207528
3,2115,0.6749734904345971
3,2116,0.6353965067047261
3,2117,0.7170879893435226
3,2118,0.6932900674194303
3,2119,0.5526665559648731
3,2120,0.7203667874122096
3,2121,0.6907254618583551
3,2122,0.7195844787381284
3,2123,0.6293236704298076
3,2124,0.5326015082614588
3,2125,0.5045151005674332
3,2126,0.5587698599907305
3,2127,0.6970200888095506
3,2128,0.4934512168530587
3,2129,0.5173855989030367
3,2130,0.6229663916160978
3,2131,0.5896885976238072
3,2132,0.5797279027786936
3,2133,0.5039639425927114
3,2134,0.5780490269365651
3,2135,0.48701416496923544
3,2136,0.6330154398338822
3,2137,0.689846574574491
3,2138,0.4128524290299184
3,2139,0.4484025111386231
3,2140,0.36483176819587626
3,2141,0.578169683487572
3,2142,0.7487948577713607
3,2143,0.3336863904157533
3,2144,0.45123330894589686
3,2145,0.3459369742698898
3,2146,0.514495174134607
3,2147,0.5480594758017664
3,2148,0.28800632032788187
3,2149,0.5956872725799749
3,2150,0.868870419534146
3,2151,0.4832046068182469
3,2152,0.6564364188330097
3,2153,0.5658882386333071
3,2154,0.47323329664292885
3,2155,0.6259745950715284
3,2156,0.5967875354752713
3,2157,0.8306883204701327
3,2158,0.7809200337697043
3,2159,0.7722533614863173
3,2160,0.6563073844837363
3,2161,0.6997129468816944
3,2162,0.617779927836625
3,2163,0.5251669713558237
3,2164,0.6519723224166782
3,2165,0.6556976057095384
3,2166,0.4757233455357245
3,2167,0.4533222726525974
3,2168,0.7239156629325743
3,2169,0.7835731510760691
3,2170,0.41204844511136046
3,2171,0.366606183359757
3,2172,0.40351703880968526
3,2173,0.5664698117292478
3,2174,0.8465440456763719
3,2175,0.6365855036876252
3,2176,0.6312077872813722
3,2177,0.6227682233028269
3,2178,0.7297167377940621
3,2179,0.5212536523923135
3,2180,0.47237141453630993
3,2181,0.6009740049361466
3,2182,0.4764972661929587
3,2183,0.8110757855633396
3,2184,0.56853556998725
3,2185,0.692514695760367
3,2186,0.4894373772169218
3,2187,0.584316241929789
3,2188,0.4951422804450759
3,2189,0.514633351933881
3,2190,0.48108291978147255
3,2191,0.49341279462099924
3,2192,0.5309725845218087
3,2193,0.5412484964469962
3,2194,0.6564432192304849
3,2195,0.7010546587652696
3,2196,0.28191766245957867
3,2197,0.49856273099508613
3,2198,0.4548192080561223
3,2199,0.6932993102797547
3,2200,0.5445492302353843
3,2201,0.5377659313670388
3,2202,0.6009406724414078
3,2203,0.39277728087548136
3,2204,0.6070586828769431
3,2205,0.5838745629969607
3,2206,0.6598448878258717
3,2207,0.5004356850694319
3,2208,0.3906144450830883
3,2209,0.7070609322162538
3,2210,0.655413124730584
3,2211,0.6272987332331976
3,2212,0.5287902156568242
3,2213,0.46541608014863534
3,2214,0.5130650720138085
3,2215,0.4746416303275329
3,2216,0.8069545170915926
3,2217,0.6244715441700959
3,2218,0.7173838262054263
3,2219,0.41218634393131365
3,2220,0.5310209129830362
3,2221,0.6854459353040485
3,2222,0.7317213114174207
3,2223,0.67488862462651
3,2224,0.5165187689785439
3,2225,0.7131759409248578
3,2226,0.5086235292841307
3,2227,0.4533914068945882
3,2228,0.7320278380006824
3,2229,0.5275833420904281
3,2230,0.638355090258879
3,2231,0.47628867782561835
3,2232,0.7553910562386871
3,2233,0.6139287897867831
3,2234,0.4991609412425561
3,2235,0.5300054191040506
3,2236,0.7873526746664918
3,2237,0.8316009168502771
3,2238,0.20447829970428097
3,2239,0.5615704675732367
3,2240,0.7773863574808485
3,2241,0.5042391481167212
3,2242,0.4021770880263037
3,2243,0.577412207157351
3,2244,0.7489740206611002
3,2245,0.6418373158336244
3,2246,0.6694325225397925
3,2247,0.6165356842499387
3,2248,0.6079936563060693
3,2249,0.5285948961498624
3,2250,0.30421165478674167
3,2251,0.7700372670326289
3,2252,0.41105004770566783
3,2253,0.3733034330758951
3,2254,0.5115631013277224
3,2255,0.78719646213668
3,2256,0.3762543255616242
3,2257,0.8485542997108524
3,2258,0.6219404255550073
3,2259,0.6756212502661856
3,2260,0.5503810437837002
3,2261,0.4374003562529377
3,2262,0.4300800905586203
3,2263,0.4185029071767993
3,2264,0.48684624819358624
3,2265,0.5207731412188499
3,2266,0.532147809550496
3,2267,0.5581467763173615
3,2268,0.35374197604200003
3,2269,0.39092565922379124
3,2270,0.5731571086145151
3,2271,0.6388489892888393
3,2272,0.6005970693043596
3,2273,0.6325632193491239
3,2274,0.6363975551255643
3,2275,0.6674983897537595
3,2276,0.44618921959138375
3,2277,0.353883049594352
3,2278,0.7127088012148592
3,2279,0.43585689327911076
3,2280,0.4591717936330961
3,2281,0.5160728482836984
3,2282,0.7516316854720969
3,2283,0.5087815429014585
3,2284,0.411138004950683
3,2285,0.5824284096468269
3,2286,0.1678954450318606
3,2287,0.7625722741800689
3,2288,0.17058631812121514
3,2289,0.28581878556617213
3,2290,0.452982645597455
3,2291,0.4793055279805895
3,2292,0.6933765307253894
3,2293,0.5456729823612715
3,2294,0.7791842045532561
3,2295,0.8561447470829491
3,2296,0.6922732697742113
3,2297,0.7286896137742325
3,2298,0.5150507419132944
3,2299,0.6684781242192931
3,2300,0.4182537707770736
3,2301,0.6242964792817214
3,2302,0.5249447500166198
3,2303,0.608444015184545
3,2304,0.5760643767989466
3,2305,0.49770987911364517
3,2306,0.5559677179104906
3,2307,0.2932370735550971
3,2308,0.8965098595365812
3,2309,0.20737126118520915
3,2310,0.6112014580217905
3,2311,0.689548315658247
3,2312,0.7641289279927717
3,2313,0.3908820006684061
3,2314,0.7086057328656742
3,2315,0.5892154981508141
3,2316,0.7571373776149902
3,2317,0.7473608449162822
3,2318,0.7030316981570721
3,2319,0.6730914364874214
3,2320,0.714742921856994
3,2321,0.35477497744295794
3,2322,0.6478530147152942
3,2323,0.7504359505501698
3,2324,0.5869094753104609
3,2325,0.48543416062177663
3,2326,0.45764022313835534
3,2327,0.4815206175993231
3,2328,0.45045941069786244
3,2329,0.2718220634972488
3,2330,0.6481745319938399
3,2331,0.7154694930698653
3,2332,0.7206859531547751
3,2333,0.7269240763151791
3,2334,0.78456327250012
3,2335,0.7194317159242356
3,2336,0.3760676719043011
3,2337,0.6293428606218743
3,2338,0.6443018897240013
3,2339,0.5142967562534374
3,2340,0.6710524524685738
3,2341,0.6899136383739125
3,2342,0.5629538429621453
3,2343,0.42026371977002325
3,2344,0.7134553038477806
3,2345,0.7202761264586757
3,2346,0.666713596503289
3,2347,0.31658329584943773
3,2348,0.7137006438454805
3,2349,0.5497902819708884
3,2350,0.7106416827439139
3,2351,0.5095880024626931
3,2352,0.7008131449260823
3,2353,0.4560116420433995
3,2354,0.5368466918356416
3,2355,0.6450866313566894
3,2356,0.67100717835199
3,2357,0.5336967562899391
3,2358,0.575381827362466
3,2359,0.5958845116730834
3,2360,0.6191702753195033
3,2361,0.6945743889622927
3,2362,0.5076872729286621
3,2363,0.7313129051485384
3,2364,0.7636845864751258
3,2365,0.5882770980155628
3,2366,0.5528411777637628
3,2367,0.6795098768053491
3,2368,0.5926036538335218
3,2369,0.5517434528812308
3,2370,0.6518521429841335
3,2371,0.4438900596900376
3,2372,0.5902355127572604
3,2373,0.5775568041886153
3,2374,0.41891221766092723
3,2375,0.6308506951766123
3,2376,0.6223528760577709
3,2377,0.46887552866627724
3,2378,0.5125627610058837
3,2379,0.6578238930062048
3,2380,0.4338051280690098
3,2381,0.48299708201683644
3,2382,0.4499362048266516
3,2383,0.6673537231462405
3,2384,0.6419894931051539
3,2385,0.4587160857866375
3,2386,0.7204006469789944
3,2387,0.5875102943880157
3,2388,0.5509312307636559
3,2389,0.597475962067617
3,2390,0.5940176876762465
3,2391,0.7305725146235783
3,2392,0.274031310481345
3,2393,0.35330933606458076
3,2394,0.5821982759958007
3,2395,0.41828979225087015
3,2396,0.79204434182412
3,2397,0.660333950034916
3,2398,0.6210952862262196
3,2399,0.5690040175610421
3,2400,0.4133260029941185
3,2401,0.7218964227042656
3,2402,0.6318781120927048
3,2403,0.7130148646065769
3,2404,0.4534250051370451
3,2405,0.3944447897847747
3,2406,0.49767350393914717
3,2407,0.5186359790537393
3,2408,0.38838646344351696
3,2409,0.5426570204514695
3,2410,0.5572667419356288
3,2411,0.6042319022768421
3,2412,0.7054017758003277
3,2413,0.5467989197848762
3,2414,0.6078628724700358
3,2415,0.3684952372619991
3,2416,0.3331391664810608
3,2417,0.6878207489876657
3,2418,0.5241485885734232
3,2419,0.653703903504017
3,2420,0.6867386833658814
3,2421,0.36750852509186804
3,2422,0.3349198110445283
3,2423,0.6586695335857711
3,2424,0.682200361906505
3,2425,0.6178702064414359
3,2426,0.42116713813056667
3,2427,0.5666502107230706
3,2428,0.5200269109908181
3,2429,0.515259328447747
3,2430,0.5549672283905891
3,2431,0.5146741353121754
3,2432,0.5158149206781847
3,2433,0.5657814404695205
3,2434,0.6853218166632571
3,2435,0.6845565471471787
3,2436,0.5800226859432364
3,2437,0.2879064906223365
3,2438,0.42786183220749957
3,2439,0.5370657802696579
3,2440,0.6491665309865983
3,2441,0.6438933285657684
3,2442,0.7411766899252795
3,2443,0.5278020026523054
3,2444,0.8076189063339437
3,2445,0.6257915345945365
3,2446,0.6198281654692144
3,2447,0.4357082000189092
3,2448,0.5724082445088635
3,2449,0.4777946366957465
3,2450,0.7317656828300028
3,2451,0.6688529289240622
3,2452,0.6416232538168304
3,2453,0.6374542349528175
3,2454,0.5412926770848246
3,2455,0.48706103641244447
3,2456,0.4962253528713865
3,2457,0.7104725563292911
3,2458,0.4167521016619504
3,2459,0.7652540638063944
3,2460,0.673984302523069
3,2461,0.6626318380161749
3,2462,0.6114742418935402
3,2463,0.7033856307851202
3,2464,0.667195132409103
3,2465,0.38132296981515473
3,2466,0.18887466911231973
3,2467,0.17571746513618652
3,2468,0.4045663380766073
3,2469,0.3865747750654434
3,2470,0.730122118062938
3,2471,0.7263857210839043
3,2472,0.7149405736252855
3,2473,0.7413375597848711
3,2474,0.28212501696628495
3,2475,0.35538537013410293
3,2476,0.503796561966409
3,2477,0.6204339552984381
3,2478,0.657668608557602
3,2479,0.5610358467565387
3,2480,0.5317690920009417
3,2481,0.6408959750082474
3,2482,0.58529766620338
3,2483,0.7254360558844676
3,2484,0.6661555831942256
3,2485,0.7042518933020653
3,2486,0.6335095493756678
3,2487,0.6083745578931943
3,2488,0.6561989096600576
3,2489,0.6689794695859661
3,2490,0.5700378781694715
3,2491,0.6754361666920791
3,2492,0.5577250742061216
3,2493,0.7082267634545459
3,2494,0.3044263199212454
3,2495,0.831771088298375
3,2496,0.6254409479134764
3,2497,0.5574479930023133
3,2498,0.4483681365084746
3,2499,0.4360961891629244
3,2500,0.7260962809868712
3,2501,0.6170284795558594
3,2502,0.59764287750887
3,2503,0.6044216492891078
3,2504,0.447852888026035
3,2505,0.7023132102021852
3,2506,0.6544719101353496
3,2507,0.6098085076032926
3,2508,0.6288042902228476
3,2509,0.5385539891352057
3,2510,0.6884570605777897
3,2511,0.5251733260294138
3,2512,0.5979295020946411
3,2513,0.8083269391257424
3,2514,0.6372041237234
3,2515,0.6912811455156879
3,2516,0.3622553255224817
3,2517,0.49472571553210287
3,2518,0.41200865389366653
3,2519,0.326863809217891
3,2520,0.5745440119866526
3,2521,0.4262262876815057
3,2522,0.7074081448508275
3,2523,0.5146754863960479
3,2524,0.608197910063397
3,2525,0.6891219172600191
3,2526,0.5970920145501587
3,2527,0.5945526249365957
3,2528,0.6747125828660844
3,2529,0.6678136789313432
3,2530,0.6376592824013573
3,2531,0.6141343456229623
3,2532,0.47111036866087536
3,2533,0.5462147141873918
3,2534,0.587559515233166
3,2535,0.44255208072641095
3,2536,0.6952878578541497
3,2537,0.59841596830119
3,2538,0.6458295797865934
3,2539,0.669628018662971
3,2540,0.7283661709394673
3,2541,0.5295914003947646
3,2542,0.5219164670497102
3,2543,0.5785117919975159
3,2544,0.15617909559064336
3,2545,0.42314102509454815
3,2546,0.33352476779868656
3,2547,0.250791329120197
3,2548,0.5743030068121625
3,2549,0.38561429291694843
3,2550,0.4846144433745446
3,2551,0.7403598283051293
3,2552,0.6542477461530052
3,2553,0.7459195223025057
3,2554,0.7293988485890255
3,2555,0.44466238331762875
3,2556,0.26345737939848524
3,2557,0.7355388888869123
3,2558,0.6393505563932272
3,2559,0.4804414298501138
3,2560,0.6657822143701446
3,2561,0.5263422783634473
3,2562,0.5225982741087856
3,2563,0.7268014612621395
3,2564,0.5087108434333972
3,2565,0.5943069001892859
3,2566,0.6577234056220417
3,2567,0.5939138227161049
3,2568,0.607904394298038
3,2569,0.6849524542230803
3,2570,0.45918196542639433
3,2571,0.6221743476328797
3,2572,0.7162763911407384
3,2573,0.6010832701780513
3,2574,0.5842656324609796
3,2575,0.5831765888396689
3,2576,0.17587597950891742
3,2577,0.6537016156839158
3,2578,0.3065497613616675
3,2579,0.5868312230884072
3,2580,0.5534675313981484
3,2581,0.5933113731073879
3,2582,0.5871205582715258
3,2583,0.6316147230190775
3,2584,0.5758664441183604
3,2585,0.6554647587610667
3,2586,0.7069474205940146
3,2587,0.47359384331383847
3,2588,0.4988160692411064
3,2589,0.5692560724172376
3,2590,0.5940922003755401
3,2591,0.889276640653445
3,2592,0.7640770967703595
3,2593,0.6903885314333961
3,2594,0.7065354630597058
3,2595,0.6768122086971019
3,2596,0.3169603589510986
3,2597,0.48397929858052374
3,2598,0.5566965764276829
3,2599,0.6918474436957471
3,2600,0.6901166505185518
3,2601,0.6613387063417853
3,2602,0.5293602956315644
3,2603,0.593167264869104
3,2604,0.6614033864530232
3,2605,0.6166565198944877
3,2606,0.5630382783880424
3,2607,0.602671921976471
3,2608,0.6285774508959863
3,2609,0.4337822342439851
3,2610,0.5103335534363456
3,2611,0.4916153429595435
3,2612,0.5675198525244414
3,2613,0.28907187017670805
3,2614,0.2837725118316009
3,2615,0.5984540050105099
3,2616,0.4969074653711209
3,2617,0.6394507831863087
3,2618,0.5924747006252662
3,2619,0.6751065138496847
3,2620,0.6115906968818011
3,2621,0.6115906968818011
3,2622,0.5624842720513639
3,2623,0.6488683206125389
3,2624,0.39134149520546
3,2625,0.8656044567288941
3,2626,0.5621290597443155
3,2627,0.5348430344159637
3,2628,0.8360085072853906
3,2629,0.5308550781741442
3,2630,0.5160217101113385
3,2631,0.6415385316885974
3,2632,0.4376519093452371
3,2633,0.6415577086670444
3,2634,0.6074023032797562
3,2635,0.7333397571796564
3,2636,0.6473602051312399
3,2637,0.6124699700658066
3,2638,0.6697219083213435
3,2639,0.7242571873024015
3,2640,0.5925386514938873
3,2641,0.46900246301946347
3,2642,0.7588057384748267
3,2643,0.3254374438773827
3,2644,0.43101224130782234
3,2645,0.5660604412398995
3,2646,0.63928061683863
3,2647,0.7270846377584308
3,2648,0.6176061798735778
3,2649,0.5590041893366591
3,2650,0.7073306484767508
3,2651,0.3835892344956107
3,2652,0.6545253481393274
3,2653,0.7819731644024732
3,2654,0.5589105568635502
3,2655,0.821279787460572
3,2656,0.5347446518462932
3,2657,0.4067508694969343
3,2658,0.5715992405906937
3,2659,0.54345429065716
3,2660,0.6577721105092877
3,2661,0.6423435985287432
3,2662,0.5411393340139838
3,2663,0.19042998430778652
3,2664,0.5310855782252593
3,2665,0.37641385264394683
3,2666,0.5369067896677016
3,2667,0.4909865828773988
3,2668,0.6712577154132362
3,2669,0.5485948375883736
3,2670,0.6748654694842022
3,2671,0.5892992438756629
3,2672,0.6048682931959318
3,2673,0.4676923234959066
3,2674,0.4322640709235692
3,2675,0.3466481657306371
3,2676,0.299057958270083
3,2677,0.5270829324890016
3,2678,0.6413435087925381
3,2679,0.5879814639476556
3,2680,0.45349000409404794
3,2681,0.6135366633891657
3,2682,0.7801179163634226
3,2683,0.6652215533904758
3,2684,0.7717548417332183
3,2685,0.5572390664922139
3,2686,0.36692845297746507
3,2687,0.7591233481718093
3,2688,0.577352000082488
3,2689,0.27650989748674787
3,2690,0.5559226994668593
3,2691,0.5470203162633545
3,2692,0.6519291876789449
3,2693,0.35682796678057854
3,2694,0.7392595309036866
3,2695,0.6789167159795247
3,2696,0.7503171826279774
3,2697,0.5686164074621367
3,2698,0.5426627281338023
3,2699,0.7074323710059246
3,2700,0.33912136614892896
3,2701,0.5889080711478888
3,2702,0.6092376036823589
3,2703,0.7288616416268279
3,2704,0.6785332040925368
3,2705,0.5272305734779411
3,2706,0.7040894338438591
3,2707,0.4507495954774115
3,2708,0.714096797502106
3,2709,0.5876064546426382
3,2710,0.6554909712901046
3,2711,0.6302784682405367
3,2712,0.6376066041495133
3,2713,0.5970856099714378
3,2714,0.43072656985777463
3,2715,0.6096096530024624
3,2716,0.7843441853140557
3,2717,0.44007291666601545
3,2718,0.6515922277800771
3,2719,0.6988136915560452
3,2720,0.6605254373269577
3,2721,0.6595092050853062
3,2722,0.3684884368055997
3,2723,0.46128628539339706
3,2724,0.6067739188547188
3,2725,0.4004693276586795
3,2726,0.3199061206584233
3,2727,0.3280802736754242
3,2728,0.5203179469654096
3,2729,0.44838549129081934
3,2730,0.731408747914154
3,2731,0.5955486395008173
3,2732,0.5666454333795559
3,2733,0.40673346358500384
3,2734,0.543045177745948
3,2735,0.7741921902539773
3,2736,0.7754039313097771
3,2737,0.6500824780477149
3,2738,0.7280969390164979
3,2739,0.683938230458116
3,2740,0.5676494710392982
3,2741,0.6344058939399929
3,2742,0.6547995315972513
3,2743,0.2833395689936399
3,2744,0.41585967468329776
3,2745,0.360650334207541
3,2746,0.33316955014678934
3,2747,0.572681783249067
3,2748,0.5304475225543495
3,2749,0.5600067415318964
3,2750,0.5330871118494224
3,2751,0.7285829234055102
3,2752,0.6598323449413792
3,2753,0.6557102785288789
3,2754,0.37861800800290096
3,2755,0.47533018935373167
3,2756,0.5125187756886661
3,2757,0.7531153049634461
3,2758,0.633660427428714
3,2759,0.6483861622830428
3,2760,0.6116003297449518
3,2761,0.7725801604146791
3,2762,0.5944970170709479
3,2763,0.5807932472673886
3,2764,0.19889366804091607
3,2765,0.7873101879618041
3,2766,0.5181295937388475
3,2767,0.7294948937523661
3,2768,0.3227528080785505
3,2769,0.23793740858192639
3,2770,0.34548547856970613
3,2771,0.5040481446601736
3,2772,0.8135603396633647
3,2773,0.3979631234935164
3,2774,0.6668815839505778
3,2775,0.579860109644413
3,2776,0.7178325963437135
3,2777,0.6127843532200722
3,2778,0.5334730719318406
3,2779,0.6828098288364254
3,2780,0.7143177296425038
3,2781,0.44715698221277794
3,2782,0.2913542734182496
3,2783,0.22242867883120593
3,2784,0.43000032107132097
3,2785,0.8251451527188575
3,2786,0.5490845969144975
3,2787,0.5651295910661485
3,2788,0.5296920888651593
3,2789,0.5700365815170535
3,2790,0.5403104784544681
3,2791,0.7216955695334805
3,2792,0.5935466679361658
3,2793,0.5868031010688639
3,2794,0.7010428701828355
3,2795,0.4844725358951841
3,2796,0.7413422000835819
3,2797,0.5853657941360116
3,2798,0.6266300491441978
3,2799,0.5526363559628363
3,2800,0.3918285071869159
3,2801,0.43926033473431597
3,2802,0.7224338269588079
3,2803,0.5459963730240458
3,2804,0.7927523597311322
3,2805,0.3833490006497454
3,2806,0.7551072653859243
3,2807,0.7101482923092909
3,2808,0.5397073630285236
3,2809,0.7398865701182276
3,2810,0.6873291287791949
3,2811,0.6286460839746143
3,2812,0.5647004063202071
3,2813,0.48702795216285266
3,2814,0.645217679097752
3,2815,0.5293946203349912
3,2816,0.6176248655835694
3,2817,0.6102023697989362
3,2818,0.5597074783813072
3,2819,0.5156779685508306
3,2820,0.5320560801171039
3,2821,0.609905327609634
3,2822,0.6690251738988294
3,2823,0.5881320196531465
3,2824,0.5109555779620479
3,2825,0.5227500719048367
3,2826,0.6348323231602547
3,2827,0.4700854462112769
3,2828,0.43329878589212567
3,2829,0.5727985706387108
3,2830,0.7074373757464475
3,2831,0.37400492726989254
3,2832,0.48621526480650606
3,2833,0.5843307472417129
3,2834,0.6872351194908372
3,2835,0.8084443117897983
3,2836,0.444992288559585
3,2837,0.5269911801659376
3,2838,0.6537558937921879
3,2839,0.6233690669204794
3,2840,0.45817328692132014
3,2841,0.5134013776421834
3,2842,0.5891061487145077
3,2843,0.499266923973372
3,2844,0.6080833244157555
3,2845,0.6834405144710752
3,2846,0.6015175723632603
3,2847,0.5301368464901625
3,2848,0.3766791103500255
3,2849,0.4594194922192544
3,2850,0.7398823210186629
3,2851,0.6564702661328561
3,2852,0.4615498195889869
3,2853,0.4109555842673756
3,2854,0.3741731167511164
3,2855,0.3950712176865123
3,2856,0.5740442619886718
3,2857,0.4313950055103434
3,2858,0.770717609942157
3,2859,0.6523945623605363
3,2860,0.3500299916470047
3,2861,0.7084861483247474
3,2862,0.7297343219690972
3,2863,0.25532931482372423
3,2864,0.4423775643870982
3,2865,0.6941871380847732
3,2866,0.3148362703602007
3,2867,0.3928470533001831
3,2868,0.5098331966877404
3,2869,0.6857307377524507
3,2870,0.40846895359658647
3,2871,0.6216176116840746
3,2872,0.7157567195918686
3,2873,0.6120839066369004
3,2874,0.30981213368923444
3,2875,0.4341411838530853
3,2876,0.2641061632690808
3,2877,0.42962136417229535
3,2878,0.7084048712931907
3,2879,0.6479415193788923
3,2880,0.6196409036877553
3,2881,0.635118399101753
3,2882,0.5662555268047531
3,2883,0.5498546356704672
3,2884,0.5770905485127946
3,2885,0.5678041055638882
3,2886,0.5387612877601494
3,2887,0.6603057178624886
3,2888,0.560002667431593
3,2889,0.6135389723515943
3,2890,0.5735471312177146
3,2891,0.6169076786185457
3,2892,0.6602244345835376
3,2893,0.5237867643255916
3,2894,0.4919383775284944
3,2895,0.6960970520684725
3,2896,0.6942039653815885
3,2897,0.6742632591990656
3,2898,0.7052520886167581
3,2899,0.5424225921393847
3,2900,0.5772377372298301
3,2901,0.6233076103187598
3,2902,0.737366054178113
3,2903,0.5690156853567266
3,2904,0.458057024807352
3,2905,0.6400849180817422
3,2906,0.6800866808137956
3,2907,0.6791054584985013
3,2908,0.6304364057577668
3,2909,0.7491832974083599
3,2910,0.41468927778021836
3,2911,0.7038831300584579
3,2912,0.4878247058482292
3,2913,0.7457683638160088
3,2914,0.32522460559457306
3,2915,0.7544343002181474
3,2916,0.5953051320879232
3,2917,0.8021126554893391
3,2918,0.6391696246626295
3,2919,0.36278189189727345
3,2920,0.7556285050565351
3,2921,0.7725548362580349
3,2922,0.588137510019356
3,2923,0.4456017549231239
3,2924,0.6051546778713628
3,2925,0.6299785126433323
3,2926,0.8146324038399133
3,2927,0.7472233484549836
3,2928,0.6566156971649374
3,2929,0.6947839065940742
3,2930,0.8188437645368095
3,2931,0.3655453504834906
3,2932,0.5906066344551961
3,2933,0.3056886816097503
3,2934,0.6667926504562582
3,2935,0.6439443696422693
3,2936,0.6555503332691331
3,2937,0.5054946537059793
3,2938,0.6491761609425967
3,2939,0.5588623946200326
3,2940,0.6631518441763741
3,2941,0.7352024059470808
3,2942,0.4229038553190976
3,2943,0.3856323650563201
3,2944,0.6282778287207481
3,2945,0.6842080863082415
3,2946,0.4529203549676678
3,2947,0.4967261143993707
3,2948,0.6015968209068534
3,2949,0.522608054967852
3,2950,0.3969962605036127
3,2951,0.2972646241190583
3,2952,0.4415568328268386
3,2953,0.40636151359836853
3,2954,0.656517145515117
3,2955,0.6005592472000783
3,2956,0.590778940554775
3,2957,0.4605175994468424
3,2958,0.5751103677406247
3,2959,0.6911606132797877
3,2960,0.5524866746443138
3,2961,0.5353266832666269
3,2962,0.7378864677540334
3,2963,0.5056521587437999
3,2964,0.6523852471304857
3,2965,0.4402026128642961
3,2966,0.6905767173127902
3,2967,0.784725918518857
3,2968,0.4699666240179484
3,2969,0.3931744956837786
3,2970,0.6986595056260829
3,2971,0.7147465077510434
3,2972,0.5109151032603423
3,2973,0.442488011723003
3,2974,0.6172470828028351
3,2975,0.6902379054576067
3,2976,0.7865815674542691
3,2977,0.6629438029801639
3,2978,0.6495803103190819
3,2979,0.7382962987159706
3,2980,0.8024258200399155
3,2981,0.8235585213366201
3,2982,0.6576873095489948
3,2983,0.6179011707482063
3,2984,0.6419870195974888
3,2985,0.5856589183948813
3,2986,0.7032161968292949
3,2987,0.498867779406962
3,2988,0.5092883415831461
3,2989,0.4214979421366852
3,2990,0.5346408840351107
3,2991,0.5859408201059718
3,2992,0.76428861513163
3,2993,0.672053052166424
3,2994,0.7313859181086996
3,2995,0.4587548055949426
3,2996,0.37024957600855657
3,2997,0.5449284675897892
3,2998,0.46643196883364035
3,2999,0.4659121517816257
3,3000,0.4820618676190379
3,3001,0.6819164184197283
3,3002,0.6467216938346012
3,3003,0.5755682566250602
3,3004,0.564474971308142
3,3005,0.606938007453094
3,3006,0.6567928562073175
3,3007,0.7785501001466133
3,3008,0.6851557058257622
3,3009,0.6508634449913155
3,3010,0.6333213645601034
3,3011,0.4701847155883163
3,3012,0.5036804263472415
3,3013,0.604047871493909
3,3014,0.4503818740696022
3,3015,0.653705141599227
3,3016,0.38362808980329666
3,3017,0.48799015648014527
3,3018,0.5618713973197554
3,3019,0.5532116576313573
3,3020,0.6364347066284874
3,3021,0.6902126718971177
3,3022,0.6433474759142653
3,3023,0.6605802810830439
3,3024,0.5892448048385364
3,3025,0.659643030492245
3,3026,0.7303563293114766
3,3027,0.5306198877287172
3,3028,0.5066711684407021
3,3029,0.47244715623301226
3,3030,0.5892212386730581
3,3031,0.44679259927194204
3,3032,0.8277134236216532
3,3033,0.4347143898019071
3,3034,0.4080292662862186
3,3035,0.77872188825687
3,3036,0.7729184276190961
3,3037,0.6017826779189911
3,3038,0.5266564978699704
3,3039,0.5918249839692037
3,3040,0.5616798635707977
3,3041,0.5344175343250198
3,3042,0.6240443330311348
3,3043,0.3079002704780298
3,3044,0.36460373400443863
3,3045,0.33569319608032633
3,3046,0.5890082453514638
3,3047,0.5270241253907872
3,3048,0.66231048939605
3,3049,0.6631040073927457
3,3050,0.6922355184657357
3,3051,0.6328215865933325
3,3052,0.5425999668084379
3,3053,0.5005020188294158
3,3054,0.4516097268796304
3,3055,0.7084329594446557
3,3056,0.7834660648632313
3,3057,0.600284115362037
3,3058,0.649071458143822
3,3059,0.7305362011436066
3,3060,0.5707396301822724
3,3061,0.5824911627397832
3,3062,0.7653166781415265
3,3063,0.35880146136111074
3,3064,0.2630411786126048
3,3065,0.5146117405217118
3,3066,0.4834069336873167
3,3067,0.4862218936360772
3,3068,0.3717600522980865
3,3069,0.7093503948607515
3,3070,0.7305622968438525
3,3071,0.23139541167949004
3,3072,0.5319565142764134
3,3073,0.3848655470316928
3,3074,0.5401567609311747
3,3075,0.2668574241922613
3,3076,0.45253078256794277
3,3077,0.5674948978342111
3,3078,0.5646637564029188
3,3079,0.6032169536704316
3,3080,0.43629547731027585
3,3081,0.3513571236547884
3,3082,0.45075804355949955
3,3083,0.7954251720633195
3,3084,0.6980615525991606
3,3085,0.6128214376609741
3,3086,0.6661984551938176
3,3087,0.4547455104530809
3,3088,0.6970100247524553
3,3089,0.5737172389351952
3,3090,0.6528041404590083
3,3091,0.7496726879420983
3,3092,0.5922097673484007
3,3093,0.5293624690491497
3,3094,0.6094421316297537
3,3095,0.6204772340802596
3,3096,0.6593570318431431
3,3097,0.6669296004640384
3,3098,0.48741511263384135
3,3099,0.5113999519840193
3,3100,0.6525297175455873
3,3101,0.5803577437138155
3,3102,0.5354902094937093
3,3103,0.6197436651291526
3,3104,0.34059640467325697
3,3105,0.5616273845931066
3,3106,0.31380377813093413
3,3107,0.49040019585802935
3,3108,0.7129970636424087
3,3109,0.4368395374453519
3,3110,0.4633784852180794
3,3111,0.555137889499223
3,3112,0.6396378645355522
3,3113,0.8417616225304456
3,3114,0.7547865374008862
3,3115,0.5765359589000375
3,3116,0.6814086552208897
3,3117,0.37004968102384406
3,3118,0.46288922716946773
3,3119,0.3517961618660713
3,3120,0.45439506794370227
3,3121,0.5943219222108442
3,3122,0.6223560044590833
3,3123,0.5524669016582923
3,3124,0.6597726547083747
3,3125,0.5974468931069586
3,3126,0.7629555475817755
3,3127,0.687865322456614
3,3128,0.7190856144805913
3,3129,0.6856352682665163
3,3130,0.5660753996893727
3,3131,0.654519264218866
3,3132,0.5475202340760439
3,3133,0.4648304664424088
3,3134,0.5338484716412477
3,3135,0.6818993144719703
3,3136,0.6056073950024804
3,3137,0.6269125328850216
3,3138,0.3635330930042871
3,3139,0.592067986392499
3,3140,0.7541655121469943
3,3141,0.34778291061914246
3,3142,0.6728390227740091
3,3143,0.5842720119114538
3,3144,0.6006252240667767
3,3145,0.5412017670002273
3,3146,0.6810042086586942
3,3147,0.6331307740393997
3,3148,0.5697056658768589
3,3149,0.4913884501824567
3,3150,0.755534060515023
3,3151,0.4391445683980365
3,3152,0.33344623457613376
3,3153,0.7971720280770526
3,3154,0.6794598462493365
3,3155,0.34287396828277
3,3156,0.5011889965555162
3,3157,0.6866883775147797
3,3158,0.5163040464373061
3,3159,0.7673277645710312
3,3160,0.7999410796385771
3,3161,0.4478593002725315
3,3162,0.7197014803143705
3,3163,0.40617540666359775
3,3164,0.3160903503395443
3,3165,0.35158691974511397
3,3166,0.40693651273290965
3,3167,0.4707314476118766
3,3168,0.583949119426333
3,3169,0.457267002821037
3,3170,0.5250789852457466
3,3171,0.5271380134903325
3,3172,0.3269833355001901
3,3173,0.5843598362434461
3,3174,0.7613315658319924
3,3175,0.2864227547528568
3,3176,0.5036193994078355
3,3177,0.5132948444712429
3,3178,0.6402493679525123
3,3179,0.5872120142298634
3,3180,0.5524027847818697
3,3181,0.653217459582736
3,3182,0.8064860201168719
3,3183,0.40246215299946414
3,3184,0.47309655710103404
3,3185,0.5831126555772415
3,3186,0.6541474919633168
3,3187,0.680047718346724
3,3188,0.6841675534046971
3,3189,0.6207326753592866
3,3190,0.4886694090414694
3,3191,0.7767238652811352
3,3192,0.684976881083298
3,3193,0.36534464044354853
3,3194,0.6803066804362458
3,3195,0.6487959923917266
3,3196,0.8037018537131312
3,3197,0.6556694792504296
3,3198,0.6701446871648817
3,3199,0.6012393757733494
3,3200,0.5428950809604477
3,3201,0.5878410725363384
3,3202,0.6828182640646072
3,3203,0.7080625423169149
3,3204,0.6191732469402924
3,3205,0.6876920116872839
3,3206,0.7666568858371633
3,3207,0.5149255698153252
3,3208,0.4652514946621425
3,3209,0.6970927581533352
3,3210,0.5563362454174064
3,3211,0.4746132235860214
3,3212,0.7883094997017542
3,3213,0.7764979133842593
3,3214,0.6471599274323904
3,3215,0.7446255694708095
3,3216,0.5852425486259365
3,3217,0.46182323980104417
3,3218,0.4827675193430125
3,3219,0.5924310930350676
3,3220,0.6817043471275414
3,3221,0.7582631221214874
3,3222,0.5042248147327489
3,3223,0.4063963502637141
3,3224,0.5871475270670181
3,3225,0.42496781411262136
3,3226,0.45002782777430117
3,3227,0.45873689349270497
3,3228,0.43736458920573934
3,3229,0.5757391413509071
3,3230,0.45857896705919415
3,3231,0.6254441449095166
3,3232,0.6546250707631043
3,3233,0.5548906851061018
3,3234,0.7696559256940262
3,3235,0.695804277893886
3,3236,0.6872025979798083
3,3237,0.7028771153597692
3,3238,0.8093306914967834
3,3239,0.5443348349787304
3,3240,0.32993039308849903
3,3241,0.42365172267384277
3,3242,0.8390387593698894
3,3243,0.854225737488325
3,3244,0.709879958335255
3,3245,0.6195188607535811
3,3246,0.5911542226740701
3,3247,0.49092981578007405
3,3248,0.3793930737156264
3,3249,0.594457699348215
3,3250,0.6013057544246267
3,3251,0.6250069319199778
3,3252,0.5369083347636945
3,3253,0.689085003948193
3,3254,0.6355659412060455
3,3255,0.6863071946214069
3,3256,0.6005862877766845
3,3257,0.5096801448716601
3,3258,0.7342312979895373
3,3259,0.777474372022296
3,3260,0.4126535288901287
3,3261,0.5885836044456799
3,3262,0.5362067032281856
3,3263,0.4760610597763861
3,3264,0.5586215052427566
3,3265,0.8192898802863776
3,3266,0.6149493802890301
3,3267,0.7177256834462369
3,3268,0.7416537498136053
3,3269,0.6788317668146996
3,3270,0.5517166904618372
3,3271,0.3596395041048182
3,3272,0.4663339024398788
3,3273,0.6655492859190658
3,3274,0.41590508710729757
3,3275,0.738032485530844
3,3276,0.35674957567123683
3,3277,0.5974310238236051
3,3278,0.3836865763991685
3,3279,0.4273322510997378
3,3280,0.46580729576971697
3,3281,0.3692518121271646
3,3282,0.5480202522978826
3,3283,0.5895873771183329
3,3284,0.39280023610403736
3,3285,0.5900475061521414
3,3286,0.633058891278365
3,3287,0.32903530983785134
3,3288,0.37310649832076315
3,3289,0.7387303710856404
3,3290,0.6798750585272798
3,3291,0.6317934765644209
3,3292,0.6170531756325279
3,3293,0.5893970174135869
3,3294,0.4902942050875444
3,3295,0.6304997777751471
3,3296,0.4564830136399935
3,3297,0.6267964830624198
3,3298,0.6823584305638236
3,3299,0.658887932807604
3,3300,0.5687545327180368
3,3301,0.6760039391619906
3,3302,0.6595942341923181
3,3303,0.6021195726746885
3,3304,0.5828820938611003
3,3305,0.32864892196191614
3,3306,0.6702693386715296
3,3307,0.5673745865898379
3,3308,0.6744385458310124
3,3309,0.6495697411211098
3,3310,0.6030886438290466
3,3311,0.7495347123350269
3,3312,0.5593290569537858
3,3313,0.5117270557571441
3,3314,0.44066858848441387
3,3315,0.5717496515925563
3,3316,0.6525707043507198
3,3317,0.3505641486939233
3,3318,0.40338600717814566
3,3319,0.5804701494688715
3,3320,0.5918469170129769
3,3321,0.5447207924151818
3,3322,0.6005374757422658
3,3323,0.7267568445923688
3,3324,0.4197580988247116
3,3325,0.6191147915931441
3,3326,0.5008495325380814
3,3327,0.7091545898647205
3,3328,0.7172479080546385
3,3329,0.6374036956126911
3,3330,0.4966693223127565
3,3331,0.6810181666671371
3,3332,0.6055660056022778
3,3333,0.6977236657387365
3,3334,0.7435656826995142
3,3335,0.6249551669882958
3,3336,0.5460899933759887
3,3337,0.696448397200674
3,3338,0.2907066179756227
3,3339,0.3883137969045644
3,3340,0.4627695349500422
3,3341,0.704735028824808
3,3342,0.6650106417222112
3,3343,0.7397639791256221
3,3344,0.5344483581546827
3,3345,0.8014485120962505
3,3346,0.7630336600743024
3,3347,0.3899499605551655
3,3348,0.684663963070453
3,3349,0.7085629213153086
3,3350,0.6333867556666023
3,3351,0.679910826355196
3,3352,0.654393268162927
3,3353,0.5791568650234058
3,3354,0.6671812410664527
3,3355,0.5253234227472445
3,3356,0.7102060466576156
3,3357,0.6600738208930583
3,3358,0.21363205577609604
3,3359,0.6961962984471806
3,3360,0.3747049212394111
3,3361,0.7560037367646973
3,3362,0.7561711409289059
3,3363,0.668060478424581
3,3364,0.7273227531128301
3,3365,0.5051889541286899
3,3366,0.5328542984857632
3,3367,0.5233699256463031
3,3368,0.48801787562070925
3,3369,0.4220853381785971
3,3370,0.40776716548684006
3,3371,0.6042005377736319
3,3372,0.5972317341119697
3,3373,0.6682342964614136
3,3374,0.3855994895785766
3,3375,0.5158562686046715
3,3376,0.6240639831113034
3,3377,0.6067697099525496
3,3378,0.5954322224195219
3,3379,0.7153695997160572
3,3380,0.6338017321195475
3,3381,0.6388919239266038
3,3382,0.5877848997716795
3,3383,0.7637809100487645
3,3384,0.48705163291981945
3,3385,0.5214555771930773
3,3386,0.7628528491927464
3,3387,0.4980775285769912
3,3388,0.3360813819234007
3,3389,0.6249474763367955
3,3390,0.7449615560395536
3,3391,0.5584379209605029
3,3392,0.7255846622372064
3,3393,0.7515011356436243
3,3394,0.5737497660379306
3,3395,0.5395200876562221
3,3396,0.4941977384630847
3,3397,0.7065748997323559
3,3398,0.6473045386104284
3,3399,0.6241333918490597
3,3400,0.5838318535704884
3,3401,0.5267915323221333
3,3402,0.7016471693351037
3,3403,0.6196560428837133
3,3404,0.6879054332602226
3,3405,0.3943429918085832
3,3406,0.6662620198802096
3,3407,0.6507857222664128
3,3408,0.4323441510198013
3,3409,0.6366727334091353
3,3410,0.6866337075819852
3,3411,0.6502879185853011
3,3412,0.565604029318308
3,3413,0.7921988766148831
3,3414,0.6146221338879382
3,3415,0.32732009156739034
3,3416,0.3197144411365135
3,3417,0.6313988176157856
3,3418,0.7168232613860991
3,3419,0.6302436395547856
3,3420,0.6986217068992521
3,3421,0.5427769078089723
3,3422,0.3731225489497488
3,3423,0.46290078901838605
3,3424,0.5517883685954543
3,3425,0.5619636156696743
3,3426,0.8317806410193607
3,3427,0.76708131909529
3,3428,0.4842502298343597
3,3429,0.45621261671683266
3,3430,0.7932985108054317
3,3431,0.5298563019319198
3,3432,0.49923891710507357
3,3433,0.5519098859070629
3,3434,0.7235663016486003
3,3435,0.6202405792002227
3,3436,0.581583264533162
3,3437,0.5410978237114018
3,3438,0.5381302625394258
3,3439,0.6216770524897625
3,3440,0.7159956259960515
3,3441,0.4517888915930189
3,3442,0.7529839901085607
3,3443,0.6691444581561706
3,3444,0.5111471816842625
3,3445,0.6988135375034801
3,3446,0.206370839853902
3,3447,0.2760959833336764
3,3448,0.5425697103624976
3,3449,0.18797775215091533
3,3450,0.44708410911293595
3,3451,0.5299811385698275
3,3452,0.8185171063853603
3,3453,0.35838912199626294
3,3454,0.4535699720727896
3,3455,0.44440139931251216
3,3456,0.45572249644795454
3,3457,0.324155219768192
3,3458,0.4862331175879832
3,3459,0.7351909999278118
3,3460,0.7434860371256382
3,3461,0.6637586100720976
3,3462,0.5599273699234136
3,3463,0.6417020552956376
3,3464,0.6668260999490546
3,3465,0.5612245911209146
3,3466,0.6084682596849795
3,3467,0.4281448786736312
3,3468,0.4398715545535282
3,3469,0.6738251383442505
3,3470,0.554798872340455
3,3471,0.8334942904603755
3,3472,0.7012972367109263
3,3473,0.745836721184254
3,3474,0.8523430740915637
3,3475,0.287301045431223
3,3476,0.5070783706517437
3,3477,0.7317435587378153
3,3478,0.7210015052895441
3,3479,0.5771951509977569
3,3480,0.5756210781858985
3,3481,0.559444639108146
3,3482,0.6044271590656066
3,3483,0.764046158560825
3,3484,0.9034438942694166
3,3485,0.5929282073265704
3,3486,0.8350757534122183
3,3487,0.6525546167262464
3,3488,0.5191309312437267
3,3489,0.5282037180244381
3,3490,0.5570126171863575
3,3491,0.628468207790482
3,3492,0.5951494256459637
3,3493,0.5261772978551544
3,3494,0.6252517452172376
3,3495,0.4986448641856029
3,3496,0.7093475800961059
3,3497,0.6484538653493457
3,3498,0.5532844549876651
3,3499,0.41905447057306605
3,3500,0.5137097214204791
3,3501,0.48471608787755577
3,3502,0.6289126177742551
3,3503,0.601158621448764
3,3504,0.5204429693201146
3,3505,0.4806811717925673
3,3506,0.6819146750140488
3,3507,0.6378777328448906
3,3508,0.6099191152274184
3,3509,0.6976308628023545
3,3510,0.6333930355967313
3,3511,0.7687282801161103
3,3512,0.7872631987475759
3,3513,0.578134830245894
3,3514,0.47797306048023774
3,3515,0.7938500337130525
3,3516,0.4733246694635674
3,3517,0.36572603763670225
3,3518,0.7281530570480701
3,3519,0.6665841237647272
3,3520,0.7199162090676086
3,3521,0.7337000095929174
3,3522,0.5639444927267304
3,3523,0.6290492876817125
3,3524,0.6401454947350556
3,3525,0.5632543445381643
3,3526,0.41792787880215027
3,3527,0.5748620880127459
3,3528,0.4854080022885762
3,3529,0.5964323436169575
3,3530,0.7385842777723416
3,3531,0.5973414499170729
3,3532,0.5587712124156515
3,3533,0.4465133409708294
3,3534,0.6763009649781255
3,3535,0.5270539660976861
3,3536,0.5571818803309208
3,3537,0.34750169252007157
3,3538,0.7091324247054961
3,3539,0.5992819717973205
3,3540,0.6290019731710638
3,3541,0.5624206275856186
3,3542,0.3662047509249936
3,3543,0.32441039954270146
3,3544,0.5710019674687932
3,3545,0.691082701487248
3,3546,0.7414322701519003
3,3547,0.5243456769577748
3,3548,0.4285728213648957
3,3549,0.6772150376443777
3,3550,0.4240654244924097
3,3551,0.46873441251224507
3,3552,0.4453210889943479
3,3553,0.6350444406492467
3,3554,0.7670603416216025
3,3555,0.4262849357422429
3,3556,0.5028599641088252
3,3557,0.47366428926207227
3,3558,0.548934369979989
3,3559,0.36928636965915956
3,3560,0.7994600580834561
3,3561,0.5427168077683323
3,3562,0.750959854538327
3,3563,0.5241139927135062
3,3564,0.5783488595360071
3,3565,0.6862673311898486
3,3566,0.7790719787862902
3,3567,0.626442760859672
3,3568,0.467824881290945
3,3569,0.7768487397567654
3,3570,0.5456203275515052
3,3571,0.6036895274346985
3,3572,0.570410968809566
3,3573,0.7131604171562442
3,3574,0.5842214825317079
3,3575,0.5002525764909068
3,3576,0.6390755273829687
3,3577,0.5687020074954273
3,3578,0.8103328356922832
3,3579,0.5112585855718416
3,3580,0.5822831937930172
3,3581,0.49959393462171675
3,3582,0.41947055692125873
3,3583,0.7255715892757392
3,3584,0.5843999926798025
3,3585,0.7242878731235525
3,3586,0.688484979390255
3,3587,0.45282593478004873
3,3588,0.3466970637029739
3,3589,0.36724566819772547
3,3590,0.3885196704220807
3,3591,0.4316616876031601
3,3592,0.6224927347278818
3,3593,0.6615597054299265
3,3594,0.7523164512569896
3,3595,0.7924672202850312
3,3596,0.5982937075044023
3,3597,0.5388009779083085
3,3598,0.47722946504326585
3,3599,0.5229396854104644
3,3600,0.44073149082712865
3,3601,0.6179321492983559
3,3602,0.5908088227266415
3,3603,0.7149198578918692
3,3604,0.48203791032600407
3,3605,0.4176894847890402
3,3606,0.5498479832860763
3,3607,0.6264184350080704
3,3608,0.4926745215786028
3,3609,0.7514619750100433
3,3610,0.4417067721162912
3,3611,0.5369613902580345
3,3612,0.5079353814757737
3,3613,0.2547864147714335
3,3614,0.6400679084265424
3,3615,0.7985739215961729
3,3616,0.6712080253472278
3,3617,0.567476438197979
3,3618,0.5336072195163785
3,3619,0.6276999053020803
3,3620,0.40374279160522814
3,3621,0.43828734533249314
3,3622,0.6856929944537398
3,3623,0.5544638677360438
3,3624,0.5133229010262307
3,3625,0.41967675911197744
3,3626,0.2909673724361755
3,3627,0.5365264349345277
3,3628,0.36533231554608137
3,3629,0.8740622191343966
3,3630,0.6876816677692508
3,3631,0.5807101401888962
3,3632,0.4483237746465279
3,3633,0.3268672744673732
3,3634,0.47612484089625545
3,3635,0.5357389742628309
3,3636,0.46418919204905296
3,3637,0.497653600239061
3,3638,0.7069249326867797
3,3639,0.7112860570683592
3,3640,0.3887168993831675
3,3641,0.5879122147319735
3,3642,0.31064366437689545
3,3643,0.6535000618467336
3,3644,0.5911058086002469
3,3645,0.40806821336017446
3,3646,0.7345423459295826
3,3647,0.44425444699596617
3,3648,0.4902333176275112
3,3649,0.8492130620919385
3,3650,0.7069764925772817
3,3651,0.5829829400835361
3,3652,0.6610010082671341
3,3653,0.5066588547068513
3,3654,0.5196910283437479
3,3655,0.6861962460786459
3,3656,0.684678516993547
3,3657,0.5411133849513122
3,3658,0.7435307550689502
3,3659,0.6946860086978809
3,3660,0.5376332522291711
3,3661,0.6523440882493492
3,3662,0.6907272782749205
3,3663,0.394631068276805
3,3664,0.4708675948748723
3,3665,0.7882978967369276
3,3666,0.7523113373847737
3,3667,0.3869691514072617
3,3668,0.6617844973062582
3,3669,0.6617657679679048
3,3670,0.6233420794170544
3,3671,0.4524901036113142
3,3672,0.5522414964563626
3,3673,0.6269100998450453
3,3674,0.7258462264277589
3,3675,0.6454985467456381
3,3676,0.830806985249847
3,3677,0.7154267279886545
3,3678,0.4222966951875723
3,3679,0.5364852690890175
3,3680,0.7599303786314129
3,3681,0.6189809483741767
3,3682,0.6997902901474086
3,3683,0.41546984670826836
3,3684,0.6082847918931559
3,3685,0.8545177257879004
3,3686,0.8434701019426281
3,3687,0.48861547272155614
3,3688,0.8230076102202812
3,3689,0.46248920298133694
3,3690,0.6723762186020988
3,3691,0.45641177923540105
3,3692,0.3677647006170263
3,3693,0.43782314332417005
3,3694,0.7441987855733864
3,3695,0.512153185667167
3,3696,0.47409968773872085
3,3697,0.49801591943069695
3,3698,0.7630001936952491
3,3699,0.3129576476483047
3,3700,0.36580956576104445
3,3701,0.43767286963865726
3,3702,0.39742473927528066
3,3703,0.7759687519832893
3,3704,0.4272766645670863
3,3705,0.3631933064240107
3,3706,0.7160998046586461
3,3707,0.6429756190924049
3,3708,0.6047756043161977
3,3709,0.4567540133731549
3,3710,0.6400048326975759
3,3711,0.33070865631123325
3,3712,0.4698956307590405
3,3713,0.7868911740590371
3,3714,0.8252986283910994
3,3715,0.6094422454295567
3,3716,0.5860464211859011
3,3717,0.8016464633367036
3,3718,0.7889281799379992
3,3719,0.47480660523979923
3,3720,0.46036365237474264
3,3721,0.33016741030001695
3,3722,0.2975569072532904
3,3723,0.5450549449718638
3,3724,0.5832876682687524
3,3725,0.432582160119086
3,3726,0.7564702997511334
3,3727,0.4619114120535762
3,3728,0.6614342393675331
3,3729,0.4152592594622405
3,3730,0.4042216679625738
3,3731,0.5351616573776595
3,3732,0.436530279886445
3,3733,0.5675974469178342
3,3734,0.5930324347310657
3,3735,0.6180872563905789
3,3736,0.4857758554424936
3,3737,0.6369642213117638
3,3738,0.839833092889732
3,3739,0.7656021642331798
3,3740,0.567863615461939
3,3741,0.7251005497562719
3,3742,0.2593786637059431
3,3743,0.5035559883085603
3,3744,0.5210924927567848
3,3745,0.5202712940442863
3,3746,0.7712936766686439
3,3747,0.5404326607489727
3,3748,0.6331598351495885
3,3749,0.5854800249113038
3,3750,0.6884741046852901
3,3751,0.7853852694655257
3,3752,0.6096576501309912
3,3753,0.5016270510117837
3,3754,0.525913664504521
3,3755,0.36736368897223803
3,3756,0.4357870369339636
3,3757,0.5937959966209978
3,3758,0.7896200080927746
3,3759,0.5018782494686903
3,3760,0.45628284337566966
3,3761,0.6978040343719074
3,3762,0.5643417467703551
3,3763,0.5902352847083043
3,3764,0.63462233854199
3,3765,0.3937533440079633
3,3766,0.4315266966989504
3,3767,0.39534143442103015
3,3768,0.6613136011339655
3,3769,0.633574429388624
3,3770,0.28713237912849887
3,3771,0.6644784573717452
3,3772,0.3053962922896399
3,3773,0.49380080168486307
3,3774,0.6946190708194391
3,3775,0.6137651821761778
3,3776,0.6253336563601074
3,3777,0.4355281578651356
3,3778,0.6667184481066435
3,3779,0.509286444843187
3,3780,0.7764117467590282
3,3781,0.7466679401447768
3,3782,0.17943336335158575
3,3783,0.3172845937982247
3,3784,0.5108607373349409
3,3785,0.5630733120725719
3,3786,0.515414390875363
3,3787,0.6380429063716005
3,3788,0.6992624646388166
3,3789,0.6437223640388602
3,3790,0.41263804954696615
3,3791,0.6361115197582647
3,3792,0.6527780648383968
3,3793,0.4966180621763051
3,3794,0.24412781823587312
3,3795,0.46792028285758114
3,3796,0.27616910510506437
3,3797,0.44371166118432726
3,3798,0.6188032189790696
3,3799,0.7430443222271937
3,3800,0.6285684549859882
3,3801,0.44793376854198574
3,3802,0.5529289476175475
3,3803,0.5299113151665664
3,3804,0.48970564288621254
3,3805,0.6768807300697227
3,3806,0.411576565677351
3,3807,0.8282187965371632
3,3808,0.5134290966436711
3,3809,0.7425639036110445
3,3810,0.5544953079014374
3,3811,0.6887448314249479
3,3812,0.5659836341023295
3,3813,0.5937546769429033
3,3814,0.6555940665616578
3,3815,0.700711578963696
3,3816,0.39786078571762584
3,3817,0.3648731418836601
3,3818,0.42757745108422246
3,3819,0.7236232228575029
3,3820,0.507397567917131
3,3821,0.8589029053573708
3,3822,0.5025753651391904
3,3823,0.6076644388312461
3,3824,0.5161817455798107
3,3825,0.6265247319099236
3,3826,0.7064782549000412
3,3827,0.5600597963815209
3,3828,0.6810567665602137
3,3829,0.6902143703509716
3,3830,0.5777166949161049
3,3831,0.5852770860606155
3,3832,0.6021389893232748
3,3833,0.5238509305737034
3,3834,0.6139865963466168
3,3835,0.457439884831174
3,3836,0.5759443631879152
3,3837,0.5969866679766221
3,3838,0.46130646771905204
3,3839,0.476300216472063
3,3840,0.6278310850455429
3,3841,0.6123468318196268
3,3842,0.3746286463024696
3,3843,0.4255491383267236
3,3844,0.4403704901541655
3,3845,0.5371442223523009
3,3846,0.6153783203955486
3,3847,0.28659514541432485
3,3848,0.49812168994589273
3,3849,0.6107961635562935
3,3850,0.6079645811427744
3,3851,0.2914825699768839
3,3852,0.5322027538634829
3,3853,0.41305196859093746
3,3854,0.27096077596382223
3,3855,0.2690406850927635
3,3856,0.6608142942945813
3,3857,0.5011660115952672
3,3858,0.6043335320716723
3,3859,0.5840796923240432
3,3860,0.8240385082009918
3,3861,0.6105292498102698
3,3862,0.7730011708700886
3,3863,0.3500985599177782
3,3864,0.7557082734628017
3,3865,0.5443862196494429
3,3866,0.22884099496266172
3,3867,0.5166809708670859
3,3868,0.5749234224999884
3,3869,0.6819594732442301
3,3870,0.6898243193514765
3,3871,0.606393023807278
3,3872,0.6563514189003249
3,3873,0.707372088519288
3,3874,0.49015924062747845
3,3875,0.5978351461663458
3,3876,0.6883250837788316
3,3877,0.6811846979371741
3,3878,0.5769319467320193
3,3879,0.6905520916942081
3,3880,0.7709382552076359
3,3881,0.39630804510133766
3,3882,0.6525650252952366
3,3883,0.5283151830484452
3,3884,0.449354803259379
3,3885,0.2006636715271202
3,3886,0.75772290308976
3,3887,0.2926993255773232
3,3888,0.826915469551749
3,3889,0.7804662495535222
3,3890,0.6790560968711596
3,3891,0.514972641260355
3,3892,0.5810498341756952
3,3893,0.5663353867024056
3,3894,0.6229642735844292
3,3895,0.7744580867568306
3,3896,0.8352677451530475
3,3897,0.6491335274979899
3,3898,0.6931301502059922
3,3899,0.5864110106436614
3,3900,0.6617868055721641
3,3901,0.7866320507129579
3,3902,0.6602622780379587
3,3903,0.7570036990347716
3,3904,0.3866641408274116
3,3905,0.6131690299598311
3,3906,0.4569030057119096
3,3907,0.733770532969917
3,3908,0.6762854087620646
3,3909,0.6724951944077567
3,3910,0.4635844926639807
3,3911,0.4447400189648825
3,3912,0.6527780942550097
3,3913,0.44616285437353503
3,3914,0.5543767151827096
3,3915,0.5699497323945395
3,3916,0.5830772009754955
3,3917,0.5494432341430798
3,3918,0.6037078526878749
3,3919,0.6454367577063128
3,3920,0.6748358371719277
3,3921,0.5980814084772741
3,3922,0.5883624448799518
3,3923,0.6483194856824332
3,3924,0.48774039850200407
3,3925,0.5170837928892793
3,3926,0.5800129161537676
3,3927,0.5674465478191763
3,3928,0.6272424069451534
3,3929,0.8108486352030411
3,3930,0.8702934276737154
3,3931,0.9189386700239863
3,3932,0.9252588326801966
3,3933,0.572717076680112
3,3934,0.6537285906368898
3,3935,0.6276486397950761
3,3936,0.7211544061918778
3,3937,0.6115099497214957
3,3938,0.630025761719062
3,3939,0.48553615097390135
3,3940,0.365665083420649
3,3941,0.4557514042885427
3,3942,0.6620914700901696
3,3943,0.7956145658043866
3,3944,0.41411068025424375
3,3945,0.7045105919029604
3,3946,0.719846905489575
3,3947,0.4834236350308911
3,3948,0.7737549036329883
3,3949,0.668480177752335
3,3950,0.5739292793169886
3,3951,0.7183771138233561
3,3952,0.6668509538977967
3,3953,0.7170780363634888
3,3954,0.6438045027009658
3,3955,0.6590473401608745
3,3956,0.6405302650253722
3,3957,0.5565489771535737
3,3958,0.7777051797251405
3,3959,0.78943736860785
3,3960,0.9149210462997515
3,3961,0.8605785696829387
3,3962,0.381792084616162
3,3963,0.6495253358878922
3,3964,0.5735859088233715
3,3965,0.6855525884767354
3,3966,0.7750421551192181
3,3967,0.5917234762033409
3,3968,0.5604032155547217
3,3969,0.6082333201281642
3,3970,0.35695027450585937
3,3971,0.6968452238174224
3,3972,0.5484895212752214
3,3973,0.6705721932613835
3,3974,0.7003289795394164
3,3975,0.7780145723413635
3,3976,0.3691409868759075
3,3977,0.5537027371466994
3,3978,0.44100847610353494
3,3979,0.8042264492783032
3,3980,0.7291513180097411
3,3981,0.4824200235094923
3,3982,0.6122856656902568
3,3983,0.631241664553567
3,3984,0.6084104533264555
3,3985,0.5964184525795408
3,3986,0.5583220706620395
3,3987,0.6311108093139338
3,3988,0.6285768610532629
3,3989,0.4804067949833304
3,3990,0.5754423844601226
3,3991,0.6423616790105082
3,3992,0.5639956915900438
3,3993,0.6692212226052233
3,3994,0.6778590769202522
3,3995,0.6732343694581386
3,3996,0.684779790539714
3,3997,0.6478225588418043
3,3998,0.7528056485724458
3,3999,0.7043914721253662
4,0,0.7840893632403869
4,1,0.639541230535333
4,2,0.7448832848278605
4,3,0.6815223480722877
4,4,0.7397974710683475
4,5,0.8286761181727307
4,6,0.9413028500490257
4,7,0.8355496251856944
4,8,0.9409636533153412
4,9,0.9407570112656902
4,10,0.8864224214983337
4,11,0.8915043903223907
4,12,0.8130656359592471
4,13,0.8486157123386081
4,14,0.8107835332952507
4,15,0.9036789496483173
4,16,0.9068248458631991
4,17,0.8565230758095167
4,18,0.7717203243172875
4,19,0.9746119959529398
4,20,0.7805314270046027
4,21,0.8699498873965555
4,22,0.780479549190732
4,23,0.8248426546099791
4,24,0.8002601333023214
4,25,0.6443026634526497
4,26,0.8343663822299502
4,27,0.8856784297402016
4,28,0.8485285050864573
4,29,0.8896006805434696
4,30,0.9154572595048339
4,31,0.9791517814750315
4,32,0.6827812532372548
4,33,0.8516539019527005
4,34,0.7392552128399973
4,35,0.8088435366757978
4,36,0.782981338146269
4,37,0.9145856539113676
4,38,0.9701607092971626
4,39,0.9860351222056631
4,40,0.9804937738157615
4,41,0.9912350017456316
4,42,0.31545370318635335
4,43,0.8243060813407491
4,44,0.9180303660406794
4,45,0.9810202343114695
4,46,0.9876739488936256
4,47,0.9584046463235033
4,48,0.6530729374530733
4,49,0.878331919023864
4,50,0.8522285805328326
4,51,0.9134761464132685
4,52,0.7772459612751134
4,53,0.8354880508701403
4,54,0.7629851853257127
4,55,0.6952081027949932
4,56,0.8512918958019877
4,57,0.7572620871216825
4,58,0.7491741059912901
4,59,0.8657188858754976
4,60,0.7624860627113451
4,61,0.842611771445116
4,62,0.9129950480670092
4,63,0.8436046407926449
4,64,0.7564275674042411
4,65,0.7864968444160101
4,66,0.7437264342251589
4,67,0.9104051758113122
4,68,0.4800899587771739
4,69,0.6419110738648872
4,70,0.5679245410223916
4,71,0.6390553754428783
4,72,0.7601137239889391
4,73,0.8056445432889024
4,74,0.9051933380624306
4,75,0.7360224616537442
4,76,0.840791315113093
4,77,0.9092507334299678
4,78,0.9593649709346267
4,79,0.8247624843990309
4,80,0.6569317301951012
4,81,0.776554345201298
4,82,0.9097375039426799
4,83,0.9216139548210808
4,84,0.857508129289832
4,85,0.9294755286026779
4,86,0.9353719156106068
4,87,0.8836332558181526
4,88,0.9546451013520243
4,89,0.9336735478931224
4,90,0.7710687123800639
4,91,0.8502276819846529
4,92,0.47418938907286245
4,93,0.840110750120349
4,94,0.8834368128498219
4,95,0.8557812121485511
4,96,0.8661968320314866
4,97,0.9177420844323306
4,98,0.9791620392302349
4,99,0.9627071346837262
4,100,0.6999753900886138
4,101,0.7014692843969274
4,102,0.9284950516670077
4,103,0.7522091424508704
4,104,0.8131827173321761
4,105,0.8980260039580691
4,106,0.7017547665077773
4,107,0.6488475941988275
4,108,0.9378125316741918
4,109,0.658425833800217
4,110,0.8472324100487094
4,111,0.8541629317319056
4,112,0.9157063395917515
4,113,0.9550498781661071
4,114,0.7374209518969865
4,115,0.7949973574113285
4,116,0.8138563042557456
4,117,0.9397476749071058
4,118,0.6960278791166601
4,119,0.7974220636649751
4,120,0.875904163123143
4,121,0.8081075486769393
4,122,0.6207442540893157
4,123,0.7770596786382682
4,124,0.5878155131020562
4,125,0.75271486888939
4,126,0.8324480108224089
4,127,0.8145530690937532
4,128,0.9369416869227081
4,129,0.8770443848342439
4,130,0.6538966739714666
4,131,0.879404503939006
4,132,0.8432088536136507
4,133,0.9468071502753193
4,134,0.9239742628883877
4,135,0.9337958533741642
4,136,0.942072805099777
4,137,0.9329385899789459
4,138,0.836082464563561
4,139,0.8372569805381627
4,140,0.8515103898723209
4,141,0.8331917530390581
4,142,0.9306793945379394
4,143,0.35714893898836825
4,144,0.39924240911638265
4,145,0.3955310408136224
4,146,0.5219841784899111
4,147,0.9508923981702978
4,148,0.8735885418413004
4,149,0.8272762306955062
4,150,0.9128786013332
4,151,0.9558852504058989
4,152,0.914413958767352
4,153,0.8126824512946017
4,154,0.7792575022979895
4,155,0.6818856553358567
4,156,0.8623186327069398
4,157,0.9232499432146026
4,158,0.7416237426126578
4,159,0.9334194236147553
4,160,0.9235283079065351
4,161,0.7837598241051624
4,162,0.8809548886186052
4,163,0.8242932364111586
4,164,0.8426504381600399
4,165,0.8368144591159952
4,166,0.8028092707876805
4,167,0.6874457213124611
4,168,0.9028616273239706
4,169,0.7154103036233554
4,170,0.9156500357938774
4,171,0.9471338446716032
4,172,0.8651677678563212
4,173,0.808286483896734
4,174,0.8322797290155622
4,175,0.9051894997532037
4,176,0.6913579214418986
4,177,0.8992489847773663
4,178,0.7522383917844896
4,179,0.8992957204747297
4,180,0.8267226264781847
4,181,0.873813058130295
4,182,0.8380870209085867
4,183,0.7696268920545096
4,184,0.7323826089865421
4,185,0.7648111521088381
4,186,0.7532523349944042
4,187,0.9208636087570273
4,188,0.7327528107098976
4,189,0.8674287922643255
4,190,0.9272951844457685
4,191,0.5029001375836302
4,192,0.4257921696058621
4,193,0.6317501345909066
4,194,0.8513660211106484
4,195,0.8225271641940809
4,196,0.7462763597853673
4,197,0.9072889228638251
4,198,0.7662021580283951
4,199,0.649720629255465
4,200,0.6748332304873971
4,201,0.8129335650872881
4,202,0.7835504846443672
4,203,0.7631023657241667
4,204,0.8297114552738931
4,205,0.8229974232114519
4,206,0.7655104248836108
4,207,0.9088185062228598
4,208,0.8173741133766113
4,209,0.8834441221711403
4,210,0.7104271478612749
4,211,0.8498730482889821
4,212,0.9113712487662144
4,213,0.8641269385318417
4,214,0.8685562027692554
4,215,0.827943539233143
4,216,0.8704768462353647
4,217,0.9293087598552169
4,218,0.8552241602629732
4,219,0.5706735775021574
4,220,0.7866082816655496
4,221,0.8143488681466762
4,222,0.7911941894326595
4,223,0.7803733882687334
4,224,0.800717106572161
4,225,0.9041321152386592
4,226,0.928596076532858
4,227,0.9320035423751205
4,228,0.7672167709445125
4,229,0.8492308311545098
4,230,0.7857044400894492
4,231,0.6851050318169479
4,232,0.620351110770799
4,233,0.7719199274388953
4,234,0.8817000383916731
4,235,0.9126556552687252
4,236,0.6514955083790424
4,237,0.6606029278566772
4,238,0.48124260380706274
4,239,0.8220565575234314
4,240,0.8731300388999436
4,241,0.8864170976997968
4,242,0.6745724887514738
4,243,0.8809432358513779
4,244,0.8990513632863484
4,245,0.9641993409904215
4,246,0.422031872512507
4,247,0.7751163043009118
4,248,0.7246585215839264
4,249,0.7885833471981403
4,250,0.7839481540735305
4,251,0.7842243037944048
4,252,0.7075688972827276
4,253,0.8970358190298002
4,254,0.9191127747966653
4,255,0.8654629555174933
4,256,0.8162316983330417
4,257,0.7500881868405813
4,258,0.7520148698130158
4,259,0.8834208879910772
4,260,0.8533658902763184
4,261,0.7986731431415866
4,262,0.8238291297573663
4,263,0.6613963001736979
4,264,0.856037274772625
4,265,0.8957769309601122
4,266,0.8181632558821246
4,267,0.9246408446460745
4,268,0.9538710352002582
4,269,0.9322758958706409
4,270,0.6922807995629842
4,271,0.8640624739573676
4,272,0.7659054875561685
4,273,0.9624000861256822
4,274,0.927226979555445
4,275,0.7691981269405093
4,276,0.938803268914344
4,277,0.45776154086323817
4,278,0.9453811787989492
4,279,0.9630691368669542
4,280,0.6203296645579794
4,281,0.6051591757965009
4,282,0.8328228189983355
4,283,0.6825135030238331
4,284,0.8720923204617512
4,285,0.8380058895021001
4,286,0.7036112095307909
4,287,0.7902595063638389
4,288,0.9455106932677283
4,289,0.8779562802232073
4,290,0.9805811477568704
4,291,0.7763023346535489
4,292,0.5823519146031142
4,293,0.9745104518578027
4,294,0.9627805897469981
4,295,0.950582282870332
4,296,0.9475152770805698
4,297,0.9222072054886742
4,298,0.869691982795299
4,299,0.8729300007617276
4,300,0.8505267875390483
4,301,0.847376242222513
4,302,0.6615206151011177
4,303,0.83534328543524
4,304,0.5644873088658005
4,305,0.9332914911712212
4,306,0.7839427088881663
4,307,0.9003944345810633
4,308,0.8285638592025648
4,309,0.8652776820940264
4,310,0.5029409013414258
4,311,0.5655890733023108
4,312,0.5753153292612159
4,313,0.8540108425909368
4,314,0.8954091088724143
4,315,0.9595401860114856
4,316,0.8776755222558736
4,317,0.8164113081656408
4,318,0.7727170066798705
4,319,0.9720442608991734
4,320,0.5438218749338598
4,321,0.4210381590314457
4,322,0.9283145157030802
4,323,0.8125421775359924
4,324,0.6243918645136332
4,325,0.749181665027496
4,326,0.8498349910709116
4,327,0.8271923729944675
4,328,0.8392319144045907
4,329,0.8295690428064787
4,330,0.7057178236488086
4,331,0.787903179440673
4,332,0.8713227236078083
4,333,0.8744723859275821
4,334,0.6746361405614931
4,335,0.8418982730536012
4,336,0.7662066292984704
4,337,0.9124119404107522
4,338,0.9187370535706914
4,339,0.907288189190706
4,340,0.5833867906220307
4,341,0.5501477856193892
4,342,0.652072752742805
4,343,0.8547749726319002
4,344,0.8093078302376475
4,345,0.7909097249085606
4,346,0.6668599736824472
4,347,0.6822780461060654
4,348,0.7379140136664452
4,349,0.8500362894732103
4,350,0.816624198042372
4,351,0.7030544098252955
4,352,0.913621910206717
4,353,0.9191143970200786
4,354,0.916519398310032
4,355,0.7276364924954468
4,356,0.7221658194392874
4,357,0.9401187380786792
4,358,0.7918032719616368
4,359,0.951143821428979
4,360,0.7305083285496351
4,361,0.6151987827594578
4,362,0.7643581275734694
4,363,0.8127336350973596
4,364,0.8399228921654162
4,365,0.7872690832384623
4,366,0.825286580504273
4,367,0.6088666627830495
4,368,0.6715117329556198
4,369,0.8974867535009913
4,370,0.8162176569122367
4,371,0.868371742122291
4,372,0.6529321969425584
4,373,0.715853819899688
4,374,0.5765218523796832
4,375,0.8730673108915739
4,376,0.8520918940533246
4,377,0.7447232760528503
4,378,0.9519470430446815
4,379,0.750447485130039
4,380,0.6233425268198841
4,381,0.8015014207865688
4,382,0.8867847903644958
4,383,0.7520232985083826
4,384,0.8063735052346388
4,385,0.6379428997567166
4,386,0.7108598460177592
4,387,0.8997569285142157
4,388,0.8995235092350662
4,389,0.7782064971347323
4,390,0.8371479154581729
4,391,0.9402905412894034
4,392,0.907832092812239
4,393,0.9591073360245487
4,394,0.962887082733541
4,395,0.8026416715309401
4,396,0.8240516626380388
4,397,0.8629406485423469
4,398,0.7608789916922616
4,399,0.8392499153015401
4,400,0.8201359617785823
4,401,0.6425478947852998
4,402,0.6770108720897191
4,403,0.8781489272094127
4,404,0.7719714246227958
4,405,0.7488370262321395
4,406,0.7372017253357529
4,407,0.7866303983934402
4,408,0.9306124081276227
4,409,0.9190925793317162
4,410,0.9168197606031178
4,411,0.7945816608346823
4,412,0.9037916841493212
4,413,0.9112968799039011
4,414,0.8378008272462583
4,415,0.6345925279461105
4,416,0.933546845673264
4,417,0.7777282979953846
4,418,0.791694168342635
4,419,0.890339311328785
4,420,0.9193904409924838
4,421,0.8403842417071762
4,422,0.7969194505261331
4,423,0.7292854924657306
4,424,0.6526943498427021
4,425,0.9287618909438459
4,426,0.8895308177641744
4,427,0.8568893737256775
4,428,0.8661744081326076
4,429,0.8623476590738202
4,430,0.901584442014339
4,431,0.8936307684101017
4,432,0.8850819108727425
4,433,0.8122360903799521
4,434,0.7424484220941362
4,435,0.6737656318955813
4,436,0.6631277338879293
4,437,0.78639210814
4,438,0.6193206235739843
4,439,0.8886520834577911
4,440,0.796889893060079
4,441,0.8592063154280305
4,442,0.8592289794494149
4,443,0.8761429433729857
4,444,0.7669666500515718
4,445,0.8362753347830292
4,446,0.6985843973429955
4,447,0.9148381434154176
4,448,0.9408318648420226
4,449,0.9271322624028584
4,450,0.8350956364480351
4,451,0.934095910269614
4,452,0.9623377653494233
4,453,0.6150528971138894
4,454,0.8678872967886311
4,455,0.6404592091712998
4,456,0.9287267007499276
4,457,0.940642114521154
4,458,0.8691150754032756
4,459,0.8842797144181299
4,460,0.8867059875153511
4,461,0.7657085707275293
4,462,0.7878717519469095
4,463,0.9435820324834571
4,464,0.7895498121021498
4,465,0.8440421952727184
4,466,0.6219666178368495
4,467,0.6535150438246398
4,468,0.8856997266970705
4,469,0.861120306845359
4,470,0.930422485482804
4,471,0.5838483920346298
4,472,0.7127595668647174
4,473,0.6897004256225745
4,474,0.769949525818807
4,475,0.8934025806971753
4,476,0.8652492561822732
4,477,0.9234727595371087
4,478,0.9617701056321497
4,479,0.9485073950891307
4,480,0.9194988297950566
4,481,0.8359043048306902
4,482,0.8905079433462412
4,483,0.6789385548678043
4,484,0.39000301911850127
4,485,0.8617688289762196
4,486,0.8087938289504123
4,487,0.7830899212271536
4,488,0.857307309083989
4,489,0.7426560200261186
4,490,0.7997429127222769
4,491,0.8240062960205347
4,492,0.923956428144998
4,493,0.8904745179770047
4,494,0.860865205348272
4,495,0.8995679856230684
4,496,0.8722312848021061
4,497,0.9561066489244002
4,498,0.8296065343071386
4,499,0.6232692321935399
4,500,0.8617497399892827
4,501,0.8854828506261436
4,502,0.9224383148343756
4,503,0.9165301263790813
4,504,0.9494430342781951
4,505,0.927127861371412
4,506,0.6799441938827497
4,507,0.7319931344740908
4,508,0.8293364765557781
4,509,0.7895606087034942
4,510,0.8501136615275381
4,511,0.8636737174631886
4,512,0.8126527744178476
4,513,0.7981634984817182
4,514,0.7088051083066146
4,515,0.8790186278290725
4,516,0.8591735195407708
4,517,0.8627943603023953
4,518,0.948162772048654
4,519,0.9623695039515944
4,520,0.7589668627674416
4,521,0.9752902268136443
4,522,0.5599526668758894
4,523,0.850504684056816
4,524,0.9059830983746138
4,525,0.925428918862862
4,526,0.8081979226867405
4,527,0.5393147241185355
4,528,0.7185307737786982
4,529,0.8960941292488109
4,530,0.9137803528434412
4,531,0.6301544963359605
4,532,0.7410616239946621
4,533,0.6712513716905875
4,534,0.9504962818708166
4,535,0.8550201539207882
4,536,0.7760836589626442
4,537,0.7133631837840785
4,538,0.8286482481773889
4,539,0.9063204242752135
4,540,0.8671289272096999
4,541,0.9436325917532246
4,542,0.9420662238963035
4,543,0.5175067236291886
4,544,0.5543581051692054
4,545,0.71954267537435
4,546,0.9601942722557553
4,547,0.7020350479885931
4,548,0.7039968716299446
4,549,0.5164884023680318
4,550,0.8087623780017723
4,551,0.6470149882704785
4,552,0.9045905753779815
4,553,0.9561139023421454
4,554,0.8198521904843196
4,555,0.5825366740570522
4,556,0.7835986006806727
4,557,0.8079706698790617
4,558,0.7961562817889369
4,559,0.388877063940536
4,560,0.9603263763714803
4,561,0.7836842591632625
4,562,0.5978940739866699
4,563,0.8752528404159795
4,564,0.7627958707819098
4,565,0.7437071187880787
4,566,0.6264757585625083
4,567,0.9308899812738933
4,568,0.883627195016415
4,569,0.8944485117550978
4,570,0.5061479315903373
4,571,0.6302650856714833
4,572,0.7323672439260189
4,573,0.7491986645111096
4,574,0.5257050218086631
4,575,0.5997352002835146
4,576,0.7915843069812832
4,577,0.8359453800309107
4,578,0.8462944617517189
4,579,0.8138460429404774
4,580,0.7344023166503587
4,581,0.5711046165037368
4,582,0.9816703341012869
4,583,0.869959933681577
4,584,0.7961686191281733
4,585,0.8539966547181743
4,586,0.8555715080046058
4,587,0.8975692286896747
4,588,0.8992333149954657
4,589,0.8529916271263733
4,590,0.9040402890361184
4,591,0.8273376257015097
4,592,0.8075666468680467
4,593,0.621165007480414
4,594,0.9318991919889967
4,595,0.7117641309267845
4,596,0.8360513560250735
4,597,0.7109629232373299
4,598,0.7910999679049752
4,599,0.72906005373784
4,600,0.9413371314121822
4,601,0.6900484983586564
4,602,0.7318147532739351
4,603,0.5828605119623577
4,604,0.9513621378908327
4,605,0.9431559260905432
4,606,0.8724281180203298
4,607,0.7485270348650658
4,608,0.9387876177884562
4,609,0.92471851676242
4,610,0.7929550149511643
4,611,0.8047921295654955
4,612,0.8671110955325041
4,613,0.8591271064709939
4,614,0.9036537318524126
4,615,0.8903100650578305
4,616,0.6707101382646868
4,617,0.8619985804938416
4,618,0.807156522543126
4,619,0.8534899889892773
4,620,0.8813120561096466
4,621,0.8179041661816897
4,622,0.8168180821291743
4,623,0.8668803332498535
4,624,0.6991079188401934
4,625,0.9216908867593132
4,626,0.8762616735943684
4,627,0.4756078844744664
4,628,0.7076170299615082
4,629,0.7435178147803693
4,630,0.8827332466922866
4,631,0.8797908701355966
4,632,0.8169606428753068
4,633,0.9000839050352187
4,634,0.8434421989259112
4,635,0.5298984044077636
4,636,0.5938062790778618
4,637,0.599786229601478
4,638,0.770823572955127
4,639,0.9491246296390304
4,640,0.877156513274563
4,641,0.9152123434074121
4,642,0.792291527104897
4,643,0.8264930615293926
4,644,0.6482444212833353
4,645,0.885178538593361
4,646,0.8714159280798807
4,647,0.8030849502659902
4,648,0.9032569212143097
4,649,0.8058000325326091
4,650,0.9470414342337311
4,651,0.8453843171458213
4,652,0.8851942306162198
4,653,0.8387746133336412
4,654,0.8964949224561836
4,655,0.5286329110126509
4,656,0.6645804724871232
4,657,0.6477862716337035
4,658,0.7498418168811086
4,659,0.757307361969388
4,660,0.7881121080130477
4,661,0.8246422400943705
4,662,0.635990392111206
4,663,0.7989529181121625
4,664,0.9028280372534236
4,665,0.9418052079993049
4,666,0.8788208644534432
4,667,0.6229523981075827
4,668,0.8790823522995319
4,669,0.8415773652474081
4,670,0.7842160990370424
4,671,0.7549510106500129
4,672,0.8754046977185093
4,673,0.8744480727354941
4,674,0.7534612724803088
4,675,0.9465796528934085
4,676,0.6438128867466907
4,677,0.962562523465528
4,678,0.8171668985381586
4,679,0.8699180397513452
4,680,0.7984807311306306
4,681,0.6932721356800381
4,682,0.869243318818043
4,683,0.8941292767167389
4,684,0.5784764943135876
4,685,0.8400010174113516
4,686,0.6345968257356945
4,687,0.7802655072784023
4,688,0.8194744290081697
4,689,0.82573163598129
4,690,0.7536671969010612
4,691,0.8297281151189907
4,692,0.7805429484456929
4,693,0.8908930798166906
4,694,0.7852691436333199
4,695,0.9353531565016482
4,696,0.9274004053671328
4,697,0.9146965181018863
4,698,0.9139278660888833
4,699,0.7398477963550573
4,700,0.7674862039832556
4,701,0.7460357278612784
4,702,0.8407005818389566
4,703,0.8348757796954271
4,704,0.8122539744799585
4,705,0.8383527953785922
4,706,0.845413308575091
4,707,0.8248666354044732
4,708,0.9160187431204172
4,709,0.9824963472436959
4,710,0.9161742022132676
4,711,0.9633691941642373
4,712,0.852937919114204
4,713,0.6871938783038896
4,714,0.916225831185079
4,715,0.8561626037485262
4,716,0.7910813236079723
4,717,0.8803746008367788
4,718,0.8256442584343265
4,719,0.8979114258532872
4,720,0.9108818161494646
4,721,0.7457660370838711
4,722,0.91214648854554
4,723,0.8075246845825622
4,724,0.814823484397361
4,725,0.8465104659415897
4,726,0.824298858940001
4,727,0.7325901230558951
4,728,0.8013081594713143
4,729,0.8284951076599572
4,730,0.48390591980900394
4,731,0.6929116365185609
4,732,0.5687852300496876
4,733,0.5581116543562695
4,734,0.9741342890795575
4,735,0.9216457796235248
4,736,0.9475210452277215
4,737,0.7071078402048528
4,738,0.7537515575168786
4,739,0.8280817405377447
4,740,0.8338094712033443
4,741,0.7798542865394514
4,742,0.9290047910527677
4,743,0.8685204428207235
4,744,0.8612254871194768
4,745,0.8516244976339559
4,746,0.9182581701065176
4,747,0.7592620731215066
4,748,0.8644816800022221
4,749,0.7934338986056916
4,750,0.8655530672172923
4,751,0.8093331146456199
4,752,0.7904140347592065
4,753,0.914408694068593
4,754,0.9129321564955223
4,755,0.9305202393887672
4,756,0.8632514952831478
4,757,0.8885143134183572
4,758,0.9672924573094391
4,759,0.9720121508271229
4,760,0.8160045587615471
4,761,0.8770469768676751
4,762,0.8873987399511747
4,763,0.8967823579169587
4,764,0.910534241698698
4,765,0.8984004300918631
4,766,0.8864535037292326
4,767,0.8314534416465871
4,768,0.8520029920375506
4,769,0.8013416509887453
4,770,0.7725318562230079
4,771,0.7924399780875689
4,772,0.9299959626173047
4,773,0.6826107219216464
4,774,0.9174167871394973
4,775,0.9425780788655838
4,776,0.9413827255790376
4,777,0.9138907826003475
4,778,0.5498981933757353
4,779,0.8607083797039434
4,780,0.8502083951870273
4,781,0.46955117968903276
4,782,0.8348560009918734
4,783,0.700511273590809
4,784,0.8066285886914744
4,785,0.9798493910806058
4,786,0.9602699066618582
4,787,0.9154512046890122
4,788,0.9145645525079679
4,789,0.8865849617483865
4,790,0.8547755650083607
4,791,0.7587319790548297
4,792,0.7350476303110423
4,793,0.8601817660497806
4,794,0.9138815918527512
4,795,0.8463356204572317
4,796,0.8214485713891775
4,797,0.959775147031488
4,798,0.8543824227263942
4,799,0.9115016568852
4,800,0.8478246443202262
4,801,0.7486254949936174
4,802,0.8158872567688138
4,803,0.8794973508218136
4,804,0.8548235657296388
4,805,0.7098182269203972
4,806,0.8263307998773198
4,807,0.8559175515426143
4,808,0.7649902040423467
4,809,0.8430337169138048
4,810,0.8882651021948109
4,811,0.926717928071277
4,812,0.7232461252448339
4,813,0.8064835050769151
4,814,0.6412088380146319
4,815,0.863218023009895
4,816,0.7959508587550148
4,817,0.8293733082843933
4,818,0.8588413222891745
4,819,0.9450667514635015
4,820,0.8897560076648178
4,821,0.750535889518983
4,822,0.8175412979068887
4,823,0.8307019710916276
4,824,0.7190941383178985
4,825,0.8157316019232697
4,826,0.7316684275400601
4,827,0.855264283681852
4,828,0.8920291674231731
4,829,0.8855206775547688
4,830,0.9016240091605146
4,831,0.9153866870846142
4,832,0.7613027905555981
4,833,0.7938499246032361
4,834,0.8191235061815364
4,835,0.8585764138185507
4,836,0.7440809530825788
4,837,0.791074476986958
4,838,0.8602249161894393
4,839,0.6981167605944151
4,840,0.8257206064649851
4,841,0.813858652752764
4,842,0.7868622519701658
4,843,0.674005364621082
4,844,0.8124374114870444
4,845,0.9108805016987698
4,846,0.9369747464833049
4,847,0.8815074134914628
4,848,0.8241070304896962
4,849,0.9012145645328202
4,850,0.8332647818240781
4,851,0.7060677839371888
4,852,0.7629992689955545
4,853,0.7812418511081127
4,854,0.8770408264359666
4,855,0.8359157945073304
4,856,0.9761401723863777
4,857,0.9789782036068466
4,858,0.6727336246615102
4,859,0.8701666163098027
4,860,0.8955557030986444
4,861,0.911418318870891
4,862,0.8984973957349495
4,863,0.7868602569079641
4,864,0.9590024352537301
4,865,0.8844670633930676
4,866,0.7629942797464137
4,867,0.6669735831106997
4,868,0.6903731318898824
4,869,0.7296555456680202
4,870,0.7613939763370977
4,871,0.953163853347984
4,872,0.9197490993157166
4,873,0.9463784384409298
4,874,0.9719676662892757
4,875,0.9618197774503509
4,876,0.36550917828183344
4,877,0.40988790553582727
4,878,0.7571346028092004
4,879,0.69286359656271
4,880,0.8226588617792218
4,881,0.8319837809345572
4,882,0.8599773475567553
4,883,0.9066479384212316
4,884,0.7443767757886708
4,885,0.5233679867733557
4,886,0.7686433138667891
4,887,0.6690831221321732
4,888,0.8875647696797606
4,889,0.7715572905144216
4,890,0.6773776359708887
4,891,0.4866437943976918
4,892,0.5336349405134789
4,893,0.8830246197365115
4,894,0.8170729339854991
4,895,0.8023504669421306
4,896,0.7668836979279393
4,897,0.5407422487807865
4,898,0.5213750493148713
4,899,0.6927696956586208
4,900,0.7112673040466724
4,901,0.8066064340309326
4,902,0.8748735510361266
4,903,0.764400595888866
4,904,0.6897774663026403
4,905,0.7139451754726599
4,906,0.7572325792518448
4,907,0.7800471696323186
4,908,0.8049015559944221
4,909,0.8486115245309396
4,910,0.94274466809055
4,911,0.8671247407757802
4,912,0.5319653146840179
4,913,0.9030882136674737
4,914,0.9665309834346321
4,915,0.9534790227823191
4,916,0.9734854404274674
4,917,0.81088152713671
4,918,0.8007165559274819
4,919,0.8216626090715599
4,920,0.8182708120057812
4,921,0.9025466246784102
4,922,0.8922938601615379
4,923,0.8475407322665185
4,924,0.866038059609007
4,925,0.8546532004141737
4,926,0.760162722461927
4,927,0.974937653557379
4,928,0.9652158344913194
4,929,0.7994078460186071
4,930,0.9003965556646388
4,931,0.38646951190744144
4,932,0.5099094509162243
4,933,0.472812742466727
4,934,0.6526442809546282
4,935,0.7811369109769839
4,936,0.8349836361710764
4,937,0.8457428706982353
4,938,0.8382574146112012
4,939,0.872112664792049
4,940,0.9086083569295677
4,941,0.9105216252709791
4,942,0.980854487022642
4,943,0.7363693400390379
4,944,0.9628313226879709
4,945,0.9391352255526136
4,946,0.7554643514628582
4,947,0.7997035010330669
4,948,0.6604399096286747
4,949,0.6954349932064451
4,950,0.3938313126812618
4,951,0.6572869380249877
4,952,0.767097456754271
4,953,0.7418345172647675
4,954,0.9362101173301225
4,955,0.9218866087359137
4,956,0.7414154704442666
4,957,0.7589106117103257
4,958,0.6219707755817118
4,959,0.7746047172754484
4,960,0.6953434006441742
4,961,0.8761601338321799
4,962,0.7069412937523637
4,963,0.955293490110797
4,964,0.9715901710283997
4,965,0.8471138010783655
4,966,0.6422212007417938
4,967,0.8280818807345858
4,968,0.823054892644364
4,969,0.8424521972714
4,970,0.709648818906967
4,971,0.653398133364871
4,972,0.7760350277599608
4,973,0.8490734590303979
4,974,0.7911357910590009
4,975,0.8595812934099823
4,976,0.7703030307693296
4,977,0.7854225398469196
4,978,0.9478422334888071
4,979,0.9165174567437205
4,980,0.8414341890745648
4,981,0.8421056623727737
4,982,0.81941422313242
4,983,0.9275237058501259
4,984,0.6856721677302717
4,985,0.8172632318646343
4,986,0.39281542914850526
4,987,0.8279397233950305
4,988,0.5436780956329492
4,989,0.8390097239140214
4,990,0.6840569355834326
4,991,0.6225450880031624
4,992,0.8812520928791128
4,993,0.8983084874726571
4,994,0.6889098812075816
4,995,0.8996900291799365
4,996,0.44036321952262886
4,997,0.8524659664236978
4,998,0.910820020957167
4,999,0.6972119220200373
4,1000,0.8784798471594905
4,1001,0.21010295086007696
4,1002,0.4094812547084978
4,1003,0.3387838889628751
4,1004,0.6684331952928281
4,1005,0.7514728659239975
4,1006,0.920465148421441
4,1007,0.8971379924405655
4,1008,0.8912622223502813
4,1009,0.8797709884055132
4,1010,0.9685124968641697
4,1011,0.7208385872369149
4,1012,0.7908192892393643
4,1013,0.8605984850119687
4,1014,0.8153860823343045
4,1015,0.8153860823343045
4,1016,0.7328013741032378
4,1017,0.7679394486730686
4,1018,0.8704358032310309
4,1019,0.8618071599808164
4,1020,0.9409973446897821
4,1021,0.6555550391546905
4,1022,0.7529490483001203
4,1023,0.9708291220444125
4,1024,0.9550397191792787
4,1025,0.3782378844759088
4,1026,0.5323970991421549
4,1027,0.966618808427206
4,1028,0.9375695243134746
4,1029,0.9301133511326513
4,1030,0.9193170668450542
4,1031,0.8544709687910146
4,1032,0.8092763094657451
4,1033,0.7582713659427426
4,1034,0.7480337908016157
4,1035,0.691891283483935
4,1036,0.86741529972416
4,1037,0.8308685531752174
4,1038,0.9146671765512053
4,1039,0.9327071725277745
4,1040,0.7648510750248118
4,1041,0.7365561941191957
4,1042,0.8525156182006106
4,1043,0.8325952937242872
4,1044,0.7928605245125218
4,1045,0.8423200423990016
4,1046,0.7404657447848142
4,1047,0.7074345617656564
4,1048,0.4532084013468962
4,1049,0.9123300509240007
4,1050,0.9616515451159615
4,1051,0.9315696929911649
4,1052,0.937817034761563
4,1053,0.7959597406402459
4,1054,0.6411170351137827
4,1055,0.953227840195283
4,1056,0.9332851060895081
4,1057,0.8936093697137059
4,1058,0.7852926034407098
4,1059,0.8209022135558433
4,1060,0.7422652380508041
4,1061,0.7920335427634818
4,1062,0.8185042605234548
4,1063,0.8355910053595367
4,1064,0.8342715208836056
4,1065,0.8001464398196544
4,1066,0.7031563418238722
4,1067,0.873338636034644
4,1068,0.9244251968819744
4,1069,0.7880345031591465
4,1070,0.8427196552040248
4,1071,0.831667572734249
4,1072,0.6327856444506171
4,1073,0.9068080860533108
4,1074,0.7429377934586746
4,1075,0.6765165390337224
4,1076,0.7835080645709709
4,1077,0.9445347152177677
4,1078,0.8655842413116077
4,1079,0.880478693838231
4,1080,0.6335398544352359
4,1081,0.7224799260387005
4,1082,0.47123978018903623
4,1083,0.7652352170320362
4,1084,0.7470106104170862
4,1085,0.937084771631509
4,1086,0.8235622379867596
4,1087,0.8350951610229136
4,1088,0.7529329445575643
4,1089,0.8761651914296997
4,1090,0.8530058836688087
4,1091,0.820368658666877
4,1092,0.9162131651763565
4,1093,0.8475253472583679
4,1094,0.9707515679903805
4,1095,0.9567897861468133
4,1096,0.8560118573726643
4,1097,0.9237123506709632
4,1098,0.48105822360941336
4,1099,0.7296459383525663
4,1100,0.8731047146703029
4,1101,0.5969549874912622
4,1102,0.7338940886280257
4,1103,0.8174293718826391
4,1104,0.9440117780414984
4,1105,0.937920081393082
4,1106,0.8150527495298502
4,1107,0.8890779512205351
4,1108,0.7935175198848636
4,1109,0.8376770516294448
4,1110,0.8144319458773264
4,1111,0.7775709986134333
4,1112,0.8625853157471987
4,1113,0.7599842067748809
4,1114,0.7334353546760933
4,1115,0.500334185981462
4,1116,0.6695748468050919
4,1117,0.6759302867856724
4,1118,0.8804381199957276
4,1119,0.8017457938134984
4,1120,0.8940868201316426
4,1121,0.9356976555983003
4,1122,0.8728115365164641
4,1123,0.7672317592836998
4,1124,0.903380802999738
4,1125,0.7713031451568968
4,1126,0.6937186303792826
4,1127,0.866542701530938
4,1128,0.7803617609612454
4,1129,0.8839349508988608
4,1130,0.6354555213824619
4,1131,0.885712604193675
4,1132,0.7533306307821136
4,1133,0.8502548180494063
4,1134,0.8156921680937698
4,1135,0.8659030141447054
4,1136,0.8257810244734749
4,1137,0.7400097896168325
4,1138,0.9108229299543948
4,1139,0.8892445742526138
4,1140,0.9471204008010691
4,1141,0.9551059920340873
4,1142,0.7267737700717927
4,1143,0.9773605558959757
4,1144,0.8936387848555165
4,1145,0.8367036832612091
4,1146,0.6852304605105309
4,1147,0.8192455965609425
4,1148,0.9041964555609224
4,1149,0.33092008464156925
4,1150,0.7656047336685492
4,1151,0.7599690696100294
4,1152,0.780169821125802
4,1153,0.8226713734447194
4,1154,0.8014545081986254
4,1155,0.8858810326623182
4,1156,0.8187259454643004
4,1157,0.9290789667062491
4,1158,0.6363983615565051
4,1159,0.8199860514650367
4,1160,0.8475345494264689
4,1161,0.5081354615957521
4,1162,0.7134254817882183
4,1163,0.75439347885293
4,1164,0.8478066383321806
4,1165,0.8570506437997208
4,1166,0.9168522067450556
4,1167,0.8672915202335177
4,1168,0.8818146499439644
4,1169,0.785800396061101
4,1170,0.9058665068750246
4,1171,0.7790030059497172
4,1172,0.8880024401270805
4,1173,0.748797839775112
4,1174,0.8836692884473177
4,1175,0.7767527224367035
4,1176,0.8244264299622305
4,1177,0.920127958654929
4,1178,0.7884674116604318
4,1179,0.6966583495346703
4,1180,0.9849165682066838
4,1181,0.9669144095568544
4,1182,0.9514794616801215
4,1183,0.9455095239178056
4,1184,0.9274628746800802
4,1185,0.9732785388503103
4,1186,0.984351275347004
4,1187,0.672808971048832
4,1188,0.8905569951218439
4,1189,0.8074799513718989
4,1190,0.72191776146194
4,1191,0.9370091791089137
4,1192,0.7102214420920147
4,1193,0.5818279704893039
4,1194,0.650761857746674
4,1195,0.7635656712800293
4,1196,0.8038039199665571
4,1197,0.9129371161347906
4,1198,0.7873146968081164
4,1199,0.9047123925770146
4,1200,0.8198809843858531
4,1201,0.8801008979292214
4,1202,0.7495610072117262
4,1203,0.5287028173315291
4,1204,0.9253292187339129
4,1205,0.9287511275058279
4,1206,0.9287511275058279
4,1207,0.4735401762976772
4,1208,0.29142065577426524
4,1209,0.15806679231095508
4,1210,0.9786519398249893
4,1211,0.9818160488701766
4,1212,0.974283114472103
4,1213,0.9403626289245745
4,1214,0.783589269495374
4,1215,0.7990884502051873
4,1216,0.6015373257075747
4,1217,0.6440860563579133
4,1218,0.8323520590451947
4,1219,0.822028708616095
4,1220,0.8240013461991679
4,1221,0.7675188823151725
4,1222,0.8350410434864611
4,1223,0.830482712064406
4,1224,0.7165710077762595
4,1225,0.7205377734447554
4,1226,0.6833650436588782
4,1227,0.8355179976821089
4,1228,0.8648267946341335
4,1229,0.7435608410279729
4,1230,0.7868350784214162
4,1231,0.886005206345671
4,1232,0.6549747436285519
4,1233,0.9002307121440883
4,1234,0.7361392155826745
4,1235,0.7445371333437399
4,1236,0.4523946868311747
4,1237,0.7188294044610981
4,1238,0.6551375319216597
4,1239,0.8115232105672898
4,1240,0.8988385043473797
4,1241,0.8115812415005993
4,1242,0.8793372024702593
4,1243,0.8223240857688279
4,1244,0.8362090720179772
4,1245,0.8637204395033622
4,1246,0.6493075504374872
4,1247,0.9079621187551516
4,1248,0.8437916680317757
4,1249,0.8381289639513135
4,1250,0.8145016170005581
4,1251,0.7016286985849491
4,1252,0.9873376436156625
4,1253,0.8854832227780963
4,1254,0.8733696220741842
4,1255,0.8982859715660101
4,1256,0.8850208878502878
4,1257,0.6409202550985458
4,1258,0.6209511191596185
4,1259,0.7202869671180454
4,1260,0.748973454054507
4,1261,0.6965770596321722
4,1262,0.708635271199792
4,1263,0.725861137141724
4,1264,0.8544874771892423
4,1265,0.7596399771359595
4,1266,0.9496789430610999
4,1267,0.8966516027012779
4,1268,0.7381435048260279
4,1269,0.7793736603451444
4,1270,0.8210145286102228
4,1271,0.9040577944603503
4,1272,0.7987378079776317
4,1273,0.7661235806285458
4,1274,0.9229326367883662
4,1275,0.7394813857955292
4,1276,0.8778340205965949
4,1277,0.9284242671563803
4,1278,0.7375323279428083
4,1279,0.9184485474738426
4,1280,0.9521542635415252
4,1281,0.8471932923412631
4,1282,0.8340232533961124
4,1283,0.9036508414743132
4,1284,0.8274636166131758
4,1285,0.8366401200477465
4,1286,0.8147040455801466
4,1287,0.7718965783435948
4,1288,0.8829249131132576
4,1289,0.9737555316952649
4,1290,0.9438859786674206
4,1291,0.976282339592961
4,1292,0.8953108927021173
4,1293,0.9162186599409912
4,1294,0.7102895345195421
4,1295,0.8878292513235484
4,1296,0.8255836012456172
4,1297,0.8649424649215071
4,1298,0.7679480900375889
4,1299,0.9061495407502301
4,1300,0.8593910098244778
4,1301,0.7109713437926488
4,1302,0.7439347780510844
4,1303,0.7667250193515086
4,1304,0.8845951132789095
4,1305,0.6644454364223019
4,1306,0.8304294051708123
4,1307,0.86806180562299
4,1308,0.5212617495535143
4,1309,0.7615523384178954
4,1310,0.8275432112283015
4,1311,0.9350945773609609
4,1312,0.8343879745943767
4,1313,0.7417427330604144
4,1314,0.850619031255329
4,1315,0.9090930457350649
4,1316,0.8911716481475539
4,1317,0.9568797521807757
4,1318,0.9479434403860725
4,1319,0.9221070959122591
4,1320,0.8018138998888101
4,1321,0.8971138684338175
4,1322,0.706522587343708
4,1323,0.9211550236804543
4,1324,0.8556068971166931
4,1325,0.9038199220049815
4,1326,0.8453608716193309
4,1327,0.8451124678114957
4,1328,0.9269844618279833
4,1329,0.7116920233040398
4,1330,0.8849491313337519
4,1331,0.8120956016237142
4,1332,0.7210262898906227
4,1333,0.7915973957879838
4,1334,0.9404548305911467
4,1335,0.9362271200753508
4,1336,0.8016712887410252
4,1337,0.7804979917665498
4,1338,0.8711930006415551
4,1339,0.8035717808814792
4,1340,0.8724577974363976
4,1341,0.9177833807090757
4,1342,0.7339224450270175
4,1343,0.9313298194797913
4,1344,0.743442846545169
4,1345,0.743442846545169
4,1346,0.687641833176085
4,1347,0.7062938150988302
4,1348,0.8858325037107387
4,1349,0.9246003505606641
4,1350,0.7564568009320373
4,1351,0.7454127683697407
4,1352,0.707422432721873
4,1353,0.44886914710514786
4,1354,0.9272240972278512
4,1355,0.8997655678397711
4,1356,0.9358217081498932
4,1357,0.952122987501534
4,1358,0.7242482646524098
4,1359,0.789702078693952
4,1360,0.8522751719597703
4,1361,0.9525477411128254
4,1362,0.8447367850387322
4,1363,0.7881046930895593
4,1364,0.7849501485766884
4,1365,0.7785730662998201
4,1366,0.9430577717927494
4,1367,0.9751088213623156
4,1368,0.9262403209276479
4,1369,0.8184530121956386
4,1370,0.8505773940250236
4,1371,0.7975831051274963
4,1372,0.7680899513002678
4,1373,0.7618038541744747
4,1374,0.846555381396364
4,1375,0.7690324395926236
4,1376,0.8426475570336817
4,1377,0.7395791364942819
4,1378,0.8713959626772028
4,1379,0.8629678141899246
4,1380,0.9468860859186022
4,1381,0.8329687315003829
4,1382,0.5600068537289756
4,1383,0.8283879259752326
4,1384,0.8599841461127434
4,1385,0.8973576663347237
4,1386,0.8939011224122281
4,1387,0.9052510734704268
4,1388,0.7446979894568616
4,1389,0.5773780716380736
4,1390,0.9549357264703703
4,1391,0.5112373334160388
4,1392,0.6464759331328006
4,1393,0.8166409928376791
4,1394,0.8988258216861856
4,1395,0.8337918401641362
4,1396,0.9146120081247799
4,1397,0.9467711675405784
4,1398,0.8460626103820508
4,1399,0.752374595641428
4,1400,0.8018476551277592
4,1401,0.8536507747339503
4,1402,0.9044478305536502
4,1403,0.7634376493442186
4,1404,0.8255861484978955
4,1405,0.7305542922313549
4,1406,0.4876448575386349
4,1407,0.9363639018560476
4,1408,0.8053925358136029
4,1409,0.9198648857660823
4,1410,0.9545625468161953
4,1411,0.7299145831365396
4,1412,0.7421599124276947
4,1413,0.8173646052155509
4,1414,0.8399562748156149
4,1415,0.7947451968890444
4,1416,0.557139596822598
4,1417,0.5545972500974802
4,1418,0.9226181969038444
4,1419,0.9229722297162084
4,1420,0.6367586219617579
4,1421,0.6294836351814553
4,1422,0.9382460984420717
4,1423,0.9470530374921462
4,1424,0.8023272690712274
4,1425,0.8390384791942203
4,1426,0.8126245355325936
4,1427,0.7843815456545745
4,1428,0.859137399733834
4,1429,0.8874504612262109
4,1430,0.8084055159749108
4,1431,0.8682994968167049
4,1432,0.9049072314377241
4,1433,0.822218741636372
4,1434,0.8853998340333837
4,1435,0.8714826612493821
4,1436,0.698832781310358
4,1437,0.2465088785212612
4,1438,0.5001917299632479
4,1439,0.8031073576211515
4,1440,0.752708614330184
4,1441,0.8577848964427323
4,1442,0.7891145529357503
4,1443,0.8943133467795884
4,1444,0.7917256797803678
4,1445,0.8918459822261181
4,1446,0.8991862751909322
4,1447,0.8368189914742014
4,1448,0.8667310826568702
4,1449,0.4407584915120214
4,1450,0.7556312539496802
4,1451,0.6690787611570402
4,1452,0.7508967725339257
4,1453,0.8111727698009453
4,1454,0.5018356009308723
4,1455,0.5266579575181888
4,1456,0.9187850388597572
4,1457,0.8261219974423177
4,1458,0.8498602610759477
4,1459,0.8320999231377527
4,1460,0.8327686641331836
4,1461,0.8927741963796948
4,1462,0.8666410589035681
4,1463,0.7482699446261277
4,1464,0.8554917666362654
4,1465,0.8972747769494953
4,1466,0.8051793301684548
4,1467,0.9259147329948008
4,1468,0.9459158625777982
4,1469,0.8096120436413735
4,1470,0.8644645867703049
4,1471,0.9198793470600208
4,1472,0.696473863971805
4,1473,0.9714423773163987
4,1474,0.827481840370426
4,1475,0.7840110805691107
4,1476,0.7222851846000926
4,1477,0.9193623012993201
4,1478,0.957947145076219
4,1479,0.7158416743504894
4,1480,0.9053330838820983
4,1481,0.7691666683472093
4,1482,0.7981249995193611
4,1483,0.9198018690271116
4,1484,0.5434025428938544
4,1485,0.8956371901464515
4,1486,0.8283390206384937
4,1487,0.9330678639197472
4,1488,0.8115548685651626
4,1489,0.8414220819001903
4,1490,0.9411778476340245
4,1491,0.7658294873184326
4,1492,0.7740492208512831
4,1493,0.8353454412940311
4,1494,0.8565835908145407
4,1495,0.6555698884580533
4,1496,0.8930885993272234
4,1497,0.8900893669771496
4,1498,0.9387192109376808
4,1499,0.9539111245165951
4,1500,0.9306290534013809
4,1501,0.8844189666362611
4,1502,0.7223181569250728
4,1503,0.7577835437065966
4,1504,0.8112194294622702
4,1505,0.7095792846669364
4,1506,0.7140214096641868
4,1507,0.9465850599995136
4,1508,0.8902918864185297
4,1509,0.8337405088220158
4,1510,0.7800142874980955
4,1511,0.8112001215434153
4,1512,0.7698707630579469
4,1513,0.6812757455216466
4,1514,0.8561835478234507
4,1515,0.7599359295797145
4,1516,0.7622446589361618
4,1517,0.5992672930380761
4,1518,0.1991143349335485
4,1519,0.8992680719710928
4,1520,0.918853546121531
4,1521,0.9739297572127505
4,1522,0.9749327359328044
4,1523,0.5938147280937982
4,1524,0.8803883211987872
4,1525,0.7252589832692656
4,1526,0.6087280698954669
4,1527,0.6656679606889528
4,1528,0.6470411299487493
4,1529,0.6383545220100881
4,1530,0.5996777906003011
4,1531,0.47237686165746234
4,1532,0.7170171169404678
4,1533,0.8120020575979889
4,1534,0.7182074624597072
4,1535,0.8693637976765355
4,1536,0.7674588356125261
4,1537,0.8992872320867308
4,1538,0.9006916365949333
4,1539,0.8918427048219
4,1540,0.8550246844215834
4,1541,0.6124934648370676
4,1542,0.7849876150563507
4,1543,0.6153007641571135
4,1544,0.48342572991578947
4,1545,0.5960954460924712
4,1546,0.9038200261987902
4,1547,0.8808058774127663
4,1548,0.8542940554826117
4,1549,0.8602616502582887
4,1550,0.7555428435751819
4,1551,0.6359357063852605
4,1552,0.7235814115383761
4,1553,0.6422383770219167
4,1554,0.7881147974732947
4,1555,0.5247909242276665
4,1556,0.4295191654267767
4,1557,0.5868654675254208
4,1558,0.7991251955542862
4,1559,0.8591853139839158
4,1560,0.9359017176226647
4,1561,0.7935970127967299
4,1562,0.79952052007893
4,1563,0.7589491373270816
4,1564,0.8671896594534261
4,1565,0.8508077417456823
4,1566,0.8558102352083963
4,1567,0.8520329341487581
4,1568,0.8860484555299117
4,1569,0.6162873029907706
4,1570,0.6291740866551921
4,1571,0.8804414410302387
4,1572,0.796691269401031
4,1573,0.7111645165967168
4,1574,0.8968967699790383
4,1575,0.8401524527760759
4,1576,0.8311552647420706
4,1577,0.558683894302914
4,1578,0.8015618129654072
4,1579,0.8758320998725271
4,1580,0.7931635897361518
4,1581,0.7564796637232877
4,1582,0.710820748675512
4,1583,0.770864053597475
4,1584,0.7007718033511232
4,1585,0.9567334304243321
4,1586,0.9152947433997951
4,1587,0.9010519089593418
4,1588,0.8005490688921068
4,1589,0.721212107315049
4,1590,0.5993311472740417
4,1591,0.9664216583608243
4,1592,0.5462795366391856
4,1593,0.882036267873362
4,1594,0.7249586788633176
4,1595,0.7723786323656663
4,1596,0.961187533560967
4,1597,0.9482251854863201
4,1598,0.8780702128703696
4,1599,0.9218983405092063
4,1600,0.9273380968778712
4,1601,0.9200737732963933
4,1602,0.9132970558348331
4,1603,0.37859588936583
4,1604,0.838574023602828
4,1605,0.896377188789091
4,1606,0.5773955499049784
4,1607,0.9387291192763769
4,1608,0.8139579377567259
4,1609,0.8778560255280705
4,1610,0.7640488288747965
4,1611,0.8069169089419218
4,1612,0.9078229574495763
4,1613,0.7608916070217068
4,1614,0.8653888367644335
4,1615,0.7465618004047533
4,1616,0.5652826194350352
4,1617,0.923903372833307
4,1618,0.7387543656197783
4,1619,0.9122398725128802
4,1620,0.8418785319527089
4,1621,0.5937065793103357
4,1622,0.8503097472130965
4,1623,0.6887138255024736
4,1624,0.8631607934607249
4,1625,0.8773872001947371
4,1626,0.5721780892755265
4,1627,0.9240596940881617
4,1628,0.7008607829992529
4,1629,0.9164237776088708
4,1630,0.8555165312989338
4,1631,0.5085470438255733
4,1632,0.9156296538474652
4,1633,0.6183767910878086
4,1634,0.8785943933789142
4,1635,0.695500303750657
4,1636,0.5382473703103133
4,1637,0.934615342064624
4,1638,0.4284798979572395
4,1639,0.8736702678559075
4,1640,0.8384469051458953
4,1641,0.8994770645531306
4,1642,0.8305745253857201
4,1643,0.8954694153344811
4,1644,0.9035714027683498
4,1645,0.7655131115824264
4,1646,0.6509202208696353
4,1647,0.5326073184103237
4,1648,0.7890803674009415
4,1649,0.7448699137186972
4,1650,0.920572710719484
4,1651,0.8109772043979223
4,1652,0.6882799039609679
4,1653,0.6672765331228033
4,1654,0.676596326651203
4,1655,0.6618430889044075
4,1656,0.63984960191401
4,1657,0.6324264450591947
4,1658,0.625074877143715
4,1659,0.6261391798793293
4,1660,0.9509963795633463
4,1661,0.8555268531987699
4,1662,0.8776949562434367
4,1663,0.41355096982225337
4,1664,0.45778838798427046
4,1665,0.9850474536302813
4,1666,0.904763291478901
4,1667,0.9764444797666462
4,1668,0.791479142437533
4,1669,0.9143575475955104
4,1670,0.8833546384352179
4,1671,0.8822796446610354
4,1672,0.8301759585771775
4,1673,0.8337604586385101
4,1674,0.795974023400008
4,1675,0.7876096264452954
4,1676,0.7688301650009007
4,1677,0.8379523054498841
4,1678,0.7408046119711312
4,1679,0.7605576458489322
4,1680,0.6722373249655498
4,1681,0.6377762772968717
4,1682,0.5739361177487432
4,1683,0.7538374385164704
4,1684,0.871789758164395
4,1685,0.6274256154189963
4,1686,0.728096250723133
4,1687,0.6146741918116169
4,1688,0.695625653724692
4,1689,0.5858770583438109
4,1690,0.7050528252395573
4,1691,0.8884771964526716
4,1692,0.8446403015198458
4,1693,0.865153491019509
4,1694,0.8343960715099842
4,1695,0.8562648118107133
4,1696,0.7999324914690497
4,1697,0.895129460860848
4,1698,0.8726033505925057
4,1699,0.9697948226623999
4,1700,0.9476901159713182
4,1701,0.6678994045492768
4,1702,0.29860474321452574
4,1703,0.4416045628249759
4,1704,0.5372834202966272
4,1705,0.7505106353433069
4,1706,0.7372989324895941
4,1707,0.40211516899932703
4,1708,0.7642172704486861
4,1709,0.7890255571488017
4,1710,0.8801237348761103
4,1711,0.9369805146270702
4,1712,0.7510049576469835
4,1713,0.803809763292351
4,1714,0.7663892770997333
4,1715,0.7106979423831292
4,1716,0.8260583045072832
4,1717,0.9197018572581553
4,1718,0.9627882049744609
4,1719,0.9081773989441115
4,1720,0.7517684842991318
4,1721,0.6569856872621435
4,1722,0.7664110054160566
4,1723,0.8231155291567986
4,1724,0.7407635196045583
4,1725,0.7722242335648338
4,1726,0.8110087401242496
4,1727,0.4839133923145978
4,1728,0.4343005420634705
4,1729,0.7851455584693735
4,1730,0.836231753038448
4,1731,0.9444635355963154
4,1732,0.6967100541997265
4,1733,0.8511053836373569
4,1734,0.8511053836373569
4,1735,0.882293079293864
4,1736,0.751786703062479
4,1737,0.8834407923788092
4,1738,0.7651518773956543
4,1739,0.8838678131901561
4,1740,0.885570055374307
4,1741,0.8153810679375939
4,1742,0.8149751879558379
4,1743,0.7147864168675184
4,1744,0.8014461560614938
4,1745,0.7131860074976564
4,1746,0.43227903835528797
4,1747,0.6074173705848205
4,1748,0.7302086858518083
4,1749,0.7146036359599675
4,1750,0.7712198043099863
4,1751,0.7904248912239967
4,1752,0.7548321500077753
4,1753,0.9111901081927755
4,1754,0.9025061055480151
4,1755,0.934413091252579
4,1756,0.7835298210534929
4,1757,0.9548559950199805
4,1758,0.8640412077331031
4,1759,0.8492037833785995
4,1760,0.5859775452051992
4,1761,0.4999757749025639
4,1762,0.8961797155468914
4,1763,0.8913479948389621
4,1764,0.7130442351109383
4,1765,0.7593886749683674
4,1766,0.9534210879485499
4,1767,0.9094254849293242
4,1768,0.5932052290265123
4,1769,0.6448270522207025
4,1770,0.7907975177178675
4,1771,0.8086529078802243
4,1772,0.8130162284538716
4,1773,0.9508886455069286
4,1774,0.9324544739446649
4,1775,0.868291523255851
4,1776,0.9851083041877022
4,1777,0.7351723517251707
4,1778,0.9573974951883123
4,1779,0.8100026902177555
4,1780,0.4608562053917426
4,1781,0.9570897813722915
4,1782,0.9419514381947344
4,1783,0.9255315111182146
4,1784,0.8317265664989653
4,1785,0.6807190865424662
4,1786,0.8829901697160928
4,1787,0.9521298754580881
4,1788,0.9731025672614614
4,1789,0.8708101351003669
4,1790,0.8289411833776271
4,1791,0.9232726581503367
4,1792,0.789887795150062
4,1793,0.7657243340162608
4,1794,0.3724398706330858
4,1795,0.6934052848461683
4,1796,0.7798599932395026
4,1797,0.6530238939244059
4,1798,0.7314019462768153
4,1799,0.8947536655164657
4,1800,0.7853114108070213
4,1801,0.7146995728031906
4,1802,0.7425696817725628
4,1803,0.4924416024961596
4,1804,0.8836473216803995
4,1805,0.8531598361116977
4,1806,0.7511529477036889
4,1807,0.759410998229406
4,1808,0.9111470401266343
4,1809,0.887838241797175
4,1810,0.917008935539177
4,1811,0.7809627408934533
4,1812,0.7804253248384475
4,1813,0.6179152365910313
4,1814,0.8732856317914008
4,1815,0.8679723402695457
4,1816,0.726602367049047
4,1817,0.9330153806293329
4,1818,0.7999389118492449
4,1819,0.8691227833340653
4,1820,0.4833513469155354
4,1821,0.8815441443328824
4,1822,0.744271355638095
4,1823,0.6963205782291022
4,1824,0.8696896824846971
4,1825,0.8038787697437085
4,1826,0.8545640778274234
4,1827,0.7509543423388021
4,1828,0.9334140330157409
4,1829,0.9105972645726435
4,1830,0.8050086867635426
4,1831,0.5328861703264544
4,1832,0.8932424726886286
4,1833,0.7603936324762917
4,1834,0.835833366704002
4,1835,0.8683702288584576
4,1836,0.866012546356423
4,1837,0.4377079039460172
4,1838,0.9317469769022131
4,1839,0.685985959560436
4,1840,0.9472433750718705
4,1841,0.7408696562226793
4,1842,0.8905689901149318
4,1843,0.927536845369255
4,1844,0.8885983970375637
4,1845,0.7282732158222246
4,1846,0.8718793145595319
4,1847,0.8496874731206489
4,1848,0.729077346360981
4,1849,0.8488441070953849
4,1850,0.8441167375665974
4,1851,0.9134814166225433
4,1852,0.9158605654876542
4,1853,0.8467632320377368
4,1854,0.7638239245110556
4,1855,0.9014503871968513
4,1856,0.7646897390747901
4,1857,0.8105485580973438
4,1858,0.7239453011382103
4,1859,0.9027854054783137
4,1860,0.8394867068142396
4,1861,0.7513766011068553
4,1862,0.7624249074054467
4,1863,0.5135634803921466
4,1864,0.5362692924600024
4,1865,0.8285111342117633
4,1866,0.8009157575569138
4,1867,0.8677103792993034
4,1868,0.7112929897113558
4,1869,0.7645840747762608
4,1870,0.7875603797997598
4,1871,0.8368546874763252
4,1872,0.8675293425150339
4,1873,0.8041689859645126
4,1874,0.7791525691445491
4,1875,0.8057978702532278
4,1876,0.6816272068978291
4,1877,0.8005456486860056
4,1878,0.6037150316033918
4,1879,0.734035119069258
4,1880,0.7647642014073055
4,1881,0.8546290066847636
4,1882,0.8666428956910526
4,1883,0.7300970738470194
4,1884,0.5663808841113706
4,1885,0.9265066904101523
4,1886,0.7694993805239969
4,1887,0.7509426731432279
4,1888,0.890963345345195
4,1889,0.7569589845849285
4,1890,0.9293913661256457
4,1891,0.8275231564143222
4,1892,0.6874557062116569
4,1893,0.5297202672551998
4,1894,0.6933115230128869
4,1895,0.8800849674547083
4,1896,0.930100785654302
4,1897,0.7514598355312473
4,1898,0.8917972983670917
4,1899,0.851922868426708
4,1900,0.8045913789973357
4,1901,0.9163013958841588
4,1902,0.8848746427425762
4,1903,0.6587546117179048
4,1904,0.8454634441344903
4,1905,0.727377533246975
4,1906,0.8745366772334738
4,1907,0.7230164618540154
4,1908,0.6974819259702948
4,1909,0.7125966080398722
4,1910,0.8267697839666097
4,1911,0.7649511627189162
4,1912,0.9187209125094628
4,1913,0.6954324364958864
4,1914,0.8686413191342663
4,1915,0.8380132328326794
4,1916,0.7666316476310052
4,1917,0.9545055695591338
4,1918,0.8331493868323245
4,1919,0.6596286436261284
4,1920,0.9458782884264305
4,1921,0.8563240793708051
4,1922,0.7346854459745813
4,1923,0.6808492916222966
4,1924,0.7249085227838621
4,1925,0.5909134807469018
4,1926,0.945717017073045
4,1927,0.9322545774391191
4,1928,0.9257195047712693
4,1929,0.7623933805060555
4,1930,0.8464433240662257
4,1931,0.7768249405942297
4,1932,0.9274868277445899
4,1933,0.9006072227909977
4,1934,0.8244115235706423
4,1935,0.8356318973473186
4,1936,0.8196481577649114
4,1937,0.8991350218434548
4,1938,0.844601122937151
4,1939,0.9020454318148434
4,1940,0.832334256931655
4,1941,0.7049254363655395
4,1942,0.7428966509434026
4,1943,0.6806323015933391
4,1944,0.9263041134403832
4,1945,0.9522425411563371
4,1946,0.8646075900277187
4,1947,0.8842240359289663
4,1948,0.8565755493274678
4,1949,0.820207053310342
4,1950,0.8426685185037359
4,1951,0.8233457129089966
4,1952,0.7867331570820469
4,1953,0.798330760063962
4,1954,0.5906245090139297
4,1955,0.677266801867955
4,1956,0.37729156798129776
4,1957,0.965715844074401
4,1958,0.4986249063620783
4,1959,0.5465451472733043
4,1960,0.7503341762596194
4,1961,0.8871010294027702
4,1962,0.8871010294027702
4,1963,0.9675218488798348
4,1964,0.8975074455874604
4,1965,0.8519999556348571
4,1966,0.8358672290499151
4,1967,0.9272402733954204
4,1968,0.9269443989972799
4,1969,0.9372548303051882
4,1970,0.9447392966183933
4,1971,0.981335640770318
4,1972,0.8195077945147388
4,1973,0.9094614588300134
4,1974,0.8255944872187414
4,1975,0.8327641965501866
4,1976,0.6451354819644006
4,1977,0.8578857391352086
4,1978,0.62624996707295
4,1979,0.9462704204277644
4,1980,0.7690665736444935
4,1981,0.7438785092459381
4,1982,0.8634597250634581
4,1983,0.8469766100982008
4,1984,0.8374284331659896
4,1985,0.8449309897499196
4,1986,0.9096223208131807
4,1987,0.7299994862542823
4,1988,0.7085634060655465
4,1989,0.8252348413585493
4,1990,0.8905459178395331
4,1991,0.91940113986082
4,1992,0.787453225155828
4,1993,0.6216707741857731
4,1994,0.8324070150262304
4,1995,0.861213740981916
4,1996,0.8131706879884542
4,1997,0.7288367768809417
4,1998,0.8574297950066995
4,1999,0.9085238584602304
4,2000,0.8238826196678504
4,2001,0.8681291474590852
4,2002,0.7519685493469819
4,2003,0.9305656998601909
4,2004,0.8207631698531136
4,2005,0.6997618784512968
4,2006,0.757752294362238
4,2007,0.8285005507944182
4,2008,0.9638037848736871
4,2009,0.8084824546154632
4,2010,0.9501851705979127
4,2011,0.7547105199381267
4,2012,0.7787665692880007
4,2013,0.6986768296595159
4,2014,0.8711420780432824
4,2015,0.9185377003772763
4,2016,0.928494709421145
4,2017,0.9160699798044863
4,2018,0.8591799522173783
4,2019,0.9572876434061152
4,2020,0.8251377510969748
4,2021,0.8653168718698442
4,2022,0.88120247015263
4,2023,0.7123223238076117
4,2024,0.6505134769323834
4,2025,0.549116385471634
4,2026,0.8472456678262437
4,2027,0.7212824527710124
4,2028,0.9005130602181003
4,2029,0.7573654506029723
4,2030,0.8255733807569867
4,2031,0.846605543105068
4,2032,0.9032628979814292
4,2033,0.6824956825008048
4,2034,0.7038101968241741
4,2035,0.874538049236861
4,2036,0.8496456079945218
4,2037,0.9010673653458358
4,2038,0.9430654281677738
4,2039,0.7024337408757719
4,2040,0.9552294478494383
4,2041,0.5785572421282934
4,2042,0.8498775510754285
4,2043,0.8536790533192169
4,2044,0.758035562989388
4,2045,0.7457145464064058
4,2046,0.7952034833612348
4,2047,0.8463009872862868
4,2048,0.7099490020959895
4,2049,0.6445008472021903
4,2050,0.4509005520942233
4,2051,0.491515758545935
4,2052,0.4957226082361936
4,2053,0.5918566449310083
4,2054,0.42463386591314495
4,2055,0.7078303035170493
4,2056,0.880504374275245
4,2057,0.7819548529055748
4,2058,0.47625313399877106
4,2059,0.8823768953748008
4,2060,0.9571849022709042
4,2061,0.771919079800538
4,2062,0.5892613735605254
4,2063,0.9519098192455651
4,2064,0.6009922615681697
4,2065,0.9546142410118977
4,2066,0.9228758802644335
4,2067,0.7751786255198995
4,2068,0.80326427090893
4,2069,0.838656461199835
4,2070,0.8675440235797836
4,2071,0.9328467548981696
4,2072,0.951103256556552
4,2073,0.9651419501702528
4,2074,0.6674788623587177
4,2075,0.7274564337947651
4,2076,0.7147876360387895
4,2077,0.878356623568718
4,2078,0.8718658128816688
4,2079,0.31428820188000184
4,2080,0.8936125287869268
4,2081,0.9210682100229882
4,2082,0.9065107537864125
4,2083,0.9355257644637379
4,2084,0.9626212552598045
4,2085,0.9501991782382712
4,2086,0.6780552309189398
4,2087,0.8002252993300818
4,2088,0.8386468080577698
4,2089,0.7212972695338868
4,2090,0.6575210216583687
4,2091,0.8512446280722562
4,2092,0.9338885289557519
4,2093,0.8850934436966432
4,2094,0.9101049485287398
4,2095,0.8821169039772727
4,2096,0.9152190662676524
4,2097,0.8579885744081348
4,2098,0.656182735129018
4,2099,0.8985934221673291
4,2100,0.9233905177793558
4,2101,0.818799999755695
4,2102,0.9147214820892695
4,2103,0.7550553699950248
4,2104,0.7324183955451975
4,2105,0.7517661419141535
4,2106,0.729798417452961
4,2107,0.7763149779154213
4,2108,0.6816049464465362
4,2109,0.832830480974607
4,2110,0.9344367349931962
4,2111,0.7477157853736889
4,2112,0.8952887658114642
4,2113,0.8723165371382671
4,2114,0.8874597967342603
4,2115,0.9407723205620635
4,2116,0.8979805654344849
4,2117,0.9065014946802047
4,2118,0.8900474438544907
4,2119,0.6100143261093037
4,2120,0.9587339936585401
4,2121,0.9176005273387422
4,2122,0.9314515916814694
4,2123,0.8913213497999093
4,2124,0.8454764082911095
4,2125,0.7854760505053989
4,2126,0.6444472796750564
4,2127,0.8181785017052287
4,2128,0.860683996921587
4,2129,0.8753400186927316
4,2130,0.75291679411108
4,2131,0.7162475395556174
4,2132,0.8923200446161601
4,2133,0.7819004224794915
4,2134,0.8550911466237076
4,2135,0.8551377094945518
4,2136,0.8944632003811602
4,2137,0.8033779915182266
4,2138,0.6723562061153261
4,2139,0.7704893636157929
4,2140,0.68934596632243
4,2141,0.8152001819483514
4,2142,0.9102593130696073
4,2143,0.6062521787483443
4,2144,0.7581512817835012
4,2145,0.4862080861694046
4,2146,0.5280201267898607
4,2147,0.6251030522429654
4,2148,0.5983542715427298
4,2149,0.8262191763371278
4,2150,0.9567115703951795
4,2151,0.6705819126380425
4,2152,0.9368827966370168
4,2153,0.6904356653510723
4,2154,0.7176900056894584
4,2155,0.7408882902778071
4,2156,0.8851701260760904
4,2157,0.9492123198283926
4,2158,0.9353980432356737
4,2159,0.9360738779983041
4,2160,0.8478293183523748
4,2161,0.8911833656629047
4,2162,0.8047841708354472
4,2163,0.7412605660901692
4,2164,0.8307343491165027
4,2165,0.7987571484646323
4,2166,0.6695635578731673
4,2167,0.6390336857832318
4,2168,0.9042936247783764
4,2169,0.9656776327515453
4,2170,0.7186412327376598
4,2171,0.6587255368771453
4,2172,0.6736421330356924
4,2173,0.548596596975988
4,2174,0.9529962740845807
4,2175,0.7827396733233626
4,2176,0.7512492958378842
4,2177,0.8271717919605801
4,2178,0.8452499276650954
4,2179,0.6517152056468818
4,2180,0.5575679896099964
4,2181,0.9472461816267406
4,2182,0.875539608455827
4,2183,0.9651244312626487
4,2184,0.7873453066193007
4,2185,0.9354284552281038
4,2186,0.9013643313164083
4,2187,0.9578934412381749
4,2188,0.8721628055745422
4,2189,0.82658506652419
4,2190,0.8301270627081898
4,2191,0.9008369079238627
4,2192,0.8477494348929913
4,2193,0.6542871285264741
4,2194,0.7328848357419819
4,2195,0.8219502475411108
4,2196,0.5649537923359207
4,2197,0.8835388851611602
4,2198,0.804546351389406
4,2199,0.807649290483519
4,2200,0.7545507144669377
4,2201,0.9288868017951283
4,2202,0.8947884806476272
4,2203,0.6547568745771143
4,2204,0.8912652450008864
4,2205,0.811753792890495
4,2206,0.9012805075386702
4,2207,0.8061505231124632
4,2208,0.4991280483926294
4,2209,0.8346147754909162
4,2210,0.8037964105354128
4,2211,0.925178335865802
4,2212,0.8473083853821195
4,2213,0.6556733273412526
4,2214,0.7590100568902702
4,2215,0.7372329530164716
4,2216,0.776914956962207
4,2217,0.6536009870568288
4,2218,0.8048274310044874
4,2219,0.37821026754799275
4,2220,0.5182649723166171
4,2221,0.7926409318343227
4,2222,0.7721792447581017
4,2223,0.7595053874384572
4,2224,0.630341895864952
4,2225,0.8979851191317035
4,2226,0.8256460045848246
4,2227,0.8140346648279668
4,2228,0.870743791967758
4,2229,0.8651680253006279
4,2230,0.8958373442513878
4,2231,0.8338491100628794
4,2232,0.9439108921500302
4,2233,0.8933907869964797
4,2234,0.7470249439863015
4,2235,0.7205170753441
4,2236,0.8780526814198018
4,2237,0.9566239130563793
4,2238,0.2998116362789348
4,2239,0.7826011237296647
4,2240,0.8211111098312467
4,2241,0.7294636202886372
4,2242,0.6644809735465771
4,2243,0.7957324563139548
4,2244,0.9107272069816637
4,2245,0.7783870250524034
4,2246,0.8204122833847655
4,2247,0.7952885810136501
4,2248,0.7531306475007138
4,2249,0.6908487786635651
4,2250,0.5701271076657473
4,2251,0.896139354051317
4,2252,0.6838827209499281
4,2253,0.6471566299142101
4,2254,0.8263290509823688
4,2255,0.9664131668632739
4,2256,0.4589566153480446
4,2257,0.9106790491400999
4,2258,0.7896652167024636
4,2259,0.7822514578115902
4,2260,0.865278225698861
4,2261,0.6608222003272648
4,2262,0.85247981352123
4,2263,0.7342419236219642
4,2264,0.8210033120735556
4,2265,0.9192196620095041
4,2266,0.9113269784505527
4,2267,0.9132204533185514
4,2268,0.8105190926559654
4,2269,0.8382186043757068
4,2270,0.8864856887776248
4,2271,0.8499249057529814
4,2272,0.8130274140376975
4,2273,0.904530917803061
4,2274,0.8629593739083244
4,2275,0.9173923920528451
4,2276,0.4510213864658322
4,2277,0.34725606603556447
4,2278,0.6957413421641725
4,2279,0.6099973199126629
4,2280,0.7134690006089062
4,2281,0.7609242567430772
4,2282,0.900201916579069
4,2283,0.7904470546274239
4,2284,0.7421575864333206
4,2285,0.8847709086196237
4,2286,0.5702275293250013
4,2287,0.8048452355210076
4,2288,0.2686701752568944
4,2289,0.5874462897536636
4,2290,0.7260257451541985
4,2291,0.7596545578487909
4,2292,0.9007323928563775
4,2293,0.8555929340274347
4,2294,0.9315656373217084
4,2295,0.9318588829964143
4,2296,0.8476617447218868
4,2297,0.9520500683253229
4,2298,0.8567752614519355
4,2299,0.7341495245358268
4,2300,0.8350515587338844
4,2301,0.9304675710316723
4,2302,0.7628127395317674
4,2303,0.6785439807909092
4,2304,0.8268213011419339
4,2305,0.682858543520343
4,2306,0.44131793041707146
4,2307,0.6998696192136471
4,2308,0.8967401281173294
4,2309,0.6677956958660589
4,2310,0.9258419220852815
4,2311,0.8016505228619739
4,2312,0.8475818433044214
4,2313,0.7917867406388406
4,2314,0.8920350639410612
4,2315,0.6788826393469006
4,2316,0.7300887780702512
4,2317,0.6718470415495141
4,2318,0.6645579237989997
4,2319,0.6126161346572139
4,2320,0.9857945632265411
4,2321,0.5029589280486226
4,2322,0.8960750318673681
4,2323,0.8665529296099963
4,2324,0.7981029305989201
4,2325,0.8220316544317724
4,2326,0.8526896677315926
4,2327,0.8909809809664224
4,2328,0.9093441029175043
4,2329,0.6248511572815644
4,2330,0.8491166613813639
4,2331,0.8862589971533923
4,2332,0.8854888987094833
4,2333,0.8941879102582907
4,2334,0.9535763730743554
4,2335,0.9443456897495276
4,2336,0.707709969586542
4,2337,0.928971442898858
4,2338,0.8739667319623362
4,2339,0.8289835966572022
4,2340,0.8282519606898572
4,2341,0.8710502600064354
4,2342,0.8076350507863387
4,2343,0.6303474082098768
4,2344,0.9226240171453897
4,2345,0.9583920156089024
4,2346,0.9291818613937206
4,2347,0.5453896160811516
4,2348,0.7288630245677696
4,2349,0.46337035652103953
4,2350,0.752809471604437
4,2351,0.43376139729965385
4,2352,0.7155739553217624
4,2353,0.8557360000228246
4,2354,0.8520167277542051
4,2355,0.806979209837835
4,2356,0.8034498899606769
4,2357,0.8367089328715817
4,2358,0.7837711905385241
4,2359,0.9507195966490765
4,2360,0.517509376782711
4,2361,0.7428324839707297
4,2362,0.5892631204727887
4,2363,0.6259731078003103
4,2364,0.6864478319896233
4,2365,0.7257384515293661
4,2366,0.8415634925768638
4,2367,0.9020005567012301
4,2368,0.8596624292356309
4,2369,0.7361181139974142
4,2370,0.9264157044731656
4,2371,0.91714015584158
4,2372,0.8597750891636518
4,2373,0.5345147425635004
4,2374,0.4588410446519688
4,2375,0.9434377032685972
4,2376,0.9519430720829513
4,2377,0.8079864212839498
4,2378,0.7916967581750082
4,2379,0.8956996996352595
4,2380,0.7922598039751546
4,2381,0.688908372366675
4,2382,0.556963468751225
4,2383,0.7735176120104371
4,2384,0.8153498909085451
4,2385,0.9182939426583514
4,2386,0.7768073709169424
4,2387,0.6698254203278278
4,2388,0.8779636506014332
4,2389,0.9078156361445018
4,2390,0.9539669491103429
4,2391,0.9364835345102885
4,2392,0.7533318432135824
4,2393,0.6730384109837244
4,2394,0.856152746843795
4,2395,0.7649239857578689
4,2396,0.8184031779996432
4,2397,0.696347834453423
4,2398,0.788835557310915
4,2399,0.7749354645387009
4,2400,0.5654240397732252
4,2401,0.885901330029433
4,2402,0.7863674886145898
4,2403,0.9481009725013532
4,2404,0.8516039019198987
4,2405,0.8195071838570758
4,2406,0.6825033965817497
4,2407,0.6214476641106241
4,2408,0.4546789945540398
4,2409,0.8356202264021401
4,2410,0.8751923220316176
4,2411,0.776680390295202
4,2412,0.899735812364249
4,2413,0.8264478763243573
4,2414,0.9010116343038918
4,2415,0.6259755654027276
4,2416,0.594916021325214
4,2417,0.886570099223398
4,2418,0.7856766582510022
4,2419,0.8608450496668912
4,2420,0.7672814518662404
4,2421,0.4849095583241645
4,2422,0.45421364478507
4,2423,0.6794689628357783
4,2424,0.5864247774298337
4,2425,0.802061343390087
4,2426,0.7083525557347246
4,2427,0.8132948593420373
4,2428,0.7557992812163443
4,2429,0.7947935624270587
4,2430,0.7937826408581173
4,2431,0.8950173928876373
4,2432,0.7107011904804051
4,2433,0.9101346532532293
4,2434,0.8490820802779355
4,2435,0.8983780084696951
4,2436,0.9033055563710672
4,2437,0.850865144762281
4,2438,0.908152176420265
4,2439,0.7913432096932898
4,2440,0.8264184947544482
4,2441,0.8609127614068343
4,2442,0.9076651654615778
4,2443,0.7072024224769033
4,2444,0.956565108895201
4,2445,0.9056647550484495
4,2446,0.8187672706251342
4,2447,0.6643304824076146
4,2448,0.758720633500566
4,2449,0.6589054892934352
4,2450,0.94545431788503
4,2451,0.8980406799407801
4,2452,0.8588628133807462
4,2453,0.8833157468848223
4,2454,0.802329780340158
4,2455,0.7265529341258855
4,2456,0.8177471352642771
4,2457,0.8957819510140507
4,2458,0.7729290180053251
4,2459,0.8715799811031429
4,2460,0.8426214609186171
4,2461,0.7045772216124144
4,2462,0.5614464528756805
4,2463,0.9617883634901973
4,2464,0.9448589553297623
4,2465,0.843215485795483
4,2466,0.6235075686025326
4,2467,0.728173577064418
4,2468,0.8974341209888617
4,2469,0.8877074467138684
4,2470,0.912547999678941
4,2471,0.944241118844424
4,2472,0.9600232042683043
4,2473,0.8909177077264366
4,2474,0.5095171960879343
4,2475,0.7054563378776116
4,2476,0.8097606644570993
4,2477,0.8285050925453508
4,2478,0.8283721305523215
4,2479,0.9172692657405558
4,2480,0.8419203039316151
4,2481,0.8916855012344528
4,2482,0.9224927735362792
4,2483,0.929339970003745
4,2484,0.8705287475963375
4,2485,0.8828395304100518
4,2486,0.884502187279907
4,2487,0.8775497022856956
4,2488,0.9477498138626116
4,2489,0.9623537187735727
4,2490,0.9267448627645231
4,2491,0.8115878571269657
4,2492,0.747163745572853
4,2493,0.7868065391009786
4,2494,0.5724809701939642
4,2495,0.88187533419199
4,2496,0.9106632337311373
4,2497,0.816365109626674
4,2498,0.7128769405789961
4,2499,0.6561343273300767
4,2500,0.8931359298736631
4,2501,0.8526325086884117
4,2502,0.8936223526571091
4,2503,0.8440409630822476
4,2504,0.8047083378505675
4,2505,0.9333793908484213
4,2506,0.9084638617515679
4,2507,0.7667954055120022
4,2508,0.8043423489661584
4,2509,0.8149567087914971
4,2510,0.8037464744633969
4,2511,0.7138475223213725
4,2512,0.9146594780477502
4,2513,0.9525874774225271
4,2514,0.866654493277826
4,2515,0.9657062335345404
4,2516,0.8076273558492805
4,2517,0.626794983222754
4,2518,0.7483685048344922
4,2519,0.34356272850414205
4,2520,0.6118780414729315
4,2521,0.45605209212544817
4,2522,0.88701972842691
4,2523,0.6310062887270631
4,2524,0.6764025581797175
4,2525,0.9137294518689701
4,2526,0.8530762579667412
4,2527,0.848408657961587
4,2528,0.7764188902205329
4,2529,0.9754866140941456
4,2530,0.9009402264785213
4,2531,0.7808392557989845
4,2532,0.669520035039577
4,2533,0.8614559048225019
4,2534,0.841340596041736
4,2535,0.7549221235839372
4,2536,0.7882985554624559
4,2537,0.9326082804534531
4,2538,0.8238513439392712
4,2539,0.8544222612496581
4,2540,0.8872567699827757
4,2541,0.7912017332786502
4,2542,0.7843404908712467
4,2543,0.8310484500273022
4,2544,0.4307225535466816
4,2545,0.7423802501331598
4,2546,0.6873975565187072
4,2547,0.6276777979893351
4,2548,0.8174943694888912
4,2549,0.8732100652764143
4,2550,0.676722372408934
4,2551,0.9183027428091182
4,2552,0.8148785294608705
4,2553,0.9384683334151662
4,2554,0.8653519847889053
4,2555,0.8815278921054021
4,2556,0.7190874938680549
4,2557,0.8283334606630461
4,2558,0.8065957735462003
4,2559,0.6676159580372949
4,2560,0.7204524966019098
4,2561,0.8711531411827858
4,2562,0.8819649495957341
4,2563,0.886200681125431
4,2564,0.6896048552865263
4,2565,0.8813123787263146
4,2566,0.901901692588717
4,2567,0.8793560741883818
4,2568,0.916676415190482
4,2569,0.8920070352925722
4,2570,0.8188257600761695
4,2571,0.8654591772254694
4,2572,0.8403849314356957
4,2573,0.8871482992844708
4,2574,0.9083843511656919
4,2575,0.8224108801683179
4,2576,0.6283785273587076
4,2577,0.8113168542483161
4,2578,0.6899357352061275
4,2579,0.8756027308182933
4,2580,0.7095774077572674
4,2581,0.7874807550160638
4,2582,0.6582320585827127
4,2583,0.7803972722333515
4,2584,0.8411943149378638
4,2585,0.7846125148488757
4,2586,0.8613337276708232
4,2587,0.7764219477637647
4,2588,0.7809002168375201
4,2589,0.7267058848165978
4,2590,0.7925263568842931
4,2591,0.9662970496443991
4,2592,0.899364711267138
4,2593,0.7480542239176197
4,2594,0.8669217129680161
4,2595,0.8618132785246291
4,2596,0.7931334623704016
4,2597,0.7154594896455619
4,2598,0.7075474335027359
4,2599,0.9139922391392933
4,2600,0.8908728860224496
4,2601,0.6696766061303564
4,2602,0.8963820455900249
4,2603,0.9418258572107383
4,2604,0.8760105324725529
4,2605,0.885136403851977
4,2606,0.8108696337840405
4,2607,0.8499188519521502
4,2608,0.9146911503295503
4,2609,0.7797019878222838
4,2610,0.7632492698462261
4,2611,0.7033120197935817
4,2612,0.6997123127470112
4,2613,0.4361989324904503
4,2614,0.4122003821355289
4,2615,0.7475525113261142
4,2616,0.834820710609772
4,2617,0.8783726595959459
4,2618,0.8490003529433763
4,2619,0.857272298557811
4,2620,0.8315308355540327
4,2621,0.8315308355540327
4,2622,0.8640100367858548
4,2623,0.8743756085250675
4,2624,0.5913436653095148
4,2625,0.936491902027167
4,2626,0.7320049500302709
4,2627,0.7886899381510408
4,2628,0.7702480657572728
4,2629,0.7293708616787273
4,2630,0.8566929281239812
4,2631,0.9038639545409498
4,2632,0.7951926766440967
4,2633,0.8838451894733815
4,2634,0.6467496416640643
4,2635,0.8492585382092961
4,2636,0.7204525740629025
4,2637,0.6749471140784404
4,2638,0.7291200422935952
4,2639,0.6990826495074555
4,2640,0.8324102304380256
4,2641,0.7355452477100363
4,2642,0.8398033329575832
4,2643,0.6610442752175287
4,2644,0.7862685197997308
4,2645,0.8679886029041504
4,2646,0.9110390812523709
4,2647,0.879529182204176
4,2648,0.8898613131347433
4,2649,0.8629608064994594
4,2650,0.9005522116080433
4,2651,0.7399972561823468
4,2652,0.9010886613158047
4,2653,0.9534329961218758
4,2654,0.9019824352066589
4,2655,0.9752498965879661
4,2656,0.8066812883498039
4,2657,0.7176667374650901
4,2658,0.9367233492446362
4,2659,0.6553166881150704
4,2660,0.6812331020446996
4,2661,0.9506639687220056
4,2662,0.9194466114699507
4,2663,0.45042464467082666
4,2664,0.805949271699882
4,2665,0.7633319153224245
4,2666,0.7713107873622423
4,2667,0.7848904145108262
4,2668,0.8896665106389929
4,2669,0.79909611219152
4,2670,0.8691988360609794
4,2671,0.8670644619063473
4,2672,0.9156586970919769
4,2673,0.7998536951480678
4,2674,0.6303326089266583
4,2675,0.6621076338138351
4,2676,0.5932443018509266
4,2677,0.9037203258989442
4,2678,0.8506625926844487
4,2679,0.4574273149972313
4,2680,0.3004174651627923
4,2681,0.5762794783667851
4,2682,0.7906374562641074
4,2683,0.6321346391774758
4,2684,0.9639018135757074
4,2685,0.8339336744289249
4,2686,0.584584077698085
4,2687,0.8549650755901791
4,2688,0.726053583139482
4,2689,0.37121590664600146
4,2690,0.7970765985354114
4,2691,0.6649911504822276
4,2692,0.7701204876311842
4,2693,0.5234000083965946
4,2694,0.8488616071332223
4,2695,0.8242148376369082
4,2696,0.8748176128863144
4,2697,0.767847314466247
4,2698,0.8393723407059928
4,2699,0.9462928750514331
4,2700,0.7292277751390237
4,2701,0.8652567740215461
4,2702,0.5476428603086305
4,2703,0.8828775852399416
4,2704,0.7826563069828809
4,2705,0.7465356393049513
4,2706,0.8866820736704667
4,2707,0.756707058652229
4,2708,0.8807234301381642
4,2709,0.8961994858237682
4,2710,0.8765081132022604
4,2711,0.843872908953819
4,2712,0.9272257171397709
4,2713,0.8740234060615343
4,2714,0.7251205980389327
4,2715,0.8806215355779052
4,2716,0.9391388644711792
4,2717,0.6756215791815904
4,2718,0.9107383060512505
4,2719,0.8234721091409078
4,2720,0.9016793721813665
4,2721,0.8939988709682511
4,2722,0.6023661742907741
4,2723,0.7118750273895786
4,2724,0.888814541652395
4,2725,0.7891338111685726
4,2726,0.8025566317311762
4,2727,0.8450827964920429
4,2728,0.9518637342282527
4,2729,0.7165816240059564
4,2730,0.9123358780552622
4,2731,0.896088015715726
4,2732,0.8408064293132134
4,2733,0.6525607842434886
4,2734,0.7503648029498022
4,2735,0.9721775336453724
4,2736,0.9583224245540319
4,2737,0.937901537190257
4,2738,0.9543983716646953
4,2739,0.931637949224224
4,2740,0.8173519645191907
4,2741,0.9406810972658601
4,2742,0.9240686312044118
4,2743,0.5628481065367916
4,2744,0.8718822921441736
4,2745,0.844366276100406
4,2746,0.509688448373891
4,2747,0.6911872233300852
4,2748,0.684087413689972
4,2749,0.8366929124253416
4,2750,0.5982270195806957
4,2751,0.8613562570346759
4,2752,0.8707426638196435
4,2753,0.8545463536928086
4,2754,0.7712404888859156
4,2755,0.7503998504015473
4,2756,0.9439673422749466
4,2757,0.8648873890979957
4,2758,0.889042111943576
4,2759,0.9059365933711503
4,2760,0.7775535574718969
4,2761,0.9630429717499895
4,2762,0.911471594762301
4,2763,0.8957219376927714
4,2764,0.6024589726492142
4,2765,0.9378496008591442
4,2766,0.684817608121759
4,2767,0.9101679107022219
4,2768,0.5085278813090749
4,2769,0.5681587664161264
4,2770,0.6968072092494724
4,2771,0.7847806580890626
4,2772,0.9316564546572849
4,2773,0.6660616415124778
4,2774,0.9238506322270129
4,2775,0.8570935281510992
4,2776,0.8458626414659074
4,2777,0.8564816122030069
4,2778,0.8487686489164517
4,2779,0.8350681604540192
4,2780,0.8613303376082713
4,2781,0.8439917874323607
4,2782,0.7394823329478225
4,2783,0.5522753557228949
4,2784,0.8075848098135867
4,2785,0.9745481006906507
4,2786,0.9087665319161415
4,2787,0.8334844705708698
4,2788,0.8531037217537416
4,2789,0.8745941040303108
4,2790,0.7162700365336157
4,2791,0.9118474794451176
4,2792,0.6970386589106745
4,2793,0.7208478514280204
4,2794,0.8850817198296013
4,2795,0.7378695259529067
4,2796,0.9555461590283814
4,2797,0.8545408800121181
4,2798,0.9612136576431491
4,2799,0.9182553165801907
4,2800,0.5922410535028382
4,2801,0.6231484889632362
4,2802,0.8550006551092327
4,2803,0.7498862141153831
4,2804,0.8968664455047867
4,2805,0.6351088520446031
4,2806,0.7510971030215897
4,2807,0.7247020259438631
4,2808,0.6878314998822054
4,2809,0.9168690504282948
4,2810,0.855510042165645
4,2811,0.792905250885393
4,2812,0.708694259851872
4,2813,0.8354112872925574
4,2814,0.7867222812144318
4,2815,0.8676393917100839
4,2816,0.8028554325099274
4,2817,0.8097528809365259
4,2818,0.878396770306372
4,2819,0.3737036731417185
4,2820,0.7283805761167613
4,2821,0.8043861071777436
4,2822,0.968714401603252
4,2823,0.6935229367912354
4,2824,0.9283369840067931
4,2825,0.8102503864095948
4,2826,0.9039717969369833
4,2827,0.7343987015490575
4,2828,0.6061511181563467
4,2829,0.6781175146530553
4,2830,0.8458537455197019
4,2831,0.7233123101792962
4,2832,0.8400503398000193
4,2833,0.6502511003961753
4,2834,0.7267318114233692
4,2835,0.9179630780691358
4,2836,0.803553488462402
4,2837,0.9069882097657201
4,2838,0.7162603526814507
4,2839,0.7830678885113089
4,2840,0.7269618073147187
4,2841,0.7251553450212067
4,2842,0.7691061392660453
4,2843,0.5984493527334039
4,2844,0.7390782216751434
4,2845,0.7701725111997005
4,2846,0.8820000835145845
4,2847,0.8629268088293718
4,2848,0.8799888526544843
4,2849,0.8874605957327987
4,2850,0.8768805453726719
4,2851,0.8368458059073991
4,2852,0.924134683676541
4,2853,0.8557643222022544
4,2854,0.8342493766936679
4,2855,0.8279332576412883
4,2856,0.8783769325673021
4,2857,0.8150292310624427
4,2858,0.9095800495753423
4,2859,0.8322538392093997
4,2860,0.657403853954813
4,2861,0.8560519108194562
4,2862,0.8338061123619979
4,2863,0.5305995950328874
4,2864,0.7863914670524422
4,2865,0.9658137547081691
4,2866,0.8690821024512952
4,2867,0.8782393497580631
4,2868,0.8580654225685554
4,2869,0.9007625115475366
4,2870,0.5415979811530276
4,2871,0.8672911067475741
4,2872,0.8732739017106707
4,2873,0.8517343294376498
4,2874,0.6533949220570141
4,2875,0.7797354078113811
4,2876,0.6961608153241535
4,2877,0.6822245254487415
4,2878,0.9139947230022577
4,2879,0.8780125950317956
4,2880,0.8167388097879585
4,2881,0.7960703556855581
4,2882,0.727529423476498
4,2883,0.8235842385690073
4,2884,0.8109848479964277
4,2885,0.7931552152454016
4,2886,0.6443180033868745
4,2887,0.726591326379903
4,2888,0.6846870988870082
4,2889,0.771145806780547
4,2890,0.6672672316500488
4,2891,0.8100419793871043
4,2892,0.8425261083036201
4,2893,0.8594639733307783
4,2894,0.8690554245465887
4,2895,0.885320350768055
4,2896,0.9280595983468068
4,2897,0.9779141522062629
4,2898,0.9669396180370284
4,2899,0.895329104180131
4,2900,0.6411838697544685
4,2901,0.7415639730728097
4,2902,0.876606230907961
4,2903,0.8424262193544032
4,2904,0.39140901526217464
4,2905,0.7874393337755206
4,2906,0.8015366387520284
4,2907,0.9376126038339014
4,2908,0.893993056824301
4,2909,0.9238471124232542
4,2910,0.801416230672208
4,2911,0.8701744072998171
4,2912,0.8123164614636941
4,2913,0.9226399870370304
4,2914,0.42676200408078896
4,2915,0.8151683753480686
4,2916,0.6857152769453652
4,2917,0.8268115360832676
4,2918,0.7176510357868778
4,2919,0.8008390113481422
4,2920,0.9328134149074141
4,2921,0.9378702805309993
4,2922,0.8714106040520075
4,2923,0.7145290277749108
4,2924,0.9509293033287604
4,2925,0.9602590309891293
4,2926,0.9849491367514451
4,2927,0.6320749891121139
4,2928,0.5866880028135016
4,2929,0.7637140217587763
4,2930,0.9033351171079758
4,2931,0.40419649496991394
4,2932,0.6226112852934319
4,2933,0.4546382788864961
4,2934,0.9574719819436613
4,2935,0.9560210372755723
4,2936,0.8789129909084326
4,2937,0.7992586886683187
4,2938,0.782873282372083
4,2939,0.7557906250036137
4,2940,0.6616523871857907
4,2941,0.7971653609336669
4,2942,0.5572125688968343
4,2943,0.47184682170475856
4,2944,0.7471044756818273
4,2945,0.7843883482042492
4,2946,0.7458942171376773
4,2947,0.7707891283926204
4,2948,0.8480213969990704
4,2949,0.49614496019784976
4,2950,0.7884344687862174
4,2951,0.6660948688817093
4,2952,0.72426770904622
4,2953,0.6979552745729423
4,2954,0.938801746606767
4,2955,0.9342342989842638
4,2956,0.88264705986935
4,2957,0.8444331215702572
4,2958,0.7356264920157637
4,2959,0.9214021857431345
4,2960,0.7748278483065397
4,2961,0.7770836294116025
4,2962,0.9430080339765811
4,2963,0.7729803185437888
4,2964,0.7469728070012724
4,2965,0.9017762406170567
4,2966,0.9168473853800525
4,2967,0.965198813121709
4,2968,0.6274125919435448
4,2969,0.20755684385878784
4,2970,0.6283533127449246
4,2971,0.7753021630487957
4,2972,0.566884256748681
4,2973,0.6235853156905091
4,2974,0.6709247126306305
4,2975,0.638289601495078
4,2976,0.9621858212652414
4,2977,0.8376640139170878
4,2978,0.8693922116740697
4,2979,0.8863100913477622
4,2980,0.9617178368501061
4,2981,0.9655613337161607
4,2982,0.9267990056385186
4,2983,0.9136386337147653
4,2984,0.8303513229089192
4,2985,0.9204869398318796
4,2986,0.9125294103974392
4,2987,0.7248319894838371
4,2988,0.6202384236290615
4,2989,0.6351418521435122
4,2990,0.8741573790378201
4,2991,0.9211231443087093
4,2992,0.9010691597840569
4,2993,0.8400862348798146
4,2994,0.8619856661701852
4,2995,0.7463408377171497
4,2996,0.825968822352264
4,2997,0.8924895745080162
4,2998,0.8052991758094189
4,2999,0.6536459555115189
4,3000,0.7213274263642452
4,3001,0.8368310058504921
4,3002,0.8098419509522352
4,3003,0.9148937431699753
4,3004,0.7185445293072938
4,3005,0.6223188038545558
4,3006,0.670898791131833
4,3007,0.865146658105853
4,3008,0.7720917833544692
4,3009,0.892081661143218
4,3010,0.8310711398183208
4,3011,0.6004651693023525
4,3012,0.6513429077117766
4,3013,0.7018958209326962
4,3014,0.5877693644071034
4,3015,0.8331431828345635
4,3016,0.5173398148972284
4,3017,0.8060904076179637
4,3018,0.8698494081494751
4,3019,0.8765215795138757
4,3020,0.8386701846511223
4,3021,0.8157993887667476
4,3022,0.9380780273181268
4,3023,0.8986972041507889
4,3024,0.7948821507310514
4,3025,0.7378676272061561
4,3026,0.8100116082699905
4,3027,0.9025738353408834
4,3028,0.7195307000486297
4,3029,0.6804260121222167
4,3030,0.7253626837120425
4,3031,0.6158109166630589
4,3032,0.9023680874476047
4,3033,0.639324346548053
4,3034,0.6488059546890563
4,3035,0.8852870446514466
4,3036,0.8393099156508446
4,3037,0.7446874374648762
4,3038,0.7680196014476488
4,3039,0.8619538571138509
4,3040,0.8268862667731499
4,3041,0.8171621599497462
4,3042,0.8593572397915954
4,3043,0.5818701947466258
4,3044,0.5912762768748929
4,3045,0.6894209604905693
4,3046,0.8195055746708539
4,3047,0.807467896514952
4,3048,0.8909735524918869
4,3049,0.8958035392143594
4,3050,0.8672228278750329
4,3051,0.7217121672127662
4,3052,0.7093874239608335
4,3053,0.684813809123202
4,3054,0.6438521736170966
4,3055,0.7916707825416849
4,3056,0.7929535468747585
4,3057,0.7913416977683133
4,3058,0.7759426873631602
4,3059,0.8805369911455359
4,3060,0.8190837230948083
4,3061,0.854432742772671
4,3062,0.912241973884161
4,3063,0.6146738931287632
4,3064,0.7110867760528219
4,3065,0.9347231525080317
4,3066,0.8700950395896099
4,3067,0.7743611645020028
4,3068,0.7269229719583928
4,3069,0.9028272946703343
4,3070,0.9280684434481412
4,3071,0.44643198113590754
4,3072,0.7351812527577936
4,3073,0.46668729828328886
4,3074,0.7655347631012601
4,3075,0.5310191760220915
4,3076,0.9136283703690848
4,3077,0.911969168379422
4,3078,0.9204626844755006
4,3079,0.9080696460350709
4,3080,0.7912241497067924
4,3081,0.742021324376067
4,3082,0.6125867551352301
4,3083,0.8159621018129937
4,3084,0.8834650163668493
4,3085,0.8327081340670355
4,3086,0.7724525986125373
4,3087,0.8285272595819863
4,3088,0.8244405457139294
4,3089,0.8020768924965881
4,3090,0.8305517121399637
4,3091,0.9483045918831
4,3092,0.8936763199259339
4,3093,0.8807742184234991
4,3094,0.8655128850883846
4,3095,0.9253606831860559
4,3096,0.9011829755420938
4,3097,0.9403866816023996
4,3098,0.8875435720427426
4,3099,0.7869841847740687
4,3100,0.8981690288306247
4,3101,0.8714122437314584
4,3102,0.7481823551904015
4,3103,0.823804616936801
4,3104,0.6312241968002721
4,3105,0.7928106833001247
4,3106,0.715675354824137
4,3107,0.8557172028957307
4,3108,0.7392800892463042
4,3109,0.8553622306674687
4,3110,0.8214040212159602
4,3111,0.8642553960101097
4,3112,0.8242317066759405
4,3113,0.889250053485743
4,3114,0.8502095666747419
4,3115,0.797276066114348
4,3116,0.7212694812487297
4,3117,0.7274927972733052
4,3118,0.8226908563264855
4,3119,0.733395711441544
4,3120,0.8964649230607694
4,3121,0.8993188205840639
4,3122,0.7796381054443103
4,3123,0.8241104649621914
4,3124,0.8909421912488753
4,3125,0.884765587953568
4,3126,0.9278592614333318
4,3127,0.8923862321162113
4,3128,0.9258148597408166
4,3129,0.9320411912047939
4,3130,0.7594216273955698
4,3131,0.8896962565090536
4,3132,0.8536736787755089
4,3133,0.7865299296952036
4,3134,0.7805735573245066
4,3135,0.8431037657819901
4,3136,0.817970425981098
4,3137,0.8122504810153902
4,3138,0.6015240441172829
4,3139,0.5378491950858793
4,3140,0.837925574679247
4,3141,0.6924137123790676
4,3142,0.8006661379996326
4,3143,0.8160764369881214
4,3144,0.7762087421985174
4,3145,0.7430338412496649
4,3146,0.8040551199127258
4,3147,0.7690808127858865
4,3148,0.9166626519926008
4,3149,0.8963781458771389
4,3150,0.9741526821574689
4,3151,0.5458207282543929
4,3152,0.7885537161910287
4,3153,0.9467315320519748
4,3154,0.935961221419886
4,3155,0.7322866580588465
4,3156,0.7927156821156275
4,3157,0.7846118648897829
4,3158,0.7072261468879244
4,3159,0.8785224758479583
4,3160,0.9510657035430224
4,3161,0.8561642976417488
4,3162,0.924134776018531
4,3163,0.8195583379094458
4,3164,0.7562861229126312
4,3165,0.8145198291318453
4,3166,0.7015981086417068
4,3167,0.777140257108693
4,3168,0.869510129763253
4,3169,0.7469333156215886
4,3170,0.8805069820986603
4,3171,0.6696752091857371
4,3172,0.8029714170054103
4,3173,0.8495948294602044
4,3174,0.9536377144060108
4,3175,0.6092151916320705
4,3176,0.8315018476301281
4,3177,0.8938316343439039
4,3178,0.9256619846833144
4,3179,0.9422453578397463
4,3180,0.9359780938769738
4,3181,0.9578705711104848
4,3182,0.9824241545104838
4,3183,0.93315377019835
4,3184,0.8736699877909795
4,3185,0.931268642726054
4,3186,0.9586503437174401
4,3187,0.9648169289594073
4,3188,0.9598596250027533
4,3189,0.8704605716287565
4,3190,0.7614310079120672
4,3191,0.933790791317008
4,3192,0.8802053730955971
4,3193,0.6711547705457724
4,3194,0.8716820890395115
4,3195,0.8474987043824588
4,3196,0.9520878383945078
4,3197,0.8165873489813447
4,3198,0.8523592274844344
4,3199,0.7666433404583352
4,3200,0.7937266093435459
4,3201,0.7961418763251122
4,3202,0.8025788609980112
4,3203,0.8736205149386096
4,3204,0.7502561275964995
4,3205,0.9455745595495139
4,3206,0.9483068957194104
4,3207,0.7526252762260982
4,3208,0.7098308011976395
4,3209,0.9384011931563582
4,3210,0.7387728940759266
4,3211,0.6770838972253317
4,3212,0.650430170769841
4,3213,0.7468616742810933
4,3214,0.7085531061533072
4,3215,0.8177010418323907
4,3216,0.7998661492783866
4,3217,0.4984031062407258
4,3218,0.7252983010954679
4,3219,0.927542232872286
4,3220,0.9413513439389776
4,3221,0.9437625011344408
4,3222,0.834702643828975
4,3223,0.8322436566636924
4,3224,0.9049054375100014
4,3225,0.7014591605149609
4,3226,0.7806753654973312
4,3227,0.9003853200767971
4,3228,0.9087671069991798
4,3229,0.8759005739827648
4,3230,0.7808266758810308
4,3231,0.8327415528112051
4,3232,0.7600154555030334
4,3233,0.7165067974825947
4,3234,0.8745446668902875
4,3235,0.7346986917447633
4,3236,0.8646170202292639
4,3237,0.8846528354469317
4,3238,0.9366037461982137
4,3239,0.8404858450640597
4,3240,0.5205414365706426
4,3241,0.6423442317272317
4,3242,0.8967628702659542
4,3243,0.8997011847515695
4,3244,0.7981793413856597
4,3245,0.7831999822676363
4,3246,0.7199455063435729
4,3247,0.5571727811087381
4,3248,0.822269340327254
4,3249,0.8794604201858358
4,3250,0.8798720439932894
4,3251,0.8752694670466795
4,3252,0.8774287911463401
4,3253,0.8627512812714677
4,3254,0.8836448293071895
4,3255,0.7774166895773363
4,3256,0.808588207456123
4,3257,0.6898512916645251
4,3258,0.9562589356025744
4,3259,0.9377450764018169
4,3260,0.7257762226377006
4,3261,0.7692407894130845
4,3262,0.756149444976985
4,3263,0.7736253636941061
4,3264,0.649370371635828
4,3265,0.8185078728908193
4,3266,0.8785610117318551
4,3267,0.7669221493110023
4,3268,0.8152978107156544
4,3269,0.7645126236826605
4,3270,0.8530736718151082
4,3271,0.4116791313026857
4,3272,0.5750656133374068
4,3273,0.9577004808196079
4,3274,0.8217227294977083
4,3275,0.8301851857624837
4,3276,0.6903534252526453
4,3277,0.8433720528934414
4,3278,0.6722165916385683
4,3279,0.6041477489092366
4,3280,0.6409625132170774
4,3281,0.4643237823636062
4,3282,0.6263738868637508
4,3283,0.8660937495004644
4,3284,0.7500921211182932
4,3285,0.8562455412141214
4,3286,0.7355459025669236
4,3287,0.52066750749635
4,3288,0.8284784741000947
4,3289,0.938224303840453
4,3290,0.8378705189274986
4,3291,0.7823373524553422
4,3292,0.776537203758119
4,3293,0.9678254415701262
4,3294,0.8855897927278764
4,3295,0.9513165974872315
4,3296,0.8334074465810746
4,3297,0.9035485848027928
4,3298,0.906723041144775
4,3299,0.9333429234528527
4,3300,0.9187970112361592
4,3301,0.9175654274965499
4,3302,0.9348724170023758
4,3303,0.8344269046997236
4,3304,0.790143930354734
4,3305,0.5929380907600236
4,3306,0.8924364688848033
4,3307,0.7479751063608072
4,3308,0.8530272582531224
4,3309,0.928215070599906
4,3310,0.9056480765001926
4,3311,0.8756379024950193
4,3312,0.8128798062886237
4,3313,0.8961820576533172
4,3314,0.8267337217638635
4,3315,0.8846779484566225
4,3316,0.8913197260129916
4,3317,0.809973344420136
4,3318,0.8111933904235518
4,3319,0.8665108929871114
4,3320,0.9487292261033319
4,3321,0.8108282748657077
4,3322,0.918908585416788
4,3323,0.9682036627487383
4,3324,0.7551991818830284
4,3325,0.7620385433002737
4,3326,0.8248188287389152
4,3327,0.8665929593778721
4,3328,0.9022939923374442
4,3329,0.8211718163952161
4,3330,0.7420386270519662
4,3331,0.9221017914563444
4,3332,0.8782802071830726
4,3333,0.8179560626989311
4,3334,0.9391025184310241
4,3335,0.6424926839991194
4,3336,0.653926783321112
4,3337,0.7809224883433182
4,3338,0.7603710031918665
4,3339,0.8251491598272512
4,3340,0.8603040487034396
4,3341,0.8427294460416471
4,3342,0.48442497767333287
4,3343,0.9775869548229998
4,3344,0.8775268361907614
4,3345,0.9061570955666788
4,3346,0.8651139100466205
4,3347,0.6807858935333689
4,3348,0.8589370487824172
4,3349,0.9261252946335574
4,3350,0.908259889462624
4,3351,0.9124858138088965
4,3352,0.8715062990093748
4,3353,0.7947354620651683
4,3354,0.8575322479753119
4,3355,0.8754834633748744
4,3356,0.9380295177548593
4,3357,0.968973154455011
4,3358,0.5460356535223044
4,3359,0.7253398962795544
4,3360,0.8582890725176423
4,3361,0.7747836610878018
4,3362,0.9149270709443538
4,3363,0.7942493975294855
4,3364,0.839990485953537
4,3365,0.5434878238693299
4,3366,0.6178755439910282
4,3367,0.5311363757885272
4,3368,0.6550979375781742
4,3369,0.5522255836276531
4,3370,0.5665252802668412
4,3371,0.8184586935175493
4,3372,0.7922579791330965
4,3373,0.5986607755939598
4,3374,0.4383190010579396
4,3375,0.5201318844728212
4,3376,0.8435360052522227
4,3377,0.7925675923887671
4,3378,0.8262244346521395
4,3379,0.8585474476489606
4,3380,0.6443687938040992
4,3381,0.7675695541803245
4,3382,0.6944789301981994
4,3383,0.9350693774625224
4,3384,0.7708455196828915
4,3385,0.7940245682821302
4,3386,0.9621779335417113
4,3387,0.9133163585315276
4,3388,0.8129248647899747
4,3389,0.8454240876010395
4,3390,0.9012685019830895
4,3391,0.8000098377977211
4,3392,0.8212796094441289
4,3393,0.8502970934436452
4,3394,0.6955465449491826
4,3395,0.8035725847315976
4,3396,0.7878075174570911
4,3397,0.9487965382325908
4,3398,0.9307412808457524
4,3399,0.9144762306945391
4,3400,0.8399113633914551
4,3401,0.7851874888785201
4,3402,0.9270224724550978
4,3403,0.8279515456742312
4,3404,0.888963638991038
4,3405,0.691599075406886
4,3406,0.8483905912073637
4,3407,0.8759882171214801
4,3408,0.7191289769878704
4,3409,0.8281589194839797
4,3410,0.8600116475724376
4,3411,0.8541836685610364
4,3412,0.7656144335244921
4,3413,0.9310366278620511
4,3414,0.8915453345161232
4,3415,0.6339734047454145
4,3416,0.6211708067610884
4,3417,0.8510764098929371
4,3418,0.8810849813036156
4,3419,0.6850570265607673
4,3420,0.8482502544919587
4,3421,0.7596970436250587
4,3422,0.6491757253717083
4,3423,0.6777959961878232
4,3424,0.6931185715835201
4,3425,0.5219005457116584
4,3426,0.7665047103831628
4,3427,0.7459439445273305
4,3428,0.7836939560928314
4,3429,0.7355497789038613
4,3430,0.8806470567007451
4,3431,0.7452157249442606
4,3432,0.706956482823841
4,3433,0.8135937785928824
4,3434,0.9794604104290359
4,3435,0.9597409827922997
4,3436,0.8783852768346655
4,3437,0.8943671388827619
4,3438,0.9227278406825801
4,3439,0.9416178276914492
4,3440,0.9394927300791017
4,3441,0.8034402824388672
4,3442,0.859602664325535
4,3443,0.8168267788604822
4,3444,0.8646429703167081
4,3445,0.7808909749930212
4,3446,0.393313418452181
4,3447,0.601040398789422
4,3448,0.5557585963644591
4,3449,0.20443867475666044
4,3450,0.6449605135575684
4,3451,0.48281703059817577
4,3452,0.763463751730594
4,3453,0.7187332854750605
4,3454,0.8012668906359521
4,3455,0.8193595417708355
4,3456,0.7776928636812269
4,3457,0.6524951183049125
4,3458,0.6204111195670488
4,3459,0.7962619323985837
4,3460,0.7996015743700878
4,3461,0.6884047501468961
4,3462,0.6213878658153318
4,3463,0.8411090847679691
4,3464,0.8319045872374701
4,3465,0.5863444557144771
4,3466,0.7854740378556899
4,3467,0.6524528099975744
4,3468,0.7027345325951945
4,3469,0.9460723583686261
4,3470,0.9155762111426052
4,3471,0.9236041058421609
4,3472,0.8531922968701506
4,3473,0.49873905097006993
4,3474,0.941530628058374
4,3475,0.2801326199692396
4,3476,0.6087243575022533
4,3477,0.9492383362102313
4,3478,0.7462089174012915
4,3479,0.693170338817812
4,3480,0.6642956207030247
4,3481,0.646920777042824
4,3482,0.6607742702320839
4,3483,0.8515328429066276
4,3484,0.9420827886988198
4,3485,0.6596370720914034
4,3486,0.8671177599853163
4,3487,0.7006399292143454
4,3488,0.5533511574264632
4,3489,0.5965231228091467
4,3490,0.7519282419522029
4,3491,0.8060836085060924
4,3492,0.7830754099203426
4,3493,0.6541329173605367
4,3494,0.7213894239908928
4,3495,0.8003441861050685
4,3496,0.8252582540605411
4,3497,0.9318776358532973
4,3498,0.9034782190858419
4,3499,0.7341110066874227
4,3500,0.803272908853736
4,3501,0.7978422352479501
4,3502,0.7432601256395305
4,3503,0.7555400929511336
4,3504,0.7122221597176782
4,3505,0.771950482297606
4,3506,0.6786522845055539
4,3507,0.9332125377773928
4,3508,0.8443299145516823
4,3509,0.9049563291014371
4,3510,0.8551163629587236
4,3511,0.915782595909459
4,3512,0.8027516496171706
4,3513,0.664800542366418
4,3514,0.8483692900239322
4,3515,0.7753986588954144
4,3516,0.6666013009209275
4,3517,0.5465681093940847
4,3518,0.7941955816189554
4,3519,0.806601278169818
4,3520,0.8118123597480273
4,3521,0.8669103282542611
4,3522,0.7583116729139742
4,3523,0.8213355532148139
4,3524,0.9073675367850229
4,3525,0.8564775052417706
4,3526,0.8505439973388844
4,3527,0.9123522971954032
4,3528,0.7331637906473939
4,3529,0.7494377617360175
4,3530,0.8536199822181845
4,3531,0.8413014147906385
4,3532,0.833918700327405
4,3533,0.8084747777448206
4,3534,0.8888918917437791
4,3535,0.6633785539394974
4,3536,0.8357565234218557
4,3537,0.6444455303032428
4,3538,0.9214810745050207
4,3539,0.752031158188607
4,3540,0.9129849186674579
4,3541,0.7116874465497564
4,3542,0.6919394893577143
4,3543,0.45960272863300033
4,3544,0.8671420193165175
4,3545,0.902543222177923
4,3546,0.9163703520634111
4,3547,0.8635410225706097
4,3548,0.5184172012803043
4,3549,0.7013846971102642
4,3550,0.46841734346920855
4,3551,0.8632567246120498
4,3552,0.6868131060127817
4,3553,0.7867045686486527
4,3554,0.9417593702548982
4,3555,0.8042891866405787
4,3556,0.8276054320360149
4,3557,0.6348585148915673
4,3558,0.41179126758850376
4,3559,0.4937108552757552
4,3560,0.816588672938029
4,3561,0.8477730534888408
4,3562,0.9427863052849259
4,3563,0.9041143703301188
4,3564,0.9266623216119767
4,3565,0.8860123204116265
4,3566,0.8902027720028717
4,3567,0.7671282951832955
4,3568,0.6634507872341147
4,3569,0.9268198611709539
4,3570,0.8465976690492808
4,3571,0.8875640636862582
4,3572,0.8081976177029019
4,3573,0.9020908408002747
4,3574,0.7436414379000069
4,3575,0.8358965948390027
4,3576,0.9194224001082961
4,3577,0.7808318568586798
4,3578,0.892403404858687
4,3579,0.8028012984174935
4,3580,0.756803884854674
4,3581,0.7968930724554759
4,3582,0.8387450415558617
4,3583,0.9111602097949615
4,3584,0.8161981141036145
4,3585,0.7541283314174794
4,3586,0.834776701275929
4,3587,0.7078774476380134
4,3588,0.7459694898515808
4,3589,0.7253311726523676
4,3590,0.8321304102646758
4,3591,0.8848380666401827
4,3592,0.7399684795800009
4,3593,0.8327279961204878
4,3594,0.8816211074482215
4,3595,0.8906944827871925
4,3596,0.8437192676200124
4,3597,0.8124137705466972
4,3598,0.8881789651758736
4,3599,0.8947179651153432
4,3600,0.7937653744048507
4,3601,0.9056191349974935
4,3602,0.9219791146459865
4,3603,0.7792970127740658
4,3604,0.5906235222053444
4,3605,0.5898527319035112
4,3606,0.6916927041022528
4,3607,0.6355504504504046
4,3608,0.6025029976201913
4,3609,0.7395686252027905
4,3610,0.5910799860577133
4,3611,0.661305146010744
4,3612,0.9431933391939875
4,3613,0.8514048709524533
4,3614,0.7617832088685523
4,3615,0.7914984476206196
4,3616,0.9332520630700017
4,3617,0.9074153829623202
4,3618,0.908939657478595
4,3619,0.9421377817990314
4,3620,0.33970465109456455
4,3621,0.5213807903546406
4,3622,0.49916380693260887
4,3623,0.8111380227453977
4,3624,0.8103388934964681
4,3625,0.7452218723922237
4,3626,0.37562700519133935
4,3627,0.5976908464703434
4,3628,0.2985801883587111
4,3629,0.9485225974392011
4,3630,0.9231819985535438
4,3631,0.9256050109356094
4,3632,0.7927872293530148
4,3633,0.5783908956530378
4,3634,0.7324917723359282
4,3635,0.9130799633210481
4,3636,0.7866598831419627
4,3637,0.7774666862028259
4,3638,0.9313503972870184
4,3639,0.7945004762821565
4,3640,0.9246232590559124
4,3641,0.967364109745311
4,3642,0.911495017096987
4,3643,0.9739531819767367
4,3644,0.82625458337324
4,3645,0.6555180443098686
4,3646,0.870150001662914
4,3647,0.672571294835874
4,3648,0.7383777472698736
4,3649,0.8201636327934272
4,3650,0.6212457051548922
4,3651,0.947942811151398
4,3652,0.9688848096828958
4,3653,0.7237738222855592
4,3654,0.7991801694257928
4,3655,0.8402501010800424
4,3656,0.8835472596138402
4,3657,0.808171970841577
4,3658,0.8267239965672162
4,3659,0.8430617925143274
4,3660,0.6848226683683992
4,3661,0.6527419710136452
4,3662,0.9160523695640694
4,3663,0.6510996104110518
4,3664,0.7871099941634336
4,3665,0.9163439918717554
4,3666,0.9361511179141023
4,3667,0.7786531376771318
4,3668,0.8585014625933143
4,3669,0.8495370200659588
4,3670,0.882989943358325
4,3671,0.8071794095621202
4,3672,0.9331535116534321
4,3673,0.9474057726696055
4,3674,0.9080049532519282
4,3675,0.7936139124943806
4,3676,0.9318333854794056
4,3677,0.8619845399851576
4,3678,0.8028613102320133
4,3679,0.7140286863959152
4,3680,0.7777854356291134
4,3681,0.7979045399551776
4,3682,0.8723509136289473
4,3683,0.6873000257956835
4,3684,0.6837911303865992
4,3685,0.9355243638405893
4,3686,0.9371816922617919
4,3687,0.7502291031446754
4,3688,0.9131362983231434
4,3689,0.6580509866345255
4,3690,0.8510688724422585
4,3691,0.8169074559462103
4,3692,0.7685887890515798
4,3693,0.7192796151922579
4,3694,0.8696931139206914
4,3695,0.8568668064115728
4,3696,0.8245727990929469
4,3697,0.9635877937063849
4,3698,0.8547064954480253
4,3699,0.4828064650365089
4,3700,0.7826294999231543
4,3701,0.8154590475843386
4,3702,0.7658774079018977
4,3703,0.9565136184444067
4,3704,0.879006924774607
4,3705,0.6808444126439315
4,3706,0.9390588615823882
4,3707,0.8241701228904763
4,3708,0.7868986205354677
4,3709,0.6535279029037049
4,3710,0.6715395686400876
4,3711,0.5776354904859073
4,3712,0.7173811380212315
4,3713,0.9397462797466253
4,3714,0.9721745227813451
4,3715,0.9275097232543437
4,3716,0.8857412735919066
4,3717,0.9835875738350243
4,3718,0.9769160439027691
4,3719,0.7318072623465692
4,3720,0.7236992705507458
4,3721,0.6951266067048331
4,3722,0.8421847544237265
4,3723,0.8254390805367712
4,3724,0.7800868732832953
4,3725,0.6618114544701603
4,3726,0.8174624917539985
4,3727,0.5875809235150603
4,3728,0.8197835106420746
4,3729,0.6040461291768411
4,3730,0.6737357435148787
4,3731,0.8438115739142582
4,3732,0.7285440448322877
4,3733,0.8568752091957633
4,3734,0.9172326731544657
4,3735,0.7618546152156548
4,3736,0.8437991490761856
4,3737,0.7134755097703768
4,3738,0.8970032489382223
4,3739,0.8504361874084979
4,3740,0.8024825810770935
4,3741,0.9079455557942727
4,3742,0.456563269831637
4,3743,0.8922212438958015
4,3744,0.7270247411436981
4,3745,0.7316355593925796
4,3746,0.8939925259659302
4,3747,0.7978080003019877
4,3748,0.883264439365817
4,3749,0.8751997442547181
4,3750,0.7741833123319143
4,3751,0.899986233220989
4,3752,0.8338908491435926
4,3753,0.6742746249898975
4,3754,0.9124119472313457
4,3755,0.8171851367714927
4,3756,0.5364881763204352
4,3757,0.5989229601148439
4,3758,0.8260983459551408
4,3759,0.5294567758875857
4,3760,0.6551303064612325
4,3761,0.9286612446105525
4,3762,0.7667695144677303
4,3763,0.8966722160485427
4,3764,0.9057895869102272
4,3765,0.7080978312729368
4,3766,0.7093969217904363
4,3767,0.6851139044956063
4,3768,0.8357232126455142
4,3769,0.7734838783035803
4,3770,0.39222058466691656
4,3771,0.8302462869757999
4,3772,0.4716505355391483
4,3773,0.7233224246539893
4,3774,0.8742791550973917
4,3775,0.880847607654843
4,3776,0.7626675614994847
4,3777,0.6833568283573133
4,3778,0.8787669673150679
4,3779,0.6944001375490152
4,3780,0.8260020168795709
4,3781,0.8308010013823128
4,3782,0.4632045053239295
4,3783,0.7561825841020445
4,3784,0.9218203507835458
4,3785,0.9295664358484493
4,3786,0.8457048956809119
4,3787,0.8527016615344768
4,3788,0.9042704214731325
4,3789,0.5815150923612498
4,3790,0.8064154820692991
4,3791,0.8010797699503098
4,3792,0.966770617018354
4,3793,0.932343081547785
4,3794,0.7187921936780612
4,3795,0.8569467649780668
4,3796,0.7343748822976428
4,3797,0.5829613635304826
4,3798,0.7824877798290615
4,3799,0.7923821389614051
4,3800,0.8240723034461156
4,3801,0.7534491064049262
4,3802,0.7328691058276554
4,3803,0.8352968926360071
4,3804,0.8387323661612228
4,3805,0.904245399602984
4,3806,0.7781985309154524
4,3807,0.9655364993868903
4,3808,0.9367584553576043
4,3809,0.8781109208815887
4,3810,0.8496733921359043
4,3811,0.856618570256295
4,3812,0.809718428244112
4,3813,0.8498929133761566
4,3814,0.8735244278106943
4,3815,0.9563308925226269
4,3816,0.8367916559260851
4,3817,0.9109146043878806
4,3818,0.934095587446883
4,3819,0.8899883406450158
4,3820,0.8957519226513483
4,3821,0.9712607340191508
4,3822,0.8135790828764934
4,3823,0.6890809643572272
4,3824,0.5706004844415088
4,3825,0.9481572723288734
4,3826,0.9514874731305251
4,3827,0.742877561480831
4,3828,0.848195227503555
4,3829,0.8287146618150764
4,3830,0.7971534296446664
4,3831,0.9226270368203472
4,3832,0.9117511306365729
4,3833,0.8196420696805584
4,3834,0.8729373349299241
4,3835,0.7069019801897592
4,3836,0.7726118052544959
4,3837,0.7197283771474255
4,3838,0.7187064125195415
4,3839,0.7450115881540057
4,3840,0.8910877024303053
4,3841,0.9157730730174326
4,3842,0.7228241155333645
4,3843,0.5707185308298215
4,3844,0.52717808064001
4,3845,0.824777702797934
4,3846,0.8263263114253754
4,3847,0.6215970862875994
4,3848,0.8846291949832644
4,3849,0.9266089746769924
4,3850,0.7147470877007791
4,3851,0.6852465001850574
4,3852,0.8117911431036183
4,3853,0.5502271355236599
4,3854,0.3552350210750378
4,3855,0.5631982809797301
4,3856,0.8867901012440562
4,3857,0.8074322565397626
4,3858,0.8769726480898172
4,3859,0.8692398744794145
4,3860,0.9443067101485213
4,3861,0.8245277023012839
4,3862,0.8741880836760327
4,3863,0.7666078151716814
4,3864,0.9598164421543086
4,3865,0.9071439390696947
4,3866,0.6700550782152256
4,3867,0.8750936822680204
4,3868,0.872094614588683
4,3869,0.8603328643243049
4,3870,0.9238381670204449
4,3871,0.8315345395571593
4,3872,0.8466734654352389
4,3873,0.8777038445083915
4,3874,0.769543349239272
4,3875,0.6149445324602938
4,3876,0.7643717718167877
4,3877,0.7289093980309685
4,3878,0.6589608050308514
4,3879,0.8415673051989492
4,3880,0.9281755720971219
4,3881,0.7263261360925871
4,3882,0.8817935173392517
4,3883,0.6207247527149785
4,3884,0.6662630904208583
4,3885,0.433893888226616
4,3886,0.890890975012346
4,3887,0.517518566826147
4,3888,0.5679711051745339
4,3889,0.5184400526759665
4,3890,0.624023128249715
4,3891,0.8592252648103311
4,3892,0.8522796042003289
4,3893,0.7719234043083996
4,3894,0.8261754511222715
4,3895,0.8327735818387894
4,3896,0.9015618665504742
4,3897,0.5720381646420017
4,3898,0.6935407425861905
4,3899,0.7000343826016346
4,3900,0.8711014982732518
4,3901,0.8811702064640257
4,3902,0.8122486714002295
4,3903,0.9024315537371401
4,3904,0.5828576364096691
4,3905,0.7635042096019344
4,3906,0.8066024944714097
4,3907,0.9448697019195877
4,3908,0.829133007023519
4,3909,0.8808710753045313
4,3910,0.6947651841086874
4,3911,0.7073018571632734
4,3912,0.8429328377766483
4,3913,0.7257673369777483
4,3914,0.753297260419613
4,3915,0.839103244577235
4,3916,0.7901701798506269
4,3917,0.7903879624539136
4,3918,0.7943577281803198
4,3919,0.7802412652320219
4,3920,0.7579266998346621
4,3921,0.9261461761909184
4,3922,0.9086377698209192
4,3923,0.9622532568090456
4,3924,0.7320945485068139
4,3925,0.8078181774802807
4,3926,0.8384448081149136
4,3927,0.6677128261324015
4,3928,0.5970828156222262
4,3929,0.7293643687750558
4,3930,0.8067232402713223
4,3931,0.8402540433997114
4,3932,0.8544912786644769
4,3933,0.9084633085099333
4,3934,0.8061404343276194
4,3935,0.6480841041584297
4,3936,0.9660265240200133
4,3937,0.704891653804603
4,3938,0.6292884760273976
4,3939,0.8229666862166946
4,3940,0.7438447955243503
4,3941,0.8711266437773998
4,3942,0.7702522970123946
4,3943,0.9148852678659679
4,3944,0.7387835196544904
4,3945,0.9103458044055072
4,3946,0.8507366934276102
4,3947,0.9056264324295705
4,3948,0.7710588440368829
4,3949,0.6577044846357436
4,3950,0.5890271430116527
4,3951,0.7833967570141628
4,3952,0.8467823595591771
4,3953,0.9290106147304982
4,3954,0.8145304685979788
4,3955,0.7406838666919064
4,3956,0.7381706020473038
4,3957,0.6966444577077653
4,3958,0.67160104922706
4,3959,0.8838800496085589
4,3960,0.9582522439136366
4,3961,0.9687484045409368
4,3962,0.7661076724651221
4,3963,0.7963277838258163
4,3964,0.9183784618823595
4,3965,0.8827947401083714
4,3966,0.8210817199648194
4,3967,0.8822215641207019
4,3968,0.8011169746569873
4,3969,0.7696397977359795
4,3970,0.5610920050223055
4,3971,0.840903833713299
4,3972,0.8973251205055812
4,3973,0.9137748488563452
4,3974,0.7758646266619421
4,3975,0.8061255168623649
4,3976,0.8804974370077623
4,3977,0.9052053755059386
4,3978,0.5934442398089297
4,3979,0.9461429565981987
4,3980,0.9202608267257713
4,3981,0.8364593543355527
4,3982,0.9353090439668829
4,3983,0.9125690983811128
4,3984,0.8693352985018985
4,3985,0.8191820009968087
4,3986,0.9114520483062187
4,3987,0.9269246804742501
4,3988,0.9079960242465591
4,3989,0.8864882769351117
4,3990,0.6927355610674126
4,3991,0.7834070444358515
4,3992,0.8541788764961782
4,3993,0.7900598694209928
4,3994,0.9057998695500477
4,3995,0.8929190101656678
4,3996,0.8625090557229818
4,3997,0.7338626435898923
4,3998,0.747401774891522
4,3999,0.7057683289653822
