sample,alpha,kappa,beta_0,beta_1,beta_2
0,-2.995894374428558,4.455853862146355,0.767693613360194,0.2337771967317563,0.8124521819897657
1,-2.6057851158367096,3.3615402612118217,0.049540147994942815,0.3051978860615753,0.8498577889803379
2,-2.5624044342243733,3.3389060750799064,0.4891186788161973,0.3934403035858948,1.007355342221382
3,-2.566469169359078,1.87847797128616,0.11019350891562758,0.44649133888113685,1.0839097871060956
4,0.529693245354889,5.598465691383173,0.09403460637358053,0.09837342690054314,0.20759873131051718
5,0.6783987906555194,3.678770396628144,0.7723345928618005,0.46320275620493306,0.7710756581280352
6,3.4114341890628137,6.675825395330068,0.8543413650806492,0.5544425856052383,0.7262140719805118
7,0.7727938654489307,7.287455709228248,0.27958767967117176,0.36147323815815646,0.6450238773951267
8,2.8501471123599718,3.4298166389791946,1.728262071319928,0.4282401159752862,0.5256496764758177
9,2.6609890926920823,8.908507496821152,1.4330075811840397,0.48189835024345495,0.6547541255565644
10,1.8512818733337226,3.6096829220905438,0.3096529742056749,0.5936592523708245,0.929605881231279
11,-0.7078859367466702,9.83930527919782,1.8977898783186147,0.1122783225997201,0.3596651832209795
12,-1.9671875471457831,3.4177541462139915,1.1942304236595518,0.13626698742115537,0.526034101511418
13,1.1191080411356833,1.753145684758328,0.5951450739542279,0.43914692830396174,0.7126367390195993
14,0.36687037481393364,7.763507727906481,0.8737667638586251,0.05232336938223654,0.1420686777333538
15,-1.66666187940205,4.095584842977452,2.119330280603512,0.029342371439051444,0.34137575334397186
16,-2.8471922280538577,4.708548445905477,2.223145265212876,-0.07458495636773615,0.31430910572771675
17,0.3077011264181857,6.517033227058423,0.5876222230555042,0.27855322083948586,0.5650200926226364
18,1.655374336529564,5.38610483829989,0.7833799133159504,0.2401781722453159,0.26309568861745775
19,-0.08664433564146184,6.764833290914575,2.1441539032781485,0.3907098810451469,0.885219633535285
20,-1.1313497925141287,6.132788508229635,0.7690031878277647,0.053047442516767136,0.3064534862272025
21,0.16085825865056985,3.3654640844321926,1.33227498480386,0.06791710293635116,0.20753613594193232
22,-0.03513950555120493,2.957800677395392,1.251914047239661,0.11288331763786583,0.23273206681006858
23,3.6387986825731233,5.628915061793692,0.25277893637091053,0.5096675350736591,0.531554681962543
24,5.122668803760776,3.01599744424946,-0.03470152153849663,0.5313077695626282,0.3935233900881502
25,4.180604542140796,3.254416500159494,-0.4244414426709073,0.43430462247711205,0.28965830858324154
26,-3.937969264041225,6.560118421586892,1.346291596051853,-0.1016307023146722,0.3917611603009862
27,-4.399513923087245,3.1557251793803234,1.7720121207646935,0.017932003262606733,0.6510743666952592
28,2.534651527195711,5.527601838981186,0.9466612786498617,0.24159364422910315,0.20828757170005344
29,-2.8225203644964676,4.476429567256347,0.45753944942872454,0.4207716328054133,1.2033525898914357
30,1.371261480781513,2.3083383831809225,2.3225845083048107,0.018545582236656765,-0.03354698159129658
31,0.8399597317813133,2.8377293933859855,2.694207383792783,-0.06166571500671166,0.047878829398323955
32,-0.6989197322517123,1.8951337605539458,1.8426855745079072,0.19514041582532857,0.33439366069524745
33,-0.5354683358724939,1.7033724659579765,1.7724611862468558,0.14575318985578356,0.3591683395062173
34,-0.8218195991601309,5.9938745654481025,0.39163609602444266,0.28923750043366747,0.6426072403696051
35,-1.7980510657523299,4.065791397368322,1.1742979524307153,-0.006040681093192761,0.28145907547535104
36,-1.907649538236606,4.188377761550358,1.1830140440926606,-0.026036444014322695,0.24357269392049205
37,-1.7308737986363085,5.676407777512293,0.620098738127061,0.5024124705367101,1.2230683069432688
38,-1.8982605193483104,10.23850663900647,1.924064535824402,0.5145934892632685,1.2909738469240652
39,-1.3947585130808597,10.994322087827332,2.1009315224156926,0.6088730594586746,1.4569241268499493
40,-1.9981115862483272,10.194601292603101,2.5229723349004334,0.5728001689764259,1.3984846671342108
41,-1.9140658237252233,9.556880651570141,2.5489813138902853,0.5393437114254471,1.4299392959067785
42,1.3284831505959538,0.6493820168052543,-0.8392839582329948,-0.21228738788035348,-0.5152725874823895
43,2.045920644626759,3.6228496378271218,0.6754786640110308,0.25107962043278237,0.28120709628773066
44,0.22509063082540548,4.614152655455029,0.45654467039956276,0.6785405583471866,1.285907496221948
45,0.8646947642401358,5.931454430692997,1.5391885658740179,0.8200529140076129,1.5278382897744662
46,1.0663824236928454,6.581417994861766,2.0123656775495093,0.8277128905442744,1.530721258951484
47,2.3324103319662046,9.741286745427992,1.2641243428084494,0.5983501092839438,0.9332127078942044
48,-1.3968850264539738,1.3376339838984062,1.2018979938217444,-0.5034550818914575,-0.6429251461846397
49,1.5311445127231513,4.10945093507905,2.6841123237384488,-0.19300757550262404,-0.4600487255299083
50,0.6053307270290788,3.022603989022553,1.867520137269343,-0.1700013310971727,-0.27712594913955596
51,0.306962417861928,5.33883610984671,0.4235786922040037,0.6047372471840972,1.1562412330039464
52,-2.4197541864403567,3.2009662770693645,0.48878162414372023,0.3851750355439807,0.9986352143709196
53,0.7585293340961818,2.6334070576803663,0.434753946339128,0.31778515738403695,0.5660655802109962
54,1.3635056642849852,2.005276196277888,0.7778189223389111,0.18205964873004424,0.20121166724325584
55,2.748654723609531,3.610558570820908,-0.15798897694147773,0.25863066964080184,0.19008507597251
56,-0.5351098859405131,1.4880821532316035,0.47225441993170725,0.36451904125096063,0.8033581475579722
57,-0.5670467967591875,2.5734860989070647,0.7662625702226737,0.28936036834591683,0.5946251896065489
58,-1.6916365403250568,2.09406627526965,0.39612761093807985,0.18415824459948116,0.5866254202728175
59,-0.25865692946803365,3.379119587533133,0.9000496695415526,0.4285064697350939,0.8514212748320075
60,-0.17401389244553475,3.436128903979121,0.39829440504621083,0.4419055158854116,0.819333212574326
61,0.7087244570317465,6.898038689942478,1.0790154757970813,0.351419171797813,0.5803641695356069
62,0.8508095744819844,7.296505873427876,1.0704261220443059,0.3482999135095306,0.638892706062609
63,0.7782455605844684,7.505551945523303,1.0825327262997395,0.38022373826145556,0.6178755657686756
64,0.4331868441291085,3.1662020903605366,0.8455730040110122,0.3166291877683644,0.5123746647353616
65,0.6197140138822891,3.2750043616354105,0.6593706240643975,0.3253321334320649,0.5387368849854964
66,-1.2403593321647224,5.142249558212832,0.718660220143069,0.27672983376980426,0.6496018145503059
67,2.5879779253463338,5.500763232040025,1.3441184727687883,0.40258810327970185,0.4933670716120336
68,-2.4076270006033367,3.1841403952874057,0.07220650153929813,0.05073452942043599,0.3489224653645104
69,-2.315729947561339,3.172176942744395,-0.08504149905638095,0.027230342793828074,0.3919694746989928
70,-1.121562413964586,3.7004295800426874,0.1656818094953841,-0.0036800302991410096,0.14610466039448794
71,-0.9894730194186678,4.062267366435543,0.15593880506287788,0.006293606838295317,0.18208296862813533
72,-1.0360368429488127,1.8914622395936613,0.8693335845256924,0.08703966035564432,0.3269205298249055
73,-1.2983072839373213,1.5742788842859987,0.9693161259594345,0.04957959284080685,0.3231546097416774
74,1.8518440584409905,7.830609890870733,0.5558155434128645,0.3743679051944147,0.5905962786320167
75,-0.3272752972437242,3.0818475570151427,0.8595200926845276,0.04443844864056263,0.1620862880481167
76,-0.57450149036649,7.745221692739943,1.4087086722362239,0.3376370429205413,0.6829710532608976
77,0.07834277985489539,3.2459523089841706,0.38646184213781937,0.5437909985335517,1.0845273250324992
78,-0.5653069582548463,3.7741137683567776,0.6803124403512923,0.623574781058367,1.3638187684769878
79,0.37301244900092695,3.22796543449056,-0.2418728990659692,0.3815244288608729,0.755508573458964
80,1.3242053989002485,4.229862701575711,0.21125933196921232,0.3909959075870832,0.5161304535918315
81,0.37524895902400396,1.8827310782045559,0.5316458672808346,0.3878552757927871,0.6686863037184345
82,2.1973175451466513,6.856691249563723,1.228670713751277,0.37148050066480187,0.49889791939138844
83,2.1477860057162794,7.557397353889799,0.8486012174932506,0.5183085101938713,0.7827241491569462
84,2.021179971758593,7.838536666721915,0.6497254779411594,0.5016110643394099,0.7079734982941019
85,1.12419805305547,3.3170132378431663,1.553436328147741,0.45533251858583035,0.7632971330309009
86,-0.3957409406778183,6.682638196614138,0.8984989630117375,0.4324415949368951,0.96947621980949
87,2.2282197766099987,8.877457718264637,1.4842123726157808,0.2625105972478248,0.27107515277708266
88,1.0978580000619043,3.475120071568431,1.2215493302042664,0.6180555307823861,1.102623917772487
89,1.4213280925493297,8.412119312312043,1.6608959126075273,0.2930839315261082,0.4734168014167237
90,0.13617755776011248,2.590230340704663,-0.13673323147775895,0.3990878060354179,0.763222382715931
91,-0.542851250315815,3.168588209234872,0.6361368162000804,0.40441762368834744,0.8529284128124901
92,-0.6575545331343647,4.530483826344944,-0.39921420029012683,0.0738803598699138,0.21250944838870953
93,-0.3793319676579169,5.544312247855725,1.4583346196056426,0.20861691687627454,0.4533339038223478
94,-1.115240299448047,6.980644142068769,1.093754431144035,0.39564984718999824,0.9051229423014167
95,-1.2280178272138178,4.753151671318102,1.3333169603785215,0.08856037467354236,0.3897640487352152
96,-0.3252639438629903,4.2424194360352425,1.5118209691624631,0.1613191556801656,0.3933328530778624
97,3.0734075038328466,8.006665504920491,1.2108827345359487,0.44939361853296683,0.5307992123158223
98,1.9026703359665007,7.6748559520447435,2.2371894529013368,0.5596092799076761,0.9312635794010999
99,2.1624344437624385,5.688099866605976,1.511832395478066,0.6904915270585951,1.0916356707040367
100,-2.8787002889102236,1.4746802033236541,0.9506508401235978,-0.10117279755932321,0.207341708042848
101,-2.2862033663771992,3.1162134382388293,1.8503760282552373,-0.3096677862214656,-0.2589283071025308
102,-0.6472315688356434,4.859174321710364,0.9934095921393193,0.5337286980741106,1.1375796483348677
103,-0.6407627186941383,1.9657716393983415,1.5917258009009307,-0.11742518053397655,-0.10173706689223938
104,-0.48761373103051386,6.813189091825717,0.9720568584428636,0.41546217497439225,0.8059825903823669
105,-0.7160544115709392,6.026357735261908,0.9399944511629537,0.5718518250406325,1.1637203215139211
106,-1.4529036084536997,3.2201132353513975,0.43880219909355217,-0.2002108185163884,-0.07515530059442237
107,-2.100999718226742,3.2450664956065505,1.1584057944616741,-0.08063212988643019,0.10375933199871105
108,1.4857963916111898,5.652101795357758,0.9171154794855753,0.5849067236101846,0.9893164615790311
109,-3.5659892676548033,1.7425222085984213,0.6922008608755065,0.010639165434838267,0.46139468241435594
110,-2.023597984090546,11.752357726648908,1.654270552406062,-0.005406888708266432,0.30345577783613087
111,-2.0577375346906996,13.397211691160686,1.6049987522318228,-0.0015010954575373652,0.32391999810489186
112,-2.206244170282566,4.289818002460042,2.2501786160861745,0.23834553199910516,0.7395704370431607
113,-2.375074972704268,4.182315188132806,2.6760803067360928,0.22173086917582233,0.779391966825323
114,3.528778345472685,3.934779667644743,0.509050798880977,0.14852705781149286,-0.10226758795658028
115,2.9535927137488387,3.1130947640195394,0.6435724143407999,0.15123002430079832,-0.0024651378987816065
116,-1.8872548231366881,4.787724193354242,0.3482661446364137,0.3949193908146085,0.9886400567999865
117,0.6496764794174468,5.429270480914059,2.385586957751587,0.006649558196827453,0.07128376288768686
118,-1.7499755438873588,3.7865983588544037,-0.4207081354184354,0.40078021687185733,0.9654342213396679
119,-1.8764674649164244,4.8942321703647105,-0.08788721366386758,0.37002683668305153,0.9701562369834932
120,0.2516880502604251,5.242351395105364,1.0584509559867874,0.40419258151003046,0.7513136466133851
121,-2.41022280573271,2.633418714712142,0.42076741921434835,0.2185745822111172,0.7641233378465982
122,-1.6084385689067286,5.837907101041064,-0.32110868182949864,0.28447940441252495,0.7190612946243168
123,-0.47821804083164515,1.1554325992561372,1.1027785564808172,0.030710341706526704,0.165733889494134
124,-0.959921291644793,1.07272273790743,0.6331554952123815,-0.0881312409737621,-0.032279153234821195
125,-1.6070921321085327,1.4861274150157273,0.7878762420818943,-0.009410525298894046,0.24497931484948557
126,0.31714454461837793,4.886751298885824,0.7363832489975636,0.13308861785797652,0.3027027197389373
127,-1.349137137045751,2.6549720055963686,0.8799525168696198,0.12603338200301437,0.46275969728895233
128,1.2039517650417495,6.16096476509686,1.526563009430534,0.3800344336397531,0.6522101782050577
129,2.216163119390746,3.763074364939995,1.0656089085238183,0.1792302526684794,0.1674796595218321
130,-1.6562007371251481,3.7837712807605475,0.4109229610201648,0.07222932075896753,0.3518387014654741
131,2.5279293262421634,5.095905567512132,0.9032714952907641,0.24001837543973076,0.24117981266972535
132,-1.985621023473934,3.184239807200076,0.9249436856589248,0.1896473096075912,0.6580135873846752
133,-2.4976211007825517,6.697932661339645,0.9855085826766685,0.6762035795012552,1.6173061528034376
134,-2.7035500614375634,3.918893594272401,1.1324592091687027,0.5990767577144404,1.4642284181662588
135,-0.8865982910955819,4.631188526114666,1.289679482459024,0.3831287037702965,0.916537320250464
136,0.9142758930301459,9.761685838754735,2.0550124092369093,0.2658050680362604,0.47678020055957215
137,0.8036177740924503,11.949673293643661,2.0418352755559566,0.21601507151119181,0.39444990080001446
138,1.0836574846070341,7.587697634968152,0.733566339315812,0.3284336772561102,0.5214086813237448
139,-0.4160704176457557,2.6968457031021456,0.6730528612046199,0.31396444408041946,0.6817439027419822
140,0.6870934459499508,3.644336261536514,-0.028102242025763568,0.6265051368327673,1.1086879511017926
141,1.2576014890685379,6.409151598246557,0.5041483966983891,0.36063768990664336,0.5668009062818897
142,2.6398681242740727,8.00382971113999,0.43667165840714645,0.5980917719738489,0.8975048992109494
143,-0.08796599361434328,0.6234747201261834,-0.3673120981940657,0.33366641990178303,0.4923429644062
144,2.5658703212365443,0.3168741128663064,-0.13315756800812711,0.5512081861272944,0.5222582933397366
145,1.98751210025731,0.8113813507597686,-1.216681791621032,0.7045009777523178,0.9138131578384859
146,-2.198278317946438,1.875687322396572,0.7742223304474047,-0.09598473173521961,0.059163708554390966
147,1.9505654816451385,4.550663584821668,1.719032474524705,0.5792272305782805,0.8921769935137365
148,1.509102911233052,7.066150713689329,1.2309622886863802,0.30647282194811404,0.4336341023112752
149,-4.224455270318074,5.289899077285638,1.8239691723401459,-0.053287473324953025,0.4579308364017077
150,-3.2450782633903237,4.214384032703042,2.59347005127363,0.059725405102987426,0.5513958293398898
151,-3.1434023770494295,3.8199504937392885,2.9652639837095354,0.022513306700493892,0.5378140222881113
152,1.5597664291660154,5.35226142325266,0.615382135850716,0.30462503932203855,0.5244975137629357
153,-1.6361924529622969,3.272357136561133,0.9273364104880508,0.11837142807997805,0.4795111028860574
154,-2.0455724623892384,3.15765534698013,1.0598999896411085,0.150413873469882,0.5433202354725254
155,-0.8745907249081089,2.712202359760565,1.1848481996693603,0.16572343461800232,0.36015787410459454
156,-0.42360612210163434,3.8313450137171974,0.580449973994397,0.0960555782975513,0.3718356011218259
157,-1.847829206463338,7.410879212060938,1.152121711070757,0.2341623792521399,0.7887851248483212
158,-2.004075650230737,3.0362854148608025,1.5396868120055642,0.14123786497933044,0.4619802169701449
159,0.012000251449399646,4.181423135353533,1.53909934630518,0.11926085570326213,0.37677937383624
160,1.9759832484333801,3.853785796110276,1.6964052500812954,0.17365811649209295,0.19991715331949703
161,0.337834410703698,3.0756036724480804,0.7260290153068912,0.3858332548778633,0.6596688141402067
162,-0.7509935870635944,8.636102300812459,1.4740621104379064,0.19625355529657298,0.5171308913989601
163,-0.761893150219158,4.5381724137399075,0.8275107205616957,0.2527489409995419,0.6037229299205572
164,-0.39712012697158644,4.304123181611703,0.9472709128193375,0.24435737175956654,0.5537262921096553
165,-2.0800774270083364,2.2812726807267443,1.0329700141175289,0.27670819138319763,0.7914467381060581
166,-2.5510910383952115,4.977549302741888,0.5857824663984695,0.25991020729620384,0.8285830161409736
167,0.7927840203242906,4.321718604892809,0.579819769804048,0.17447485448719194,0.22728451808529482
168,0.7138748428822479,2.8005954285017203,1.7240323510746542,0.23528828664550902,0.412493192907028
169,1.191568545258726,2.8303436507492674,0.2509955283745614,0.026785136470436427,-0.00960258662102195
170,-0.5529648858355966,8.394531123426784,1.4361651613397954,0.4075541073309046,0.8729364120021045
171,-1.046797751776347,12.499029247879134,1.5708063281871794,0.35954351041685023,0.9047559545528576
172,-1.1967704305145326,10.926902161852448,1.5505299027814199,0.3941655270074865,0.8569510165820804
173,-0.15929497378012478,2.0606283625567974,1.2987737606029084,0.017994681664208173,0.11525319802370221
174,-0.2729999830162572,2.3052084480902293,1.297483248998641,0.1576005808846485,0.36671270497534475
175,0.22917571644132562,2.378262590072916,1.4975835455666378,0.15019000728570003,0.3574092321673922
176,-2.396794418037934,4.862789389799028,0.5998238667154817,0.21815335109113682,0.6732349847341382
177,-0.7906748305424101,5.53872896188065,0.3623557093276098,0.35194003783504835,0.8749620164137406
178,2.9276501108039534,2.337872725059693,0.4944083641131636,0.358041585842583,0.30729656665092375
179,-2.6904824697618928,7.323945438845652,1.7330310164420906,0.060006796301490556,0.5348482997776651
180,0.5559735485815888,3.244828577702371,-0.21957780690202586,0.4570529965165418,0.8520474234864245
181,2.7220004273326817,4.56778532123047,0.14040243262906868,0.6051441986803484,0.8438247146977111
182,-1.7531025481248659,6.1677514429793225,1.3155750284935863,0.13581709764724775,0.511081169693135
183,-2.9957051758070303,5.37562249245781,1.4742946041023193,-0.1333035921181535,0.1722256500645871
184,1.0378281597055257,2.834075152838682,0.015704812087171432,0.379942821121803,0.5901932929907235
185,0.703840065430901,4.035823885121667,0.33259657453888664,0.2585425163478902,0.43506197300002686
186,-0.1877391182387473,4.9738430351771585,0.9757133169881802,0.171717888799206,0.3465547580486043
187,0.7577404592640332,4.6802934262612235,1.237656467906937,0.4052957667873583,0.7382711130988856
188,-2.2466407102439634,3.1293712816004153,1.1910420666313914,0.023635550613375675,0.3283664264229211
189,-1.1987273220476844,8.08076177408537,2.003737378181837,0.043844619813763586,0.2752615164795069
190,-1.1266447800646526,8.60053054594158,2.0180451731684097,0.00588925312369648,0.28505212863322044
191,1.1516680069202316,1.740124910465429,-0.5963349004606968,0.4319697562271724,0.5885986362675555
192,2.9376643561017652,3.2075275538981396,-0.9400247573318207,0.2112812608128735,0.02209750242620269
193,0.2825169745335638,1.4621322842989644,-0.48148834654287775,0.3493652788642687,0.6153457952952194
194,2.1610216211545,5.403411181901762,0.9584352639713337,0.19353689724998938,0.17887942422364556
195,1.2200461135524854,5.397198830744862,0.9578005656906685,0.18248633940642717,0.24779632916643862
196,-0.12373934775063687,4.085337396715028,0.877076146012979,0.15127994294083008,0.3103172525664429
197,-0.42639661385298644,5.4242150098459305,1.7431985335632887,0.1752459965215937,0.45779666183376844
198,-1.2216328891521497,7.329871054382536,0.6205138748332908,0.2186291254905937,0.5784463431339463
199,-0.07048477897227397,2.016697682106659,-0.30473111549907994,0.1408610088855317,0.32585886744751225
200,-1.683994265141622,3.134969922911602,0.9773926014868964,0.039880647280646664,0.27115045075455996
201,-1.1958835993845731,3.116867320242184,0.724217648063625,0.007169741223813495,0.26941908157652805
202,-0.9422391515698745,3.3742617417498812,0.6772987106625123,0.0005061984907150582,0.2110916515865708
203,-0.9892644068797701,2.3678869122428257,1.156183902207876,0.08449889396115885,0.2968729638604877
204,-1.1627857379082438,4.7349171490700055,0.8105975465253802,0.1349599508801363,0.4724115841747059
205,0.0564749716121482,4.022256868342202,0.7864450116355385,0.10781816699353279,0.2821698883686207
206,-1.4502005171363757,1.7486469302739585,0.2304257199707291,0.15981890649953598,0.543467747931984
207,-1.1267305288138325,7.682848915930835,1.889226038565189,0.030568115972323555,0.3046743742902252
208,-1.6055330526787648,8.08208312304125,2.014136622320215,-0.02355480050462252,0.17207651166882057
209,-1.3459728008946705,4.823848804839128,2.0179581341247266,0.10461382951878781,0.4041078188057671
210,0.45103741625548804,1.5326253086413886,0.25842894404808703,0.36304427621003793,0.6011305137924616
211,-0.9308254484533615,1.1051471048265873,0.8706074159364482,-0.02064853637352387,0.21429711576068436
212,1.5824806996250653,3.8246203118399076,1.2399470508636132,0.27100798561917516,0.4156781502108561
213,0.7815033473093165,3.9094950309737424,1.3347816826058934,0.15863608561814452,0.2701128134311714
214,0.6030339646612105,3.8031448669652224,1.1711036773963182,0.1654733044503147,0.31926486002937626
215,-1.0190141706506437,3.3882053278717037,0.8632156363895936,0.3137496360804105,0.729858387683235
216,-1.3960256716671686,7.64468034914009,0.617970101974931,0.41398986340120697,0.9901221508302207
217,1.0936265637527112,1.6886633533996689,1.8811728401194219,0.2884371775595676,0.4795136993220728
218,3.2787854850871745,3.4204788434418703,0.7809872870610103,0.44130477634443555,0.45240828824359475
219,-2.264998705798306,3.472340066481639,0.23826485809724718,-0.015106556065065288,0.258974844038101
220,-2.0992880974826447,3.6529036468552816,1.2164005126355955,-0.08727424042446058,0.17022582245139575
221,-1.5084389666406728,2.1996644967351013,1.3564365886944358,0.15028799256821912,0.4820650828757841
222,-2.406171433910812,3.330447213137758,1.073842175545795,-0.05750894939163692,0.26754373810783044
223,-2.2466072407701643,2.393700300990149,1.2088331325669437,0.19633069783480095,0.6280907749197199
224,1.877871258115261,2.972161137867056,1.147240694701579,0.28336838574966394,0.2963399582653995
225,1.4952018716046953,2.2823454676161603,1.2736988933771025,0.09826515847987476,0.14256158413763065
226,-1.9190726901769937,6.742494907308281,0.8399805060365272,0.36616654696252854,1.0376440059336407
227,2.709093976052437,4.54249624429664,1.672265073343528,0.5101782242317798,0.6572172443389322
228,0.3063417662917425,3.7858856338461906,0.38459190481802896,0.4212784512765286,0.7344393739171167
229,1.1561610232419768,4.662614314210594,0.7344395860002068,0.1566058062469454,0.2553662713079894
230,1.7703508832370547,3.7612064786552755,0.3033431782044361,0.25317831707438665,0.31709214087665294
231,-1.530299680233895,2.386736163316688,0.3111834467880586,0.1527455638627854,0.48756703193735124
232,-1.650440378783131,2.1955988519840557,0.05912917785937141,0.1405352949017016,0.46856433405233666
233,2.7826493361544666,5.6162365197553035,0.668979083655817,0.3765928431673812,0.35263917873553635
234,-1.3558029375107827,1.812546079545667,0.7151258045533272,0.1754549196324601,0.6163650061858541
235,-0.3787608420967505,2.267331352258819,0.9361027110371858,0.2546641670766747,0.6475694655155033
236,-1.487360886869,4.888506107447387,0.6788345219813087,0.015096929543323945,0.22014659100570286
237,-1.2252754863810629,4.109165358638242,-0.019419664756585003,0.048224267596691295,0.30056517450559034
238,-0.640415156843601,3.897729310790574,-0.12283883198382513,0.1070774422271087,0.24415616190906175
239,-1.5814389503038355,2.8739209593290393,1.8422571367031453,0.020566949174507302,0.25555426858635627
240,1.369127694518567,7.291984836658497,0.9997464355153679,0.4002401979716811,0.6146774297234484
241,-1.8015180773700188,5.589382211270821,1.543229032342493,0.12659037585093655,0.5330298236197987
242,0.34368425090282695,4.417663212872249,0.5099782693463389,0.20343582326507043,0.3241912404804891
243,0.38351938103736377,5.799274589977306,1.1178449807471336,0.41703323961849276,0.7567669989450942
244,0.34798099008567474,5.768320497370324,1.1174636868449148,0.3777824670202078,0.7214221087566672
245,0.3317628930665638,4.71553401137484,1.7282698830918541,0.5193522444341787,1.027975957744629
246,-1.3659094918210233,1.0785142191041777,-0.07081482851383704,-0.1686803034364009,-0.13438635464395368
247,0.0985202694884861,2.1965158767610107,0.7516489952898012,0.2565127294781504,0.47744781462441843
248,-1.3114421036932575,6.077477843158037,0.9399621310406296,0.20948484683984578,0.5237793410171347
249,1.7526663774040712,1.508649629837561,0.9753543816938087,0.29181821181126044,0.32905579248923433
250,1.896126466733969,1.3425348722532553,1.0894807098650066,0.30875143428060176,0.32641785047771843
251,-0.8373893186541709,3.355841597325417,0.7522071825914358,0.1090122739550455,0.36324970490240444
252,-0.7608787816997387,5.776325189619757,0.5911844238379508,0.13138976069184516,0.3537976801622211
253,-1.2581082103666323,5.011419628242324,1.889971638059344,-0.07792165470954543,0.1343119744670063
254,-1.687169267512002,6.035988958991786,2.3349807156834252,-0.1054650074802152,0.13838770961704236
255,-0.01510510826563391,5.785223666485105,1.3474350792981227,0.3782130772722171,0.7085346351086326
256,1.2681783243820457,4.09344974415048,0.37868696515428063,0.2780235048718889,0.4321145299785978
257,2.569036258020156,2.6356409815351705,0.41400402710462797,0.2769571458211496,0.22761991540948753
258,0.8380174702613287,4.809777980111952,0.6530304245381039,0.1279181512540116,0.18123653545153132
259,0.5447594045778461,2.8575284761664372,1.4589078266956297,0.2012077607042573,0.3757497259081383
260,0.7095976758030172,3.140488959916025,1.2307961681604613,0.1906432055369716,0.3264055325837766
261,-2.5866743348485555,2.6190364373753168,1.235605946026487,0.11479090178377085,0.551488036693874
262,-2.7170909787183164,2.4561876537910083,1.238791604557574,0.11193502851413892,0.5816170847123873
263,-1.060629841675148,2.7446894136137345,0.23371336036517498,0.25447458483411495,0.5847292279396076
264,3.505226326494383,6.727181119666542,0.7378905633288106,0.5309199249694481,0.5701662246103728
265,-1.9408393545703562,3.9617929975793755,1.509767594071919,0.19125619717308148,0.6648076698748656
266,-0.7367035535920294,9.375465231459469,0.7085532699127062,0.007540958664030173,0.22107101741094767
267,-1.5140625894205357,3.2411382535151843,1.5198203343874732,0.19729862659785052,0.66511723561677
268,-1.490814240990588,3.170346528592021,1.5678358278865163,0.1702616447712192,0.6779424019225826
269,-0.6798251036612841,4.9728707007779915,1.3144785596793473,0.2773887607697653,0.7216630234477583
270,0.3539510041309458,1.3243087062450463,0.5202121674159589,0.5058714886091072,0.805550215157185
271,-0.455124831547802,0.8288203676151316,0.7412863712650491,0.36780550291428915,0.7903351106351049
272,-1.4403476852787338,1.2529462931706887,1.425683322630374,0.39053098768721134,0.810229401298514
273,-0.13652498109068317,1.1274573566153148,1.330616238762841,0.36429542906561085,0.8656114404506418
274,-1.2271743288057217,4.56905876321745,1.495866908133873,0.0044206317579831,0.33544578564123306
275,-1.1459169703210161,4.927955345962938,1.6078688097128018,0.05706619718764999,0.24103307009800887
276,-1.6577467053093957,12.072586582882163,2.6048227786317915,0.2621465136577977,0.7250145479932966
277,-1.7387367320167375,1.516876510947796,0.15726858458658363,-0.23950863791390956,-0.20199600504336934
278,1.899764094379072,5.553294740830839,1.3602736361128198,0.609079311981716,0.9598029154977381
279,1.1842235907858518,6.3932998248352755,1.5318130844006472,0.6219765956615493,1.0995584786182522
280,-0.912827471506055,4.895490880150146,0.7272337460993079,0.07036979972001382,0.2191112634169249
281,-2.751228300560489,4.193562372057278,0.8189527077112472,0.1881116777664188,0.606045665755374
282,-0.11440221355560652,2.9757085070457374,0.38085233826220083,0.042979122156438836,0.24075367177589727
283,-0.26676421589634286,2.318518101050649,0.4619346567130929,0.049112085929893134,0.16268859813791195
284,0.5403656561381968,3.554182201123308,1.5617541826634607,0.10189931741499461,0.2001767147690129
285,0.24281878742693222,8.84365518884735,0.6799350288239224,0.30499415970848553,0.589937225471275
286,0.8486064739531439,5.873503931506005,0.620912541459842,0.15504209568854288,0.1960519810206798
287,0.71790866970381,5.813609151608812,0.6248455519949083,0.14172708944753282,0.24492652122786115
288,0.861363306763976,4.127221946814747,1.2259921528970286,0.5277887334356138,0.9660206636328674
289,-0.36511476026212164,3.402813639628671,0.8781105724575792,0.5107119835157247,1.0074311042211566
290,3.9554704241710987,5.552771155821996,1.7822641970370379,0.6185358692869258,0.8251256239076851
291,2.858778454671664,7.615685600125413,-0.10965055685140929,0.5745043332971782,0.7176250635785285
292,-1.9335595048663725,1.1370697199631374,0.894507598147678,-0.021812019750424735,0.16351385878480315
293,2.4575204510427593,5.790207185121348,2.440652359600363,0.44886206923648886,0.6519052080078779
294,1.2960519834082447,9.667985867609211,1.9226084126648273,0.376608094613796,0.6704370476341864
295,1.2819100396981185,10.362709476267506,1.6682543632736508,0.34978589907073426,0.6150270714364391
296,-0.2345942329010854,4.026928317996728,1.8347866364525616,0.3121288117447514,0.7147147221196286
297,-0.5831176925235154,4.1262590759135405,1.879945543824241,0.3278114263196201,0.7272201583404091
298,2.2961070646502635,8.077687683005907,0.5463808218350066,0.3906523386948913,0.5220215494923893
299,2.545734308723858,5.6857137119555174,0.5473357025514487,0.5394004534976173,0.7288401295886743
300,0.2935803522479139,4.57669819627133,0.7067927543843163,0.42125357002536373,0.7751874351856509
301,-0.1557837057067587,2.725808341509266,1.0934236883064,0.2597830818354893,0.5421740578178923
302,-0.6585380463870405,3.2708466552697915,0.752995236088582,0.12835888378220844,0.29903678975240716
303,-1.0900989742581362,6.6408136233871415,1.4984299533004894,-0.021806448324197415,0.1691368140544623
304,0.4032493851811587,1.4261322091067121,-0.4900710684148385,0.1952865355521249,0.32728893071105486
305,0.14217801416167522,8.674687134300832,1.6560550916347712,0.34738985784747983,0.7092983151559766
306,-0.7818132429195693,9.807253107982406,0.9182035141123243,0.3138908993827469,0.6643707301602628
307,-1.9648020535594704,3.0066851293623698,1.5377102461358867,0.2173687525122533,0.7123118910578313
308,-2.1978902460779333,5.698181371848912,1.5306252293249014,0.023509561780744953,0.3627788482485196
309,2.503696155413952,2.2960778727382256,0.8996033084002034,0.4019381635370061,0.4829381954381682
310,0.642250425282972,2.563980636145213,-0.40464248292085836,0.1618686194118849,0.21074000928059683
311,-0.29850189695843976,2.098788459471733,-0.3426952271561889,0.17131780004695868,0.36165775587633814
312,-0.17590629593033763,2.2413743692454653,-0.408788938952676,0.1314372071915233,0.2945771579446766
313,-2.135199160257047,11.72072864956456,1.2670733208074378,0.1149384961726726,0.5417970231781627
314,-2.5093583854169768,9.387408780097102,1.6036024605069346,0.07220618518125474,0.5377091946019239
315,0.32215057248051715,5.667054050267855,2.044896306309597,0.32440555998939213,0.6839194477972264
316,-0.33652227892246483,7.394624065538156,1.0489944965327398,0.32665117386054093,0.7020560847526596
317,0.4695321183612009,4.605457586386474,0.856502691455724,0.19301289000484606,0.3560346985078985
318,-0.8311758533032776,3.3560627282386277,-0.11730855781804636,0.49695003932023407,1.0304084133023153
319,2.199571086737526,4.911124930007492,2.148607702723275,0.5843430610824545,0.9062703887723144
320,-2.608097937598766,1.4334146447591547,0.09318338208278387,-1.0473868951271909e-05,0.321674672450333
321,-1.5635280621178882,3.475400160249669,-0.38736915134754984,-0.11027845105504352,0.004774761288076049
322,1.225450360810338,2.9299972647017767,1.4271333741430707,0.42961906548602985,0.718879812974982
323,-0.22812398957544486,6.389816638765297,0.8368040440435657,-0.007883158714220075,0.12234212794912436
324,-0.23778758706382802,6.944858511478476,0.5538991852058783,0.014131089461817984,0.06687898036662127
325,-0.25364826358462056,7.536400825620417,0.5007747741713836,-0.02509027057519138,0.08074233978329685
326,-0.05754717278330479,2.367631720671857,1.78183016745147,0.2694518436517617,0.4940070278589957
327,-0.5690711080444821,3.371605794418932,1.6056738502880854,0.2222391099655679,0.4745301617451979
328,-0.6581258046465089,8.659500124236102,1.2459103458620973,0.21501971063161118,0.5121906566059782
329,-1.0917434467215776,7.3596543868857465,0.9087411592076565,0.30549486777931045,0.7233092177986662
330,-2.8877385557299267,8.618051738977066,0.5044474438587377,0.13866606763366335,0.6222919907276684
331,-1.2577797293288668,3.931565135738116,0.7666354777420245,0.1474188056487675,0.47454158679512803
332,1.5089384424533947,4.96375796968448,1.305262027021334,0.10581497170762709,0.11113594317545833
333,-2.267032927172564,4.576381504161129,1.0297111222917408,0.16431870663192033,0.673971263570751
334,-2.9531131782409514,4.104069669268521,0.9453281333194359,0.18383539716973887,0.6490169240161447
335,0.7178984865285111,4.262426058575518,0.8499159132288181,0.09064435849669722,0.18815704662652522
336,1.7932814261996017,2.449263592296738,0.25572906683429947,0.14045292001887194,0.12829367955426849
337,0.4284035214081,2.0015481057035913,1.7187116002252245,0.14709331194133216,0.32198346858481935
338,0.9890138664055251,3.6670412842997173,1.3235337144512684,0.3028154856107503,0.5402871346080368
339,-0.4562151366880182,8.095755194298814,1.1056565602036244,0.20779418989515028,0.5622752576746994
340,0.8377358725307898,3.215846526072633,0.08429274201487377,0.25330741719956834,0.33092974427940836
341,-0.9402804264873919,3.1198075724003376,0.03926338663424899,0.24257618139194378,0.5117739653581317
342,-0.6235200113275345,3.831888894928765,0.23593034352269093,0.34409521970201196,0.6683807988181835
343,0.14772364095838222,3.500512902792435,0.269596080817918,0.33088002325869464,0.6891418605778461
344,-2.228948020696792,2.58073361903818,1.7553345603523163,0.1386985615694451,0.5138939147583034
345,2.898386127208172,2.972836518814756,-0.43523603601340977,0.025627614841884673,-0.11104591795501768
346,2.7267226552811037,3.0302234121197476,-0.3379996999591611,0.06362784644788956,-0.11407196078602284
347,1.9080184073113344,1.3707642448452801,0.1653125896532775,0.08922649778444927,-0.00837474010895059
348,4.330666859681101,1.442594196309298,0.051243678078690055,0.3208506854336959,0.1090601543454855
349,1.2041044328448054,3.3070799021197708,-0.354015495400332,0.4379019689630188,0.7763570662408904
350,0.23871543613329185,1.7746383060730864,0.8818223927663763,0.019137722992585,0.10915827702934912
351,-0.04209711719915796,2.124805720288291,0.3165807445020926,0.1532671829436872,0.3220766547336683
352,2.359004021051785,9.763415205799836,0.5354307893142328,0.5145711543726048,0.7639542380523788
353,2.4105930234452497,6.553173564096564,0.6374435638942609,0.47737014626726165,0.7000660968241461
354,2.36633655912583,7.399215381317941,0.3652693054935753,0.5597074642791329,0.8515291054900478
355,2.8850713026540054,0.9375679201036562,-0.4890412962361264,0.6679919282589863,0.8597716335391713
356,2.81561860419544,0.9517672402878722,-0.5878626806939279,0.7718548762111672,1.0351626596469514
357,4.136376953503937,1.853823817697654,0.10160593377383532,0.8420794740697123,1.147557232315826
358,3.5932063591708125,2.4356319269289415,0.1053784341745377,0.8602570703864311,1.0723669535832576
359,4.1960056020117324,2.861296316081572,0.6813272550906662,0.8940227257419309,1.201850189278933
360,-0.5558274819800514,3.3537554430283207,0.43670564028247816,0.00643112150343629,0.15937840406754802
361,0.3578022714307086,4.745206731976131,0.19609685591052883,0.08551350719515359,0.13173382044015167
362,-1.0105410142172837,2.200154232280568,0.12650182364848453,0.06073946203973908,0.34371118288025576
363,-0.5997771081174161,6.531092376933649,1.2708513625613087,0.2893302354068911,0.597908772020387
364,1.2851502937494907,2.4840453523747903,0.41329024498726774,0.280623680122838,0.4511615517092888
365,0.8746013801229516,1.7491599143749779,0.8659217489035099,0.3307974381299546,0.501527315091291
366,-0.7198043618266877,6.5423019968837535,0.3666715384572607,0.12229730508577476,0.43136158684427306
367,-0.4817936253869042,3.7133335866198727,0.8629653594490547,0.10278201380860479,0.20257870584990925
368,0.6950769463718796,3.1727103123249143,0.031207892774069306,0.5258061193985093,0.8234727399762742
369,0.9036884736549518,2.4079739208449493,-0.011947030748812548,0.5034466673785463,0.9390832581329351
370,1.4139648272913294,3.89361420157347,1.1050986958934055,0.16857803322056208,0.186509430242985
371,-0.42840912783618323,5.1199536088869815,1.6474141166052734,0.1456218104686214,0.3725403116021873
372,-3.5011014235861406,4.045798059493072,0.419408427065414,0.10145104274134803,0.6144712601140105
373,-2.1229055707232702,4.361875708014261,0.9220997166960266,0.12992743716227348,0.4913047938158553
374,-3.1606685991121113,6.281184896699359,0.28514605798074655,0.06997193552281969,0.49723357913077687
375,-0.40400109963686215,2.972059970796432,1.6126352326926396,0.4031018924358923,0.7805987978393569
376,-0.5406627371846056,5.28889781970043,0.9536880839902482,0.4102877645313734,0.8387107540029226
377,3.0646292530665833,1.4098140655917715,0.3314975840477154,0.36077918300967826,0.3034484996306715
378,-2.6768542559488697,3.9215284509555293,1.3990168304123531,0.26484950353207176,0.974426387383693
379,5.055421771351599,2.37096704554253,0.37308650369841545,0.5621343213317236,0.38387939790197606
380,2.7441092314843467,2.2948463343845495,-0.039721620920286034,0.2954163544483922,0.20105328093644187
381,2.3811621506907206,2.3695405108506833,0.4586637401632564,0.2357662705486907,0.21686063456431476
382,0.7589754561132166,8.62039805566273,0.868948344027799,0.4962484590272846,0.8627061448477988
383,-1.506998212663024,4.18620361250005,1.2544766192299768,-0.0552561974637867,0.12432806969647782
384,-0.3838934865984173,4.251570683962012,0.9030904566386322,0.401888305859748,0.7726459046417788
385,0.8036403214191303,3.5157845768338527,0.2770213557977543,-0.06235199637312179,-0.14740782577269762
386,0.9227506417457555,4.083798569116069,0.328260876848279,-0.06057249770905945,-0.12334578151404149
387,0.5427757803317379,5.060867586616078,0.46190930672291697,0.6696235890107707,1.2078163717227373
388,4.781014687539736,3.2421693463716474,0.31818383341780254,0.40917372416751624,0.3099613537389404
389,0.11802110067157122,1.8364093833627742,0.0985180357244473,0.34905406250711635,0.6733924918334279
390,1.9664697173614436,10.568687615300309,0.8182479305464198,0.3453331538939303,0.43782982605122067
391,0.2020404488724221,2.4512431049477126,2.1997313512079724,0.31420373516999034,0.6216092536002158
392,2.600432107518086,1.6506961629061796,1.7515623254898278,0.2641002761160564,0.23936451934763847
393,2.490134172416997,2.597262174202162,2.295891569287123,0.3168993295620091,0.3949627700622993
394,1.514564220940789,2.849837425052816,2.3957639995910993,0.26863202351844057,0.43875380921992707
395,3.40771252755227,2.849784125765095,0.4695850974253643,0.30570443512732454,0.20507790572895765
396,2.6692224887957297,3.0816625317506183,0.5341394450547492,0.30321045253126755,0.3000683768218348
397,1.046841020767198,4.669269426175009,1.3910869706230256,0.17255600779483815,0.2549541835297767
398,-0.26432417373177625,4.944249427925215,0.22063877339957444,0.3296122545955576,0.6670030336439335
399,1.6978063350899346,2.8854631431842046,0.5416153879544531,0.491411626275051,0.7218973350371817
400,1.5841890014136857,4.761260307334561,0.5645279904380075,0.3760264005115592,0.5368024205911682
401,0.5294109447320959,3.8077830037237526,0.10666495649572581,0.24504261285899318,0.382184397077457
402,1.0549490855994625,2.5213498871247046,0.4016213797172932,0.22099399820961113,0.2774437664474033
403,-2.2326289966069135,4.153436291162702,1.3584555799808125,0.14895858241893364,0.6240861754279743
404,-1.9446276601715071,8.254184434859946,1.1069868376525078,0.07836329952230835,0.4098998835044446
405,-1.8939570870633482,2.792744758349091,1.1082552922877111,-0.1381284614605171,0.04970918597190928
406,-1.8099470139854108,5.200880498391048,1.1300566250501038,-0.1361854815653986,0.03391264123086467
407,0.5090303026878475,2.784472951368828,0.31002610010566567,0.2787105472739978,0.5062736025087191
408,1.6177386313541693,5.252410754339284,1.3033127650420169,0.3827699475343765,0.6129886160153604
409,2.068154090415772,4.60644117886635,1.7249407413220332,0.32118704490138517,0.41062688297474303
410,1.6525299694252846,6.29705546180837,1.6328315272489289,0.2692941157816815,0.382120208567321
411,-2.5106776130353876,2.87688078958376,0.6358290975904556,0.2665320078589088,0.8242071453766244
412,1.2083506559279216,2.5811644015973756,1.6760981788092146,0.21459295740314677,0.3266571327178842
413,0.15624531103928122,3.4962228239386883,1.5065147345901195,0.16954404425944006,0.40430574928981955
414,-0.19446574131501165,3.243822645287553,1.7145191278266105,0.18190031863926318,0.36753808731024257
415,0.7067859794040308,2.523603556080621,0.3190395179155171,0.10140976728908822,0.11553105928231867
416,0.8568205360238683,9.373472358497445,0.9060307754066202,0.4310865634439001,0.8152129871862768
417,-0.04704700408690919,3.1711478164800275,0.14800553228560345,0.3704643597063543,0.7222284980913963
418,0.17643156663937967,6.222755840081134,-0.7141927848365631,0.2314473532897853,0.5554366952296761
419,-0.5113361712258983,3.841781590361226,-0.030064302507407173,0.27500997482008666,0.7410253725692896
420,3.0490651294106192,2.9083121974823234,-0.28407669713217093,0.6942491072657702,1.0369809213754146
421,2.7470179498329967,4.550605414166173,-0.3909371433238188,0.7616822069863974,1.0953188816797461
422,2.0235274964909826,2.554557930006899,-0.46809216567051765,0.7176170284575716,1.083113112101155
423,-1.8718949171093187,3.4531482329385175,0.7271606199993975,0.029142438588962555,0.32698307300591734
424,-2.4381045643519013,3.672016498431122,0.38661639555908106,0.00786154153231302,0.3447044933075955
425,-1.5625227529096166,9.318769193884183,2.204092654617793,0.19706237255731204,0.6240068754638718
426,-1.2525580856099594,12.986963583231955,1.5931609476528843,0.24414483147787144,0.6520621854419122
427,-0.437027794454211,7.965135881659392,1.0673927622899064,0.1991313730673899,0.49137970175326495
428,-0.7542068596494826,5.142224790260096,1.1485346772245233,0.21694662119711136,0.5596085555926308
429,-0.5233040600850767,8.909315485507822,1.3708514688666156,0.22392007845869466,0.5219603846169097
430,-0.5536335557349266,4.302855217873364,0.966458840756053,0.2922385141395455,0.709162370368055
431,1.6169305491441492,4.787598457589927,1.2979375230282013,0.24778403731495038,0.34679938894103113
432,0.18334072316788216,8.127356774308245,0.8958720911913213,0.3794110845813533,0.7436326842377896
433,1.8246578175024695,5.204249081659008,-0.04254595055573161,0.3148786631873868,0.45397288848432277
434,0.06503154726505338,6.031997783340424,0.6649107903005802,0.2822425756606856,0.5073865771548356
435,1.7908873579239901,1.7540917547503005,-0.38431565573482485,0.31804455378875524,0.4023378012320796
436,1.662532299372316,2.067450352032274,-0.26461375291495215,0.3125762927999815,0.3938858223172012
437,1.7330647241582298,1.9332302821397391,-0.22867054804914327,0.26965728757487717,0.38949638550098065
438,0.4673180944726064,3.3232514845053887,-0.24354457851403233,0.15883124068913804,0.2701522151472024
439,0.060200202323995915,3.728488733692013,1.3640465627445884,0.28902943665443104,0.5841283160118209
440,-4.262840807461809,3.8799594109350775,0.4912992483805042,0.07549291342044431,0.7450655011524253
441,1.1361622811994816,5.34725590821755,1.709379227905644,0.17188778637942095,0.2147116416091049
442,1.5712032034060102,7.423414485327299,1.1428535036749796,0.4530523404265411,0.6481126379871848
443,-1.0752550219577726,2.871595472475747,2.103323448021185,0.3576526235859604,0.753591714574339
444,2.1795433118149754,5.304919371026378,0.2642707611766541,0.16218535738062037,0.11651654493386941
445,1.9884511340933186,5.186953672099927,0.28548448476491717,0.225049648114506,0.2878418535518879
446,-1.2705236682176417,1.6151213266519913,0.8143852918203505,0.29276408379158503,0.6442027555669978
447,-0.49417928171902586,1.9478061415725143,1.454035412174803,0.40743772718790155,0.8631690658975394
448,-1.5415181953751382,4.41631013938641,1.3890684445638886,0.30513785984193953,0.8781554312810872
449,-1.4783814346394661,3.93140795359326,1.3703744921226293,0.31233148235872427,0.857080388034624
450,-1.3754216420562233,5.576171595547923,1.0639827605619636,0.1857793059091715,0.5618374123980004
451,-4.371674623202491,11.472496104020516,2.9368435271018205,-0.01410355116863091,0.5776839677078286
452,0.16674749591694366,4.278476109829259,2.1607144416849824,0.25047262184097224,0.5862182608322003
453,-2.1874350041827113,2.691477865107591,1.0503517399500906,-0.03857903392118001,0.1711310092959394
454,2.6577939065400464,4.978199819402774,0.33736394317295343,0.5500466004575068,0.7434471606657967
455,3.9845573376945667,2.134720720737672,-0.451785528475219,0.45592395463020524,0.3468555078474463
456,0.6765406681978325,8.985080997991899,1.440352388834481,0.44124688643041576,0.8016605027862715
457,0.08604563767833971,5.695628988698269,1.8350997335962165,0.2893552793268044,0.625722924041697
458,0.6799467500896235,3.648404755651758,1.1631084004553074,0.3708058975390153,0.6329904323513682
459,-2.5009331662506917,1.7670155981091955,0.9683798010343021,0.49145494393529726,1.229741222601776
460,-1.803706456065349,3.4737535021627055,1.1920584530550928,0.3283098271867394,0.8771053391790629
461,-1.6128596319297401,3.499897266245742,0.7779636753498479,0.21854673012816322,0.6118850660322892
462,-1.7459695093538499,2.766241029168781,0.8433545022501476,0.1852085229979502,0.5853894320903146
463,0.6513212630664945,9.731205870354119,0.8577715447647409,0.5447570431174895,1.041932999498707
464,-0.99262293623477,2.4461878933142334,0.4373959899653674,0.30187717221952187,0.7121070523567805
465,1.583833721397347,3.5239627594348324,1.1861764051296428,0.2058644063960783,0.2418425540175362
466,0.6800642535362852,3.8145868887022156,-0.17402524690402377,0.1106350717584412,0.16539954570939386
467,1.4625488927174521,5.14285798029004,-0.21211923552743847,0.2241230139213139,0.2698114277597867
468,-0.40711463737774956,2.6793232032048264,1.8497375953672757,0.28411879126498957,0.590105831229278
469,0.9293431144792698,1.7197595685594382,1.4196328525737902,0.3515800797383285,0.5451959452030064
470,2.438712794394751,1.5664727169555885,1.5622728470888083,0.22378085102577616,0.24629684360552065
471,0.002789181715601019,2.5391676981271294,0.3021331681187608,0.17238970520158756,0.2860125773096927
472,1.2947018349230677,2.2007883019896943,0.1438053095699273,0.24508309448759188,0.32699346705847543
473,1.1031802912910758,2.3016094400773786,0.25039984190175363,0.2341176596514139,0.3110845200082851
474,2.5805357567578846,1.3565691017606638,0.7399295415890161,0.24438542344324574,0.16257056915574
475,0.4624002861761755,2.935340637082251,1.2286118289399226,0.4754191360423602,0.8449343228969659
476,2.6652528782833715,8.538166174580391,0.3875779028840367,0.5837429114285138,0.7887110383843848
477,2.5897400883446546,8.76280467174163,1.1349738571512038,0.5823998486579868,0.8115048972211195
478,4.5760956604885425,9.144711363875034,1.3887914866057964,0.582693056392186,0.6441419225945769
479,4.932544155735942,4.737589571476139,0.8337833440830611,0.7636901665479596,0.8921778593363848
480,0.38513773714531563,1.363596195857417,1.0646102209266526,0.5510889541261516,1.022027680851047
481,-2.1190644225993593,4.858107107817614,1.4346887258795087,-0.16331588604053263,0.07457612915350523
482,-1.441201514474834,3.115523874885573,0.8111436414524207,0.32865450556521747,0.8692031489749152
483,-2.813392598619681,1.603185177067735,-0.15084311709453857,0.2064565720952322,0.7561875373365357
484,-1.3511721152664984,1.097734683062627,0.4971078001115331,-0.02279069885701383,0.03215601930074856
485,-1.5373391223283825,2.892929163357605,1.206925483917056,-0.001217034962004852,0.30144602188630343
486,0.11383022397580844,5.463008642849749,-0.003114890773728722,0.32773781240796085,0.670560832474753
487,0.4336851045159489,4.232275025202329,0.6094393344814872,0.15914733197365746,0.30195958806552814
488,0.31347408250811687,8.266531123951014,0.9809862568381523,0.29660249160703106,0.562528761198348
489,2.4154242588931107,7.108363482870737,-0.15618942447627301,0.4195043736406052,0.5090995902230289
490,1.2883027630666672,5.923119673137953,0.45764843222121887,0.3708754114683428,0.5564122185646925
491,0.7930907122802375,4.56079301541548,0.6819192335417433,0.271102932140681,0.45988018242371914
492,0.6574414990930544,4.004137043051148,0.8961714055690558,0.25893183561554545,0.5527534354766378
493,0.6133863406652379,3.756268354328601,0.46244959601851754,0.279519742214397,0.5767248061531252
494,-0.8698941630490997,2.704163272014522,0.6684118096629168,0.28681165276114257,0.715020540964643
495,0.1649091055442209,4.617431092707147,1.262798552724073,0.11794467168752648,0.32535991244041845
496,1.9026985723518384,5.514507101515822,0.809914026773835,0.6360205556529189,0.9348430740624302
497,2.2738724326876354,5.438416868298964,0.7885913578264038,0.6231349246329448,1.0095883197342816
498,-0.4994006631489061,7.525651922221117,0.3731450208093189,0.24173174731545477,0.5954506384348981
499,-1.0186105642816816,1.1806701060236209,1.6911032941463238,-0.22167411588931202,-0.2998895848564005
500,-0.9370621357172192,1.1763288705128674,1.7093999389809027,-0.2767620719944329,-0.24048367439332438
501,1.3376708800656185,4.406475176625916,0.3843499710991094,0.6621412577923014,1.0906125854243893
502,2.304864958565804,7.15618280414234,1.7644083422719445,0.3527805171157915,0.43446316771640675
503,0.95221455800465,8.620188073909016,0.8727386073925162,0.28387484267834395,0.5468559213530167
504,0.04829968206720916,5.011477248642252,1.1682544340007568,0.36677770765811496,0.8237889215388667
505,-1.1788834323285222,5.050910683649083,1.2493298559407615,0.24725617504637884,0.7292400122639883
506,-0.9871890956534717,1.3233857898678199,-0.012059574461158615,0.6450017347794413,1.216917905572907
507,-0.5209324392831522,0.6442021659752563,0.8654168929294469,0.4361855370064353,0.79565819727314
508,-0.9085086099006395,0.6172413365730562,0.9054660221107165,0.559777064523072,1.0999946249536408
509,-1.42623139247303,0.5059084979154475,0.7607990274612634,0.5234084738923268,1.084988390051426
510,1.0698226496910712,2.328828324133267,0.7179419858179752,0.29913112965993593,0.4909147870889723
511,1.764054721908477,1.6202333562855389,1.1631618688259135,0.2918178980533418,0.37559208518909837
512,2.0703734762757744,1.5808955040304888,0.7667559329931435,0.30058175698139333,0.33942423166662294
513,0.9947721204859662,3.290574644719718,1.125185783059133,0.05686799436985906,0.0457881768620779
514,0.7771970001037685,3.385077674297776,0.03472127480075601,0.2885752326878392,0.4625510356124282
515,-1.9379573234451815,5.801785761681486,1.709523527424511,0.022041940654418883,0.363918168021353
516,2.3977653474008545,5.0823047517569995,0.578189478719626,0.49216597969578474,0.6559010094664525
517,2.3983101079861076,5.044446610999276,0.49857802097123066,0.5022669205594825,0.6814735203881364
518,0.1570567727881524,6.181398501946216,1.089587690353401,0.5894451962226852,1.162747811299707
519,-0.4435688335435868,6.817937689332425,1.0995732638399387,0.6369353481128088,1.3469405244592434
520,1.0556182541056351,2.3592819836221457,0.08470342454548933,0.2562353880496758,0.4054996047802212
521,1.1631799630858093,6.69687034036448,2.317757308121907,0.45992612142726114,0.8356005624008114
522,-0.6150590594841701,2.1556828760530737,0.5849768384162245,-0.08733454421232048,-0.0814799919779119
523,1.8060026645964564,4.447626160898013,1.375019244926395,0.21757854005976837,0.22503388324172702
524,1.1724314787497079,5.366601063140465,1.4747034442897875,0.171534365426031,0.28225643245593063
525,1.0905647801635727,6.6055957813515,1.809429571856043,0.1513271757555445,0.26393742556019223
526,0.9513967384884592,2.333837630635919,-0.4045120644716021,0.5240059562997376,0.9099981437751027
527,0.7180108750615145,1.703431812111793,-0.8739085774325448,0.5801140367177042,0.9108953479329047
528,0.49278029131390955,3.6026766801326247,0.7007663445027632,0.26710495284397184,0.4159498729627101
529,0.17515375195101762,4.8776876803250575,0.9047214003820988,0.21998951062781835,0.5075734740940309
530,-0.6369697382542212,4.289270459997154,1.477773851631769,0.2207974821535224,0.5842563458969366
531,1.4017036928598274,2.4699611032136963,0.496622967666216,-0.004190990912120437,-0.14817201482985667
532,1.1097990134809599,2.0523683394419794,0.5672231938799358,0.02442969940618105,-0.013090547865726597
533,-4.263944980481328,4.966522720489362,1.2118584748911494,-0.18144074308456776,0.20909578149879524
534,3.2788868953937267,5.964536873039066,1.240637346504827,0.5871163363551279,0.7840536745516582
535,3.426041018384371,6.294868131877005,0.5043759631311545,0.4665165119968382,0.4959827869548008
536,-2.1936587508993055,2.226663633448063,0.9757426001415803,0.07325814952370027,0.4444010493888764
537,-1.8806699358604766,2.5048072596005952,1.0043709110431713,0.0883228101416274,0.3896202305259604
538,-1.5436881884726665,2.826613308846611,0.7634525207478675,0.04294586039080119,0.3761153344823846
539,-1.0046987403250793,3.491532126245848,0.9177149832996913,0.333826277216043,0.8378763863520808
540,1.0474815544604017,9.195069930892723,0.2889154357951087,0.37787815931520224,0.6671085276923054
541,2.1551979601918863,2.572222870123529,1.4557149634824706,0.5183404549789049,0.7760684075819205
542,3.6258866932135003,10.602585737400176,1.4768766948649372,0.47432280542119926,0.5282229411024433
543,1.0850832018817778,1.148212978616288,-1.0709870948497278,0.41870769438694344,0.6198110607444941
544,1.996726329185351,1.012594520569349,-1.1458864042270902,0.4301629138560726,0.5534048993860967
545,2.655030918312492,2.5918396328037825,-0.35049330427105013,0.33039918577154875,0.3425490042070496
546,-0.8606117172410355,10.08829071009727,2.0270999384271353,0.33507748270191373,0.8438160318420614
547,0.9621706365242385,1.836887456432889,-0.6017198915466023,0.5808745285968436,0.9445533558394692
548,-0.125175828813855,1.9443494573457716,-0.498653990729726,0.2816101585589079,0.5973553841431625
549,-0.7269448367311906,1.8195716330215796,-0.5616208016506272,0.3604876539131246,0.7023582541280519
550,2.00771639813043,2.5810717693423593,-0.9111121599566911,0.6356233599229673,1.0001284564859163
551,1.9987018485276273,2.413754822638664,-0.6057506948944176,0.5961893242502724,0.8166878315388418
552,2.351013173528206,6.515981317026645,1.5026854385038093,0.5869972488892231,0.7895903247084465
553,0.3853707296304996,4.882444742800092,1.3941128633353557,0.360980477571534,0.7747192104199974
554,-0.08512297956482712,4.915605227872073,1.1590072736285455,0.23627758702283413,0.4683690921532503
555,-2.1593740729173816,4.7626825861193955,0.790680981492205,0.1643702524046472,0.49004342141939117
556,-2.309518346019436,5.11715845879916,0.7709671339824523,0.11709997134339778,0.5479873921203017
557,0.8732149984327033,2.9895511696952104,0.830660037968821,0.12609998906869122,0.1990080059402154
558,1.104215105184171,2.3016111935395145,0.7609453612096762,0.12304921647408551,0.16359785784566058
559,-0.7285956594454469,1.9110284970670992,-0.35444942804389895,0.029245867989317036,0.1062762001907094
560,0.5894554144279369,3.6779689752806703,1.959362672251039,0.2973494269853497,0.6190723037813604
561,-0.4384003424290294,7.060402296967308,0.468021477814381,0.07150631111649794,0.27925206953314546
562,-0.5223892180293994,6.922095813608444,0.4885858751537012,0.10386523814217115,0.2330011113042852
563,0.12390685092624415,5.811270377769937,1.0194581635897535,0.25200252344238033,0.5303922945608684
564,-0.11482046977933999,6.243903058964615,0.9700404366623758,0.25288444105559077,0.471661199904342
565,0.5945624721192335,7.858321825771003,0.8154749885788601,0.20659251294464862,0.31529355394587355
566,1.170641684227635,2.7411663751834694,0.39833060562128997,0.10342947911966088,0.053542468287763136
567,-3.3730976555350267,7.131660342122022,2.419577780743334,-0.008368584411244488,0.5031819836978001
568,-3.439096309683182,6.166030276766986,2.5948681719122533,0.0023691694951201163,0.4463176055156859
569,-1.748599679951799,7.808837761591399,1.8928018797018156,-0.10865691981312922,0.1406422741150568
570,1.4759392896457368,1.665230885762234,-1.3737059964546952,0.5576199467764709,0.8095521750229565
571,0.6189658811348956,2.3001886635642355,-0.5934211226706474,0.44352547881291193,0.7310860099499582
572,0.6056974875137611,5.177126742260031,0.04135509862724217,0.37653942925734407,0.6339121501255325
573,2.789106270772201,1.331859153407242,-0.11712508602490915,0.12645748481896102,0.006961204082683726
574,1.7202617845772246,1.5889065774702031,-0.09367714933331403,0.029332727603352364,-0.137853032515704
575,-0.7740688275268729,3.000678241323741,-0.1719383086101867,-0.13468556631057804,-0.05820995626956233
576,-2.184675427528956,2.505948711030191,1.47637387373847,-0.04587636806499663,0.22831249719103722
577,-0.7489271570718642,4.697485121634546,1.4199979160060694,0.07708807892015761,0.29037994693371777
578,-4.225084662225499,8.276420049657995,1.668379440397869,-0.02144379607165238,0.5365503164085877
579,0.585983695213697,2.56336124053481,1.1076569120454323,-0.005212704236218438,0.010095646511250944
580,0.6661408756520633,2.9472164529646077,0.7166862456830414,0.0045461644939007815,-0.00758587131432071
581,1.0680130261560983,2.657735166883172,-0.5211492398239674,0.07612475501505346,0.06770867203783688
582,0.36048284153950655,7.568782420471447,2.401868619437572,0.5586466220518392,1.1145632201719966
583,-0.8242486128922911,2.02503066138567,1.30885044908224,0.28609800016727094,0.667536357477767
584,3.5513599885934557,3.4741447926926172,0.1479702214411088,0.42522332502130317,0.3957419437917133
585,1.827404102634042,5.820525254188785,0.5485409252874588,0.32874105745576826,0.46468048387081345
586,0.11499887339236882,3.514233813943425,1.5983095447302431,0.1279827808540795,0.2718190278422626
587,-0.4049522769716814,5.4455489749478625,1.0831734426913715,0.3891755252714197,0.8290194527780058
588,-0.4883525303078232,4.5693801613147835,1.1926705883001218,0.39751646270007207,0.8455113206010936
589,-0.4304597300390878,2.2026458414718566,1.0921736284055794,0.38478374781794566,0.7757305308914921
590,1.1757580677399952,6.303825747261218,1.0782965781839966,0.2625774429937652,0.4528652867247536
591,-2.579962216639477,5.906383135942795,1.2041801446678042,0.059340753680182365,0.48862635372563223
592,1.0013517820302882,3.1697879797127952,0.3630216093907213,0.4183678292256914,0.6779887455607425
593,-3.6916594136443375,5.5247672614756995,0.05044547911499182,0.3277822595592438,1.0041678697986205
594,0.2791738731205556,3.357770773285161,1.038441578789558,0.4309613912207471,0.8698008745019097
595,-0.5325911367595991,2.8746749323274874,0.46526619914885664,0.05563786206136421,0.2204465026611334
596,-0.02563839044136239,4.619508341461969,1.0305469835307417,0.04100290411281309,0.17900146822499688
597,0.3522170966709161,3.744174770415756,0.6129055415964584,0.226076402320117,0.3707998199810879
598,0.7272087921302998,4.775974890199803,0.5555866079503567,0.18097300819985032,0.3113268740959949
599,-2.1861183345618005,2.198217884030907,0.5833897665168876,0.18152845749408042,0.6139328447036266
600,2.3175334071450306,7.257391929354794,1.3729207563069037,0.4508243030876999,0.652619128660206
601,-3.1658375255155002,3.011604723106939,1.1633370982077544,-0.078030576522684,0.25531591871096987
602,-4.943988321568726,8.27728434544798,1.000120971907729,-0.07275065715043307,0.5105732199367232
603,2.602494886306885,2.8127597097980908,-1.2555021437925207,0.5575554967617734,0.703676560740839
604,-0.951576696979612,5.411019985154216,2.331708129639231,0.22040505007608738,0.6263046222672556
605,-0.8645173570056188,8.546060185055303,1.6862218449430098,0.27457709851773004,0.7320140307075544
606,2.9026016030252793,3.448681603271934,0.15976825783252763,0.4739643012373989,0.6140208414406789
607,3.555057585378253,3.3896709592515175,-0.3700770580621564,0.5790288518519131,0.6447017218644445
608,2.5154671235068906,6.3860590067123475,1.7785089818731339,0.34366728864461843,0.4242473395248021
609,2.9380373849231125,5.938785654189177,1.2558419489715358,0.49113222299906223,0.6200162942498326
610,-0.8423957112153186,4.322084989343053,1.0124869369338216,0.1542475576945616,0.42047933249623765
611,-0.41239900466330337,5.248166524896484,1.1425630985371324,0.25432938658280413,0.5249305577305087
612,0.6092705197063218,6.500249329584388,0.34689842553185235,0.28368924625603775,0.5668066459592969
613,-1.3016990875581036,5.8384982579400635,1.3003749465404635,0.19713105112274762,0.5743416535072803
614,1.7563743944957266,8.862452544047406,1.113290526998085,0.3875479951555895,0.5767180904758302
615,1.6960544004898344,7.467023834757291,1.1832043403829815,0.428618290909532,0.6256067966561092
616,-2.964301119641328,5.58784301321669,0.9318736613383268,-0.12386823133260905,0.16733571576539222
617,-3.69225250873721,5.730890281481904,2.2918393448364323,0.06954224701942435,0.5821273950507553
618,-1.3968288781999176,8.51993925865106,1.696176061515486,-0.026637217701008964,0.1595879630196059
619,1.4120350124590104,5.109625530312408,0.8606972376802892,0.21003849316516832,0.30289829393316325
620,-1.2214493873440684,6.493819091708678,1.1617783316582908,0.23583868092297966,0.6596136381418957
621,-1.3311392774018975,6.448704753604087,1.1838890704873548,0.2582016401011497,0.6464606996594523
622,-2.006104292586513,6.660320535467406,0.6226617808136663,0.3771505118697934,0.9556700275427062
623,0.6398961204134859,2.438779643279181,1.3333006210369045,-0.16789090131921358,-0.22167396071217116
624,-2.50262822616073,1.6588564918594886,-0.03922321275389379,0.0452341717688937,0.46931898104834013
625,0.6580889093049682,4.305992972078666,1.1712062932752099,0.5051821031155713,0.9130552255663835
626,2.249823554962867,0.9617819699523567,1.1901691239249075,0.2372700283342633,0.24378879737899997
627,0.6964120075919933,4.791116593082484,-0.5529361768661961,0.1494076440424438,0.18351616465991802
628,0.5383538708229864,4.419864847388282,0.5644465351649905,0.09432418561620566,0.14432179274305393
629,-1.2118973376551112,2.664096411419133,0.7863858290962753,0.06508447236700145,0.3093034793024094
630,0.6260950695249478,7.059580273980385,0.923858226920869,0.4060546533875593,0.7281402385368654
631,-0.8365837703630794,6.669241776174993,0.9389872112294362,0.38086687623468946,0.8570401572231027
632,-0.015528957586299482,6.320588264755744,0.3842051809366963,0.3428929385691677,0.6855703994968474
633,1.3368170214761712,3.0571312365461583,1.5580825417485489,0.3320363098716755,0.4997206170962495
634,2.0394479996659425,2.52695141285919,0.6885333120730935,0.2222378999378108,0.25211496815395473
635,0.03643177649976128,1.0542042234801845,-0.5148405765394504,0.25864106183097174,0.4553075976184082
636,1.8922444851331743,1.3127948575510255,-0.2977952907280355,0.22397770235966272,0.19540533705851415
637,0.854159656632245,5.245799671132286,-0.21018169796600128,0.1353489395633084,0.1753382563960036
638,-0.1544573426663198,4.513422903525227,1.3365578816050774,0.24382087964002222,0.4387247199473379
639,0.25596796594893184,4.154920381343562,1.5225900951704967,0.15899829002747845,0.4452478077370038
640,0.45678739724714695,2.779857513548325,1.6441610807693718,0.23101251682287788,0.4112805547909049
641,0.36947391205797464,3.2337501658916,1.5623137863805263,0.2196532415372828,0.4590593734893624
642,1.0146987166268766,5.147562407602369,0.08995335808975094,0.33666518010510915,0.5585632773291196
643,-1.1477792767514192,1.7295688547260462,0.8325580084085005,0.1498503675966781,0.48956722861637403
644,-2.1649634031516185,6.034383482969168,0.3621514510654146,0.1055370214876957,0.4650165831142359
645,0.2205218341623794,3.1993190261294666,1.4032364760880436,0.3166354173361415,0.6012549215939605
646,3.2505846857226985,2.037941414023779,1.169510863350078,0.10540070978633384,-0.08460218341466694
647,2.1086069698007304,1.823994510029277,0.8759466928315716,0.12475280074209626,0.043662545994515946
648,0.5320612866597558,2.5097924898707453,1.6029950935003088,0.12293036751300798,0.2680173533519705
649,-0.15952270427007972,9.386570726195844,0.4129903496832728,0.26942622414403117,0.576641218500458
650,1.3143484892315906,7.305238766383185,1.8381222083143303,0.41255114587973835,0.6875666609918671
651,-0.6428032487980345,5.49173117641663,0.8378426393317593,0.27600644897512155,0.64336479072876
652,-3.2945368745138057,9.41421256226071,1.539769512349372,0.06433087951057594,0.6108022590669311
653,-3.2582360397768895,7.728184029760894,2.4969023762758957,-0.10642993473664585,0.21752884859803737
654,-2.5990088091210284,3.7804345446185295,2.2240286924458816,-0.026473179085042202,0.346486595197857
655,-0.8922725778017057,3.939286535678949,-0.17362291040213682,0.08734825202201568,0.2694216956604048
656,-0.8189298258017215,6.845655923511897,0.3086557686681198,0.08990109070109861,0.2942059411045948
657,-0.6670689399837578,8.996223698247025,0.2853899400133618,0.023339308381164794,0.1650294375001063
658,-0.49527078273288494,2.4966281130735943,0.5891063234371623,0.3000261831631057,0.6120130586556674
659,-0.639050250396993,2.33916270013616,0.6499287066206377,0.2884018386062402,0.6107816283167521
660,-1.564004407967848,3.0258607840118827,0.657234634261648,0.23305345842104322,0.6535830634726151
661,2.001096147500279,6.052359919648925,0.6254281794846448,0.2591509359998799,0.30334434930111964
662,0.6170323557285755,2.759418029165086,-0.23106893158913458,0.24545907215151574,0.3955953241956762
663,-4.02608450798684,3.8723660000225033,1.4470633451794843,0.10174890845216492,0.6848009178628077
664,3.3051749975728626,2.8662846894864487,1.2599493900562042,0.3664028111827399,0.34794758498380796
665,3.0750034546421885,2.23179287031929,1.810516621868232,0.40085439237389503,0.4515368303235525
666,2.5704402613345456,2.46855350711731,0.8850209360232555,0.5506515057817428,0.7234767101757387
667,-1.882526756556261,4.212705347911453,-0.25090086771901504,0.3508747845223796,0.8510534023672787
668,-1.759197542840341,1.8732330469035856,0.8288461877183393,0.3461711329136134,0.9195759782624353
669,-1.8676860612634072,8.542489328641416,2.0090303440131563,-0.05081036476052519,0.1810190572872395
670,-3.1298440337068785,4.640615447132305,1.4652519453018533,-0.04595128113571922,0.33555650429159967
671,-3.0938445971138533,5.52068772759502,1.213428436316151,-0.062224914199334916,0.30602812136234986
672,0.6973159183285523,4.118571147604958,0.7701768611600907,0.25979602024631554,0.4945385086417822
673,1.0633339547950973,5.3590444954256276,1.1089649364025145,0.2858040251188262,0.46442791685147655
674,-0.05091348420286706,1.605752315564766,1.378588788477211,0.3091891011318156,0.5142554523776222
675,1.0987988115484992,2.201849325164526,1.6272529469858188,0.3718551338744268,0.6647450714082114
676,1.0016778653404463,5.032663070541108,0.2934735534474531,-0.11485632044928466,-0.25132409504693326
677,-3.5148520432304515,5.0222063861614,2.398338132141621,0.41438979198324105,1.2601607039038214
678,-4.664622688997727,10.421048309725697,1.857280645884806,-0.015450367353015556,0.558427275449702
679,-1.7031774354097684,4.65051166660017,1.5186327993492188,-0.03306228248130817,0.25502525033018897
680,-4.603719102207354,5.163923804615513,1.539835877125641,-0.20055852532060284,0.2719478698502109
681,-2.39016082409344,5.188999096220549,0.7853997537796195,-0.057802794578549976,0.2267406997188463
682,-1.8070918692290028,4.8620569227103,1.2802421568481657,0.25633264939450195,0.7385641610896456
683,-2.305749698790415,4.011403247129074,1.385278153950733,0.10593555252777848,0.5819840453964994
684,-2.8318187642645403,4.173087900266652,1.336438838625605,0.18255411488092074,0.553242842066897
685,-2.6813038242227742,4.279911234163377,1.387832683191221,0.12288749726497078,0.5965359621193815
686,-2.7929546842110162,3.9678348364189957,0.3865335958618882,0.10594146474950913,0.530942031572128
687,-1.6170799810830119,2.9862266380240974,0.24090164765654767,0.2611383180623342,0.731000244291915
688,0.9731871267419108,5.184775185677763,0.5417376292530571,0.1766148533446143,0.29793345591111975
689,-0.8979500580326054,4.0557607203611505,1.3142424854077097,-0.16628232696026718,-0.07349585274264521
690,-2.9186798810570096,1.6322543708159065,0.9942332867851472,-0.1711070154536951,0.13115061592850516
691,-3.7567497293017977,2.222102745169502,1.823619428241954,-0.3110448009492882,0.0010030817565965626
692,-3.0429289209165824,1.3639752326398413,1.6071408763732926,-0.28839324737247063,-0.06811990230715531
693,-1.153746550037901,9.050106940379518,1.0698756939205796,0.27909715925539214,0.7377966295920865
694,0.7537785025325725,1.6517528290128431,0.7307403117299376,-0.05483343963779413,-0.07901047444063847
695,-0.9666933845976914,9.992721358273888,1.2027424949247163,0.38863598361041346,0.9444539086776702
696,-1.0232872057106837,4.940843051077957,1.4364856966439286,0.4881384961545186,1.0739480263489436
697,3.505190767127696,7.3518015213559345,0.9670026226679272,0.5018067277168486,0.5762925585639566
698,2.455336193655681,4.401888498498372,1.0040851913014588,0.5273327723307369,0.7362797197073335
699,0.5613271047368096,5.570182191258957,0.2639477014558135,0.3867085772214107,0.642186207207282
700,2.7151190765496906,4.14290586986285,0.15064751462225925,0.3926859179635013,0.42350144084439384
701,2.771502189063502,2.768488226695127,0.35429834174994174,0.3891950244975805,0.3816276252135209
702,1.552043431667106,5.190653037958584,0.5170517534900527,0.3118848678294937,0.4611350083837082
703,0.04146974658353489,4.75068387616355,0.37255061814930424,0.22780727423177066,0.5142277243715859
704,-0.28668610920709753,5.090247111373209,0.5186793487097897,0.17982324866932275,0.4479781668374654
705,0.9367264128871543,5.065721436594599,0.66489788344527,0.28668142226248167,0.48072885402308113
706,0.66935361431333,4.0094028581321695,1.1515514410499157,0.2598972494832773,0.4384967204323102
707,-0.8276546665917744,6.456135394728937,1.1062912767920716,0.1705548823235296,0.46137082454777123
708,0.11404983803782012,4.997822644836319,2.103286589797778,0.17545209314079493,0.3788414554289366
709,-1.2468024911404298,8.861015254581405,2.648747478711541,0.47669566572409433,1.1623512715877256
710,-1.2045648954932249,9.288708354064228,1.2872217912394484,0.3833458311070128,0.9245056977849389
711,2.5807984368015626,6.020970016987519,1.694440239949616,0.5328928012470534,0.7832327895277774
712,1.3639944914444373,7.310173466787441,1.022227148645274,0.33615753884916383,0.4929307733405875
713,-1.4254639992189528,4.311183241130175,0.38017003442893565,0.16525698620340704,0.4905124855770125
714,-0.7188700385247612,3.3906556038086446,1.1263354400751702,0.32510205323793034,0.7885708653940241
715,-0.6581029679136335,4.067304622397969,0.7516565630106253,0.3134025527082236,0.7205386446102899
716,-0.1643677477374077,4.320065007954463,0.25133066321156294,0.3878389375771802,0.7645413207546389
717,3.1198851330517825,5.880884522298384,0.7825080494445926,0.3235237197527814,0.3125663409209899
718,2.783649626174159,5.840240582962497,0.6247202637177769,0.32300938113622996,0.3117582851104858
719,-0.9537191576640192,4.928141174232682,0.5492520444937384,0.4473693406825861,1.0273148815696265
720,2.139363467428347,8.037740919316212,1.2909003787402813,0.23362709783638214,0.2866078774564519
721,-0.3562330362807316,7.266771016587385,1.2280120282847535,0.17645352749291798,0.3493947985901616
722,0.14126134981197713,5.406428380513782,1.3628579675301384,0.4111150434561537,0.7969535923338135
723,-0.6580524042499669,9.37609339521205,0.46470144646283984,0.3378082469822499,0.7399166959680544
724,-2.157145072612073,3.4247242244065323,1.0524427200543287,0.1207703046284016,0.536697559840087
725,4.387332697330007,3.436231313325276,-0.22474285333419108,0.41486057279561434,0.3507006293009018
726,3.3702920489467143,3.576991503056085,0.3752254127444735,0.5484935564273175,0.6140568154983228
727,-3.904248316683775,3.4107480336206852,1.257368918278341,-0.09658109026117306,0.33067291028876644
728,1.8746776543299508,5.366079683787418,0.39437888187182285,0.2560621064858864,0.31340200606804264
729,-0.8538498472439279,0.9608515013863311,0.7837099565932105,0.028037338638960494,0.2695234661877368
730,-1.1668914844090887,1.7414997220674326,-0.85472333220809,0.10980265967037452,0.3692758392980853
731,-1.170124048794352,2.090243450141842,-0.9728808935376809,0.21508748311851855,0.6476080222703791
732,-1.1688812109653917,2.06306715921871,-0.9752981786615841,0.24112160598722915,0.624979742032042
733,-3.124422904160475,1.902364572121687,-0.34439892213560214,0.08373138425899895,0.5549856622973179
734,4.9032157491321895,10.72245926757945,1.9180085669772997,0.5966574221463345,0.6335529846575657
735,2.3642062099302685,2.2902869862921715,1.205678082014946,0.5545523608933857,0.7859769187745681
736,4.585815413712082,7.891711305711759,1.3720608039489803,0.3963599211036585,0.3132514103177451
737,-2.1250144276953162,2.446529480722058,1.1482623226289201,0.030068379596659978,0.31238246392856245
738,-2.425942499319284,3.5486661594480124,0.7790278434078913,0.14787495160137834,0.5894578432145114
739,-0.5459898201270454,8.969309051322057,1.0214292244493284,0.2920622569089981,0.6277000555459823
740,-0.6129839324376638,8.785562997529697,0.7553104277525658,0.21961402435888436,0.5478228084445664
741,-1.6201416962011943,8.620722107436489,0.8295160940083915,0.237842313202871,0.648450062342315
742,-2.743564060069169,9.678198022643192,1.5952099017895713,0.27641087854493884,0.9360292714505124
743,-3.439941924107361,4.28643101263929,2.024646224416188,-0.08892221360119001,0.3316661367600612
744,-2.8487542900901244,5.267682650619471,2.004882774827963,-0.008236605044448743,0.3823464246062654
745,-3.2587804498862996,10.887738227144535,1.7513453666852932,0.09140153182977602,0.597508813648905
746,1.7915609477932284,3.9746192133359353,0.8385226476456927,0.40337263689203795,0.6402058125412251
747,1.3428286331455634,2.5487759286108362,0.26390687457640866,0.5332791814642137,0.7916290619442332
748,2.646543948462785,2.839440579859076,-0.0621203683570435,0.5555645067580517,0.7812617538525927
749,2.0574240684090284,3.433249339115227,0.1515920870916332,0.2625399411420575,0.3152225263488542
750,1.1757227341730618,2.9718841913675638,0.8571770597763828,0.34955824548906034,0.5614423610254974
751,1.1187844505135314,3.7655810408257318,0.24568791416731486,0.369438238845269,0.5980186186024024
752,-0.1944751433046435,4.731716888185536,0.3512150193696484,0.2377618655166102,0.5247299394114678
753,0.9001978335923962,8.079222912522766,1.529660077894982,0.23732819900107807,0.42536302489706695
754,-2.073533874361336,4.730986951525745,1.7056731414357886,0.15578171426070944,0.6330659855894507
755,0.5613320382140573,6.448099891069418,1.2627669379702868,0.28316221603574016,0.5848313231326154
756,0.39667684758579524,5.165868279063987,1.1813861199554425,0.26408153468356055,0.4918948893889702
757,0.29515892686587214,7.956347392171792,1.021477556147941,0.24021886993231825,0.5065986280011642
758,2.469162965438839,8.270405035149112,2.1511844052953712,0.48004848933083927,0.6917215736819978
759,2.840809350546541,6.570941690308854,2.0717164623244195,0.44033831326511463,0.6108241274708986
760,2.0011287450333497,2.297871381204213,0.5191086299198027,0.36577531584221556,0.4717517836936533
761,-1.9915359901243848,2.567630131423019,1.1179363915145666,0.23826142770685368,0.7531087415841096
762,2.0048346999067834,5.966853834541554,1.1351240878738926,0.4846478680763398,0.6771591703329591
763,2.057165201785488,9.729844723845332,0.5647145701372773,0.4529993838770091,0.6776442008847804
764,1.519001195595623,3.388009151575723,1.8101573481835127,0.32681537093684887,0.46467293744323396
765,1.9054059886730608,4.66422712765293,1.057993402681549,0.4196289849767337,0.6067246740991555
766,1.7883095705348002,5.80458979932558,0.8707579800155649,0.4451324084747247,0.6604652656980109
767,0.7672473376582556,6.957404567487412,0.8148439941029091,0.16390161818184282,0.29078000811923055
768,0.6155529163176648,3.8472228802457016,1.1533192632305354,0.15051741204511346,0.27946251475788675
769,-0.9974575974681105,4.205959054578289,0.9393379492055467,0.21868381602884363,0.5515941654912595
770,-2.433197190634511,4.677069830878334,1.0060973298328002,0.13411692028143019,0.5632504332845331
771,-2.642141227390161,7.0217916796307485,1.0963750967465156,0.1398739072973607,0.6037149563608498
772,-1.6525452661617275,5.7555579794660705,1.926276519085921,0.17346894359655537,0.621691551358394
773,0.721521183577851,1.799001688526097,-0.5413376879994378,0.24598758814413446,0.4329531426938929
774,-1.4742332212362828,0.8131213240863864,1.2703397712046258,0.21391783155902247,0.6942516381053254
775,-0.5358531989684715,0.8100819900641357,1.4994129026622751,0.24596656328008645,0.6617360580033105
776,1.1098587942796747,0.8380610114900632,1.5216057588925394,0.21223574006060617,0.41008819754264203
777,1.418456813591774,1.6168585374074946,0.9694856925388554,0.1331034391295936,0.24400075834245694
778,0.6789068031470111,4.277959290253544,-0.04578876754864008,0.49445420080441715,0.721477457822168
779,2.4202807049990036,4.475813859555457,0.05800365936594602,0.5518609903551246,0.7890220428693955
780,-1.3606622675711924,4.474732723640569,0.669000867020607,0.3020150072106673,0.7865923508341254
781,-2.2189027765869094,1.836890873652868,-0.0027203524117438084,0.09345921267285627,0.394416475831818
782,-0.3954928139359645,4.327539402101568,0.7911170599041587,0.1372719387253682,0.3912365558501124
783,-0.6850100240827239,2.918535821503643,0.3292576553262091,0.20329567009061514,0.4739854506939285
784,-0.618067115864116,4.674550260761089,1.168961397939245,0.4210401432414756,0.8096698229407034
785,0.18065706477921725,7.471925653992446,2.338713281100878,0.39663758235556057,0.8756011177911355
786,0.12630822013138676,7.665133912490145,2.3385714619520184,0.43235872671715164,0.8553693892591395
787,0.6248374175729831,3.4744560205479664,1.6048992701461353,0.3098791544824132,0.5672256563756138
788,0.9089706588650818,5.263141443870159,1.7380361277327616,0.3964755802447828,0.6574972656428815
789,0.568765105340916,8.969579926653317,1.6878385707524917,0.2668863495978042,0.4615127944917746
790,-0.25488513228064635,7.720389460345493,1.3416127665018829,0.3145258471147526,0.6270739049863927
791,2.4019747455610645,2.4503238560719733,-0.08236071266776777,0.3328897876985323,0.3793929964630418
792,1.6643521748582673,2.9866975083982132,0.030744429782641906,0.4028574094461657,0.5524741052005536
793,2.4750074685970294,5.678475856127416,0.8117148420615933,0.5237481152915516,0.6789210837905981
794,0.9152393917812371,5.786997772108749,1.0223086380784026,0.31221499301106515,0.5798561141366433
795,0.5568379178662367,5.0345601922997,0.9989260039021309,0.30635920626943175,0.5373666122700176
796,0.6064670733714952,5.881201850670889,1.0424594438105204,0.36748575234345193,0.6025634291725255
797,0.3994570800882664,8.971788945628568,1.9216313683478647,0.30444943397174784,0.6539061828848729
798,0.5096597613531259,4.568153390969879,0.6883864803481035,0.25221711882759007,0.48995800513467785
799,0.6018672067031898,4.809084598496375,0.5993485096274815,0.22666882682606176,0.5125265506264537
800,0.2386378869956494,3.832066905345302,0.8917025672876442,0.2857466608329471,0.5524502254041458
801,0.23239906172671765,6.468831275511466,0.4191032857627619,0.17497910567576802,0.34271870906662993
802,0.45907944947370055,1.822322104616761,1.1002887176936704,0.19676942977382517,0.34363102495621795
803,2.1624541652478544,3.163891597118042,0.8423701669864689,0.26718825983518923,0.33180508746335685
804,-0.7757518241827818,6.5491502747556085,0.9325734243302164,0.23334644356744025,0.5935900845220055
805,-0.242578494426452,4.618415883299746,0.9285078858812599,0.13085693363045686,0.2665553978243222
806,-1.7259795556715498,4.251385113108653,0.9020854822032566,0.0222577830356051,0.35246943793103525
807,-0.00407355896948866,1.7369022471992468,1.3730667971413844,0.1057284483601892,0.2690222464172676
808,-0.794264126609733,5.279821424416177,0.6225590684151396,0.10463981497263065,0.34844171120481465
809,0.11841655013134207,4.994302041751248,1.1985430275411415,0.17303727675050742,0.3617375173800505
810,-0.9634910341083281,8.308070565554843,1.1942548371991846,0.23414627281863118,0.6319945017493702
811,-1.012665410643397,5.15130275304254,1.370534399950037,0.18796133771690904,0.6065075259230877
812,-2.5001675271851145,4.007864536658512,1.394290326753769,0.10956956963023791,0.47131876282300394
813,-1.688302261185466,3.778752294745098,1.2740835600541875,0.016797735933102957,0.2946427940141935
814,-2.722196208779798,2.8108607808858603,1.084752796742462,-0.03921631316076315,0.24387232137695988
815,-2.286671987156347,6.545284584204142,1.8957824178236853,0.014387719967718883,0.3618897319007219
816,-2.619042675138815,5.545653749421989,1.404277533836129,0.06742869864019846,0.4659180285479815
817,0.11733076779648328,5.566302814748871,1.3273546568256829,0.20793182380117656,0.39463070589072685
818,0.35822776459931727,6.460715405541713,1.4223737964631398,0.17671382969341984,0.33634914416823164
819,-0.17491561365906233,9.980426872195247,1.75262686064097,0.37462168243185445,0.8062893107385443
820,0.7867623879478358,2.8822259715911893,1.446366533608427,0.3880052751782567,0.6481581457910476
821,1.527015701371959,3.3306739454512093,0.3211490574577282,0.4446654686232776,0.6210063951474151
822,-1.977711294051456,5.287360801200425,1.6211484394592488,0.1230649438924229,0.4766469100177846
823,-1.9698911503984473,4.858192273615917,1.5811146799320352,0.11211325473548579,0.47244215750675245
824,-3.1625111949980425,6.419960523314791,1.306480065487754,-0.11901886833499772,0.1960039606032737
825,-5.576184270102527,3.8054866261028906,1.9258397684361868,-0.11092833550050396,0.5101045953244777
826,-6.444700021202749,2.6971314489021236,1.468942186697915,-0.2173892560256908,0.42454507646743506
827,-3.8247645590059944,11.298590654982293,2.0153489138534857,0.024688444656165542,0.5426500327667205
828,-3.7028273766051947,13.872767251883259,1.9660281171660396,0.014692332115110238,0.5560555287494033
829,-3.9369930072969757,2.1490035387266544,1.0474599250928753,0.2919628614602484,1.0822356813120657
830,1.018519511691034,8.064258015349234,0.7673199465325826,0.2469772642877846,0.46813530856179325
831,0.7070612276750654,4.828092830464751,1.655810903389645,0.24234869950956162,0.447647251903787
832,-2.1142354811229493,3.924887288347962,0.7449646835289907,0.16608058877321605,0.5886642549713638
833,-1.2361593722710686,3.2550969070870903,0.6401044847253048,0.22663077370730025,0.6102228859148268
834,2.718134099399958,4.528791005220191,0.19852916898200193,0.5349882105132227,0.679651924217995
835,-2.054134002258862,5.05060560280311,1.7934778784948138,0.009195141329791545,0.32971367479906055
836,-0.7866910687235118,4.1176044240172525,0.42255545642745845,0.0944611938059849,0.33393394723860925
837,-0.7268375551704157,3.981404192548042,1.1072945744198122,0.1160886571764033,0.3382739754487755
838,1.2450889911762613,3.0801723378030617,1.1665538174817445,0.26809784681494986,0.3960801793140266
839,0.8741928455529738,3.5597505033230075,0.20089655722633293,0.21154900033640908,0.3113611313093207
840,0.929159546673132,3.5198879931068556,0.28013114603076517,0.192225622691385,0.3531533302528875
841,0.998270248652929,3.506916062142507,0.26275235273048664,0.1961513592231819,0.3430050544075868
842,2.1510465871469324,5.1997270881762185,0.3611388695315967,0.25140004612970135,0.2655997492529603
843,-2.151220858035879,2.295911259305212,0.6547591012416059,0.04233406156561689,0.3550555306990477
844,-1.1472144425409874,2.3043689642580896,0.8005388661831758,-0.11680262816529663,0.06312367116556435
845,-1.334322497524066,3.9498755945795367,1.2323478277447624,0.15690986908811247,0.5815574169868953
846,-0.8327974175973816,9.518188543526087,1.6384477272391693,0.2315180284043885,0.6515915241722634
847,1.0191448918542536,4.284573773625957,1.2632335386781253,0.27118031245044794,0.44244168357959796
848,0.6805713236884597,4.16712673692431,1.2287252094952672,0.2849195400928894,0.45203729617588023
849,1.6467697941856276,4.451318693071629,1.0405380446888934,0.346645900415821,0.5280358318593439
850,0.846370891811634,2.367586499151687,1.1776167622397031,0.2218626234218262,0.3453093402386565
851,0.07525176638618893,5.842906519201113,0.06704858520517318,0.15059182833412574,0.32528925386144825
852,-1.0099468582981441,3.8967762164056268,1.1256031662541628,0.04511086228864487,0.23995423225826745
853,-2.880428633645644,4.2868094750665495,0.5398021002335158,0.20164127702117102,0.7643581259782369
854,-1.3347546351632686,9.215771716475615,0.8907958376217939,0.32702142769105313,0.832311613827967
855,-1.4734826445903582,9.306643506995067,0.9442822698194557,0.33948087794349796,0.8242548214877458
856,0.2542122843477742,7.003530814541366,2.897936697398508,0.32624224484355113,0.6923963910185051
857,0.3848831946667003,7.433573516113508,2.966505348662081,0.33420722423231675,0.6993630983455689
858,-1.1149614222368043,6.2721911434142035,0.21437452264584556,0.14775144545094243,0.4315408987130613
859,-1.5130061919602318,6.0987504421523555,0.8273609596120033,0.18355923983943231,0.6262888156211491
860,-1.915764177845607,5.738019327897624,1.6564022166811274,0.3964722240327517,0.9714963066644007
861,-0.24106014767119388,2.460465140451524,1.0557838657149483,0.21679404205401792,0.5607762047658424
862,0.08530151080720298,4.245365184391645,0.9956579862327731,0.25525396961038554,0.5693800597042444
863,-0.5725430383958893,9.133819193046872,1.3910440156529054,0.09730856844398571,0.26539037305288277
864,0.017353726916717674,12.350126302539223,2.2974629601062673,0.2112691035085215,0.5213119023743075
865,-1.537772369508843,5.409925799941581,1.5382145016859579,0.061997265900257906,0.39881017977880806
866,0.760374545066212,7.085061586298577,0.018223763636492887,0.2375724996506486,0.41898840699327616
867,-0.97544492801526,4.149666155273126,0.2761635083522866,0.14094377359540045,0.3964682839234362
868,0.14561883739641182,2.373246146569191,0.4216072313060792,0.033706896525338155,0.09730086461967674
869,-0.9104341631183424,2.3100336241876485,0.5253651433285339,0.030877210513284688,0.23211422205842247
870,-1.8787618078161155,6.566257108524156,0.30718648716290026,0.3812584215696922,0.93224122151393
871,0.2437667418557036,5.447913445645159,1.9397056378305302,0.25746391703376914,0.578495888679383
872,0.7084056678554396,4.2408737810588955,2.1282646100635487,0.2003928435552105,0.35155628195766186
873,1.1523313019354204,4.204163233716285,2.3174681373904464,0.18482474796571144,0.3109017363477638
874,1.3127101544364965,4.3286389645146235,2.1857528167454277,0.17383379241349356,0.3648622487580986
875,0.5255456781555106,3.5049272420724873,1.9300693911159503,0.18854745908154766,0.46322493140077603
876,1.5372402638574656,1.673811247590268,-0.4913455481210731,0.10059877852330287,-0.050770419252036084
877,0.7593227400332215,1.2090672654544021,-1.0733372023880903,-0.1650291963328619,-0.3071507056054705
878,1.8691298051766643,1.2799123899835978,0.05351488712015154,0.03509944649334863,-0.03573889759219339
879,1.7151349905267577,3.0305208934578425,1.0310443868573185,0.45405762104135394,0.5238095417845215
880,1.8368673748309543,2.811454315425545,1.1223837612538121,0.44534431710471806,0.573815082233717
881,-2.6243103393719824,9.571547092446888,1.460125993863769,0.12994805138778898,0.5882807063255575
882,-2.1013903595285237,7.300749918235188,1.4583848494242224,0.16837609511377674,0.612257477927445
883,-2.165459752369781,5.969349020511667,1.558732576398931,0.21071487289995566,0.7324367883076905
884,-0.6745650644667777,2.8703780415681246,0.7323979538796133,-0.17496526761614614,-0.1254195930332556
885,-0.8149933298694918,2.8117811482449713,0.778902673000017,-0.14912389994780997,-0.18725614339896138
886,-0.3690443303346031,2.035184000583016,1.4734155906497346,0.17917907397712915,0.35065560135351914
887,-0.31102025190004046,2.194843920403812,1.4644485648345795,0.20841739578236412,0.33160516002858925
888,1.5021366156624174,4.848871893819564,1.1694751482713366,0.21880770199664815,0.317691296264216
889,-1.2896259713573783,3.900723042514892,0.7699785691650916,0.09750334070969634,0.38860980271257434
890,-1.61625679612727,5.244623505733562,0.5750945517753822,0.0576966720673464,0.32395882419952077
891,0.489138704187777,1.840374600622455,-0.30305424068256714,0.013601876497028287,-0.019061650108717475
892,-1.0174875296943864,2.2203499809162484,-0.20902432920827005,0.142514421410665,0.37577435290499295
893,2.257065143524456,3.265012335491232,0.8354409918866728,-0.000375379041796795,-0.09392924005682958
894,2.0546111402919203,3.3471535078011714,0.8557012802109567,0.010910311715410074,-0.1159298372885562
895,-2.8078884363852232,4.34549850076225,1.2358346717588284,0.1250755251415886,0.5964434284496287
896,0.3602884095591262,2.4566745227720324,0.6416997646002262,-0.0646559855235962,-0.0534213285025323
897,0.7643220080177568,2.2960969808992746,0.3825267773622224,-0.03653937521497044,-0.15824219618253157
898,1.9143017869393772,3.541191548693181,-0.11774066672343395,0.005748241585684247,-0.19788990783564964
899,-2.7005468175143785,1.6709849026909211,1.2535953273970335,0.21743292976715273,0.6575389642040986
900,-2.405986628067363,6.795838202711416,1.141543696099441,0.04242299228725403,0.3678489198405469
901,-3.94790493286198,6.947441816768679,1.460157409995193,-0.027797200326897954,0.47734288468513125
902,-0.9506628353103963,6.288209199015267,1.6907970843347102,0.0023700580151392097,0.21335537026841153
903,1.7977346971840504,6.14495448813243,0.09571319318820204,0.3809118824698916,0.5157491668815715
904,2.0584282568821957,2.555194962801356,-0.012883489098019119,0.3075244790330488,0.3338494602376918
905,0.08615081660708215,1.3018667481713664,0.2392419587121036,0.26233814897328367,0.49005119234389516
906,-1.7054113715146482,5.773392472213621,1.2133490789596018,-0.07971412653998183,0.11601746723621756
907,-1.9694677716538374,4.817461645669095,1.132812925717997,-0.09474265120981823,0.1451694246174243
908,-1.419788220722924,5.84350860813528,1.091697520977254,0.29695513183237454,0.7148180451835906
909,-3.190512250928378,8.291597624139218,0.7938711679040451,0.14980453431570737,0.7531768084268237
910,-1.4556904919236413,5.692791819604971,1.4883179038547922,0.4402630110283159,1.0760001343932815
911,-0.20022749843386492,7.093194964260744,1.4323399085837183,0.12407859745925812,0.32740608711025204
912,-1.2935718225084643,2.0964929737440996,0.28193119034712755,0.06650278833309951,0.25006850716231127
913,3.6093026666702013,7.968755756300076,1.0471224131271009,0.6708640252303293,0.8059119795509299
914,3.375233530522218,8.374568689296456,1.0491466204969597,0.5898535690220155,0.8402015555470868
915,3.942301272471505,13.98403844905398,1.5556587592849496,0.5255374021889101,0.5922214022484669
916,4.178850185234469,4.992284795579754,2.1572054575147646,0.5939442783863674,0.6931523672609257
917,-0.7497615569672544,7.437172841466998,0.938712807553209,0.33764320309532575,0.7159089322149893
918,1.1593287984119363,5.291365884216656,0.5765919281871736,0.17742036539287576,0.2600451495155323
919,1.0016227541796432,3.3151658470548426,0.7681015062624679,0.18399071666200828,0.2901376548918238
920,3.5061127066104345,3.579883028651608,-0.41352553060697195,0.5911536566722747,0.7217982260833933
921,0.9454174312233566,5.617439005867922,0.8427814104002735,0.4142933606092699,0.734157988357779
922,0.6464640468337493,6.236325908641495,0.8431187363182016,0.4306674380358782,0.781936380078773
923,0.4719158598966095,2.9373839356912157,0.38922486864814065,0.4882253915690919,0.8811488236880732
924,2.3816431885620375,5.197706696879285,0.584023927085871,0.4879148480233278,0.6575367990922727
925,2.816303438937135,5.994543599458937,0.40639694616747446,0.5448596333153471,0.6980803936218056
926,0.1939390724180719,2.2273514184766072,0.3652979593421368,0.17263764658710318,0.35517419015757096
927,1.861853632095882,5.587773804483836,2.4763309904357143,0.2837146805305097,0.462886498663167
928,1.7306102031993258,5.654681254584992,2.312680692892174,0.2884601064990266,0.4587344298237155
929,-0.03790969047513611,6.684686202794016,0.9982091436922089,0.2632748432818784,0.5019911081954507
930,2.295578333351063,3.9517281204413144,0.8647715293389202,0.3679193277983814,0.49737559426639755
931,-2.1402249930398196,1.0452080633704635,-0.11722660665075028,-0.15497486007156638,-0.0352323982852082
932,-1.5848542135937462,1.8736644452542812,0.188710262313515,-0.43063716485836856,-0.4973080825597347
933,-1.5308958193215942,3.348510745291396,0.24600879963563685,-0.46357756736423356,-0.5773202029901228
934,-1.5218989984777176,0.9340411708369453,0.1106924938553066,0.03890936088456891,0.306659553307285
935,-0.8869755227430923,4.882358350965846,0.23565265640928484,0.12936649227335853,0.4393370818328526
936,0.29679244493249657,4.369437012412709,0.6943434491355982,0.24169358754461792,0.4806710276661328
937,1.7712652065175147,5.339203118548751,0.282375617040503,0.3148358513949522,0.4627531716509031
938,-1.0545468204692923,2.9087745100620483,0.8832278414466493,0.20221831556857994,0.5665679986825901
939,-0.9096465640114433,2.833986548332427,0.8867245210224418,0.19669812601197423,0.5729579711665964
940,-0.8631366879748661,2.923464268442464,2.3229443264084573,-0.07961516776520507,0.06664658706753337
941,-0.02667921760967916,4.219792617189753,-0.27609159705042646,0.6683594165328649,1.3458166567129892
942,2.920436001870466,4.83350294237265,0.46013187296804564,0.6534668922191097,1.1075068073507488
943,1.8568047856767635,6.7562391692256405,0.43585446294222807,0.7280468599877489,1.00811585255844
944,1.5130925063436447,5.6286080063097765,0.5334110649427166,0.5665749548345309,1.051393424857425
945,1.4541595495332222,5.650146240223308,0.5792921205024376,0.5858237692639928,1.0236804778163373
946,-0.06372239148829015,4.097241710868976,1.216203258282429,0.020703505669551984,0.07792629868695068
947,0.6048711034197289,5.087794496205156,1.359503908533078,-0.05604061915675889,-0.10221474783928544
948,-4.59074092724694,4.357202731198166,1.7421627456051862,-0.2281448767331146,0.12725209264266976
949,-4.69579689498562,4.163784772628069,1.4402890465762335,-0.00042797750096248163,0.5389560429259296
950,-0.6393339543488358,1.0853790076243257,-0.08236156082388443,0.01486466053573161,0.05433165663339543
951,-0.07739286705583887,0.9264648213350465,0.049333861643094085,0.1426888957340113,0.30573270777076694
952,2.644624988937976,1.6818866997755721,0.009312790462703538,0.34816450726738124,0.37292108911631966
953,0.7715598132368718,3.7340608714056307,0.48203111389513137,0.2106534189974015,0.3257163063972931
954,0.07147538590809493,4.645400525163376,0.8093353185071903,0.49444408305649834,1.0200117575290106
955,1.6522691023114422,5.576130836455487,0.24759163385237418,0.6223822061319071,1.051852489770573
956,-0.4379275692990656,2.6750242658529646,0.6674183932053108,0.11798895275801996,0.3087248834513288
957,1.388319840732039,1.6311509775830253,0.4142899397502492,-0.007399467906899079,-0.07261811376855304
958,1.1907928399035368,2.3122857306810713,-0.15666373841810408,-0.04168625489266819,-0.13489578664697105
959,1.9052424277678577,1.8182961750720088,0.7758942447207232,0.2702487238623065,0.2831955454240091
960,-0.518873979036568,2.862260092162728,0.07248564088911852,0.2515345190391598,0.5471380644075301
961,0.19102330617392374,7.262560886867196,1.5678699213542018,0.15431289284735483,0.3274467815898651
962,0.23822918549104544,4.505421823101345,-0.49038690401589574,0.4831179699867887,0.8710527889286316
963,0.5701345120015563,1.7127348372435973,0.7319122300677561,0.867863031901967,1.5964236325121348
964,0.3819399611916981,3.0896473797533033,0.34696492331774254,0.8132964833422861,1.618953700309057
965,2.1232597010344945,6.204300964717805,0.16231152724042394,0.6647672489431549,0.979903755503403
966,-0.8415115768059929,4.9056169195705355,0.7335910731588905,-0.05137165648008454,0.030620512009074126
967,1.7979328954104534,2.5663046507189966,0.2095363890561363,0.4606786247032312,0.6784378398442099
968,0.8609204997986781,6.019274728257686,0.3189762566381011,0.33457117903910666,0.5789501126027454
969,-1.936013532829246,2.873727024369185,1.3661658790613467,0.25654198267647726,0.7216650876379005
970,-1.1012327808967122,1.2741971852530418,0.7911624147146434,0.2630124657859006,0.5856937576882358
971,0.680626044434777,6.3044399578744255,0.2604361468788701,0.1890366233408987,0.2701604344663172
972,-0.6424279369832768,3.8945776165856865,0.9478059451506943,0.13490763399843392,0.35979294215512253
973,-0.4677889389460854,6.006660286652216,1.1251990381041566,0.16409103226107247,0.4282334542832342
974,-0.31524498954153923,4.091476796850292,0.6104748266924318,0.26681026329174595,0.564693149802234
975,0.8742157777621563,5.09593377380893,1.0289464545989104,0.34039645779764854,0.5633057191498636
976,0.1597317724194018,3.478014506538772,0.3600851119979448,0.32920603506798896,0.6115272436990841
977,-1.5321205654574457,5.39690403349437,-0.07583358362527032,0.37837322918541794,0.9329963167183732
978,-1.0850481666142948,2.81872773068616,1.5787067677111004,0.4563151284983283,1.0619114549084134
979,-1.5527486514194575,2.742779402344317,1.703922366469173,0.2808081982515476,0.7729160158814691
980,-3.7946659144401025,11.089072700125824,1.4006869368841592,0.04368581567896728,0.60431879699006
981,-1.3269043563621128,7.053750349788291,1.1394934721004542,0.21142079016303889,0.5964678685759514
982,-1.8049406172494633,4.379932690407637,0.9223229492164252,0.21518551553036094,0.6567853363078859
983,1.8424388899851116,3.5141783981253503,1.3235040225307653,0.29386866015051744,0.4400662561347501
984,1.5272533377768236,3.8903715379631465,0.12316912416904034,0.2983731086189897,0.36936631648893703
985,4.1553119701511685,1.6831600065510481,-1.1358379240810674,0.5326778596269999,0.6093077839873993
986,3.5004890678845446,1.9081882672607218,-1.044167066194087,0.5972599185901187,0.5521716350564515
987,0.3707704755043423,3.5949363867580435,-0.5431999576380248,0.24357790395464682,0.5659476742160702
988,0.6065159452222402,0.8188872016110739,0.21629089677157828,0.29259258144150607,0.39034987721626274
989,0.49515118378951367,9.771657283814873,0.4502690250211915,0.32558933695017084,0.6112535642279545
990,-0.6509267516253613,2.5059495223900634,0.10948953516298851,0.1738919434172843,0.43200023139068083
991,-1.077881529744049,2.02619255037319,-0.5059403176452816,0.07161801933899017,0.3383521731037128
992,-0.42927460597861006,6.0663627903891975,1.8745433189747773,0.11007721323088471,0.313075569115687
993,-3.8036619806400593,8.573826433310389,1.7812117303121036,0.10804534717640625,0.7365869827570245
994,-3.525790215875705,5.944447542884888,0.35338893484731443,0.1502471183310172,0.718264886340024
995,-1.8520235775842178,4.815264250615405,2.4820698892775295,-0.070703497798836,0.17282881230809283
996,-1.9559909472221755,3.0044389584692213,-0.5315445970474503,0.10872222633654713,0.4147905241832074
997,-0.9412137848041574,2.8066485676438733,-0.10177431085509961,0.28685870264129326,0.7758106417020328
998,0.5328623707027562,1.9326774336183201,0.46984245317351236,0.4462005414479302,0.8736869021831751
999,-0.6891326726481973,2.4361841859140547,0.4120625324449341,0.41825240275007525,0.8028119358199057
1000,1.7605965831730526,2.188346292303185,0.6210217676325249,0.27710332199414156,0.41104733333541926
1001,-4.165646701455404,2.0580139866528127,-1.3131231173135767,0.21787792219774738,0.779983815505148
1002,-3.7829358754887035,2.2561409641487433,-1.2309580776311977,0.22612653789461795,0.8544737407213613
1003,-2.9342692375882296,2.851457964995946,-1.4734128384429215,0.2512770135058885,0.776813775062405
1004,-0.3442292138791103,2.968759151141878,-0.3408052765984658,0.34344906022529403,0.6881920440110763
1005,-0.2584680716456995,2.9648300948642694,-0.3600494980324077,0.3329937628642218,0.7110969026854086
1006,1.6060333559122395,8.11635970061803,1.6490287372102446,0.41748687936223283,0.6242224551197865
1007,0.9924423216085873,5.487247094126882,0.7186426407782802,0.41159711077615657,0.7270147355995895
1008,0.17520834124917864,4.452817735412398,0.7448418428909993,0.40697843179322024,0.8069664958265037
1009,0.3277123793059744,1.358607419927501,1.389337960542234,-0.06564950832534189,-0.015252513176548504
1010,1.1449731194230435,3.805972766113218,1.652761127647439,0.5411890055960407,0.987690791042604
1011,-2.9866834693623683,6.170890386639774,0.86122592797349,-0.1862021981358322,0.10592181514588789
1012,0.7067927967772591,2.610226277957063,0.649750708610959,0.3426080020554752,0.5593237220263011
1013,0.9649730181768134,9.579510025106027,0.48846052063057904,0.3550541705983816,0.6189049764666033
1014,1.9392189132314672,4.5286037798125625,0.7401049310984538,0.35125745241849565,0.43851948386537104
1015,1.9392189132314672,4.5286037798125625,0.7401049310984538,0.35125745241849565,0.43851948386537104
1016,2.841928261702769,4.976353612346224,-0.5406216552112477,0.3297695250241114,0.3422602581894236
1017,3.301583054271801,3.9649700220988096,-0.3288661406245256,0.3491131321594922,0.32383419607964553
1018,-1.2194722744280344,8.099166897117268,1.44054790271373,0.30761506536031624,0.7381202716358853
1019,-1.5189427840056604,4.222062713136936,1.5469255083270739,0.34355783281011315,0.8126727311116262
1020,-1.0431478013353204,7.490571938635155,1.4691936676941384,0.3453712935642174,0.876345494000423
1021,-2.600184094078839,2.9574955904421523,0.34677620013880106,0.24314876063804314,0.737002751753493
1022,-2.2901211950633615,2.7742115651368673,0.7974758426280404,0.24292514463019188,0.7203253344488335
1023,1.9909895120428431,9.690847198802777,1.2850442918065457,0.6249838541188105,1.0570929156696873
1024,2.5070001984987322,12.422326451784627,1.3513335736067502,0.6879643952161585,1.036495608735417
1025,0.4680357423158731,1.7769189579226394,-0.6734496313783542,-0.03519279203922125,-0.11638372154061909
1026,-0.8593878068019226,2.5498204468969865,0.8176997761175819,-0.20962867583610995,-0.27553670269159175
1027,-0.5897727325983124,6.308059352634267,1.757032562983085,0.3448644980968739,0.869897567391433
1028,-1.033130462860487,6.980685120329398,1.7502136711194174,0.3188030740034146,0.8044144701508332
1029,-0.35851631367714865,7.4278837413694765,1.7775906071725083,0.26762485428417626,0.6281056626246396
1030,-0.18645793237601188,10.270675492782878,1.8458999994937233,0.19603592513455054,0.47193178061787333
1031,-1.5198308413014385,4.912593239014579,1.0761903882192567,0.2695724048056092,0.7266725542956721
1032,-1.0249234214244611,6.921586344505605,1.1568941903389778,0.14907307701016198,0.4347376599245739
1033,-1.32451594111202,5.186710518172915,-0.04810553088344787,0.28116194841023057,0.7357892839420928
1034,2.4984816560601355,2.08055794616489,0.5726651133448305,0.21361056550669624,0.12301059020107508
1035,-0.38875259810330526,4.818484246734368,0.22055035963653813,0.1961172951377303,0.4314348454755808
1036,0.7665746744460558,1.86863222159577,1.4058184496858135,0.2978640063058593,0.48772312057302475
1037,2.2289316492182447,3.6641956609263824,0.4938192557508053,0.409605421955713,0.5275508957113466
1038,2.67963355546096,4.801146471981793,0.6006762048303262,0.6246565018714784,0.894946268548996
1039,2.280725452986499,5.508419041571706,2.455516296200758,0.3643988045585206,0.419430924370026
1040,1.909765449300397,4.138680595401278,1.2197202856544742,0.2663962953281567,0.2353320625852926
1041,1.2941625730717699,3.6051764255081844,0.17555608503068956,0.28112032937584613,0.3951142165815415
1042,-0.7207536828132893,3.789790243303899,0.7931873750081544,0.17943136941327922,0.5113868830874917
1043,-0.5599621515890408,3.161890316126792,0.4880884486827535,0.0195968830084245,0.2481879346612779
1044,0.7523345013248065,4.6554959921312,0.904229671909238,0.40765964000969257,0.6373461366657598
1045,1.5144145810924046,4.01268740209982,0.7441483683034882,0.3922855180714702,0.5751454021179386
1046,2.5696041681123867,3.8839962778680244,-0.06630158296484162,0.4345761209387898,0.5060882995575593
1047,0.1078745896214375,2.8169619922126223,-0.2164915105618372,0.1712421113122381,0.37678370789905835
1048,1.4482994849297544,2.0795676147992883,-0.3471780453753024,0.24147359747918873,0.21208533905983415
1049,0.5678854737266125,6.539425396314613,1.145930169440701,0.4008787692135502,0.7477775989349356
1050,2.4985319216583846,7.112304842728428,1.9458922221737118,0.5458367867207097,0.7878915970107548
1051,3.2228228687869502,8.358241829407858,1.4888999341429334,0.37772995509971624,0.40262005841472503
1052,2.931273724626298,5.430830544058951,1.6559698767552715,0.41594248759450864,0.49593467609199027
1053,1.6513513779496365,3.363707702714312,-0.4796388046790663,0.5201941442606567,0.8180826389567802
1054,1.6116476861439604,3.461110304990188,-0.5089120605531016,0.5490767703815996,0.7780069592321459
1055,2.1887770141227505,6.589244393454534,1.6129108486369028,0.3227814829809096,0.47672554496191283
1056,1.540760855023327,8.112973077679284,1.3458030781449997,0.2827430926029454,0.4670658662502566
1057,0.659951210754564,7.157605036377066,1.097403993135912,0.35693237731236777,0.6465459025647208
1058,1.172288674485484,3.453092969307195,0.6091420354620337,0.4002604746410954,0.5938837525889964
1059,0.9332466459423889,3.85971199612877,1.001828694986781,0.42111289099480126,0.6506849417723701
1060,-2.2412790055852008,3.824133084457003,0.9537340947413553,0.21623435071684494,0.6538066966684841
1061,1.9005052591120422,3.565710616312966,0.8674251954975083,0.1828352514659487,0.151806878260478
1062,-2.692875114646114,4.530988786235881,1.7577436062255443,0.021340160574183864,0.3918926757697038
1063,-3.2899904384374095,7.67898368853044,1.5020426136131946,-0.01734061310587188,0.43604595874875873
1064,0.11432007615871492,4.202490553376726,1.294371670671669,0.15462554463269368,0.31821749801381605
1065,0.163409559835826,6.5366642626001275,0.6994507106065501,0.1954630287206162,0.3959509333782789
1066,0.21820470236230086,4.7105021222442405,-0.012678471295250498,0.3300290497601944,0.5940409094003094
1067,-0.2680604628613763,4.500040624344335,0.9475848032143726,0.2797437552185652,0.6237414842433998
1068,0.920833637466355,5.416623837296411,1.2803296141403397,0.3365209391867047,0.6138291623291103
1069,2.4918214975629507,2.770957057519413,-0.7720653412352754,0.6909162916206596,1.0033913357050999
1070,0.4388107359512924,1.6790659569171822,0.4288897946319421,0.36324786022144506,0.6818483877066662
1071,0.5095867465255136,1.6763506655453222,0.36283230637695335,0.36759219664877496,0.6758807198045521
1072,0.4029976561615646,2.1816973935299804,0.18005528190272177,0.42684557781080834,0.671132255654572
1073,-2.2787899222002195,9.054350005876522,1.4551314569821556,0.24804487335503098,0.8126444810189981
1074,-2.0603776142569354,3.7593171039641105,1.2536311098507174,-0.09532716500662687,0.12134161104664642
1075,-1.6662223784952641,3.3065288509310133,0.7458141446896982,0.008468280098157895,0.23891041596310947
1076,-2.5454228385480007,5.811525599641413,0.6082287806475736,0.09654091119117506,0.5563591741238492
1077,1.6562441738227827,4.959496761725188,1.719647814949096,0.32462060205874516,0.5129453758968231
1078,-1.0344619055640596,4.519658994560857,2.069132121412476,0.19696245265776594,0.48866355568113257
1079,0.28207349111673435,2.435518482803643,0.603331912679604,0.2710653699670485,0.579938373442372
1080,-1.3057274123522422,1.1179090767436397,1.0127299243472947,0.08494839433577861,0.27267448744830164
1081,0.6627170450643295,2.024237107111061,0.19338289672754558,-0.1340974616282688,-0.19043903807912452
1082,1.7855744460822118,2.394891893777493,-0.4539151647530189,0.0005489975150319162,-0.18818934494018055
1083,-0.8589870729387036,1.7855050314418464,0.08518536187024779,0.27567850160196133,0.6662706904298921
1084,-2.3683978765742877,3.4993679975248426,0.8997816217392575,0.20286338661623732,0.6550655744908751
1085,-1.1253999781456123,9.247368441761607,1.4486681508109562,0.3298560853626963,0.8552935846661461
1086,-0.3243748170458616,8.278489662452776,1.4389503953918827,0.15521816258307608,0.35073060199121864
1087,0.03338945694979618,6.379231854055705,1.6017964390307433,0.15408621041249065,0.30354401970232997
1088,-4.14947288755544,4.707419688380698,1.7654011114951733,-0.08781931917028554,0.3461409476297187
1089,-1.4068476711747586,6.740548587873719,1.282610871987139,0.04537665942484521,0.36802583512039816
1090,2.1915470840869937,2.310475957907489,-0.12361308297977772,0.43294285141153743,0.6366080116162659
1091,-0.43335877590895383,6.111993168902838,1.195625517721606,0.4100652006851629,0.7792676135571481
1092,-0.9802037263456155,7.664245444792077,0.8208544230477514,0.31881990379357333,0.8335425400670649
1093,-0.3635586783711415,2.2970059612336757,0.8393488570585642,0.25550018288333803,0.5800736702418535
1094,-0.8868880752566163,10.615973579111955,2.8015948443504923,0.1491114242169189,0.5326482478025134
1095,-0.8958329893704146,10.336095536943738,2.764990476969985,0.1691177569677143,0.52007812007
1096,-2.807206331630496,5.571456482824817,1.6639674990699491,0.08848122148606766,0.5505713839271195
1097,-2.136587058282999,9.809686504865377,1.9373711303981238,0.23519697134106546,0.7637499719551064
1098,0.4592623733751768,1.8750580478401695,-0.23112926655668467,0.023120196846459565,-0.008903770686824675
1099,0.0710079427236218,1.696629866657365,0.6056135557420139,0.3977387405935323,0.684439273626553
1100,1.6853598776159018,0.7991327751628469,0.9343953205566308,0.24245271569019602,0.3352608811725623
1101,1.417767141684287,7.769859955172109,-0.41325521773681906,0.3379108733645225,0.4405263379997575
1102,0.5826252613011447,7.206020936083374,-0.2775310625149012,0.24626977307218442,0.45851904535873406
1103,-0.24071734955346963,5.568233809888054,0.4757859299943354,0.28838273224387073,0.6199968539629354
1104,-0.6834407629276822,6.694834953467985,1.7756058098239778,0.2156051574464598,0.6131409448232489
1105,-0.12222284984944826,4.896535704839372,1.4411700094969317,0.21699823218356604,0.5622427995652457
1106,0.045960439851069276,4.722341623542186,1.5250044700098957,0.3044708903379875,0.527196379092102
1107,-0.2740770435532767,3.558427614728012,1.66367029753452,0.26354963846045926,0.5607472753382154
1108,2.1621108568584706,5.6635322630812155,0.20398470526456086,0.27064383203126335,0.3114968817020015
1109,1.540918496039947,2.226678530772942,0.651160555585784,0.2976883695277954,0.4270535755931003
1110,-1.4132928189926175,5.488414425297266,1.2351536240285466,0.1412762811951427,0.46627791018555104
1111,-0.5878517870279303,5.50229182617422,0.9234438728815486,0.00026497106812295424,0.14541130855653828
1112,0.08067115591969173,2.8508454714795213,1.4101014189278156,0.02818822022986665,0.14117083251934961
1113,0.8442798889478189,1.4106669670007277,-0.07196336191678886,0.37166544536750235,0.6242108560565462
1114,-0.8717973247926625,2.1681996175571956,-0.46489819733695237,0.16627227803498365,0.5195149562510915
1115,-0.9438168814736537,2.0922932102082146,-0.4318478574632926,0.21482205027183468,0.4820228314845648
1116,0.33844361664681644,2.1490865120831395,0.5699044950841222,0.17405985657456438,0.2714220499090257
1117,-0.5637997715635993,5.278749634416222,0.9608086479253063,0.04639509652385848,0.1508599600296486
1118,-1.25912649748293,4.693061394376751,1.6146373135024805,-0.13090545882269253,0.05315816338355416
1119,-2.4402049812730113,5.1531571392291955,1.9039569011417083,-0.04849959108199428,0.2282994501402845
1120,-2.2349004816160534,5.153218515526378,1.8528356420250434,-0.0633007446946287,0.27183502718249525
1121,0.24163208447643514,3.0052920552990345,1.6430527820851972,-0.07705396503188078,0.03841085801751061
1122,-1.6642997262200807,5.998215057525491,1.2840820955538357,0.08022442640731334,0.44930662800017573
1123,-0.537661745480599,6.448413276185291,1.1185852910258343,0.12778454194451244,0.31696310284102386
1124,-0.30028090533227497,3.336412475164891,1.9718044893580833,0.016635964539436082,0.17115422790996201
1125,0.05875248051916644,1.5775288235136453,0.3435137248768323,0.365557976755814,0.682366490567975
1126,-0.0025676752361994573,1.5630638715066527,0.350657492373965,0.37966079500639954,0.664092053987357
1127,1.0400379703341105,1.528867190456313,0.5339295519684408,0.33445664083102844,0.5801713591328693
1128,2.0102287650243125,1.8891130517915058,0.1363071845498083,0.34668770107024005,0.44458241473901694
1129,-2.124000457156742,11.221824564353316,1.9620181728033377,0.0224868124667451,0.3723709301974823
1130,-3.329569099256366,2.2318285082896834,-0.029418615894358315,0.2131882245462637,0.7953819493296082
1131,-0.8604467645171204,6.0716063574969805,1.2023489786211163,0.10079982798253333,0.40731449829515326
1132,-2.5457187366069194,3.9352830311094875,1.5124309473792834,0.01647440767133853,0.3400444361341962
1133,-4.224906319361141,2.615219253247795,1.308111253538459,0.17175630464638952,0.8710127885526648
1134,-4.578959672125099,2.2051228107284118,1.5936021153359323,0.15899034483129432,0.8410334990324726
1135,-1.5502200883609862,2.103759126610052,0.9980106066284578,-0.016540039491504958,0.299498727230167
1136,-1.5268270171788827,7.3200876209185815,1.3521179603163054,0.1765420374561627,0.5348566326439701
1137,-1.8887500187004829,9.48017402786033,0.9537490439931873,0.12070097606029317,0.46112180238563505
1138,3.1389128014671037,3.101034241079596,0.7128380901019216,0.5386981013121598,0.6915356460907807
1139,2.9187157863149236,3.16086596448346,0.567389327689431,0.6270011624876134,0.8388244131055194
1140,3.433464646925213,2.858644809630999,0.7360098541934821,0.6142741575163708,0.8396625633424838
1141,3.963380896518834,8.491119492491004,0.9159072081028313,0.5454845934803704,0.6755309269503648
1142,-2.9018212425813132,5.245446737983448,0.5556708535381462,-0.18565690242191193,0.12420763283956066
1143,4.412213335028262,6.168574589174657,0.2784777713454234,0.9357236137973121,1.3673091875001067
1144,4.91810492019109,9.037289565704754,-0.783999450597932,1.03266407260338,1.3492183650359415
1145,5.46723821284938,4.376275345818904,-0.6415560263367986,0.9866615030066406,1.1426553979200975
1146,2.972942568533742,2.6499372782185984,-0.14651612942692263,0.5551352298581242,0.6215739869796946
1147,0.07043556654205288,5.503681625436478,0.05646917707941778,0.2556388195723624,0.5662518553863005
1148,-1.6896787176683887,4.656729312960203,1.7205611312035787,0.40030875061070953,0.9570973349466976
1149,2.423335683658816,2.025638033851352,-0.3458173948741257,0.03924197793040755,-0.28102155802483214
1150,3.7870554511339276,1.133263075393845,-0.25410716823078416,0.10384338939975336,-0.1251041177338559
1151,-1.4343732501301825,2.713137191864244,0.6209790479107289,-0.1567304135342441,0.011557775803538879
1152,-0.2805407266697817,3.4809035169985374,0.3239147323904102,0.2147738569363807,0.4938540979981275
1153,2.07698182274409,3.3412678594161176,1.1521020376997342,0.21123377635997348,0.17643549877625458
1154,-0.9640107030683567,3.3966337167972496,0.8958160040334321,0.3628917416675992,0.7770071754768715
1155,0.7666656185419509,3.387047643025544,1.1114367134105634,0.3848001651675815,0.6671693303587278
1156,1.4563194992627744,3.1036413662366154,0.6372721203333743,0.3395310567198803,0.4879235904538565
1157,-0.7743093918354312,11.84618689512807,2.096317313718355,0.19290267224331234,0.5333559212664909
1158,2.251858193073992,3.2970521879095993,-0.9103710631200191,0.4806208727367402,0.6241781953400516
1159,0.8075291263255555,3.5505696110649945,1.3678074517163064,0.18218457172282615,0.2618895390503881
1160,0.6869475971963607,1.7805207888054313,0.9189685767639308,0.4679347694644615,0.7824238936207222
1161,-2.4113370481461516,2.537093342974598,-0.7884293145404909,0.08072539594539196,0.4770621416434417
1162,-2.2901924653600343,2.3471152048455224,0.8808293268684378,0.12752756259886294,0.5091438437088971
1163,-2.4453416694701207,7.890186266075435,0.8300591556259382,0.04446714487881352,0.42619341176994546
1164,-1.4220543415626254,1.951994701969493,1.4364367041963868,0.16213138381910563,0.5123780478975285
1165,0.2114784610361664,5.817727364503381,1.1545894760877111,0.17910669933007478,0.3766947817832674
1166,-0.9874223320265636,3.6981695643891563,0.7218297801281975,0.39434194791253085,0.9614341180342628
1167,-0.3993920211542049,3.472310535493193,1.0398725748310251,0.4062415658579529,0.8238265246843367
1168,0.2839834376191354,3.892105235960583,1.0839247063212496,0.33433035792358295,0.6426381253297192
1169,0.9114931276711441,4.153521469051862,-0.2595514061241542,0.3571902456621304,0.6256964295652668
1170,0.30761197099121745,8.56299795722299,1.3867738950621105,0.32687237302461547,0.6344955742488156
1171,-1.4464817820222704,3.442370411214918,0.261795551485155,0.3270030894386423,0.8114953919357107
1172,0.15313086594093425,1.951073576173989,0.8924608250233544,0.3355959397499207,0.6822750001977546
1173,0.40862556130803956,1.483784306095084,0.7630934235722956,0.34176598305794137,0.5562709020604162
1174,-0.7605046293739021,1.6018206888784792,0.7019285770752722,0.3664032131564883,0.8483732456425216
1175,-0.4049743650797376,2.0873764930892595,0.8374109590046953,0.39901300262373457,0.7545364317057253
1176,-0.1671867011108403,1.9124549296864852,1.1639970241228388,0.4086973545471269,0.7514314654262388
1177,0.1372251692279221,1.5844187800677394,1.0646174196758424,0.37839975962349215,0.7818535655134393
1178,0.9698061165015631,4.3454442730352145,0.3528779895430872,0.5220858317701598,0.8309517430556549
1179,-2.276526126077562,4.841015740057251,1.24584611292676,-0.01567057511872623,0.24509630213318861
1180,3.3784504816587018,2.9630270105999448,0.5403778321067539,0.7843052984086587,1.2806890454862554
1181,2.0169313316372186,7.1079693610045345,1.4718969245373001,0.8217730709886676,1.3322478750948241
1182,1.3607700124760076,2.597301488682994,1.0659847916094491,0.5985836417829119,1.0448827300518497
1183,3.0604334709895364,11.127281490984242,1.3417897484669068,0.485167005970066,0.6302955660906856
1184,2.9889522663864017,3.371291744163756,1.2163706677600612,0.5517263924992676,0.7167397644200069
1185,3.231919143462521,7.876819288488162,1.7400489525742833,0.5901649679745508,0.8308983726278183
1186,3.815779635405007,6.4976434240186345,2.19041143880059,0.6386909795107968,0.8671722885374781
1187,0.4331859258139082,3.6825131572576044,-0.1974970577480893,0.2845711046755302,0.49520454994704804
1188,-1.1436503719504445,2.75668965728785,1.2279338398184818,0.15218371914477444,0.5250231302933455
1189,1.4387985463575597,7.21566618218524,0.5474548903522645,0.3234807121182261,0.4631475880206443
1190,1.549535693626781,6.254615063974331,-0.045609235306222635,0.38927008674524544,0.5429007383301199
1191,2.657979690256207,4.69613337459377,0.999443958076212,0.6136349861990043,0.8877118574172037
1192,-2.0614215799505975,3.2259880688508997,0.8633574648924875,0.10533007233576581,0.4468636665578565
1193,-0.6436354369929503,4.555398640420918,0.19123546380216475,0.02619186970148361,0.14113138640341247
1194,-1.3140883141180162,2.030363656875665,-0.08272986587140368,0.09374980127934163,0.3821779876701971
1195,0.59788977558181,5.324739545940956,0.2554773487002972,0.3064954581821204,0.5279195634304087
1196,0.4768046274086965,5.432310451855489,0.997093011852431,0.15098294804418466,0.2686353888784017
1197,-1.914262497461482,12.54329478204878,2.060556699662711,0.18838223538406626,0.6374933891832604
1198,2.168580789363416,4.727568117738199,0.6275909162800718,0.19844338358619318,0.16001473223698148
1199,-2.569905628324911,4.3337014469143105,1.233937335261415,0.3645468283605314,1.0439611571980971
1200,-2.212711164862741,5.188341665248083,0.18049471692565205,0.4142059783240449,1.0752222021545685
1201,-1.8382313509174757,6.2909415146329595,1.2753556709818457,0.4013023874115485,0.98140269957332
1202,-1.18037144112085,3.2703019929526667,1.1442725947143564,0.07321518340344761,0.2940330513869906
1203,-1.6282235543703587,2.7815125692444114,-0.9057243901872452,0.0036882072333887417,0.2827831107741149
1204,-0.8079963556152164,10.45954060318299,1.79263871229277,0.22918937892444613,0.6114104061214782
1205,-0.7507240983126565,12.805119580609404,1.8125420963660057,0.2229323975105377,0.599261605758391
1206,-0.7507240983126565,12.805119580609404,1.8125420963660057,0.2229323975105377,0.599261605758391
1207,1.8871873495540137,3.3256023523896645,-0.6396059339272121,0.2816105424108741,0.25567058763934986
1208,0.339175986475967,0.4576325985782386,-0.6829308236415131,0.21449335173121906,0.24440428662482508
1209,-0.3013681564235182,1.037737228623233,-1.7791583877264934,0.18295745449351597,0.2639658278964911
1210,1.044265557423108,4.588747279756677,2.842797436941576,0.30931473150778754,0.5902859678132099
1211,-0.22996810588012231,4.816081043335279,1.547672517653768,0.7534452842159661,1.557372829484918
1212,-0.320889462602455,5.19914818356619,1.520868738223039,0.7842981615528128,1.5766707708999677
1213,-0.35472896263310477,6.579718880720454,0.9453714335719131,0.6742665181737144,1.3498479653180326
1214,0.6869352266482553,2.6187195273264825,-0.37436701829919894,0.48742763853977294,0.8636769121309942
1215,-2.23335843657427,3.37030212029097,1.4035960079432441,-0.06650680099279238,0.21290648032784362
1216,-2.337052489517825,0.9725239188432769,1.1667189500506985,-0.19028821433239396,-0.06463250666879647
1217,1.1957723865235241,3.99869144950087,0.17071868048785085,0.19473349382405394,0.22040620541040415
1218,0.09838992820727083,4.422115105945662,1.5087004524731258,0.18000154114837927,0.3414120766212019
1219,0.6124496890896861,4.259819883445862,0.8827077898600089,0.1887164702645147,0.3348439277964826
1220,-0.7050412646554058,5.320853376206826,0.7745950582675765,0.18506755154550125,0.4949059172202577
1221,-0.25425957909571645,6.392395445426261,0.6647826351729674,0.16242276232049102,0.3734867070197705
1222,-1.2788247272721933,2.929327929071103,1.0548839025678103,0.18104765791615013,0.5436768302394465
1223,0.2580330420017047,2.065142007657609,1.0592221334264469,0.3076762696324055,0.556177816130351
1224,-0.23077319472678143,4.720796153397915,0.9080898771302122,-0.09509137238053918,-0.08323646572318028
1225,-1.7842541834394487,4.994831077856911,0.9510455867602065,0.011376541453849892,0.2660646429058372
1226,-2.835361688270948,3.843976591181831,0.3418521984386525,-0.08749903647019065,0.26215334034895904
1227,-1.204283248924707,3.3669812564216333,1.3844284421788913,0.3467809503356261,0.7690298044497406
1228,-1.563234849599882,3.267773775067332,1.245862323394034,0.37524511368701496,0.8941626809665603
1229,-0.4214498292459479,4.249063602564225,0.6493132575193493,0.23087466588763325,0.4863337584464167
1230,-0.017203059381525023,5.46020681098623,0.7779812698889812,0.1844010270915021,0.384210688434205
1231,0.3494334923401754,4.273817985767247,1.0931579028202356,0.210236595292921,0.44464028972783004
1232,-2.51650513680506,4.401911248580042,0.7657471756876549,0.14310125493165768,0.5372647336397249
1233,0.17714404979697032,6.757742242143439,0.5599607754521336,0.3658088794150479,0.7681032648402185
1234,0.9480598203946012,2.6189471801743465,0.9065602813027804,0.2272708837367599,0.29411723093953984
1235,-0.179544150500061,7.3303845215833965,-0.29412503589825034,0.010969875121304505,0.1878727482361795
1236,-0.011865987469521447,7.054914618280587,-0.3098219376287672,0.08056063600564073,0.12929706189710974
1237,0.7725276317957064,3.925949880105551,0.912430923893615,0.1045875008215967,0.11192337645567478
1238,-4.545299811335447,2.742656670872922,1.1596205261989312,0.02158353588316569,0.5559079023682609
1239,-3.8922107826683088,8.545497969477506,1.213467918787284,-0.0511790087449075,0.4572376638732989
1240,-2.39920061741665,4.6191235552744825,1.6134105318919802,0.10888516707794382,0.5857631900298993
1241,1.8853433871811338,4.462301416020291,0.45268630738885146,0.2740468737911853,0.3435196018522144
1242,1.6863245065163308,7.233672311218326,0.7201344457632172,0.37547776067032645,0.5670897603990218
1243,2.7342587583265945,2.8166891882314204,0.6945137220749679,0.2884244435464061,0.25524903909970564
1244,-2.7428808000261693,6.44474954384209,0.8434614943117221,0.3440602608179373,0.9896017977032036
1245,-2.966153213479922,5.302272933166444,0.6623501381926907,0.3568878190802799,1.07583382115843
1246,-3.153445650495277,4.510530031277631,0.3679680472985335,0.08280050110012914,0.546319670073533
1247,1.929826083606685,5.702821038886046,1.034587947358742,0.46273821398585385,0.6861266620283789
1248,1.6044404134263746,6.004948665020726,0.7109911447085698,0.4313972116003326,0.629679654635908
1249,2.9102413059931904,4.230558854071308,0.9293170366366788,0.4158633169268426,0.42891041542577607
1250,-1.0027865945533845,5.159608367010233,0.5513764880346856,0.2455130350605585,0.6346830120003488
1251,-2.7051043038533016,4.302360774743856,-0.19638956567931248,0.03435875181661297,0.48995340542517596
1252,2.183132631727308,4.674753753410983,2.4836192739094387,0.4041230805449381,0.695119268258699
1253,2.6299305929480266,4.958365550085236,0.6741632935464427,0.3678663929559391,0.45425728428109713
1254,2.0070566264107423,4.262988414087322,0.8747442990800961,0.2625678704790328,0.3337073479330409
1255,1.4142819136258569,5.6291565220035595,0.9283657502202396,0.29576225937622574,0.4807689419259834
1256,-1.0534631388046525,4.479394050642211,1.7316339016552225,0.3038127368369833,0.705805555330322
1257,0.8915207533483125,1.820527232494133,-0.18276224633994628,0.37115075711361584,0.5587621407915128
1258,1.5050576485019322,2.485415539340109,-0.3470376196325461,0.13248692825877975,0.11517950733302715
1259,1.742156717182598,3.7099778790513165,0.23602822713457186,0.1237854209474103,0.08127719235442371
1260,-3.7808974751699296,3.560484717666424,1.3424013299078041,0.036728889858060436,0.5283164267065721
1261,-4.161133431603714,2.0502872859514807,0.9021088792174706,0.0423230806369686,0.5855544752050206
1262,-5.976987824569379,5.505995476783084,1.6841080384313694,-0.07037270934732368,0.5691608210400796
1263,-3.9537408925248214,2.1540005344094983,2.089601719926106,-0.29062893224406106,-0.0366768729824389
1264,-1.1237795951201557,5.113602217288066,1.2061199987564515,0.3695632863243446,0.8263116354236109
1265,-0.17558751637210387,6.321678153570653,0.6740203949283269,0.3242490847451314,0.6117725355621441
1266,-1.1442582469169411,5.254717300103258,1.8664810753802967,0.4018283442624103,0.965474531967035
1267,-1.2750605461079456,8.05308392131465,1.7325878348382067,0.2005905745721546,0.584390550026736
1268,-1.504825170555575,3.768372514778668,0.062444646557416036,0.26481772266954823,0.7102011885578711
1269,2.9698449672761438,3.378023399541876,0.35169001304029296,0.4563151992859513,0.48531823436003135
1270,2.721159968823028,5.383590965362487,0.20711226707176722,0.3175054282407253,0.33949658430931584
1271,0.9609932163119668,8.004430406092647,1.186612463546685,0.36552205811844035,0.6310198203874288
1272,0.7645392419770703,7.005932502229533,0.4987332201703098,0.30691710912454234,0.514173284774549
1273,0.4128409231008292,5.037321454349167,0.1651273240578876,0.36452945641883056,0.6494495691304659
1274,0.7397222629288157,5.033589536926814,2.009150186334292,0.1320947848437578,0.25541049346625483
1275,0.3184709336366822,3.7879577582304713,0.10510139137249806,0.5707177233495317,0.9713242829846348
1276,1.745184653180967,3.8000633293237547,-0.19119592654274398,0.584271144006976,0.9569355693255096
1277,3.4011317191309383,2.5784600325036267,0.38243187497332554,0.6562353749167508,0.8987892305694869
1278,0.5877293247481691,1.8948936129439982,-0.10703545004965118,0.40920008574141775,0.7019572114758255
1279,0.3259375155372157,5.9560360004125625,1.5862478527483008,0.3214465219166092,0.6267816696350902
1280,-0.0662722055633761,4.138817596155978,1.2590356173815036,0.30046318042898856,0.7331965695173002
1281,-3.2173296958491937,5.447682222370433,0.37733838087885846,0.39045240386176466,1.1646204233012978
1282,-2.407191461665366,6.322728470287312,1.9518760019435804,-0.22278992392834615,-0.026680795805984186
1283,0.26603262313134857,2.995406659954908,1.5451887567949398,0.21220878945361285,0.44435710758165586
1284,-1.0392783567818427,2.9508122679566173,1.2178669560050417,0.019792251077798938,0.24363457683274997
1285,0.08614978656351342,6.511855590238677,1.424756509488237,0.09984038788829543,0.227553249856909
1286,-0.5119675161794722,6.148963062946325,1.109127917102911,0.1739092100699504,0.420962953711839
1287,-0.9022192893081266,4.738229847889274,0.679423897053461,0.29749484228172307,0.6633950985952328
1288,0.02278853186215791,6.504272581267965,1.8336157888946758,-0.03369408061880579,0.03957301644251946
1289,2.2284090635178235,4.929479449693372,2.768524064882817,0.3763923806601963,0.5362314495965205
1290,1.9560678047580344,4.734985137096513,2.6893458321450727,0.40253914531490137,0.5220858203229748
1291,1.879477446359536,4.979552996680574,3.3749654614839977,0.3846125061524135,0.5550757221532109
1292,-0.34006362114567046,4.819395975616202,1.5156181833001292,0.07570207111916394,0.29358914509830514
1293,-0.6203233062266444,3.4304586763880076,1.8530151993645454,0.14631992058040405,0.4399267983960038
1294,1.7179336889164047,2.0133925031713913,0.577505539055502,0.13898316194076368,0.07537387300006039
1295,1.0610380705777758,1.7612114908022027,0.7110240425202564,0.10237072276608175,0.22369824352959325
1296,-0.01221767084108327,3.7821691824433694,0.7254231391426885,0.3041965656769429,0.6047657720488029
1297,-0.01471321179627151,6.597539577425081,0.728872994972607,0.2857888212231816,0.6116865716462792
1298,-0.5072428957521554,4.911227992679002,0.2734940453685081,0.19507876581979045,0.48548996869591327
1299,-2.836874718805156,6.708900963985482,2.380105032187722,0.12468948190536223,0.6119645235051607
1300,-3.394820864035873,4.0137568375085255,1.8032139041314137,0.16178210957707306,0.7271827978591914
1301,-1.9200587318586295,2.622345801072353,0.6145178701275649,0.17141456819777642,0.5536014289647482
1302,-1.6266820982511903,6.2904247699980935,1.2020875024141615,0.04581696051851144,0.29581693505089274
1303,-0.14793865263680023,4.066254620526678,0.8989798973808288,0.22390049861091318,0.438329588088572
1304,-0.03639669939862408,3.219133978397107,1.0686345494026404,0.22036975409792137,0.5063905525645753
1305,-0.7139070707029931,3.5934566336162845,-0.39366030456743706,0.2964183811195665,0.6602406696253872
1306,-1.059453721771498,4.365163568099691,1.5428750942376273,0.46133830008829785,0.9145998277535077
1307,-0.8106355900477825,10.875500152848002,1.3250924591553537,0.5069808828470191,1.0086486998838937
1308,-0.7303947738301405,1.0369711136139177,0.10568358965890513,0.3674879676226361,0.663681128044572
1309,-1.1048952106116505,9.934343995075087,1.1722898809889883,0.016933903778556483,0.20243885999096775
1310,-2.8543563078448795,6.133630947637829,1.1246068282466741,0.029568945467569146,0.480831159129935
1311,-2.728680744571499,7.989684675364593,2.1770553708546605,0.08980871411639728,0.6077593630039333
1312,-3.207767836274245,3.9039174682865943,0.4774784354314847,0.3269319858446861,1.04483922239622
1313,-3.041737360312463,4.168858362266924,0.2073182411253745,0.3645853543816267,1.0389528648026805
1314,-3.7646874429689237,2.117540948139503,0.42998333204772554,0.3772649469812974,1.207682003491915
1315,-2.0199266352826823,4.533913324245735,0.6713096771964352,0.5006548481121447,1.2423842876300342
1316,4.338439683465164,2.7055025935678114,0.6562324587454685,0.23243023894366077,0.04839686559071706
1317,-2.055883897878973,12.960291832213908,3.1384116958220436,0.10934421030415781,0.534536906633165
1318,-2.4464285565448542,7.739864889367736,2.8720888829494577,0.06981424895195089,0.5162864944623395
1319,-2.0165461569204965,7.439139634134247,2.3642726369051745,0.04662674927642146,0.418078490000371
1320,-3.004314716707556,5.0817418601108795,2.25671400194566,0.018847055073442923,0.3728487143325491
1321,0.8597178952710132,5.559354259794504,0.7323073902404134,0.3259988022085238,0.607527002612918
1322,-2.336930812356715,3.204350136097697,0.139936943479953,0.29351397556375547,0.8287645208897202
1323,-1.6436967479038704,5.10207715448206,2.5698301409652933,-0.10238593578315609,0.12294774649427737
1324,-0.8486843909256477,7.686268374355067,0.902237115768618,0.37653729607770237,0.8296123049992262
1325,1.9133770320390597,8.079015042309083,0.8017846952394049,0.6623626747754755,1.0132451153318105
1326,1.7729710503518066,8.294588039942544,0.8000975832810604,0.6739188466275277,0.9840478601039812
1327,1.2791586499261787,2.4291856905705083,0.887896024414737,0.4212023019014518,0.6394745950234246
1328,0.940386654064106,3.088443358636512,0.7599705654835932,0.3826143816233838,0.7289020499193135
1329,0.5489743379092422,5.1156815804316125,0.5166602891908596,0.3951133914717046,0.620270762651061
1330,0.6003959320972556,5.28384089003537,0.753984912677788,0.35521882736586335,0.6674210451841714
1331,0.7104840663386224,5.902012594923947,0.8133322192131697,0.3888233751239151,0.6342651050252007
1332,-1.4650795569608799,3.524584112109508,0.5552416175239218,0.35686965817171856,0.8007975947770689
1333,-1.816351842574939,3.394720535418762,0.4606116393842699,0.4442115183223638,1.0320333991529478
1334,0.4022095252450461,4.464499365930902,2.115567398948685,0.06937838257546208,0.22143120978747804
1335,-0.7128014562805615,2.53519666746114,1.7294226671268451,0.21838209478593731,0.6082163624280784
1336,-0.7129031512970075,4.011231787452272,0.5197073736230068,0.19146265506321936,0.5084684012193543
1337,-0.9354425783191812,4.400791999789876,0.5555115685546385,0.19917789120050264,0.5288948537517569
1338,0.131158902917819,3.985520256012533,1.9272845452538474,-0.09077211395255308,-0.0828442214059715
1339,-0.38530234268612296,2.525755181125347,1.1833576079328174,0.03372587296784237,0.17208714072652415
1340,-1.3013570226210065,4.464471268023883,0.9279286454970846,0.14720060313321492,0.5388596559323763
1341,-1.8796564051136817,3.839985189725953,0.7952431293409875,0.3522573891656674,0.9966587835153762
1342,0.30944095836665686,2.147852306414249,0.8071923153225764,0.1866560233037501,0.3124194418182124
1343,0.7199809350464919,3.6065609272143715,1.685277247940327,0.2737406898268132,0.5196932596275464
1344,0.393654261877898,4.334041633105641,-0.10733325908049701,0.2653263897048322,0.5032046587147896
1345,0.393654261877898,4.334041633105641,-0.10733325908049701,0.2653263897048322,0.5032046587147896
1346,0.7870676909005716,3.2429408126366703,0.06498007555475813,0.11568246782186736,0.1763400033718825
1347,0.7768191109412637,4.229087341871074,0.4226525355385646,0.12087710745480973,0.16808938565007225
1348,-2.6858368609743524,6.657382805595494,2.0895195519884524,0.0454513791401084,0.466945012580366
1349,-0.9569073989822247,6.474428282254222,1.604398598534549,0.2234514772010173,0.6335363983170182
1350,-1.3659797307159414,2.8241345377430687,0.9231553208184843,0.07147019467032835,0.33495026313873394
1351,-0.8468078625321032,4.732167914510007,0.4076224259044825,0.25157415135428507,0.5891204220521058
1352,-2.4192560664205125,3.981375749107914,0.22756813116910496,0.10774588682436474,0.5411725061725777
1353,-1.560713581648798,1.0020416265150525,-0.242057618024628,0.1666649278339425,0.4402095672670572
1354,0.5094864165130086,7.879583652842319,1.2572114402309222,0.48070568362365107,0.8949058831621601
1355,0.45553079683310654,7.866237558282801,1.2666701390861617,0.4919950794825608,0.8768378903056344
1356,0.4926826992951759,8.33316940035301,1.2996332963356911,0.4748413690516342,0.9003296238301105
1357,0.26345169592579376,10.761825391815416,1.5539956435450846,0.37947740095467913,0.7947855869714523
1358,-0.7609375142990612,4.617443225371702,0.6376127740221347,0.24035833815134694,0.5305348053421269
1359,0.30163687687557567,3.004223397124638,0.8553575481122276,0.0919473698261967,0.1976861214482889
1360,-0.8934456260415465,7.50185436905235,0.9811308414124066,0.2629493437184108,0.6476500126400961
1361,-0.6130556874230592,2.889817238605921,0.863107662508994,0.5263489574877588,1.183677722435611
1362,0.3795741382152283,3.538785556016385,1.1999785943108323,0.014951185581340532,0.08468147748760406
1363,0.525133693113043,3.003112374318087,1.1043663681295837,0.03196635220421955,0.05667287895324988
1364,-1.898370421962642,3.8055787051122243,0.9199900970600116,0.014875749596839521,0.32854803220731216
1365,-1.7342458351095604,3.6802047910769073,1.4344955166180682,0.054944137405687606,0.3271611586720063
1366,0.5016050372591246,3.779861744705195,1.6480099251034037,0.4951713688362986,0.9188569516267708
1367,2.3431682988392333,4.076325257769144,2.3572889250128055,0.4698111888517987,0.7076463261743051
1368,1.6710087673081595,3.027631252906235,1.7384006211446732,0.3818572805579774,0.5633798596244303
1369,1.9087041685656212,8.53624073342183,0.3736270542328759,0.3629034764862535,0.4915178355767444
1370,2.0590366536929547,6.456544183943733,0.5500715887664132,0.350111948072522,0.46744897211219893
1371,1.9410752633413295,8.552294988059343,-2.0143357368954782e-05,0.3436474370028406,0.4709090418587768
1372,2.0009650346384493,2.353885500158578,0.15971615918490803,0.16854507747773562,0.15652205344262354
1373,0.3963638884762618,5.382328101523683,1.0543156691278217,0.07897723352951815,0.1316080462630982
1374,-1.1431594940518286,4.373314963493766,1.231985886769417,0.2744209107993511,0.6701796086468794
1375,0.1303848056630347,4.518243376867427,0.133032141395085,0.20861383491458277,0.4430653517557171
1376,0.5885653336729473,5.137961694982164,-0.15492823919577142,0.4971983963117117,0.9196550559228116
1377,0.04145922046000347,2.3060009549088214,0.04521628443971187,0.34430970130307864,0.6541970418713935
1378,-0.046628917231407385,5.9530615953885375,-0.06671581635192703,0.6668292951551478,1.281305433719501
1379,-0.7929040133540534,6.632096086989944,0.3339470689117616,0.7011741770641117,1.3832366860997414
1380,2.771693257292851,2.8639364249007406,0.7934828332456476,0.6512511828345129,0.9707306294104974
1381,-2.732022986699408,2.574091385336534,1.4661840758756282,-0.08067518954195493,0.2714745242570291
1382,-1.0416875045874123,3.949629443685837,0.5977932102929276,-0.13514788644280173,-0.10692863822857673
1383,-1.418184237848073,2.5061141486393375,1.239907418857646,0.04025443563356993,0.31950252012488106
1384,-1.4590033101086204,1.9214551259212014,1.4211849865390958,0.07450498683847014,0.392233791530885
1385,-1.5708850852543084,3.4216290544028802,1.9222788284010766,0.12980511917186494,0.4945148497259107
1386,-1.255070195322222,3.306179942751436,1.2314504021257602,0.383979828358794,0.9050837334584795
1387,-0.9649825374860284,7.324261657484682,2.1494730888808156,0.19717519252329752,0.5211118526197359
1388,0.27941582068601567,4.726968504774374,0.7133291467916336,0.15262841528998092,0.27663697009917654
1389,-1.1270272410121425,2.271246473410919,0.4094580444776674,0.08360125412091246,0.2689138249181939
1390,0.3064065512133242,4.341277669970349,2.011351816904491,0.16445320933143376,0.4245729654790562
1391,-3.7268725189196656,3.767758771510692,0.8141855370298935,-0.056165484054555244,0.29396341486312677
1392,1.6133345883572978,2.1235390795771267,0.33860125176545514,0.15660727493584603,0.09941585806699964
1393,0.2956701206180108,2.7945040138582793,1.126392190608934,0.18588257643545827,0.34443868207706224
1394,1.3911079486140985,2.740841317468813,1.3645599963643502,0.28286345274826574,0.42981176937165383
1395,0.037195041543413694,3.4638031279868082,1.136715726823565,0.1815048238946969,0.38138161636022266
1396,1.491222996293008,7.259246279462578,1.0216422970585484,0.39284472169830187,0.6392282175948915
1397,1.7603597922392715,7.056895058632915,1.56358121389478,0.31990252796333307,0.5106283899352626
1398,1.4539273969964808,4.850169631523458,1.3958146293267635,0.3185948490719752,0.4191530388125501
1399,0.19859585739313465,5.702192488123121,1.081209898136194,0.26439198197256325,0.4372240930385523
1400,-1.9358696606148975,3.5469280341725122,0.3814023420146458,0.2516400210808849,0.7582268056588428
1401,-0.7104882438359647,4.975151771959558,0.7550127575006068,0.23960331667593027,0.6084828208245987
1402,0.27755893947358135,3.8758654246024378,1.586587593224411,0.42001535522041383,0.7663193602075953
1403,-0.2743398994258616,1.65812031793587,0.7907092742007632,-0.0960687782873926,-0.04156896373082381
1404,0.006382065785618368,1.5647114047642967,0.8232458156852747,-0.09277071701182364,-0.026861388666458107
1405,0.12176142286542706,2.506640561675231,-0.7711996962846512,0.22617072451925402,0.518188354196595
1406,-1.025609182094944,1.832079530605296,0.3288379700356446,0.1682087587313619,0.35305073738672854
1407,0.5238779349610762,6.2916951060918285,1.5486559100983581,0.32459494098031366,0.6428651772975913
1408,4.4889209093174305,3.852921075668937,-0.25017022308434333,0.605336599867384,0.6050923946028498
1409,1.7793127314006396,6.704324304835341,1.019795735628161,0.5142584665160639,0.8036748216296818
1410,2.165251243614348,8.40495067179501,1.0444365833237095,0.5979866541823287,0.9587036325600727
1411,2.7510687248103474,1.9512910778050212,0.4098843708307212,0.28910901964516955,0.213067029572739
1412,0.009872598923230719,2.232140226645057,0.2962481347665518,0.13509638447102373,0.3121534622544623
1413,1.6684325690749466,4.36276526011776,0.7111494044247144,0.439382049744488,0.6123787984332394
1414,-0.7279016381363872,5.110526161970085,0.846507616435579,0.12460463583943059,0.4107654905814929
1415,-0.8739750472530606,4.398046442199954,0.8649579917406397,0.11794431471166703,0.38020761870649855
1416,-2.6378179368519623,3.37395990165011,0.33708699046100493,-0.12849301802217664,0.11118859740643962
1417,-4.100387098560486,1.8316039187939352,1.0138408103133354,-0.4507986136394711,-0.27505244043702054
1418,-0.23107560916112668,7.603123483322974,1.5392902560193276,0.46029652786687614,0.9205068545603556
1419,2.3330876781551906,5.590352670284254,1.1171002236958247,0.41260507941818275,0.5764562209769637
1420,0.5428186554861797,2.245629650958549,-0.005839364884809057,0.06366635485190641,0.10236410858168708
1421,2.412253604528057,2.5131285814841804,-0.4401306895221771,0.35691724892571497,0.37108878871871853
1422,1.5943607895832248,9.303233200594292,1.8366693877075542,0.3984489822978874,0.6132397033156668
1423,1.4319852181465182,8.881343353384688,1.6874387688301964,0.39893445213571666,0.6641758848465342
1424,3.2018948876568736,4.576301401067998,-0.13597553610202517,0.6753057762474796,0.8555363105623174
1425,1.6776349433118736,2.735936765168061,0.39449241928621565,0.5297812804337946,0.7957265600913369
1426,-2.0548696005885065,6.592506044499161,1.670121253013638,-0.06389973691972169,0.18523171004939587
1427,0.5907517786819709,1.5213994116026428,-0.38039386865024616,0.20965115849209703,0.4409927864638406
1428,-1.4461604005912865,2.5691460974440155,1.3516664870445272,-0.2523858520724381,-0.11666693364737356
1429,1.551915420945327,4.374600327370014,-0.3057809659874585,0.7630894637929769,1.2798153199826507
1430,-0.8324782524126847,3.154601069032926,0.58643445319031,0.2669523087392124,0.6406784746412089
1431,1.0433329498966877,6.054726159568036,0.8878407630457038,0.23791690214840513,0.4026362404315596
1432,1.0155160040868347,6.687355461838581,0.8127862501362917,0.39100055204575446,0.6949484708881751
1433,0.4004454292730437,6.868109976793301,0.6693961265098556,0.39660481300976935,0.7023853868750495
1434,0.5019019318960924,3.6350804155437406,1.256425052571822,0.15278972648139608,0.32313844940812136
1435,0.18346204003145833,3.8931626949149853,1.9625724628530727,-0.04590003067832933,-0.0212038950920348
1436,-0.40939614915561584,3.8046734098626436,1.90020082914972,-0.12168701904869544,-0.19168945915760918
1437,-0.3252009147910982,0.7464847581563564,-0.8820557837519541,-0.08247113012254016,-0.1536430855859543
1438,-0.9106729601137376,2.094794308232438,0.2932265223507289,-0.24140312250389317,-0.2933765512659925
1439,-3.9599647615887403,2.121416701502691,0.7830433615841392,0.0255089576109489,0.6127056946250881
1440,-1.389978709884122,3.7294070760071234,1.073915884425646,-0.001199170961885814,0.20975580943845953
1441,1.1229565890844475,6.549929191347865,0.6403212285764753,0.3135082901294352,0.5205091127510671
1442,0.8953817699223366,7.122027421539484,0.5984730362414906,0.2742361451475393,0.4327518349906844
1443,1.7589472385831308,4.029283270375886,1.282159781517474,0.38416881745981746,0.5457207174749465
1444,-1.2992614294242155,4.751318371599793,0.3043114716071579,0.21587571643985626,0.6256289881727491
1445,2.4918699079271818,3.408179794172876,1.3471060240255868,0.22346257803224623,0.1992471723643605
1446,1.89535080972829,1.6578834311787445,1.3363605687507176,0.15813958640494144,0.1775468899425888
1447,1.251781603671561,2.0822417457829996,1.4833436286494417,0.17835029725374593,0.20832900729607545
1448,1.8596598045005532,1.958339153519242,1.7209585985933369,0.2076115325852917,0.1917757815374187
1449,-3.8383348654213045,3.524867940438375,-0.055514588089924634,-0.09251901745283234,0.28492072831875065
1450,1.3108829602507182,1.067340959807589,0.6830091707030772,-0.055921268112702566,-0.16263840185314898
1451,1.7023348337406181,1.1589161028222523,0.9108554622206735,-0.03359517650077387,-0.24200150343405719
1452,-2.563506651370804,1.9828589563341676,1.1959104545226362,-0.17561170217121438,0.06455427734392624
1453,-1.787238016053597,2.4703702776820675,1.6364920604167268,-0.29379032701994845,-0.2049580938009827
1454,-1.228913574209566,2.821634348970366,0.14540956323985468,0.08561748628340626,0.2688042735091947
1455,-1.9203358602261964,2.316273770841611,1.1700374809566843,-0.1851520055765267,-0.14215757580245764
1456,1.5829311440482061,3.7557355371641954,-0.2636210408900234,0.7375927165267027,1.2755723385376962
1457,0.13661264694720376,3.8337966708985642,0.7442122727608526,0.44056724458708757,0.7997414910320064
1458,2.549391683288422,3.817104979565854,0.2711997825711013,0.37289272895097464,0.46637447439630636
1459,1.4029619256038377,5.518903455188245,0.5417257214805412,0.3975120677557825,0.6035061909937028
1460,0.5263378589782164,5.156698536556621,0.9399387407262078,0.19125572267018143,0.3534017226639509
1461,0.5157310627951963,6.149828928375087,1.2478030669096796,0.37729802320886463,0.6826641185779776
1462,0.9365503919429234,5.589705639460386,1.0893189049566756,0.24526877005952816,0.40927256145087293
1463,-1.6412072080468396,6.422426224179912,0.8948228394242563,0.22287530893485663,0.6016475614856626
1464,-0.00784726906085318,2.9365636431992495,1.9436822537313765,0.24210032814377927,0.43792788312091674
1465,0.18668678054920304,1.3505085742562652,0.6399479999742622,0.3900469816874031,0.7948298919251489
1466,2.972151476910722,3.6095720983744166,0.540551018820796,0.26662439564889323,0.19168198339478787
1467,0.5947593627838612,5.835235746436138,0.485931952613756,0.6812027477080806,1.2570484292511843
1468,-0.10239664323508675,5.743119026659692,1.2611500086416936,0.6008965187999854,1.1926025973318888
1469,-1.0667964536147372,5.0162414201026895,0.041998087361807185,0.48211777722290244,1.0489806753412108
1470,1.4535150966384036,3.523604209192583,2.035955949243544,-0.11082320495438559,-0.285979180147937
1471,0.009998869610699167,4.082255143692574,2.473302539299901,0.1266727247521337,0.29178959057736187
1472,-2.935636582976532,7.320329273950953,0.3637614063320594,0.18999727252857027,0.7141665547068223
1473,-1.226846008539227,6.449748908554079,3.0626807595754717,0.2698019233969376,0.7443028137586707
1474,-1.7202596846035376,3.515262786284628,1.1592132778072075,0.2588587460342426,0.7031719447837408
1475,-1.5635179970566815,8.332957822898038,1.387979998033475,-0.011060944378847064,0.21100930661399564
1476,-1.6520974274454245,7.970455566674566,1.4056271364746338,0.008182491034602075,0.21083703557290587
1477,-1.401368667104242,6.589744225148673,1.170484029891371,-0.0855640570347042,0.2274625335065774
1478,-0.34390533235523907,2.7991596198755526,0.94904550651471,0.40335532516302147,0.9674338828029317
1479,1.712176644104252,5.405705871714163,-0.10320995620571304,0.4200622010922193,0.5728707901700715
1480,0.1865729887990194,2.205968233386918,1.0813592710623774,0.47643240076843846,0.9062569035268163
1481,0.14599574221867193,2.951771472109212,1.3007789630127489,0.4773672274989164,0.7707155592556914
1482,-2.151351985087184,1.992312589667299,0.019034714755803737,0.0978009485086905,0.5683930697265634
1483,-1.7054583480019063,7.788433481489089,2.0202924682486048,0.11920791878009096,0.5182180603757831
1484,-1.5178518720010687,2.782630586691454,0.04259326775182325,0.02064632378659945,0.22894900455341322
1485,2.4721469126559668,3.2840829219650707,0.7990001872090179,0.4305383501859281,0.5736007911693849
1486,2.362998414827623,3.335500782232731,0.7704344567603302,0.4498224087921442,0.5508997349292923
1487,2.528860474773344,8.03225878653198,0.9836575706311727,0.5177273310373207,0.7463196759927395
1488,2.3878442041373904,2.8865458580848045,0.48487794755437935,0.5665748223702183,0.7397713263486753
1489,2.5984515221269837,5.69934402636977,-0.11410523423066732,0.433976892447112,0.5788137703734989
1490,1.7016617501973619,2.6236625270568834,1.4963548078497515,0.2302565950529848,0.36991561090163994
1491,-0.4144520505026432,4.490557475163896,-0.4528963306318398,0.19519977875453215,0.5302535457613897
1492,-2.0814547060192634,1.7954575320996782,1.4412827595010478,0.11536799571041537,0.4592244939516065
1493,-1.5753359396161433,2.755783846972764,1.0905525993727483,0.08982720040959623,0.43330703809863147
1494,0.875003706354949,6.414696083484655,0.6927447883572325,0.2330203745066082,0.41847640146523424
1495,-1.8560069393084786,1.3318140541638004,0.4771845460236342,-0.28268164793171935,-0.18475835255737677
1496,2.064507282604009,5.166692764300965,1.0846903764997826,0.5082798259997384,0.7179580674495781
1497,0.5599135002768221,3.9230642651367718,0.8977220857734819,0.2015131123099534,0.4262774736527452
1498,0.6637381344614869,7.170053846004347,2.142349780342981,0.30655168204288263,0.5562907875246051
1499,1.0767324319868097,7.487149924713622,2.0151320722343535,0.3141697825954513,0.5649536979733059
1500,-0.05539890365990412,9.141649258432771,1.6870684366361275,0.2636581165863289,0.5941067292844991
1501,1.3459797526129889,5.167258593815146,1.0586751166878718,0.34284641559515433,0.5354303927214796
1502,-1.9722995672069166,4.7103837542909455,1.0251679034333725,-0.04466998279832505,0.19573989397062577
1503,-1.6027340477455811,6.500650115755731,1.2249973938161518,-0.013546923906730722,0.20696091273440348
1504,-0.7735680135327275,7.782646330615011,1.2846809207276233,0.05842234747701388,0.25452427448975334
1505,-1.7261209498035344,2.4954823881192105,0.7431426438836695,0.10170183581343614,0.4106097359822243
1506,-2.5343178936712807,3.03746907086613,0.5553754093308658,-0.030797255475777854,0.31586988319900755
1507,-0.08550426430123025,8.363643716986383,2.5483522060095747,0.26679952498860315,0.5679690168684547
1508,1.807351476016904,4.771948586889187,1.1182342786578132,0.4064830874425715,0.5828545631939072
1509,1.4105620261789817,2.3067804461838874,0.9668802653935088,0.25876979172841647,0.3533643733791566
1510,-1.6659277458194284,5.365909535437428,0.457816977406587,0.24235792176527737,0.6901809269631858
1511,-2.391560244827006,5.280256863625679,0.7412758876013339,0.19355927457319227,0.69998409295884
1512,-2.5268902310313655,5.331095073064684,0.8130680036055601,0.1820358241535846,0.6627266363435907
1513,-0.13957200163076544,7.538081658609599,0.6448084841593414,0.09212856550958072,0.20002332670385548
1514,-4.330531035759533,3.7189243507875447,2.406290952612473,-0.026383809516638906,0.49266283850445614
1515,-3.444054886133629,6.751231347441803,-0.04486051132019756,0.2256908136005576,0.9002156917773287
1516,-2.4153200380896194,3.388030308079344,0.5465168449341877,0.16831563992091803,0.6439167502604883
1517,-1.0070080991124488,2.1200673194724637,0.36527294209931477,0.0008733245229934277,0.1393009718371373
1518,0.7458550434152909,1.46766136039073,-0.9497320129139731,-0.22854163726040508,-0.536146750833458
1519,-3.067200281265629,9.863620473266318,1.500526830495765,0.43180310005437256,1.1798967230735962
1520,-3.0164477257338866,9.905333896205471,1.4583639890305857,0.4211955684482414,1.1886872230966283
1521,-2.2602016928319038,6.240468429065851,2.1361435007749066,0.43452589175103573,1.2081315900710212
1522,-1.5036985327785395,5.315020426340241,1.894821029085699,0.3696883474867864,1.040848633254858
1523,4.895455217720613,2.7554652177269134,-0.40689422990286644,0.5197276789736056,0.3122682286720952
1524,4.053401097547273,3.005021563599489,-0.22698293693941338,0.4196885830825654,0.43201209272411184
1525,3.8305205226827717,3.6897095921757055,-0.0812536934605939,0.425868290748572,0.33542399214466145
1526,1.8142535359563317,3.3019315974476653,-0.5936394934497593,0.4270327665956816,0.5532110287615318
1527,1.9825407846832415,3.848963411844068,-0.7151052823775087,0.4149684585644769,0.5531018320598668
1528,3.189747386592726,2.8339405609862767,-0.9215378415501468,0.3916146919451728,0.3802752315378655
1529,-1.0759441190164516,2.1140748246850487,0.6074361511233132,0.10736659926079903,0.3148598983356811
1530,-0.26711534991573754,2.6570553639691217,-1.0185063973189639,0.2606528426154624,0.5674225962381787
1531,-0.21082678431646598,3.25788279022076,-0.832756378432153,0.3544018326664148,0.6322162350376762
1532,-0.11098474736388211,3.1437712929742387,-0.6120747560506148,0.30305745892028746,0.645643641991307
1533,0.25685326297839267,4.522661091403174,0.30651506500129305,0.42968081496681126,0.791526009719251
1534,-0.9857826651143287,3.3144952917989623,0.6391248728767992,0.20877427650179503,0.5039682060109071
1535,-3.709063543258536,5.611518487866736,1.9037158398407819,0.017670959625837653,0.5407808863584019
1536,-1.572321584655728,4.442756359029685,0.6859705263635301,0.08122181017243313,0.4003718385736074
1537,-1.0356666583520933,5.423115107964458,1.87056851958143,0.2634121542042781,0.6470789229126143
1538,1.3165477648786978,6.386841978976819,0.8180390148025951,0.41020106005772083,0.6833558586982732
1539,0.13802262647546884,5.8792919002892265,0.37433978671201124,0.43163549106085014,0.8797336947938481
1540,1.7844067685830218,3.86415548503736,1.416253254174746,0.1542875335837728,0.12947696319140672
1541,-3.0789745783241904,3.4067881065281247,0.4283203404697153,0.19357256358242864,0.6875929047507532
1542,-3.0663417508649933,4.757432159008216,0.2830598305075046,0.17868214973923777,0.7731010229864179
1543,-1.0700394716188288,2.943283967096267,1.7824434118210997,-0.203115255650873,-0.27589760113387646
1544,-1.2210434641901908,3.017113783756859,1.7787300423840544,-0.19505699964041437,-0.3084806310844094
1545,-0.6181106998304867,1.8382171857976422,0.09442757383311771,0.6891549769163359,1.1910566621075063
1546,3.848331432686965,5.639479028373411,1.2756310239306954,0.42399704680619865,0.374079031972333
1547,-1.0661818182631744,6.073199441161802,1.3824636330051818,0.3120132549181971,0.7427048867686707
1548,0.9775119172082999,5.1635619302584805,0.8296207335551288,0.14264777037851575,0.2518953035294032
1549,-1.3281973754691236,4.6682986180815425,1.395839109791841,-0.017666879124133023,0.2346672874741983
1550,-0.8700840989948578,2.4279942290508734,0.17493509927106068,0.2076389187488849,0.5476900437577019
1551,-0.6096944876823489,1.3534570588950485,-0.02734825763416438,0.3524417200323037,0.6921384769635216
1552,-0.6658071254537491,1.3078541428261392,0.1997531523165111,0.09567721913969308,0.3266095752768103
1553,-0.727763770333916,1.2114014930334485,0.1659785764221843,0.10519665044017282,0.3069110865647891
1554,-0.36551458746995197,1.0837810736016151,0.6124108061047538,0.1985377255136507,0.46139894401887005
1555,-1.3175562742683196,3.3791031631523927,0.2722662179601549,0.03266740796619118,0.19726234494028286
1556,-1.342260319180512,4.5855697537839895,-0.11158538994388037,-0.052139832979437396,0.0521692699487148
1557,-1.3009329198064112,5.978063375560743,0.009164841994408828,-0.07594519554534201,0.0755590873103377
1558,-0.6084846490477723,2.0805869580095457,0.7638108150586329,0.30424854629318004,0.6517643665705555
1559,-1.2539174703686575,3.2607974699965214,1.3983742734695679,0.23554600048922295,0.6212382812424353
1560,-0.9967539524285901,3.398947413213775,1.3215038960290335,0.19849834696441396,0.6419640733942023
1561,-2.0560235579444845,2.286622801796192,0.6798916221753324,0.09183914629174916,0.49269177631516037
1562,1.9859667676535964,4.805474571375859,-0.002861606777925478,0.32137865705517593,0.4323705993722198
1563,-1.8867153158321743,2.347794965593051,1.2188828514811003,0.17409646172831167,0.5356556052117588
1564,-1.1072713169048476,2.7760594949265864,1.7608606833577825,0.10282772825980639,0.3756305848449931
1565,-0.8764350211277635,3.134137577818598,1.626449318203554,0.15844458050855997,0.4299983064131582
1566,2.1922597452290775,4.185810096658462,0.35280765170543404,0.4141247071014641,0.5723676583910771
1567,2.519342538105288,3.672514916638432,0.3572023186259992,0.42866959647418545,0.5525708570186447
1568,1.5740356134513789,8.641405555731716,0.8752223291758342,0.4025094443779611,0.6182038985879927
1569,0.6553729110972051,2.492645176050585,-0.15706374010847554,0.2676843151662607,0.41012514185017623
1570,0.49030885403928987,2.9108849431642696,-0.48420418063768306,0.3146302461578553,0.5352901056691822
1571,2.084178398111917,4.736607255370093,0.25045143385750995,0.5749482994690843,0.8705509445027593
1572,-2.075117567688701,5.664513792375342,1.3261761754158123,-0.1386312530418637,0.08555023392900195
1573,-2.2875430916758495,3.0200964998535604,1.3116207593150064,-0.04791302250771039,0.19896822105789297
1574,-1.989874325027151,5.801833882925274,1.8333778535034482,0.17437435337665633,0.6202179084925739
1575,-0.6911288210102822,7.198158637281665,1.6716199938506378,0.08678059834278853,0.2826697184483132
1576,-0.6039647829481786,7.200909719075122,1.2088587421780326,0.19184211626566827,0.4654559425767242
1577,-2.928776709163267,2.8576082521245474,0.8660807120181692,-0.2571542970835807,-0.09667272268974217
1578,-1.1406677383608124,2.81152667611219,0.8671501437048224,-0.01918398901518056,0.20177283731945084
1579,-0.1888385166490175,2.512929379628551,1.1854473597784938,0.11148991157730116,0.3348868705547721
1580,-0.5795048628303097,2.4325838135599556,1.3458180985946468,0.1726878988645178,0.39231435842967705
1581,-0.24206967111607688,7.896875073542185,0.2523871227508054,0.10765954211656698,0.3114037944667191
1582,-0.07611245180546157,6.136423418113167,0.5918596146830647,0.16910260156912935,0.33375101823524644
1583,0.20685948522719028,5.688019616589534,0.31070440544636446,0.09314797039411964,0.24046994806376087
1584,-0.604755894264093,3.145100727821646,0.12526952663194657,0.17686557454283405,0.4392410954761102
1585,1.7548116228464878,6.006605626973305,2.7171191979217837,0.17315604266838086,0.21673987949022142
1586,1.0252028765392311,7.472873097301485,0.5542468638721799,0.46088793814179224,0.8385530489753592
1587,1.663028471691002,4.3964652460615214,0.9536219058355121,0.5780332428947915,0.8951298046783631
1588,0.31094193814910936,3.6867380224323782,0.8894760966014068,0.16799397680174047,0.32089313245948164
1589,-1.6152890221918956,6.538231000161045,0.8179277997382796,0.05819076519030883,0.33025150497376243
1590,-3.1726061365245455,2.810746179956635,0.19511427980082574,-0.011566744416843838,0.3891180055652053
1591,0.11156887087515638,12.805324005765618,2.6951942902507615,0.29144586782836424,0.6290827297779104
1592,-0.18204024771603658,2.820431763425205,0.20309862359051106,0.16568958724373245,0.2870499282172651
1593,0.3647775764572419,2.779924552082593,0.6202594508222389,0.15943874734539734,0.39575769372182634
1594,-0.33518218300403535,3.248871705067035,-0.3452967271143233,0.13942553138253605,0.39959903348055864
1595,0.2584904206473506,5.323186503890185,-0.3008662292883074,0.2318752133339115,0.5006101001105172
1596,0.08838544813772001,2.7165847073292637,1.807883677933256,0.39740086809063707,0.8495715390020624
1597,-0.8333651387595761,5.5256869348898405,0.9902880097676778,0.40153616968562944,0.993411993342763
1598,-0.8135789153131521,5.61693217912029,0.9171815092317551,0.45960603015932816,0.9774475236567393
1599,0.6855369311747541,10.299227971611222,1.7465348156222997,0.34992213161129476,0.6218713382646753
1600,0.8104377989225046,1.6346667610392889,1.6049243170140166,0.2691396983885567,0.5009102257853999
1601,0.9524285004240832,1.6533763529630328,0.9945478779956425,0.32589271141129306,0.6086769731292389
1602,1.0017976269861946,1.569496454187191,1.070158781977663,0.33214858890737325,0.5962222810978095
1603,1.0742092356367516,1.1341307252159474,-0.4330752022745902,0.07304833759255225,-0.03714822953188329
1604,-1.6119882158967724,5.958905140030044,1.4008930857317419,-0.029131716455377942,0.22978442515251027
1605,-1.8329497913706825,3.0173840000093315,1.8709479874094,0.020237102208137295,0.35664235331700384
1606,1.0875341279262747,1.7531190014100944,0.06503797312605719,0.56618636055432,0.7900672282991259
1607,0.47497256542871674,1.6813371542536664,0.9534291028100261,0.27852184262492524,0.6279146907316245
1608,-0.3143581446771125,2.044330121550008,1.1973062215031416,0.2849248121352073,0.563995799031923
1609,-0.008654704704398162,4.056805543510137,1.3909082383543472,0.2880980399741315,0.5763200796868053
1610,1.1859280230807958,2.6110983209025487,0.12209542912238264,0.3393789075052281,0.5207017179583237
1611,1.2537561164812685,2.0305744772739143,1.4623379895271031,0.2587608944541569,0.31150258704060624
1612,1.2800345725329558,1.7766542431691432,1.094117159583312,0.17199751629546473,0.3026742736755458
1613,-0.42602945494534217,7.073730765612502,0.8810551648803494,0.2730549201526309,0.5457678170126932
1614,-0.8048772709039684,3.9941906974328907,1.878278076080949,-0.0016574761933680945,0.16519856677113046
1615,-3.686936399190058,5.101216508596904,1.1055970968717637,-0.05647371849467048,0.38828204985368353
1616,-3.0969132241451987,4.039027125301387,0.5192061029482189,0.033784221355690126,0.409248793838399
1617,3.3556969772273177,4.59445405822893,0.5733984398485762,0.5178011817352575,0.6645468913264998
1618,-3.479697020042442,5.294267951174845,1.333508749838618,-0.07140818669554619,0.3177049522422852
1619,1.1536921151713864,7.549992424733088,1.3438245088495482,0.4198074283924577,0.6925483885568954
1620,-1.292551058882692,5.1673819070589895,0.9795872015242219,0.28259402194408695,0.71621842709248
1621,-0.20264362899662458,2.583369273516174,0.02047190482568165,0.35118080507089033,0.6172192319904395
1622,0.4130171520144306,2.8583408248458437,0.37036014290742314,0.254191637788728,0.5255769421324585
1623,-1.6021100519887561,4.770978197744207,1.3784589614359808,0.11420040369447185,0.35400193452218853
1624,-1.5914636272033074,4.636449304224833,1.3088798465679965,0.08328115303174852,0.4335853061127865
1625,-1.5951641258853717,4.640723656910509,1.4804046458478215,0.07670139834628471,0.4251765440175134
1626,-3.4251735732468838,3.6076358780480606,0.6548386257639977,-0.1275699139057649,0.18800708681869524
1627,1.6014656976147843,3.037020752078483,0.9938967187933015,0.31074513862847175,0.5148555764593635
1628,-1.1380300351683155,3.7126314845280017,-0.28501932587425594,0.16628607699848025,0.5179053945851356
1629,2.416900615091821,5.235730673279946,1.6779972276647501,0.4286202632781557,0.5371833639875055
1630,-0.10442745351518197,4.519880982097488,0.30511742929857055,0.054345359246706776,0.28373283471387883
1631,-0.9667713628795834,3.771045503303346,0.13105927694000855,0.2214997749418039,0.4549521387290229
1632,-0.10763367551054158,2.8825843641024407,0.2907959566600131,0.42251924879837494,0.9334991584654412
1633,0.08368681558854818,5.896428423391776,-0.5906583158005326,0.30855729929495185,0.5767401786685342
1634,3.7673826563884476,1.6949612316131304,0.637268393491726,0.40926285381136557,0.3797365361087201
1635,-4.6200031350580355,3.7172543389643824,1.890740639106675,0.02216859776391251,0.5301175097226078
1636,0.8717654979387561,1.173572696774816,0.10994762075555106,0.19258088281910776,0.20810742431294654
1637,2.662072590449377,4.512102918411103,0.5532649309543057,0.29931889964013086,0.42518537754954355
1638,-2.1791211672162722,1.4853664156372017,0.46541215286495874,0.02399299805735169,0.22458416523733188
1639,1.7403167478027302,3.866398204659172,1.1245171799968434,-0.11937633246859229,-0.2522594557200015
1640,0.10130720855610481,2.0481906541453583,1.0264336273275694,-0.09160629559868716,-0.04130439988453749
1641,-0.0863380633540766,1.0930195163014185,1.7451681808087036,-0.1759639633359071,-0.14322265077304325
1642,-0.7951174583263155,2.0277817896649286,1.1437629445526216,-0.32308620197078275,-0.3138623943266686
1643,0.4605313753731622,2.174053392987988,1.2282349713919711,-0.19296696136972782,-0.19910975960030408
1644,0.708556282553328,4.387109164472012,1.9506593070495746,-0.17865607076655043,-0.2520374863061083
1645,0.5696404363903846,4.142641057503414,1.9680608510185365,-0.1412643489126174,-0.30302874546384045
1646,-0.7300832397170987,1.5930604353715754,-0.4086432187398703,0.13099515288542463,0.39712686424002624
1647,-0.01648095827935087,1.3889931380549536,0.08180495970192496,0.15598914143398354,0.2552943602036611
1648,0.9359362100115153,4.198218716227733,0.7876054380974421,-0.006238756743075018,-0.026193961177574124
1649,0.6865194385416884,3.518860309962729,0.468048340616032,0.10209358411114232,0.16870747024416693
1650,-0.36276747045521757,2.0074086570938303,1.9682596048621295,0.21699554281552483,0.5180202271072898
1651,0.579635299201331,3.2123051504848554,1.0077089719675871,0.4751380238174582,0.7688209314875912
1652,1.525110097826471,5.225866157330545,0.3560882125109854,0.1268752617218596,0.08418047940372948
1653,0.8603580989785024,4.613342523168161,0.8593117847933343,0.0369822320804836,-0.02887218262740455
1654,0.9075167607737069,2.126178137302476,0.7437433381640814,0.009464206471439224,-0.06349042772875607
1655,1.0785129967085314,2.5703546250129143,0.462265610652435,0.22224984790623248,0.2637708649767082
1656,-0.28787754207259036,1.8597284867683481,-0.3331467846463104,0.2853361998549763,0.574973339689957
1657,-0.9330208034381168,2.6283871349706827,-0.5439600211818383,0.22144062088693325,0.5638734313239373
1658,-0.825801021308613,3.414381760049479,-0.3445701065400502,0.3353885802853859,0.7103248064528396
1659,-0.905913405650485,3.0652392608032386,-0.45723221932118224,0.390226807020005,0.8150531289504098
1660,3.2990923988978302,5.2566339302040745,1.248561077332434,0.4331857653246406,0.5412079937097297
1661,3.15922201788556,5.241609893349234,1.2443918370594602,0.4648326397846572,0.46735322057963236
1662,-1.595158223566873,2.694169150409122,1.7000363530686635,0.020976075800094907,0.32101608509671886
1663,-0.7456173496230631,0.5691059820163702,-0.053606011494619916,0.1450650263548698,0.27825137527250504
1664,3.0887885035505573,3.3979404547262297,-0.9341348489623441,0.14827394567318808,-0.07957265690970645
1665,-0.4363721987178065,6.749684311859448,1.7497269339855122,0.5423799665505161,1.2588504031239642
1666,-0.6744700861082279,6.357858067110761,1.850348455560679,0.5880087097356832,1.121712032920135
1667,-0.4021396256333614,5.854711644643622,1.7358271315256584,0.533005172973622,1.1864635383099127
1668,-0.276735282931968,4.334689381947872,0.3656265984034399,0.437833987217103,0.8474525409793555
1669,-0.04540268444312315,7.441002974300249,1.3213188209473397,0.3200073283365765,0.6828679467784099
1670,0.14609453215033755,8.714408398662274,1.2895503934786463,0.17853954797051963,0.4005590511363756
1671,-0.04825427546696577,7.152048882363457,1.3149299254199263,0.2179703872331622,0.4820696305541394
1672,0.43503947048131064,4.207654083495396,1.1167980720933877,0.17916475296985612,0.32920311268711283
1673,1.9334280926165783,3.012980490097967,0.9715574942863688,0.11395699527961128,0.06440432766233377
1674,-3.433536390955258,5.0680195260603185,1.9623380890999806,-0.157362526734235,0.16636014492813211
1675,0.02979890167679217,5.811102389580839,0.5760189971095111,0.3404344164631321,0.6394263528165673
1676,1.4255883544389227,4.980193955588265,0.7917395768235715,0.3392743731405772,0.4428790241323139
1677,-1.0374486049732583,5.448971733352209,0.9914138256858009,0.17234797840498184,0.5090156420305257
1678,-0.6561446476529306,7.1616733903311065,0.9476234889838169,0.11109948028817494,0.3013819289190137
1679,-0.6257605163212441,6.835937242600906,0.9270345400897513,0.13229791164032093,0.345085826193621
1680,-1.4572388759489239,4.149749084369933,0.638387460285079,0.15688893133952436,0.4527992963324096
1681,2.2823892300285586,1.2816036004599622,0.46310074347132685,0.031282235835657195,-0.19018140294211086
1682,1.4081609252481058,2.2486377716557633,0.5431256593186328,-0.18519250181387537,-0.46384657395814216
1683,-1.093566922208906,3.707050241843186,0.6989292504297541,0.3989709071115291,0.8316175564873645
1684,-0.3574691314567007,8.83002490521594,1.9626253786469718,0.10827415767492768,0.28452427456185914
1685,0.30973058161243494,2.0046974551551537,-0.03697025234986188,0.39150408183554325,0.6410942972819479
1686,-0.39036864329918414,1.9566956805384599,-0.30221886397146636,0.37845447720781383,0.7789973566700624
1687,-0.04573439927398497,2.035993686018939,-0.1128537121308089,0.39499502895510086,0.6881159305528644
1688,-0.6895684159134058,4.547474691445762,0.10958527422935485,0.18119841588924626,0.454393946375446
1689,0.21916910741188939,3.6785693042911354,-0.22151663538086444,0.15683322695954025,0.27811040331503906
1690,0.2566358029319564,3.3327166706911378,-0.0848148457245673,0.14969961177241942,0.3137826764063471
1691,-1.4216757405426763,5.436026095136154,1.3091268885929563,0.2106903385965044,0.6406525517160011
1692,-1.5610576589276548,4.388362711236847,0.7585800714432755,0.43666566222951325,1.0090643191795583
1693,-1.652551828640169,6.156436761370154,1.378918796734381,0.16230520696398829,0.5610946558160635
1694,0.43129283880546465,4.468507768922412,0.9117651377094598,0.23799763781882477,0.4414401698957498
1695,0.6153677489577745,6.935330552368492,1.2156829378671825,0.2727141653366917,0.47003329842799896
1696,-1.3817710882612835,4.247990637044437,0.5986376633692955,0.3245672969609096,0.7885196903388356
1697,0.19923102313540345,4.454206697712539,1.1008127236326266,0.35434945921703154,0.6985829151347236
1698,-0.34501907520095526,4.982661701776848,1.3566508206648114,0.2937904904052819,0.6219879600796384
1699,0.9762837279476599,6.108649090400948,0.8385799741772936,0.6059198081144583,1.177905828692827
1700,0.7514860588469591,6.94194143240296,0.8515921895800063,0.6382484507575399,1.1864619553053035
1701,0.31477668663792907,0.9790277516343459,0.8805139692593615,-0.17509522800610244,-0.29789854874826766
1702,0.13008067772214502,0.6153762071672709,-0.47555621344159094,-0.2566852612893922,-0.48105697898735295
1703,-0.7396606152389598,1.5660132605424089,-0.7368254978974176,-0.11007680106450464,-0.05497052047319066
1704,-4.193498290668105,2.337615621039785,0.36451455579730774,-0.30814623363179294,0.002029996284012851
1705,-4.45080280009399,0.8054170695463683,0.34496474415520706,-0.110407347529316,0.45618516200117576
1706,-3.815546929759438,1.9774232750348049,0.38132696380524345,-0.04283773140336916,0.4758958292404112
1707,-4.18319016804077,1.8978729823553733,0.3540700392529214,0.14637853544604298,0.649009760010242
1708,3.5831354248863723,4.952241170404906,0.2279729979058244,0.5542701419798932,0.5657894502529152
1709,2.376773491329609,2.7770781136372964,1.2906769745829503,0.36520414103424065,0.3458375383370499
1710,1.5527322143988562,4.430165816163402,0.5995305448833337,0.16152280630073118,0.25809636223584814
1711,0.908009548622294,3.3474788294110245,1.7141495781505482,0.02442853385457879,0.11557854149094723
1712,0.9795302208646287,4.288937637061029,0.75483252813029,-0.056377959192162486,-0.13276656804810666
1713,0.3119908519751881,4.220060550992552,0.9680480846168897,-0.03443166119459638,-1.731881456424093e-05
1714,-0.7840757931633755,3.4280879571119502,0.5716938946664402,-0.10520029842158321,0.023477579421790816
1715,-0.5789619712003002,2.5745421475758756,1.1974544061601253,-0.025815309467541313,0.04033928045703641
1716,-1.8148221675060598,5.14038620470706,1.1021110843561432,0.08925680980798498,0.45200434561288133
1717,-2.131745382733146,5.147630492654068,0.9644728139529692,0.2781713564857201,0.900182630483033
1718,3.203999762720229,3.706895620816104,1.5130394978874546,0.27636311768738275,0.3200732042804705
1719,-1.3716944188258282,3.0201180059188406,0.23415514501228749,0.36544451736001543,0.986962606954373
1720,1.4311123584206473,4.686608871230687,1.6820513568427438,0.028838859125353073,-0.12486151095879995
1721,1.1243534484372673,2.8735382397782123,1.0181513221792313,0.0864636938033247,-0.00045721020858766027
1722,1.279057778719799,2.788170764993591,1.1168290193663715,0.07903290626323849,0.025498371067947685
1723,0.4856584641380736,2.2887084310642116,1.155726837033289,-0.0030884016356694344,0.028886054174177094
1724,1.1127694314528846,6.38772908439735,0.5908261225766172,0.09636166020721428,0.09719045759571426
1725,1.431049386655734,1.9079040038848731,0.13840555108905425,0.001168892420679934,-0.03385261252317301
1726,0.5300065100591282,1.376564435344923,0.8088978085371787,0.049584192207140686,0.12375736562308108
1727,0.7141126612896261,1.635075075903628,0.31820522891363384,0.08443719933353061,0.015307445093103795
1728,-0.516586990156529,1.9065213817045925,-0.05343140714193233,0.2147080081138139,0.3702941752828707
1729,-0.7433491269980469,4.157969188005245,0.41482256600975004,0.33475143915751093,0.7327987893073413
1730,1.068223262989161,6.043611170615655,1.0824605298361474,0.31619126811163695,0.4768371111554674
1731,1.9693074153842962,5.543568892166612,1.3190006594766914,0.3681064463553124,0.5753041532962142
1732,-1.7554699487228775,4.515613422062073,0.3989330385086195,0.12080741587641783,0.463697843563571
1733,1.7656968415722483,8.58401460755414,1.0007463239308618,0.2873435087980496,0.3689668842607142
1734,1.7656968415722483,8.58401460755414,1.0007463239308618,0.2873435087980496,0.3689668842607142
1735,1.6320137667731869,6.594784846068356,1.1571665128345725,0.30125112702793555,0.42631776615209965
1736,0.8227765343064093,2.684315501953616,0.9672155403201443,0.3364289574384143,0.48485150438436186
1737,0.5421500429094944,2.288616869239597,0.9432829394303097,0.24800383222617142,0.4897958994314313
1738,-0.9359295163924467,9.210638671845924,1.1523949368310273,0.13452313017027664,0.3705627777217158
1739,0.48015472790716063,3.823395237818248,0.7745493260680831,0.29348744208157895,0.5820803805393091
1740,0.578352463167427,7.11981911217747,0.7571504555184396,0.30637127698293437,0.5939913814065927
1741,0.3917516098051607,5.710743729326636,0.5176159272792985,0.31859693775687237,0.5876812313416065
1742,1.695918178708939,2.9348465073705317,1.3540501243935688,-0.05609460978620204,-0.21920410157089076
1743,1.6515804603033035,3.1562634085288965,1.3448332657236086,-0.047786488939700486,-0.26687357991219635
1744,1.506119175804573,3.7485533387396983,1.3798394539702583,-0.09286295118205451,-0.2667031164250083
1745,1.1801862613836467,3.5444126611830544,1.218825002388402,-0.07999357841809278,-0.25265789996701066
1746,-1.0468098637583463,2.2061036404741947,-0.14772626620587634,-0.017018209137196826,0.07642622363864598
1747,-1.414558547101804,1.8492271117542087,-0.006724870685134302,0.031218896582194698,0.2681804187978288
1748,-0.3127445758689551,1.9696138889102743,-0.21160942727349139,0.3946240443536202,0.7893111836637217
1749,-0.8220919768405579,1.7272112989201232,-0.24545741357944462,0.3988364509854494,0.8495590030291402
1750,-2.9665318696328384,4.861493629892499,1.0974635119892668,0.09688643006573253,0.5599241397242342
1751,-2.574001659254645,4.696274692640209,1.0218598479877612,0.13906335153036162,0.5987910395511512
1752,-0.3917811776793217,6.205166258137602,0.5360883921177667,0.13837037981170688,0.35390520921170276
1753,-3.1451908764018914,1.4996776838834964,0.853722596088076,0.12246308390443059,0.7717449421989829
1754,3.0690214077263787,8.743356883468424,1.1169783096487,0.560883053777817,0.6912416479759688
1755,2.8827222749681347,6.853543599522573,1.0718434330927866,0.5447484821779476,0.7424797506638922
1756,-2.7619241808441752,2.8762783792573483,1.1828749547324755,-0.1924232016866411,0.08431546634547425
1757,0.5459318695264902,4.825577863334422,1.1654850723555725,0.5106931188219749,1.0046627338700687
1758,0.4414326393661969,5.120962810239687,1.1663732796323798,0.5459885977724742,0.9301211079883619
1759,-0.42962288716619296,5.418760047046668,0.8272387887045644,0.19876480841309116,0.5015087976237128
1760,-1.8479700763886258,1.5228651338683652,-0.2549168422716478,0.06415854771408698,0.3799186595678329
1761,-1.3739198921320093,2.809125523361215,-0.20377325965505125,-0.01180024839392218,0.1598502586903491
1762,-0.5763344780634069,2.224040914883248,1.5725660181779806,-0.10874225111533213,0.029255310493602554
1763,0.014880230765983016,5.694252449302328,0.5060969580600184,0.22247259410335152,0.5557453879132178
1764,-0.1368146349330716,6.240208117708716,0.38145954528990084,0.24774430933721747,0.48187423013270275
1765,-3.0125225923585637,2.9516761510730425,1.4013815576914563,0.019478648695466793,0.412507357133738
1766,3.3440597665629577,2.8441435527281382,0.22104719168293052,0.7515314779093014,1.121356548055418
1767,0.24649387203435,6.891408848538008,1.690023003273694,0.06655434165977119,0.2152338978859807
1768,2.7587489551677575,1.7169368277166024,-0.48684703526195866,0.3410489895569868,0.2908930587294558
1769,-0.5124099957774325,3.975121114532541,0.21371504816089076,0.20796163455662195,0.4400110802142672
1770,-0.946624039797294,7.39070687292293,0.8521694045570706,0.3038211585382505,0.6780915805401821
1771,-1.0467225757160716,7.568437786830507,0.857417660447153,0.274312012281382,0.6564722623712501
1772,-0.9302419825313165,10.535548193129094,0.5012990961737549,0.2771874656645966,0.6784879562233284
1773,0.9129431601016119,2.2610451694399476,1.8360948089956193,0.5652826015915614,0.9837768011920831
1774,0.3664974904683852,2.245050121503486,1.6436228726783493,0.5286288253998693,0.9660544083093655
1775,0.11510919388816843,1.9645621839237117,1.7422966947408793,0.5720478649491271,0.968690043891262
1776,0.15943741471828585,2.5282410920035665,2.5914717514544616,0.49467218205660585,1.0482194418258157
1777,0.7836922047157635,3.3546487914396153,0.8288687848995469,0.46372593457008066,0.6894002753070874
1778,1.9322231181379148,3.180658865580083,1.061765583949898,0.47341904543844127,0.7977406707975897
1779,0.20335048960721908,5.729226939356976,1.0233584227695447,0.11689766439747391,0.2502083202958776
1780,-4.759352116209734,2.0466632792336688,0.1077380540201459,-0.07086531433932833,0.42448068828821894
1781,3.6605261624981598,5.170941402595571,1.1625763220945957,0.6634972930681092,0.8824140085814677
1782,3.3830262470418226,6.2587644860514,1.3726682020782937,0.5302354256443974,0.6524197387500628
1783,3.1511588327821314,7.765196886312533,1.3163577698648017,0.46736958348690033,0.5542537848063361
1784,2.421302167391029,8.869504990659005,0.3979261157303545,0.2926643681787714,0.3298936508396981
1785,2.4294789452647874,9.754999336911343,0.16360627731178523,0.33312143939840255,0.31129207164833267
1786,2.6511678766102356,6.7995446504829085,0.7561887161858402,0.33118717187405694,0.3849891550547202
1787,2.4372261156427175,6.033715417667188,1.4252331111199206,0.5317946987931219,0.7865708118716276
1788,3.1157471680314734,5.193666293825561,1.773149507203765,0.5739468238733382,0.8158336660107491
1789,-0.29649327778558765,4.657672949234358,0.8253058652296265,0.2705448830578739,0.6196003088190946
1790,-1.0159684292642663,4.266069066247497,1.0242422822133717,0.0424111947452549,0.292712683743577
1791,-0.7594156035933229,7.235888823988885,1.7365794094252143,0.201572190525399,0.563333355698395
1792,-3.1279460334245797,4.634188171868367,0.8712563879932776,-0.12441705752928141,0.26299453685895813
1793,-3.122743862914064,4.453339096107237,0.8735538537622406,-0.11112305222987194,0.26648533318293044
1794,-0.3966760781960614,1.466941178338451,0.06210017249088753,-0.11257251974265525,-0.1959712786781893
1795,1.5536100002139857,2.116810877856808,-0.3221795030224653,-0.3170583062534707,-0.5585085630840476
1796,-1.2149024503053345,1.091716899844255,1.0490502712069485,-0.1480436799658565,-0.021052925146200364
1797,-1.9887442951589647,0.8886703943607752,0.9490851396890712,-0.16709313083522606,-0.026348913788278944
1798,-0.2965155427488412,5.672090058598191,-0.144802664928278,0.07289713316295597,0.2789579065531806
1799,-0.9208620875313516,2.177931955772353,1.3262342533541411,0.2494381026047809,0.648492590495805
1800,-0.07845773846225494,9.346705033428904,0.7605507944841507,0.115720979295871,0.2841729883589768
1801,-1.0076480348150154,4.133737415449244,0.7085141337757819,0.1551603445568089,0.41509765442907537
1802,-0.9994934273437057,4.377320656880132,1.1208542591063775,0.19467327757552058,0.4603687740602242
1803,-0.6229851122666507,3.4514135422401986,0.4049476569811854,0.21275209077296908,0.37153812826589167
1804,-0.7491163391927007,3.7344999975302335,0.4061006362272332,0.16658655579574108,0.5572222866245085
1805,-1.4635029441034009,1.729370340873297,0.7260119299820287,-0.08842292212520626,0.18550236404539955
1806,-0.8102393175540644,8.675003355679841,0.9543315744594828,-0.06444613063381273,0.05056763042040584
1807,-3.3528099777958777,2.456709231290939,1.338820019163791,0.060596787012786583,0.5220439125657133
1808,-1.3275872675274973,5.852878888455729,1.606486816848415,0.06570045133377413,0.4089620705586601
1809,-0.2946860783900611,3.776252324509964,1.2527435738829786,0.04268435764586368,0.24797895473498713
1810,1.7985644320319953,3.509512127939029,1.257715277694236,0.12843783610965606,0.17393930179546319
1811,-0.38702727378894947,3.567267353392205,1.4661144633122452,0.09568165800112445,0.23091843305764662
1812,2.683637600963245,4.038432263105321,0.05011540951708404,0.40116418619374167,0.45712437166546865
1813,2.5131086154195192,4.101034353015257,0.04488526244784316,0.4456160412816281,0.45425182985928025
1814,2.3563029146980017,4.4459532311273025,-0.0640382175863116,0.37212970527984895,0.5375380562635335
1815,1.1533398184810617,1.936335861307347,1.0238477355636595,0.3625282393449865,0.5738129932956356
1816,1.9752802600624617,4.047912814159629,0.9274261770820041,0.2998475100273953,0.2790223715785621
1817,2.4946520510654024,4.831334766215913,1.0707497768714465,0.21240742668782678,0.26521888685886874
1818,-2.848488027960204,4.557018401677548,0.42332616685235813,-0.009070003920944482,0.45303410764252916
1819,0.7928980624098136,4.923489177872268,0.6827292941731128,0.24711160755413644,0.46356578505670276
1820,-0.6146103612174648,1.6867213787135618,0.22328521269389653,-0.017848054349669705,0.01930384767426054
1821,-0.6889560089230677,2.4376248714240427,1.3471778864316397,0.09741938358097768,0.36560872840882247
1822,-0.6762445836895651,3.018371227706979,1.1852881105067063,0.04460877902780789,0.18312703587223272
1823,-0.867986861902707,2.656754289323668,0.8268634007661075,0.16440382370173848,0.3933362228043355
1824,-1.934879254340739,5.431649779452488,1.8913448354194988,0.15240138859196553,0.5434417790122807
1825,0.005313410882577804,7.540259132658191,1.0093397087095388,0.21531019578581861,0.4242072744604222
1826,-0.1490116406932303,2.7214231250440037,1.2974232589852315,0.006410566385064906,0.1352288343442244
1827,-0.6469580041108837,2.668988373611514,1.1442560443175682,0.1469239686903165,0.34732281027553086
1828,2.2303832803449706,4.9239386558546645,0.7908343432489697,0.4988287161148914,0.7677651112057806
1829,2.0428138648751437,4.890463565616027,0.7930626580297782,0.5009580452615663,0.7553450846141518
1830,1.2799538434742501,4.108874822346016,0.8110467973442097,0.5039909158532327,0.7421177605896901
1831,-2.174269908778384,4.259539298609626,0.7739447825128155,-0.0709340130111948,0.10075402941101594
1832,1.7322935862459117,4.585670530695318,0.724979067961972,0.4080280223682808,0.6285844629659229
1833,1.9938009826566891,5.143290332013135,0.3059201049041245,0.33766167651491386,0.4057438794750052
1834,1.940939073170616,4.374636292369116,0.3210622845646781,0.34892735867854313,0.48431440129607956
1835,3.340961139497577,2.838537220782483,0.42570314138959003,0.4433967840570061,0.48924001959308205
1836,3.3003928319275624,2.9076912692720187,0.40506969373523927,0.47101620384984333,0.5364922912917661
1837,-0.8760413637019665,3.3129068194321123,-0.10359620825702767,0.37946910101084147,0.6764070744502584
1838,-0.005212540480647516,3.943600173610059,-0.0716437605546986,0.33503944624020005,0.8399037825376207
1839,-1.9601619235499286,1.5689752079022918,0.2991759517028549,0.10710234654758687,0.4683024438750191
1840,3.836443426820718,11.00902957096978,1.2763595688795981,0.5474883003034073,0.6453660164985334
1841,2.462714462111395,1.7616395060775474,0.20544948934646248,0.3111647547788588,0.3043698644500361
1842,-0.7309581741827031,3.9328226730397025,1.9369228998349368,0.17219422491006506,0.45203093185957394
1843,-0.11272884633030573,7.819243483516099,1.326556961843246,0.3216267199481124,0.7143900014780773
1844,0.8656508491028713,9.48813001994471,1.4689291858125606,0.25258074489304955,0.4235649809365365
1845,0.6679237735398287,4.542421643296968,0.32777448843358786,0.07494147823693768,0.12926194568337807
1846,-2.191615465326386,2.1484299409195478,0.9002714631277063,0.33352357014081757,0.937460207298704
1847,-1.4225533142452575,10.639134986595336,1.2635757122560483,0.19024250837591655,0.5717487917416482
1848,-1.5982824488558711,3.0215998591897617,0.7685709335107366,0.25154923689236713,0.6396286104019402
1849,-1.785016102933166,4.465622583513673,2.075949038470334,-0.007910725966093506,0.2397615688914112
1850,1.9349690292576114,3.96002146104816,1.0790338407259012,0.2816023276108712,0.3274378287209804
1851,2.1172273621747437,3.36272909105569,1.1017533184725006,0.2662262622027109,0.3589458425989008
1852,0.7236126128478689,2.0117468160027365,0.8948277366904488,0.4667300920846277,0.8575131260399922
1853,1.2352458784697082,2.6879363313204476,0.5889435512256179,0.2256822428754749,0.3633559446836144
1854,-2.5870526937976064,3.8911571104526717,0.9239780086275582,0.270607634461109,0.7958739898860752
1855,2.579213833834254,5.388110828385893,1.1067299726280089,0.31321793165440776,0.36060603625674437
1856,-1.0875486203859737,6.281244581493138,0.8603276794623764,0.2183121531473981,0.5423095064902751
1857,-1.9407022766988093,4.8477633257557615,1.2980823661513181,0.15445491893035493,0.5413035753392976
1858,-1.2572091630087838,5.265993260891283,1.0906417863176225,-0.024853067908568248,0.13809699979767703
1859,-4.112427843013147,5.10627664131945,1.3334441805325663,0.12189067743385515,0.8357710411104816
1860,-4.336506339210044,7.813333235011046,1.3399395195809118,0.07336442560877694,0.7178843618228428
1861,1.3076778632934378,2.633547450434929,0.6756130153581373,-0.02555817535228154,-0.11682988287004596
1862,1.0918972809296954,2.2628060170937485,0.20356104630413008,-0.09740884807762955,-0.15976673396908272
1863,1.673193398513786,1.048524881240238,-0.7820497159811061,-0.018950273327903864,-0.15970349237507686
1864,2.2278980253131992,0.8551818697350169,-0.25170934283506685,0.0044424506264074265,-0.21942969322082936
1865,-1.5714620327450197,4.209218256017572,0.3507719859332535,0.26558560577828955,0.7603497629315079
1866,-0.8085586198410464,5.632037103615048,0.38839207763455924,0.3215536055947953,0.7332650487790279
1867,-2.6688898388198394,7.028509975268361,2.137224729936398,-0.09335357526868837,0.22394089982629847
1868,-5.426015028495518,3.990620383130164,1.706926656608613,-0.3354505428317562,0.08859633320994285
1869,-5.280405028690512,6.509220442997886,0.9712932744472942,-0.1215451310718275,0.4967436334239248
1870,-3.394166399577144,2.5054620602016624,1.7897936649744741,-0.07432063036499201,0.2992683709991316
1871,-2.903457393705384,2.730725993714088,1.7054610150352978,-0.06046111126549765,0.3079711372156415
1872,0.596404818441084,9.911397472229611,1.4394033306828309,0.28545730966008054,0.4858860754409066
1873,-0.5761627236198984,3.001522262603385,1.2388675683322778,0.16272790249156635,0.3927930856110061
1874,-1.6273879128320592,4.323143644359678,1.0987621475867524,0.07396868425302518,0.371045715969568
1875,-1.0620745407793732,5.158619312266046,1.3280461823263001,-0.010073980085196579,0.17379755077201994
1876,-0.17704535086814854,2.0526826620051617,0.03311907670593822,0.23543882983283665,0.4770571079991986
1877,0.14335416301161674,4.0473582865673645,0.6010212861732572,0.08076397709452006,0.22668095478404157
1878,-0.4649385188052399,4.003567312588172,0.1645161936925144,0.13153652014343678,0.29782427000205747
1879,-0.2213014132228129,4.403478348148048,0.26446169305404194,0.028541753928378013,0.17010335181602035
1880,-0.7396455074333568,4.012692218484211,0.6599741595478147,0.25838647542145166,0.5797161350174515
1881,-0.5827118032735591,5.384075447416651,0.943851042214379,0.20236208674799033,0.5211770190335818
1882,2.319111056330635,4.512637503474108,0.9000389474950409,0.37795962976844255,0.46855128592037965
1883,0.7561483313796169,3.6662960434575,-0.2509340106381885,0.3507903582948826,0.5973484364836784
1884,1.9696984171162089,3.3086875246008605,-1.0646600650646216,0.50136310702423,0.6675193009506154
1885,4.376149893963643,3.1063715845181696,1.1539541812780347,0.37387206453827043,0.2774528647271287
1886,-3.1030729734189246,6.545170376364146,0.7813280200811104,0.2213117064842415,0.7945778792598606
1887,-0.41049220319514684,5.199098189876778,1.1081600483820855,-0.10897916340493322,-0.07861735462406091
1888,0.9627063104985699,2.336048383763442,1.4851390077809927,0.10463932730168397,0.18195615853986882
1889,1.3821099790338867,3.7027171593465242,0.1360548860281419,0.17871700208053162,0.24018006734919053
1890,2.185385754969209,5.00479669902831,1.2987571569909044,0.43160159115190966,0.6205282193176154
1891,-0.7048318611754336,3.4162445912569903,1.1447709910867574,0.03110839381142089,0.2276129289754623
1892,1.398623310602663,2.617218817470515,0.7385735238816903,-0.018029544648863843,-0.15826923581541688
1893,-0.7946728466013308,2.465325586568065,0.01044030962717322,0.1667067009808202,0.36827238030274567
1894,-0.8990040416143001,1.7187957041781996,0.3296737352773058,0.42560816464721446,0.8434185824768303
1895,-2.0041303959779984,6.088216808681672,1.5820896038226269,0.01740905373227032,0.37566104393254995
1896,0.028903744641706145,5.080595763904161,1.4413811912944114,0.2580520878608562,0.5936585734470868
1897,-0.911614285398763,8.741201377356118,0.5091652048489127,0.2967702818857993,0.6634052206018387
1898,-0.39679676510556444,5.641752321095502,1.0475684697044814,0.22008463313685134,0.5587615356454846
1899,2.349773730378424,5.163936670263026,0.8242212908195978,0.48415318666518714,0.622801510457322
1900,0.5142036472751187,4.293775581280584,0.43546337865382173,0.27555257878729905,0.5039431297065118
1901,-0.2171206586629109,8.09632461607939,1.7733310052184994,0.2275354253996595,0.5258562420091615
1902,-0.6079615380533729,3.8877822227441468,0.5675099002938491,0.3663157592223617,0.8421375133560097
1903,-0.65929531948637,2.6425392958357943,0.6909005279313473,0.025177136296218254,0.14092501067848343
1904,-1.4572983635089087,6.904550180548853,1.1193318490173612,0.13101339466781367,0.49052828400496745
1905,-0.5722520801052893,6.1380257329071615,0.8817334973101996,0.23929947652459363,0.4892994167882459
1906,-2.4915198437231867,4.430270840634888,0.7101444196750278,0.053484816549484504,0.5520236803197041
1907,-0.3954798422070072,2.8187669335286087,2.411804178256462,0.04382183155749683,0.039708875356795556
1908,0.16372179292464026,3.092120170999536,0.18571857672249223,0.00773885860244936,0.07693478441498941
1909,0.9204747917748688,3.7483757489940657,0.13373274746661626,0.07455576490302981,0.1048213966896288
1910,-0.19159900817688724,5.911314629066387,1.0946386520546765,0.14201102075476976,0.343970667581565
1911,0.6394717356921397,4.6891899122862615,0.3831233325229591,0.04463417532105322,0.10375944188736226
1912,3.620274934832821,1.6771803581943223,0.5544075453502524,0.46379323818675516,0.5417247747294415
1913,3.3143374116821773,3.217012714467827,-0.43820658260904327,0.31576293678078954,0.2348085980992696
1914,-2.702452419809695,9.079818955032147,1.5130063959254003,0.11748855469806861,0.6080385881610314
1915,-2.6437954374422237,8.304961352899657,1.850261453944299,0.066790489272517,0.46625111839854005
1916,-4.213081300429107,2.6178487831040047,1.9432670306543074,-0.09652208754627657,0.3349566354383057
1917,-1.678465501281654,10.567232807454493,2.171292410795864,0.2354418155256946,0.7566211627473816
1918,0.13431747970396807,3.708955139641176,1.3189810453583357,0.36338933651908956,0.6399516322579246
1919,-2.566473778328523,5.6696368592927,1.1718358405532598,-0.11654208252478884,0.10710421849093013
1920,0.8409456814381391,4.510719534004379,1.1184728476109105,0.4754368127481774,0.8957099189285234
1921,-3.2948569488698323,6.8724351434153315,0.8356612233826567,0.37858865107282075,1.1278218260623818
1922,-2.923469753164604,3.5772487257252448,1.1097097211173026,0.2551917764421218,0.7785815686444101
1923,-3.9481213920096523,1.9338930603216458,1.339623706856357,0.13739254435570125,0.6663187780196463
1924,-3.8698781262174173,2.2082739263810987,1.6058634039705189,0.09236534798766909,0.5906438275253707
1925,-2.348153915153572,5.80136957366954,0.38141770421229476,0.1638284574282216,0.5476693386026751
1926,-2.6794224756499374,6.153333035933414,1.657548768245089,0.23678353719451428,0.8953216867608425
1927,-2.6007055378687616,5.8197310402748545,1.596095627817934,0.24552303814618445,0.8766477452510807
1928,-2.7911823616064404,5.556644396290909,1.5862758042115324,0.23714920320656313,0.875097595693525
1929,2.006773261991787,2.3449016412791495,0.3046719603115908,0.14516925399029532,0.10411198132541953
1930,2.158248645634551,3.5905871999473975,1.154407470986485,0.24444609886615995,0.2390473647157586
1931,3.53148852090085,6.220907467747225,0.6371625594377099,0.2717767168742834,0.10578111425048027
1932,1.301733721506604,2.8691209143497693,1.735782790676562,0.4888703018240418,0.777012072641615
1933,-1.646849989982682,4.895791058255235,0.8953540490991045,0.1105764680678214,0.5581032451653359
1934,1.2419265354608697,7.825201816939919,1.014549426222957,0.3144053991815415,0.4489165083165097
1935,0.9498375532869251,8.731407908602991,0.7157306983845766,0.2981374415532192,0.49078114330198663
1936,0.6259436613066883,10.469511853114255,0.49545138102092856,0.30988568137190214,0.5514778415889348
1937,-2.2784716391027486,2.3415480632358143,1.8292343239484943,0.14125041329518095,0.6056562621181221
1938,1.4969812975905223,6.469180372156733,0.6122481446184785,0.32309687025050765,0.4812179317461826
1939,-2.569671828143681,4.216594611789269,1.0200019907666853,0.28394085583705175,0.9308407199110545
1940,1.773964870411423,3.2728872022098696,1.408062905768134,0.19966103632718782,0.18205762068454281
1941,1.6866096806344766,3.015829103939234,1.3395191885796631,0.20280214684594705,0.11623715679095215
1942,0.5742005553984225,3.3368850921799194,-0.595383564194431,0.03824272934592305,0.1641097575818489
1943,0.49998020882103883,1.6005379022819435,-1.1037111691372865,0.36471627691377,0.6881039096992136
1944,0.6107538927240136,6.606300666936157,2.074524685520943,0.14075941889838006,0.2848162043035564
1945,1.2009921178227356,3.436736068964789,2.4312106344682394,0.31956764741546007,0.5216975591836249
1946,-0.9589779102018043,7.906684653191329,0.9783529316452555,0.22675538762326827,0.6109225490675048
1947,-1.8018970944624355,3.8237584217075096,1.7699790604302885,-0.014627046080633114,0.2915607862624567
1948,-1.6849850008007565,3.9105631875191023,1.9770231755440344,-0.01936885026430475,0.22502423481764727
1949,-0.5830457259513571,9.258953939125139,0.40432434506184106,0.2575607695379265,0.6199920670709903
1950,-0.8573986776836995,5.844350508695332,0.8740115563248718,0.19977778462229356,0.5440568891000284
1951,-0.4545263433819625,5.04399867168649,0.4964724930868709,0.27209831283126495,0.6228827889941084
1952,1.6990489242278597,3.861030922690147,0.45768386811802925,0.29353254343274926,0.37734955273539295
1953,1.2104556429854587,4.423729380324863,0.33775628681484765,0.35146878661234215,0.543574840840674
1954,-1.2565219675488364,0.8736263361773384,-0.0822948938294727,0.22091323399885662,0.5442789532115674
1955,-1.4263918188569469,0.7027753041398235,0.27660833330952617,0.20323339372541813,0.5528100596133486
1956,-2.9403176846231776,3.0683804627486495,-0.46620247104390117,-0.11419011360691746,0.14596398761020646
1957,-0.19582231365331057,7.884280606106795,2.5017519079126505,0.30214644849673483,0.6947894753240611
1958,-2.5525072268836766,4.574360331668616,-0.4223872123643057,0.09173703374740573,0.47780335971014415
1959,-1.189030072287628,1.832611759166105,-0.18562279576005192,0.2396429489714304,0.5524864597578655
1960,1.9316350718147706,4.477892291888934,0.6016587331353977,0.21211974494139046,0.18683986427946134
1961,-1.3451618937552696,6.12945937130245,1.298143852274052,0.17888069110719512,0.5810155509848977
1962,-1.3451618937552696,6.12945937130245,1.298143852274052,0.17888069110719512,0.5810155509848977
1963,0.23760533416655674,4.131489295174604,1.162593138959767,0.6029376999599562,1.2262817567104334
1964,0.8881802529539315,2.9826805444337765,1.0331884886963978,0.4334282034843116,0.7493472609747581
1965,1.3598867700534911,2.345772296659544,0.7104025295791299,0.4514759774175081,0.6975995698668801
1966,3.250584173931776,4.936350507801269,-0.22834186922229643,0.5166353012687973,0.635313881383815
1967,2.320331536163831,5.020895550172226,2.0095444657233803,0.5475493040868644,0.7266490741819527
1968,2.518245579677614,5.608128372506678,1.554539022247362,0.5138516393398683,0.6856292926275624
1969,1.9348023012251665,3.5012127702729865,1.4807961120702182,0.4094996833179107,0.6162041259070377
1970,0.4042398894407388,13.519331358496924,1.7113088133373944,0.5137128366650301,0.9581959184819487
1971,1.0634315831548624,8.957201528388945,2.19541191772296,0.5930790654116341,1.0994242853444371
1972,-0.5848128690616268,3.968797152184495,0.5628973682498836,0.4118731321146688,0.8489078301676743
1973,-0.061760226551510575,5.001745355028429,0.8399663992954708,0.43713031530984137,0.8987765848070344
1974,-0.4427131555856973,4.244582791666327,0.48094060910148856,0.12673537122610581,0.3968611916592385
1975,-0.19288365684229633,2.710231016848373,0.10116270728248575,0.41504547814719167,0.8546644262722349
1976,1.7432528615802592,5.910640456446707,-0.04000117151130437,0.4694597971151465,0.6030630289341656
1977,-0.4123029525233108,5.58105114003057,1.2525683218320613,0.31272023670463067,0.6528173343916938
1978,0.7555305748628455,2.321698530137697,-0.10316625558083777,0.4184236472830619,0.6351680401788127
1979,1.5029511948171224,2.310641989124657,0.9188679414436284,0.5665022046128401,0.9766629168264919
1980,0.7874582393269924,6.090736712065058,0.5076452111365682,0.13976387883724775,0.22823083875255173
1981,0.0671769533692269,4.18519737656816,0.37719569181946794,0.28065090525272546,0.5280790522439015
1982,-0.8933710114179839,4.287914889372695,0.8688148779533679,0.2144466855230746,0.5913219838371379
1983,-0.4554169974091674,6.342922080928078,0.3521135517612821,0.3186885977152507,0.7275930297151135
1984,1.3279186663570266,6.139618172646589,1.2611638810136072,0.3055171411576689,0.4164548805402196
1985,-0.3421786803843659,7.894925501681537,1.08327223504735,0.17710312545626866,0.4332779774535231
1986,-1.1548059346607482,9.307468807619832,1.2296752536616244,0.2709734857067996,0.7373872404783951
1987,-2.945325702953726,2.746040635674878,1.5010345639385683,-0.1499796617131947,0.11305089528358768
1988,-3.175517206454901,5.881961231916702,1.1081309370002226,0.01298015901699294,0.4137442237688507
1989,-3.0834081730316445,4.220485868798335,1.5726313538839243,-0.1632367002985452,0.16889104526721013
1990,-0.5526276461053053,7.468061905972232,1.3428443841234712,0.4589300498045305,0.9266060181295265
1991,-0.4341331179758976,6.123297674702307,1.3799948435677813,0.40301024076111785,0.862038106498561
1992,1.4634023642834055,2.9576305791574615,0.19735692637799776,0.20418246157125744,0.28616540141563845
1993,1.4502930808079189,3.059233720023709,0.26370949115832465,0.2202181335766376,0.21154937980256186
1994,-1.0096922802586747,6.25014031161592,1.3037540557389256,0.06797473769449869,0.3130123179860407
1995,3.361870362837208,5.602779376449532,-0.24501410736568285,0.6016226020692075,0.7799371500191749
1996,0.3729909486863822,3.2890776823483647,0.4876326332989359,0.5144453715835134,0.8972753789221933
1997,2.023552091448582,4.182722519810962,0.2949026766542763,0.37707319815148005,0.4451901154907317
1998,1.636189662554658,5.119701849125464,0.5239779902678732,0.26326943768817646,0.38994297611513484
1999,1.1025537307985465,4.261119930351681,0.8201978868177305,0.3030953379104125,0.5514507142503533
2000,0.24966568105406847,3.97876168588097,0.6278850125592575,0.4040621640624592,0.7364891408089435
2001,3.3877767033514163,3.46195229313163,0.6357250614221773,0.5055829206260978,0.5643960114728788
2002,1.988381348195858,2.897145534673226,-0.009442937704236584,0.4455662846079566,0.594713495911694
2003,-2.135553941552424,4.86425127037676,2.581394229399366,-0.08283824346895985,0.22700876512148566
2004,-3.898479810978111,4.128636379892916,1.3713349809390132,-0.0972134957444604,0.38077912324615726
2005,1.5391822722820714,2.0860690094762786,-0.48881073437464423,0.47971229675307997,0.7077808558687534
2006,1.0195307541544207,2.193646144410462,-0.41939383797926205,0.528845855761115,0.8754816356935401
2007,0.40519618883315234,3.424136836395989,0.9662343394138321,0.4900621866100565,0.8300867722874402
2008,0.8762377623958367,3.3806737350828193,0.9185260713679148,0.44985901991358,0.9169110802271014
2009,-0.11879641806322432,3.0272874112346186,1.1618742581607922,0.4770468380625813,0.8403533236495724
2010,-1.3329326044134777,3.2516989360655018,1.457011514020723,0.22618596807205263,0.7460222071882339
2011,-0.2901310078940208,6.7590284433565575,0.3347433070737719,0.22615054179317126,0.49508615292155705
2012,0.05942213597360537,7.111779800824739,0.521319852835495,0.1926838779378271,0.40263886970993196
2013,-0.7112154033744736,3.3742281695398675,0.45586799171558984,0.11782028611663158,0.33224744723705013
2014,3.276567542857559,3.9356189375275656,0.3755152060182519,0.43563845712852906,0.49152437190342274
2015,0.27021338692731045,6.0545985387645755,1.188312639137806,0.35227542541921303,0.7129882574654718
2016,-0.47339705583732167,4.017534088310779,1.7838319737612554,0.25619821288803596,0.620383937372915
2017,0.46340727734320536,5.20604397798722,2.01478504869589,0.2886971410481288,0.5219441542133031
2018,0.8680089529188715,7.013644121556603,1.422137425549366,0.2586216616741789,0.4047426482091183
2019,2.074617600975423,5.161159227994566,1.8604851814147871,0.34323381812936415,0.5140771775499443
2020,-2.131181048020433,8.849533541974697,0.859945943671211,0.11376828426207851,0.5460111391010984
2021,1.0069832645952825,5.177404419899205,1.6448460705541206,0.2713576210312496,0.39691590854593894
2022,1.7951583358896204,3.9581925719218085,1.060276715348337,0.27825166643787863,0.3773724989928973
2023,0.5801742192343683,5.541793883860791,0.02200226099453323,0.1804913851631647,0.3195636177647376
2024,0.26874526069487953,1.3863292404919119,0.23131652488920573,0.22766117829762514,0.38011397136423936
2025,-0.2011620443936344,2.0072288805664287,0.12514363859319436,-0.019479193571599825,0.006747256167745447
2026,1.7158214798088247,4.508949889613074,0.9055705735110882,0.09666183437358225,0.08009882586353678
2027,0.7610000793891186,2.1195663122467234,-0.0938931352843331,0.13044126015950008,0.23410247139222523
2028,0.6885959353879013,2.4703569531927454,0.9142123476671119,0.6549921960883568,1.1332050670073843
2029,-1.140568489421763,4.644427871843811,-0.004964816206093924,0.16706724355814737,0.531380618040767
2030,-0.47184587682919205,2.6681136080144086,1.0721935404604273,0.23629116664164895,0.5255346734398458
2031,-0.3687887318171632,5.101508909177485,1.2538760551793768,0.14837102420798123,0.37956392963129093
2032,0.5444919850103213,3.688809962121096,1.747283039073233,0.21074246281645542,0.39278440356794336
2033,-2.509303371812489,7.452348739503845,0.625310160494898,0.23789814367378825,0.7105891623390652
2034,-2.507013246104504,7.6759955276354415,0.5987524289009054,0.23933951927615535,0.7265047735487088
2035,2.3321193389614976,6.270463281438624,0.3693833004950311,0.33923965528271705,0.45624894292184603
2036,-1.7644115897523238,3.26817053187937,1.29763883238501,0.184827742950556,0.6009598794961726
2037,-0.9360685273690521,8.479085584868223,0.5096682096956476,0.49531118184040734,1.1075480243070208
2038,0.8994234198122341,1.7770541194409786,1.7807504396208307,0.5429431797554973,0.9362781882688936
2039,-1.4550283672201558,4.959356487949914,1.2978958448101643,-0.18032824263125422,-0.11072191911253212
2040,3.2573664603734738,5.6819103211155575,1.0875061593527653,0.5780199393705824,0.7968170383877339
2041,-0.26075486576626333,3.0108254241813284,-0.3505529578493889,0.4451085931252413,0.7929073124329923
2042,0.3412817322180357,4.788980844595459,0.33379224579162087,0.2940851087558857,0.5990048219854499
2043,1.5430289656687703,4.71601138862829,0.49073242549204754,0.46135832549541955,0.7102350059635073
2044,0.24613518831300532,3.777244699822144,0.8888906792862009,0.030750190106139497,0.08435138393612437
2045,-0.28937168053947104,3.415140888369815,0.767298493596136,0.015897156775690292,0.1260990003492376
2046,0.15947888707967137,6.992197680019445,0.960720188151491,0.17183248512929417,0.3353030995675185
2047,-0.7401839988303226,2.08618458453841,0.9504650146735556,0.09339015372140996,0.3608471021828258
2048,-0.9462485073347919,2.1366269126231168,0.9315481030547702,0.11478041167872896,0.32437192577961294
2049,-0.5506340431617721,2.534026234641133,0.3796475706821897,0.176528503084269,0.3821197554676665
2050,-0.7496793396878995,2.5905318285241,0.2144919194045526,0.18649830688720487,0.34060747518370155
2051,-0.7681593595775942,2.5918834013674075,0.23924333455274943,0.1821335591157467,0.3532891819419075
2052,0.6800723546003652,3.359921385670829,-0.10318894217470545,0.2726862897322153,0.35279915823400004
2053,1.2555223453827329,0.9593393512486368,-0.8759292714255156,0.06413002539363624,0.06465147736305049
2054,2.4712283196603186,3.0148617353345792,-0.4387125649530921,-0.08899850338442064,-0.4329589705611188
2055,1.0605823694119465,2.399067967810513,0.21022811683914375,0.18647413135404506,0.2548258609167846
2056,0.33787667608675487,2.9414639462052152,1.4865130424526944,0.021990337755661497,0.11401919041888268
2057,0.3756017336238072,2.485081992485809,1.3384104865433675,0.04319616225982596,0.06928039535903106
2058,-2.394903926959825,1.240997624317455,0.02514297462842417,0.03589510798894771,0.32604813172736163
2059,-0.42354268108640203,7.916067005443121,1.713528180150165,0.058358456548866414,0.24528923066812267
2060,-1.0111590929824295,12.862573488354707,1.954330096080627,0.3537023315775478,0.8874999393256426
2061,-0.9192565852036454,2.0594498286676535,0.4023174794779179,0.18678237033250714,0.5137386310499172
2062,1.1169829980596189,2.418585376696426,0.3205734932265999,0.23659434494951853,0.2560914458455482
2063,-0.3173166023987495,6.205440083920906,1.5157057167404884,0.41034663269264104,0.9142211103923759
2064,1.7865283375544934,2.3573845490459844,-0.05863713615135368,0.2562700925203541,0.2432617268502752
2065,1.762195342687871,3.0670935383039244,1.8569887906948328,0.16266599880542165,0.26094802339095297
2066,1.1273644039597044,3.7128500849569273,1.7680195929146953,0.2858751540193285,0.4692698141767495
2067,-1.717842471646834,3.0474422413986004,0.8380714778953309,0.18926483384237802,0.5800452597872302
2068,-0.0943610226822322,2.442463692673194,1.7195439494921154,-0.02172089776411682,0.008597227282235624
2069,-1.8179312857175376,4.5287889808520845,1.9263743867537466,-0.04978581712463723,0.18065302549732262
2070,-1.224242881572268,4.664317717916542,1.438108579367272,0.24284604746490518,0.6344267168929465
2071,4.101151891112985,7.770723689297173,0.8095067273798567,0.6884806304595331,0.8411868336932913
2072,2.556866665320042,5.149060161171471,1.6356480593282432,0.5026648977673936,0.707676799583665
2073,3.0261731804096064,3.780545932400781,1.3526864011936572,0.6601362853426554,0.962766632008486
2074,-3.622339309439838,7.674363128032977,0.655311482913285,-0.029342719333010758,0.4131112950802259
2075,-0.682754224656813,2.985582435226386,0.19023329257129223,0.0677955924769944,0.2879878027643756
2076,-1.653508683704063,3.2049775343751556,0.4817235830908101,0.06187478473829737,0.36314316263123575
2077,-1.5853437075382615,3.0470949118180095,0.5184837878576666,0.03197738374622095,0.430437688087202
2078,-0.5655840784166577,1.8966112059552056,0.1797800258362551,0.10311525250576033,0.4408742133838684
2079,-0.44505345254995593,1.6976774548589562,-0.39157875599849296,0.32350318058491956,0.49779111367626044
2080,0.7450477651669318,1.3664189266966347,1.2528203896314971,0.162372478649156,0.31957441597773795
2081,-1.73942832371142,5.730882759978444,1.7716881068911896,0.12929270830607917,0.5595595923557946
2082,1.077055628481274,6.393278895619266,0.8231160158439057,0.33419069426156883,0.6001047261086508
2083,1.4822224480030053,4.834660187657029,1.3324344783029227,0.5625885115437841,0.917669668606305
2084,1.5359650325037746,3.7081982408355625,1.2273836458206526,0.6522572110612969,1.1278016308013388
2085,2.208845998965442,5.579190448991711,1.4132204217180464,0.6726712551328584,1.0302423429978274
2086,-3.110950073804786,5.094864016251545,0.710370810580273,-0.15416941638694462,0.15852300361555421
2087,-2.12424085937112,5.4143237825429535,1.8626606066065674,-0.11123297994401372,0.0948102873515568
2088,-0.853610572374909,6.9791824510179,0.7872143974554244,0.39021277654215675,0.845139775252139
2089,-1.4568627652733488,3.202010311828795,0.5632289958722158,0.28470034349702944,0.68632212546144
2090,0.15046305074565605,3.035058886197072,0.7401939854402444,0.015772497133389577,0.025984913307686763
2091,-0.555866664500666,6.500282434883205,0.9484642122383213,0.27811260636984286,0.633100790483556
2092,0.15589057819695368,7.370016288000575,1.2451679008067489,0.3328776506498986,0.7182944354385152
2093,0.6873713994645734,7.460450183562483,1.564247789572115,0.20912259472105119,0.3649665183004645
2094,1.0887012783150372,8.636359224623417,1.4439790767121732,0.23740815950221303,0.4035718278390351
2095,0.5842141514773685,6.214798515514834,1.0289853234353752,0.33594415571725006,0.6143340762529093
2096,0.5962986338134,6.107362777021851,1.3258234315820032,0.3340029620330404,0.629905430490813
2097,1.2286398047931149,7.350097056517868,0.7984593285794099,0.4879001205536914,0.7689675110376367
2098,5.4019618206276885,1.3144600830023765,-0.9240561338758239,0.7209012388480633,0.6395466989257801
2099,4.786816952039849,1.4443979895244792,-0.854589204051646,0.6224285719669005,0.734013765265205
2100,-2.0137519013508225,5.541350831260317,0.7650265693434138,0.1167310344436035,0.6550417786638714
2101,-2.1221549864307754,5.455327519999816,0.9025637543147716,0.15234200508612694,0.5969022305716123
2102,0.94412499710052,8.028631563621643,1.4658680450515722,0.24016372460778712,0.4300865764441468
2103,-1.182470654548993,2.7445155941662396,0.4515412022816769,0.13893177728607922,0.45499883658680773
2104,-1.3454510261387176,2.7409172295802438,0.44546897046415046,0.1278318553669555,0.44330675152374566
2105,-0.5374573757858467,2.518439114140311,0.5697179734236401,0.17143057435739617,0.4183169691006039
2106,-1.4365900688032327,3.688667901766719,0.8767094638860853,0.12086141112657911,0.4077805981888679
2107,-2.4871489268668356,3.7616196896444443,0.9191104315308319,0.04941846846900938,0.4463429150414634
2108,-1.3870317824149787,4.311957981985201,1.222080135789839,0.0559784530867296,0.24575538031428604
2109,-1.2869819647247656,3.7857522687517915,0.9796707543822534,0.0942396942501443,0.4126844519167062
2110,1.1183640209098011,3.7535168225397717,1.94272658541472,0.19099268520916962,0.3286895493061191
2111,0.5299332559526589,6.062278076961934,-0.05307683408382723,0.41672574425147824,0.722642373778637
2112,2.7040935855944697,7.574334605321966,0.6322461543518783,0.6367534436845181,0.881812016469132
2113,1.461445814954225,6.897726250886652,1.0433653946154384,0.3207200132860896,0.47493137944284236
2114,2.3892886132098665,4.624535988149981,0.43337662044507147,0.49960285863382026,0.7102290895740052
2115,2.673998847467297,3.7890394491479906,1.343296660849743,0.45238522755464444,0.6140555089384248
2116,1.8188805139017252,9.020956771712394,0.9740650233992871,0.3633985199731386,0.5349139109637038
2117,1.0682753290780462,10.589505915525455,1.3679615304821897,0.22763469592323543,0.3915230257586677
2118,-2.281113036269182,6.657409997518778,2.0650756679985323,0.07476713122876615,0.47195403129380903
2119,-1.3567146384244364,3.2647217207154573,0.39250435972487563,-0.008054905355443813,0.1698240803647829
2120,-0.1620380307805298,9.365726592241534,2.202600204510075,0.34906940421356536,0.7649785225644316
2121,-1.8896693365332162,7.46615746230205,2.2103341513800845,0.15729305597796214,0.5812598602608787
2122,-2.9339223316951575,6.247359410531792,2.392526365050184,0.13086690754907934,0.6725181823379566
2123,-1.5174791494076625,5.930207854628904,1.9164038208401082,0.19087833902277995,0.5767706740511329
2124,3.1835669800379973,8.55214579703448,0.10300645153501355,0.47181634893266117,0.5555415303970381
2125,-1.057465815452762,2.972261497403096,1.0979817565546452,0.21191251707342573,0.524200647928136
2126,-0.8744519272611397,3.4328403868711876,0.6194736434954122,0.012196793198139664,0.14417162103115974
2127,0.23101556482053814,3.1639305022476205,0.4527599141546035,0.12218818125996993,0.30633867189322794
2128,0.16130284138550552,6.267022393989395,1.4532976187988167,0.3550454344975283,0.6383216429877707
2129,-0.6376347671237435,3.826913194992668,1.034066021778153,0.385514948134966,0.8284592648177534
2130,-1.044269912894846,3.809478530517312,0.9152941719036556,0.04192067959521834,0.24900392760716447
2131,-1.3915076362092327,5.092058014040229,0.7011100114649703,0.04531741704223266,0.28989641854843023
2132,1.9900820243320005,5.475790094344321,0.9399443941436048,0.4213834101091953,0.6010475034887643
2133,-0.3082876280189212,4.522355380705581,0.2465662801135959,0.30511824881394956,0.6458972403603134
2134,1.2483341176084792,6.395499614602735,0.9538110488625774,0.31604938487842027,0.4825086964239104
2135,1.5907205530718582,5.117700731907342,0.8550311424167543,0.4382401117270627,0.6412180822194431
2136,4.2859962474865405,7.410581987354175,0.2865173516103178,0.4745790680549589,0.46691487246888747
2137,-2.923183030316187,3.57049243381178,0.6332413572373637,0.022610038654812138,0.49758276261061657
2138,0.6208128950965387,3.346304208307968,0.5974472002358004,0.24773179174141519,0.3527723964594477
2139,0.2464992067401363,5.455585413211717,0.7076722168179507,0.31862314348138054,0.5575748591717621
2140,-0.44610251743921,5.8261615356884535,0.6728364465999797,0.29700509271962616,0.5593693966528329
2141,-0.07720980857566165,4.15993028134687,0.8072727172742125,0.22485266184582686,0.4734256406905473
2142,-1.0167082830702177,7.438305447168111,1.8982228819531555,0.09802715399984722,0.39869609848512416
2143,-4.7365421522168925,1.4681546709251538,-0.03358682141503517,0.2176170542977989,0.9542552957040266
2144,-3.912203275391434,1.3335824517610202,0.2594939535710229,0.2533899440668861,0.9739153607572449
2145,-2.0834791298166615,2.947812828956994,-0.2603376547605395,0.14985008318084497,0.4948205796478062
2146,-2.26902312676639,1.000609738850243,-0.7575230076314418,0.0390785526072359,0.4020034472878541
2147,-1.2752846145529209,1.0386513128551564,-0.43210674698351365,0.09591154082640567,0.3952324287328284
2148,-0.08614771139039626,2.974234646818892,0.5776641915106621,0.30837914236258357,0.4950159156572302
2149,-0.3010926076699385,3.4871520031704826,0.39716583099552116,0.25908715252142145,0.5945051070636501
2150,-1.0145922569396046,7.909945871626208,2.3042886189144847,0.036665331710607436,0.3625455965109292
2151,-0.4592101465393262,2.2718249369989465,0.37849706964073854,0.1623126725336246,0.36283238309921295
2152,1.8003521708828119,3.857588797868367,1.9666471918603594,0.3795759307789372,0.546393742523621
2153,-0.009047765326344232,4.204577855406152,0.3227422111354758,0.10601255895823981,0.23661502436803586
2154,-0.4045759770283237,1.662876798973636,-0.24920567727604723,0.29493378531364434,0.6395639027294239
2155,-1.468613637158857,9.545028013954857,0.8426660786690842,0.019434513983508563,0.26210576694137994
2156,-1.9422762692828857,3.3050007536860484,2.115336134519761,0.18561547451931337,0.5958113155189907
2157,-1.4943736116707254,3.639893575877825,2.0546507776166547,0.0924781187229813,0.5064222586126866
2158,-1.1844847723788205,3.424779829324379,2.227365035527583,0.10603366748134575,0.44732663790999366
2159,-1.253751482674682,3.6891103584284624,2.218723669856747,0.12276364553323196,0.4837220980459381
2160,-2.828978492724758,7.4632550462419305,1.2073014379566056,0.0953691949717773,0.5920631573120544
2161,-2.5639647276475737,6.287753382303103,1.7930412650647933,0.08957538365721375,0.5512779246725225
2162,-1.1497994620783756,5.177258950060612,-0.010184612655509639,0.21619607077282063,0.6427056990039637
2163,-1.8322499742317744,6.091327263727785,0.08412194069831566,0.2048224266183952,0.6551408593428356
2164,1.1812568386722468,1.3300881126274406,1.3628072732448804,0.1360455426502838,0.1546621763610354
2165,3.5712493936035474,1.320465922472031,1.1332191829854128,0.147096930388782,-0.11757131909203675
2166,2.9761270705127165,1.3551854546054323,1.0811779579756309,0.1735865265209276,-0.08112647415091194
2167,0.20039634932102832,5.503712432763438,0.5127732103655025,0.16041815540476237,0.25488319019544176
2168,1.0253373561297325,3.0311629321966436,0.9241354330069549,0.25313262891563754,0.46827884833455224
2169,3.236489130078473,7.207397656606491,1.4554159184244875,0.44588902837227695,0.5961826112172594
2170,-2.130773113586009,2.926244856409676,0.10555613718294753,0.296984847155588,0.8195256912678451
2171,-2.5959045726645757,3.5627055054459564,0.08997068815096494,0.2691064322584096,0.7989476897032766
2172,-2.158979179808793,1.6968848533158147,0.2654817053138332,0.23431532842905725,0.6869889051749617
2173,-3.850496994523442,5.004393785254877,-0.24953236129013157,-0.08139374800362459,0.37017456330218873
2174,2.3502584699311573,1.6781539846381006,2.667361022016297,0.10166181987589246,0.028036496306180266
2175,-0.3791237399506781,2.474215765368734,-0.38303262108279085,0.20947088390409654,0.5543936540772489
2176,1.5632302779061158,2.3160114160601477,-0.22744548591190392,0.1947640380790967,0.2687645308751358
2177,-3.0589086065785267,7.034275627534336,1.8734522585466462,0.027355006191471985,0.4425294217294533
2178,0.6493108985658101,3.4145334833392558,1.2590787399659344,0.058456455698862854,0.11677558524786506
2179,0.32708793260489344,2.3134262923732476,-0.22930813165129832,0.1715023663425505,0.32199131288945076
2180,0.28292579423843234,2.7475505612977447,-0.8507428190366819,0.18173289576550355,0.34523211224943334
2181,1.6713935350853564,2.4969842947081093,1.2627341307175286,0.5641195361707236,0.9283569501221496
2182,2.141488444260012,4.063758200385606,-0.2664691040870036,0.6172469716056666,0.9651418760806617
2183,2.3893722247850246,7.115796293610688,2.1244241439666705,0.30995941267499694,0.4289913206056572
2184,-1.4949311887029146,3.4253293543850427,0.9318807489832193,0.14774293108475717,0.48972848997767865
2185,3.028051944274015,5.706919216156457,1.6100069314806955,0.38613150201139085,0.43665196626723257
2186,3.43164355868724,8.377592278319328,0.39968354665462186,0.6345195703438826,0.8184244042733642
2187,1.3281746459278463,3.358379951403289,1.510990023683285,0.6157109761512706,1.0582278809191548
2188,1.722585466699531,8.894363167036111,0.5718662881738904,0.4976419085967328,0.7579765044439837
2189,-1.9207283019807586,3.5759239146908137,0.7952627885503811,0.2817653258406355,0.7905303065478154
2190,-0.27929551292750804,7.20967917860403,0.01835791232766748,0.4366299085371522,0.9029510164596919
2191,0.2673843805793262,5.770556977644921,0.828582466267981,0.5205247088477454,0.9795102586741095
2192,-0.18144492649646607,7.218376187598157,1.0201283006030726,0.31899781451650816,0.6440406045965605
2193,-2.671484517367739,6.535703908784611,0.3949906999451796,0.028146232369055,0.40423187793130105
2194,-1.936388187490784,5.790424126796342,0.1561524034790553,0.027095205760478955,0.3783225600477342
2195,0.7828398149240368,3.8950979541062245,1.360517605604906,0.047094767261520114,0.055369318298225334
2196,-0.44643703671642315,2.313958767836228,-0.35714269812121163,0.3634184542989164,0.680851735926842
2197,2.3871675715943903,6.066262669200032,0.3170702150119404,0.5605937415786802,0.8105551862306419
2198,0.929277456031106,5.194119278273486,0.21743673443923783,0.42727948414735983,0.709593595988168
2199,-0.48458489122702614,4.285386052262093,0.8777432790201379,0.05262145036638399,0.24045009793126026
2200,0.3584492140365465,6.217852500017694,0.8291364026042799,0.17492680950911824,0.29934893088473985
2201,2.0928606431589887,7.132290152904194,1.4625381489278217,0.543011046700359,0.7922173502163758
2202,1.218767102830412,6.963799484448311,0.8171408850621494,0.39883248143791866,0.6695744231775371
2203,0.20181371391054773,4.8827827051153605,0.11053221421446911,0.2891101087414286,0.4959505969380627
2204,0.6625982486404791,3.5110266292253454,0.7594522758238976,0.3755992484004698,0.6990761665995449
2205,-0.7104242873368918,5.974309977902117,0.24895920239890892,0.25290045132741873,0.6332711110058645
2206,0.2983041068874877,7.001244046060877,2.008982827321831,0.2102170220677613,0.39788479475735616
2207,0.3635829780839037,7.730747323951138,0.9143367894198565,0.29807237335057973,0.5206532746429555
2208,-0.15205161187289407,2.1987897199557405,0.04800931182586078,0.11898870005404608,0.200163916519599
2209,0.6582802272483974,3.802146001152429,0.6964383125150644,0.1242691330471897,0.2535499812834971
2210,0.7766326486008198,3.754477491455484,0.6939965665397697,0.13989469446012678,0.2395878408584638
2211,-0.22216329801270687,5.3467396748008,1.6796297039712582,0.352787885544016,0.744367244011245
2212,-1.5335818370749688,5.892427590335359,1.4627244586932922,0.2493940973956907,0.659720106018424
2213,-2.072884674016295,4.4244820666436775,0.23180082866554674,0.14543948155726916,0.5307204870109048
2214,-1.9791445246021213,2.339105477045383,0.25768317304596966,0.2240828545543578,0.7002581638786055
2215,-0.21911874971928777,0.6160375926380182,-0.8018481800939418,0.3770018194235189,0.8011621106541165
2216,1.0000528748538016,3.0400358555072478,0.34125001849412206,-0.09069770649220751,-0.1395320334067456
2217,0.0743397122771774,3.4522532586849297,0.4130232418480925,-0.01547096259720701,0.009639866768998744
2218,-0.322895639736437,1.3457041884213399,1.1552205066878631,-0.008989543752248393,0.10095549630888546
2219,0.43883895954231217,1.7362085253748214,-1.3725153176383598,0.1117392451406373,0.17198872682804908
2220,0.7588635334052326,1.5843030203225876,-1.386436661437456,0.13400589221643744,0.23752696784703375
2221,-0.8557881402599767,4.071867487708781,2.1024217089229498,-0.08828327440656644,-0.04347412115203519
2222,-4.592772975629977,5.122284377024867,0.5073878989962367,-0.10853825976517048,0.4772600115953929
2223,-3.9558348517225417,4.009455358927313,0.9353940268810533,-0.07706764149357247,0.40937342332809906
2224,-3.698980173619449,3.8533143546739446,0.2731830331848599,0.0191742230061159,0.5088368139070893
2225,-2.4067678497863403,3.859159318317035,2.166963745380504,0.05720204146495663,0.46120984865120224
2226,0.05500942812750581,4.664920446638735,0.9114859294923309,0.31706588232014227,0.6024438489518766
2227,-0.32069131817576724,3.8115562082208747,1.1687846889282512,0.3269448516151503,0.6328551649265165
2228,-0.8293382502654062,6.996788030974998,1.4349721970769038,0.06291409380788814,0.30950325003475615
2229,-0.388132582824256,5.916069230206487,1.0522713331554872,0.35323405367869104,0.7363334395431428
2230,-1.4828171974507407,5.729931919518217,1.4093714862998437,0.242200749308845,0.6984182773552563
2231,-1.8942412980349055,5.859794833775599,1.5308369949117766,0.2688614677687685,0.715619462511198
2232,0.35899186973805913,4.886870125926246,1.6378544963333652,0.2767430516850328,0.596277533047521
2233,1.6306145699097034,6.412195661786906,1.1715623389359242,0.3535425211628001,0.5204381710133765
2234,-3.1645849757083835,5.477457565370106,1.4598701029556291,0.08158240570158883,0.5153036380686689
2235,-1.2604682447798312,2.6427329496516525,1.393495065021622,0.05626260892784561,0.23977242977209395
2236,-2.3448660846545066,2.6002883040178233,1.6073401724134821,-0.055169040533974145,0.29801292112488365
2237,0.31423383183909326,1.9431926957678742,1.8997940550908825,0.1875867597687278,0.4733475130729991
2238,-0.04036963830246019,2.2465003276771363,-0.8637326967791915,0.2472142568832824,0.3594448089547701
2239,-0.26371415806055626,2.345896277460973,0.0960812474323851,0.2551743503400751,0.5746857195294198
2240,0.13832120653918045,2.6909554495517676,0.8164623060103732,-0.029599859970616024,0.05338480455409883
2241,-1.9582286857502305,5.680736402782572,1.2194261316842077,0.10010867356951068,0.40985790651828335
2242,-3.1211146755155106,6.461151252481514,1.2423849393037467,0.11008637744725766,0.5246490908521504
2243,-3.043391013975153,6.597687412867441,1.2283056428751626,0.08969702959237685,0.5645816116233658
2244,-1.7956786678026924,9.743277097841176,2.265572345527858,0.047369936702738834,0.3832943375050569
2245,-4.892686637867086,5.96713682005748,1.4594169688488337,-0.07691620184767392,0.49181613857312895
2246,-3.370173511196096,6.030339738277227,1.1377443198075001,0.021024953072717435,0.5215675301343867
2247,-1.032904765589857,5.787476470191339,1.36262668123362,0.07133614470358274,0.2873710049290567
2248,-1.5847627029649836,5.348856758163771,1.2671392253967593,0.01498853838459683,0.24325164557258114
2249,-2.8626065299265955,1.9776094154975696,0.6203478689589885,0.061167526317422866,0.48051009358203967
2250,1.6597242871562052,1.6985454084909744,-0.3406800307536125,0.380639007347899,0.4601170105469553
2251,2.4862335866962377,1.5645486761201635,0.3141000665877536,0.24840724400677022,0.3253141172116214
2252,2.4319244935812248,1.5457648533871684,0.33750182262615397,0.327063745003288,0.28960839431240976
2253,0.912815593388875,1.712238710927787,0.6504139113433723,0.2664639869435214,0.3301799068775917
2254,-0.6546033363656428,8.465183460558293,1.3039946215121458,0.26205520569296153,0.5699375180602453
2255,0.38480774423370084,5.884234165277309,2.2018101911753454,0.31362281767599653,0.6701712918229438
2256,-2.2757247287940365,2.765174928659971,-0.11712366307431221,0.06505535924734515,0.3605769657353546
2257,1.9225068317506109,2.621853896358405,0.6493029992785754,0.10068974533628287,0.15401766024176416
2258,0.9431725075997174,2.3998634826983336,0.5814291289040642,0.1727352003117708,0.26985221576564133
2259,0.16668803318785544,1.289561462690653,0.8978772564810537,0.04629570088062157,0.13356315139775543
2260,1.0367028848314845,6.733970154851937,0.9278518231211635,0.36903128122302753,0.6025531274835535
2261,-0.8213060961006917,2.3639342198596345,0.1782143461109441,0.2154558110512143,0.4993790213345759
2262,-0.2553231184179209,2.2390741476089464,-0.229600971987099,0.5649306102850162,1.1403239838589831
2263,0.9312535898451041,8.39317089639592,-0.08736149929425989,0.39310325616342856,0.6326041150296303
2264,1.5603003272112344,12.125006000898045,0.1319583934643016,0.4406587907810579,0.6754628812877916
2265,3.486735256371021,5.851743920908957,0.8656301110711333,0.6129124102915954,0.7674646223320362
2266,3.4596377558699403,6.656252482843524,1.0846252360807707,0.5508960383708016,0.644328988003628
2267,2.3418251026888575,5.1276168278328615,0.6281973064826297,0.5478747803747184,0.8102755778258551
2268,2.9685079048994574,4.238187718472569,0.0033630770593099926,0.622035858757854,0.7949622954288543
2269,-0.37370630374757036,5.2148079999752275,0.968675822971353,0.4637880345956674,0.8890659537031856
2270,-2.929445629891818,7.032289485388965,2.1749169562204784,0.19059116759401884,0.7171357992800935
2271,-2.121417461532686,6.6559906495994845,1.284998290202279,0.12899380392478124,0.5569487905223525
2272,-4.210948865709817,5.1842947736770455,1.3882255585374017,0.051509576019162735,0.643212500638941
2273,2.2404500892838533,5.688733383532723,1.0365046179136788,0.3892966741337256,0.5294633402063761
2274,-3.0724696393599715,4.664086228897349,1.140889330838215,0.15432909260352393,0.7328598333492575
2275,1.3014102177925202,5.05242504645505,0.8086549367478176,0.38985340436526605,0.6779418714069781
2276,1.8743498571974788,1.3769345066289358,-0.9995617656110255,0.1458462014191031,0.062050888335807644
2277,0.8529279548296298,1.5370018072950848,-0.5221673910686107,0.07332298951845603,-0.019609580218175736
2278,-2.1885112654537644,2.0432413133234406,1.5155934168335226,-0.23343065823120623,-0.1280366632823866
2279,0.8393816585912857,2.91480358387473,-0.051817550548620736,0.21584049186726778,0.29579275520763837
2280,0.5798257920644206,4.324377536347075,0.38307334869142984,0.2650053346817722,0.4243357850168171
2281,0.5032509481898201,4.51949098195811,1.0322720433681254,0.20037598453041694,0.3102766422254682
2282,0.6060627464169503,4.530195058849158,1.1007433547112717,0.17369670344590973,0.3740823746830764
2283,-2.0852488835970915,3.7253038360130826,1.829259089507316,0.12254661251544581,0.4518850016151987
2284,-3.368368065989476,4.908128819536318,1.563025006334942,0.16274112787823355,0.6553933913455855
2285,1.788682799428942,1.578742583392899,0.535724300752753,0.43283448766834487,0.6654589875005577
2286,1.2917911286974455,1.5433787311627563,0.5707671691568253,0.5068686945835799,0.6299123611114609
2287,-0.13396190749915146,2.711266341639264,-0.7285569394089256,0.10992199006413647,0.41255621322219993
2288,-0.7424226320259765,2.547607147695777,-0.5473406513703719,0.2250982302476577,0.3648689205510505
2289,-2.55734101748858,2.281119105397495,0.14578614758163283,0.2894865385099533,0.78598520406479
2290,-2.884511619176004,2.834059300274945,0.5936644837930558,0.19576846518081617,0.7161588135358548
2291,4.466759117216682,2.3809478913619526,-0.11032027597071839,0.4345324159850772,0.2973646154017462
2292,-2.881277043198377,4.589983774346906,2.1784095452888534,0.08149864259633527,0.558033043729068
2293,-2.727900176783855,11.159408668125673,1.6190480985746931,0.20716409032150418,0.7302098194342664
2294,0.3178597460970982,7.433323675528707,1.769173593288604,0.16836834505844353,0.3960332799379897
2295,1.44126692614038,4.201686657729512,1.3631136438170892,0.0823187124095128,0.1608653907232729
2296,1.4280165316877227,4.1828526597360005,1.3297969936295426,0.1252627994912402,0.12603487186528534
2297,-3.617079254275114,7.261840468174631,1.8553592793960032,0.25650713950301335,1.036970710140636
2298,-2.6156952806068485,2.2613461607629612,1.372993923366096,0.2712403778830311,0.8377335550705926
2299,1.5211296245020782,2.8425235494608345,0.17066021204014842,0.08438752957743345,0.059074212035640825
2300,-0.6400359216719682,7.287180161264467,1.1781163045127472,0.3991465996234364,0.8001379439694112
2301,-0.06301153505406948,6.608029428559753,1.3875995194353363,0.4091427104072263,0.8460560229064132
2302,2.897295306791718,5.628007915925901,0.1096421567373719,0.3324870277839138,0.30782393102209443
2303,-2.165492329944678,4.711788792721733,0.09411394826294289,0.01785315298532837,0.364796329750309
2304,0.4597942798734157,2.2720838141589925,1.0721964659459777,0.23397918655765423,0.4128384480739535
2305,-1.0902569263804893,4.07715862215091,-0.23478957527034877,0.2067847263323157,0.5617728479138284
2306,1.047280915086751,2.06766773171592,-0.3428958333796881,-0.07221665562449596,-0.2378696972603895
2307,0.396037753181214,8.06907319001009,0.5080159146534502,0.4372661818815501,0.6983166311780932
2308,-2.6125876488677786,1.4947946744105471,1.5210078013514814,-0.2466778551518518,0.058610006728539533
2309,2.7089268372846393,3.82863233848639,-0.1232663775228447,0.639820975219568,0.7741779215745639
2310,0.9616555053779019,5.334265934209242,1.2306775377082408,0.44326661991745375,0.7825082845056978
2311,1.155472574886047,4.88489324633114,0.47542674821200837,0.12084874366494865,0.18051686264640052
2312,-0.669399271362557,4.818786382002488,1.097849288832763,-0.0011306674792637837,0.19404987923081948
2313,-0.03587508908857606,4.610662935777776,0.8250574479725318,0.40246216112265343,0.7277915196042949
2314,-1.5375231814693602,4.465980546963272,1.0869990821848392,0.16957215900269887,0.6116570887674689
2315,-1.5604511116369326,3.9969972635234408,-0.19498400350961084,0.08194990142365913,0.4165312931406863
2316,-0.5433755771252727,0.9517402563580705,1.2554752031345404,-0.19465934838126173,-0.22149156185370497
2317,-0.1467745393774141,0.8000908827549627,0.8733780374542598,-0.2084321688890526,-0.29289815205503017
2318,-0.4343349036147564,1.0996390643857978,1.0999272833912215,-0.18115803644943146,-0.23783950389559372
2319,-1.8488384579007024,0.8817656113707517,1.6672623696520636,-0.2856807094231968,-0.3054892155237967
2320,1.892752384996482,5.88232837494154,1.8089268489397299,0.7296457068914805,1.2784105890559838
2321,-2.210207252211619,4.133541149043402,-0.16243631438162914,0.14440204656210648,0.5015100554133147
2322,-2.460374370717847,3.906245514445169,0.9080093132830298,0.2590885756382887,0.880000112513616
2323,-0.08485636614253565,5.9043454107162585,1.0986533536087064,0.0737368077628577,0.2604937434657272
2324,-0.6011560112360441,1.7644474633602558,0.19877836860301928,0.23329928632627037,0.5833125609757202
2325,-2.694240075385164,2.9729004260476004,1.2711982374315527,0.2446336768800942,0.7827620000296887
2326,-3.236903202400527,3.1425276919413574,1.0929097424738323,0.34268969081060907,1.04112461118496
2327,-2.1205991879273043,1.332182625672097,0.8780259354880345,0.4512137060567277,1.1367887862975317
2328,-1.8003198782907328,1.4239098225736957,1.352365116414451,0.5023882927110759,1.1661186027397592
2329,1.642556071706769,2.4265484332851726,-0.4836478427196154,0.5002126104656006,0.6875630685519775
2330,-3.0460953810257196,8.267195253544955,1.8421788862840147,0.04227393097987766,0.4859762215091354
2331,-1.5959435547376903,7.193521714293219,2.1580450780006624,0.039348079105727095,0.32370880252097844
2332,-1.4777139068598153,8.379470207408321,2.4284714016551328,0.006192559227669505,0.2357069105419557
2333,-0.2791476396833436,5.772296250776663,1.1846705002494515,0.16649544589784424,0.4531313644400847
2334,-0.5013704285018279,7.222231481668456,1.7560397765282207,0.2529831146102185,0.6750324293786403
2335,-1.1646292137255976,8.9721477090627,1.9560091639549613,0.2696022205263411,0.7411899429846236
2336,3.328812703472608,2.6119282749883985,-0.2313658311369191,0.4730888530027824,0.4702317246226152
2337,-1.3547929893559616,7.318351791047921,1.6335046266220958,0.3459578790815144,0.8777720512229897
2338,-1.5555662221962987,5.377349693394424,1.082553112558305,0.20757597852639426,0.652957112783805
2339,-1.2987002368088458,3.692172540516741,0.9750535618406898,0.2822450923394865,0.7056649564808941
2340,0.9833471777882017,6.656387395998002,0.690425371351343,0.16788909150375525,0.27856001912810663
2341,-0.6980888670646578,1.6317234393398194,0.3653147098825273,0.2289814060883455,0.6382714719151588
2342,-0.2599775020065317,2.4177498933421444,0.702385181641079,0.23585904332893606,0.5146429365058558
2343,-0.23492164178946945,5.345938138944643,0.3527983589207656,0.19543875185831627,0.3692940561304923
2344,2.3042835896395766,2.5476576285707195,0.24005282915149478,0.4230369816860043,0.6643724403760807
2345,-0.27375516264696764,9.242391201565914,1.9398197137559356,0.3700261302024226,0.8305869518577917
2346,1.5474834125226244,8.499608842724498,1.4335028895235629,0.379891454500763,0.6039839429761248
2347,0.14513974446862363,1.4818167366966917,-1.0114025382933693,0.3705753314558576,0.6640712832126903
2348,-1.6594076142097247,1.7817085610613055,0.22861679454564565,-0.05596367190600872,0.20739832364208113
2349,-0.14327278606497268,2.098007613585576,0.5406392726248521,-0.15187617115824686,-0.28067559419979476
2350,1.0206272426862797,3.0941716284476066,1.101481752726163,-0.04686707192675126,-0.14875681099046054
2351,-2.9888191585422543,1.1171801122858314,0.025132873537411834,-0.14704926117022568,0.08943214432243651
2352,-0.44589289027323614,3.9926117225043134,0.8186489876817991,-0.087468487650183,-0.03944231025258842
2353,-1.8732316896069252,4.327782753796491,1.5214402094898871,0.33813915782422976,0.8421367517710343
2354,-1.4751234946006395,6.0277566618679215,1.573912897636282,0.24036512197708113,0.6343100681257197
2355,1.6093429509693895,3.5258475369256392,0.2284076022218055,0.22090379469086452,0.30695745388150325
2356,-2.0512537670857673,2.473354946345618,1.0708517800111148,0.023492274879351606,0.36166958317660475
2357,1.2909545770608302,5.174867454645945,1.0906541528147782,0.31773413935378003,0.45270113587972555
2358,0.677574054273041,3.2349668612458413,0.32226815090909205,0.23864020699479482,0.42063040481579894
2359,2.114687287531043,4.913151223347698,1.6433120454789942,0.5617296642610942,0.8508738457064448
2360,-1.4095188343465248,2.5126824912456143,0.46648279417905275,-0.19568659126536955,-0.16820909213449808
2361,-1.3646151758279768,1.1598800091605261,0.8649030646022839,-0.06591451532257961,0.11559114223071182
2362,-1.5360817189547982,1.1577646940610602,0.9073501160202914,-0.032811487808086355,0.10167098041781192
2363,-3.811820402013787,0.7142307969999587,1.1208225157856335,-0.33894645254936434,-0.1074015228087857
2364,-2.8045679459091173,2.002838475806671,1.005197880162784,-0.28443465665698064,-0.10025322651879591
2365,-3.6513627724433992,2.0407323094180994,1.581766803150891,-0.07311450889959714,0.3080125237874072
2366,0.6851244279550102,4.981521194783338,1.2712124051264333,0.2749585848720765,0.44739666644101606
2367,2.0509544169152023,8.404535966926376,1.0183481464143367,0.31953866377299794,0.44059796955473324
2368,0.38283921066250554,7.467110453214639,1.2911607847496052,0.2579600270871282,0.4717830362633981
2369,-0.3464757951745872,1.9983797551099654,0.18872913967396893,0.18799290678319436,0.441842777129496
2370,1.3439336175700136,9.029209985533784,1.6506152686303839,0.3626003239481647,0.5790570595010638
2371,1.7245058871812144,5.169623122198984,1.0497937648883244,0.6394061675139904,0.9995149743839254
2372,2.6560987032821837,4.59359138473255,0.28697270546648174,0.4059464057613704,0.5137434782652835
2373,-2.1570843321037314,2.455165684026067,0.4765249009891951,-0.14437969846675766,0.007774015730406285
2374,-2.3566773336363367,2.769449777242505,0.1216437450726225,-0.011099835189121271,0.23209180819866038
2375,3.581762324055606,5.471305822479715,1.2153888906274795,0.5527999421683695,0.679855898185317
2376,0.4889010958637557,3.373677199015736,2.165346520318339,0.45218200997465274,0.8336292819068769
2377,2.0272567363381486,6.456793605265339,0.391871521998938,0.42299987299267117,0.5620597140649028
2378,0.8842073613178842,4.302969591166717,0.5175723617847523,0.3095152297414134,0.49751323059540803
2379,0.27102467095905963,6.010788070511797,1.1162775158931448,0.2824237107812956,0.5769496140166511
2380,-1.0158366795373486,3.032667014998331,1.227597292575194,0.2927726275103392,0.640584099429699
2381,-1.760333693349663,6.906523008882705,0.8143392323948648,0.11548739015002954,0.4190444766812798
2382,-0.7519357163361972,3.065287194872356,0.2564775545499266,0.07806071405499561,0.21806982479599984
2383,0.5142822992833161,2.730330901076694,0.27383448269135474,0.11134525721562621,0.23731351300689782
2384,3.4178374799230786,2.2783957839192968,0.15008819426363632,0.28481496140744816,0.20592980397818975
2385,3.369465474194036,2.2297761977958555,1.2015184495922406,0.6460372659187007,0.8054110380794044
2386,-1.7363577777720516,5.405283156394912,0.46449952878811146,-0.0211297935285169,0.28308706995740696
2387,-2.004087542856094,5.48850266577695,0.5163013281497857,-0.005223050013523961,0.2717919552179797
2388,0.9684340279623158,7.682895646515137,1.1263097082806353,0.37794596740740194,0.6224345030137414
2389,1.3834013757528687,8.317291851691564,1.0664312134708922,0.4213232890394137,0.683132857431346
2390,0.15743629265894354,4.8122630726504,1.080881343106658,0.5965052447211696,1.1891985327743344
2391,0.8459941175631649,10.611005064099984,1.4923396301689347,0.30318055495953594,0.575908329424507
2392,0.714787027919885,1.8212927109129262,0.8658618873774458,0.5082804964076224,0.7757074398707758
2393,1.5742152416305453,5.0563889211671444,-0.16607486856677414,0.4149967945027676,0.5623005094422383
2394,1.6636192891523354,7.966627602314292,-0.24493077215199044,0.43829158019022496,0.7198790785430746
2395,1.4895148085176715,8.396034742167474,-0.22258103325721557,0.46172512062977766,0.7040455067065697
2396,-0.6301256445206688,2.0188298604298898,1.3608057564864016,-0.12825415590415332,-0.055156388966672534
2397,-1.408351324621479,1.8316800053594096,1.3800645642593947,-0.1331578582064583,-0.05221823598558455
2398,-0.5784675405876175,4.052917763266927,1.313081193149499,0.06966957991828308,0.23030812515562177
2399,2.1517304483155435,2.4619477806158487,0.016924321412693615,0.2929090555073679,0.34927645723942446
2400,-2.108594838339188,2.4959281339604886,0.8009014410849594,0.04892800176121214,0.29415445241092447
2401,-0.037679555660175904,4.7238482839636085,1.2018854467223417,0.1545617279733461,0.39454249398206803
2402,0.14197618762666042,3.793373003102296,1.2360120516263806,0.0750636016427864,0.15791190625003115
2403,0.4024271684350881,7.351811543969077,1.775860568051982,0.3486187807151688,0.7026031133668973
2404,0.7695574015334735,3.7448659072770134,-0.3050997673579537,0.5646683635229112,1.0238893036003995
2405,0.21364188603175877,6.012991050540246,0.601925758461858,0.4722301031434585,0.8460221351434796
2406,-0.043318560575243324,1.9236392296069162,0.7825517144926408,0.1297534124781413,0.23745053608665379
2407,0.16137877802508033,1.5313655450400354,0.04247184871552866,0.1098528103095094,0.208241226062596
2408,0.7830764043213437,1.1862528048646284,-0.5771799334813792,0.1543642595342542,0.17299463973061432
2409,-1.1513512612426957,1.6324458568053526,1.2037239505118804,0.24313797266226264,0.6146931706803533
2410,-0.804553609839242,2.011079222971283,1.242007953115582,0.3154024940536639,0.7219097814247636
2411,-1.718925749369514,4.20711429609788,0.9734493006776982,0.08005891011589748,0.3995346792851959
2412,-1.4938965265949353,7.857604197601812,2.059796854358969,0.102670329506604,0.4352188658978336
2413,1.360387200106938,2.9087860616751455,0.46356495024528344,0.3452772683811487,0.5281318315001381
2414,-0.7900301779645715,6.0280747012915965,1.1284211748753457,0.3363530875339,0.7927388135705754
2415,-1.902116297085494,2.873669630297983,0.017676765710021483,0.25032774700724764,0.6763535544158302
2416,-1.8793897463914828,2.863708929131927,0.05689913017543568,0.2568304960010252,0.6653362762108181
2417,-0.9397440388519306,2.702045131669886,1.1831034907341151,0.18634241074013855,0.5531827953022922
2418,-1.083083645528171,2.7965955382765753,0.9915327403777993,0.19942544196526124,0.5161550194747259
2419,-1.915601579860061,9.797942198565101,1.3042403693557505,0.1362918345772094,0.5529847921078458
2420,2.181363829021458,1.3079252985129466,0.1060680580819925,0.12766387571006468,0.074840532350088
2421,-0.23747574404220695,0.6751753314085989,0.15290005773723073,0.12009138401142179,0.19704070974909502
2422,-0.22930513218172727,0.6570586461680253,0.14393989852426703,0.1294060446021806,0.19679757528348268
2423,-0.4014194691772845,2.7409015282543785,1.1416661969980886,-0.10777556260708299,-0.122067565831044
2424,-0.22962143643197533,3.075770844376362,0.5659861439936695,-0.1860927894784732,-0.26743464251162513
2425,1.374422192914507,3.176319595293268,0.8021190901732531,0.18567456659777426,0.2308734538319681
2426,1.041283446683552,2.9331825366548947,0.020961190476064342,0.3474549100052668,0.5243829706250158
2427,1.04345874066069,3.0358625558315318,0.3440720269692781,0.3033769232800013,0.49879634613258644
2428,-2.257550579676313,3.227527233787432,1.0012921713956602,0.13353943197184742,0.5309882140822041
2429,0.28619726869015266,6.195793817339982,0.4517707097885066,0.30528979628768893,0.568957858827983
2430,0.6219688818413003,12.790493082310082,0.33301466558692616,0.276305672344668,0.4924567510338383
2431,-3.4200706110365466,1.5503052928301557,1.1134136549589417,0.37432356087900465,1.1564706318452052
2432,-4.395343748869465,5.020944340196176,-0.5571859142356453,0.1830823059534502,0.9561000201096298
2433,2.553033193189866,4.017009325291903,0.34429620362639574,0.5606905733034118,0.8231132001926872
2434,-0.16409180303455753,5.1421736094048525,1.128520227469551,0.12366549571750045,0.3287721228944868
2435,-0.9410986132237182,7.716221568373477,1.5116717517798275,0.1916315214110886,0.5504257669751288
2436,-0.1334861661204517,4.6687681872118905,1.5832541661808837,0.3461310820635914,0.697880830951035
2437,-0.8544795019368815,4.619310201170106,1.1055446808904559,0.5988777873206353,1.1581328625437723
2438,-0.743621480613991,4.318648372250352,1.132063702864052,0.5684048579117538,1.1602083049906409
2439,-2.117707207414328,5.383260650555078,0.5721662103803131,0.21253246715326826,0.6958462963272463
2440,-1.1326409180007464,4.847375532454408,1.94372453663335,0.026735822889691487,0.20778183396320987
2441,-0.07318747794571012,5.124999001717347,1.03997432739205,0.21301585100721987,0.4762008328613781
2442,-1.2615533831061603,5.007449892578056,1.781486123443627,0.10737869679156006,0.4477249305495227
2443,1.449398019640938,3.8699091225860367,0.40525989493233344,0.1939652164516,0.20496169453468646
2444,-0.8855547565594867,3.514061534514443,1.253884175616151,0.2713084248532698,0.7967356564925242
2445,-0.1627144924194591,7.154843083615063,1.8612916550830603,0.27088807030996565,0.5649157235432738
2446,-0.5095057987857182,5.243109370260817,0.6479100106303565,0.1877340746169863,0.48168815150815963
2447,0.26978825007953755,4.175032902635848,0.5492633529661756,0.20851913091846544,0.3323365143546052
2448,1.5217214420308358,4.879052116860392,0.3920333428484211,0.21521563398700913,0.2619165423850589
2449,0.48638518609527565,3.3845320550811495,-0.02367140741283486,0.21336145534557707,0.35637114757068694
2450,-2.998111612821738,6.836738967351813,2.339082208138342,0.18194704695160102,0.7930673423487437
2451,-2.611329137885142,10.090913640364839,2.1904863466084534,0.11050869910730061,0.5671061169195111
2452,0.38839462267152824,7.449565308596289,1.8575007792886058,0.14178452571917027,0.24398682620719833
2453,0.2321333173612415,8.227156088028856,1.6510718822978447,0.221852041537242,0.42984679400564463
2454,-0.13907376975280375,4.650649114569898,0.4982696092360853,0.2743359544853525,0.5726264237676886
2455,-0.8714742004482005,5.266034716433892,0.2107928446006155,0.23643100891714006,0.5722719363907621
2456,3.5259202040274755,2.195154989874453,0.3029268930818162,0.44863473070864895,0.43965506857211273
2457,3.936322566918928,5.251758948489087,0.8206767601926752,0.3179774695567393,0.2227453591547453
2458,2.201676040773933,2.3819603697290934,-0.4712886708671778,0.5145583014748342,0.727454217559113
2459,-3.084292141102467,5.14748004160102,2.1871819253007883,-0.10600561412272176,0.2533350026911169
2460,-2.328162979140242,4.510762840993794,1.8308027826953852,0.012044805038722994,0.34878646051211964
2461,-2.30244173143994,4.122580967631069,0.733170124674718,-0.08171383477977268,0.1893664590337777
2462,-2.2982111391296294,6.88125045360318,0.3133436436328931,-0.14299835174437545,0.052260401077957146
2463,-3.0773450117974224,3.938961546610747,3.2192923607193524,0.234598578617655,0.8599845958085987
2464,-4.225210959338016,4.30020888982389,2.92664314163134,0.18474896961155787,0.8950599102552466
2465,-0.11754493291695561,0.7868038830707297,0.6636193019143241,0.5202880068179186,0.9756106762977945
2466,-0.814608707472769,1.9388267413215352,-0.7090445308309177,0.6046183378451117,1.158472892072024
2467,0.6208941140288979,2.797563232500639,-0.7485599599789995,0.7919595098063377,1.3421855943453174
2468,0.14043310951665897,3.9942454459330716,0.6264956027906385,0.6309026273635902,1.1788031459650845
2469,1.3938591060842473,4.190610705171487,-0.13922214195961816,0.7259417790618146,1.2275588117201701
2470,-0.6518694730366796,5.9995825877292095,1.5410520272732922,0.17567693540486823,0.5085486860080445
2471,1.5732805125314564,2.854500523170434,1.7137548391791546,0.3399328603128478,0.5465346800170379
2472,1.186671945449805,3.331241302356827,2.2150335093034093,0.3926245967034456,0.6767420644142977
2473,-0.9630332644274062,1.2835145142162694,2.000745495165199,0.04279882271248376,0.2722084579050173
2474,2.0477477990325443,2.067792520324142,-0.3172368947569243,0.35206664779818486,0.33879897184770347
2475,1.2273397048393822,4.443779876919079,0.5174019327097036,0.37923575454937913,0.5116052379468207
2476,1.3287315763437588,4.452138219084614,0.5630508919262274,0.35466352525304906,0.5255156533290797
2477,-0.6472907665048131,6.278693768350006,1.249206399365341,0.14370554261578114,0.38979999206680443
2478,-1.4435081792176199,4.484408926198166,1.0096561350804607,0.10358316954519838,0.4397219454777085
2479,0.252973566807516,5.6382995084294985,1.310708824209968,0.4485181679916417,0.8541852430037947
2480,-1.290546250419485,4.6091934092803974,0.7593736369938067,0.3082638696912107,0.7734870417762353
2481,-0.040115911873132,7.778959544419843,1.5256220776481209,0.24635009781285655,0.5201371159749894
2482,-0.02488028757244209,8.734512395554486,1.39614568047793,0.4248057315890375,0.8515633719995417
2483,1.6117207523682524,7.312713442205413,1.401281459020532,0.3050743137980128,0.4820175910519962
2484,0.4206323236900237,8.668815025216109,1.247432317584472,0.1969899234499232,0.3862568866792971
2485,-2.8498725979571815,5.857442195845614,1.8759183794887178,0.04714235188074806,0.5022650472359034
2486,-3.0983232167514534,6.939035720998485,2.0669980750858326,0.11974865517733568,0.6322821428816916
2487,-2.8874823471529214,5.9251566834892415,2.0474639889044024,0.1390748814402974,0.631325715362978
2488,-2.311077731636324,10.863745824212844,1.7984401433639332,0.3634299736206514,1.0438746995514854
2489,-4.30476109873842,11.62919311864893,1.5772676631457416,0.4180391648301033,1.4229081835359207
2490,-4.215801483638902,9.259597274896974,1.3205357174440757,0.37854939432927837,1.2875371875515678
2491,0.2888820635679884,2.1337268512959686,0.4043763011969731,0.14525636849348014,0.33426017534106994
2492,1.4890393453189898,4.079243719559393,0.6336880680432163,0.19173306923614092,0.2027123816180645
2493,-3.4738657756614026,2.5265662818213768,0.9535508208092669,-0.07216456840608984,0.37708435840726207
2494,-2.159162393351781,2.431146122383949,0.253657729635324,0.24531353999874023,0.6540241508837467
2495,-3.034288424930473,5.725907064013658,1.9394338030071425,-0.17522482943200382,0.16969294872561166
2496,-1.7967309314798259,5.550200554514211,1.1586715731536612,0.3211257726069154,0.8988730725892656
2497,-2.0368582019502965,5.221615938422329,0.6966779805100511,0.22083698066772964,0.7083139267172357
2498,-3.309533832761787,3.5139666350542007,0.8283320723360936,0.15213022655853853,0.671943277161256
2499,-1.868408790471496,4.747778718478123,-0.18417048724200527,0.22460131928695432,0.6633939820814865
2500,0.37482402709677676,2.026537027538529,1.5607930599947166,0.14200263686109038,0.3066899454132218
2501,0.5256011179551022,3.1222039251543565,1.4728944316623174,0.19877626291249004,0.34122009364087985
2502,0.9934422093658017,9.95525151264993,1.4412331339158295,0.3343054263387059,0.5447573948826852
2503,2.0395698710872905,9.069263956434744,0.6225299223726439,0.3103335004609415,0.3957938029325853
2504,0.4478024170639908,1.3237393606245245,0.1163008003816866,0.43534715369625937,0.7871805550224628
2505,1.558616232455928,12.114908839559932,0.8181168033382062,0.40982952515375165,0.7055526062808144
2506,0.3223556953639457,8.42596443170658,1.1465320871881424,0.3233685216317947,0.6497424070569354
2507,-1.940181972000042,3.777627476237576,1.1762531221476835,0.034112382008646566,0.3311877133106126
2508,-0.7246079024156433,4.933055772274147,0.6519478958855257,0.14671314499050853,0.4313907170911208
2509,-0.5091580325383166,5.742715142561344,1.1304572644884925,0.23023461801922038,0.5073783593632951
2510,1.714618814319418,4.273877480154579,-0.21399284894470552,0.2043487327331603,0.3008278139577996
2511,2.179827514243815,2.5182637476858054,0.27649603304745446,0.2333774991182113,0.19428176229057215
2512,-0.7349077663311181,10.055910739107254,1.2196250870953702,0.3841023488690317,0.8731730411651095
2513,-0.026552185290643047,6.599382681901373,2.34776863377481,0.15756240575517097,0.42046392755259016
2514,-0.6907710502521448,3.4773506189977246,1.8278365656288762,0.14508413006236937,0.3867954244844528
2515,-1.1095344589569411,4.55641159111818,0.9764232746318088,0.5395057538996471,1.294078306025247
2516,-1.2173816555489718,6.575642980716514,0.7277927401034072,0.4485222054998182,0.9588826759756043
2517,1.9569382580081918,3.283365941743976,0.27163854193547565,0.15882162988679469,0.05746964421083058
2518,0.8483203525374953,2.2722159914343183,0.6680434073407848,0.3454787032818409,0.517303894379072
2519,-2.880930833280033,2.1581173909041693,-0.3997166256449717,0.013465419030399944,0.3163771928139481
2520,-2.0493742461699336,2.3193807623357365,0.0012500425538050411,-0.008125959461971206,0.2831682535380704
2521,-2.234045854914828,2.27002803144789,-0.2823351795180068,0.019007466039562427,0.29509497742425556
2522,0.7119110137258234,3.6790253861042714,1.7995642997862586,0.13572873702106286,0.23091966082142382
2523,-0.8012421474251264,3.1741695968753336,0.2676472669697735,0.08329978059318587,0.2675900350467411
2524,-0.6058104914399656,5.818246620943281,0.46944334485050826,0.011850425025572715,0.14049040172840313
2525,0.5280998598034252,4.422707560804171,0.6371493946920797,0.3491744187485261,0.7134612180436722
2526,0.6727827733705518,5.822537857233404,-0.008919249937305767,0.3703877283349723,0.7091932247384898
2527,-0.6920296907399774,3.5237993519116513,0.6062143877308821,0.2754327080842897,0.669197363420453
2528,-0.2971994260923901,3.93648385071274,1.7113517238119236,-0.05008330905407787,-0.030346550376580704
2529,1.6691802583131319,8.362546067335167,0.871978022215099,0.7309056496994789,1.314530985334847
2530,0.9769952303203581,1.5026380097993453,0.7154867498422276,0.37672120591441755,0.6794132228392169
2531,-2.5236315220907324,7.969173883613948,0.07192269819906931,0.1450288536104183,0.6699187287440391
2532,-2.911982015939154,7.057739802698062,-0.08602458321506912,0.16858075320900293,0.6983656853123485
2533,-3.2676591556265335,6.587941768819542,0.9944820731615116,0.26859912308528805,0.9448876954601032
2534,-0.5503791904910665,8.378194400450637,0.9693494169888184,0.23716316296971465,0.5576761235018853
2535,-0.06893131735211305,2.897495777739564,0.47253802923093524,0.3186873400549017,0.6032170042457127
2536,-2.559360237082851,8.564032278003491,1.5354345332724515,-0.08924792936875492,0.19769099117122424
2537,-0.9393674453371341,4.944442645746315,1.8778526601968704,0.38352061150724437,0.8750298792823269
2538,1.976671929184466,7.373093873446911,0.8783030901102519,0.1945685058503331,0.18460877042676174
2539,2.5585261569553976,5.156092716122366,0.4362994569324053,0.2796749943888571,0.310627017163459
2540,-1.4451573589191566,5.191524860447345,1.404748165743333,0.09968365947930682,0.46061547636419614
2541,-3.3494710051293484,7.825182338491862,1.800715912886887,0.0760904729194196,0.5313047685029011
2542,-3.2434654670084266,7.636696568880698,1.759753522368675,0.08019274973584901,0.5235629008119024
2543,-1.0118806578757087,2.05871270541083,-0.024191110897170333,0.31443414816883497,0.8022445224139337
2544,-1.0679243706046448,2.2717304118292696,-0.48068580044433784,0.4345199130500769,0.8115082035566348
2545,-0.945463094236648,2.35476132875242,-0.3751207911082112,0.3874177245538079,0.8730259250187559
2546,-1.5130038274378987,2.8777958099216696,-0.38031796756239594,0.4138686277375286,0.9499796304249181
2547,-1.7461880806345176,2.8052577174725237,-0.2821278356993831,0.4442184124779236,0.9859746949723567
2548,-0.04065399172762662,2.4347297308747295,0.15875468166274523,0.29707769803527145,0.6348751052315156
2549,0.17883860443165245,2.145580368514001,0.867063086518664,0.5674291274860044,1.027697932403323
2550,-0.22426719127211311,6.848366592543138,0.3733978204529054,0.17354580211876708,0.35636161122991444
2551,-0.21754580640901605,5.18204397548209,1.4355473129978853,0.19969135918079983,0.5118912174627377
2552,-0.15485121512694228,5.234054795695256,1.0698110647027106,0.10457806111307183,0.2733851811507798
2553,-1.2358863262122686,9.308350180515978,1.7210179253899736,0.223606153187135,0.6833866710498816
2554,-0.5654249952828331,7.293448955773336,1.1583945323359466,0.08654125570960701,0.331437318799061
2555,1.1110382741204838,3.7492093398338926,1.1898246133242512,0.5063263673482128,0.8056644274161613
2556,0.3765654350081788,3.168888784171776,-0.17276725891831346,0.570275481964591,0.9733354814279673
2557,0.41512256081336757,4.89114137089589,1.5888571419307074,-0.01995259426499807,-0.018859023332596828
2558,0.030398402085503314,2.9199678409009144,0.5672493567738297,0.16150969181319744,0.37367818580881224
2559,-1.9254549329602952,4.068722221059656,0.4929279011648237,0.12011836081550716,0.45947270349295355
2560,-1.8713322142693372,3.8785974044676594,1.2643994681468131,-0.10756669236954965,0.06544346597165585
2561,1.4076604095917482,5.180832213098679,0.2414026742449281,0.48478047391478407,0.7998878501540343
2562,1.6209945122222709,3.2752757256355665,1.4875067889889266,0.39945221966394634,0.5551628463267896
2563,-1.0549460813678315,3.2439378441371622,1.726938873348355,0.07610926814297043,0.3510772134962038
2564,-0.09249241748003834,4.741811875225841,0.057073416819571725,0.19511242121211286,0.4063984775210121
2565,-3.5151253082698357,4.783602013413576,2.2877648028148343,0.12895198502856176,0.6750029045305384
2566,-2.9601962786470266,9.422496163733541,2.3200338793522475,0.11638716554161979,0.6124569953701423
2567,-3.237086484907121,12.911656704615977,1.9806288812376205,0.1600582271988861,0.7127465051112168
2568,-2.7691860393826735,5.925300633389295,2.2624405858691743,0.23543111788585896,0.8020663534087397
2569,0.8032460355933796,4.380008910292677,1.0478185594772043,0.2545039181813077,0.47108751188734294
2570,0.5894357352192988,4.692695167149869,0.8702321521768673,0.3767483315930906,0.6304833481935704
2571,0.6439855727187968,6.844726083794915,1.178019283011976,0.2517826224773749,0.4458934718309893
2572,-3.2407752172780784,4.845174298783083,1.7502726975025926,-0.06113467604848175,0.3463506972252582
2573,1.433272619702036,4.047749545142047,1.298016602119317,0.33561078124555555,0.49820773103085036
2574,1.9408011394722497,5.6844449494803575,0.6960027028829128,0.4864059157866093,0.7490394930611594
2575,1.7297361288010826,2.0017318176023444,-0.18958127108290623,0.3663324965223744,0.5653633387331386
2576,0.08398061008792623,2.908474730826975,0.1666107310797797,0.5691924506826893,0.9306073620153683
2577,0.09204346196932368,2.9879036070133513,-0.8209520178473879,0.2873989526427134,0.6760005122098297
2578,0.15444236103270154,2.90246377753501,0.7975312941490303,0.3734577450412771,0.5986940664196035
2579,0.431672329726903,2.9417486776731243,0.5605903766626273,0.37362428012801946,0.7208635602723028
2580,1.2430032753513656,2.997216246101722,0.13315855672062277,0.1893730282309875,0.24484925534171825
2581,-2.916356328949997,3.4814210994772576,1.2353584656153063,0.05953326704058817,0.49585862659941554
2582,-4.208021566715536,3.517998864583655,1.2155669117648864,-0.13252732330735845,0.2719035850849352
2583,-0.4143121271764617,5.82071307520568,0.6806083768668892,0.10817754392769029,0.31489943514372243
2584,-2.517396441337708,4.316237678290368,1.0976531979478699,0.1970351515125508,0.7171006883174249
2585,-2.3750950700794813,5.916821529110931,1.052085983519792,0.007826617175298664,0.36325567797925695
2586,-2.141388093454505,8.45857992144689,1.803175492646109,0.013857837364487058,0.3492741742482003
2587,3.0938913813867,3.8339577258251576,-0.3519507523463945,0.460832401355214,0.5308718726926432
2588,1.4895875594819028,2.690506053497772,-0.0035922230565637527,0.37137870483334773,0.5561233305379779
2589,0.9306137153717156,3.7293076561022107,0.319038408601845,0.1689382794790227,0.24519311469068855
2590,-2.0073787436757127,3.6375817519241322,1.4980433682073768,0.06029535681431733,0.3726316991986181
2591,0.6121885046288854,2.465200312551836,2.2280468870842625,0.09218799589931079,0.29399104939973797
2592,-0.7129320434324986,2.718805357995767,1.5783325136248605,0.07783149228912732,0.3412752640419415
2593,-4.175866518477627,9.363439324826453,1.3591172014421884,-0.15972137298830505,0.26541005672565965
2594,-3.0448750357351435,6.365693414414024,1.8632552728862557,0.0023553173690645125,0.4389483881412987
2595,-0.4453376668944109,8.390956519716735,1.2356668793976269,0.14607979010107863,0.40089214140646623
2596,1.3507038009245411,2.3208890920175893,0.007942164653393282,0.6059853289316118,0.9477197089194255
2597,0.8121307385889226,2.009230442321238,-0.08271043304938701,0.2889971031670393,0.47212493497653435
2598,0.3271933778596394,3.113485124811359,0.823186575126262,0.09695528995905776,0.1530759241161036
2599,1.0475181385680574,8.568834373276907,1.464815672540314,0.27708922550121323,0.4746852136741766
2600,-2.900952437956986,5.3525848581264945,1.5633462644080003,0.11692237819922825,0.6515640314569694
2601,-2.4346728531593387,4.9602734076775254,1.0558129835871612,-0.15735226061311175,0.04203042787250354
2602,2.3115270973441846,3.304847580120528,0.4133305812299889,0.5492164811818294,0.8096432582473507
2603,-0.6006254928416238,3.259666136355442,1.1225875196061479,0.5118451165432565,1.1137381782771563
2604,0.9343956476469094,8.264508286644483,1.1778433801328696,0.233806031570319,0.39451402719631146
2605,1.9763810506675112,5.258135160193141,0.9906968793519184,0.3526679473399896,0.4824728554795417
2606,1.512618066612769,4.8171412808774825,0.47135640309175747,0.3008624612224102,0.4275566242278479
2607,2.05002541855736,11.132791836260616,0.8090001959211585,0.30666519080727156,0.3795557490770564
2608,-3.6518320150001187,1.61089886717379,2.429824111837752,0.16870684745860756,0.7857090432139581
2609,-4.0446915388655125,1.3642890557098295,1.9551781495591107,0.13896166077281244,0.6917660742912752
2610,-3.431248989620071,1.7636034134486627,0.989229352691454,0.13213059882578546,0.6732563794574459
2611,-3.6484158758331704,1.9076276169349298,0.41389808249994736,0.12295585323172639,0.6933149416351837
2612,-2.917210487826289,1.9840797584623389,0.8145888993738831,0.0071776086247128034,0.39211791404502394
2613,-3.094480617560145,1.9656425250447274,0.827351827121054,0.045176864172610603,0.341287045782626
2614,-1.3706604913290659,2.6911665106918945,0.499110663211545,0.09437234802272512,0.22873522019423898
2615,-0.8243748853254547,3.0618489168017478,0.2892398451518474,0.129187830442292,0.4053937859816647
2616,-0.7218827748982146,5.815130304546646,0.7303727529537823,0.3491398834251944,0.766386017597164
2617,-0.19084549876746643,2.6688544329968367,1.196798138654259,0.24197657723701013,0.5413987308636136
2618,-0.07140435755308217,2.5510078409310486,1.1854569326149305,0.23601357876794327,0.48924856457442417
2619,1.5489033316491247,7.633098018320818,0.9703527501662631,0.2057861910546861,0.27508066499817635
2620,1.3090041452315238,10.380974927263031,0.6656795041188974,0.2576806154240076,0.38539731374793795
2621,1.3090041452315238,10.380974927263031,0.6656795041188974,0.2576806154240076,0.38539731374793795
2622,-0.7232551714899337,5.582010279062065,0.46467983950509817,0.36006269050854567,0.8315255277350215
2623,1.873326709119702,4.766579076404816,0.7800758686072007,0.3039700190597134,0.4228586774257367
2624,2.5439141586028944,4.657589454521377,0.05470250725457903,0.2732828238432084,0.16677909724494208
2625,0.1547992930295557,1.3393917435816123,1.8693930080902137,0.003689193599278302,0.15896603782417418
2626,-0.03569757898553638,6.743311101837019,-0.3751583379962187,0.23143702030043087,0.5148727892513868
2627,-0.049608956635289435,3.4754184030986113,1.5688323784996618,0.15760097878589682,0.28538144367817564
2628,-3.155245159725908,2.2743703471331935,0.9217859320965726,-0.3011563464609115,-0.028099872742258808
2629,-1.0881492355408817,4.609110463590697,0.08292876319194821,0.19769970719673777,0.5489193179628715
2630,1.1093823123588016,1.6490033969749582,1.2165015091162164,0.3631503279647724,0.5536463577224086
2631,0.38800351436280683,2.1294592590363273,0.8541398966571377,0.35495429509551646,0.7079821808291933
2632,-0.02223469370553934,4.428414458318744,0.9304176438150624,0.3426592539968974,0.6267086535206999
2633,-1.5557543785800092,5.303670125888324,1.2381636728467391,0.22065895266928695,0.6722473480739438
2634,-0.66400841000592,3.6347971310265206,0.6894902733901738,-0.045018545894375074,0.025386600480398855
2635,-3.4469895620372153,2.24903633417935,1.4594726434097742,-0.04382985442539331,0.42862200347898033
2636,-4.160688426551621,1.8349425993661717,1.3468663386928796,-0.14004684852262145,0.27866355501813067
2637,-3.5959859753987993,2.009764195165533,1.0818258357661608,-0.11705851089909164,0.2431747725992408
2638,-4.379357190776506,2.1087146276136983,0.9158892555555168,-0.11987258668320053,0.3750237711330235
2639,-1.052596772645493,4.363737415714651,1.2868770606690851,-0.19965857935768172,-0.18958319445837774
2640,-2.44057410497743,2.5163897736088203,1.6876159949959924,0.10463113488531518,0.5094414849058087
2641,-0.05518804161348746,1.5853333212962035,0.16391087336685997,0.2910486145222164,0.5704297405117895
2642,0.03792677244699777,3.7893961963192284,0.855272416891229,0.029899858776631767,0.17110348445119614
2643,0.3695687294862066,2.3174547338260654,0.09962341272634855,0.3853589414505507,0.6310347177077875
2644,1.266656304480968,3.5019724444363955,0.43172913620244957,0.4113797230288244,0.6147395201023803
2645,2.6805853068671874,2.710239153041082,0.33221535648818395,0.44916266133763416,0.5832489421305818
2646,0.8555658210295908,3.023124250697607,1.8524857184660268,0.29359941000799294,0.4884687879423316
2647,0.5223494782492407,1.5708789494324529,1.524797732573015,0.1111457735793214,0.2277680924863432
2648,1.4013031873933828,1.562924884438968,1.1043416982390264,0.3410583115420795,0.5289368576394677
2649,-1.2935966931929779,2.999486326225255,1.5055885518263228,0.24894795175681203,0.6422445366345327
2650,-2.3700746604088168,1.917937728148205,1.3586444358444034,0.1519961260286499,0.6720600275574787
2651,-0.5907081361503542,2.65018465422641,0.8244963475226994,0.3225506546084533,0.6339962392771087
2652,-0.40331862910904837,2.5797319098323634,0.9062935997748752,0.3085666493209211,0.7210299335037113
2653,0.7261153984599125,5.233258386785281,2.5574465154998447,0.20457286988978995,0.3909399247710173
2654,1.2831071392239182,3.8627264108255543,1.3494874196186024,0.41919009369912386,0.6614432096403546
2655,2.196913400043284,10.088875973973787,2.4430544237340954,0.34962674487039624,0.5306538021586568
2656,-1.259078353270702,5.437918212738763,0.6722757637596544,0.2489480969886362,0.6548545663563384
2657,-0.8793062691127638,5.9493480863084125,0.5290780123440985,0.2871804620237789,0.622501846674507
2658,2.769257832248236,4.080348773301425,0.47115344867085984,0.6472058295825984,0.9679831800185119
2659,-1.3547841438796724,1.9167748804641094,1.0332257383761587,-0.007446741988568146,0.14338269659092626
2660,-4.014508913389835,1.9819050781263112,0.5121957501941997,-0.11917623389141309,0.3373749694344358
2661,3.2095471154677213,8.85413527809298,1.341928086253386,0.5569031981731817,0.7374077964064512
2662,0.010720194724503907,3.9394685014790363,1.3635714297755834,0.4691617404983117,0.91443694090057
2663,3.7758498952786606,2.641026988250252,-1.2786505686712148,0.5657442168772246,0.5166018355296681
2664,3.92872893206055,2.4440122655228422,-1.0076203135481665,0.5233761853204615,0.6027187264220076
2665,3.965316080870693,1.9651473771371937,0.6545758069135544,0.47652537261454064,0.36483211509929986
2666,-0.7481054279068445,5.84819767884274,0.8014575506743495,0.18795196537417852,0.46364784966851724
2667,0.5908268841714496,3.657174825458536,0.765285137662978,0.29330199723578504,0.48255254289861615
2668,-0.8266634247467677,5.612142962480585,1.3207786367537715,0.20552413672427403,0.5627536886007938
2669,2.1028325085155464,5.27497067965415,0.5383349124265318,0.30356746618834995,0.3479256960960696
2670,2.1490138576014535,5.332015447798612,0.5294328653062198,0.28831340111155823,0.37992851059161425
2671,3.593323571374123,7.3144601858519565,1.0484097718468257,0.36938263866916093,0.29333111438354675
2672,3.121398140651882,7.156057639491859,1.3833717575633087,0.4441411037366498,0.5001550295400904
2673,-1.4510041896834929,0.9295576065974355,0.7509593866104645,0.30295952757017974,0.7508593744795905
2674,-0.4517462402062981,0.9899204456564004,0.04372235503618667,0.2067293416784545,0.43682329350938887
2675,-0.5387540703121985,1.8224429367345554,0.32567722262067433,0.3183758745850328,0.6163077437181894
2676,-0.7350921907338394,1.9761425604897453,0.010034888184852691,0.32881942566977856,0.6457118087559282
2677,2.4504681350349258,1.6870222406211002,0.28978121059471873,0.5884562025221289,0.8740127868177369
2678,0.4671365790479536,6.6730420886660875,0.8058080448916617,0.2280873437190603,0.44448817668418716
2679,-0.9281519043417225,0.5774000485695916,0.6399324878352401,-0.2290680443193548,-0.3194329868372593
2680,-3.3301082493165013,0.9231841789395526,0.2189937885064103,-0.2625059879546018,-0.13467017722875
2681,-4.715035152117648,1.806397282550103,0.512456211123658,-0.19931295233903468,0.24121756928071542
2682,-3.349391553623209,2.8774816726028805,1.7656013172286351,-0.2511496814696641,0.021094135256538343
2683,-3.7497905982696773,3.452764162154625,1.3209778639078353,-0.2596224385377158,-0.003057666844172438
2684,2.1472727664973346,6.5327701632687285,1.1425229064612035,0.459099942750669,0.7639469665333171
2685,1.4094974507846678,8.12931839087072,0.568417723839454,0.33816218934851855,0.5092407770727809
2686,2.3735296718743326,3.7186578197384343,-0.46789663748801913,0.342717844818107,0.3333383693510988
2687,1.899181295183508,2.360583071603569,0.9110458226375109,0.09423566676989414,0.06140029389204728
2688,1.8769880227756937,2.559188779895064,0.9519860843329997,0.1170576463892967,0.002086539223181284
2689,0.7733730437653521,1.4638015538555569,-1.0119125388164465,0.2502008576305859,0.3175281817514125
2690,2.7131425683486676,1.9829854464390604,1.154591360006483,0.24479375196276845,0.13395408003292195
2691,0.8339255649392281,3.1079768537239967,0.08282015440640872,0.13784639044750333,0.19188702298328186
2692,0.20992474331869304,4.048222528957776,0.0984668900171675,0.1365611599378813,0.3242450701864658
2693,-5.64863886725445e-05,3.9423548949055838,0.0883326575859326,0.18562910601666627,0.2948998445165125
2694,0.9927884889511069,5.182736760948639,0.6050949955068232,0.12238385138401085,0.230871168964925
2695,0.32237879031031275,4.125492831677406,0.7676834758526749,0.12876894072483597,0.28602106140779227
2696,0.42350874907801134,4.097823130109892,0.833768798211611,0.12978840725787813,0.31764884193293225
2697,0.5257620801816044,5.186187449638007,0.7520111941881151,0.1773701805505442,0.29809503731875925
2698,1.4725911190876353,4.609759103414682,0.8242423979906217,0.34221513998966013,0.4927821144781339
2699,0.6063683407854031,2.5825094478478188,0.9999265651787815,0.4262357839721165,0.8566229451322137
2700,-0.25387264610305044,3.139209151477364,0.8960280832689844,0.36336885229623944,0.6459853426946257
2701,0.13182100864881813,3.3511211153947857,0.7607286856804024,0.321046899898499,0.6474143469640071
2702,-1.5994819686504018,3.5788393601358903,-0.031711270998875545,-0.10710780950390766,0.046342912656132836
2703,-0.9420764741699029,2.804660994663393,1.866614724222813,0.0532873216459106,0.28719800749881613
2704,-2.9613779256954906,3.050660602108233,1.4919946441423115,-0.07999599206893603,0.2591406224931263
2705,-0.6054644626854795,5.631197967729471,0.7395063761578234,0.17202028384564155,0.4106788509344455
2706,0.6098193758087231,4.413860587533287,0.8193292565071143,0.23225980355571293,0.47062137625721023
2707,0.8616176956072105,4.751587432334357,0.8216319929457043,0.29740663828730024,0.433690529166448
2708,0.383595651130872,4.6713484575377535,0.8911614414601867,0.1911796449508899,0.4205293449389075
2709,1.6018753443169378,5.14483437505931,1.0216950836645562,0.40694248873771705,0.622748174025033
2710,-0.17152733831961628,6.673705489719698,1.4697147165094786,0.19113105983094117,0.4360346224447317
2711,0.13973479313304968,4.79727429097222,1.54629640717499,0.14923481097406688,0.2954279557122268
2712,-0.36679994025017165,5.326637169984522,1.9992529984901342,0.3140279077069654,0.6792367563780036
2713,-1.4912355208359729,9.709436038452822,1.1177998061978294,0.26331349787051184,0.7299530565250835
2714,-1.2364678683703711,2.9421424960096147,0.04798757590176856,0.3078848472936359,0.7392354598730891
2715,-1.9249950836980654,5.608391592161657,1.1460018574765247,0.25278922433336504,0.7697669523007977
2716,0.4235916083835978,6.087870767081594,1.5277523154147008,0.2186759276812696,0.4960755052063621
2717,0.6984618674063763,3.5782332909984635,-0.27717128117268747,0.3060802307382508,0.5053022942243109
2718,-1.3556953380558914,8.04578556846694,1.7540025174829748,0.24037191163215643,0.6737098027692545
2719,0.4769410905770224,3.0383939488960277,0.816277873386344,0.0992613519570228,0.2171234913886203
2720,-0.7855046736746986,6.1865484816908545,1.0395579260714434,0.2817630254977181,0.7145538367013077
2721,1.618178052791229,5.676355027980409,1.2429717372284936,0.2914047062074797,0.419741297660674
2722,-0.8745118078929697,3.849157992581699,0.02482553831995789,0.2446327260018328,0.5336527559293868
2723,-1.059088210988021,4.091132182446647,0.5351601305560879,0.2114151236484854,0.5212444885616029
2724,-3.022752363707848,2.1887962881304124,0.9704094399987779,0.2716230674246028,0.9522611563173249
2725,0.33279555439230807,7.209771248340305,-0.06578217842757425,0.4807160233716816,0.8747281532958392
2726,-0.3542612481214376,1.5611167661984673,-0.35224080431572663,0.6168259135649629,1.2013328671083081
2727,-0.32761569491120773,1.6302694847763828,-0.07243528659112464,0.6578996948202177,1.2753514219065614
2728,-0.006606253119578849,2.841699376032295,1.6429417524541827,0.6120976617958648,1.1834075170468588
2729,0.8655483439721173,7.404115280693219,-0.5013054104569716,0.37324866535082163,0.6312390105560196
2730,3.4110468118139248,6.3275663755160965,0.913101779233849,0.3190542877599546,0.3018703718260757
2731,2.6754654431766425,4.807707316062377,1.0759014579446131,0.4144208522232108,0.5031931255815199
2732,2.0100547918920477,4.734327081278806,0.2236461758934429,0.3866139089467489,0.5471467903976166
2733,0.6954892652757904,7.776422386908769,-0.0498474560781222,0.2956994637934448,0.45935400365269996
2734,1.0681439757785203,9.12286631135618,-0.08576442134072242,0.2741970914032624,0.4400238907156996
2735,2.5598582543633275,3.284357055395439,2.4189644822308005,0.4117034050359619,0.5726770044301885
2736,0.6537807288316685,2.8757591483430605,2.2739753973401515,0.2723780507935236,0.5416256152132659
2737,-1.5750611056708312,3.0389568821869313,2.69957063280084,0.2505268485872344,0.687773633569111
2738,-1.5462917602091357,3.1551979097978,2.683997844860837,0.23449367003182817,0.6990340759971427
2739,-0.39925628654768797,5.632122274659379,2.294681781569283,0.24319849118014714,0.556927969712827
2740,-1.1976341601410947,4.388219180240869,0.4912893878390441,0.24816733631746557,0.6688206481457354
2741,-0.4786774707270995,9.101737445952422,0.3355544630525177,0.5351323743713982,1.1950483578809648
2742,-0.3132037633722506,3.768713950534878,0.4286467961978286,0.43350359460597515,0.9777310592860413
2743,-0.12432330847455095,5.329985888487195,-0.0789139838813627,0.3389143204535537,0.5815818496646914
2744,0.09508060667937299,4.014782755878118,1.6243040937789515,0.45293247591091274,0.7974923588362977
2745,0.044292726427147086,4.031446688448857,1.6132481366291913,0.4594471540217927,0.7877824262622077
2746,2.0466197345162427,2.403400159725604,0.06488570011778816,0.24624079124828122,0.14330604188640328
2747,-1.1389847538121272,2.1284262232818905,-0.6105154639101742,0.16574126282971605,0.537276288912833
2748,-0.3796669122229883,4.616909562232391,0.8765913417829969,0.07784203389929084,0.1893859405265403
2749,2.4264106104997634,3.611372718467346,-0.35699338524199353,0.4512477507786091,0.6410973720983435
2750,-1.5836110845973967,2.134137525267927,1.126128278366967,-0.07434846765251094,0.029471643211561527
2751,-0.4801262306308022,4.482704987811958,1.4473969108814968,0.052492690227661676,0.24136952342872808
2752,-1.5357271810146003,5.602622988130288,1.395113490225207,0.15032971487510116,0.5330255998679859
2753,0.08703913992003498,6.452325352583069,1.06142932086736,0.18547970920635942,0.40628744910734127
2754,0.32071919157621515,3.967614750225177,0.3927634926617461,0.4346376744456703,0.7557028307759476
2755,-1.2266427236528537,6.350797014752003,-0.6224372195102981,0.35612204689327864,0.881632016390197
2756,0.6423190989688883,2.497550634701583,0.640503676737593,0.6891200592681622,1.286999611226035
2757,0.8766130947391091,5.507928226364519,0.8854839022745497,0.10659406392857035,0.21334721051786695
2758,0.3424024848903944,6.182549942659916,1.1790225649083186,0.2897264082502524,0.566839429552406
2759,0.32149341359286937,7.043034369180691,1.1516145559829347,0.3225622041317322,0.6446350781087841
2760,-0.9823083223064399,5.708814303745135,1.2438413970230813,0.061755069656514214,0.26321189738982725
2761,0.3696064668493612,8.94774701643813,2.25064397859051,0.3066435645292252,0.6454948051627145
2762,-0.36231600564904665,2.632772236351439,1.7255706546426663,0.3362863520445606,0.7098394235704475
2763,0.2637905102723592,1.6094146300546979,1.0248196215186431,0.3852990521040167,0.7461337935880702
2764,-0.015527735984167892,1.7845666011781418,0.9454795180713728,0.4190011225757413,0.6331247109324969
2765,0.8003634091946645,1.739071289832294,0.711280732373931,0.2946668122303014,0.6319338793004585
2766,-3.6317290338866814,4.502065170609009,0.20541016001525658,0.08982876553345705,0.6455038333684718
2767,0.6378619717783863,4.758083336528459,2.157397377342884,0.13604688745406238,0.2422590716410449
2768,-2.947047660294416,2.971218990534455,-0.33943797418235394,0.193136210806453,0.6814296534326623
2769,-0.5884447041927492,1.7793086602973616,-0.0886538202735565,0.4037032773248444,0.7412276589319508
2770,-1.6979041125646142,2.7491108282928147,0.3501862942136311,0.335652832506776,0.7972788410573071
2771,-1.8087803748321962,4.048580869447855,1.18051621418014,0.1876140535088236,0.5679763309309044
2772,-1.581501042246231,3.860774174459324,1.1766759245820453,0.12534942842817762,0.5997346788287043
2773,-2.0397159051757887,4.521326654283187,1.121511992089199,0.15138771103617743,0.4718521679478951
2774,0.11128023496880199,6.034641887883385,1.230517775611379,0.3483903707493027,0.7310297128320048
2775,0.889196138039237,7.18294924359931,0.7171406951315815,0.3336505622172561,0.5729933732690673
2776,0.2439975823597592,3.9258885085955706,1.1083997014440559,0.0828915568932271,0.2153140475483358
2777,0.7818632417254852,4.77068988514507,1.1548867966849423,0.24835350976756324,0.417175111931854
2778,-1.9236600789465068,6.273693228631877,1.122692694196662,0.2717833707647161,0.7688814859436437
2779,1.7465215748549963,3.867249625602356,0.6567933157721522,0.18465907718740762,0.22302494892953395
2780,1.658262401753132,3.7881307098997703,0.6926586065058419,0.1907572512514511,0.2643519277772338
2781,-0.1851096713696887,3.9030441597541126,1.0471483165014759,0.4052089115206393,0.7739802214830372
2782,1.43009864963636,3.453661970514032,0.21061724461692874,0.542717935437364,0.7878251640236149
2783,0.4670888258028272,1.238353761241685,-0.059705131897879106,0.430991426607275,0.6493360844564592
2784,-0.024441273529385826,1.2931656662647486,0.8700673837419748,0.37814927157618383,0.6964912427972487
2785,2.152947289928313,2.9362810351841224,2.0024457395166224,0.3761283910956036,0.6085079969002057
2786,2.015325380841692,3.1412966142228886,1.9164617318513322,0.41211718251268303,0.5287487573701523
2787,-2.9125420326790605,8.50602897992367,0.7414281560463085,0.2207820956849211,0.8222268590766064
2788,3.9041600903161293,2.656006853458351,0.6024241837502778,0.4577530889195167,0.4162493751624346
2789,-0.8062082630039168,8.515858260834408,0.957589896072217,0.3265538443803787,0.7612207040213409
2790,0.28893813063708784,2.836814707934133,0.7634605057713604,0.13227670984756182,0.22262859059754117
2791,1.0784679014415604,2.3267070714215046,1.4213824731665072,0.23336104466156105,0.40275297672794513
2792,-2.340144625031863,7.898601758308911,0.7772053513956089,-0.011201203543050164,0.29656390012330436
2793,-2.409061860111261,5.324482059923707,0.6196693686392297,0.04136997811492022,0.41304116393237383
2794,1.5237099608446842,4.218119353795879,1.4536057346784603,0.18992338587445767,0.2447155437010059
2795,-1.6841837184083013,7.579855903855972,1.1165846191513664,0.14999044510685075,0.4687459763631402
2796,-0.9101286332712673,5.843871930884281,2.2391643244624904,0.2785060427985668,0.7308122784564225
2797,2.3005827705837825,7.041506353278308,0.29698240482501104,0.3919160091412432,0.5279456827340021
2798,2.5897918086718037,1.8894301042002237,1.5004093100334526,0.6150400965021664,0.9190234971178619
2799,-0.563942007219615,1.927291005085986,1.0266807835910479,0.47218021939599286,1.0115988663502742
2800,0.8088875129508181,1.9717733638742632,0.36872279566714516,0.20690944913457687,0.24368963148723438
2801,2.00234754393081,2.024086167348413,0.21493631123798912,0.22520247980049635,0.15868046577670789
2802,-3.2890764307895286,8.499419024316872,1.352016716528342,-0.0021538479137626146,0.4890455916281631
2803,-0.6133518275572509,5.737926740813171,0.9091454476330069,0.13847334790143573,0.34787113241273904
2804,-2.4718490453596895,3.4086732157325312,0.811449512715381,0.0602032396759726,0.578422488404375
2805,-2.174546195343701,3.1643870776373024,0.9182340958433141,0.1496166169587554,0.4848475529380127
2806,-2.7896740115960315,0.9765225642026871,0.5614024703497807,-0.14217486285576947,0.19351918274876043
2807,0.3330366419560241,3.9915663229064244,-0.08792511757833002,0.015844303377991118,0.10673831282556401
2808,-1.6660655616065183,3.4602933344455336,0.23327966987519208,0.10715752998993597,0.4398120379280864
2809,0.24371998389787422,5.461075632442975,1.8013527188698404,0.16956992830000014,0.3792843025071611
2810,-1.7235270240288787,6.861663217589184,1.2037897437637228,0.09462305515935236,0.4677135117677155
2811,-2.8616432368365188,5.298505241483881,1.133961314909163,0.03648997578240944,0.4651156479854653
2812,-1.6410787164106597,6.588159447524151,1.077432658867095,0.02322780689282232,0.25093528934612586
2813,-1.6123540532136722,5.135038218867929,1.6891878929751911,0.25008161993862194,0.6418160087718237
2814,0.1831134975898785,4.3071968302478725,0.2750590180979615,0.15299119847660073,0.3506843591957619
2815,-1.0981122271335055,1.843116231452178,0.6183551057053626,0.38400001919680166,0.9049649138017568
2816,2.1247199657603786,7.342548758782202,0.6961251686567763,0.21329611089032777,0.19436664664445752
2817,0.08024594067352772,3.4197323887176476,0.7566814750880931,0.18535422318246264,0.3926918938102398
2818,0.22853718548490043,3.5201787531099082,0.7949049267225803,0.3854231396472418,0.7480441631514695
2819,-2.4841391090164846,0.8497102144477889,0.990161700073394,-0.3035156041768502,-0.32045518022084124
2820,0.20917095288112014,4.460050039307184,0.3568245697244442,0.19562150043436788,0.3702836003112789
2821,3.681169143045159,3.6900937391880655,0.1691327452844169,0.3089029109315673,0.20262816915842233
2822,-2.0481390245261064,10.191854532107286,2.8097739240229562,0.39688222116669336,1.0491179829452686
2823,1.9347388184870231,3.9522410543704836,0.48539735636057435,0.10864861845211575,-1.263076229697266e-05
2824,-2.480867577886754,6.650782892012607,1.9825677742877676,0.4254812259077698,1.1069140636456083
2825,-1.0547551856049724,3.8471972082889883,0.1742228393594726,0.32145249073844817,0.7860355347459754
2826,-1.2845638645413773,9.901902405457244,2.0187266196573743,0.2157496474871513,0.5964699543480696
2827,-1.304409769233525,3.9155634694620414,0.3363855595715994,0.24534889680704783,0.6322692382763035
2828,-1.2884796676133967,1.3852459486370003,0.005753350644593795,0.16437497996041223,0.46023504728197057
2829,-1.426045006665645,1.1294232840693332,-0.45792676355886075,0.12868272512880025,0.49404107779163503
2830,0.6929150446029835,3.548101171278498,1.6860138402466522,0.05089634438451433,0.06686075238231501
2831,-0.3640453826160231,4.963580963183538,0.251029290317009,0.37192639793062104,0.71945303918736
2832,0.1955169938064514,5.854971440161637,1.1736512616884032,0.34793147120559603,0.6258666132227544
2833,0.16788960165892633,3.7313059453717345,0.4273994762314165,0.029423195646198542,0.0660294333319409
2834,-0.8541909009099549,5.425490696057667,1.3442767323538356,-0.11380256972365921,-0.06708109572861704
2835,-0.7444566450969657,5.557048083337427,2.1674097280778795,0.003904186650305156,0.2096001641144494
2836,-0.666595497133148,5.761331223275948,0.33374938103565266,0.3923036544040545,0.8335505407024175
2837,-0.23745537882083015,4.301181713934933,1.6235969490078923,0.4131716689709632,0.8170798161428664
2838,-0.9545463567400305,4.459588900947292,0.9394633373074832,-0.04700291710316471,0.07497959941186716
2839,-0.10204499851165834,2.6735107250342436,0.4394159042629001,0.1523911489502421,0.36800298778945467
2840,-3.0851239707693847,4.416044639684407,0.8545666056644332,0.16152935625586626,0.6663441942143262
2841,0.5169784773387849,4.133482722010265,0.3538165307192968,0.21951845022577243,0.3696523990323708
2842,-1.7811553640140012,5.061298806128918,0.7048917180505961,0.11134016007026479,0.4718361505521623
2843,-2.543418221725156,4.6246740525285555,0.12250683272733685,0.041947418150236,0.40383624838896354
2844,-0.753565862385238,5.1009287792001965,0.845963355684224,0.05334298873287781,0.22934095963905635
2845,-1.3522699104244003,2.8722975683803864,0.5858505735428782,0.01586797434159197,0.28165604870487576
2846,1.6443342444950426,6.772423315627093,1.5820279246414186,0.29856432000681454,0.3870160966551838
2847,0.2569269678913947,5.944656434436214,1.3356898082430648,0.3312629031229156,0.6012152618357546
2848,4.447505320353173,6.678011031405922,0.14856792687294634,0.7540504540239934,0.8792552264976555
2849,1.704674410652217,9.150677262787653,0.7367819412055303,0.5610112906901433,0.8635376439543119
2850,2.351850246785648,3.9635121529334203,0.6200521739037101,0.21173243100061948,0.23709875427951735
2851,2.2347512808251366,4.82029000815709,0.7313002114162692,0.22533732270674484,0.22473076727073987
2852,1.1164867905358353,4.9995754995393265,0.1419607763896026,0.7196603969041511,1.2795559154413572
2853,-0.10839732648705863,2.6400057232132728,0.1939660754271502,0.5565376661374268,1.0797271387344458
2854,-0.4812972693865533,2.20113526619021,0.3848947373986423,0.5307538819154911,1.0490048543462585
2855,-0.9061618264984155,2.0028161092526453,0.5971008095467831,0.4639400684416524,0.9726139080220967
2856,-1.6074866681325672,5.0564397282106714,0.54696871864131,0.35415535756766375,0.9354658830875179
2857,-1.8984066230884185,5.429078084045695,0.4738728345634921,0.38859371080273486,0.9711212897662743
2858,-0.421746692989994,2.6221651008498794,1.3092811611188535,0.1308265766368891,0.42494321333556245
2859,-0.3390578497734675,4.213375314403134,0.23203354612284435,0.21610844970109477,0.5496564538258419
2860,-2.0992683626053874,4.011073056141208,0.5407422941173771,0.25498423675005677,0.6821060588569158
2861,-6.016856226100396,4.044956043511983,1.118220394753108,-0.014700619156643393,0.811096700986297
2862,-5.089161240666601,4.175122006222622,1.0689601495159982,-0.06600315774883277,0.6048737210628119
2863,0.6608616595010168,1.4426536951031579,-1.5902701111229967,0.508047776081276,0.8567875029142971
2864,-0.16124169283766127,2.089230566223979,0.8768313314709246,0.3252603775482817,0.6137977695503322
2865,1.6447694626988671,3.242278086723673,1.3185175459637293,0.5610085876296561,0.9758203933644009
2866,1.732052503407603,2.4115578813069307,0.8471840349864483,0.6816762435347147,1.0202933007876962
2867,1.5336490637852516,4.525929086210387,1.1450843495782665,0.572444031640635,0.8591086347327634
2868,0.5414900636650898,2.1310992662670976,0.29527907951426946,0.450615121243809,0.8312945886675733
2869,1.0674678122240269,2.978484275772148,0.9802868208475644,0.2906640229220692,0.5129388129434543
2870,-2.4552335195404567,4.699909724486854,0.20707600446406704,0.0792857959595661,0.41782253308632983
2871,0.5966725829229564,2.9969728255114156,0.3673949719155115,0.33422737561158955,0.6460305038606422
2872,1.266910721224568,3.8016656011983785,0.2556123482996314,0.25052833566824956,0.4507515560891735
2873,1.802463315668367,3.813133543781693,0.15300711345878773,0.35750918511112934,0.5415616808955509
2874,0.3591735591396547,6.707243325148549,0.3023766539062516,0.3771662351281812,0.5995247034925393
2875,1.1292263766406352,6.129401642634161,0.2807462390844706,0.40922686677508535,0.6349000521922991
2876,2.8746073550288465,1.0945471958894437,-0.3026500329162007,0.6047129337541857,0.7291341369510387
2877,2.6989895863753306,2.172645154043996,-0.268991352798362,0.36748432780884094,0.3679934436865789
2878,-2.1585338032670847,10.420157054036023,2.1837937882227125,0.11760771042728382,0.547429482244229
2879,-2.2720909501171414,10.1296381221042,1.9664980822614673,0.11226519137172936,0.5234635295028417
2880,-1.0875171968248396,4.1913523564694986,1.263900421535874,0.1125443451550062,0.38233441077918434
2881,-1.2330718909190224,4.259897038827288,1.0749663781638326,0.07349486281593015,0.33752562083227794
2882,-1.8602292318711986,4.200172218078646,1.251378410644085,0.02475123681407859,0.2765848320960407
2883,0.313492238981724,3.6726455426331364,0.6142953992483086,0.2999127972849413,0.566641143423087
2884,-0.962959630052037,3.5120526283452578,0.3782978093369172,0.24174269426748918,0.6349072761157901
2885,-0.8522802824429834,3.2706993262085993,1.220630479588433,0.1434213076827214,0.3885186245933633
2886,0.5195615929131012,3.225163309198415,0.4165147714810249,0.08413176268452381,0.10793966691270422
2887,-0.2313030466641578,2.553288929123904,0.7229141511506436,-0.0055277251736789166,0.07751873598285072
2888,0.600802991882179,3.2526784678037934,0.18229023111128523,0.1321429557081631,0.2133173157890863
2889,-2.240420725181437,3.347466752152562,1.360428381987722,0.011987405261887855,0.3204729970166018
2890,-3.70173167233255,3.960826220199311,1.2971267156093442,-0.10304578290516249,0.2566304828635615
2891,-1.1913103010745583,3.1106685725099528,1.278872631720288,0.10049515119353825,0.3693400546021407
2892,-1.0146783655663243,3.0868563286921864,1.1668699929352786,0.12150116689464428,0.4169573570277624
2893,2.980945812605783,3.3899032261605027,0.44482781160113566,0.4742516905307145,0.5696594946979477
2894,1.6418121369978065,7.013913969665067,0.5218004778853933,0.4971361748361035,0.7673947031206636
2895,1.5160629146405786,2.5894203735076204,0.6707398938788509,0.27298797529988517,0.4373671281260386
2896,0.13678532171932786,2.0183169304427664,0.8397523741123353,0.3670203528298721,0.795083652162226
2897,-0.1324454643407004,1.6017850408208896,2.0847090682538605,0.5956989049524782,1.233229976769277
2898,1.6727256483930346,3.9047594184178833,2.378717953515465,0.45297039000547523,0.7242858877128867
2899,-0.6825126061263074,1.4397302558716312,0.8084005295392322,0.4301175025383157,0.9446354345911174
2900,-0.8350270248132615,1.378194771734757,0.23954552794497805,0.024425722868529964,0.18676859368074908
2901,-1.942231470539656,4.222147937933271,1.1054321624679682,-0.01174187241646672,0.2490656601260388
2902,-1.0181102701388762,2.640114885553177,1.0803404575059536,0.09960022528910366,0.4233508343262599
2903,1.6312609458503473,1.9636075463521363,0.8395239727137653,0.31946686871996516,0.4398999874565757
2904,3.3400954984390574,1.5459717449826178,-1.671374826773904,0.16267674102057675,-0.06108442425228287
2905,2.101800068547402,3.8594902085250307,0.43837928539228366,0.18492475370489977,0.16165293363017283
2906,0.25367063258172756,4.4452771522855645,0.5362451508790808,0.10846514936400718,0.2628441028163678
2907,-1.1461080326245385,6.093165973076435,1.5005293566107465,0.3369513532929065,0.8658509635426767
2908,-1.1467210082360062,9.43928507596928,2.08112271206937,0.18874098501108608,0.519989782322036
2909,-1.2885612626606189,11.680220866631897,1.7387970382851334,0.15485452971236108,0.5534828884570401
2910,1.4646747698602443,2.962021586127412,0.8315669674925715,0.4206615563239275,0.5854753655657313
2911,3.6743502164738735,0.9627563955912571,0.4317599090626647,0.29307791424099927,0.21579959801600587
2912,-0.6795558132688178,0.9504641603146806,0.5880809944443328,0.33296011353512467,0.7288715075281098
2913,3.6677032876095157,4.0542894920086905,0.8464836570290265,0.3458086613684627,0.334770452427173
2914,-4.461187653172385,1.4909205989119725,0.37546224111289134,0.0012377334573999439,0.46486066311039803
2915,-2.2471304703093575,5.07864301051113,0.9719054372882807,-0.06847784238073981,0.2574995423827413
2916,-2.392903410238752,5.033687169100646,0.9887666811622009,-0.04903397779651991,0.22068602441090193
2917,-1.3087325509632546,4.432986459059599,1.6554024319370158,-0.17355193788061293,-0.062189533487295494
2918,-1.3517909579232699,2.1952371043577323,1.2763663408606185,-0.06780755712186118,0.06374083837958296
2919,1.2266655543543719,5.154716840059222,0.2501862227750025,0.5338640747452443,0.8360560070532556
2920,0.8441940369329562,6.436513462268718,1.5731876260753195,0.24157710724920117,0.46619230410480594
2921,0.9862854530467802,6.779654210683768,1.6411224487186462,0.23326666758654255,0.4409445128585671
2922,0.7925230780679449,6.321001126042116,1.5124700954830574,0.27730319415104215,0.44825131432453325
2923,-0.09644550999817339,4.502190774838296,0.4859194701786315,0.2579910670906071,0.485823161605996
2924,2.1940860087834446,5.89180837040956,2.2240615923982188,0.4972175561656086,0.6954521924993627
2925,0.7081608864289582,11.3738698071632,2.4654586617577774,0.4712561002927017,0.8375497550996597
2926,0.7583972093320853,8.966133461146287,2.7032059112427085,0.44220600156254636,0.8852228930141376
2927,-2.265588001137323,0.9790703204720648,0.2960982161737336,-0.24339781391981577,-0.0727408401179031
2928,0.34291398976153026,2.412582718546979,1.4670501486815215,-0.22789006823462304,-0.4710684177381423
2929,1.6479071244974552,2.502790191714936,1.6088146912058094,-0.04522623891744336,-0.2530567475248569
2930,-1.039079748805601,1.6785278892383557,1.7892962188274653,-0.03331392062170727,0.19447503194738372
2931,-4.954632520524894,4.445283850936814,-0.5083967367194956,0.0005140618536264087,0.5803440860818951
2932,-2.2879310735035854,4.163504372232114,0.6296049383491013,-0.08088213361922854,0.15351783662064547
2933,-0.14860948315639363,2.264923190565876,-1.1267809569731146,0.29326342503601105,0.5437202443854111
2934,2.3316905521754263,2.673623110637825,1.8433504613867862,0.5003026899929096,0.7315874394405035
2935,2.043912631920045,4.918822308493215,0.5669645655974452,0.6376726529982851,1.0766674471303634
2936,1.388809042415271,3.911244937547708,0.9262058665159195,0.28237336129541196,0.43979710973427394
2937,2.22046012616987,4.511934650961168,0.3280854635977571,0.37637375893526454,0.46466047949878375
2938,1.9005590411087383,6.886668529326345,0.6051879790908802,0.1459369251293555,0.10809482773935497
2939,-2.095612207342593,0.9683655019426576,0.33522237583885267,0.1565285392778961,0.6000643678815182
2940,-0.46392179825166335,8.198469865027647,0.9100833306647073,-0.1138747963932116,-0.115613832415439
2941,-0.46327410211079606,6.175768900633981,1.4736179832812952,-0.08133827498091159,-0.026413017607597386
2942,-1.2006621452465478,0.9076450608070591,-0.30199472257058363,0.15461951353701733,0.4349104586999704
2943,-2.4654790799520865,0.7784274452001714,0.03144819497214096,0.04905885824735469,0.352424042086679
2944,-1.9610873225470815,1.826666378476903,-0.09922287141654046,0.106239277138528,0.5339578979919402
2945,-0.27715429129695196,5.80370033091925,1.056463596071559,0.013649545401768163,0.12394016701273414
2946,-0.48594815180799805,5.274475959449442,-0.15500460377482952,0.34586988535980895,0.7385710747928544
2947,-0.4563282753747734,2.7917047471679766,0.10121423675140497,0.3073718265862892,0.6707525096448484
2948,1.8567219719299097,1.8934013102248362,0.9826467810274144,0.2831387619760379,0.3501906274833708
2949,-1.5000232854554012,3.0023778217835924,-0.2752364874292072,-0.034860968200069974,0.14242458500079902
2950,2.9527411717283716,1.5229361326399864,0.7493668283852375,0.4596690814064543,0.46774139727648617
2951,4.060440748747751,1.4506589594144002,-0.08166320895778226,0.5240396979837271,0.42894281670811174
2952,0.0955212936297696,2.055343128344334,0.3861672793929724,0.2892346251901125,0.5255939767911225
2953,1.475728599626249,2.5850558245293045,-0.03476184780056951,0.3662246307675182,0.5009193698382228
2954,1.3470428897777897,8.709256103324531,1.5136517370330294,0.4226341099513548,0.7068076652616948
2955,1.6022436576209287,4.864191479087431,1.2480353067817174,0.5021962028818213,0.8130028857205792
2956,0.6835408971376618,5.6535307103404815,0.7485564983585024,0.37366352114629037,0.684260867611546
2957,0.6721577993761347,3.2388364320639544,0.7269600011228806,0.43960101322084444,0.7520312191154916
2958,-0.8851289441521648,5.134666629670005,0.8456174816557309,0.08509367550543208,0.2925404378217497
2959,0.3003016607395396,5.6845039351648925,1.4301557165255858,0.2918611136924016,0.6004472175452894
2960,-0.19720867032390907,6.851211872008412,0.8043626877866346,0.18650335321392006,0.3984151553668387
2961,1.601533130289312,4.986718066925502,0.27152154678208035,0.2991439017912607,0.4055677219767419
2962,-0.11405622888300597,5.114324392696764,1.4303571876885117,0.30901920460869164,0.7170013696244267
2963,-0.8597828435633365,4.622205384363853,1.5190750196419955,0.15459946861708573,0.3694750023729234
2964,-3.2678922763197535,9.447459852948512,1.8226532578023187,-0.13761373961899306,0.15571880996762658
2965,-0.511861461607708,4.839860441562509,1.8270547699564377,0.4717403146777301,0.9181710845394867
2966,0.3516499147815218,6.240943585735638,1.3732927694748656,0.2829095922584626,0.5775724231667322
2967,-0.46376800134041346,5.827571123194541,1.654078856143291,0.3433396471841677,0.855591277743554
2968,-0.16106830729510235,3.974521622795666,0.6799465883699517,0.1040812010665388,0.19034351083368753
2969,-0.8193651619580559,1.5254114299055133,-0.2948922695965722,-0.22070869198188506,-0.3840713520161808
2970,-2.058439044288658,3.0433800369266035,0.16447253813879942,-0.16077123438392232,0.04062534346885459
2971,0.08286842947435669,1.620867121491551,0.9855199381915438,-0.027789511650615852,0.01579315214330066
2972,-0.2899457766574017,2.2292514235193046,-0.056470287003188666,0.05853099756714223,0.1621770263048712
2973,1.4195565501048073,2.301657576292045,0.13237714684170002,0.21772592847176883,0.22253626821864209
2974,1.8557726374933938,2.5612756680593156,0.6735734701807778,0.026052859289768728,-0.14712232506078157
2975,-1.648710169100447,2.6316084547064666,-0.8352063665903114,-0.0325308488883925,0.2764842344008165
2976,-1.7892701820888595,4.476974399980377,1.9645621665139323,0.25937598097265235,0.8462084795013277
2977,-0.19026701174046798,2.154145397076594,0.06770680122176456,0.23214281391523373,0.5747080983808284
2978,0.2711733598634562,4.31504645836838,0.397590998659355,0.29468248116879003,0.6223647277129435
2979,1.2009407275572668,3.8818011519886237,0.3885737694404931,0.23647925868939723,0.4407005250904555
2980,0.8275085496008423,5.37217854889149,1.1296985672096858,0.3637956150847931,0.7644391548016009
2981,0.8337649303016287,5.401996403464213,1.1277241830385674,0.3533930689812404,0.7605365802185078
2982,-0.09076519512067131,7.338696873430772,0.8997163477891597,0.3993827656207972,0.8657503662857001
2983,-0.5293302987711578,9.71795716949155,1.846560195037553,0.3001274617040159,0.6666675654897057
2984,1.5931897174822638,5.814877644205989,0.4425546274291681,0.24567414403325577,0.34950468666527296
2985,-1.3208133003912093,4.847329005652729,1.5917896180416429,0.3708874874395481,0.9016533511668243
2986,1.7981925521346522,8.906330447055566,1.136335913416029,0.30424427368233037,0.4520691282273283
2987,0.8125893211732543,1.0413290270938564,-0.43733046426102407,0.31863785518916327,0.5517911072156086
2988,-0.15075724820249098,1.889576019759237,-0.5809608186465293,0.17309954164779429,0.3924547988774186
2989,0.3759390988286355,2.419154220933612,-0.06216425796180045,0.2524825615234312,0.4214155084675331
2990,0.52370201390594,5.531326397404016,0.9348399493861927,0.39670204355166305,0.7152364060708531
2991,0.17198340106821228,10.54109794676191,1.5133733995832033,0.411749970171953,0.7964138463028494
2992,-2.467209760129531,5.559054010296467,2.1494498556295207,-0.009541299556850194,0.3692199228600027
2993,-2.7714107485278823,6.218467181838359,2.0919769319973884,-0.025084132766297965,0.3202975776848175
2994,-2.6774209567478544,6.349010649610854,2.097378575741995,-0.0591978116365758,0.2757812963779501
2995,2.087010296461607,3.1156837900335814,-0.32690837294850167,0.4103018359598779,0.5491697433769196
2996,1.2983398835896534,1.4133128546324163,0.6652958972197756,0.5300543805691227,0.8086701165283513
2997,1.8972389988658334,1.4631793548025356,0.6630988785611711,0.4873674691213663,0.7372796113088502
2998,-0.29129537117168286,1.4475606916125128,0.3277076253357121,0.3788727462097952,0.7699456844020135
2999,-0.5867865398415112,3.246222848656798,0.07931551999730953,0.18838766655894584,0.43325475447944484
3000,-3.0592394528333466,5.32249935112983,0.7375065792145781,0.1383488467594679,0.6328206051388279
3001,-0.2272498226806576,4.941561071086832,1.0476246208059807,0.11004697748050057,0.3103053770581154
3002,-0.5064815495210594,4.3670296801034025,0.9472308007775025,0.10979765082468892,0.32882024347877203
3003,1.0554968766609567,8.772888287173265,1.479351018309759,0.4237446340761036,0.7036684659242574
3004,-1.153662756047565,3.748443522423219,0.7803804875693021,0.07532137332361062,0.3039075010356024
3005,0.3204417702137568,3.283287899853726,-0.1788176025038096,0.0322320494151804,0.0856513928929109
3006,0.3635980012665344,3.359560480694741,-0.2427769318304449,0.034378554163767526,0.11408173057229494
3007,-1.352510633758963,2.1071664614946517,1.741116209310153,-0.06319286056135696,0.14404284565230174
3008,-2.6424743796115893,6.292474813272297,1.2948829403576048,-0.07924561186179076,0.23086368526455484
3009,-4.099049879770455,8.416050174932886,1.9892924728442625,0.10496233679130133,0.7425104657850913
3010,-2.9222986307819245,4.435650103244507,1.3417321125960684,0.07608759153258535,0.5476472662259073
3011,-1.783251112689159,5.911803552027863,-0.19164315562362794,0.12400505029512714,0.4681425871830659
3012,-2.164166365936515,7.768477744956345,0.6881007201758087,0.05019148057181211,0.3542941012792316
3013,-2.108708358190583,8.790624978924246,0.24950816220246322,0.038372529893600404,0.39095521891596263
3014,-2.3813980133628583,6.613746252604839,0.3851035459732633,0.06447250243438875,0.3941543974310514
3015,-2.6596311461612507,4.048333709486206,1.062510288555935,0.0870642689821752,0.5574382467193237
3016,-0.059057933692568794,2.0466040393035425,-0.2599614013725222,0.17864288099234923,0.31536294601352244
3017,-1.663578035734966,7.3206673994447575,1.359358723381408,0.2266845347799189,0.6134808739109432
3018,-0.24912947365603846,3.5973311502667467,1.3780496041753476,0.2956965031496071,0.6090625327030181
3019,-0.4056553078725537,2.6871914148710485,1.4725876383826022,0.3093915769915349,0.6487229069844916
3020,-0.5480284489878001,4.970314040647764,0.6144101998475482,0.2071239314883543,0.535823296372261
3021,-2.1292332729294676,5.730148982467017,0.837492689791996,0.04042717532254135,0.42517443285217527
3022,1.4504227556306,3.4316730433743254,1.9943629129110678,0.39151673891707733,0.6066887972815066
3023,0.917212413480132,4.8230929932853215,1.3144129395062765,0.2818952597581852,0.48806448856971263
3024,2.315234153574013,2.8062470331886953,0.40788927378095463,0.2660776017304732,0.27125158723653814
3025,-2.786992037358224,3.7643271988518516,0.9424411066209307,-0.06417492069145239,0.27728279102685044
3026,-1.2881123812532784,2.568913733616705,1.4589790892471517,-0.0684095957700695,0.10208601485590764
3027,-0.04711551788988217,5.03890527653859,1.7849056797807594,0.3836987988307106,0.7297212657212202
3028,0.27314760630858426,4.710019660910609,0.2230857599536817,0.22734446754385898,0.41765967076025323
3029,0.2166381449453243,1.8836005397684235,0.599683512435277,0.17938771489273608,0.29767379707227554
3030,0.8325864997487504,3.960460538337201,0.6950129036173894,0.10512226916456187,0.12655397768934457
3031,-0.08771715585504611,2.5613367414483257,0.5673196981749049,0.13021281716157887,0.2256034122624649
3032,1.155906778728017,2.332089284928136,0.6263566461055696,0.10489818235175043,0.24140746736080723
3033,1.5415857291199782,2.5465434782714778,0.7764264664458921,0.18496267459712565,0.11430575936319562
3034,-1.855098022373238,4.293293305229371,0.9140703054512025,0.14292742559482374,0.44398745559804226
3035,2.6545757592760593,2.1953023811991677,0.7225319275910805,0.16836887128087707,0.1348551928017134
3036,0.8868636491681662,3.0131639695406682,1.0962009731362874,0.000752765251875932,0.00580404773830607
3037,-1.437969035246273,1.4351768703477712,0.5451693069008974,0.08352289833270177,0.3845351053130535
3038,-2.679661470342023,5.014037545416992,0.811378784068256,0.1534055805520149,0.6348392521321375
3039,2.3253935167574795,6.809377807406831,0.6194993256801223,0.36975467960282715,0.4722234555435196
3040,1.800208704344907,4.900413339014001,0.1647764304816494,0.36695233675205946,0.5338858919517918
3041,2.557312739519526,3.8605716680238515,0.21749711769362745,0.39162750561676346,0.4710697324715097
3042,-5.202517475447781,5.644392480028756,1.5476539899550719,0.07749651220493643,0.8288024386225006
3043,0.6614457248240262,0.9056708944833259,-0.8411366837655037,0.41603058319445524,0.678440295316309
3044,-0.160412030776708,1.8557744917093144,-1.0244662982121941,0.35379159644005165,0.6970391261615653
3045,3.3332951797121617,1.4756918119150129,-0.060674986733853714,0.48414575430352114,0.4633731630998446
3046,-2.489312127968714,6.265432828628864,0.4105420498556673,0.20762486083455764,0.7660134152933646
3047,-1.9393166087796931,9.850518098334287,1.2560471861810898,0.18838571150385003,0.595223803005668
3048,-1.4583541527513306,6.064398489948438,2.1740915721876197,0.12474516529787957,0.44557651196930326
3049,-1.3549026695198123,6.220965154659619,2.180181624354033,0.1388097344065977,0.4608962178076674
3050,-1.814894724844014,11.137381007707813,1.55152833729409,0.07856442272654858,0.4376980816577559
3051,1.777899980034794,3.8509630088615086,0.46265348661273187,0.08984059590704357,0.006958321914908411
3052,-0.019079250545312624,3.671114338197096,0.20458703225770775,0.16836965387557318,0.35539766417291707
3053,-2.094542736212436,3.3161392110165915,0.1412419131472516,0.14851057414841848,0.5607784286701433
3054,-1.9885462066634874,3.3617786621964516,0.11167609684857034,0.16098605031992094,0.5483807174014624
3055,-3.169339334067604,3.510719739224138,1.9975192843152276,-0.1594337419834087,0.12602790580387213
3056,-2.595311118001436,5.750561197323766,1.5900200439265564,-0.22023562930467522,-0.004179518287357577
3057,0.978223217021425,2.0828858115427784,0.8366881248299121,0.17761555095868373,0.25454090006795
3058,-0.03038187588050304,2.414249164791808,0.76331618814217,0.07955758315574527,0.21516622396136734
3059,0.46440995518696476,4.614577121193108,1.4611055878187773,0.11362862705157259,0.2446251561806401
3060,0.8345304322930761,5.432733207066318,1.0047426699117692,0.2404744389360836,0.37773600417224756
3061,0.17530388357180698,4.72114801934959,1.4080373958122332,0.2429068381657132,0.4585252898873901
3062,-1.5992246004052029,4.249192404187661,1.235607416774126,0.13074042075801137,0.5736153339441478
3063,-1.7044119236354687,4.010849105045527,0.6829554629224522,0.18926490308034774,0.49952553309465164
3064,-1.4752493732276921,2.829140513658414,-0.49298483644985264,0.5526626520405508,1.1850577242660838
3065,1.3950694749852246,6.014323649622773,1.4147101350530218,0.5841832940654836,0.9537799948601411
3066,1.1288208488970901,3.561862011759727,1.0133982319656631,0.45100807885965344,0.7183183943884701
3067,0.5617744552621344,2.734434514105633,-0.21548599805983604,0.3768750243143246,0.6865224365203003
3068,1.210858136333917,4.220010139361908,-0.2231262588346263,0.45844469693639667,0.7081512180504943
3069,1.3842433459558472,3.5698401610960073,-0.12967568022964523,0.37888211496338875,0.7034403341216467
3070,-2.4224935848958378,2.508799701799641,0.9199559312544145,0.25463958409081766,0.9152494717966204
3071,-2.4060043639986906,3.0654262161746852,-0.11093918212133465,0.2479034842301371,0.6559060599920641
3072,-2.3172213566129027,1.8929209021615923,1.1603036598411869,0.07418513973794919,0.41976199445960954
3073,0.8856398867623186,1.613419429430461,-0.3750364882065106,0.15406440522649065,0.15027043225883646
3074,-1.3787631716941016,0.9351836419222516,0.19748991907235322,0.22085663006967965,0.6332253736534391
3075,0.7636500442195125,4.492391940635237,-0.3532805186628636,0.3736300618718007,0.5373370700058602
3076,2.551865509322057,3.2980069576049433,0.056514605567527326,0.7308664436412493,1.11749250469881
3077,3.9084374888033877,3.64584575906863,-0.31115717266397763,0.6566188318141796,0.867236917344667
3078,5.0491967064179,5.92151099937906,-0.16378535233889555,0.6990396586460836,0.80039826606873
3079,4.3669206830625775,3.1600321869141954,0.11260823711529591,0.5701818348675144,0.6388211023780365
3080,3.923358508585893,4.281453727938624,0.7325224279171533,0.43963651638523027,0.32496305771610057
3081,-3.0330986488268064,5.385764517738545,1.0578893976746666,0.29143054509470817,0.8568477329882098
3082,3.457135867400816,1.5264544458613396,0.2856886800524897,0.22353862966833826,-0.02668640478550189
3083,-3.608269646363672,3.7459373030770777,1.3243322780940494,-0.19739791103294396,0.18943198351963603
3084,-0.030736793509769503,7.872144143046504,1.3399205261203981,0.16823913792993875,0.40150194768414266
3085,-0.4495444553269923,5.081573924990623,1.0754927027475059,0.18188614177210286,0.4433794811891129
3086,-0.1521363886230814,6.332541729340033,0.6716065626537789,0.058720432062821064,0.20174792564722266
3087,1.0939779687571447,4.41936034814261,0.577948369421139,0.43856735325629287,0.698490020053827
3088,-0.7950216361334255,3.2069115236109886,1.1857547477289043,0.041049769286706415,0.2480953613845414
3089,-0.10462878462724058,2.2329897618300127,1.2818335786389776,0.16094224311436142,0.3293383075299859
3090,-0.19559957977456643,5.440505924691788,1.6970122053975194,0.07341886071233925,0.19293761076196558
3091,0.08416520184148349,2.9313580745289625,2.29858658916747,0.2387484289418586,0.5276417267462483
3092,0.05534068200391361,10.147829360374878,1.2784809794186558,0.33704838001148446,0.6727440947406971
3093,0.14306501123008966,4.532449088335022,0.7005880608341636,0.43390700160922896,0.8441309627468939
3094,-1.6542079872796198,2.8082542620378304,1.3974855227537353,0.1979531198740478,0.6160341485467427
3095,0.2839263501324951,3.784638367770077,1.7097411225096817,0.36952672376660955,0.7087262605100992
3096,-1.2895261103996394,3.8074044535711353,2.0552426308461227,0.17280120362622878,0.5231761267105941
3097,0.8217856140745923,2.6175462563783825,1.8783653575803532,0.37036637366211195,0.661727865009512
3098,0.6201689583103677,2.630880580066588,1.7589158263464284,0.40720841737419644,0.6707810719355543
3099,0.9933349947784836,4.680053211674038,0.20985515724103457,0.3354054618862485,0.5459399281124255
3100,-0.9397259078179324,8.620035936549474,1.5740917598957846,0.2265457447670847,0.599785790459567
3101,-1.0162593613859499,5.985057456088204,1.6582133862825443,0.2344916213441041,0.5835365021775412
3102,-0.36232520864247497,4.190686896168442,0.7512545741314041,0.16877007089011936,0.3769635218861925
3103,-0.6013168261969484,2.4732420625267015,0.984065767007292,0.16248372978722106,0.43069469936677757
3104,1.494985252019708,1.8569371429108672,0.0882144156243726,0.3556866608782346,0.4370313147963388
3105,0.9590762126630855,4.8319569076772355,-0.3040036139587869,0.3357521835013107,0.5949616523159721
3106,-1.25568432845139,4.083996762160861,-0.5065957915810293,0.4933667215349434,1.0699543368686213
3107,1.8099480337366927,2.642598190130165,0.4929604363111128,0.4752693644465538,0.7022438708240197
3108,-2.0098629797862415,4.102238365307055,1.5763254153154305,-0.17868474570191614,-0.042738306254265446
3109,1.0394154812785148,3.0192343241505295,-0.1805468694144561,0.5855501812292251,1.0184926561030292
3110,1.0189349019759344,4.7133135205657615,0.6088386729902452,0.41087627707117924,0.6557345436719185
3111,0.6291668386351682,7.418354821803601,1.530101867793977,0.29428422589135894,0.4853978480705646
3112,-2.3807501669754827,1.5110326650771537,-0.1651595523828237,0.21282375467631975,0.810270154712935
3113,1.1178827082494938,3.550000021025337,1.63537386083103,-0.0604048423457214,-0.10873519944123125
3114,0.8079974642676316,4.537391661513178,1.4983482790391398,0.011165136562020584,0.009735397823432392
3115,-2.884558611295137,3.91675811427549,1.0302319262694413,0.11578362413398763,0.603321875179634
3116,-1.3102999854761936,4.004776085143089,0.6299616516780345,-0.05368015683557875,0.13375434164934955
3117,-2.1462503632829772,3.23764952612838,0.1657364073606017,0.35330473973429616,0.910074686636038
3118,-2.1414690715208136,3.281892738602999,0.4338914372484466,0.36452243699548803,0.9713833925810885
3119,-1.764966422047107,2.581890594564678,0.12370397099058979,0.39608650559877184,0.9388606570876704
3120,4.881013505754239,7.14731871272661,0.5897358341817194,0.6725186291352702,0.6853830321008894
3121,1.2262964203588687,4.1872984449413195,1.177008502119964,0.3850958587939737,0.6247581077156426
3122,0.09172524592208578,4.573187548369828,0.9013004292659383,0.10759091241761153,0.23635418320922089
3123,3.225929771801068,7.728529706039582,0.36067554431608706,0.38343581149581146,0.3735774496124908
3124,2.545582171184988,8.938696906937933,0.6920951634838391,0.35538900187554545,0.4497755302351782
3125,2.2132869692820565,6.674813801507888,1.315336767874804,0.3483437591297818,0.4218237815526294
3126,3.1057685558730967,6.224533326243774,1.7429404453371735,0.24062915147127717,0.1750891885907852
3127,2.2068962203646834,6.387536376816148,1.355668147588918,0.25124619801632736,0.27643475822090224
3128,-2.948984737932184,7.27224463707026,2.1086706983987304,0.13610249421698364,0.6946932881051046
3129,0.5603259232376256,8.696931761593222,1.7368091267023102,0.3167871327508229,0.6032656613769857
3130,-1.4200128540098411,3.2285596033385877,0.6817390807262883,0.13395468961923693,0.46003839063404756
3131,0.9559391249253153,2.8893410381613274,1.2581809085066857,0.2705369459701661,0.4588557543358856
3132,-0.12515595275785404,7.017976072757255,1.090873309754268,0.3066128876492686,0.6179578440544448
3133,0.15783119276626892,3.3591962310950594,0.6658264332200808,0.32658082236122754,0.5947955216488604
3134,0.8957091243409208,3.352071290397083,0.09304852856970432,0.3087511259789812,0.5204147426354947
3135,0.2339266631050734,4.1239450911591735,0.6637503273880968,0.1693540177811611,0.3843016238481646
3136,-0.37599372703723805,3.0416911806999436,0.4029644945050937,0.23005324873171504,0.5507607653034102
3137,-1.5179535387987388,1.9464501116612445,2.1116668115825936,0.004578226411079092,0.19413225226752867
3138,-2.1889414373666627,2.04108605953089,2.1369168705265285,0.017651917885504843,0.1674976941982735
3139,-2.138842438650846,1.9439980829906272,-0.5490619177879366,-0.05822681919255891,0.22253676187930577
3140,-0.47623107313272384,1.8678261411519181,1.1854968057873405,-0.009331111253446087,0.14289264879288086
3141,2.318573798053912,5.697209802754987,-0.2649075158839434,0.47096736196837397,0.5803182221583605
3142,-0.6035323638806644,1.2149521994582073,0.9399544355291346,0.05944887454523188,0.2550837401835242
3143,2.0105680075969063,5.3907368109854215,-0.1924539397154671,0.35980661642614087,0.5171225136649652
3144,-1.5248033632881572,1.8456261956370028,1.6159576834197815,0.025475249512931848,0.24041331583585362
3145,-2.7949838199574377,2.3781025877894266,1.4805408277131085,0.03331284178130992,0.391916773806485
3146,0.5363320082684347,4.958982382314012,0.23734446457861327,0.14637188000197357,0.31412208633945915
3147,0.5081264602876407,4.563318120338683,0.2761050826822222,0.14755069951140348,0.2915983797564162
3148,1.132536100943431,4.557129608032275,0.6332353368209748,0.5203288214073452,0.914878339909913
3149,2.534951975762449,6.386232898031241,0.04791341031745781,0.6329631298080545,0.9430492362761025
3150,2.7317040529099947,2.883988951384023,1.4671080729437962,0.5574946008364543,0.8642753339038566
3151,-1.5342908297168367,1.610727161331613,1.3497296769813443,-0.04369762183508548,0.02879875890479423
3152,1.557354610008375,6.39642281591179,1.0257293689849454,0.4827432208626885,0.6472105576646545
3153,1.4450065865674717,3.51719893434979,1.0735326788360493,0.2994386536990019,0.5541661014914618
3154,0.23368341045136257,7.88113258297264,0.3451351338085422,0.4699110808451003,0.9983126248466047
3155,1.0322615236989228,3.644267104615874,0.387863264117877,0.43889374743224707,0.6539541644470853
3156,-0.8329907014653724,3.9207422119667297,0.41074620128347883,0.29860976592803756,0.6924772283394288
3157,-0.6048833968294816,0.9614982595994505,1.5318109706943874,-0.04222565271708555,0.038049516583769656
3158,1.6126694111253048,1.758675606949406,-0.15743137258294543,0.26517383078707035,0.341321077114866
3159,-1.4747354741806875,4.619760818401471,1.0930581047395722,0.047313135700264845,0.3965295677854583
3160,2.985347665437097,3.2617891569339412,0.8295343576419548,0.37422328898138885,0.5189574628136164
3161,-0.4133292495973926,7.073987352432301,1.3491139853170173,0.39580194168747135,0.7738396658979745
3162,1.5681936000657664,8.448761082132073,2.3075703334715025,0.20414474832675147,0.2489709046231366
3163,-2.7429561923381103,2.989312516093183,0.21539050434782994,0.4337932158962588,1.1655725996502702
3164,-0.6488271042891763,2.94944283026668,-0.6916919321808854,0.5767136386373278,1.168026771704342
3165,2.394718367408584,3.4686401970378027,-0.171959101288812,0.6367078563480815,0.9026007757118943
3166,-1.539070195750943,2.1997024349702476,0.6357852187595846,0.24202633168547522,0.6121666168341616
3167,1.9071442970643955,5.342783371345343,-0.6331970810058791,0.4676218757331825,0.7042927247373748
3168,1.3058408361507046,2.8639170959283002,0.2181536247609799,0.41393529522376515,0.7010592688107815
3169,2.542838831183384,8.704154756076393,0.2251800356720652,0.3689155023373332,0.3875696718802318
3170,-1.7408178979035538,2.3342647641765053,2.20908856978143,0.2525388770784289,0.6641461174168137
3171,-1.2432992609045874,6.375258375877996,0.6615549742199881,0.06684779177343288,0.2832983264643608
3172,1.417363669706504,4.054319391541453,0.511366444174631,0.5616742631796845,0.838190696900155
3173,-0.21449991008913327,7.502892025172582,1.490150491175377,0.21435636681667047,0.44890280255870035
3174,2.0742268892138176,2.0460899839847966,0.5243299434709576,0.46470629543172615,0.7989807973570658
3175,0.215031735026624,0.9484355305804134,-0.026896628672714473,0.3875783075261031,0.6362268778266299
3176,-0.7705706490234059,2.031941859646171,0.32267462845250966,0.37355066532128267,0.8395112551772337
3177,0.5417184737503447,3.438456189345479,1.3074816077772082,0.4367642421207509,0.7693668516440739
3178,1.2144921161158868,3.368329762426963,0.9930123161029285,0.4352499642904908,0.7583923942781293
3179,2.840261276752918,8.005185232819745,0.7789956689437426,0.6263437289490439,0.9142707216673388
3180,3.717734974070731,10.375102960716747,0.7625731848600859,0.657916286506265,0.8483453406280314
3181,3.975670752909705,11.201509827328932,0.9164260557523034,0.6445537550293139,0.8370610218680302
3182,3.0035270890916763,4.048645648362698,2.546802782671699,0.4776527583085029,0.6690398234309008
3183,3.478175822789758,4.941788240247828,1.651403539432147,0.7284437442082595,0.9119894496256672
3184,2.9260111771530615,4.36337359377972,0.7385718279612629,0.535681997341064,0.6638742599566817
3185,2.328113947332647,5.593907076449715,0.5696787752847583,0.5912862891575439,0.9143463369069319
3186,1.9193747098606495,8.179640171324653,1.5752420718363038,0.5416520567268216,0.8695627260734548
3187,2.6202790020922593,11.103294989498794,1.3089507518860641,0.5933391566650562,0.9084040313253766
3188,2.5328757762136287,6.874760520947458,1.3575779060032422,0.5448619151259878,0.8228054472475028
3189,1.1513698252565885,8.352212236038122,0.28710469239557745,0.3621172211008359,0.6337410780888035
3190,-0.8715784151448468,1.974365983898791,1.1764306796874653,0.18984386173802306,0.44528764670569565
3191,-1.046136050415454,2.541850520989785,1.6345366574681053,0.16636674711245433,0.5688385889081846
3192,-2.21851447858797,7.252948114996133,1.5791134606799768,0.1085192387836136,0.544069577766605
3193,-2.3957452371764982,7.457587681700387,1.562352056375999,0.1470604678570086,0.4753100398033427
3194,-1.8564381966509074,1.8752428339982605,1.8571826053753622,0.07445986726100762,0.4168623818555606
3195,-1.539483459862752,1.9063121399763916,1.8988837889796466,0.06421263412885896,0.3363551048793508
3196,-3.3738017028540446,8.958776967243164,2.6528259897803608,0.06344456777233874,0.6434150287302638
3197,-3.1572111764625315,6.061534634936435,1.1224868546695128,0.03779326714171794,0.5208165296542766
3198,-2.043807646739239,5.536241552974844,1.5162942870515839,0.07354960655398454,0.4450752689122496
3199,-0.4794794487676764,8.249728000346165,0.4688217080375633,0.14333761219152566,0.384992558190259
3200,-0.7642907760230454,8.423060715448456,0.7398732020502671,0.2217572334991372,0.5389140513948036
3201,-0.83275418776753,6.791092384174175,0.9782382704991543,0.14859142308768788,0.41547269693138833
3202,0.7607474599074552,2.3462023069856355,1.1174887786170944,0.06090529280254481,0.08363824244477919
3203,0.13170458911034588,3.487488689786935,1.0338775125137998,0.16295101824088665,0.3871036363792282
3204,-1.4802160221794578,2.125544052804294,1.0619492174335925,0.019412721135248234,0.25209025367034454
3205,-0.28612814190492597,3.5238530605697265,1.6536162328551625,0.3673471464880573,0.8169608374080641
3206,-0.16640558046339665,3.5382269055487696,1.7175014612066075,0.26319444182257024,0.6410996787871074
3207,0.42873712161393723,4.299725949612617,-0.906016440392303,0.3759277368071919,0.7406572036861734
3208,0.31873858271251454,4.435867936563807,-0.9945061779520575,0.38126172511946604,0.7431727299629592
3209,-0.9204390076370617,3.047367419511671,2.264421989960876,0.24719632798416882,0.6403217923808306
3210,-0.265246613601505,2.949416768091363,-0.0063906341703638065,0.2069116729581755,0.47879077128593694
3211,-0.8118261224564258,3.5290478341686953,0.8055337598279518,0.13131795807471663,0.3259798196099848
3212,-1.2468145820590395,1.4996297292491203,0.5391539196019882,-0.29068273018410995,-0.27682345042667744
3213,-0.7565998724002608,2.008721116884168,0.8713807549012791,-0.16989432233418147,-0.11712848757591884
3214,-0.7764784823394588,3.1278097391138844,0.7573194046577797,-0.02730890313245787,0.0946139217279348
3215,0.2784604602934597,4.767256351422744,1.6443079556443099,-0.061203487699296955,-0.08029420846768977
3216,1.5948446442295126,3.4788388304742224,1.9076792811884626,0.11862851471456004,0.011520132012051276
3217,-0.769309434325283,3.4626095080476986,0.3377146758472491,-0.006587200240618942,0.053372220446395176
3218,0.33788777430688177,4.725251549131107,0.6832773450152295,0.21924736486668664,0.36465168710251006
3219,-0.9861275957595954,7.881187339738328,2.194351423080885,0.33825887151080597,0.7756438137242267
3220,1.2423449682038064,7.251553229058271,1.0889066416579143,0.44095759141892227,0.7865254103453485
3221,2.3481732456546145,6.867589099427129,1.3753774046781988,0.3386206817612885,0.4783570071885776
3222,1.3126225315306548,7.587750004178671,0.3379237690071645,0.4211524405955957,0.6694012188988555
3223,2.36533218080365,2.6598811922804235,0.8793452150578043,0.4997245563732685,0.6235224171666292
3224,2.8043822882903604,3.270606370513477,0.5282328438547375,0.5063947843652992,0.6865823315469326
3225,2.0090495489200553,4.986601971723107,0.17453086568660828,0.3395520184430858,0.38167893755240934
3226,-0.16160338052811268,4.800073391273902,0.9066516921357962,0.3044941776143989,0.574994130334094
3227,1.0992660584644502,6.859493892329822,0.31301422903730236,0.6265153047812785,1.0870275788086796
3228,-1.3317699459368213,4.3800695520105535,0.4311546851015977,0.6148417801664454,1.3582665393171227
3229,-2.8581412634978074,1.8344674119413604,1.1271282435287884,0.2636295112331733,0.8932863902786818
3230,-1.7727433342203471,2.3525713234159866,1.1688642339349884,0.23566056792354845,0.637136816909835
3231,-1.556239337468469,2.124394793970489,0.8188605651132146,0.16825102420823868,0.5729583263392648
3232,-1.9747588438076638,6.713877145105297,1.7098333095156109,-0.08372831393488168,0.10443917047224947
3233,-2.7990997980742423,7.773780981906761,1.3121071081945623,-0.0021758121909255614,0.33411438311383557
3234,-2.3132363155422286,3.8530646420239663,2.4295548975797163,-0.11329607867074618,0.13495452998331917
3235,-2.3962280150913946,2.799611700858775,0.6159992769443203,-0.07630310804904684,0.23576640242192298
3236,-1.0488014919119102,4.467062068184434,1.3862229787731615,0.11140962288741692,0.4089110771852953
3237,-0.6760024829745709,4.584332834506248,0.9080898724257043,0.19305352753847194,0.5518463491522382
3238,-0.13648749313799868,4.820324422638531,1.4366281740139835,0.15979985923997458,0.4720501469055557
3239,0.06893578436549655,5.7544006072754925,1.7920376930624629,0.21930727482859796,0.39127328149467483
3240,-3.684076435920328,2.1743193082604604,-0.6142985183328783,0.20775614646851498,0.8186612176351413
3241,-1.351680825917006,3.1645386211470132,-0.3484120604193955,0.2497994436318494,0.6475116290736237
3242,-1.2633275071400558,2.9489862090157413,1.0358100395749268,-0.025421060231108503,0.28376720658583354
3243,-1.6758210494039723,3.3069472880522253,1.1517812478877927,-0.07036084162396923,0.25683577496625193
3244,-1.28180797137753,3.6854839640031813,0.8362857877773007,0.0012415058616417234,0.2503671623182473
3245,-2.4733687904929496,4.104712208468436,0.9253899197284896,0.06053283008743622,0.46636861196841845
3246,0.6281093515176978,3.0053294943513515,0.3374313512624482,0.12599054236324936,0.20824081434509184
3247,0.2954541904391763,2.6763905816878046,-0.356326434135983,0.11230875522250747,0.19606777951695875
3248,-1.049400484354067,2.2395573745875414,0.11264331059246796,0.5164077298783598,1.1050582965419655
3249,0.38300409096798166,7.472446897192674,0.23774037026605618,0.40438459547983313,0.804344757774023
3250,1.6330412530384921,7.576160328216112,0.4383851727728402,0.40398620599720075,0.6407218694189741
3251,2.125974481918437,5.7527353592820605,0.5431600369342587,0.3640412074978181,0.50662519488843
3252,2.2303518320399127,5.430293142360431,0.9283883244846294,0.4384731571590391,0.5830288423621763
3253,-2.019564474694729,6.3729013110940755,1.6570035485191912,0.05809538234396666,0.4170323712825174
3254,-3.4439747683647246,5.945289104555848,2.241910507320774,0.09078452190709065,0.6130656771176347
3255,-0.8043476754757003,3.4409568597924842,0.8146176658861911,0.012388890907244649,0.1984117314657895
3256,-0.046957556222989416,2.2141305041542356,0.7063826278242281,0.19711762980435044,0.42920117125938884
3257,-2.182126517877682,7.135474837353746,0.569791982192673,0.10084829156180608,0.4656533584584912
3258,3.9689543769088975,3.0199274047376274,1.6727496719511605,0.45066875256241856,0.4702533493591785
3259,4.450870921158284,4.050492188422406,0.8410596446554205,0.3746935939729006,0.31547414427822884
3260,0.8054936103902708,2.2489071228897,0.5433593511950982,0.3248368797588247,0.486024347476729
3261,0.589036745287756,2.208960562918177,0.17953738290249213,0.21272093904891343,0.3917876447203598
3262,-0.7104619427630553,3.0558586855286585,0.7869401407056863,0.16857398096096834,0.42005334485961354
3263,-1.2143666800212407,3.6000509778000427,1.390462084348386,0.19463507251094564,0.48460365205794304
3264,-2.688625693094087,3.820289286225757,1.446610711924656,-0.10004013137979312,0.12048622568750582
3265,-2.7175498986228295,3.8835566710751492,1.7691303969667984,-0.26141813302903605,-0.048960356054182017
3266,0.4424370536654734,7.736135202656952,0.842006792221949,0.32019976323200927,0.6170966738473039
3267,-2.6893530818808147,3.2745545560470832,1.1561800434708494,-0.1192609318455519,0.1811565689043512
3268,-5.0136379972921805,3.76919173062383,1.276805259429325,-0.1362681835356042,0.45446926864812726
3269,-3.0228379260926688,6.6067524782551565,1.9274665088638607,-0.15146859455852643,0.10807435299536346
3270,0.3796318009040709,6.155406486193224,0.7951277995983559,0.33969643092058943,0.6327362381618528
3271,-2.55264046417799,2.8789909452181224,0.4099401891305292,-0.022549215312157922,0.19202582026016818
3272,-2.4504264881183424,2.1366869302947116,0.4248921949292819,0.02680964255247222,0.33403327272488176
3273,2.4162628091813514,7.86094883679514,1.7484542243188592,0.5143734284889357,0.7517350508194975
3274,-0.5983720514625432,5.07356086977888,0.9153518676891037,0.4032744192509407,0.811192080254473
3275,0.5759492335239995,4.317657057236036,1.467208495651105,-0.0050073367593111385,-0.0033756603030162006
3276,-1.835929136817086,2.1703904125433358,0.3776952696079051,0.3078052279236279,0.7642282368282614
3277,-0.6126218394307664,3.924666758762764,0.3860384670653083,0.28470516589741496,0.6870290576090745
3278,-0.922272499614516,2.6645946265332814,0.29591669844446583,0.2794223084706978,0.6083331812419559
3279,-0.2760698470292436,2.653417659888721,-0.33527011073488017,0.2233864141894958,0.4587578500851469
3280,-0.488967163813315,2.4831284837034566,-0.322595694065139,0.21470301364600036,0.4878507628933903
3281,-0.8820147753326346,2.648864681247137,-0.5164825061662984,0.14730346195507285,0.3585485752913255
3282,-0.7114506159931793,2.6912191835774246,-0.7325629147089123,0.1383261648503557,0.4192250781225333
3283,-0.2643234539496861,3.651580414679107,0.4173820978419347,0.3471250196143421,0.762841747089508
3284,-1.4232008116039907,3.679735220987431,0.4900506775757997,0.34052690491321747,0.7930345875619417
3285,-0.775474700866369,4.334417091715968,0.5714008008543654,0.29900189302693697,0.7260638069959588
3286,-1.3286117863137898,2.1586761817465603,0.262958747927288,0.06244745050674386,0.3551059411712302
3287,-0.9035653963519233,2.9021520130123086,0.503947773472095,0.15896076337401244,0.3260332593155843
3288,-0.14767741241185317,3.6048701420103817,1.213980430469408,0.4477592500313068,0.8097285644027572
3289,0.11608712544653468,4.207807926773754,1.846173308602479,0.2494784297692613,0.5538236163564328
3290,0.7507810285785331,5.553579536016905,1.2837474069417363,0.11239089824396507,0.1807850011654316
3291,0.37966941790283776,4.33698032644967,0.7947171420805522,0.11655965021002022,0.22659224836286113
3292,-0.24692189933902473,5.8350879904339275,1.0038206985241367,0.09224388162772881,0.2421791077209525
3293,3.353194225859544,4.99201449969435,0.9819716863775654,0.7777659621386044,1.147215531709794
3294,3.3221864133490704,5.981168806899963,0.19655679136424464,0.6067110312251088,0.7841073717324075
3295,2.147769561444527,3.220639676712826,0.5250832827807599,0.6322365402127348,1.04656878959068
3296,2.262156477595992,3.8417917733309634,0.3527090921020376,0.49210596380361926,0.6660530245166301
3297,2.339819054869021,3.7095926887361004,0.3868036510366693,0.4584169306765188,0.6755725907067752
3298,1.5555487565505355,4.519126654378615,0.7976250419328662,0.34132267925649123,0.5570213335990003
3299,-0.5613743832138511,6.74815399687974,1.485833844807319,0.35801422036736225,0.8225264089822011
3300,-1.374250412835059,6.117598574804173,1.454007328194265,0.39692821559889613,0.9568536780333516
3301,0.9740700367853093,6.893313656286074,0.7605610925196294,0.37718262571248157,0.7008212304014176
3302,-0.3917473585899867,4.307179183347398,0.8619622334026046,0.427729947265125,0.9635155333975761
3303,-0.23244678536424182,2.7158666002157963,0.4778140436846027,0.26053643431487533,0.5892266406081612
3304,-0.8910482270533453,2.905999309423841,0.6016708608472804,0.17998874609977242,0.49673689976357405
3305,-1.7982467389290329,1.7841652946773867,1.42041719652649,0.13006071655121093,0.3493360344442593
3306,1.67627695374664,7.93776819101505,0.8735470210629647,0.3101795224329777,0.46930453542158873
3307,1.2789426018172103,2.8488719308152817,0.19930712865982145,0.21929926976344127,0.3052768207152465
3308,-2.9054687394998506,10.87836435463422,1.946430851471914,0.009638833256301974,0.4137153597655676
3309,-3.2482747954668962,3.3606613034069146,2.4472906943276116,0.1991950499219433,0.8065332968662737
3310,-0.8542647593815916,9.13157441503413,1.402087521914403,0.3283751940894568,0.7726579380388692
3311,-3.0065469503949416,6.186236751143825,1.704307956179559,-0.023221299531024312,0.4160060372809187
3312,1.5583198646265033,3.288661270798313,0.3262725054623124,0.32370911654184703,0.4708682070337
3313,3.9944665002041253,6.81296009638537,0.503839450457994,0.5954307131796754,0.6757878305937471
3314,1.4282385555241108,3.9375375264798,0.25994927327524486,0.4893883540836623,0.7620286111998188
3315,-1.9379878135782143,4.616702942356406,0.7239643172039932,0.34884676292291295,0.9594672495735451
3316,0.21796048437327908,2.096916663051264,0.639064320205121,0.321968653948247,0.6771265686658587
3317,-2.2104280913357304,2.781847646250413,0.704934188775484,0.448614429896693,1.0799707148645061
3318,0.7778252448840699,5.153276557890638,0.38974982491283716,0.47918761016466516,0.8003491685767786
3319,0.5845493400943019,5.762572854562278,0.23018336490822736,0.3947948647971562,0.7522857296635758
3320,1.6172961040032685,4.2238290870015955,1.8150361889835809,0.5283769020891992,0.8390278384109594
3321,-2.1382014722102514,6.4134102465818215,0.24172842881861564,0.26784995674755446,0.8252742712026496
3322,2.013106470644994,2.8945711928203037,0.9808366083757233,0.47652723497656013,0.7184762061451816
3323,1.6382524191260557,2.537255342350834,1.5782611131739617,0.5101436326750143,0.8854176665173046
3324,1.6320029769805786,6.6668377342709695,-0.030764860215034703,0.4301898900857617,0.6164742094167831
3325,-1.0185035880556956,2.6291327865668923,0.3335674764503106,0.11675022078681997,0.41463247638547873
3326,1.7317254487388891,4.62174156198538,0.7112528827099222,0.37900112644618267,0.5163147220203723
3327,-1.2165641276463521,7.454616567314507,1.3182272942961606,0.0890712428752192,0.4010865946202243
3328,-3.2657456494314574,5.723104055006358,2.1222430050652354,0.05056369917604258,0.5614983583260679
3329,-1.7480810885312674,7.747589073302684,1.0438004983801585,0.10613587492042,0.47114971188001137
3330,-2.3138874044233737,9.194750746846582,1.106830923446097,0.1294924861638185,0.5143843453608831
3331,0.18184727953030985,4.4885751703587315,1.9742995139669555,0.2527693376037988,0.5117091702191056
3332,0.2909599615226431,6.781530263476742,1.379236596160256,0.27560714855768903,0.5227303044083861
3333,-2.446106946794421,3.3476686854500217,1.281467643654501,-0.015548714069682031,0.34185003039689316
3334,-2.7552133074022085,8.657001392763428,2.0475988377191103,0.1666286148542725,0.7494027946992431
3335,-0.01188593171326676,1.8210833920496197,0.6167550649812996,-0.05058073417574288,-0.05688811644563916
3336,-1.4422711882993406,2.281989333392963,0.983307761825668,-0.009133299030980943,0.15426682667307118
3337,-1.093217423850267,2.4805470107014136,0.9272975211414866,-0.012808409651450093,0.18665960587847308
3338,2.226836285053502,9.060191243415437,-0.8207676392766526,0.689919567100693,1.0182437498676062
3339,2.3293480789067154,9.250865488178995,-0.8804051145170048,0.6778576006809817,1.0388191129837634
3340,3.0179320385515163,6.698054104654608,-0.4900307647183845,0.637674296254568,0.8953606425265819
3341,2.1131384513287643,1.2718935127148014,0.7323893534095254,0.17045931616615537,0.15823175188596894
3342,-0.3532340929325537,1.9991407243125277,-0.6784865229512954,-0.155236227386345,-0.15557784519245543
3343,-0.8239028375959682,5.887942407648161,1.5670304406343607,0.5362417518742476,1.260622698535399
3344,-1.243398914305525,9.227581411610375,1.035089001072208,0.3584415746424341,0.8599505530963026
3345,0.7773900225946679,3.3182803855481184,1.6581975376549196,0.058672542151586085,0.13802695920504077
3346,1.1059486559625316,4.527257075771265,1.4157403439828156,0.045001411160320214,0.04843590442272075
3347,0.08816660332813661,2.165733425506938,-0.09315973590401569,0.3411319613243214,0.6207004685537301
3348,-0.6507027583137028,7.038122253278682,1.3625591770805892,0.11272763325652393,0.360146866737998
3349,-0.10994586654378398,3.874645540118502,1.7304539593451589,0.2482323519260189,0.5649839292597895
3350,-1.2947310859319616,4.993283330064388,1.6670911802640356,0.26482257881992677,0.7080558248151811
3351,-0.08849828803744467,3.169620456535972,1.7376563727443952,0.23770677719346603,0.5236217865268739
3352,0.9575122278299608,2.8421509972837784,0.833226711028888,0.26575213412482235,0.4640064224574788
3353,0.9264452354827818,4.984947919445759,0.1892427425579364,0.2698571625608026,0.4583325097694479
3354,0.38531454197335124,8.503629574303227,0.22245449681851387,0.2647540595947162,0.5638326120957136
3355,0.6224107577144704,6.730762349769232,1.8537355614299313,0.32370805875876874,0.5186419435777291
3356,0.8374039783487939,6.695075199722539,1.9368599721298794,0.2959874064389014,0.5339187378633379
3357,2.5803445566104575,5.377103823633738,0.6583529245223326,0.7161220910750827,1.1718004528441106
3358,1.9261987647935233,2.9611648501815804,-0.2830799180269385,0.4913147791012108,0.5859124891109613
3359,-2.653676264287983,5.144712250958644,1.169659193819249,-0.148520084190107,0.10406682433775541
3360,1.6571662440124066,1.4639878464196896,0.7857345601367979,0.5853618651144264,0.8722658088388168
3361,-0.7093474128046604,1.634629981300808,0.7919787275939695,-0.08742525767303697,0.030831260877021614
3362,-4.437271463186509,5.735172845084151,1.7595528828953424,0.044009941702208726,0.7361215361289941
3363,-0.2689291051005589,7.059893266087774,1.414939709666364,0.0160697768656661,0.10566744152818806
3364,-1.9492637034517648,7.800205144258222,1.7838394987656838,-0.05391538604088391,0.20204804924154735
3365,-3.9087529471189226,1.607526245252853,0.0897146316314373,-0.05010313946863518,0.39704044004342715
3366,0.3905766380928147,3.040999865914663,-0.43346102902942074,0.14034936326943553,0.264437153453679
3367,1.2563740337452292,1.0433901390279776,-0.7636813584775458,0.10665334127515864,0.09317197935755821
3368,-0.031478927135328905,1.8801610686249908,0.34426224593370913,0.15060174845598215,0.28843463437968914
3369,-0.3694888043034732,3.4559702585696757,-0.3947657260960113,0.17660857954437317,0.37600906977332327
3370,-0.2092316100381174,3.182393531368392,-0.45126981122305737,0.21783674630441874,0.4329309826920184
3371,-1.1397755005884382,2.9109088510846584,1.323351096050549,0.127440184717795,0.40854412417385694
3372,-2.082354875228737,2.4409102981423545,0.986383091629448,0.10412045105069735,0.4900504114024878
3373,-0.4251300514735392,2.6558074750451883,0.3771695979945824,-0.14010023802348864,-0.1515011573707903
3374,-0.22101345709299058,1.877624788686738,-0.7038542173817869,0.13134521328126358,0.2577100628056819
3375,-0.6232334519265699,4.071191163503404,-0.13338716973794412,0.0030980872535201695,0.09848458463747695
3376,-1.2958368945081342,1.9093151575570297,1.2259760385445058,0.1571490190294285,0.5022881469677155
3377,1.1719789913263239,8.65214316724433,0.1770269334652168,0.23978489047718302,0.38160666024372647
3378,-2.4504694724637024,1.7540503778963585,1.9379600114483706,0.06508219642529854,0.42387699492224873
3379,-2.875716372917692,2.0526083548459684,1.8713192445485236,-0.02606908007051878,0.36544501551170466
3380,-0.4143900143818499,3.6480989468678953,0.5006265456296627,-0.05647901052259397,-0.008488738638804595
3381,-1.8815160532705089,3.135555211250181,1.4396733041280756,-0.02466237291231551,0.21205975764443044
3382,0.18398230954586373,3.759113722102161,-0.21972485591115215,0.14189912938731394,0.31477812122832083
3383,1.5441448823088713,3.4123801474091677,1.4826368134850336,0.26192455429676814,0.42676149672520075
3384,1.2336166541535811,3.952497646468325,1.1670232017352764,0.25071545494954184,0.29878434547794763
3385,3.073422660544405,4.015392419779343,0.7777723246374694,0.32371410654336563,0.24230819225732236
3386,4.6250083500400505,3.3483361214789107,1.4067386406796143,0.48683353642081245,0.48812904020915704
3387,-2.428720051482219,7.299491743697691,0.6258934770751401,0.5178009713288949,1.3272813048889798
3388,-1.9525534922291703,1.7934780756731081,0.06338147567136405,0.5397703686656772,1.244841136231094
3389,4.704421447303747,5.719444127670063,0.4774963925970898,0.35812504598905437,0.1683302100851143
3390,4.472159442903783,5.601901393129169,0.5279803995627145,0.323539499350911,0.19818855783909128
3391,3.3533470476988967,2.40639603550628,-0.3180183915461323,0.40281552063509923,0.4233916387584833
3392,-2.0069951594860154,2.2637657247831635,1.081314572922694,-0.01999502702236245,0.30133780507084423
3393,-1.61326298529241,7.285561882532008,1.9050215501688565,-0.07370509932274619,0.13115347518590342
3394,-4.145559801397871,3.6242410771249047,0.7276809806347497,-0.02270024623936203,0.49496655463318423
3395,-2.4474608529925006,4.317690560291765,1.63917691680254,0.11957293087036464,0.5145247168418761
3396,-1.3200208692451583,6.472555778877728,0.1982335096084365,0.3091438402436053,0.7796929526498667
3397,2.3365529850470677,2.9334325330676054,1.2699367100854897,0.45092903828745434,0.6756135479998354
3398,3.4610492724478754,1.948001570904656,1.6631059371163637,0.428858633127613,0.4393652751517976
3399,1.3719152224873972,2.0693036891764667,1.5883021070271104,0.3602151294925109,0.5575959712337438
3400,1.0567391312681729,3.4643561403226406,0.7016700675826344,0.29834076174672175,0.48328948091656926
3401,0.3039649363364491,3.542972389603112,0.17364200145900271,0.303912914461991,0.5796598583986999
3402,-1.8814148734528948,6.059642928737907,2.180986941043973,0.180533203464883,0.6345431392157931
3403,-2.9081262624202493,3.969975572012712,1.3546658990564675,0.08603392130765465,0.5579302945347396
3404,-0.23057395511812087,7.97231097161076,1.7500471585141162,0.1525530681193875,0.3748461738742981
3405,2.069342291947285,2.949563722718324,-0.10437358686482082,0.391805394518511,0.4727468220201274
3406,0.4017089628719474,6.606970873644439,1.0281409706218836,0.1688059186522965,0.3398401242082089
3407,0.9753740999505796,5.460679874434305,1.6493958244784703,0.2024395159052283,0.30355375263721684
3408,-0.6694545334881039,3.1206624447377194,0.8776734712643873,0.22952918870387676,0.4809315666572632
3409,-1.6706247545768236,3.231119002998977,0.680530720596458,0.15673448943065008,0.5754352332645042
3410,-1.7881484848905582,6.080973730700232,1.638066174530369,0.061947650809816686,0.3944900394417961
3411,-2.3133761957486536,7.044525812418749,1.7913226759186462,0.07056794921640906,0.4524260453785368
3412,-1.4310904745867143,3.402102843768206,0.8131034906675388,0.1306537526829119,0.4499216642363169
3413,-2.6231046891585117,3.155079217162436,2.2774848590939456,0.03309178398740832,0.4908940913575113
3414,2.6952879782897177,3.3739167261252545,0.35208074075265805,0.4492861262398524,0.6065412560252843
3415,1.2440162503804886,2.537281859577755,-0.05910504373100175,0.38500044554890456,0.5255507563914448
3416,1.356828488179996,2.6781199468179975,-0.20181495682455386,0.3965858161779889,0.535077342912694
3417,1.4014634077170147,4.331193072781413,0.3782931745080515,0.3022985717440924,0.4842022594336808
3418,-0.09678986401371649,2.699347852320864,0.8643124688587173,0.18078716060424055,0.4635359800319691
3419,-1.9149220224290389,0.959014108089401,0.19057258944006944,-0.0048157107268958915,0.29566468120190875
3420,1.4047440325471172,1.4882731916722336,0.5142621279496808,0.19639772334349015,0.3046706710570129
3421,4.504196786758705,0.9501076084748494,-0.41441821354711444,0.39177678246212405,0.249838098499394
3422,2.9165008131471257,1.001377557760664,-0.5239131529565259,0.42480345026017235,0.4344875747862769
3423,3.025138418606966,0.8422162942075827,-0.49129824048800513,0.3517347788109341,0.319801784606284
3424,2.915407332138866,1.3254325620860319,-0.038675511086555536,0.22208079306315517,0.10261472465336342
3425,-0.13532573023561503,1.8351765201213035,-0.6614730471598714,0.013032271105382165,0.0986165208663121
3426,-0.1800223112150733,1.3669467532871251,1.1929511475888253,-0.2619297808702305,-0.34201575426869096
3427,-2.901406903649127,3.597439240460854,1.49944834056706,-0.2616143545442934,-0.05711957698734406
3428,0.8034592415825161,2.184132255608374,0.36725530661309413,0.3421839077288647,0.5643515787135478
3429,2.5416612004253047,3.357463916730736,0.006828211326878763,0.3754599752369672,0.40806068873348655
3430,-0.7639808938543778,1.8731377864379983,1.099500549492673,0.023361019268115672,0.27688199917038864
3431,-1.161160721361663,1.5987110022950637,1.3267520664216295,0.09859818694950523,0.314495347401495
3432,-0.6483688792078087,0.7737318276328914,1.2617022498715689,0.09957195888256132,0.23775503400274695
3433,1.3879164737828456,8.160306792293381,0.39929206134181094,0.32294806508207613,0.4846462180804496
3434,1.469474329434979,2.636352524620823,1.5421514445108755,0.6341613349593133,1.1554519911757695
3435,0.7483433751547777,4.844195807804987,0.7705851854732897,0.6446592546179917,1.235663587114924
3436,-3.947910963019208,8.843809823182847,1.3970102610978583,0.21390403102777045,0.9257612494821602
3437,-3.460400256865771,7.710565268893807,1.4123696867856417,0.31221050195165656,1.0396998486075433
3438,-1.2294974277995172,5.695497823234301,1.483572498586787,0.44705461148291814,1.0223096592844032
3439,-0.6950760956075022,5.694700861773662,1.2713610206376174,0.4600859187669343,1.0317207793231178
3440,3.8345383660256394,9.569804046743611,0.886789771049141,0.45917009279129534,0.5206272115892373
3441,0.9812366319816556,4.963066968409823,1.0871620296690128,0.34574354943755253,0.5067387334907071
3442,-1.5729440111910662,2.550354214810894,0.918740233507975,0.040404780538795454,0.39130074125176606
3443,-1.60485438654601,3.072881168124926,1.114499463359749,0.05420453456307474,0.363877820299517
3444,1.311743669444532,5.550931462497833,0.020035482661539948,0.506580639321314,0.8560094484210944
3445,-0.24480241478724502,2.4575437863097584,1.21323145640329,-0.02600774992178531,0.04328376009934088
3446,-2.266797256778674,3.2181271756315373,-0.2302506532305911,0.2463239370157684,0.6205333344890079
3447,0.22095642226908224,3.149040237397331,0.518168071955911,0.34045553920622607,0.514949037658123
3448,-1.2239201797220043,3.136118264137134,-0.5947168224104179,0.04259180077291501,0.28444189863976393
3449,1.472209922388159,1.039661886931836,-1.762879130367095,0.2601142769118136,0.21103377391501282
3450,2.6422727333573373,2.1521211822586137,-0.26681953632213895,0.30121948836515755,0.2509940581741611
3451,-0.2950529739708686,1.2983135539192485,-0.2281564963546213,-0.03687811733736188,-0.013133124080067574
3452,-5.145975803788285,4.6097295019892455,1.9248906917366158,-0.41497340049918746,-0.05422037228301424
3453,3.797110249733476,2.5477695794777984,-0.3458325038929008,0.5302025896060765,0.5196869808882977
3454,3.39571225764519,2.5976437918706643,-0.13202748457966879,0.5087410997713864,0.5706454543539796
3455,1.0901143605120793,5.188191553626531,0.2920788077610429,0.46135901201511387,0.7495833735519879
3456,1.5341583828463399,3.026792584107704,0.28698924981569884,0.3888421236303419,0.5532264356897997
3457,1.7481567211747484,2.564576811830325,0.057577809520484864,0.4098943437181076,0.505355395804708
3458,1.2540872310515525,2.570048544063314,0.4489755502348635,0.12943325608324835,0.07738706840807677
3459,2.1228373873250046,2.746380341951873,0.25120153496537573,0.0898140746061257,0.031195815243577143
3460,2.0092948899511818,2.7578522427916305,0.213002475663351,0.08428719399431796,0.04139993499615909
3461,0.5486546066290129,1.6882243277441835,0.37362978178717854,-0.00897253416947993,-0.014503696086341854
3462,-1.618760417974554,2.7488841806649225,0.166482459322919,0.012705911672229911,0.25670868605119873
3463,-0.4230139992166446,4.06362805028866,1.3046394749472499,0.14113653419929528,0.3657314422425082
3464,-1.0712915224063564,4.253182288501074,2.0034778148996413,0.009999956661813823,0.17421182320266854
3465,-3.5251710107064302,4.518269331678464,0.767172644922677,-0.12598178142734628,0.2003765183946401
3466,1.212717140103339,2.331582797877903,1.0719051938923667,0.1405376994521313,0.14615850893901353
3467,0.4906327007944905,1.4724666467715197,0.3992334905391682,0.22247226561127145,0.3336105215918239
3468,-0.4109437616249468,6.64713038319555,0.025023003476837613,0.28751607782570776,0.5986126633134565
3469,-0.8481454289559855,5.0400213257057285,2.2351714185053106,0.32014413332394165,0.7650079902033383
3470,-1.0120490382273104,5.009119065122524,2.2661152137263554,0.3308226951768273,0.7418367085253471
3471,4.492739041004221,2.054661368884314,1.5453686401945776,0.14547478884106155,-0.12969130064532755
3472,3.1488337163805618,2.160152047164671,1.3208804306410642,0.16148882803963208,-0.01475440432283836
3473,-4.7063134380150355,1.922311033879304,-0.34885418479129804,-0.3753906898226186,-0.005022633407541623
3474,1.2723906272421412,3.9479085345860745,1.6172118193635743,0.10644875682218591,0.21801048483995145
3475,-3.3469833781028964,1.9376518861509546,-0.5509376991520809,-0.0071009380406388675,0.3160744430337746
3476,1.0425285141149345,2.380790428872807,0.20918907162760922,0.11113712771020115,0.08669775003028003
3477,0.4796411638805628,6.6380615709209145,1.8765074284885417,0.3198704778281926,0.6433207949831611
3478,-0.2565392066462884,2.5281731689793636,0.5986986904675027,-0.048903873316525126,0.034246711667498264
3479,-2.6186468239992546,4.815332674749969,1.0626257331849562,-0.030196430587449315,0.2751947811752407
3480,-3.7232474624325596,4.7255045223594765,1.1260273612999006,-0.0929125032871608,0.286878782479008
3481,-3.266997698694226,6.644465997561801,1.0805150023444279,-0.08050602321325039,0.24686282453358355
3482,-2.8025447138354735,6.957587619676953,1.0871784911568767,-0.10827328304648046,0.15519419803332996
3483,-3.0503568699267185,2.1996190827188995,1.7617252271316657,-0.10697153684487827,0.2612695329047729
3484,-2.880590479169554,2.247082523573253,1.9007646530250548,-0.1440953972880348,0.2953528885901925
3485,0.49101445133348115,3.8484466288416384,0.6257011350753976,0.017840728389883927,-0.0009351296001798335
3486,-2.107227272220042,2.29309910581767,1.789708191831433,-0.18397888135311852,0.042250753641588416
3487,-5.332792947169256,3.7110378507317314,1.1994438896119557,-0.1825401472287567,0.35079538389884674
3488,-4.224316768816952,5.172672437891109,0.6203126882673502,-0.11354807994934615,0.2980753833141965
3489,-3.6018168079905606,6.293994718450578,0.5823089151007768,-0.06019447800077679,0.33194563579003683
3490,-5.174903227147031,2.7579713741649954,1.1723745791518732,0.007514426981977918,0.662495630564838
3491,-4.74727372893994,3.1479084427840354,1.5704369087936596,-0.023186875130934564,0.5699935425510707
3492,-4.719538661989545,3.1919311749762422,1.4986137777644701,-0.012899255552060486,0.5717861615070725
3493,1.8627779634114607,3.214463099035329,-0.19933514420542475,0.19794288432563392,0.18082710630897564
3494,-2.7290996350639074,3.018568917610963,1.3092605106626607,-0.07772071370210207,0.2105959706997606
3495,-3.4857192329191955,4.671600388302554,1.0011726182471568,0.20128646622632954,0.8128231491380167
3496,2.0523512859242317,3.600850282455451,0.6125680444007144,0.14076533642377068,0.11337390332107355
3497,-2.5207662368082433,8.59703798147431,1.627145387187327,0.31030345353094607,0.9655274193286347
3498,2.97707479818607,5.984649785489533,0.8539783466416357,0.513773653481585,0.6502490306414466
3499,1.5248946589147852,4.195353684721096,-0.05612854474412,0.40168464557708894,0.5733605257179791
3500,1.0165850880807832,4.102369837764485,0.2800394934119853,0.3530773538536357,0.5771919867729006
3501,0.7375726905038487,3.883841282211559,0.4096626017388825,0.3589387905334431,0.6051656852508673
3502,0.24001494473162951,3.3401339112542616,0.1995991770311582,0.11722799250612582,0.26522473689043896
3503,0.8699393171616046,3.1326300493354626,0.1769479733902228,0.18372099774381528,0.304431176318044
3504,-1.2760259061623866,3.276256024773208,0.998890099715437,0.09431351128422517,0.3273170772698156
3505,1.7178109026127226,8.253120478315488,0.40066290546674177,0.34410898867179424,0.44865700565156885
3506,-1.73008795695339,1.9789037516610086,0.5863374833537108,-0.11302815237177564,0.06981684773685463
3507,2.292627852371518,3.865609213140381,1.2993944606410373,0.4617932353602721,0.6621530927039281
3508,1.2878560083369708,8.976682103553413,0.5043678186410576,0.29999724548376244,0.47796450676585495
3509,1.1849823044972412,4.9601980699233,1.120267587538194,0.27626829147228,0.4711821230300267
3510,-0.455124761783,3.011588601512558,0.9354880063756685,0.21553623531603042,0.527852945492829
3511,2.1792985446453166,2.4241975047535527,0.7557905287135135,0.2629070447124137,0.3770141240613323
3512,-2.2654661221737844,3.4056181789795996,0.96942539413966,-0.1434853037390953,0.13288008958449063
3513,-1.3985521329754802,4.929525720759209,0.736549978703484,-0.008827238499870856,0.17464430743548554
3514,1.502541178578313,1.2406709001807705,0.6048711434610018,0.4567552507838658,0.6939130186204417
3515,-0.054036179624120925,2.9918392359952692,0.669949547845039,-0.12338340838002754,-0.09295185477083578
3516,-3.216631684872737,3.129474948142366,1.1251156676214271,0.03879291547607808,0.4345899378641433
3517,-2.509822922351609,3.782560909195954,0.33743600900729703,0.12264054922469282,0.48432892745956607
3518,-0.6582733732438183,5.208805533605603,1.3754778024622119,-0.07046463118019894,0.019197509310967732
3519,-1.2165502120776086,3.8975576648508943,1.1409229576952489,0.04527380221580051,0.2940198657410015
3520,-3.719243372438993,6.358078226012868,1.679897013342027,-0.12257221025541788,0.2886351828840276
3521,-3.047967472184456,7.082535597001162,1.981785683285449,-0.04796061842893139,0.35120179202582363
3522,-2.323889947392493,5.481226993995573,1.1037457939054576,0.0750047680156228,0.44072959402701134
3523,-3.061757874497439,5.967868086354248,1.4656104738133835,0.04837488230493468,0.5029976008712568
3524,-3.3966413413579053,5.349752920503579,1.9501529265364992,0.18212619501598826,0.8034860883920495
3525,-0.2346952432141825,8.160026490580814,0.8262579692994813,0.3176767991467636,0.6716493016275089
3526,1.910773491959476,2.520123987133978,0.8574588578524911,0.5152033156134171,0.7194238533534364
3527,-0.7101609725183999,4.699575879697987,1.0717003080920213,0.41850357285498274,0.9322750258928253
3528,-2.2921776309052797,2.134835786244953,0.6961666694768234,0.1704688894690138,0.602771219668388
3529,-2.561600267689042,2.5888553930223774,0.6109529452203729,0.06670269820661336,0.4887957510111672
3530,0.8630759309445705,2.807172086346643,0.9389859494772815,0.09832895241373174,0.18679189018706832
3531,-1.9188653049564286,5.539277077564768,1.5614923779412133,0.13940312051135037,0.519832940433021
3532,1.8625246224980498,5.181889006155524,0.2139852521851951,0.3801811483571033,0.549285962384616
3533,1.542154208105017,5.444111914654048,1.0621358748122747,0.37461874694471753,0.4914422503657657
3534,-2.4357213881694704,8.754397996863055,2.091054832358849,0.08849461779063998,0.5083013226470917
3535,0.10645678346582618,2.8087239732439158,-0.3517660534587217,0.18585936920852925,0.3862737844160114
3536,3.0550076690840995,2.588981686475987,1.1104402933641377,0.32370737972979413,0.251207075182285
3537,1.6717489931014262,4.032241507078909,-0.36069907622997066,0.4093391524775575,0.5421305145461284
3538,1.7764317703494035,2.9551527742070927,1.22049630759591,0.31879473103772965,0.48474654916780113
3539,-2.601366461869244,6.119566623265589,0.5616067934761376,0.07093668836855431,0.5056329770999781
3540,0.7402153657008058,9.198433202977874,1.4023788763996134,0.35397900617398037,0.63482150386298
3541,-0.039706994741884,1.8855849853145943,-0.3674222574947223,0.2033056177448511,0.4587156329470252
3542,-2.0427283420934064,1.4699721649802344,0.6403436043151781,0.2682350780767677,0.7069793467834714
3543,-2.530357016221226,2.5099634299526743,0.24769650188891468,0.09059050287791169,0.40237457697634643
3544,-0.2772638602669355,8.006158718778027,0.7955986547385151,0.3345473463870811,0.7160947743335183
3545,-0.3658253028570395,3.7803946946429567,1.4723309461320584,0.21114182722188635,0.5215747542356093
3546,-1.3502596770292195,6.013488128210247,1.9258224979327534,0.12006577249003422,0.4795962130302039
3547,0.39941399038848646,4.392338012526101,0.8902293965830317,0.3854686573577135,0.7048114107849137
3548,0.7130320153632029,1.168745048183127,-0.7432623576551968,0.18922019017131023,0.2790791236704361
3549,2.6090044585106726,2.0527610585167513,-0.7951049974920636,0.14623999046523664,0.08396093338219471
3550,2.2536962601525796,2.0264049351306115,-0.7442763283023843,0.1735744240757887,0.04891630780315759
3551,-0.1002944620315965,3.261438898402577,1.0152529749088535,0.42621335186925746,0.8175996951111092
3552,-0.6906631957700244,4.343907584236825,0.4968510431232703,0.20959683885272287,0.4637662615197193
3553,-1.5038116186482555,5.168796697626808,0.9935957149269985,0.060688352286705445,0.34913640509381133
3554,1.0891337719931435,8.838425034245988,2.166290268697375,0.21176196614685266,0.3620686447943437
3555,-0.5018631858566411,3.0224987734461872,0.12389346893335265,0.43919155337163646,0.9045239405216695
3556,4.486274311732763,3.0678967725655917,-0.13710783691070996,0.5217670089898199,0.4831874272282472
3557,1.1081449590513195,2.2386411003797653,-0.8030135934795836,0.2786120586119529,0.4337387476458985
3558,-0.8342305325972907,0.7039265353204761,-1.8173421664025997,0.007238483225896635,0.210247101732341
3559,-3.9690956951441385,2.573656017670714,0.7230826343579883,-0.006148397294593372,0.3997856095092419
3560,-3.033216908923484,2.0744027975520574,1.3607684487291192,-0.19494374212798546,0.12295337792587305
3561,0.13136310777081048,5.974116766903808,0.7611412581220702,0.33712435188653994,0.6557872716657539
3562,1.5949176253176238,8.04955909024133,1.7051553191894657,0.29735887504783637,0.4747426495250394
3563,-0.01565383859504163,7.65234549671761,1.4175014836839774,0.43215289163236437,0.8327813707427356
3564,-0.5477198261627042,5.063925474057402,1.680394841767767,0.4104425347979308,0.8756421401345531
3565,0.630037793597547,4.970629668031471,1.72599043759246,0.16723129067856324,0.2945213360025969
3566,-2.1960825881329704,5.885008558233313,1.6920507488409005,-0.014637943068601007,0.35130003791590225
3567,-0.9252042233442881,9.121913301483424,0.28777823371832223,0.12171146614706853,0.4183082681685325
3568,-1.1866392015590197,6.225030607222412,0.5034880907693228,0.14412744645618564,0.4067248287163815
3569,1.0232231975848538,2.727216467983186,1.6091262339150567,0.18332163068839577,0.3401124277237288
3570,-0.8689401725343002,1.6109803066539874,0.47373777196624883,0.33823356986353165,0.7971972891826995
3571,1.9938840844147585,5.357540205860902,-0.255623561465371,0.49587058791785826,0.8052456100443218
3572,-0.3893895115426636,1.8702195580095884,1.181034124325034,0.1790127466058044,0.4038073885585454
3573,-0.36169081767992245,1.5766190308588164,1.932176428718799,0.13497274346689947,0.36513065122481453
3574,-1.7510165251253031,2.064365146367243,1.029736167355947,0.049455804817499095,0.3295387713014614
3575,2.235979889325838,4.875455587637493,0.6465943368324159,0.4174658379440158,0.5313333955043674
3576,2.2916653668005047,3.975627548778787,1.3340939254771578,0.4029673185640084,0.5434662587772727
3577,-0.6376007492639769,8.720411295111779,0.7590766986926497,0.17200586293075487,0.4354098973051492
3578,0.19925628315385568,2.3780029854260833,1.9545918187907485,-0.038970497848387915,0.012209972615736128
3579,0.6506314934731774,6.8080093586262835,0.0629833014218,0.3684652249057385,0.6612047143436547
3580,1.1776397356161574,3.3777447063569066,0.7585940332649846,0.15808436245381197,0.18312840147307044
3581,1.9115353939086195,3.0584825551993244,0.6678263457364514,0.339855097978488,0.4156042182791956
3582,0.4229267110585859,6.674042762417484,0.3757306643531406,0.5049301004920024,0.9062989408262488
3583,2.2478446209283627,4.688094735032965,1.172177722189445,0.27416914782924773,0.34700018039841235
3584,-3.1856586118214163,6.668809449771423,1.2190589341057583,0.1142449677588936,0.6360464090994319
3585,2.290585488321882,3.037167195156301,0.473181989192008,0.023165196555078822,-0.13906038581354985
3586,-2.0389181141463077,1.974586098485703,1.3333927526139648,0.03166862556481618,0.3774768325285236
3587,1.0930470379445607,5.050558693598553,0.6451485656465665,0.25047154495293383,0.317161362651919
3588,1.3051688878608223,1.5119445482434242,-0.3909448273636627,0.5341104267900195,0.8402755320702204
3589,1.0369727680448932,2.465827589417749,-0.35203381288172125,0.47072641418518313,0.7570966565341367
3590,2.806727197984673,3.8005508575924276,0.23327030489536027,0.592800486267935,0.7676903111162457
3591,-0.2983418210910632,5.63866153261228,0.1943422215609001,0.5969680440669959,1.1960227573478974
3592,-0.33789654236100986,2.595114974052959,1.144093456662354,0.016907947272861313,0.1003255218850838
3593,1.1386051944611602,3.4677522472118474,1.7392537804733748,0.09025357222420016,0.060154013098068455
3594,-0.00017813057571321146,7.650058574161111,1.88557930543822,0.032872800475734286,0.1409929461627832
3595,0.30560650496615654,7.929242787407505,1.6486078920421032,0.020460776355039102,0.11462443444760141
3596,1.85933878425354,4.444220821012068,0.4616313377584719,0.328839987620621,0.4584040531236621
3597,2.2299252690366016,4.639535594118837,0.41160505799726865,0.35251734340701396,0.42956842874358536
3598,3.5043586725421005,4.495945309562488,0.6218304562050556,0.5912250930703454,0.7080364422697524
3599,-0.4000395052392288,3.5354367361805297,0.7417093682323881,0.4632508631441944,0.9676079013894073
3600,-1.3900099333317684,3.6378725928136673,1.0380653968880909,0.2976537819638211,0.7083905230669074
3601,-0.8622653585704589,5.248071485454978,2.126160780321209,0.24002804688526502,0.5784277865287537
3602,2.1754005638998497,5.9301041886114065,0.1348817168034753,0.5846645102901507,0.9399389659854483
3603,-1.3650020305609767,1.5789708865823187,0.6669722599930372,-0.02135742239367562,0.2246757672684546
3604,2.211492893428575,2.8491702820372438,-1.2382515007343853,0.2845703831422912,0.3247450586874018
3605,0.030037848839158294,3.3290207571346953,-0.5825869836939298,0.24929069618137495,0.4755196504688349
3606,-0.4288121240132289,1.5137508035173501,0.7691982128134892,0.07421205604582669,0.20211327907916266
3607,-0.2586626384865939,2.3207064709215204,0.4747240539017122,-0.051799240933676195,-0.022055602704003953
3608,-0.5269559432036915,2.7658902376256997,0.29789395534558394,0.0792758014870737,0.21224478344948774
3609,1.8978547353691728,3.388264305723632,1.4602023610922303,-0.14159557021144686,-0.43718309998285826
3610,1.5219442600228172,1.337562696663855,1.3360937477697592,0.06783733520641066,-0.13480485761618366
3611,-1.5978507418949426,2.3876918788093273,0.7502753137039504,0.029475498996364743,0.2552655533740315
3612,3.102396103396336,7.29277937748619,0.6055119599547892,0.7454474468843169,1.0855154198116799
3613,2.5605671729826414,7.084458368288871,0.6491590281551847,0.7639449723913556,1.0493611109334267
3614,-1.5661392153413038,2.228098692405486,1.6954825192392404,-0.05286964544128375,0.10675488667192184
3615,-3.9586546639299023,1.8612934569726676,1.5114794098697413,-0.2698058944056625,0.08441222953128942
3616,0.1225618639540568,7.058446205215968,1.5708377685587833,0.34782940681851243,0.7189102612021501
3617,0.19349633335513367,7.308159054955686,0.8087171629223547,0.45554018503152094,0.8969876335082296
3618,0.6076995739380661,7.788144228731732,1.1080533088610924,0.47941832147419916,0.8641324353985113
3619,-1.8678494505988243,5.656529131738268,2.038914160622072,0.3562968912241738,0.9487120550619513
3620,-1.1352430491419505,0.6549749915864773,-0.32125964762742787,-0.057649148210998334,-0.009492141430963106
3621,-1.2993917279873581,0.6423091316979975,0.2273125057379299,0.04481694104159798,0.21605360755965985
3622,-0.8429347363171168,3.364899912678769,0.055106112308036394,-0.24797276715328043,-0.2934918297915205
3623,0.7215572170533099,0.5810745316940742,1.0629080242165692,0.23743057150010385,0.3755285113231211
3624,1.2144335155803414,0.7065035087361974,0.5574543578094965,0.3428621222536842,0.5214219590336389
3625,1.4056066195432255,0.5330785506017377,0.6472617536210477,0.3456678952596383,0.4514021801856692
3626,-3.0423143030435584,2.5025127026893803,-0.8343928821144051,0.13764181135581344,0.5804818452963746
3627,-2.796921428102248,2.5014612410484536,-0.6524893741159362,0.06799757670109464,0.5349752449786368
3628,-3.9789071503424087,2.569423263454662,-1.2295405838439415,-0.03302542684138147,0.4139502571325299
3629,2.797172823171678,1.8458120154116402,1.9386072464825415,0.09020893689372181,0.00310675891759112
3630,-1.0027997731903606,3.0535275368242596,1.1165301904774816,0.3062287764769869,0.8044720351250157
3631,-1.1069936986963484,2.598138464248531,1.6231131294559031,0.3973757037749451,0.9239348024732427
3632,-0.989206940778192,2.587147015105116,0.5688933450964184,0.34108777500947135,0.7651260721585152
3633,-1.813967914141593,3.8098674554740684,0.34897588982032346,0.2199001642497021,0.5688113295320232
3634,0.03318441965449417,2.885177066405276,0.5956193960470647,0.2386976732200712,0.4423000982293644
3635,-0.31945726727364954,5.73098245588811,1.2841368069553372,0.45407454218539506,0.9262424823054516
3636,2.9786858727381493,5.349789279769824,0.07742892042894015,0.4436363265275851,0.490982195492389
3637,3.653465018087322,4.009233273002462,0.13300430540011865,0.3994996192889683,0.3313741531251527
3638,-3.0728350110593077,9.898525112339918,2.3432690404233107,0.15009062572821388,0.7227187828232938
3639,-3.5987896699248187,5.358142303192504,1.2727964236309346,-0.09759951514985635,0.33247835586250735
3640,4.7572462028941125,4.884495274358629,0.7958448350624542,0.8202209791688551,0.9563638873651378
3641,5.218487532365441,5.646033393965994,0.7317145016639183,0.8389356946427089,1.0404615050630306
3642,5.373858815348765,5.5189530468741825,0.8338812138630874,0.8818209002011441,0.9563283672406585
3643,5.266723763966615,5.7960520921095,0.8589927372856545,0.8092994959333203,1.0058190865755086
3644,-2.1397209872160863,2.9704483267234214,0.08854397189933551,0.255989581910548,0.8311652956471107
3645,-1.502969243965483,3.585404754252617,0.956623992408383,0.1540154138672681,0.41990073740264905
3646,-1.7618686357064786,3.9959698614972154,1.0693337957920925,0.07370821763102754,0.46465652011192876
3647,-1.450471348535303,4.13736065588409,1.0784524851266062,0.12114423350951681,0.36169633014668423
3648,-0.8257911398209233,4.964571052262323,1.1784661952279047,0.15605502727253373,0.37225935011099226
3649,1.115071435886788,2.3407197957795627,0.8099125707567628,-0.147511447346666,-0.24697834862474385
3650,0.7077184414335697,1.2212915590588305,1.1804325152178838,-0.22076915702212963,-0.46347750578241464
3651,-1.452249019090925,7.732093982982677,1.2465566577160623,0.5253801159400132,1.2397601923088306
3652,-1.6387914178735077,7.943707087108015,1.5774262319656567,0.5367098323082251,1.3170187683823096
3653,-2.411373449878534,3.7708371392280564,0.12033039769309915,0.18669778072568335,0.6818052069743974
3654,0.47149803244000826,4.058937147147343,1.015274126637403,0.2566957742809008,0.42997886711649874
3655,-0.9714727444003078,5.766979464224546,1.0882094114842267,0.0915596704673107,0.36910497931079816
3656,-3.0188885791337774,7.316932021698244,1.626468545812144,0.09610380809445164,0.6192917094070445
3657,-3.263688301908633,8.123861030099972,1.432368660954302,0.1284972730338232,0.6446510804390901
3658,0.6142678462094509,1.3224167276043273,1.270872391639054,0.00010694133265979883,0.01261842569240214
3659,2.2112058632249,1.287357545980821,1.7378933521540678,0.0894983193507706,-0.05868910772002338
3660,-5.617363737809795,4.504292911871697,1.2646211592266547,-0.07687617839554174,0.5360331458920446
3661,-1.7466733495366373,4.425813141266728,1.020039799426022,-0.14814405150824095,-0.030986450873687343
3662,0.010081102741059353,3.8575555973128393,0.9568673263297354,0.3131335445831513,0.6966944109013051
3663,-3.6151156973464333,5.106777802900596,0.8014812609929511,0.1356677712794107,0.6506339354089788
3664,-1.9876332798317056,3.6692019887158858,1.509170753595018,0.1938751506260981,0.5747934883252264
3665,-0.08528183203867142,3.3686401013391123,1.187493681594432,0.14295991409290013,0.4237948795973281
3666,-0.8161882194433169,3.9704514479709423,1.2533993541181232,0.2574334864618543,0.7187646119182556
3667,-0.7502447904683941,4.611050360215535,1.4113091341429065,0.31467871787016244,0.619561472349243
3668,-1.6968406305603128,3.8527763889013067,1.9959883787889035,0.05836581805416208,0.3485562506480449
3669,-1.0413199316463644,5.683735759485962,1.2709197969824615,0.1232211333771187,0.4210051177750875
3670,-0.9556269059670672,8.781949382532252,1.394349008935241,0.2384014889077164,0.6158891919879734
3671,-0.10990713327024676,3.698293084403304,0.9879936164005308,0.33803002248218156,0.6342014328769225
3672,1.388059660198431,10.37377423572836,1.5729516095032707,0.5184750989392498,0.8362797437341978
3673,0.43806546683460745,8.882532143171128,2.236883142360813,0.41330316233822145,0.7619072526378611
3674,-0.013589478017170177,2.7917871973374337,1.81914186152502,0.1534915826755223,0.3699937120129135
3675,-3.5052843589582077,4.420221096025024,2.1527369160521372,-0.09549428609451914,0.2551072636753926
3676,-0.6095451815344624,4.622317776807297,2.167125143777568,0.016578482576683838,0.23719118430798047
3677,-1.802091644121463,4.962175970071848,2.303394232909484,-0.037905489475350676,0.18953371746620565
3678,-0.8859279540222115,5.8229719163038425,0.7282014051099035,0.374874682332939,0.8007346572084538
3679,1.9445110476211838,2.3414047888159155,0.37493523077472984,0.20609768906527054,0.17175205136399072
3680,-2.9768491355949624,5.090148895115812,1.447521311675441,-0.19999214181193167,0.07315024738278111
3681,-2.191731097970112,3.6382975401613913,1.0892306597193968,0.07487230266718138,0.45319962282739895
3682,-0.003972166728991273,2.9105067594886798,1.8622250764837216,0.08820277468603308,0.21977498819380706
3683,-0.23218266761043638,6.636506964554491,0.260431913452508,0.27770212137177824,0.5350550408057425
3684,-0.3420878162421529,1.2586555657950589,1.0835478329882922,-0.03318558378799016,-0.005340805572294886
3685,0.2428703556555172,2.191416365473229,1.8413841206494532,0.03041977149196189,0.19071190483347958
3686,0.6613923548413678,2.4125553453183124,1.6468418819137112,0.09020744400247824,0.25343168007323064
3687,-0.26306707393470885,1.9343374675049467,1.651634630674048,0.14044498273759667,0.2515759009248483
3688,1.1492197570683989,2.7790803433872777,1.452871112294394,0.06833731313988403,0.13535684527114095
3689,-3.511853652045986,5.478082839038845,0.5081788020874662,0.0947038415912914,0.6008942380921343
3690,0.5490301707895411,2.7941277966179254,1.0726316976028416,0.16523198197218159,0.31582314722560606
3691,2.595697316628659,3.699612007081502,-0.04588259111963395,0.5073198240196233,0.6681848740942652
3692,2.7321325871381847,4.173196619857589,-0.18754528741132623,0.5507272223623274,0.6962699645660397
3693,-1.2113346787735828,2.776549071947811,0.9094096532543965,0.20889650018290978,0.510255093698055
3694,-1.460271146297417,3.1671665752216236,1.1143369632376603,0.06019495832736612,0.4038430498735612
3695,0.8297860114889485,1.836523387693385,0.7774422282410569,0.4046592725602106,0.68628864716367
3696,3.7869759991077157,8.87001616198701,0.24847986630369792,0.49720865519033575,0.4946452567748883
3697,2.242102468289959,2.5725787816428505,1.5653854616190923,0.769959648085886,1.2054243770149404
3698,-1.5081227464971805,4.6640314924779585,0.40914960705366893,0.06480005491359421,0.4570698619637466
3699,-2.2126448901676294,4.554399550929383,0.6112928808969522,0.10197602782792535,0.3651657522764913
3700,-0.023335826746812005,2.7849718493596116,0.21229519352090398,0.47816639434975416,0.8864560793022123
3701,-0.040331620477829504,2.6370116740105476,0.18918199833286162,0.4485257881152536,0.8680570913756845
3702,-1.1595724133986076,2.1990714652185983,-0.041602126777010764,0.41492615729450094,0.9302567854614178
3703,2.6721195581191064,7.21595112192783,1.4999041398553934,0.37691373474635503,0.5222636297046239
3704,3.5421865644160615,2.4943713890063877,-0.5559282951072231,0.7403493927202253,1.0189161218415443
3705,2.47148139514346,3.9361412530432744,-0.5726079800562845,0.4703399986134979,0.5790301518112386
3706,-0.34450978913966107,5.585215919831127,2.284015962509235,0.2340656531101441,0.5515071659545125
3707,0.8330812680061084,8.904199236503603,1.0050782507310483,0.1624894613640809,0.2598362755657865
3708,0.9560617471194885,1.9558620106376354,0.7574862212706914,0.17232692780826112,0.2519295237794715
3709,0.5247394778374208,2.30947501814361,0.6426646290239723,0.16753972209327478,0.225018379598358
3710,-0.4143143753646667,2.3763405084873046,-0.21081898288732115,0.036914422970231835,0.20782581994258997
3711,1.7086222555123685,2.2678230027289343,0.0908110448122267,0.3128892875037318,0.3180277382413759
3712,-2.3494971253950334,2.961806928572966,1.7104656119899624,0.06775500921506022,0.3597939113940847
3713,-2.7440449278546906,3.716121308808172,2.316268882574016,0.07441150040225392,0.5839211452033949
3714,-1.6230496141969286,2.6675697321969603,2.9261236564474498,0.18282337755747635,0.6687563482250225
3715,0.13644502283569251,3.281883241009191,2.0816767640003984,0.3521862169034668,0.673566858783273
3716,2.6116365814518856,7.7115628740966,1.231312379224831,0.38094545674392555,0.4335317312220222
3717,0.21202902437132715,8.880269602816302,2.50199218476157,0.45088967219959003,0.9687686453477165
3718,1.9081163041334726,10.403295473377531,2.2973304795250677,0.43604865971052914,0.7200062162772939
3719,-2.9031851050290443,2.5392260298264584,-0.25973340182978594,0.2606430856168817,0.8903322225297622
3720,-2.2896441755729464,2.52274498573732,0.1959967106397101,0.23510936649632877,0.7372699488425326
3721,-3.813327532934972,2.7227189501745386,0.5336344114304044,0.29111701519819483,0.9622064013774562
3722,-0.3344260664134065,3.0800208806579863,0.38107959425564225,0.6487789951609261,1.2237239540552332
3723,0.5337407019959084,4.060059552290957,0.7726736268822924,0.29816105643635793,0.5269682738335132
3724,-1.693890925851792,4.015388008160372,1.0328169795878879,0.10503781433060165,0.4333801260186178
3725,-1.9480702190921957,4.220463397384198,0.9127449111400915,0.12748832668443025,0.4377019949939711
3726,-3.0090826768707073,5.002877715877493,0.9543620078601152,-0.08183271567749194,0.329813403078609
3727,-3.3567076806529776,7.185478115292031,0.8617299510411897,-0.015699835932529712,0.3463906344944327
3728,-0.9637117797261793,2.365305705828455,1.7259007224337901,0.02364084292460228,0.1946591581709518
3729,1.166066388875033,5.540746186760036,-0.03866139210034228,0.23897417969387022,0.28943915923438734
3730,-0.3724615281469363,4.696617347712451,0.21615829473286674,0.27579564799313544,0.5447437056946322
3731,2.0717858988005924,4.803786567856918,0.9522466944878689,0.3599065046040233,0.4435799897039907
3732,0.8824159126430047,1.7313705550690144,0.2084726882913429,0.334530830498266,0.5200170931597298
3733,2.354837410684134,7.273827379871114,0.504344194016077,0.39890468588743305,0.5184596266953957
3734,3.778363228010425,9.125823961164501,0.976846210535799,0.5169228089779372,0.5708074288056749
3735,-2.356894543979865,3.166275406985765,0.9956200792665441,0.025544612635709174,0.3779334563188474
3736,1.1882839339017492,3.6430820953401173,0.49905433359982443,0.44209960139281135,0.7122443898965829
3737,0.5764612298714396,3.860095921756379,0.49322512267433943,0.04574912841990482,0.07268535761327369
3738,-0.6111863578656798,4.068145203812232,2.412154137708555,-0.14611350675108767,-0.08992417443625268
3739,-1.5880560621628035,2.922269005042177,1.5681987950497356,-0.06237271841128427,0.17245644750995484
3740,-0.28671633922149026,4.122459429805129,1.315064815266041,0.16145250356758822,0.34935404411998777
3741,0.04693284893149303,4.82682792310543,0.9984517767375103,0.2351627250037837,0.555009920704396
3742,-0.2576696474667703,3.0213379145797297,-0.5465345344547139,0.3025646396835612,0.5266099255915503
3743,1.7769843596514594,4.631922151303042,1.7264238548843964,0.42875698810364254,0.5760081810269556
3744,-4.135890258729265,7.899823328231072,1.7163383538303723,-0.016322331382677836,0.44444287729919435
3745,-2.898260607323452,3.8704548513477812,1.1174280819559874,0.07480098015069338,0.4906119374094488
3746,-0.8898347409399141,3.6831243438464956,1.7547982195563359,0.029957226013992075,0.2665099974103743
3747,-0.516252235364806,4.865683431432614,0.7350565891602799,0.23695779616368676,0.5367545780653792
3748,0.2614226983757825,4.486831406823957,1.5008312319477317,0.24221445723935484,0.469996979864328
3749,-1.430939115292571,4.00844817047785,1.369119036631376,0.2568789492609955,0.6943159959700475
3750,-2.6025708288124565,5.9762249403813135,0.8645423660507287,-0.037969777129969594,0.3259405162951076
3751,-2.4469897648142513,6.113730214999479,2.0600645450925077,-0.03843340716345395,0.32715516009171564
3752,0.8811017909578991,3.4078261669985253,0.17597702918689298,0.3030105372891734,0.5473558106639481
3753,-0.0978706244922013,3.657499401025507,-0.011618197081340017,0.19097037274300183,0.3975769340769305
3754,3.718782857554284,5.000703546326774,1.4811514280949563,0.5286889018795605,0.5494328370293594
3755,0.18331670237753236,6.697358967072342,0.6751458869793808,0.49334043524726234,0.8750850736150049
3756,-2.088961038859648,2.159862553631909,0.598385730947926,0.011389328609629063,0.235086598679369
3757,-1.863927249665949,3.4715916698304055,0.9976187905421035,-0.13799240055200124,-0.026668832202772892
3758,-0.8824060858625158,2.3090164260166586,1.1458572605583226,-0.09447956772863475,0.05063145504179162
3759,-3.179800619079404,2.107728127951291,0.6779387242285302,-0.10304753230486922,0.17518774643458987
3760,-1.005264069185582,3.883409471459718,0.20254685849159237,0.18056056374622986,0.46156695956872196
3761,2.934746206635146,2.3639971979874357,0.7711920249108666,0.4298035994662018,0.5691985740963441
3762,-2.172220084270409,2.6260640550649668,1.9584928493162461,0.0073419487513444025,0.25534432266627105
3763,-2.0109431579246793,2.449965191090593,1.9910151426950111,0.23557060416827733,0.7059147978544663
3764,-2.9384675403538516,3.867940630507264,1.7026171919900608,0.21761197984578462,0.8221216464892909
3765,-0.35303822115495836,7.868027424062922,0.049636239068690295,0.34776324974271966,0.6872542838241172
3766,0.08272596559861026,3.3702780504463434,0.3431632074570107,0.2853337563540348,0.5157077559388402
3767,0.6106643963961755,3.8236008748840606,0.1463759378206337,0.32769851640693026,0.5214961515702021
3768,0.2847371726456997,6.753168016395823,1.0198667898589262,0.14814988982244137,0.310698049751286
3769,-1.6659044950117832,3.101444050631521,1.552247244901838,-0.015544011593794965,0.19598928440876645
3770,-0.838154728624449,3.397830485897396,-0.748056271489432,0.19950158093913473,0.41840690338565617
3771,-0.18323734845925155,2.080929938638404,1.4875894938653307,0.07847427381187284,0.21555488810728324
3772,0.28394202983413896,2.889992126228692,0.08151312433747494,0.2038726259977245,0.2659601759662183
3773,0.3379109562761218,5.367749619457194,0.49730143009696665,0.22194663125049574,0.38228574388931236
3774,-0.6355088399827401,3.2667630163516095,1.3605965523442727,0.13525295127550474,0.4094859754726905
3775,-0.9262225460435985,9.562759758348834,1.4831208414601595,0.23659801374809925,0.6001994393020763
3776,-2.1070487326280474,4.00118230741371,1.0072891910772177,0.021991929978739642,0.34245744338756073
3777,-2.254984070854743,4.606031437367046,1.0997334217009387,0.12555844558610144,0.4678584714531456
3778,-1.4140777113758647,4.258059356608846,0.8970142626219137,0.21179328304677075,0.6626219573651492
3779,-1.2469339023311503,2.2874453784615922,0.6926119566171948,0.11467879060664057,0.36968935040022827
3780,0.2763449936330027,5.659800927444906,0.4933531604517593,0.015177336268050115,0.13651281745503513
3781,1.1688397376519304,1.723055063649406,1.6945185370417426,-0.026415617942348292,-0.1242767857283249
3782,-0.23140465466361665,2.83433743564621,-1.128967836727055,0.5019660737707465,0.8846408546836418
3783,0.6887314090877366,2.903889125037927,-0.19892859479040803,0.5552574197433788,0.937653358584902
3784,1.8896106527128123,1.614981149549442,0.5450286589769241,0.6313837634954241,1.014477943337752
3785,2.481420270455987,2.539038947904719,0.03140521783012524,0.6631818754813373,1.047924351713452
3786,0.7748938191690595,6.699947697872679,1.0745723531440134,0.3474803335524672,0.569501930262575
3787,-0.5488172771158126,5.309285540288847,0.8031535348411667,0.21547226460460378,0.5469112810506688
3788,-3.2302947557118173,5.496653179540388,1.6496922077323317,0.12812698883197457,0.7185110395247812
3789,-0.18869336799855838,2.3914526246832613,0.7051579068932938,-0.15459315107298707,-0.23623198401184625
3790,-0.06397398968249333,5.940592148444422,0.670866662330013,0.4150813413550707,0.7737370924432486
3791,-0.4914997352199456,5.687054031852242,1.243595960639204,0.07975501455765915,0.25015331425808335
3792,1.003120417612182,6.253867292239538,1.5925602574412256,0.5829853689140706,1.0680629777410657
3793,1.8611133219273865,6.937880414055796,1.3374426970110456,0.611898007605209,0.9436349710361146
3794,1.9970227036642014,4.277167219836339,-0.2129672449897263,0.637061902282711,0.8894137042606066
3795,4.736248517256365,2.8742176493339135,0.019987175904646194,0.6109453581864663,0.6071755377348002
3796,3.0169207959428355,5.716899849731872,-0.13971483622787023,0.6243571922116875,0.7525120653085183
3797,-0.35873733077618514,1.107286016337183,0.12445707551660082,0.13457860823329718,0.28301160190375074
3798,-0.09810432039206193,1.2621125484986409,0.449524798466302,0.15615899870233638,0.37224317861983314
3799,-0.4985478914862398,6.582328762541086,0.8334467972384629,-0.03954448179287961,0.08993281518044961
3800,-3.1827095504645353,2.6428894857222285,1.3946071429241087,0.05830897989832162,0.5406346103075028
3801,-2.1286042609578186,5.070852559537482,1.385908103436131,0.17866416044017033,0.5547778650253189
3802,-0.7566439848851415,5.840445538624631,0.6827421029817863,0.12572030407832108,0.3520863042644185
3803,-0.1530074987262394,3.8591060959713306,0.5148390125333703,0.3448976774153002,0.7098154265323297
3804,-0.39397156175448195,7.908596911224063,0.9359246242137379,0.3519981852846342,0.7193820498386466
3805,3.6864520099776876,2.7956107791031584,0.915966835326823,0.37401699632122687,0.3437001573909005
3806,3.2134875093035338,2.2056821770442085,1.0193928282578488,0.40551385927438544,0.3238087711487277
3807,5.1310260575474835,1.8697002561105738,1.3035855028758292,0.41687502490421063,0.3382404074481817
3808,-1.61963478480361,3.9980309717034492,-0.4111694970401566,0.7083083623889832,1.651603217719728
3809,2.845770703945527,3.676187831329897,1.3237340195898128,0.15293250428840496,0.03282168582851615
3810,-1.9344457916429885,6.333728120961747,0.7455301212581883,0.2856347388801095,0.8222515769926744
3811,-0.6495757200018516,5.251046053201636,1.7581275510860586,0.06391424114173933,0.2503040481721506
3812,2.143717727268214,5.4490622469149566,0.170027910892045,0.3378440982718139,0.4336321836354969
3813,1.022444289533039,8.214331288336437,1.1051351944178929,0.26704788373205934,0.41570643514076594
3814,1.1900765194911112,2.5933332790535273,0.7755995981592506,0.2795134523688302,0.4647374763443176
3815,1.6687041909761315,4.061978949450392,1.3043255781788545,0.4861769987156502,0.8267980536551439
3816,1.8873906279960793,3.3760908856560987,0.9141050094575641,0.5053133589372506,0.6899270013958566
3817,2.593051892863725,3.3864308553965308,0.6748659743192743,0.7672996846821358,1.1172105498025624
3818,2.732699606159286,3.2330847597241004,0.694318557496461,0.7798808521859187,1.1574759988367416
3819,0.013299806196245528,10.572500803417691,1.5661964757079239,0.1287961424891063,0.3244585861153193
3820,-0.038079402163920174,3.812299540975227,1.100298975125181,0.45690284762431416,0.8880819817590524
3821,0.22437447510203498,3.904216014292443,2.488386635077583,0.1822520522140143,0.47991545577758227
3822,1.7634921803934882,4.451573557573165,0.957460988851051,0.33361335003173426,0.4131997877486732
3823,-3.2791162266665927,2.2053927315390482,1.2772041872581625,-0.10618885947581684,0.21513941133107523
3824,2.3161048345688786,4.3405542828369965,0.6919076299444215,0.03859768717346162,-0.23390257891742397
3825,1.512675184368371,8.391160505335385,0.5451118442217601,0.6042502700479583,1.0683963202929354
3826,2.4690333119188455,5.342835315770098,1.2421531318217567,0.471661603234228,0.7013226042525584
3827,-2.149420535505794,3.4854914338211604,1.096613495720264,0.061922598200918555,0.39043344102955946
3828,0.03501338352486793,6.90494978534464,1.0806290020539486,0.13629907117478451,0.3279676697084996
3829,-0.4129532555659793,6.152897310714665,1.0025714124664917,0.08393013477192836,0.28798840546017784
3830,-0.06998582616060028,8.545007714496595,0.7684689526659517,0.1985212070828542,0.4207138377974512
3831,2.562531402364162,3.3943456095026256,1.147474695879486,0.503632317850882,0.6889611406091312
3832,2.7837440732452414,3.6030453224778958,1.4296759863289756,0.42265712074068296,0.4969217771999584
3833,1.4432017426620127,1.746359812994687,1.2235464430977587,0.2874369527075045,0.3626535204333652
3834,0.5894581055652017,1.3211691267511336,0.6889227108421921,0.32551408539689997,0.6139366418584786
3835,-0.8906246763048482,4.313372116832709,0.8700391509411114,0.18052283454928064,0.42384773853734276
3836,-0.9462210289424307,4.117348146920616,0.5916714071341278,0.16063625241962406,0.46159541093138196
3837,-1.4912055565556943,8.166753334480902,0.28231099587713454,0.07969562439049672,0.3903854683103502
3838,-0.2784546063605029,5.963599588708386,0.569544445636315,0.23334878533366007,0.4646121631681339
3839,-0.6287915737315714,3.2907665448782035,1.190905838949377,0.18422772773953575,0.39622143486672573
3840,-1.2987259447042414,2.2598584437406317,0.5935841972397949,0.3248245554751334,0.8641250202661289
3841,-0.11058751088449605,3.1413362551251764,0.35187136221371756,0.46774702558662357,1.000119685414849
3842,2.7411935668445335,0.9258483822301378,-0.2671749716372595,0.48577782024210187,0.571130530841321
3843,-1.8104370436154782,0.27012907367934713,0.19471365728882892,0.10523466395253839,0.3971784088450741
3844,2.183241053641717,6.1297068523885745,-0.35786779006553415,0.17823946204127747,0.0620696236239324
3845,0.9430686242083783,4.4089761962594425,0.65065365526119,0.32649060748468306,0.5319890373040855
3846,0.26369519911986977,6.458828427702233,0.4537276018034817,0.24195344899182566,0.4965763044661217
3847,2.5303394689411456,1.5360081929508,-0.04875734538632303,0.4518943031457919,0.47123594243629946
3848,0.7701190131858336,9.861121081357558,1.2178279189137728,0.44278101054019,0.747779290565883
3849,5.037349127299229,3.4238496576898365,1.4231122645574876,0.5134892870855392,0.39707066427868515
3850,-1.0254149499611915,3.4558238215666868,-0.22812573820112916,0.11920145465565156,0.43432495066997673
3851,-2.597890683863871,1.6666822381682975,1.0300388970853875,0.30810607534573625,0.8008015710542985
3852,0.8135999646550435,1.1308677531826286,0.590138021733322,0.3120799020941891,0.5191370566834566
3853,1.4379127300628258,0.5062636713192895,-0.6116016195799678,0.24400283186288207,0.2840103416679647
3854,1.3005667197301145,0.5215705877643084,-0.5151198246222708,0.20272713564478692,0.13375742897391638
3855,0.5682229514008209,3.6203635964022705,-0.24023016219964832,0.38998321585730733,0.5925381524766533
3856,-0.12756747618457362,5.896344118117148,2.229541602992914,0.13789217303398416,0.2995424817183356
3857,-1.5842569626382943,3.219258247522306,0.5158892010337277,0.29722020750885086,0.78172101409899
3858,1.7487352132493326,5.717116888630297,0.8342255681381504,0.35719387437967315,0.5195211212839553
3859,-2.3737885334937587,5.73500963109275,1.1685407378508796,0.24397321082802115,0.794930897561196
3860,-0.7807349417636508,8.793741819905543,2.3196316785612567,0.06919507351049187,0.35333538221385213
3861,-1.646095517852681,7.157554669771192,1.6301987829534836,0.09050085593849089,0.39136206058359047
3862,0.9483349188878308,5.0926867919057415,1.0516798644566945,0.08222589500323552,0.16336857481592063
3863,1.7301472463929255,4.201889349970983,0.14313624329425603,0.516796122627849,0.7343055465361318
3864,1.2301173929597067,8.548069419624047,1.7999445770835476,0.3720565352188097,0.6712953556030434
3865,1.0949832583541896,8.260107514369516,1.764838532875417,0.40780187343663776,0.6403473383451117
3866,-0.36951159486803564,2.5108470051433316,0.13686647824866338,0.5166496808939494,0.925882970790774
3867,-0.3666931463778563,2.6900224992082657,1.784075438206658,0.3187325930869151,0.6327804581808201
3868,-0.3008128632551103,4.71490817573316,1.5874939716816518,0.26435684903077633,0.5520268688455092
3869,-1.4183333047405373,9.17580995225463,1.2224266628824618,0.1168936606858845,0.46974301625194154
3870,-1.0916459313607616,10.804383457912804,1.6662499493528806,0.25070745056674365,0.6860159029626391
3871,-3.4721675633409426,9.230039610446966,1.465357121583898,0.08630844223345803,0.6193396031900782
3872,-1.8446262371668458,10.26372372862815,1.6151280118334463,0.07404295064712976,0.40930440549871305
3873,-3.2863242120319205,7.5167197892714,2.0262223262457155,0.006139876824855243,0.47208204305326157
3874,-0.2706459118903342,4.177289687700564,0.44220558157101847,0.2838960400968258,0.5844771727560053
3875,-1.2530866036343247,2.0666859111866533,0.3346604392575502,-0.04789184026877513,0.10217053146379565
3876,-1.9282099804612955,1.7102247908409427,0.7287268639198405,-0.02520611230193926,0.2703482504888128
3877,-1.3006346294655349,1.9257893242422857,1.0882849990593924,-0.08738097408996576,0.04842952236162257
3878,-0.5575479804071494,1.7067379245661067,0.8278104480588148,-0.005583032897095093,0.07009757356705223
3879,-2.6749937577819956,9.570176389572145,1.7520583286949716,-0.011661724346491775,0.3578797838322845
3880,-2.090189527630423,4.185011422488544,1.923388162041607,0.1027173714136479,0.5595566361514318
3881,-0.3298257631697237,4.773846330395984,0.6007142036720137,0.3157257148568007,0.6017572478122334
3882,0.88546708946122,5.731280083900652,0.9760918679471858,0.27806790665856607,0.4918603952750565
3883,-0.9014558995178685,3.7640211188761654,0.6584800375411032,0.01593558991966853,0.1380958003882625
3884,1.9949492615523279,2.491483125347184,0.22177448585666631,0.2628125299413852,0.24019173485426135
3885,1.6861702574108155,0.6574527716520767,0.4666100309529026,0.31632379527681176,0.22816900837140716
3886,1.927246781221874,0.6364879679649514,0.48950331606529934,0.22462444603642706,0.33385515863860754
3887,1.802555234441233,0.6493196985056249,0.45923875300772327,0.26539370858837086,0.17494015533208299
3888,0.3349967449102069,2.461194417186901,0.0542404673093004,-0.374637505586624,-0.5982985337549593
3889,0.10568652372071946,1.8400646765476678,-0.012914917609803131,-0.3412431866340441,-0.5372399991775842
3890,1.3235000884546797,1.4184522134672375,-0.3017414951447931,-0.023391990235582805,-0.10952010717439986
3891,-1.1806842038045617,8.48126856630959,1.2496341119356356,0.31870239153395696,0.754528487588636
3892,1.430695380050402,4.463976755310711,0.9384766306258692,0.31182344355476943,0.45287993228998363
3893,2.0111562135812138,2.3245496249051816,0.6363747518348973,0.228491211036901,0.21440386848217183
3894,-0.5165880303918253,2.3898671703979626,1.327676221370476,0.1314070886219272,0.3470120956182293
3895,0.26948365581406575,4.373315708497662,0.5794389201052721,0.022661216759031756,0.1479535075459967
3896,-3.9248358136453305,2.7567767421174643,1.7546112931095497,-0.12878190609802864,0.3863241005870337
3897,0.4781086752235222,2.1927323732988846,0.2778332640172815,-0.11636014052905568,-0.22624232232437677
3898,1.16753894942995,1.8357832035680393,0.05094105066149238,0.002968811526087077,-0.040802597314300644
3899,-0.19443723106081007,2.0195339021857484,-0.17041914757199492,0.13783078785422756,0.352373152292302
3900,-0.5271326849242602,3.987895770887195,2.0977511149286525,0.10172680322973096,0.28300184669897566
3901,-1.9666769216075504,4.549041636037726,1.4523456225415348,-0.023152816513389053,0.3190939095695479
3902,-0.4393563253075942,1.4776389072679608,0.20864153230138283,0.1697691577739086,0.4745725871746131
3903,1.9497661576334835,6.387197227956906,0.7948647968448304,0.2298336400431346,0.33014893565401787
3904,-0.7043047254980591,1.4103072076479082,0.3151200059465388,0.1763288774742559,0.3742474915900786
3905,-0.8352889088859533,1.2225893751197257,0.39408938714761504,0.12410354355106758,0.4007104442569585
3906,1.7198442999823385,0.8822674620083375,-0.2522306250699551,0.4904315354839484,0.7534458628967148
3907,-1.922827149579123,5.314799322269577,2.6626726068742905,0.16717721208983918,0.6161570019935745
3908,-2.681396406690495,6.353596295217496,1.295428889700349,0.027306169804956128,0.4447773295807613
3909,-3.2471004371734358,8.6281327874067,2.0584025988709276,0.0586615170209912,0.5507143877532165
3910,-0.9754886968526769,4.417959985068687,0.18400931223656997,0.22269216161480765,0.5468612275452382
3911,-0.5853890078624949,4.03712940786356,0.3615073835002928,0.25143836605590514,0.5389397934519363
3912,-0.9993960918644169,4.513701907084976,0.3397047656121697,0.2122687533741454,0.622521928852679
3913,-0.8102307273732079,3.8441505254834025,0.8197793677208864,0.22488873046599409,0.49875121467723
3914,-0.6768909082126024,4.380685415423176,0.7514496145004236,0.14755926486767781,0.38413207423827556
3915,1.5821732393856138,2.1466168443786318,0.9837008192473488,0.29676443653682716,0.39590755575600695
3916,-0.6569272274460758,7.866372131594487,1.038420742747997,0.1423885108249677,0.37595825698866225
3917,-0.8348304968434106,4.723014242463804,0.6555201354485845,0.21546491577169735,0.5416115936181601
3918,0.1435471380230403,6.915166728357044,0.7362648560067888,0.1706442523798158,0.35230673183451006
3919,0.28727664238620265,4.163745945700985,0.7774577563506747,0.09604585746516714,0.20528413368022178
3920,0.04062215449170544,5.6127329485433775,0.4106523933457696,0.05527561140149602,0.18447105748056933
3921,0.45929581661223645,6.957624457538642,1.7655163022377598,0.3978708446432934,0.7293743324769025
3922,1.8824461540603454,5.716900217151525,0.8505613813024555,0.4661679705353379,0.7124822707338206
3923,1.3615217259955663,6.338592673272324,2.55178904322285,0.46799529465365053,0.7547900131443548
3924,-1.1297571215790096,5.254517250508103,0.4859940129225325,0.21105036883302442,0.5447877050109095
3925,0.9394315981346889,5.85626003829072,0.9538867851237881,0.2900188355185187,0.4381500381420387
3926,0.21482265932166703,4.972656085258651,1.1560413841974657,0.23829315606968832,0.45183444679888884
3927,0.9951742167433026,2.3934025543380857,0.1363570762436853,0.1155116057019595,0.1350980327919848
3928,-2.7534548137570636,1.7240399155788286,0.615146259536731,-0.16203422021972014,0.06987665992708895
3929,-0.6301797405278518,3.3451221269246076,1.2437419735269668,-0.2878084309339386,-0.3566451026584225
3930,-0.14645899974604665,4.13709069455427,1.1732647008307142,-0.28304537717648465,-0.3491276277775095
3931,-0.24791499608373793,4.088159299442779,0.8471341777311169,-0.34264157588595,-0.377586393134694
3932,-1.522035699995793,1.4986315294701302,0.9487242967840441,-0.37513130536525296,-0.272843889537927
3933,-0.5095982255793621,3.974267829530503,1.2810466344460059,0.3922420203346817,0.8453934387567982
3934,0.7321977986379551,6.581497157110706,0.8072647919966482,0.13410557467591733,0.22865738106328345
3935,-2.609638320341811,1.1244367703397236,0.9832199795833264,-0.13731245305411285,0.08842991163037575
3936,1.2296034639916569,4.585688502739237,2.589328426920148,0.3934357508875821,0.6635654186976332
3937,-0.6920334543556952,6.066274954406581,0.654815059541969,0.023614231853992806,0.17034160026984085
3938,-0.8339246295723127,2.71154099314657,0.48019593129209176,-0.07599221371817053,0.004423746338425992
3939,1.3821102876872038,4.764638113314959,0.4640434272220989,0.40982966161805806,0.6237884483230332
3940,1.1383334218183767,4.71908947146471,0.4898593508082582,0.4185305360096447,0.6085950991879169
3941,-1.9307661842221275,5.74444669902772,0.5431061574717364,0.4668174372923795,1.1426120902393826
3942,-0.06052944906981808,2.8213310426703493,2.004216475501389,-0.06651057260194103,-0.11116112051210297
3943,1.0970995514696396,3.809302861134159,1.7614168355626658,0.09433820182569347,0.16068468220941715
3944,2.4057582856330635,4.170563279156687,0.10299748408377864,0.41697615259935017,0.48358174698975004
3945,1.6395599614389136,4.395387276978518,1.3612349375007156,0.27014178332771055,0.39657562680090863
3946,-0.18352214506286282,3.41492692004428,1.9567619238109422,-0.0010389788779005514,0.07235423008122684
3947,0.9299011368100544,5.244409068923008,1.563278828029856,0.48930046503962715,0.8011930211194024
3948,-0.5391961306623946,1.212757529972499,0.07025591050669329,-0.04794961663460666,0.12661936615329308
3949,0.22093782012495122,2.0212829091807603,0.17065711925835433,-0.039445688255864426,-0.024089663368043412
3950,2.018484208180903,1.022557467441803,-0.11781081959376942,0.06398523988964788,-0.08655324408791104
3951,4.582642426611309,2.4209218682317597,0.5601109735689962,0.11510337747578063,-0.25327179369615416
3952,4.3080186850531295,2.9932839897167427,0.5243276105773275,0.2953836672593285,0.11446835737879354
3953,3.9519746415492114,4.03430807230155,1.199269661801334,0.3842873279146362,0.3447587760908827
3954,-1.8104123586240595,2.452321349033751,1.3769305360332613,0.05269259001527512,0.3634260336874383
3955,-0.2946933287276228,3.998904175032464,1.1971926176836378,-0.03198962531630692,0.014909736336786151
3956,1.1131259495273833,4.158969291921411,0.7191924413222814,0.06372389995445617,0.034375336598277385
3957,-0.6977511117883644,1.9521087776386052,0.8547166537676287,0.05871532335242742,0.20567728243198471
3958,-1.3803633029564808,3.211803890261233,0.4648438943999017,-0.24318121083736774,-0.1696460916491852
3959,-3.8274360300732577,4.390878015586097,1.9561052520807223,-0.10880975395689828,0.3684368022159862
3960,-2.8600874734793402,4.153590020154551,1.8418409244411846,-0.0862200441938051,0.428897787420798
3961,-2.2899763544212095,6.964081818763909,1.8582352143880572,0.16363013658336192,0.7870821905886837
3962,-2.0568272143914754,5.308893458139075,1.3288866884518702,0.2825682672814058,0.7217062785883029
3963,-1.0962022347483968,6.522269137344315,1.1894790375583124,0.04767398663192724,0.27211849513461056
3964,-0.6801862856583327,5.8898709797018,1.3340353452935796,0.4159365725337564,0.9133441865961985
3965,-2.373235798592608,6.413515318185456,1.5811782949437627,0.11091264510216371,0.5688711786420985
3966,0.022005441771319682,2.238602241147067,0.8334116391325861,-0.029855535024398416,0.06537833977815938
3967,-1.0916871669095496,7.015719266920131,1.0212109390846045,0.3078388014111855,0.7691006700959879
3968,-1.5112930589419902,2.483773893091963,0.8397606583350328,0.18827670047420952,0.5723324342922974
3969,-1.5652310649902241,2.9622223941281303,0.5513260704125803,0.10867179164640468,0.4545318818776024
3970,-0.9144467744216964,5.370992924537674,0.07315853455056702,0.20824921179618316,0.45753682510261745
3971,-1.7331118798764154,5.928244831020696,0.823612537500433,0.08819754751808162,0.4751678410416435
3972,-0.24616941198041406,8.332650591464441,2.0998703539502737,0.31281934488977675,0.6106481932954171
3973,-2.2933213671420853,2.5819526673228355,1.1846668973505867,0.2616553668532314,0.8669680219569303
3974,-1.7737796036241331,4.788808861118972,0.9206752658808192,-0.0395261500661358,0.22229511666132182
3975,-1.3767265560562167,3.86618649696684,1.4314541423498628,-0.1483007336069936,-0.01337722714441021
3976,1.861513168332763,4.911683221021778,0.23501672184075928,0.7020412753636149,1.0972019662281312
3977,3.261470450770243,5.423465164844451,0.21858081806083665,0.5861267702860344,0.7821318563760187
3978,-1.6231164938063818,2.3076517036031703,1.0936293251352955,0.028859635986111846,0.19599384093912797
3979,-2.4826240275417732,5.905554061229512,1.8612270265156015,0.12504037382907965,0.6820606994579815
3980,-2.5364630188929342,5.765105884304066,1.7630649533264535,0.14292612468303184,0.6744770561500476
3981,-2.184826327400512,3.635549355144417,0.49703889589536326,0.3609305614320403,0.9774458701065329
3982,1.122681786656563,3.4856678879498206,2.061755052888493,0.4038872447154939,0.6539950485547568
3983,1.7419800026035128,6.111652198812012,1.63873912101871,0.34791417910350286,0.48778789594251715
3984,-0.7582630502952761,7.302700032869729,1.241692121085131,0.2419155130046915,0.5951491282961632
3985,1.3277502557739056,4.459611523127646,1.0801691361880783,0.2133140966647223,0.27107201792656377
3986,-1.603442286968817,3.831207311176446,0.5671239452355189,0.46504352236428037,1.1489669716492124
3987,0.03679281506110007,7.76252790772158,0.795715906895914,0.4459538153088296,0.9319904418531827
3988,1.0128408198555359,6.4759737871127605,0.6213918422038925,0.4195777085284295,0.7593328250691872
3989,0.6223723675168369,4.587549535446054,1.4570465382739277,0.4417599400315115,0.7470567719817987
3990,-0.7853557222889657,3.991781134830243,0.09167912581723597,0.10380541243359369,0.3442895972279971
3991,1.3883804350945734,1.9474906681770128,0.853046257492824,0.12058612693794526,0.10986009408638334
3992,-3.0870743053705314,6.713760864435965,1.5530122837862985,0.18168917579933525,0.7365856909819001
3993,-3.7814967669579063,5.062859188848847,1.1896489802543093,-0.04397394262389799,0.441392474673459
3994,2.2536148512297918,5.388810783762862,1.1608028698348507,0.32380608096427166,0.4173342240859792
3995,0.4661821633709388,3.572637005421674,1.770132696272626,0.19543534001427107,0.36290571143538247
3996,0.5702301281425167,2.2802550724939437,1.529177574298097,0.12994476640252584,0.23328371978486606
3997,0.8033074547821449,0.6319346928608393,0.7766093357391697,0.036625661484157176,0.021425200902722027
3998,-0.9753646895673745,1.7915452277384143,0.15162015400444706,-0.06613402090262888,0.12800207298980953
3999,-0.993647512423389,1.774341792445827,0.15895134550208248,-0.05264645349158497,0.12590928553323527
