sample,alpha,kappa,beta_0
0,0.9812614959233671,1.8229168328578675,1.6542415272768143
1,0.36471484931282416,6.673522543216291,0.6481234392390448
2,0.623235079523738,1.3160436341576447,1.3828357597761174
3,0.5137783401793176,1.2773263701921143,1.4766807828446533
4,0.4625899326212487,6.523944612838755,0.6312643250373133
5,0.6349319060208906,3.871152155484641,1.1067643601380894
6,0.3460654755164115,4.0057547374124285,0.2078234853810025
7,0.6925861475123303,3.738910446120339,0.6312983725534428
8,0.5067572592364126,3.700299028514971,0.44037085253362696
9,0.7752131994685949,4.136872946755133,1.300283166158561
10,-0.12068456981844851,1.602975175109425,-0.6213122311995586
11,-0.0601334213906968,2.8222775635375097,0.9232790240242585
12,1.4171904962690733,2.514202167031083,0.609289610320974
13,-0.3513097877287029,3.031789397615512,0.8392850608869254
14,-0.3138687039598736,2.400093658056213,0.7347837911446297
15,0.9251185253392522,3.914449304283052,0.5480354568910558
16,0.6367149085629036,2.1774153049637053,1.7199930311289844
17,0.379903214442773,2.5254424080128848,1.3499081455819177
18,1.3598003781098118,0.6515000965044552,0.798623233336394
19,1.584509862723213,0.4789628602697685,1.6178196782149397
20,0.24506299281717692,7.140087540613861,0.6890725868970555
21,1.2244695716133787,5.224075985594693,1.7272583524716547
22,0.6891239896648701,2.336013953284778,0.6113376219751944
23,0.4441676952911275,5.0460036585520065,1.1018710877772044
24,0.9774717362746592,1.5076625925985336,0.4601476461646414
25,0.5399469540355529,4.060791699101182,0.3111095432472414
26,-0.10095788297379996,0.9468337063781801,0.05849542574056691
27,0.9785975255858165,5.706804530035029,1.1233223294643917
28,0.3162639172510919,1.256835777974743,1.0477453586679837
29,0.6394881367654485,4.697054791998601,0.9080076865240838
30,0.30987948560011114,2.446951957491611,0.14399701165755366
31,1.2669338601817788,2.569759262356894,2.1214422374924844
32,0.42922952506930323,2.4468858736516412,1.5465925058539594
33,0.11125791810663228,3.746228559691311,0.8173809103442661
34,-0.4331098986516675,3.2263886036362117,1.2075321229956426
35,-0.5064072528205045,2.0104375600654842,0.5838258269506549
36,1.1207555230890305,3.3428535796101966,0.3861323407522685
37,-0.3408087707599685,1.3238369902652811,0.4879449412412521
38,-0.15351561649688716,1.8048868304178698,0.806226994889568
39,0.7844359970901978,3.4424442548239447,0.652287076613766
40,0.3111812659089956,2.2247832882085534,0.2944815289452721
41,0.5401312575798188,1.4755858519684744,-0.07543451428749302
42,0.36628448513558404,1.4514437726660478,-0.5047181011998606
43,0.4226549342260482,1.3937585337706477,-0.23967704851866994
44,-0.22688534572025484,2.646263449824738,0.26958425784867496
45,0.6255448835043285,3.042733963422397,0.9489285280260769
46,0.6185249591996704,4.2773067293991245,1.0423444193761282
47,0.34701487725644586,1.0939689199091571,0.814953927593456
48,0.423426769971333,4.915518729083277,0.420021084437945
49,-0.650293810251706,1.5236260961104924,0.6466445397683939
50,0.27265842137686186,1.6187812631104814,0.7461402926533623
51,0.7411119270123395,1.3043286255711082,0.3845582443093924
52,0.3385875273819326,0.9852934811189639,-0.9616583862412087
53,0.46017187498888995,0.8807016928660282,0.768631224006797
54,1.02666018893331,0.8858086369498193,1.0845565698839992
55,1.1197923305657815,0.9007531842175333,1.2330670031109194
56,1.0277926633244039,0.8163746391341988,0.8141661538202996
57,-0.44130794851929855,0.4978023878583982,0.5223429581812757
58,-0.4782988830411195,2.2046972850616613,0.38724477077409464
59,-0.43711909341907695,2.229841130138069,1.0102474382436306
60,0.11904137974419209,2.477393840344544,0.797351037090437
61,0.8978914210029054,7.0727375868109865,1.1001445883322791
62,0.8978914210029054,7.0727375868109865,1.1001445883322791
63,-0.15058399263254138,2.4534150719239216,1.5179166980172205
64,-0.28181308602781935,2.1996416604767264,1.010826091026296
65,-0.055072776439993275,2.776048189019498,1.5299347278007167
66,0.9488971792473214,1.635357986415611,-0.13103122339221487
67,0.822561715142077,0.503088713673468,-0.8554811842869505
68,0.265406240927254,0.35500674454441894,-2.2720498369437223
69,0.14410946748263295,0.23403187652287852,-1.520937695860099
70,-1.376748336323329,1.5474826649892057,0.7315226918812268
71,-0.2019101250454832,1.501192880941045,-0.43756213615738243
72,0.3093071606144779,0.9492219610196891,1.3366514753958296
73,-0.08192412167048702,4.676538407923052,0.7129378994394339
74,0.5498121678445415,3.402377686928015,0.26259233378855334
75,0.7944064633064197,3.3923460119491997,0.7734866592575014
76,0.6025213701151658,3.306940185750273,0.6933217713486435
77,0.341281572657675,1.945131696779476,0.6229309574326236
78,-0.047347948976402425,2.8376537711489362,1.0987940614484792
79,0.7427697924950207,2.273222087881357,0.31463299314994647
80,0.1807572955910831,4.067134000903841,0.4760761128161798
81,0.3580976534879859,1.44317333247985,0.4578457629638324
82,0.5001776594403401,2.3496912938633647,0.56926537107695
83,0.33944402931208534,2.8266586248354066,0.008640395946289793
84,0.40693375264608866,4.0312900206732465,0.1390171442223836
85,0.39937815893841844,1.663800610229528,0.815875201048904
86,0.8968667116927684,2.2513447317225963,0.08418118094512142
87,1.0916652550443888,3.179337654772391,1.3929984957841672
88,1.1224484818687044,1.8035019433061859,0.6596177933901581
89,-0.08937828255366463,2.6878177711382,0.10541577751036922
90,0.8434638164338175,2.805008881638801,0.8507894241934437
91,0.8292937066984463,2.8323022180312654,0.3282414377806217
92,0.8253322754924554,4.573110859548705,0.6324888874523253
93,0.018234241045222248,1.611296236814618,0.5674549910213504
94,0.4458364424029324,1.7531254819235051,0.2100369269436019
95,0.4295979186061278,5.031089333522593,1.5031200573539751
96,-0.08607172007344034,3.6474548530377877,-0.08144298840607421
97,0.665202986779152,1.382841993739082,0.519398169238235
98,0.300769473843538,0.6233403439623371,-0.2212854753979953
99,0.40928106173049605,10.30131762315769,1.0825693880922351
100,-0.31963083833970396,0.44222154152420756,0.29058155302705224
101,0.9728498848385823,1.5510227077945613,-0.8262439786493342
102,0.7782466329605314,1.7669625747486333,-0.6711171760418373
103,0.6035313050235862,2.8242131954777268,-0.061931297564804914
104,0.5749517816191057,3.0865261616611135,1.9042006587020428
105,0.2666686736980176,1.9936249509563808,-0.9760341943471122
106,0.5985726747705437,1.1327947105146654,2.458688954601166
107,0.722130211268744,1.4650527860537017,2.148506822471925
108,0.09236487157312806,3.1523980681227157,-0.929966792221193
109,0.5946691492480678,1.8189827290329845,0.6389801380350828
110,0.667871585918118,2.3607510088629287,1.2014393955257996
111,0.8896823735912974,2.658638635872831,1.733835260105102
112,1.359783466959121,1.691179041751378,0.13628031142162705
113,2.008673863722427,1.8918244012755454,-0.044343579811698036
114,-0.47734207656968425,1.8945649316987079,0.3085060462731391
115,1.2479181314319037,3.433650172769542,1.0066619890196493
116,1.0974262009354805,4.594096474791848,1.5266085728294607
117,1.3862872779565256,4.670200237379792,1.968003286026783
118,1.456374302179527,4.306129793055951,2.332214492727573
119,0.10719243171381757,3.9025478930519273,0.787574788625697
120,1.116539447331298,3.1486900913387883,1.0598903971042035
121,0.041265178221363316,2.528356704448251,0.9843957288192727
122,0.5578020884088111,1.7090620715216231,0.68346153206782
123,0.09485532275660603,3.194504125100307,0.22438397665596566
124,1.0037109792107548,3.243731584741424,1.4710505910600882
125,0.025707546074134557,2.603807527205439,0.367800453024398
126,0.025707546074134557,2.603807527205439,0.367800453024398
127,0.7892202777557855,3.7219271701416874,1.3433676438690576
128,0.41493453547294623,2.447378507707419,1.121156582661717
129,0.553425197520657,3.7083319772860777,0.6133212070047496
130,0.8167498990264626,6.280668778374614,1.3175561535634228
131,0.4192647997933466,2.620483833005504,0.6394567689669304
132,0.5964406454217164,7.014648565825357,1.133198092960195
133,0.3834121036051701,10.119343928919418,1.0540506793021163
134,0.24304653291300368,0.9846191381215017,-0.7469812539849858
135,0.30453154627515866,5.76297025179265,2.312000244642453
136,1.1962911497551403,2.121034097339572,0.12244467668103282
137,0.517914697668974,3.386593753492829,0.5071338447840886
138,0.9860397185114269,2.756071031123781,0.2952875468992981
139,0.6910276176670169,2.2383950970285746,0.09343650142502992
140,0.6296610287890712,3.7761901857125157,0.985646279668512
141,0.44511500365092954,7.835959985576606,1.0017858476722319
142,0.4029999196046616,7.447512040829262,1.1281679224273296
143,0.4265972938969875,2.9580271064989514,0.3988649000387704
144,0.42553964073824135,4.595358995777915,0.43700289954384613
145,1.1626073845401095,5.103962752962812,-0.004650352937344001
146,0.8894212114371303,1.7827941300409298,0.8527308984797576
147,-0.04783007888313579,1.7681174373062463,0.7044785113920435
148,-0.14511060534366582,1.9723723753636633,1.171136309669905
149,1.0716484620979536,5.180930271966422,0.5364673406858915
150,-0.14805538173741542,1.4151115163555057,0.3352348868123431
151,0.510768119194725,4.0097813004069325,1.4027825201166406
152,0.9016090331115327,2.784986120514252,-0.24775918041040196
153,0.7766322233062711,1.9894856190788341,0.15917719738608496
154,1.029008700360016,2.580342154168711,0.6330597818073583
155,0.9536071518473962,5.440412838985559,0.9759793666659423
156,0.1782594348639022,5.9363157386419525,0.20961870132255042
157,0.5073767986721257,2.0956368375970356,-0.10979761936910189
158,0.6276206858903127,3.73359695369405,1.8182056590722642
159,0.3020924560336834,3.0024428617109566,0.5982905262081312
160,0.5604059646032679,2.955633814343292,0.5365479983668309
161,0.3335757181402047,2.765211237818735,0.723084404000824
162,0.529060816538973,1.3692621396859939,1.394760148596372
163,0.558728718230119,1.1321611979231034,1.2837246769245756
164,0.7094663555603459,0.9921537680733389,0.1693819442073535
165,0.23253457418452164,4.073223093004851,0.48953371000440987
166,0.9708600003761126,2.7929969756123016,0.7712872362959524
167,0.21532630811578246,2.854744959190701,0.8283288965710324
168,0.5997238241224179,3.1012632094338013,0.8513589370318567
169,0.8391303934797685,2.516283948772868,0.7581304726687149
170,0.5850671489704183,2.6449430322304246,1.1240767623356291
171,0.2979025137913424,2.138201270180027,0.6097505821671787
172,0.5399282145819864,3.7803539073504773,1.0407742840328282
173,0.845031854311003,4.116322430317211,1.2881843819987733
174,0.2862490473238399,3.0875447757817436,0.6544741782215057
175,0.8637578961027987,3.5376244164653112,0.8782623740526538
176,-0.0850754328728362,2.190255167033362,0.363588664292333
177,-0.12073311967586552,2.136173977798155,-0.49584802223602376
178,-0.08213456433771514,1.9865257592237189,-0.4094988195557077
179,0.20828220143945395,4.031377523081161,0.1486884026974826
180,1.4844901108700723,1.945244994042385,1.6678336093142434
181,0.6430221507414592,1.0887990346426595,1.6916850548238782
182,-0.11778342862270878,3.380637719286617,0.27742020671217105
183,0.8502606986052442,1.6651338751389522,0.3623984048012549
184,0.40081249209830083,6.0114963846128955,1.3326958997535152
185,0.6661741707930312,4.293523900326148,0.5210170003530717
186,0.7249237467633444,4.405309960222964,0.4345300973615261
187,0.8756601553810616,3.320653941370636,0.5427693213759256
188,0.9790497246681285,1.6771344422282675,0.43161974130102393
189,0.9496197889000068,1.3746801123092804,0.08911716475802342
190,0.6166024518472335,2.052214618632208,0.10755419275165125
191,0.6542537481135412,1.6126542152254528,-0.02812941040098548
192,-0.11613938852472187,3.8985375835740705,1.7464337007808644
193,0.7387051792868496,1.174519002598497,-0.14777049249396854
194,0.28338368858100016,6.308340091200885,1.639529343064344
195,0.5228193034305175,5.600383541594982,1.2660786355621487
196,0.33424694232506763,3.2175204898909504,0.25516589470602374
197,0.21923683552578846,1.8217119629145766,-0.11098665514778644
198,0.6327738753715841,2.393442920964454,0.6253541023321944
199,0.06204182805028229,0.8723993633877579,-0.2290029372135595
200,0.692010880435776,2.8079019120423365,-0.5322844651521538
201,1.1145099156956249,1.5184677566796847,-0.7504979061638064
202,0.20716760078689753,2.7813887427509614,2.052417006537353
203,0.476715234212917,1.6975015069793387,-1.3255791930709355
204,-0.6503000684326395,1.5358155324486764,-0.116540110538929
205,0.3188016001600008,1.436092354167167,0.7803446521260492
206,-0.04500815179364367,2.594292869136382,-0.22843658735265845
207,0.0311880441355842,0.8424261838602064,0.8608729316395514
208,1.1402206538762203,1.3895192305417976,0.9280355800796448
209,0.9440168582455546,1.9870235900705293,0.8538158961827811
210,0.4318302213388013,1.961062552530697,0.42643967432511337
211,0.8332513518845804,2.4545271537620064,0.2599951146159958
212,0.24145059919761475,2.6743986566029783,0.8737828359922404
213,-0.47650079626285696,2.2022356945890884,0.47211679008906604
214,1.2614017590896123,4.029917152905288,0.39851004561117026
215,0.41055543194859706,2.421666229685055,-0.13362783938442338
216,0.7451501423238711,2.5691632524833774,-0.5105606399758226
217,-0.08951221992028428,4.466875539960386,0.9804559240540454
218,1.147118363658829,3.4676119323114767,0.4072843087184807
219,-0.29717375949836483,2.0245562639896173,0.5246267110916301
220,1.268808161854712,3.117805557792569,1.0025586257475159
221,-0.34381325442645166,2.6353954073083403,0.8960133110169495
222,0.8851953136751923,3.3274912967347516,1.457430768674639
223,0.005652530302515299,2.004786002206059,-0.21370507143309764
224,0.657756687784415,2.816068781312427,0.9421657531444955
225,0.1417530263860342,2.211562203186165,-0.06416594934122218
226,0.8598946898607053,2.61354276053034,1.531564995036033
227,0.4061820054669888,4.36120454985433,0.4688205821971406
228,0.30137968247115915,6.286967268885207,1.3345269386119958
229,0.16704218245262104,4.536016302612683,1.2573631468959037
230,1.146049837379103,2.9546226289657174,1.0997983073980757
231,0.11298212847987887,3.812760549640181,0.9234988683693313
232,0.6247052794872682,3.832933239320598,1.3960301984316583
233,0.3548242968118986,1.9440335028784557,-0.6023974905044652
234,0.314203849587328,6.236041593115178,1.3517854911090665
235,0.8441085965985712,3.1223819770609698,0.8232604533868264
236,0.7513786935528534,4.708108460526113,0.888814114353484
237,0.523546851494504,6.745462839048169,1.0408128651449782
238,0.6106759674384671,3.9005400470861487,0.8730496946724006
239,0.44113026080292483,4.6391836018133015,0.9864137123390226
240,0.3917139351103398,3.272100259534382,0.49777596517506206
241,0.5826673040339755,1.4536192921674194,-2.2748305257495045
242,0.5328618182410831,3.4410562481204967,0.04181791369785302
243,0.7545528594131251,3.571081978338095,2.1150540902503026
244,0.9660023152563216,4.80672782301098,1.2944937652757906
245,0.5549549222336906,2.3221301423993017,0.3331931987128763
246,0.6458792656819166,3.274787033279425,0.9929056048991235
247,-0.12554521092113802,3.093699538467664,-0.34395283982781677
248,0.6873841407837502,1.9480415255230843,1.7865111172170984
249,0.4370258928296895,4.882256051564424,1.1324031158655636
250,0.4280126668169317,1.8961245115719068,0.7411013900657805
251,0.04764300126510818,4.201455022043691,1.0028435015623784
252,1.2154826615807017,1.854354164615663,-0.5279650340309439
253,-0.7121664357177414,1.6845876677059233,0.4336383805375041
254,-0.8675721437250544,2.1753395699344034,0.5411498078351712
255,-0.4363994107583132,1.803058115291526,0.1849202374905674
256,0.7212316497117104,4.108337328302047,1.6679028646673855
257,0.2558139196561043,1.7986938526555323,-0.8564281899701771
258,1.366971283229187,2.9900439523810762,-0.2734951843769487
259,0.4737850436596573,2.5280084557751104,0.8732954029880121
260,0.07176730924664164,3.776570948972416,0.626592817699047
261,0.6355696739338301,3.6039881326223946,0.9932870822698505
262,0.9314848697503206,1.602416264216821,0.2584720312377609
263,-0.26757028908189395,3.3433154511226015,0.7548460829880169
264,0.4752328698240739,2.9891310441132566,1.2780764824416484
265,0.006500951044952083,1.4785230359313284,-0.318221924727524
266,-0.45716298413781614,1.6966214840275624,0.47196696083965634
267,0.010002374162140807,3.606030637545865,0.7407169279200798
268,1.1879142340178825,3.6082521142492707,1.35514933159523
269,0.057711530291279296,2.097786346652353,0.5210365704749662
270,0.698512223941391,3.68390912898636,0.5910130419106518
271,-0.2531340216255961,1.6906410378202281,0.6765721207573975
272,-0.05132395646720184,4.649582446485817,0.9522422370124166
273,0.8511673698078607,2.435813389363584,0.3810693136038455
274,0.37702817996061244,2.5706994773957788,0.5478111301420315
275,0.8421750345874272,2.6687250635760726,1.167943322383009
276,0.3083021483853341,4.853503235554196,0.7963416139761784
277,1.3207877367586216,3.0241068497662016,1.0370555691739294
278,-0.4449212807013601,2.5635250191658288,0.22256067576597877
279,-0.4125545483516609,1.8193291425700395,0.5707557427996326
280,0.7989968835293324,4.1280412894343685,1.16382763812285
281,1.502220654994198,2.4164172936672315,0.23648504267566633
282,0.24515611147776664,3.2664379304312092,0.7067795045792786
283,-0.17388721423340317,2.2714261255044055,1.0963813014960015
284,-0.20218899621250944,1.909460604268456,1.0516072054501295
285,0.435142146587064,3.2223625832471177,0.6930472998831747
286,0.14600620329455286,3.6854653694156205,0.49789889569355195
287,0.657855126073448,1.9802867142680687,0.7160210511649044
288,1.1038376936786436,1.8910926441941078,0.8755154912886717
289,0.6315563809165569,1.1606873935673978,0.028813855600213732
290,0.5371292571827453,1.2574082222738177,0.15019556285164554
291,0.14438368127114598,1.4992718131631242,0.10517986604197165
292,0.5915508294090382,5.563712907105972,1.3509974133157452
293,0.5174575628834427,1.9613219470007455,-0.3135489145208869
294,-0.32689980728250384,1.2576965663389557,1.144118035952215
295,-0.4404567985020413,0.7863310027970087,0.7773763031036154
296,-0.18134965808451511,1.6748947011010307,1.8329491847077084
297,0.38687003621130583,4.646988901835197,0.7469086927874703
298,0.3819405140231464,5.737337547449209,-0.009034595965076336
299,0.552714085043845,1.586592835029481,0.38300080358332295
300,0.4250019470115867,1.7349840827101712,0.7527417438439873
301,0.17449730157424123,1.4568988587162737,-0.015074466815145562
302,0.5725114935698511,5.011054145476529,0.9838485465757199
303,0.6658025463352311,2.1144322773788438,1.1124667892599653
304,0.4537637140797558,3.2269486419537374,1.4525903006486682
305,0.2590396911555965,2.036637473031305,0.22918142556416496
306,0.434508601358147,4.716317667363197,1.1038607755385075
307,-0.22760447827504035,5.1597392894416965,1.4324751292605302
308,0.5440229597435813,3.38897832706398,0.4046238251658422
309,0.485598035065024,3.0110487887347532,1.1161875019382212
310,0.41505787521721293,3.411880753150324,0.7246709059145517
311,0.5289343583005465,3.5228935036854594,0.5986099550090654
312,0.6197901504449169,1.9782908060178723,1.2272643822006777
313,0.2336914083695304,2.88403558528378,-0.3294424063180989
314,0.23652248153549796,2.440689594909651,-0.011838673832324799
315,-0.11517689715018586,2.435240051054235,1.0043116781680566
316,0.10093061809014246,3.1455673126968433,0.5866945344479821
317,0.24461448537294755,6.209861274020615,0.2951808637379077
318,1.131463955996238,1.9423066907955333,2.089115600660212
319,0.9265659216378609,1.6611481023564312,1.8760134383573868
320,0.7619283093141238,2.936984067647288,1.2784966568736473
321,0.811671676138139,4.737343849970575,0.5436598372056217
322,0.2882044535611189,1.8197929315823147,0.8998038224992803
323,0.42954459198320327,2.180684345613837,0.5257453347689962
324,0.3197907594716542,2.875594230238551,0.1858854287801842
325,0.7800089703440247,3.6754065600998174,0.9118630132591207
326,-0.08540772850747502,2.046147973672085,0.7171765341925547
327,0.967705422465377,5.264158760291263,2.178589396385174
328,-0.2279034942031902,2.021137731019677,-0.5748954876627198
329,1.701021228178652,2.8877690344259217,2.094674564225597
330,-0.281599527441467,1.1306638470553196,-0.9517107611951876
331,0.039102459334658564,0.9239593069246117,-1.7942283372230183
332,0.15623588306000283,0.8604276179733703,-1.2757974292929048
333,0.22846642988784005,0.9713391925578649,-1.2765017418743743
334,0.3893798660559087,6.507775339408168,2.0012998579424237
335,0.36400476006473664,1.4853472914274362,-0.6946195392840409
336,0.5688797861776488,2.085220348142335,-0.4411551354592318
337,-0.008834024410574567,1.1530669754060483,-0.8946216655359404
338,0.7444476561733415,3.184118724201136,1.1856807670469962
339,0.8938821172778243,2.70171104185904,1.5030620897095543
340,0.658758424594342,2.2968522634614565,1.6657547506369348
341,0.676659243461944,2.2313184018677696,1.606517076202489
342,0.4663246249120862,3.924709591211366,0.2464556736080462
343,0.8785977976655892,3.227674025363437,2.0030877591677565
344,0.8241855728801147,3.3733790193645787,1.8889118024413631
345,0.8524305017745059,3.6666932217877717,1.776473371806436
346,-0.2831229042725907,1.232039990934484,-1.1177485584719575
347,-0.4636466960906076,1.1466934175915318,-1.5111890240106158
348,1.6996551856732809,0.9495841614457166,-0.15918173827857574
349,1.2129891580729146,0.9839889503920116,0.039783248675235486
350,0.7963260978230715,0.8193772151039737,1.0534120458767378
351,-0.006288609445369313,2.652234097510726,0.9434921000209556
352,1.1633523422705636,5.092957847552276,0.6008423545520417
353,0.02609277516354254,2.6245990302379956,1.9969864909086676
354,1.0166574825565273,3.039537173611279,0.47719734657011514
355,0.2799880369991801,2.5067833972671245,0.7757663796455511
356,0.7774596825803134,4.650001194473818,0.492020709557631
357,0.6550636896203488,3.2033302702616555,0.23866014702575364
358,0.09381147970061578,2.7263198767812744,0.38964027023685427
359,-0.4904564100607344,2.617691340700379,1.08555648957685
360,1.146631302997928,1.7688871975259273,0.4490703706270001
361,0.23152151797500864,4.5525535236657255,0.5904936668877658
362,0.67852087854713,1.6642305294175588,0.46000720942739237
363,0.5303114957417993,3.3611198095582946,0.4435646109703161
364,1.6163496824002594,2.2883587070358917,-0.04836628398490056
365,1.5782469340653296,2.285053165370957,-0.37266564769566307
366,-0.704943734083107,2.918147670155062,0.921083437016661
367,-0.7761704282319876,3.2335793981404417,0.4710370901023989
368,-0.19534523343699844,3.022643976845421,0.8467124428335476
369,0.8238120957704157,2.8720759343033353,0.9067479414639824
370,0.6663481650952896,2.011807318085843,0.3705322396380257
371,0.2264854680471944,3.821215711708905,1.2266880447884065
372,0.12729598245237475,2.5040860994069822,1.7227021382542895
373,0.8093592263743287,3.3727680440998875,0.506676302741769
374,0.4868860481940909,4.562613817392419,0.26602699781772415
375,0.6103315844033502,2.2021010667786034,1.3188498216960978
376,0.24704139404719155,4.756263424887214,0.9688410835431835
377,0.29140604796884967,3.509026111937036,1.2013492684270828
378,0.8216681396680126,2.545326412282973,0.541722138005031
379,0.4865959909319717,1.0788558776011983,0.5484853212879378
380,0.8703376452569432,0.8952910694845816,0.46277022645747645
381,-0.37331733149810764,2.3083646748629603,-0.11321348382393692
382,0.984089583886682,2.0117475490982546,0.7178407063752278
383,0.9743790671474836,1.052591582715603,1.8280904408921432
384,0.7607302889817614,1.0426315164476132,1.3896503604437227
385,0.6966059055537395,1.268381178782439,0.28352743251827117
386,0.20681491095789314,1.2775510133933459,0.4003227288284031
387,0.06259411033913884,2.3082585658471846,0.1758413924516487
388,0.35426377939021647,3.018369405189752,0.8806265361493727
389,0.8478318817030814,2.1676879052091373,0.3952130955214485
390,0.14661323444613072,2.2382393671849807,0.06742949079424605
391,0.8629912740072317,3.1320420821343244,1.2676110581700908
392,0.7882607605579498,5.07764448562893,0.0746362703739298
393,0.28706180082411614,3.7519499789739674,2.406169948586935
394,1.0687145883534024,3.275045948573123,0.061859252115934585
395,-0.42861151235222467,1.654102034876675,0.8933490509981479
396,0.8549931068091311,2.1436553928006887,-0.4502597509151599
397,0.6040527692147203,1.907975405341817,-1.2195085781544461
398,0.5359129801301725,4.390633338865327,1.060097655547116
399,0.35792328538135354,4.866285526697186,1.0327128852356486
400,-0.25526114254565013,0.7652266751851288,-0.9915800474350008
401,0.16631555511097532,0.4404880349497817,-0.24285568525321405
402,0.6389312574109574,5.645805515842736,0.5643566158122066
403,0.22179839080133548,0.9607635937727844,0.6189675942533539
404,-0.3917488114389329,0.5535282236511827,0.7572647896891426
405,-0.2717494873894029,1.1849119595443234,-0.33678911748155427
406,-1.1505563302040074,2.134498276775812,-0.40734989909075014
407,-0.017448339812510982,1.0362777718493257,-1.0505773552310171
408,0.22231481224401145,1.4471204904263018,-0.6660468873452411
409,0.8293931353002983,2.5600058391627702,0.49320491839501607
410,0.8398727882731506,2.5981157445625085,0.23006699194918476
411,0.41933122566555275,2.0801426429101055,0.4157767234105062
412,0.8281478359487443,1.6633808678503244,1.0625696556054938
413,0.5967800832090479,2.4669412395320576,0.7766618316470796
414,0.4213923126731001,2.1871620182437983,-0.6554085051832773
415,1.5584640826125256,2.626779635617265,0.3812835980463632
416,-0.23364192744106638,4.15282791937874,1.5271925919436744
417,0.34691641496401354,4.359764633632547,1.1325128985704827
418,0.5070722364679974,2.918604598408839,0.790062190979071
419,0.3246079406614862,2.712219496938199,0.4667893071951986
420,0.8122044885753887,3.358522021568371,0.7609572938267174
421,-0.2147790644281404,3.50229861783799,0.9441324336677953
422,0.24260534557268446,1.2440139238851287,-0.03764602104888433
423,-0.10857081335365285,0.9916088695249545,0.45944232412728747
424,0.31610418059257106,3.4627616020315073,1.9976911505326571
425,0.34778117836353145,3.4085225280647933,1.9718859365401977
426,0.4787528556193208,4.081988672602835,1.7244429072681098
427,0.5690149792770242,2.859654220960964,-0.0024808786566041237
428,0.010010570042022727,3.0311116371893148,1.235862774277999
429,0.912283433175684,3.1634408302485775,0.11141824162309273
430,-0.1680970135812935,2.172939554033074,1.5459649098293753
431,-0.12290858322988425,1.6999486009079023,-0.13484931373527445
432,0.8764216706179239,3.9018252520032797,1.2593424037825387
433,0.6765112163625163,3.9742969742127126,0.6966650117836657
434,0.11726762255856626,2.1141338003523926,0.9583672044117095
435,0.1830840250875783,2.7945372458563718,0.9380032366582831
436,0.3824149503378254,1.540471679045913,0.015530446936896772
437,0.8035454797764972,0.9068756278565114,0.5893584346503349
438,-0.4179712618573881,3.496532973513194,0.450589298393282
439,0.7534925433914761,0.8355005925714685,0.38291017381402087
440,0.3725683493160267,6.9884288665585546,0.5556159754728512
441,0.515313260673836,2.5240377645085,-0.21329763277363392
442,0.3460044236728414,1.0308792276313297,0.13586071215123754
443,0.6064898568728522,0.983723615134049,-0.055401534426018785
444,0.5808828223856134,0.7242280464606772,0.05925936363211154
445,0.6170486744864658,1.7210338699451542,-0.06653503466105477
446,-0.6274053035885703,1.7489046015881924,-0.2937576491655823
447,0.11879661780844185,1.2186525114699494,0.09746907544879935
448,-0.14328951641257515,2.285022760600596,0.3732469025011696
449,0.6732945913080124,2.476487872327836,0.6505592203338119
450,-0.24887993567128322,2.1097076140791207,0.9498565745513736
451,-0.17026796848988401,1.4649444720426033,-0.009296088473785722
452,0.7717851796762647,1.9113063564311719,0.9560134835190701
453,0.550613917793727,1.499077598616707,0.7337714224619172
454,-0.16563692165934976,2.932589062193683,0.30345525284554625
455,0.8316756569096153,2.0236503822431713,1.169797427064961
456,0.3258782095341001,2.877345127653482,0.44781326242000735
457,0.42250747005926587,2.000865713900997,0.5941333138561263
458,0.33771210632163023,3.7743103652117513,1.15078277338509
459,0.5919693914132395,2.5519170848300488,0.17150979501180627
460,0.3193942503557412,3.7840037980967614,1.1531368539099518
461,0.6431099439393337,3.44384310797248,0.9370820963963625
462,0.5188047275973657,3.015068332080127,1.8629898701175023
463,0.5216807684486531,3.15876879128403,0.7500354516391211
464,0.7323191273601115,3.8589630273093993,1.1428124338476793
465,0.4463458840155453,5.281417164093415,0.9436867070951613
466,0.5758608084322001,2.0959422020778016,0.7055520227873386
467,0.6457702858725858,2.0473180360219314,0.8634467011711368
468,-0.05444630928751358,1.5095739172552576,0.7833374940954037
469,-0.1250206294161321,2.2651493277804637,0.14546659364259854
470,0.9098120929350715,2.9657797783924145,1.169648105697137
471,0.4904203843541532,1.6236193969355561,-0.4980998964159643
472,0.584749063473629,1.9121871585927248,-0.22758151904253865
473,0.30322169096058943,1.0675693220738391,0.8509176956470922
474,0.5970633199881914,2.4706370023487416,-0.3116072231333513
475,0.3803647552314761,2.4908071984433313,1.3003501252744254
476,0.5352671051692992,4.99838137987497,0.2371973862698842
477,0.47730335147745834,1.7049636063543852,1.1086787420607385
478,0.4583161461019794,2.5897449221703677,0.35208689099920715
479,0.27058896546702976,1.9391595400232828,-0.29230310677725996
480,0.3327616644798641,4.803793509887151,1.578123281942758
481,0.07280429804813277,1.5657133075275136,0.14572578448527437
482,1.2145796968696463,1.6916779346239053,1.7401368808828948
483,1.5989389361558657,2.082726664792241,1.2325309202860393
484,1.5035387727675542,1.575808880492431,0.9835543818361585
485,0.8062382801042857,2.407580685074401,1.0734709322478824
486,0.6562406269661623,5.354004837885387,0.9115765647418314
487,0.49893147538635935,4.218490279331623,0.7557017212556618
488,-0.39991021194275284,3.9220591082636265,0.8884997372374025
489,0.37083243119005516,1.894440542289914,1.6932355241898933
490,0.5159219699038659,1.9224016803801578,0.23661441800196759
491,0.4689326025865481,1.4100061990790267,0.4376041371742507
492,0.024709083225926343,2.4023103890960633,-0.27068918590394586
493,0.05015484643298442,1.2360161995289656,-0.3968360257621245
494,-0.026936583356564205,1.2470510599312263,-1.0207206747272843
495,0.13422091395771174,1.304208334912611,-1.4549120887219484
496,-0.2630169018346221,1.3614799524420713,0.48559875787692347
497,1.127042218060282,1.9468699566789271,1.034121764342364
498,0.17411785540005942,1.3897917940367501,0.9654423431992788
499,0.39292291996754997,1.6025524875825632,1.6852461771149405
500,0.1784693342593643,3.069814148569176,-1.1271757376293796
501,0.6241566715249378,4.283993274189092,0.7389653850999304
502,0.26500040721209717,1.651152278581409,0.7667440871428485
503,0.37853456862428986,2.1671123704476325,1.476824838935188
504,0.3998268219185435,2.522488131097805,-0.087703203706838
505,0.14377601525312872,2.9596323842506083,0.8206337422046641
506,1.303923126742502,2.8230678113646572,0.6183502871000458
507,1.345331100422476,3.8754974533809676,0.2297832900355127
508,1.1233063697860515,5.292770218596119,0.5528369460672288
509,-0.27432088020478496,2.097111801321591,2.046352872109472
510,0.8983975655892967,2.3176241076552024,-0.9521090424432782
511,-0.6762121304558238,1.6699316813202436,0.38852317319289054
512,-0.42623538635914554,1.7889976902650218,0.57038976346447
513,1.6184481485486073,4.811993975949079,1.4695338198778944
514,-0.4321686048469649,2.44844776278465,0.812208416874044
515,1.055778565844829,2.850561536869428,0.08016043619918548
516,1.1184983839839104,2.934280564497862,0.16637557331852207
517,-0.09023428052353527,1.8789501663834558,-0.5147743236556647
518,0.7310218032826321,1.840709785051483,-1.2968892697779726
519,0.38704796195406843,3.0018370515456274,-1.2639437819007708
520,0.6370501527410491,3.237219462226736,2.8631393146938446
521,1.15691175365956,5.050404790481383,2.521099758438825
522,1.1311437150433934,5.810767077414318,2.7063580569989014
523,1.1385817830653922,5.781281077636554,2.8104410833804563
524,-0.1532780728608731,0.8664053190472129,-1.8119380949411017
525,-0.39300325652469004,1.0058852048029259,-1.6239633987050002
526,-0.48169064155369823,1.5564714465913876,-0.8178341140864387
527,-0.4599612244412274,1.0519533133458334,0.5377617251411193
528,0.5406548329856261,2.3829966572335732,0.4486716903739286
529,0.14174142949276913,3.3821792578357908,0.4244439692173877
530,0.6408474197856264,3.1131870921916924,0.5940093801665906
531,0.8779914845473602,3.4995956920054163,0.5160529854869688
532,0.010322005965762344,2.5921598677926054,1.3477594172492988
533,0.24150962501167092,2.434106027330148,0.6227273479068378
534,0.8035971568589463,4.309304341114974,0.5228879061395396
535,0.6087706036166662,3.9650259708396587,0.584466487055643
536,1.180123963273496,3.8221188336093492,0.5387231792836021
537,-0.620863255764642,1.7221693629328965,1.4781622414159767
538,-0.07457133423198732,3.4621395922285694,1.6503772855686403
539,0.5121001673733622,5.150917618608989,1.512565953069725
540,0.6325487004821378,5.206155834532887,1.566666274027581
541,0.532243956252778,5.0964104553313785,1.8648018692025992
542,0.1970621366475575,1.4754403046332776,-0.4142573093984678
543,-0.3516119928208855,2.2736700258818754,1.3212886311088343
544,-0.3843763013055295,3.4384065976547213,1.341600710086827
545,0.7838410598355213,3.257960353902593,1.3709539358850968
546,1.1263383700090677,2.911922880401852,1.5264283138596142
547,-0.17400710097414926,2.714172712674152,0.3954186465106821
548,-0.8185514661744622,2.449072581157448,-0.4679541874992202
549,0.9706028990624856,2.17596209957122,0.07852420172621075
550,0.9409881908368516,1.9424909145909168,0.02957995117655021
551,-0.2214307959427949,3.12870236878826,0.23877308637589847
552,0.3403417776381729,5.457714579608529,0.6993899792322218
553,0.5388666069138873,2.7420700558657276,1.0942624030560346
554,0.1289399539460343,4.288866299493927,0.27818287085189153
555,0.16418612197731625,5.668796385383408,0.49047123415605526
556,0.7519297676959452,1.0073210611324006,0.1665235039347723
557,0.3531732358978142,4.984020470296522,0.8061057228771651
558,0.5777935943812609,2.5267970525981758,0.062203998222716494
559,-0.011005388604960272,2.3953259778219356,1.0417663369219552
560,1.108710993793384,2.3992565480584593,0.32675695764185586
561,-0.044731854618726585,3.3619775862818235,1.2849586409807547
562,0.7547781397951894,3.2824544213666855,0.1172054699613978
563,0.5830202937420796,3.5440558718999116,0.06157518402825933
564,0.37442334916813114,2.065642513483604,1.0224204134111718
565,0.5470004454932494,4.101144985285974,0.5964226390935021
566,0.5562285943708465,1.7348142281257029,0.7179162938720536
567,0.23731564669942432,4.1945551919369,0.39608112746512525
568,0.5954309833789172,1.0979730565497798,0.1950054299199277
569,0.42499606008461704,1.3987579813669244,0.6145726886375396
570,0.8065891772547128,7.332617831455946,0.8800787682689427
571,0.17629826145902508,3.105804721248194,0.6202827094179046
572,0.8831415532075988,3.3504916097019066,0.31065304341102395
573,-0.18263158044743666,3.468603257088587,1.2064162651864003
574,1.2937987220954221,3.041380714357965,0.6314337130988512
575,0.8725746304066148,4.0540816972223785,0.19675171340573788
576,0.7893116067953032,3.0714992391297242,0.23597308630403677
577,0.3939662000691768,2.886938960258822,0.28389888928378076
578,0.5249122954069061,4.025309088974182,0.8685441924076456
579,0.9141388814190766,2.8869772690321596,1.3960325559713158
580,0.4313699985913048,3.5921751715005312,1.3915467346714858
581,-0.1607989638172666,2.4766267359333396,0.4357375059132385
582,1.376287522763531,3.5701461063584747,0.7710319978738974
583,0.9303025184148299,2.492348879744658,0.7694829134717187
584,0.6970216031455004,3.9973234823630457,0.22715239129456355
585,0.4365909195877563,4.610288535941865,-0.2867411716250479
586,-0.0687858641153222,1.9604395281183291,0.8155290969861649
587,0.5375621944411759,2.9439936563528115,1.120544947404481
588,0.6863373019263836,2.9272842274841073,-1.0495058007182805
589,-0.33151904728271625,1.5462005282468172,1.6702602946722853
590,-0.18923875078780544,1.6297392120152419,1.8098760269094527
591,0.4473317087388781,2.1425673182109346,1.0728658322293063
592,1.3122672547602403,1.3247550797674068,-0.006435811074395051
593,1.1961965357685753,1.3577294810711447,0.12206845642640843
594,0.8996281601869868,2.3870375718804784,0.933937611909868
595,0.6745287125159942,4.421292914691299,2.6440572971350407
596,0.3634965410991749,2.0720325877246046,-1.0030257965533163
597,0.008231785643235883,1.800211427913874,1.6866147837007999
598,0.25380576234808433,3.18888544408778,0.8729497997833483
599,0.4699689152198884,2.538114013444337,1.00565307380418
600,0.0577651757608409,3.4692756795968673,0.4247405429656477
601,-0.39869019081802604,4.058739079452177,0.6254098189108229
602,-0.26726993004607796,3.674590523728311,0.605605117511614
603,-0.008645161724791227,4.012029520194305,0.3858777188005495
604,0.5312418389706738,1.6418844550819076,1.3818527161771545
605,0.9131796199614056,2.3846871361112405,0.6067229121141297
606,0.7890277512714562,1.8244338652716539,-0.2708083116628403
607,0.563209395282766,1.3170227766128408,-0.19811211455381525
608,0.3198334609794712,5.303576666139297,1.2849238316131248
609,0.18615779952193803,3.4236622811471125,1.0889192941448336
610,0.8267758050541542,2.9452402540790135,0.8674037161924599
611,0.37244411603778804,4.116110777552383,0.6186201032530276
612,0.009346941472127213,1.2218156385681898,1.2149806854603087
613,0.4559896784427236,2.2353244408695274,-0.8224473237863444
614,0.1921535191688838,3.3861705857027635,0.5791943463211293
615,0.0015538604326676604,4.215508138856992,0.934186918014807
616,0.7638419052697065,3.256877407125359,2.2399122168399708
617,0.296129334246899,2.298508212852458,-1.2363174512029844
618,0.007874708145650113,3.21975768644245,1.7014435096334672
619,0.4099714354391884,1.4398842819397122,1.1476018489908788
620,0.4795606006491008,3.695019036361075,0.9627926576724428
621,0.8166657445806766,3.860773927459286,0.14699555179202037
622,0.2693611204678215,5.625218614209559,1.3121052473633903
623,0.7468864954656425,2.8710141469851274,0.40562347954684597
624,1.2117681187084457,1.6469768294813811,0.7911681393108198
625,1.113699205569025,1.186494934680074,0.7398384761098354
626,-0.8451059682852927,2.381167151518681,0.0632179151011653
627,1.4303400454055137,1.978337870014747,-0.002765232044000788
628,0.8394063574965568,1.4272787018058757,0.7858510299209917
629,0.43723794864756704,2.439351757526454,0.9282282195391923
630,-0.022565631429423257,2.5299520915533016,0.8937788071712326
631,-0.12889389968121015,2.313560729058984,1.5451176150777393
632,-0.11687513743529687,1.3866695774284898,-1.2853136283891362
633,-0.6579451142978109,1.32993443519577,-1.1926934794179425
634,-0.6306004059871876,1.6468248095821694,-0.07067881944155671
635,-0.5486855091905936,1.7298042946527328,-0.06557387702407227
636,1.3566110589765565,3.3458726978379265,1.2814974568246742
637,0.8537078339539482,2.6013724539861003,1.2618527435113298
638,0.676198937444523,1.8976710775655834,1.0118444011223497
639,0.9235389166593502,1.94757458373084,0.7022504290633447
640,-0.09852578821736376,3.132951228858234,0.4287651513634839
641,0.6821694860277403,3.7107347116636444,0.05649018336052123
642,0.16854704158634312,1.9270597322927392,1.0921967684736948
643,-0.3507526233275342,1.2694381360557012,1.302685776564582
644,0.7151869447688348,2.6942769483740814,-0.8800749989103417
645,-0.09998538540857332,1.7626255884150364,1.2586473851091755
646,0.14854583523226786,1.7602086193952315,0.7549077462107503
647,0.5800647269560565,2.7409851252508073,0.9105827392575474
648,0.32875719768324074,2.287589383049073,0.13085461826184558
649,0.8336684237269909,3.9270229275087174,0.841484682957762
650,0.37268842279735975,5.992022563848784,0.9257387491462208
651,0.9033888443421794,1.454563022753855,1.9685816810669468
652,0.019890283699423427,1.823045768825924,0.24767801224082373
653,1.0094602626505544,1.5062064651524811,0.30469187263482217
654,-0.05662319416976263,3.6690814363944595,1.4358262760494827
655,0.1860973325886792,1.4114222144531683,0.7940695413250919
656,0.44412759860297735,2.1814406711184273,0.19366618636595642
657,-0.02433643768404168,1.9070500701816548,-0.5371676183566001
658,0.8540864730615098,1.816733197627466,0.9317846786721415
659,0.6153726318436573,2.806438802627119,0.645774901279622
660,0.5210259294422107,5.519103001098501,-0.0017010036037412685
661,0.17169626358319134,4.034304685218689,1.4108420208402848
662,0.5014079239088413,2.851158145922309,1.0189154715544932
663,0.14708713097795997,2.917512861745231,0.47977981952429943
664,0.5226281830137223,5.272940077337231,1.0530716166194818
665,0.23382431571205306,1.639536904768981,-0.2709909152447867
666,0.3003800265863436,0.8152385532323289,-0.40344820680565174
667,1.2591155594374914,4.1728771229761605,1.785998000578606
668,0.22044313421504344,5.259767088198335,1.203091819966081
669,0.4537151643421683,2.5309996694465777,0.727101456071713
670,0.07194240662500863,3.395097311541585,0.608952481043887
671,0.5316786354601927,1.9301303125582077,0.7047490039149691
672,0.41691796973539585,5.014320476309476,0.8541758647715227
673,1.243686499955735,2.2356772586877254,1.2088588095533774
674,0.07606168331303739,4.239641678791709,0.5112693702957938
675,0.8164334016192527,1.6193671798384761,1.0875837577797052
676,0.8913064299172043,4.6563454834868985,1.2851426876180996
677,0.20290236073450466,2.3863333097196886,-0.09523105289304042
678,0.6951211942314623,5.133611046176887,1.5770490103089696
679,0.8787622757337712,2.0222966106928033,0.6683650724496364
680,1.4578490239759951,2.3273069610346893,0.6329740101286649
681,0.9821840759409426,1.7603555105721975,-0.43695627422918837
682,0.35449910804774637,1.8175171237738956,-0.27710993232545067
683,0.582513438003805,4.725408033199318,1.5861286609499219
684,1.268077915180011,3.924239597325669,1.7687895164926788
685,-0.5886032022714641,1.2550514083047686,-0.11446194926695508
686,-0.5601976689368547,1.150127968281575,-0.34386432832326114
687,-0.5514797469187575,1.2342215844708329,-0.25428400242257054
688,-0.6464025807022746,1.2207449994394282,0.47584969124072074
689,-1.2860315165653728,2.162100776407767,0.5079829836813696
690,-0.43996462421633215,1.3754034116216258,0.7018347257311572
691,-0.68273319279142,1.3051363060323227,0.7273537948530086
692,1.134328359754945,1.1242436129003135,-0.13125775038487425
693,0.23100206493254968,7.582244301379373,1.0724392567689454
694,0.4599786245581892,3.389441099878601,0.5044006813804399
695,0.6946405656935812,2.222315175728739,-0.08990216001867171
696,1.2005421494983544,1.350171280421,0.48733580093049644
697,0.10682040540707327,1.9402252859693176,-0.11885940838023454
698,0.7807978490834824,6.913018932246555,1.5645408527363127
699,0.4952215610006218,5.858167660682437,1.517423528194738
700,0.8986231480878968,3.0697918028887576,0.8988191489595674
701,0.2200716455865878,1.9347267593845157,0.03907255775102704
702,0.5296389546171626,3.5158755419514307,0.9151520908977163
703,0.11519065869584125,2.9248999751316327,0.8035217698391453
704,0.4931234356268992,4.608290144819776,0.33685756673233397
705,1.2548324467693739,5.865480422490343,0.03528263856228541
706,0.7386294739663044,2.27306503064488,-0.04048268224121162
707,0.049907148010368524,2.478545977067718,1.0290241423681674
708,1.0104520135377195,4.909125631156578,0.8981950064502818
709,0.6007852569771372,3.4321562421044307,1.732110116532932
710,0.2694337739555465,1.495341224919623,-0.1867641095981859
711,-0.10673644844487083,2.9843867205310324,0.2598755502924295
712,1.0577368540229428,2.827666095537079,1.8899132117073392
713,0.3764134528965732,2.3162120678312115,1.1804385003032862
714,0.4508996256144104,3.5112687943963308,0.04001503220597088
715,0.6143706726510254,2.883442164909299,1.6667972686805117
716,0.4870135563155672,1.876556564676251,-0.4610502946149844
717,0.7084974163702498,4.666418595953661,2.029687415541689
718,0.07121401393495663,2.786557050316032,-0.23834985111919138
719,0.614484245647524,2.2183996158863377,1.5298172672952086
720,0.5966101946652365,1.9414689754929504,-0.23787468343671284
721,0.1510300293970801,2.288193468727699,0.3780025560739725
722,0.4161674160047405,4.086193911452351,0.17841347711387234
723,0.7803483342981532,2.7023180329258722,0.6453872463216862
724,0.6539697901081631,2.6177496043406614,1.0484773338464402
725,0.6442740510131455,3.068399028966011,0.08122493269252953
726,0.08997821763562898,2.4934107956248415,0.3033400963757241
727,0.47167796927976946,2.635380832931795,-0.3976926654720124
728,0.9385197417824912,2.702263718602788,1.5991969033428945
729,0.18167276273077596,2.068120340375812,-0.3144943536972833
730,-0.035843666374820504,2.9294374917265,1.176446619423316
731,0.8206623825683684,1.4938655348748293,-0.33188424145110273
732,-0.2304373471326292,1.340395187003914,-0.7688921746725649
733,0.2140481286477158,0.9511038702785616,-0.1436558695657864
734,0.514330855703198,6.009787124629239,1.7270298422418169
735,0.5971341143436242,1.9144741553779576,0.02461592984704606
736,0.1922038888634531,2.5349576969491228,0.6218899174715786
737,0.20711317008522848,9.480719543598454,1.224132597334306
738,0.7699239777683713,0.6247286385437986,-0.217058114505137
739,-0.4921875501416829,3.1862744667988268,0.540988767359624
740,0.8335896697659759,0.6857128647661543,0.5416633920161275
741,-0.4545870626165586,1.39215555787857,0.6154584410615355
742,0.031129660748308238,2.337875337616962,0.9931524222051767
743,1.0987288903940655,4.688202287950417,0.9601079859227554
744,0.031323130314010905,2.1441248387988403,0.64143920613396
745,0.2594703927395255,2.136928239557159,0.4709258972545974
746,0.010135104164489485,5.261114581600431,1.1876514509594582
747,1.3689301380602785,2.1812665121828134,0.8485474290277416
748,1.1658280811286277,0.8323725315286482,-0.3536721398472035
749,-0.33276133054497414,6.0342170720335515,0.3407417995423143
750,0.5392944876773761,1.9547814695465386,0.41261789375423025
751,0.47943908131294466,1.800817332145785,0.319103885034759
752,0.6240626437470566,1.8392713452469298,0.3515848463210623
753,0.07105981315511033,3.5482413017542602,1.063869581954883
754,0.990457328080951,3.236322405284922,-0.09345574393591533
755,-0.11386473263967754,3.6363423304798825,0.6035913483166243
756,0.7323302954272018,1.869418174181066,0.27690729712146633
757,0.5306871188072101,2.288286683431697,-0.6685420458219578
758,-0.06467149207179351,3.8785542907121906,-0.5102452642423737
759,1.1422729820238346,1.6005483889577685,1.4006346275555768
760,1.1922562548235254,1.3454582122219823,1.1859885895280458
761,0.14731430292640507,6.489147401347881,1.3269810336628012
762,0.7633590498544403,2.106620328122423,1.3960058093198362
763,0.4266203489955268,2.9747022173823847,1.9124384847051403
764,0.3380798173946968,1.9605426495112288,0.9734427687902221
765,0.5616754352333396,1.569947589799682,0.10383953053626677
766,0.17949837114733902,3.8386244285731332,0.9814820555886179
767,0.878510053743668,2.9127645437950633,0.09135571691674689
768,0.681177395385717,2.462862998157568,0.13955872124154908
769,0.3378660455072898,1.5254361197939026,0.046103810540243775
770,0.19454926487121119,3.151084720199437,0.708288455451715
771,0.1235912063638524,2.0755898459320665,0.0805314703348635
772,0.287885300403206,2.738499210452172,-0.5164515034275006
773,0.10022923435801492,1.6583353593650358,1.0661639388842197
774,-0.09714992733177018,1.893388676424185,0.13368092924548058
775,0.8155591050394962,2.854635703315348,0.24181946661456669
776,0.5262242063824997,2.3580240913465973,0.7416961700274599
777,0.4663382544688567,3.6334554095837537,0.43235193519471626
778,0.8576073033090899,3.7005516249066144,2.1063200591621913
779,0.1388717220366924,2.601374881438276,-0.5333331871467405
780,0.20527295798410913,2.694100837831997,0.8034611781219881
781,0.45288345167566685,1.6788671675519675,-0.06185520140381679
782,-0.39098495078559736,3.1069443509001315,0.2715513707757538
783,-0.22716870621992635,2.5168071351485852,0.6014099592265805
784,-0.2422516292066514,2.8477179443706406,0.2452985120160615
785,0.25246811129895735,3.451298515157242,0.32531333662260836
786,0.34935762105872986,4.155868652919292,0.09280317727316133
787,0.2191976528480407,2.185196244728339,0.7680161083506241
788,-0.06040813800900517,2.0395298213130295,0.6654428083998777
789,-0.5585407381433708,1.191968737868384,1.0353279989262985
790,-0.9886358716298,1.5238228450019846,0.6547535028297268
791,-0.5287365246038541,2.0322992516757,0.4643752371299424
792,1.0877723838541118,5.74049325585008,1.2995656743440784
793,-0.5731552690652988,1.4817562048067923,-0.43115585365901116
794,1.039116104731871,2.152048805410443,0.1515831227876423
795,0.3542990747921577,4.610041479290501,0.14857789909932337
796,0.2910599466529855,2.2443291630049713,1.4796967000188088
797,0.6426574590032476,7.9488373458691655,0.9344407776488978
798,0.4317564146629935,1.4758076569647138,0.5278054689731085
799,0.44452288255763406,0.974474437331863,1.0781092809662185
800,0.7591913983587079,3.473727593133372,0.1289539503028166
801,0.4352345926954296,2.2847040221373422,0.23030257087050324
802,0.21260501574709645,1.6280136375731986,0.5049477714251712
803,-0.07597491100084705,2.035709620826836,1.6524767960628919
804,0.10802272629127169,3.5473628865640126,0.025327352125536613
805,0.136738787363205,2.0463837296332357,0.9877908753904834
806,-0.2728930616102411,2.196138282795157,0.022345288135646204
807,-0.36714048244754965,1.8860545288200654,-0.31005058964847226
808,0.225170144977025,3.092456984700061,-0.241145567283636
809,0.6362159631802791,2.321760585913356,-0.21197361622053854
810,-0.24939445825397125,2.139003049331504,0.7442062487751411
811,-1.2596931970087892,0.7397571092816386,-1.184675006325895
812,-0.15791263635464614,0.7536013912987759,-0.9677147670973343
813,-1.0545664480916725,3.1808772300897092,0.6850501454252718
814,-1.0003862118491762,1.4440361544706213,0.6595525008501554
815,1.0629848693520236,1.8941157795616013,0.8363022629540275
816,0.1068985462622412,2.9808980290591696,1.3187904300312416
817,0.9490789601918533,4.781483629471443,1.1716554819638836
818,0.9248100774154479,1.864989530667669,1.3433390196623924
819,0.9015780864808678,2.2056297588201415,1.4060312523093368
820,0.792691627918568,7.79430676236548,2.219101776609365
821,0.9525702496970315,3.2525983500532747,0.9759092607981427
822,0.3761404637502446,3.8133993127991186,0.7910460119958153
823,-0.4532173883246169,2.7337861603567615,1.1854445924651666
824,-0.3773836337227158,2.003508226588737,0.026709677020539606
825,0.9277384985942693,3.63415725977757,1.678059779064402
826,-0.10726145663522302,1.2985006636675707,-0.04768862435587314
827,1.0213240951136404,4.566948767525462,1.5384447908329146
828,0.7154436538640149,3.341511817985643,0.6191190715530085
829,0.7521369851824091,4.098224844269212,0.6189444567779208
830,0.2427367054688798,1.2922120796309038,-0.5614422244034282
831,0.6448968130399567,2.826510876415222,1.30756812066433
832,-0.031293843878317774,0.543044195275996,0.270527200699271
833,0.3629614004251801,1.2473095130212168,0.9475361230196774
834,0.39584486922424295,1.2542296561796498,1.1775272736252587
835,0.31383011778471276,1.7762832665363872,1.6876828899873761
836,-0.030509428025989813,2.2512805583412523,-0.4260882514391243
837,0.1509274914054656,2.271246023758508,0.5084113164837316
838,-0.29454923527190296,2.1094087530503423,-0.2422282578350871
839,0.3743026933627333,0.8066046117063448,1.060182877794581
840,-0.26588443067585504,2.4848569098703726,1.0282518093495316
841,-0.16088048377963124,2.4958181883731316,0.9692088056818708
842,0.4663575646950676,0.48184526019934054,-0.17161005052183365
843,0.3825598340592258,5.503735257586997,0.8840371185258202
844,0.4698375524776007,6.503901231675102,0.8683988423727645
845,0.5185325218715466,2.050929844862801,1.3374479314583883
846,0.03659198003494478,1.4264890036606501,-0.23532283074273244
847,0.5699942181036949,4.847525121695293,1.5800294941795723
848,0.7408674026814523,3.0484790114913713,-0.012407254766437226
849,0.06599384058243253,2.8507960103600185,0.0992742855150267
850,0.596851550912576,2.1145538317188506,0.8537770902813281
851,0.5555014195673966,2.886697754600262,1.463673080235499
852,0.6907984002246795,2.2898843352581313,1.6858465319585456
853,0.3688414039847826,2.632760782663302,-0.7658633340004131
854,-0.293945679869052,0.551768089982909,0.991258163061021
855,0.02417123045844398,1.602467626742002,1.7149602579424674
856,0.7700464573127794,1.373474959210647,-1.0353412966464621
857,0.778037589206565,5.806022995714228,0.8614145145979496
858,0.49878644877271805,4.352202805108143,1.0298345797845398
859,0.49525594090262587,2.516582884830251,0.6048101362957718
860,0.2476746653421079,2.15970521989638,0.4148980851862296
861,0.9097859667182754,2.338846236664357,1.196596855348778
862,0.27268773857854833,4.258806846082473,1.3644073529672962
863,0.12221777898822174,5.19198672445379,1.3659869969314828
864,0.4120038945635664,1.4292176668834644,0.28992659796702985
865,0.2026098078505978,4.348657961034366,0.9260141577890563
866,0.45053600470886773,1.807223253914266,0.09842111368828828
867,1.1637235776994075,1.7158961515552875,0.6204842299702636
868,0.6120026522825566,5.681335226563903,1.7241101092420528
869,0.6401783775446596,1.6082158533071775,-0.016937254085254254
870,0.43191158734890883,1.919160780313536,1.3777031383273968
871,0.3659569115325193,3.182631367782708,0.6696080451122775
872,0.7434913053287122,5.011029618219308,0.7373256421987985
873,0.04265111889071675,1.7367824626527861,0.5659267330200912
874,0.4099476039616844,2.10015507775274,0.9432713099315054
875,0.451984764087868,3.554461472113171,0.21146128988353388
876,0.4807761165632554,3.571287198351599,0.12978107118689763
877,0.5986999830528034,2.3702408196534654,0.8773362936684299
878,0.33739063882033515,3.065381553058136,0.0031225748880932274
879,0.1736989391709741,1.82668477052497,0.525146671954091
880,0.05273563941459046,2.41662678159718,0.8413698895764874
881,0.5076643931157213,3.1806170819969712,0.11660282093695627
882,0.07945099005183395,1.742174650461864,0.5969296239359462
883,0.6245729007893118,4.493593063129597,1.1474264422638556
884,1.0404445273124054,2.77002685601243,0.7245503652865888
885,0.08188035904038532,3.5918516444807094,1.1484011275258323
886,0.12861561876408495,2.597851763988866,0.4232563451096816
887,1.077709226382296,4.472017341088066,1.5983479080317478
888,0.18495528030681704,2.1584568093238774,-0.6148877597062268
889,-0.3534219707084145,1.7426640834196563,-2.271147206935466
890,0.8539621915897823,6.196158371439684,3.0201295848337786
891,0.626317961748278,4.937526664983238,2.22031316766693
892,0.4039116678384523,1.7031478381551322,-0.8754330687598051
893,0.3771332183963194,1.0596890345628576,-0.19553988075295806
894,-0.6227899476626174,0.5020573043454682,1.6813115257578373
895,-0.3260822204974964,0.4918765820191281,1.0485096104248095
896,-0.46310744991039476,3.3230586553530226,1.6838282626094412
897,0.5243220903081023,1.2404447773616067,0.0046191035164089645
898,1.00241927140654,2.1023890590789516,-0.08674266766735668
899,-0.13405171962721635,4.441526337026043,1.0293321081610884
900,1.2212573125440267,1.1369057008856338,0.8429850287965013
901,0.7111729875440544,4.928711765964959,0.5744060218983116
902,0.32029767397501896,2.2652723753076582,1.0955185353076775
903,0.6751327718375654,3.5011701717142723,0.012256154613424107
904,-0.1489338717898398,1.0285855874925198,-0.6163581578407118
905,-0.24302966359719536,4.095029647042423,-0.4428932557223311
906,-0.5989704153832962,0.2681647698845234,-1.0118336777716732
907,-0.5254802567326324,0.25885791771623134,-0.7832193213768436
908,0.10014719166561295,2.108770386735008,0.5870869207290084
909,-0.32931181229451606,1.4809014528062963,-0.5601430333279324
910,0.7118576783533729,3.4114952737533697,2.509959222951825
911,1.351186062251169,3.516638135056229,2.2913776772049164
912,-0.22470010264942572,2.825866359545398,-0.36821179235166107
913,-0.47434857194063135,2.7132355784300457,-0.21079582852364362
914,-0.4587327328414737,2.7213392750003633,-0.5447623791672557
915,-0.5445163814848153,0.5743109859237464,1.3192526393373978
916,-0.24815646966601718,1.0223463795911705,0.962597915190917
917,-0.9022212966332638,1.602258514165909,-0.5588107800765083
918,0.997679767010681,0.6823120623675001,-0.006643931443825033
919,-0.7260596953615024,3.9101692666187224,0.8901706837762956
920,-0.6416791088743032,1.720720540219008,0.8458238013009125
921,0.4038795233661854,2.8143552596334778,0.86716788008548
922,0.2536803169020541,3.2427698574793924,0.4663088248722
923,0.28276180852679544,3.6369984784293266,-0.30600071150022873
924,1.2770480832883697,1.811626461357066,0.7057858686148407
925,-0.2200194993635441,4.673030107263625,0.44532274546080086
926,-0.03170488506690387,4.0087934193453965,0.8214869553410861
927,0.9593520163906187,2.1990445547720343,0.851595740686193
928,0.37004110344335117,5.2272902591443975,1.4171660251412248
929,0.18354565025820754,0.9022161649681659,-0.25998951669003867
930,0.5716838676233706,5.664617343619124,1.4097676421999916
931,0.3427930691902578,4.640981257010729,-0.00764265496494571
932,0.3702196100056187,2.392061145215104,0.8578803991683351
933,0.3370891744740518,3.098228989835068,1.6232663139899164
934,0.5552862344174273,3.7935899804295516,1.5157389428143715
935,0.7610715840516666,2.090520948126503,1.4408545544428168
936,0.609875595016784,4.983904145986325,1.0931888070286178
937,0.11863257515373127,1.6194066288120408,1.091556160150568
938,0.5340892544931193,4.022307771734512,0.0025685945688991205
939,0.14437862775124716,1.2657032101734882,0.7324064858048825
940,0.08678778274351533,1.3678018723909415,0.5554450453383553
941,0.6268317697948177,5.299859224569672,0.541653474297095
942,0.6254836213111599,5.3836573603095905,1.007929017179545
943,-0.09508589387257135,3.4598400326861984,1.734929329264297
944,1.1663612418285842,2.4405547780652417,0.5688533663744656
945,-0.37546622788544376,1.929411229259874,0.60693232307436
946,0.8949504940978665,1.951939628450249,-0.3897518886950393
947,-0.5022702112512135,2.570071131322204,0.3133479560213436
948,0.25149611259591065,0.5523312241570046,0.7003196696029463
949,-0.6118555281138374,3.131351753483736,-1.159584181463504
950,0.3755040748041771,1.113391307148853,0.06627743903708552
951,0.45147605400031143,6.3980069332924945,1.2332293142520065
952,0.5055440158223314,1.3196093707397842,0.10697548198126676
953,1.2787294772218185,1.7454174992168912,-0.1983293786139173
954,1.5117467312951012,1.1018262976412776,-0.566426534490445
955,0.3645665926185705,2.9393613514696426,-0.2931955764628323
956,0.7462409572486169,2.073208961526552,0.04368882877521988
957,0.703055487348009,3.8239860325132766,0.9828844479416252
958,0.5795300524835048,1.4036513818149745,0.050909680508649885
959,0.5858239088894043,1.7737248116376085,0.3356286098609388
960,0.42988434295440364,2.6935011849008075,-0.04886242818951724
961,0.5950460901334456,3.196455927411059,0.15378666385683665
962,0.46778357563420886,1.6895700165205874,1.1315746205609862
963,-0.17542730353382668,0.6810489315931296,-0.04083138590764938
964,-0.8644563784639064,2.3719335711775362,0.1263196606088091
965,1.6253367838748929,2.1036844951451275,0.6833101022607305
966,0.42384691481351355,1.086772667459839,-0.264113099921467
967,0.40591963956258076,0.8761865708618838,-0.40592660275266235
968,0.23711124069123118,0.9585284110312242,-0.9648848738458006
969,0.6515693002327583,3.3534343309093764,0.8087789885685618
970,0.3341703992228571,3.6625434467301115,0.762454457560573
971,0.058493230105824176,5.930834833290652,0.8931531605013833
972,0.8798600624953337,2.3433613011214516,1.4059488428262295
973,0.7526005752273061,7.369090626709525,0.6813615548397047
974,0.6779188964044561,5.220303016533599,1.061532075578093
975,0.45004532823020654,3.513183812494809,1.0280860325838652
976,0.4141569421924827,2.6180197197058366,0.24819974572772635
977,0.29528387464655864,4.273019066833013,0.6220799233093198
978,0.2776418353930594,2.5681082924820378,0.6997789234670087
979,-0.48754083872512266,2.740390352762784,0.6049456318737585
980,0.1656992612720136,0.629279741964471,-0.1559103289443394
981,0.4219351158536587,0.7267299449394807,0.35386231156562187
982,1.0670439564020013,0.9098228506147849,0.4285888436531217
983,-0.3126883827518404,4.127205484064531,0.6840804116679646
984,1.3099137564428611,1.7478056646061506,0.7416234183157613
985,0.4586188293860441,1.1473796698011658,0.2837262305837961
986,1.0456625292359525,1.0480811913119834,1.1753583791545477
987,-0.3793321707783134,2.4729570045265885,0.9223621720424149
988,0.5935275485620021,3.4629632631038447,0.7248973025528735
989,0.6829088657100055,2.6281621497415206,1.176412013064215
990,0.050791807410286084,3.721651962466431,1.1248809133227649
991,0.1328238012704022,2.841252661883867,0.4648091511902454
992,0.5488887493603599,2.7722347788788304,0.2259178200220049
993,0.57674966642966,2.6297373903545687,0.2898816430469643
994,0.8600370058511168,3.4724347497598047,0.3638170044900187
995,0.3925820220389109,4.409663778325977,1.4932898700327555
996,0.7140057752922554,2.7887804598664268,0.29954243304114564
997,1.0149822399651212,2.1607279227754543,0.5174241553772664
998,0.041890447306650334,2.2213575022282672,1.5317713589587416
999,0.36281117974830845,3.282396654691586,1.4437278707352286
1000,0.308326011465653,3.322060742106829,1.2176698774204613
1001,0.23624847801133528,1.4948240956464043,-0.25083096924272247
1002,0.9530226434910544,4.78592785086491,0.747463250772861
1003,0.7536621115794973,3.831323568531412,0.8051619965886706
1004,0.6862083706801293,4.765253730154975,0.7877552765230112
1005,0.5826839533111999,2.3437437791778883,1.1901508488063557
1006,0.20406686594058654,3.5952706350687964,0.5109827404265038
1007,0.5868458224220947,6.328363497537169,2.2186374460978984
1008,0.8100670987078309,5.673810425075145,2.51531251247343
1009,0.9309784363387241,6.459387117261873,2.647753033605358
1010,0.7380241958618778,4.6751300337944075,0.7901660941898836
1011,1.1262646908292722,2.8542372373283773,0.774647143158976
1012,1.207650018299729,2.9188605334555198,0.6463446962867587
1013,0.81250033508935,2.1708253041992323,0.6819989929992994
1014,0.5388476212796818,2.9501485487794907,0.9253396877201508
1015,0.9532904655502267,3.718245204956282,1.4452922980474066
1016,0.3602927749450571,7.139856606892817,1.3516299069072444
1017,0.46768170370717926,3.441791665825017,-0.04716645770346829
1018,0.5707513425689358,3.3344573296558173,0.40147704223357866
1019,0.5392962256044573,2.5126777937204374,0.8549398731230342
1020,0.9034980360024947,4.223690381861245,1.1279101442967827
1021,0.25616356621364883,2.1860553275391217,0.4236515224952664
1022,1.1640948997276483,2.8341254072843514,1.0482500472807939
1023,1.1833798024533888,2.68377090077348,0.9956100990102782
1024,-0.11436643445984028,2.1484256674399913,0.5620369474253122
1025,1.4304795362432843,3.2721958209117683,0.8030322795968997
1026,-0.37765066913929374,2.814910423048866,0.34504218750643745
1027,0.9318961234271126,3.4383030562628734,0.4349581316693427
1028,0.42534024791248864,2.623420155173379,0.0969087067162128
1029,0.7324786015324658,4.07302768355573,0.8070099270998979
1030,0.2975416847612512,2.1806806747852905,0.45114584422401793
1031,0.28647784997590214,3.639608844486176,1.1374456950110954
1032,0.28109968560881393,1.9712471847103898,-0.3118564264740593
1033,-0.7323944357555897,2.5247447993187193,0.28912662969533687
1034,0.05454261696814103,1.1699475154771977,-0.14585923170022472
1035,0.12463657943220628,1.2339694499753964,0.5315775580766073
1036,0.14108845072326917,1.2805079983272925,0.5029672604719301
1037,0.22882917533955444,1.7098987207105298,-0.09296983634354475
1038,0.19427375890316181,2.4743664357997606,0.9340953744737212
1039,0.14113097100459904,3.716314661804761,1.0351693611757173
1040,1.1694857198893034,5.040180952070606,1.2305485076865192
1041,0.06283426170580886,3.066963003531653,0.4476889180251154
1042,-0.035746354614561555,1.1796911437565378,-0.8871537182158149
1043,0.12587126583063418,0.9583360017980217,-1.4941115843773776
1044,0.23248837863261615,1.1654544727502207,0.0986045228008361
1045,0.9110972078556574,2.7982246816013516,0.28464146166803833
1046,0.9487304026432141,1.7556198967582015,0.9703511337300533
1047,-0.28398914974724876,1.7988327540177156,-0.21281945716240452
1048,-0.38435695343308574,1.1561870913624495,-0.5131600643836672
1049,0.059846247880105924,1.356720649865692,0.9601865598163892
1050,-0.0015076094737343814,4.4605925462226015,0.9897273150715237
1051,0.15935134343339313,3.22198467701243,0.21235792871875314
1052,0.5537453961233483,3.0776402907086684,0.6440968084296727
1053,0.18234165010712136,4.4034928084797365,0.707188173755664
1054,0.8957569962668347,1.983023384303498,-0.5595435859866564
1055,0.8822102270967823,4.713074870512893,1.5136996503361417
1056,0.35297915179413347,3.3838394135938556,1.1742599962507758
1057,0.5867057753984136,2.477623544155305,0.5160273980475072
1058,0.4112210722416027,1.624529819863154,0.22505994590258271
1059,-0.08792483347599388,1.182660226527112,-0.1210149133651085
1060,-0.19615401832330567,1.340033387482537,0.19036511753905452
1061,0.8164220194655075,2.944815777991755,0.48963380726471945
1062,0.23911156561201471,3.7364868764512353,1.1063711437771953
1063,0.1968183303747722,1.6851209506941438,0.36948750011975706
1064,0.3194537099101773,2.570266661702693,0.5888624774557221
1065,0.6429305519268383,2.066794764759795,-0.06455781893489348
1066,0.5518941761274135,2.5099146462213806,1.872542358943453
1067,-0.19754530484219038,0.7845259270239718,-1.4107030579079447
1068,-0.554398661028084,0.702799078325419,-1.1104785825147654
1069,-0.33155238931023506,0.8799853894660126,-1.6631896490673725
1070,-0.6637393509843685,1.0336561124569246,0.5077901599484865
1071,-0.1752318303565681,1.0231671335921844,0.6165322766113615
1072,0.8796652268801687,2.3411878009311415,-0.4671921632046462
1073,-0.016921737328538022,4.045284078338814,1.5086495453486646
1074,0.602834468272101,1.9647875654380775,1.2938971685584117
1075,0.6090816172111647,2.1284224853684526,1.2130812544841234
1076,0.31553122330619077,3.970121695823813,0.8131255444662243
1077,1.113222765811145,4.29936016452261,1.2440447009731916
1078,0.3352426027137888,1.4290740995933064,0.1750996081618024
1079,0.4925363190171033,2.071345134265564,-0.2633432755814398
1080,0.1016241271480991,1.4985646946986027,-0.4534557155331005
1081,0.5793321851898167,9.657322403458716,0.41405174376534154
1082,-0.08539653810827512,6.8262263659442075,0.9274566814920328
1083,0.07709597893097032,4.995816267441258,0.9958188301050944
1084,1.6348333229661207,1.4598088953311454,1.0440481581535854
1085,0.5627614636504429,1.5504677323328784,-0.7319369442915893
1086,0.11451183779903594,2.2609441201229066,1.685685669882587
1087,0.08904681683033848,7.07501109134629,1.0570104491581924
1088,1.3160733133211144,2.291328922886243,1.7100226811646357
1089,-0.17820032103722427,2.3214196474032507,0.7585596882275882
1090,0.3529535321740033,3.8207984078535318,0.4657728318502249
1091,-0.12711868587518368,2.385552428870808,0.9778120278612269
1092,0.8802017127335009,6.219040468043471,0.8498862273183153
1093,0.6121422065080656,7.690916046107607,0.8455144139962123
1094,0.8182406618181257,5.576153668004559,1.2721535979885796
1095,0.044829478520585886,1.7138950561114419,-0.16081303872242117
1096,0.31852757995720127,0.9702026609262454,-0.3841469103343403
1097,0.9133642178922865,4.771829771104456,0.8769606261687066
1098,0.6053925438022708,6.9604894293186135,1.395134474844655
1099,1.3440035968511204,1.3653863886288227,1.3309143547872349
1100,0.6244183545613962,2.5943541630738784,1.6858824168331565
1101,0.23633608494757993,2.3325304388997985,0.5547378772012291
1102,0.2404983167651118,4.837434841883309,1.9411460614096816
1103,0.8778485400826819,4.996064603524654,1.9468834081566297
1104,0.4042401945071044,4.141390375034286,0.6424149811183136
1105,-0.19166003016567293,1.7476573015257808,-0.8822711558136488
1106,0.8629493775237789,5.285475455853592,1.7043247889162425
1107,0.41930713665070046,3.489099150025298,0.7050566764054423
1108,0.037661394450742826,3.8456849647208853,1.500625771698835
1109,0.28184295689539873,4.053492773700244,2.0934992319031562
1110,0.8671608583103353,4.519872479221266,0.4786457312829561
1111,0.253463229709647,2.462385644573828,0.8027994467688221
1112,0.39094909454413446,2.679986622132716,1.3280667070322876
1113,0.5186658040271181,2.3694566132862196,1.601491819136212
1114,0.27565865825663266,1.6320199461329876,0.38365950531860454
1115,0.8256460065831925,5.094595706285491,1.0454542623255552
1116,-1.0625031269547798,0.9733377438846503,0.6416904492163563
1117,-0.5259396822070986,1.0400835330242375,0.635096327852069
1118,-0.04666272567470653,0.8358395299954013,1.2879288851876112
1119,1.107605952889159,2.409483984766204,0.205842266452075
1120,0.7759149738793069,2.414720801189965,0.7918907481014239
1121,0.4610868138519396,4.685068326235738,1.1726820503375364
1122,0.7393294086958998,2.607538949230846,0.4069897645448526
1123,0.7234379652251998,4.244980022211778,0.8985167515315275
1124,0.4237114861030986,5.157348632898716,1.2836507191719313
1125,0.5154667068172101,4.135687561877152,1.3368683739317146
1126,0.35960912136832873,1.7514857330091274,0.08984723630017653
1127,0.5291645372257326,1.9447381316428953,0.6639312512287527
1128,0.5404989465159679,3.855939276092661,0.935114330563788
1129,0.4786656904300522,3.82207067987277,1.0601252752774761
1130,0.40994337526752794,3.0860875678728172,0.1864525478154712
1131,0.2673314996629307,2.1964672885859526,0.39318841873298715
1132,0.6389998979462712,4.511730090288344,1.041234111004963
1133,0.33042523932602386,2.380671488945711,0.20237412923019954
1134,0.35124026284333765,2.237177940789933,0.9878440039060807
1135,0.00965491523258299,2.585831135899777,0.057454997402084276
1136,-0.30221259881977247,2.2849723537546995,1.522327857691684
1137,0.81727540500483,2.488495306659304,-0.4590115402689023
1138,0.8005111028553588,3.8694839460164876,0.9298124035487733
1139,0.022837785549572533,3.7742410408937883,0.6318570707779042
1140,0.5532940457177685,1.631763344525818,0.40091455253642383
1141,0.4585598951445114,5.311623162404003,1.1754788418594042
1142,0.6480438517577068,3.2177587920567143,1.3242074064160974
1143,1.5710602682714947,2.554148360257802,1.2369838986099166
1144,1.3917461778733478,3.28974270055379,1.2233782727295968
1145,1.0755923693500942,2.2561560246870416,1.3192026312067027
1146,0.24523345276668881,5.070299212528053,-0.4950434540306969
1147,1.0729535984061478,0.8398766406548093,1.2510854939521683
1148,1.689360040739058,1.5617023173512594,2.2770143091923205
1149,-0.17657756684635567,2.64003977450029,-0.3431780515269578
1150,0.5325820331400843,2.2690657547700264,0.14870481339429278
1151,0.6983904954813293,2.042657017109455,0.06066964206802393
1152,0.4964648458773822,4.504853758170439,1.0335126784601056
1153,0.9330321803397795,7.291757730961486,1.5386496616030556
1154,0.3050612569715017,1.3177554932429194,0.8112443133895577
1155,0.41311897764077526,1.5952321639313498,1.1956861744886553
1156,0.5429374456301094,3.904195028002548,-0.0385807417579089
1157,0.4587545644897182,3.8905577425798405,-0.05873048361666337
1158,0.6649811777779482,3.7668563283004883,0.331779053312465
1159,0.4538810005874559,1.4181668123305553,-0.3395379867570528
1160,0.5267725361074206,4.123997477747428,2.1785147571739087
1161,0.8725632438150754,2.2400449942984313,-0.6048695917619086
1162,0.4611382273460645,1.526515638371355,-0.12252981364865853
1163,0.45007920942427265,1.1806003661590425,-0.329648318988737
1164,0.14151023432273477,0.7233509805092414,0.7635847411372555
1165,0.41024565354855136,3.0603748528028984,2.0218443240032418
1166,0.9429825540154132,2.073770396897349,-0.6679320900114822
1167,-0.7925026181891979,0.706024782823832,1.656536366656938
1168,1.2343227454878116,2.399254006792018,0.4765370563539077
1169,1.1474925593165328,1.9358135377414822,0.6395312367696153
1170,0.014483593964756672,1.7918187370070975,0.6491940787516025
1171,0.8396821384755762,2.9189094455903253,1.010383182595352
1172,0.3917037600296806,2.1347342792477733,0.5999842928163931
1173,0.46809310082013494,1.8672936593167464,0.5090450923021934
1174,0.8138137418909853,3.1498880922461594,-0.4893961136774736
1175,0.6155559697538256,3.7020321860641823,0.8323492399534795
1176,-0.08887731582909758,2.636037839408851,-0.06266989159020281
1177,0.124519918827451,1.6016058717262522,0.6296178269397105
1178,0.9425029595072953,4.241923018886117,1.0726234327579482
1179,-0.08952534471280318,2.744786358768255,-0.05501030887006813
1180,0.41245230561395096,1.5343880295740064,0.668239450221373
1181,0.7397753529841904,4.117947688548449,0.9375760278170329
1182,0.0028935088232448216,1.9819301976604118,0.5546673885678189
1183,1.0608989746914492,3.3177959398349346,0.5207616799202379
1184,-0.023426627724953592,1.4010855673446299,0.465948202461506
1185,0.7613548210371638,5.356611061906919,0.9420828538661068
1186,0.42228918455628534,4.553066254981332,1.405830386694544
1187,0.3336541322703951,2.3459741880852865,0.36014340700369935
1188,0.3241792247114519,4.1316573404781565,0.7674130823541373
1189,0.24012866053927914,1.425215591005198,0.0648010478750259
1190,-0.0813586088234108,2.3177688973335067,0.32954857774197416
1191,0.5830934594033507,3.1619994640373723,1.2747912108755142
1192,0.462869707402781,4.775029798162419,0.3356276954590857
1193,0.6509742425041376,3.0277541968588615,0.5920906517719942
1194,0.8154327153899491,4.340325359176356,1.2290849012237355
1195,0.1703299097335506,2.463579867087023,0.5296948420506881
1196,0.5090763420499649,3.1961013090818065,0.7857604407650634
1197,-0.0016651323445856859,4.422450805314463,0.45497725587819593
1198,0.9971963192324589,1.9721953828573915,0.7136316728382245
1199,0.2657924861334955,2.795797551038787,0.4395659703218675
1200,1.1487026547725963,2.7085798657209867,0.9261318096070519
1201,0.5665456336269588,2.7861216884832207,0.6127458998785139
1202,0.6450986435390612,2.8887701653420828,1.692264800117248
1203,0.552075785409757,2.0812782651095314,-0.4529384038253667
1204,-0.134454184310287,2.036351580866891,1.0286854699307229
1205,0.17113750426136767,3.2613952767552137,-0.7388500617332646
1206,0.7433901000824168,3.4983607023994656,1.7498362873852218
1207,0.07451638165369544,1.5380797341453174,-0.6703008752601021
1208,-0.0018667337382294183,0.934879613846523,0.3788521738331047
1209,-0.13440700589263674,1.19732433187953,0.3226877309444478
1210,0.19016791144610282,4.228816285878122,1.4355403484113018
1211,0.29926208368717294,3.727723197780202,1.0037739408244633
1212,0.6046988106041047,4.361801203568592,0.5953752759589611
1213,0.2983963932799546,0.9956716047755293,-0.6813950724812216
1214,0.1044911431227454,1.5983162450189277,-0.6864436562528722
1215,-0.045029704970170364,1.5656607922667876,0.9943529108290614
1216,0.0425490205382612,1.1570593070554431,1.750827257898205
1217,0.6262539753041156,2.4201397713034694,0.32573829028890355
1218,-0.019623689274375744,1.985925871245915,1.5065767629658087
1219,0.07788818374736015,1.2348024660541677,0.7996900810567219
1220,0.7535958274265437,5.873404930840305,1.030201786014242
1221,0.9285831833631762,6.681527228775121,1.3700298799200532
1222,0.6018882213760403,5.634000145434477,1.1961153863555463
1223,0.4202213508575697,3.8274581211314715,1.033066684087932
1224,0.26479922816608026,2.2146293517536733,0.5452800932764548
1225,-0.26032473950615664,1.7001152707206844,0.5506157137159612
1226,0.9216054180039032,4.162474881487657,0.11719191225146858
1227,1.1159761723982191,2.605289145189458,1.2937768399380674
1228,-0.06767209971281539,4.057175948398405,0.398871095847604
1229,0.49074576863209307,2.1544385383033213,1.5817943997361321
1230,0.8850278966499739,1.0931433309478342,0.7851554897597717
1231,0.9701847831988326,2.607610535512421,1.5020850262981786
1232,1.182650468818701,1.8241769337361258,1.6793689728824284
1233,0.19837407134695906,1.9915770960046901,0.7559098517495231
1234,0.642046516221693,3.614614544480211,0.34880711162854305
1235,-0.302255434875499,2.2922130820970676,0.30751843954648717
1236,-0.1929328899064781,3.4467373960597047,0.5965339913568997
1237,0.36030778879428427,1.0033873215664044,-0.03943276936274844
1238,0.2657736538887177,4.450165545747783,0.9187477906052393
1239,0.3555246465925818,2.7651524448732836,1.4340993219498348
1240,0.5602510022233064,2.2406380718689594,-0.11782391842011324
1241,0.6285907086346331,1.9587880110398292,0.34659849795116066
1242,0.8769555015033138,2.6857979052408183,-0.5283544794492547
1243,0.8867632170640126,3.7544024007585723,0.01902709618296525
1244,-0.4876522058104636,3.0691981985050623,1.8995279036583406
1245,1.7144423825616268,1.865901749783275,-0.22047176717797537
1246,-0.03453194156200208,2.7080938678649122,1.2322699843152243
1247,0.491754478027554,2.04173098916613,0.026133343643792852
1248,0.7851402923605679,2.929743085057008,1.4981942331188904
1249,0.5921524692481159,2.97180060121552,0.9664468244993408
1250,0.8595647484317482,3.2976658111052295,0.8359626311005934
1251,0.23105125490867837,2.6083434133801133,-0.10838953241243038
1252,0.5429489405840057,1.6434974929059576,1.3331873752854122
1253,0.43377282753324437,1.9268388875870246,0.6818759747952589
1254,0.36836337794436125,1.8700957136707979,-0.05732835644710875
1255,0.7248546835777141,3.902640841155223,1.3520384319818948
1256,0.73791455454864,5.046927776560264,0.6833509169255012
1257,0.4829957437936664,1.6356054686070065,1.1663601285787655
1258,0.6282128827331566,2.048561480339353,-0.16988363878431595
1259,0.22678279233382884,2.1586112514670424,1.3084215582352556
1260,0.23650554938357862,3.5172800823864514,0.6897593634329803
1261,0.24751812970409584,3.3229305393068667,0.5863914321225816
1262,0.08508935453973704,3.112497445590188,1.2095685015094761
1263,1.6451444259269496,2.0349456989697714,0.09708588032153971
1264,0.6475029360879943,0.7869597255848706,0.6985316395988791
1265,0.2115719804491874,1.4728893114201838,0.009034027473732205
1266,0.3721474512034836,2.0535336736811867,-0.16561400362963236
1267,0.5925695818555818,4.201537987862384,1.816600996633207
1268,0.3733482551752034,1.0059810984489892,0.3560637504979056
1269,0.26652662915344827,1.1209964537875072,0.4715879752640789
1270,1.4237642139412994,2.619498467882745,0.6532831058696056
1271,0.8683189201410589,2.665543256911573,0.21147122043654584
1272,-0.3197006556566684,2.0210894608947476,-0.3578923645218197
1273,0.6122014090610485,1.8362285387202397,0.7004964493711626
1274,0.19552910577478913,2.570237208526333,1.1020822888570152
1275,0.4745869910080038,4.0622167027567615,0.7929061697528439
1276,0.6727365131037787,1.930814362318737,0.2799393468883492
1277,-0.21748508561630134,2.2170163285740303,0.4765077092570149
1278,-0.2038318665601112,4.077499431915434,0.841664960988769
1279,1.1116470751696,1.735887659555243,0.29688008813483113
1280,0.8390578000880589,2.5211353888600403,-0.007115929462990998
1281,0.618648710279797,1.6231087467678353,0.5725772311114404
1282,-0.26970404846541274,2.4167572227453222,0.09189436843887423
1283,1.1787244743162077,2.4687517323095585,0.9107944680149304
1284,1.6692837851444082,2.3478358647391704,0.9191738606040579
1285,0.9427418973108558,2.5108214477381847,1.2829290740347052
1286,0.6028069759005327,4.262265775218657,1.207899872542781
1287,0.24800376676878472,1.9571446235146854,-0.046409639554750914
1288,0.6657577032480482,3.415057428784704,1.060926103014833
1289,0.11089831491131687,2.849808900046629,0.7383328750905214
1290,0.37899227245969264,3.278016196088704,0.9036443433184518
1291,0.1663486617139072,3.4489854063460457,0.42126150965024134
1292,0.3586311364263683,4.759834349662851,0.6174401580388247
1293,0.452348917137672,2.4523992387423252,0.24981497592762036
1294,0.27942208394790063,3.6530995216819173,0.9286041375091464
1295,0.7976852738623225,3.2763647495443355,0.7783389365156567
1296,-0.158471829215664,2.564125440452908,0.766670836270055
1297,1.0489762960090263,2.742123127999391,1.0516965452969094
1298,0.40920309372124747,0.44297577790058357,1.405730233691129
1299,0.2789856149940255,0.7440164390486333,0.36484816163769734
1300,-0.42551546605546986,1.9663640369912478,-0.42468740601403193
1301,-0.2146992870598629,1.6089866452059611,-0.3171526009496754
1302,0.4008667751925143,2.451551703583295,-0.02196048360720319
1303,-0.15158896819574305,1.3571638151959902,-0.898128506845786
1304,-0.2948019390216816,1.4976879778196401,0.5950240451599915
1305,0.19876727951658205,1.5791698456616208,0.03806693587749175
1306,1.0710406102846208,1.3152471246205548,1.2122953201841569
1307,0.4623073582739311,3.372162867121017,-0.8830115707630452
1308,0.3828802181206299,5.235796123292441,0.8152194926509599
1309,0.710072973102298,3.5031963594454796,1.1251099407361385
1310,0.7220983518893026,3.512630719215175,0.3338888580328247
1311,0.12561769457427746,2.297747268327069,0.9335233057651768
1312,1.2435667613531944,1.871439883847123,0.9444704334991019
1313,0.5837659777830897,1.4526604635418279,0.7760160704543901
1314,0.5441234373102983,1.6102787157807117,0.5002439736997406
1315,0.6650935537576327,6.7352831582599615,1.4767388004184065
1316,0.685131879278178,3.526170244512225,1.5351254570896415
1317,0.1354704424150973,2.7457005358963484,0.08096874906137967
1318,0.14292049927211753,2.8502648476597683,0.5708723376460535
1319,-0.0639362558643582,2.1992814810737924,-0.061437767455082344
1320,0.166330401003834,2.3573255808001305,-0.05057146811490006
1321,0.023011092800577507,3.019778796322578,-0.057712828169275476
1322,1.1415713694083571,2.1350772824380244,1.665701299930498
1323,0.40559860390522473,5.6998847586697075,0.64846462073159
1324,0.678433612186907,1.1903177023056113,0.6276247708398786
1325,0.23509166142440993,0.7651364358962274,1.127731299954675
1326,0.7410549027208209,0.8774206915766097,0.7934554754400246
1327,0.4318816211431442,0.7410789564744817,0.2898317458613682
1328,-0.0431236314613007,1.0057665030311183,-0.18906101913605744
1329,0.5474441346799929,2.5384727560553326,-0.06912549130466285
1330,0.7353406101715222,2.7142133373597677,1.7095618791481102
1331,0.03163204832421604,1.3450870753402453,0.09527623784962524
1332,0.05498297303677661,2.0676732874781787,0.8479224582731107
1333,0.7544326758510472,4.5626029884975665,0.7992575849269985
1334,-0.02966795936076976,2.141068386184878,0.4024799388759564
1335,0.766030810671206,3.257683819991932,0.6359763279587012
1336,0.6782255837270144,3.2317091144335,1.6116295363316568
1337,0.12502873992958954,4.164226026632161,-0.09930445122372629
1338,0.022516595268901,1.5995921437412794,0.7978778386014593
1339,0.270492446017492,1.958387066027116,-0.3517771123532438
1340,-0.23001756567384715,1.3963969819722677,-0.23599863334861132
1341,0.5615176451541984,2.429707907539477,0.7280950946366432
1342,-0.09200808315957605,1.6887122044862313,0.861011551226896
1343,0.7434435468946617,6.31200776982796,0.37458634900769255
1344,-0.5463544949555246,0.5496560424813945,0.4875110235095061
1345,-0.46986128636793,0.5453903859730768,0.4296828077058194
1346,0.8374882437106375,4.651491916637718,2.0988999286157464
1347,0.8148611058676076,2.281432164507328,0.8731406768876601
1348,0.9722435008141219,3.5244340172097566,0.9503958101860632
1349,-0.06474198327396422,2.0246597751527293,0.15115609305608335
1350,0.44380801570712614,1.9854941667824353,0.4627568339149522
1351,0.5076848795641985,3.421676490713204,0.50618080832879
1352,0.44527224218455197,1.4463638850920166,1.3142062036561202
1353,-0.09855652682772192,2.616926862139285,-0.5194157515801638
1354,-0.1570278785259283,2.2484949436037724,-0.5416818439933163
1355,-0.04948173437282976,3.0851220297591975,0.322770809380451
1356,0.612723339072814,1.8518077513199265,0.450997075572862
1357,0.6114738058085205,2.56769412535633,0.5678792001363135
1358,0.503871708851835,4.408302725783643,1.2506677863766946
1359,0.6357031894496848,4.170515995936512,1.1175048872105997
1360,0.35013903726884876,1.6030795074319824,0.49954947539707817
1361,0.13746243818190065,1.2411975250745957,0.7489560226201651
1362,-0.5379275193058555,1.2654082465730452,1.4197791315863837
1363,0.10172124693893322,1.6305819456131947,0.7983814891284322
1364,-0.20844074235824997,0.9701206444579393,0.5622048902742502
1365,-0.1508323852304604,0.9887461665097523,1.0742832775968778
1366,0.08815468954223132,1.2623362888934202,-0.8480828745327804
1367,0.6646915637023908,2.451688584151281,0.5554774898094313
1368,0.09319855155256108,4.114030251204474,1.0103183215255644
1369,-0.04533319726229565,2.143135349304667,1.0154329998659064
1370,0.022675297450260902,2.4584450849814887,0.8990121006603181
1371,0.18358239215762404,3.239827267215461,1.207078373250143
1372,-0.3579386097667491,2.8925482026893596,1.5775538353784369
1373,1.0652345278082826,2.098041010779934,-0.43631599269074905
1374,0.3429677755537226,3.0299341443431618,1.7027128275621009
1375,0.19248000722967692,3.6466914363595717,0.3362616820958129
1376,0.30439115246812165,3.0708399775652824,0.5854450497575212
1377,0.5105774802723604,2.591556783387789,0.045854033052829285
1378,-0.007379302785100503,3.7265632676028497,1.1681738861246143
1379,0.44217371758812046,1.5040128585723433,-0.38696864766072714
1380,0.021052885050753194,2.8755483448698493,1.2356920588658085
1381,0.7444343044756194,4.339795180865052,0.00018159913462201084
1382,0.8227112201907852,4.2619615521755945,0.7889937789242161
1383,-0.017388996076050062,1.7565962218447053,0.8460251463150147
1384,-0.2053380882272013,1.5506231907508004,0.5457835638813814
1385,-0.311170190713446,1.907534927612328,0.2524732762449137
1386,1.016477083399295,1.8901475194725028,-0.2925319926594598
1387,-0.32692074540141264,3.171581978158932,1.1746483061364192
1388,1.0579188805101405,2.246651670771481,-0.12891820938246135
1389,0.2320871549987358,5.700195799654561,1.368957383637767
1390,0.1944757592923464,4.246298148598341,1.777729809920757
1391,0.3829103666245558,2.1028325985154743,0.5041198928096043
1392,0.0841645152274097,3.0135602901926566,0.5112388646514587
1393,0.6874244408631227,2.3003321528832923,0.5900250587795228
1394,0.6436829351840914,2.4479184406074257,0.3726021752661565
1395,1.0889936639762083,2.428108095005979,0.2685163571008167
1396,0.9772346462772313,2.7378824993083084,-0.05441140174380028
1397,-0.019886617031110644,2.367522595474838,1.251158368202159
1398,0.38580758993934205,2.0817580635995796,1.3706816520717053
1399,0.19055974285583036,2.1360322737601383,0.7893843238116136
1400,0.4346111929515872,2.061066604055146,-0.11453103082657831
1401,0.40232287478971757,2.826442014038127,0.6320223067979024
1402,0.653765728192554,3.0888900614541286,1.4260386339704472
1403,1.0155141452876242,2.6599006708587303,-0.19039309585588318
1404,1.0340072537115381,1.4339682467173023,0.15328855343883124
1405,-0.2289135551903845,3.7266796660512274,0.9475021421541893
1406,0.7084620237583563,1.4804594160114137,-0.06608298292843545
1407,0.039435905076717875,4.792131780293386,1.1542740886080018
1408,0.34108216927094986,2.676141326147497,0.6431626813120909
1409,0.45614606705167654,3.2681506481327314,0.8928364496429624
1410,0.22221196364293322,2.489765816695429,0.3947499621019273
1411,0.6474412317711946,3.6085319291792612,0.7473086061817181
1412,0.14394571934923336,6.0756764651458814,0.02971771582885185
1413,0.42169546119526513,7.829732969847422,0.5270741142985678
1414,0.43853651397436216,1.6875606847445594,-0.484389291865048
1415,-0.4236816167471417,0.9281101140401188,-1.2595633495889087
1416,-0.8634773575753653,1.318103334748037,-0.49727793675725696
1417,-0.8908190266779379,1.4168695039949555,-0.16756103943104927
1418,0.260760702808474,1.3428672027435062,-0.6544738378203229
1419,0.9005389930497478,2.0046913372434396,0.5294403329978333
1420,1.1567615250012215,1.8218183516408775,-0.2619617072409412
1421,0.5587906111081568,1.7950287559493803,0.2233913251242265
1422,-0.057567719281851115,2.828338531936399,0.41343210734301966
1423,0.7375451204259134,2.895240851672516,1.0166167000781126
1424,-0.14090908184754586,2.5109083320107684,0.1964469563372084
1425,0.1149480959023934,1.369046078902989,0.7372615621578723
1426,0.6760231764149227,2.1035341450607414,-0.5194373056205606
1427,0.7261428580843194,1.997378953184245,-0.40286623457557047
1428,0.7257392275055706,2.598827473561697,-0.36830275869165635
1429,0.33199878605786737,2.7906555541627514,1.7593175487953996
1430,0.492292645502817,4.039570756958337,0.7144350437979533
1431,0.24849503726913388,2.3665054565671344,0.6174661512847034
1432,0.6300334410167795,3.0166653370957297,1.5105932265832334
1433,-0.025136944441222487,3.269815793422321,1.4079551379963822
1434,1.0617524759511225,8.509377597062644,1.3845038034984813
1435,1.4253598985620886,2.0749168696713185,1.0925125825996844
1436,1.1435814222113452,1.3934812463483963,1.2293633766892669
1437,1.1904635589907622,1.6561103384677252,1.119593590029729
1438,0.8340374092403283,2.1765884225209544,1.5693540397829422
1439,1.1271841663186055,3.4794589604395494,0.8703114867333782
1440,1.0781059183780486,2.9078632135464324,0.6142355442762218
1441,0.21236745036845195,3.8815210519415233,1.2006094803153196
1442,0.5276918077665064,3.4005097215880653,0.8221917786270004
1443,0.5919622033288139,2.5993549817173003,0.5518186738721614
1444,-0.010809956627561783,3.114015639919472,-0.4911092322315334
1445,1.4927062555995056,2.7359687568542594,0.7947377787938686
1446,-0.533275534179632,2.002278124203998,0.5993677518180287
1447,-0.4246844034262665,1.0343026397479171,-0.5281545948286372
1448,-0.4457245009448354,0.9854471935142993,-0.5923885924724578
1449,0.07858857287272655,1.1873036615378525,-0.6525957361622331
1450,-0.01824438406190796,4.230723807055212,0.09850489777348295
1451,-0.012244582757823794,5.214827721965673,-0.056789548212535804
1452,0.5539633630479284,1.1630112137150117,-0.2718413100016484
1453,0.004772000194660689,2.2725654096915693,1.4463422930338206
1454,1.1813785379720652,1.8407422320710773,-0.2751405406719642
1455,0.2655149969254618,2.206632248896095,1.6734303803999884
1456,0.31733318785899745,3.7909087377859305,0.22675683259101745
1457,0.4141342913451312,3.8388641572483677,1.5981929444181233
1458,0.35424472560306947,1.6593845263818106,0.8558422985009736
1459,0.9571596298898843,2.0274966256582188,0.2884148912921422
1460,1.249338727353376,2.821838892024241,-0.19035878536384462
1461,1.2635871467539057,2.0448379680143915,0.9199039669817679
1462,-0.3075527912539432,2.736051382911072,0.23239115647783262
1463,1.0625237815076736,2.2399099872137644,0.7624064982102167
1464,0.31670841949183187,5.293806253034653,1.2113919223904233
1465,0.713285724641953,3.283365248549223,0.602411913384769
1466,1.286128061001678,2.1498632348786466,0.28781112841491563
1467,-0.5977864270651762,1.6726555594404775,0.3715433930847408
1468,0.0993865503558921,1.2757554773760753,-0.39927528866234513
1469,1.0142446184626113,5.131025746994923,1.969436631542196
1470,-0.26716485056860356,1.4209480197764428,-1.0008311377891477
1471,-0.26466646579984976,3.0478990852234995,0.20612985047060994
1472,0.8222555288611847,2.7702641540322057,1.7575728302762714
1473,0.8165867678293363,3.4319189871458002,1.4941470471626506
1474,0.23975308727000308,2.7315465796669436,0.498583502248358
1475,0.5915363328377894,1.7030364011207888,0.887350583314128
1476,0.5191479671682183,1.3794417550822182,0.519219418045982
1477,0.2931020629322563,4.371309035256535,-0.3578551991030123
1478,0.36466500551294306,3.8227811925623785,0.8427665065455446
1479,0.3102023984620907,2.4230579089503457,0.8179592825578896
1480,0.20539612160892198,2.0943240065928332,0.7159054470423424
1481,0.9283131758960124,2.7127496478422723,-0.00969945790571001
1482,0.5491651159854298,2.114872332827778,0.21845452793016049
1483,0.4930687477227174,2.1734575525995723,-0.13667385813401275
1484,0.6097508252630482,2.930719704802305,2.066589521463077
1485,-0.0926081488590261,1.6754098156807773,0.4990491672961966
1486,0.7897246797960483,5.751910686471503,1.702398078220568
1487,0.7282208121778404,3.3294253050094444,0.7104759609294166
1488,0.32245188526450996,2.2817720090980766,0.5742259380132236
1489,-0.1207828325618573,2.087089566931035,0.6835012886667201
1490,-0.38298822558109763,2.517171268766092,0.04821006814769102
1491,-0.3980644184288968,2.234568666760512,-0.8426919164273916
1492,0.06390687067845031,3.271191780829546,-0.739769446321775
1493,-0.06498753252676312,3.950850751753038,-0.9563815345296046
1494,0.42469368183112555,0.7808899237625164,2.2839761707690167
1495,0.36339931582045576,2.3414328258637958,2.6519169737349317
1496,1.1441228558939673,1.727718874686446,-1.114840578022997
1497,1.736822677438205,1.4990112534473905,-0.627390468620142
1498,0.29005977196700394,4.192790055615936,0.33731643414945234
1499,0.7365579241771735,4.4285242216960015,1.220694148855254
1500,0.45169470588216004,3.635290968241308,0.29684647331046315
1501,0.579140357290838,2.574148004587308,0.9736905783576066
1502,0.5889755640116989,5.707658806337956,1.2867845075999365
1503,0.5476629499603319,4.253353187287342,0.7196622987463817
1504,0.416810427859019,2.270531905795114,0.7355712524314649
1505,0.5388975477794518,2.224674333309688,0.5956437412766347
1506,0.44278496789028265,5.098838542638888,1.0484973630027452
1507,0.43506498044993175,3.0240376832106484,1.2453990282834129
1508,1.2593521130947727,3.3319508537976747,0.8585167868732296
1509,0.006788183617553829,3.3725391013389743,0.6171270132172263
1510,0.7216486464255119,1.8881906394370576,0.14487760214505035
1511,0.6356812340066339,3.9151264915499002,1.1704373184103298
1512,0.4034552139536614,2.2362982510953153,0.13406914450800983
1513,0.17415308195109766,3.429634158604563,0.6162659810315388
1514,1.3349755154805545,3.8929899732096933,1.0484095205145014
1515,0.6676362208877558,2.2040387997769666,1.4070773551521871
1516,0.4929567114171142,1.3366959203304412,0.8241028671380863
1517,0.6255460417724115,3.3696400120203043,0.5396542882905137
1518,-0.08685330729411851,1.6863567874439715,1.0357779723096827
1519,0.06617394471848112,2.3570889535807824,-0.590603589928527
1520,-0.3398977640559223,1.1293248676080707,0.8829059918861831
1521,1.1821216003474084,7.324724832496981,1.1294434807214333
1522,-0.488818116546437,0.63412482076084,0.1752532864657202
1523,-0.28978925262671246,0.4725242802964033,0.21414577832599688
1524,0.08414273784005856,0.8036571764694964,1.3860389383041514
1525,-0.08176093363915218,1.5266014449761478,1.029360698381896
1526,0.735729214676031,1.8567466971830784,-0.43973914863405367
1527,0.3616574660241035,2.4674792661389415,-0.04249751087705808
1528,0.5991083494620191,4.923052864761512,0.4909795627940217
1529,0.6663603910257143,6.034249051506414,1.1629517613048972
1530,0.6307610836273424,6.5699025058269225,1.0680208561016857
1531,0.6849540074453211,2.8355343136818707,1.2739278622568893
1532,-0.22315720630449648,4.346004371867564,0.5354289447734631
1533,0.7853469586079982,4.542910377979916,0.18998919076975235
1534,0.09784920982446324,2.0802328467260396,1.333920140728783
1535,-0.19879319937723772,1.4180409734852668,0.9747774736750219
1536,1.2628321625722154,6.096773383033563,1.2519434803204998
1537,-0.04144706994348685,1.0558254827525329,0.08043015628294611
1538,0.5825091705819491,1.8446959153118745,0.5299724770180464
1539,0.27814710351740896,2.7145953559006766,0.5563387650717028
1540,0.8312046263328317,2.0684637127538954,1.3075096520983827
1541,-0.14911717527886628,1.5491916471841782,1.2072962495981308
1542,0.8112410948453848,1.4288158600778187,2.1229888784691626
1543,0.5202414857341766,2.2507299909658167,1.4930866064110002
1544,-0.4199111706976513,1.2116614636980338,-1.0451687017316393
1545,-0.5290425209968137,1.1081513001943035,1.9375389515512187
1546,-0.0826726915829019,1.9994281475469429,2.476947093625316
1547,1.2070545023889634,2.840009326192731,-0.846056192975203
1548,0.3171424145970902,1.6776284070852272,-0.4166839188305316
1549,0.30618504606123736,3.249584462502144,1.3020744363312167
1550,0.36861883075715,1.9008794804925149,-0.25201032631470976
1551,1.0301139388074787,1.883795937122312,-0.5730908025977473
1552,-0.6245593628115749,1.906220057258097,1.3573877820490594
1553,-0.16281615136760524,1.9428364911456861,1.0923411660770246
1554,-0.5256786139206017,2.0082691828548227,1.0110540369402985
1555,-0.16616729991239607,1.2387412219021616,0.4862250367866002
1556,-0.11914204594062978,1.150571100985449,0.2067678217043704
1557,-0.3747333213441044,1.1330630731041909,0.16869100839768714
1558,-0.011414806233374986,1.047996432107442,0.5726661662631246
1559,0.5950153125225953,5.493882295577903,0.4087627219813271
1560,0.4248619937084062,2.4206609135272594,0.32710506708991316
1561,0.808512984504932,5.138647514470818,1.5717688559193754
1562,0.9994843235657789,4.2799642249640355,0.6919135316868733
1563,-0.1461989667811535,1.344391338938441,0.5021315935639479
1564,0.7637140938179577,3.233931735803092,0.2375730404615288
1565,0.05818881460537083,3.724459529372552,0.9689324472210936
1566,0.6176079010454908,3.0488585528527166,0.040770838182623094
1567,-0.10027544801237093,2.3074380490924473,0.8153294217525957
1568,0.6609574563479524,2.5171931295767465,0.8860374340879346
1569,0.5926602852794833,2.089408727700079,1.37975958904273
1570,0.6086198795056608,2.30865866448133,1.681015262942781
1571,0.518204045916901,2.736961870142316,0.5315561735697178
1572,-0.1822751036901411,7.399764801516535,1.4011981209445148
1573,1.3475540017198762,0.49745625221632966,0.41453871198523495
1574,0.6248010554801419,0.4689828462408689,0.79333961378775
1575,0.0670717923414599,4.916308906060156,-0.14927183246688258
1576,-0.33831550270242294,4.214389209838138,-0.3055523777569209
1577,1.08492932965096,3.903821073253681,0.7978717551531798
1578,-0.009521226998019456,3.348199130612903,0.6622855160299922
1579,0.7213084632448449,2.4299314656746134,0.7983930868536216
1580,0.6842373864724363,2.387892783174378,0.5639075127958677
1581,0.6877969541534149,4.27494142804057,0.5007545549064051
1582,0.5855883475808257,4.608912776351832,0.23569628559592995
1583,0.3386015010897095,1.8272362394538917,1.1545123879085406
1584,0.7339160451724926,1.826437742379208,1.1711838158897014
1585,0.34179642737225613,4.556045137896988,0.39368367712234825
1586,0.5869770395604766,3.0374498813240387,0.0418294714897601
1587,0.783719193610434,3.2715826363043137,-0.8375234433517916
1588,0.14864852314301907,1.2254687259555614,0.8672050361597546
1589,0.5264862514140172,5.266821683636064,1.37837709971932
1590,0.5400295034925189,1.9059291607327964,0.2649763707919345
1591,0.7904773249364054,3.058497656957301,0.9840494955772424
1592,0.08145430471902655,1.9645447909258387,1.1547177482728
1593,0.192262581057732,1.3516595710523607,1.363218643403729
1594,-0.10485195604238995,1.2442088156662936,0.6987334457508292
1595,-0.1398855639358639,1.1625379879532605,0.6103328230049928
1596,0.3824191644762836,1.5828395404855358,0.2365596097145122
1597,0.541549428877569,5.60318560265125,1.2811209255952887
1598,0.9221686274117907,3.486403184647762,1.9636757241056944
1599,1.3328267740380602,2.7120856839552743,0.7579466662388313
1600,0.05742168912418383,2.195654505457641,0.41384208455524274
1601,-0.16431100859453526,1.3514990471998687,1.0354793643901468
1602,0.1562772782402244,2.3665264799484396,1.425536887652352
1603,0.6939568785834709,4.200101489968302,0.15442402462586916
1604,0.6063602982501727,1.9500093776063256,1.1156632165478346
1605,0.5465678185186224,2.748726609484454,1.219250794580979
1606,0.5787275668591981,2.7139229243919836,0.2969442205791352
1607,0.13171723017833725,1.9137067994699033,0.3757872224321138
1608,1.0220120647146311,6.3110680400643115,1.5803126935503784
1609,0.9234416738495947,5.668734322245799,1.6074225527566504
1610,0.8916183482974177,3.1333837474797246,1.2029266781585777
1611,0.4347125830833539,2.096876511465784,0.0637955555416815
1612,1.24898003715207,5.266583646510634,1.323981598512425
1613,1.1146924214897738,2.6722511666262,0.9284755919494608
1614,-0.06069005713702082,1.951053197151848,-1.181828320506512
1615,-0.20302673964959633,1.5967033182373582,0.5916925443897276
1616,-0.41110578781967333,1.911589818700897,-0.6250785648337263
1617,0.24425090239541952,3.324985111310074,-0.09850997174752164
1618,0.6036134752346771,3.9777521019920714,0.08722628059824787
1619,-0.3029874472879733,1.0826361908395836,-0.1689596504987471
1620,0.3188444943571443,0.8965171072790058,0.14158495978613134
1621,0.9335767112330712,1.038539946524702,-0.040260378880887814
1622,-0.4291174076012214,4.312149416934344,1.1335645890492703
1623,1.7550060167424482,2.533483451627569,0.8707670849599833
1624,0.8605508852094518,3.0786907478123777,0.7280957401228592
1625,0.8025042524861267,2.949276687760327,1.1850490267532365
1626,0.8811952411508082,4.524407654924651,1.755917606151249
1627,0.6988929804763521,6.8535172622720255,1.417905139321616
1628,-0.5157505831392253,0.683326366899291,-0.18477981041090272
1629,1.3822079794047057,3.8289993025332416,0.0072464744963417075
1630,-0.7496018194714332,1.969147580951859,0.8908837774668497
1631,0.8185873452522827,1.9292232140671126,-0.31328114165602283
1632,0.7996872762758714,1.21831963896618,0.5749825424446756
1633,0.8850911184970935,0.48294438821744123,0.35958236336660154
1634,0.6269127387751717,1.1478598681021068,1.072990349289615
1635,0.8146127454475255,4.761889030694223,1.253570457925907
1636,0.717439483595893,3.563061149914632,1.1354387965573853
1637,0.3385830059735535,3.0124927730986504,0.49154786334577466
1638,0.6619347529384061,3.199138885342668,1.4807427829610196
1639,0.4694141914149674,5.251311975489115,1.9431757726352872
1640,0.6998630766912601,1.7831068709229483,-0.808000900417319
1641,-0.16545304501413433,2.4379850066691113,1.4606609574844238
1642,0.362644344503934,2.8448597105032083,0.5976320284397958
1643,0.9047131878394291,2.8870555981884842,0.8612774974125575
1644,0.7491633692244647,2.1603150781074083,0.9979821595174345
1645,0.017002801683769494,3.748175831277572,0.19089776072585796
1646,0.606167647892061,2.6533216538206847,0.4840134849389722
1647,1.222214174013078,2.6682975965081446,0.36523110243760487
1648,1.039032449790707,1.3841392045383736,0.28845000507088525
1649,0.7588442633987267,1.2486865766972943,0.045050297146611594
1650,0.5307614775418527,6.9530404039527145,1.4912990605020706
1651,0.4081055836557969,6.39413305641331,1.3242510780524999
1652,1.098071115408564,1.2562319536635729,0.8439645227397202
1653,0.004549107416706332,2.049748316635577,-0.33025525669407785
1654,0.4141503027970199,3.2780723371530707,-0.4439082980427928
1655,0.7991303023613332,3.5870413840484168,1.8968429733265986
1656,0.8033413578801146,1.8440808021075061,1.6128151011268521
1657,0.16013687443940947,3.6878998654043915,-0.271881702314714
1658,0.5383738057270284,1.3600737955599684,1.5029286794574503
1659,1.3925134033003284,1.373784335603664,0.4174922806310493
1660,0.5162825468288998,4.009455052804283,0.927009626384012
1661,0.858214182900349,3.786452648470214,0.8742879401896927
1662,-0.14802217967506662,3.879060286536807,-0.02883056329062218
1663,0.2446116693114348,1.9990150231659756,1.5859215183923798
1664,0.6255635384600806,3.6702467329756536,0.35865759115246953
1665,1.2269537004953288,3.1833464720793594,1.1565520496585595
1666,0.3764437565604111,1.4077481996872618,0.16799381866088658
1667,0.1624106980749506,0.9639776282121166,-0.08989997174601654
1668,-0.6325560240562945,0.39298002724725367,-2.03149043080351
1669,-0.3401371390871313,0.3409606920805832,-1.7616001495865146
1670,-0.2390808323232503,0.3232889798126441,-0.8062530665901401
1671,-0.28225407430843447,0.49396456691971397,-0.4392971702127576
1672,0.5439072117062768,0.8139176570562396,0.2235030303950811
1673,1.143131597474829,3.7232053466532817,1.0013627219563663
1674,1.1617881380249,4.395560498319317,0.5906912081993646
1675,0.5072476744514328,3.797444977032951,1.1163582403190868
1676,0.24212322472298686,2.246268324124164,0.5187618065733762
1677,0.4913931865249621,3.6003345527765576,0.741258113016055
1678,0.1529800121828656,1.7339203815223139,0.20395239578860894
1679,0.12990371912856752,1.4695947124408621,-0.1726928144986833
1680,0.15371935859283833,3.496207284677812,1.032400284769852
1681,0.2308048589921584,3.6091389158149103,1.175711548566224
1682,2.083866218895229,2.6581466832163887,1.6773865736391638
1683,1.3730243405366143,1.8518337267234106,2.051975963516078
1684,1.0491337205955011,1.2521653937835906,2.0866104844658127
1685,0.8584437126219736,5.317012190007319,0.023788713904791765
1686,0.5016030360678424,3.4179738265761377,1.273077633898138
1687,0.3233800775692812,1.4743641894946218,0.1612871638733714
1688,0.2838321857565624,4.140689270575581,0.7525602064663224
1689,0.7215488986916936,2.023514000698129,1.1894527642811876
1690,1.0928160682941803,3.0576250767353854,0.6411755222618282
1691,0.10255734536477086,3.881627965210865,0.8264340251401577
1692,0.5309543827705006,6.302327522541192,-0.14249186817072237
1693,0.5524948065975195,0.5589011802109347,2.1209756052399795
1694,0.9071030194328596,0.7044134078111992,1.2000885744986296
1695,0.02183209272832293,5.057448366275462,1.1078213755532038
1696,0.12164665575460798,4.743396308626958,0.978833669590302
1697,0.587701959889595,4.62583212403352,2.1765060642901304
1698,0.8329369356695606,3.1040474538994736,1.319414713033414
1699,0.3572218166073663,4.991303050356462,0.415119934686012
1700,0.42666067782112077,4.415252188415935,0.663351330637822
1701,0.8718508832101994,1.9687263321344173,1.227167510444144
1702,0.4199046558277337,3.3362200119828906,0.8591725691234098
1703,0.09132954437300923,4.7289614810460066,0.7882674115238409
1704,0.7415196858937129,2.753107256121858,0.7053067343719359
1705,0.07277335701763904,1.6033865528056548,0.2987865443264536
1706,1.1381386116251886,2.781520234896633,1.0284458949774318
1707,-0.13466076956593415,2.6003578350423715,0.05099069405466253
1708,1.520533392474443,2.957430339336043,1.4946662195095375
1709,0.5711558973188826,1.9170514932938891,-0.12646875328348534
1710,0.05340171341519308,3.7268090536332776,0.4800091755716084
1711,0.6455379827900937,2.6257686767472377,1.1867171190904926
1712,1.1693716402561503,2.8627435104204126,1.8716385925309533
1713,0.7339845074312565,3.153309133649239,1.347619625382019
1714,0.6960076524404336,2.7562102008310356,1.1040897870973607
1715,0.5260272245797205,4.496335739524028,1.017094586929516
1716,0.5366393924549911,2.535918003722899,0.6480423201321631
1717,0.5881783690147168,1.991627867655043,0.029730221326417578
1718,0.2268097264139827,2.5624054905879583,0.5346320245326052
1719,0.7653745292809906,3.1194696368886836,1.020940885042496
1720,0.7400459305976484,2.6837895656967143,0.6964175955742135
1721,0.19723303508172452,2.6704043535833373,1.0697917727734534
1722,0.07234637325420036,1.827969872693262,0.7251500378463553
1723,0.1432530408053791,1.8822936358927815,1.7283496528072486
1724,0.029321097016501044,1.5145908182870587,0.3347902608440437
1725,0.9271991479086267,4.622003031705163,1.0094625525591159
1726,-0.1592926012328575,3.2140551343490236,-0.20434066674585366
1727,1.0455283475194626,3.180659282962351,0.7629027718768585
1728,-0.5414616183870189,1.309675483300976,1.968319061938082
1729,0.5746854970562739,4.702123852140008,0.7598722461629097
1730,0.7546008578253479,6.331635031421984,1.0936289301297382
1731,0.09282124841301222,1.6447317774039358,0.00020662328850167187
1732,0.8302404188813653,2.3548726216419578,1.9432255830535918
1733,0.8308652309895933,3.1376401881002915,1.3712339106696105
1734,1.248400126453106,3.790281242715472,1.2345814279593759
1735,0.493993720611944,2.7569069078129087,0.3603586271784946
1736,0.6307199213813585,4.510543850634568,0.9302856682034254
1737,0.47323366661166655,2.4137327659907872,-0.13318358364859953
1738,0.25203792819065407,3.19614975972638,1.1248057538447223
1739,0.020774514499682803,1.1948213285381204,-0.47803697422106983
1740,0.4633634611221008,1.7420154675994233,-0.17542797780626188
1741,0.3695502014124882,6.294153662819968,1.0054838460311155
1742,0.29916542704989896,4.836990438724098,0.8741618045017484
1743,0.6100383252483541,1.401413058790031,1.0564842983024045
1744,0.5744932553654323,1.5872452302059707,0.9158018580132306
1745,0.7111077767590906,1.7501477877187528,0.8337445909990984
1746,1.161584941358887,0.5428075863228038,0.8987440067484153
1747,1.2728747374189675,0.6568849452105789,1.0685472979422985
1748,1.2820817890900114,2.643961773867024,0.42663706385273886
1749,0.8077032730862386,2.370825108700243,1.2083776233080996
1750,0.1633416303065781,1.5875838397513897,-0.2380981987297644
1751,0.688485894909153,3.198183420480342,0.6276875193262133
1752,-0.050731065646632774,1.5875341560675882,0.16801086542851862
1753,-0.2029650116807524,1.3265198036522998,-0.25249824922251257
1754,0.021292114974898586,2.0339528913144758,0.621634104443255
1755,0.14090706595547353,2.1804702498305697,1.7077550181895966
1756,0.8663359626172629,2.978143354509369,0.24366195488146056
1757,0.45873478331562373,3.283659190675432,0.560329188748504
1758,0.5479621371610706,2.8608619475897346,0.16598774345691214
1759,0.49291762854743715,3.2878671515963056,0.9411619792748415
1760,0.6347395441175117,4.614511596952687,1.1937619108812818
1761,0.7204064422551945,3.4525785971493956,1.3157349251604724
1762,0.34645264887713656,3.582446753378446,0.4399357772722327
1763,0.16389391678630477,3.4901378979884683,0.27868391395666253
1764,0.739404766176891,3.6469894006064254,0.439637310069727
1765,0.3110418240485333,2.783003048343012,0.8306719095592032
1766,-0.4658087536028159,1.0765412756132247,-0.17475619473933088
1767,1.010467830654675,4.713012228848906,1.4049314847218717
1768,0.8199058820679637,1.7895883737411438,0.9369597292711221
1769,-0.12544935919121653,2.106746964631368,-0.07711852407062655
1770,0.7135513321359803,3.2072205538530403,-0.6705915089675969
1771,0.6705414099181511,4.735759728195097,-0.1621050861897555
1772,0.38671190200421574,3.22328812003029,-0.0733644593262973
1773,0.17239699384156507,1.680163229197108,1.1197018822786964
1774,0.3972067010201952,1.7047940094391465,1.205860551309824
1775,0.29873149922735615,2.0828070263885587,1.3162126125749412
1776,0.566492357407331,2.7367089215974505,0.8638509802840021
1777,1.0725003647154556,2.3219322440247376,0.8089450976640394
1778,0.7170110592898393,3.893415177158085,0.7605100107429924
1779,0.14059962139410542,3.2763620998831056,1.3064163996774596
1780,-0.035946200546831564,2.2609399307410167,-0.18385608755425878
1781,0.16251641279223183,2.7154320466451387,0.051380424251139444
1782,-0.2168191835099024,3.476761869560627,1.023446976948684
1783,-0.14254015910456627,3.602217409387125,0.12843537671571081
1784,-0.14742154885584827,0.7209420979729431,0.4727020844007677
1785,0.1618689534677043,4.322693553612816,0.7215887718471103
1786,0.48362692789655576,3.791975445923604,0.8486258985965761
1787,0.6542219689244029,1.885915074062321,0.7208802918421612
1788,0.4312361092851023,3.7799582301417263,-0.3815505912612103
1789,0.25859316851119,1.4685983660206006,1.4082234689462836
1790,0.5074852340582201,3.233085757669765,-0.023159362365795206
1791,0.4288314924797932,2.6499687061114536,1.307606341233221
1792,0.6733930991951813,3.4070766135502932,1.2810260756391174
1793,0.37578274646905263,3.5401580944947986,0.44316778624294684
1794,0.9345544846371984,1.654608656643059,-0.7083273861539325
1795,-0.14698018451102035,4.822420916056856,1.379829736363088
1796,0.7425816957619733,1.1143676282544426,0.7489376958775742
1797,0.8672048379263707,1.9081480517294955,0.9359064231946586
1798,0.06566607053477008,2.694869335253095,1.0957834998622344
1799,-0.4115855745496401,2.5292111168994698,-0.044015467540758975
1800,0.3492706850682177,1.2316905052897829,0.9582526760630775
1801,0.45068241636290945,2.8680887368066696,2.1532973016343124
1802,0.43972567376032284,1.6600146839299363,-0.22431571334063943
1803,0.8997323542528604,4.006761445123221,1.4343937550860855
1804,0.38054140343690956,2.628194346156707,1.9091591024208183
1805,0.7646630915018794,1.1180416720104338,0.5816623705280134
1806,0.6704934285764711,1.005655888883955,0.16177301352148937
1807,0.5044208964356064,5.918120234302175,0.789940505570006
1808,0.29916178786484643,2.659558202194095,-0.11510500197313622
1809,0.09162260778161488,1.6830403603569315,-0.7110997847073811
1810,0.10843530889924974,3.6375862041980658,0.9451716688668005
1811,-0.036479704989341076,4.591541252223482,1.4192266868910544
1812,0.28855143534601785,3.5825201381232916,1.55801409979155
1813,0.7605887505208323,2.8355598649892926,-0.6698012997919424
1814,0.43942361233480576,3.54358800427658,2.2596911631434415
1815,0.3891125428540391,4.180765783224775,1.710068746065411
1816,0.9833653816265961,4.240228501555023,0.6491941107292984
1817,-0.5219606411126606,2.000751975626483,0.8756121606059353
1818,-0.46739267945874335,1.902834445746626,0.6162705951535324
1819,0.6736290804947186,1.95907658151386,-0.9699381878157366
1820,0.8217618299933939,1.846913512275649,-0.417557203911735
1821,0.05896055904972168,2.14446080406086,-0.23841224598393093
1822,0.049097054961229104,2.2090081848034004,-0.14150966888171437
1823,1.0026667785695853,5.3068455360565014,1.3674054594007365
1824,-0.1504033544117418,1.6279562830758294,0.2825928945333378
1825,0.23026844037957234,1.8907315776705884,0.7566760126940109
1826,0.5228595767179871,5.837922921299172,0.48045703158401504
1827,0.3493453535159687,3.2382386499904485,0.6653928779768676
1828,0.7116421806872806,3.8925823630593275,0.565958873253431
1829,0.2673409307012058,2.0441840253823806,1.4992432327290954
1830,0.21582087280316592,2.214599678334975,1.969282798161861
1831,1.3621905807871868,5.042756675239532,0.5459438115250097
1832,0.1003375720369306,3.203007280828304,1.7447849897541325
1833,-0.05213308400565956,4.171076762513489,1.4306423079501285
1834,0.08794623298294539,1.8058526262143255,0.9875597120571185
1835,0.45482105342392404,2.3525588181391544,1.8101041449439295
1836,0.6406014717325752,4.760872663080598,0.1972912233294766
1837,0.8563961265560404,3.968104775813648,1.184705384895165
1838,0.17306497518725572,2.052172508402154,0.454134984797342
1839,0.9673290541117879,3.0880378915500613,0.8878444227713314
1840,0.06930070089664499,3.333485479030768,0.8308641203220456
1841,0.13037743420855052,2.282686627572362,-0.17467439402439613
1842,0.9585821184105359,3.347183547897225,0.29881078692983826
1843,0.5358075103775939,3.7823865923761657,0.6671932650255815
1844,1.109498857343011,2.8607443892014035,0.6910650209566677
1845,0.4113249850408953,4.018789661800269,0.6033801876189593
1846,0.22196198091862476,1.8767900326387705,1.455149159737563
1847,0.16696944732165164,2.3931528511248907,-0.5533310292386655
1848,0.07003382886774367,2.96901453775999,-0.6314236361539092
1849,0.07883781828232123,2.8945762014337393,-0.8266608484691405
1850,0.06044114868301632,3.512515968803843,-0.3617575510021305
1851,0.32925874805970895,1.615743179700213,0.6957727535130743
1852,0.12801501492942005,1.0110525509542208,0.1717177955658818
1853,0.08361116894533606,1.491400828162464,-0.12192729348555556
1854,0.331006101772319,1.9417229400401859,0.22472976790283308
1855,0.5244220897003651,2.479865491541279,0.2969679682299029
1856,1.170902781297254,4.163958315914772,0.851636662856262
1857,0.3184897767119959,2.8678426841347155,0.892046227062607
1858,0.34269376265716867,2.5433110192915183,1.0293493188647558
1859,0.7553234369066271,2.265540937151622,0.515988998822479
1860,0.5571168001694017,2.7525791505142183,0.4103217778791462
1861,0.09639384040578997,3.048198766610674,0.7671539762126989
1862,0.09543231901699259,5.051733974761414,0.9254739248941197
1863,1.257916465219781,1.7777793908263206,1.2000722792267258
1864,1.6704995142629961,2.364491310907312,1.6132680565113648
1865,0.6329369984062739,3.711873779114669,0.08628917449567311
1866,0.7191966694669477,2.8212575273785188,-0.07958318203674766
1867,0.5862382225834541,3.1760788654609478,0.008700059507415602
1868,0.5217096327798019,3.477773243950683,1.3299021184144004
1869,1.048203851452917,2.6913178282700314,-0.953868675383427
1870,0.3156601511231621,2.4287232944873414,0.2840900403088345
1871,0.8297333139904642,5.110695236366769,1.5438652492320275
1872,0.8470817754684818,5.696801285452311,1.3580881221486742
1873,0.6636377848772005,3.0976423533184994,1.2996686510654392
1874,0.6250419089447151,5.244876973874397,2.005908606993732
1875,-0.04608599213311092,0.9657663918486474,-0.1902476121287583
1876,1.0730967296867782,1.177422574015174,0.10756626322543912
1877,0.3036457268062823,3.9098410603051508,0.05618136980575003
1878,0.46441953829455207,0.9483755705324143,0.10089206405096872
1879,0.580227489940431,1.2370413261817075,0.44229062154144505
1880,-0.21202100197759544,4.103461301488171,0.8438286505081831
1881,0.36005006248546945,1.0312825447369534,0.38644721058174464
1882,0.09503729193573253,6.149148362270537,1.5770917533278315
1883,1.610291091649379,1.5829393245307137,0.779970281243932
1884,0.7493671919254749,2.795350931590223,0.21117319721394695
1885,0.3141652116259387,2.325334080519301,1.4538910145507158
1886,0.2616753493103808,1.9003494299270542,0.44902508451472795
1887,0.9465437628798327,3.7106300618450616,1.0566571245264686
1888,0.319781999713851,3.622717251113471,1.7921594447480587
1889,0.9791613377685754,1.5891823745374214,2.4148081203625655
1890,-0.25124168509900713,0.9766359701694214,0.9537018615164075
1891,0.09070403391123004,1.8741227023301301,0.39656437634499114
1892,0.6913259782621362,4.434574674469176,1.7120147266143657
1893,0.1747069619269061,3.3488458187232015,-0.18555997086196838
1894,0.20756802949282213,3.0798312611398653,0.5483648404230729
1895,0.9322934218719041,3.3416881125034057,1.044431881405615
1896,-0.2896529119787424,1.8137335783147839,0.009357846985777449
1897,1.4792425842228214,3.4706292063314503,1.4465140170983075
1898,1.5073022448749336,3.6528099566946914,1.2923963669327139
1899,0.7763009311739575,2.642524977856324,1.9197192472835523
1900,0.2535741154625604,2.696434023799974,0.1318007090021968
1901,0.4667332198133796,3.882374926433157,0.47397644960187113
1902,0.24594377112281007,1.8217515123846908,0.6611856095206623
1903,0.6380404678582312,1.267866807260345,1.3861056649166081
1904,0.7315969559383528,2.0309273119779974,2.0270024657547254
1905,0.7670462038043792,1.6106797872818677,-1.0705877554762773
1906,0.9555512828895861,3.722559084102448,2.208066352862099
1907,0.961753194152515,1.4704044973397414,-0.7725399827987242
1908,-0.4598816519930618,1.3067403285885222,1.731306125024952
1909,-0.1764487269493174,1.8058894027479668,1.608087184340027
1910,-2.5806047383206804e-05,2.3770384015078276,0.4696964504339066
1911,-0.1112948875279738,1.3519668088659977,0.18495534780856546
1912,0.7707877289916366,2.9673101505992885,1.0633050440479312
1913,0.045948248854723726,3.9776854719607564,0.1230323200791466
1914,0.24810492717876576,3.128220616524682,-0.6689029293149747
1915,0.298182492130122,1.3086626529946843,1.1624539710585846
1916,0.15945099618336692,2.717647304356255,0.5304635971705174
1917,0.795421871295814,4.112781003210372,1.089184301182346
1918,-0.3757801697495187,2.2158135997919577,0.34297985226989863
1919,0.5982151241424479,6.423888960659986,1.0546970758602487
1920,0.42786552711140197,4.548268829099535,1.368433097931522
1921,0.00859155715356695,1.4491282436285742,0.17173081139008223
1922,0.48732095613706,1.1210690970062214,0.48615742084545105
1923,0.10726206054486422,1.4755223155605306,-0.1972316168674298
1924,-0.4597124136017683,2.1400874040526427,0.46027470852226143
1925,0.9073114575496334,2.28159984931087,0.8767985731719337
1926,0.851279823874005,3.9174948161608287,0.09555957965210532
1927,0.8732330985186509,4.081433294656918,0.7843014745300506
1928,-0.279189555099819,1.5254977993900585,0.11182090322278075
1929,0.91996534454634,2.7714662888359713,0.5666490099709338
1930,0.2727072666792196,1.2350350777745926,0.8795354726187254
1931,0.6582027284989015,3.7068775309013304,0.30600293573156045
1932,0.10571584857165178,2.5055699204748474,0.4731010490977235
1933,0.4704590736843877,2.990489817083815,0.7111041325540957
1934,0.4704590736843877,2.990489817083815,0.7111041325540957
1935,0.7479045983040258,3.473612590554192,1.246892549813133
1936,0.29925599494275373,2.212790398836694,1.5215843132329685
1937,0.9105450941559887,1.8379780481999592,0.9729649920510797
1938,0.7919122845090181,2.9067949615527677,1.2141222301979762
1939,0.6635241882299008,4.912039009733307,1.0274028296203326
1940,0.6851837315143784,2.769520754000782,1.1473254076988977
1941,0.21406642046752777,2.4118317333471495,2.1963156600508262
1942,0.2919240153542365,3.9022317653976386,0.6158229927507326
1943,0.4427730635411198,3.216756122382171,1.0227868108267242
1944,0.4427730635411198,3.216756122382171,1.0227868108267242
1945,-0.14483456428179714,6.366127279316628,0.4400529853652264
1946,1.2059773347695206,1.0818841881309573,1.1687230418614838
1947,0.27413978791871146,4.356690990165064,0.6681968175521558
1948,0.3731023787920193,2.511274275722301,0.9818631697780009
1949,0.25956525006677633,2.903613069840372,1.1331284096288192
1950,0.6317326394526702,3.1368127004541977,-0.24628112384827336
1951,0.6589825304999194,1.5353018464742638,1.5325160423153779
1952,1.2270370087436022,1.162344236971774,0.7385409452762645
1953,-0.2793782178807549,5.789848451442548,0.579469712336009
1954,-0.2793782178807549,5.789848451442548,0.579469712336009
1955,-0.20268910041661975,5.057928280194775,0.7083319693892315
1956,1.6272773183016456,1.7712416134132594,0.7345378391657966
1957,-0.7192151647054136,2.9986980922935293,0.2838975306431798
1958,-0.6495742699104781,2.2449753806035777,0.9536410492846266
1959,-0.4289219617858299,2.820257819075392,0.6794309448331649
1960,-0.20623177673128046,2.6368804906859458,1.016290887100647
1961,1.1408400104224647,3.1375982808052383,0.461039382733434
1962,-0.2512372663401881,2.0811059710998503,1.013942301901397
1963,0.974865528878866,1.982356963215496,0.7295916563253687
1964,0.8083041464718499,3.975968144254473,0.9579962740759623
1965,0.5104343023361329,4.288560257710906,1.4309908426657931
1966,-0.03802033512151322,3.291085853649926,-0.22096637021269655
1967,0.5130117445745941,6.507033778473387,0.6024333281157066
1968,0.7168380094222464,3.611045965809183,0.7707425480792781
1969,0.8074207730630117,5.363321917122065,1.262715544868657
1970,0.4327104731742147,3.655728647204474,1.0052945712733352
1971,0.34405138375446365,2.850739304122351,0.27638898504982223
1972,0.2258586900558405,2.1627339586222987,0.714288281242242
1973,0.025072067264668336,3.857688326012083,1.1765749707053306
1974,0.3366529472565419,3.9412482968762155,1.0945654499134891
1975,1.0461175447724966,3.3331350206118544,1.0544744266685644
1976,1.098234012944314,2.091008430379033,2.00480663654673
1977,0.3803879034113422,4.216564986512923,0.2999543088483939
1978,0.23561674187857354,2.4345875141696247,0.6193002240421598
1979,0.09573667979278865,2.2272184505704904,0.6056106217823511
1980,-0.2897181798471824,4.0313061627816325,0.766517026781724
1981,1.4195102496105894,1.038438646257053,0.6688988287976292
1982,1.4710631564514398,1.0258805498365893,0.610170930233794
1983,1.5527499121990151,0.6864399848972567,1.015056057265279
1984,-0.4097143863286379,3.9892069436589135,1.6987409380255583
1985,0.9631537951588115,1.0359629470025193,0.28112881479177937
1986,-0.5283961099287013,1.554911100906604,-0.12318132722455866
1987,1.0084100607120534,1.4983388197139298,0.06196877921026922
1988,0.17541046896145038,2.252736293265312,1.3005390463963573
1989,0.6665859189297865,2.393955126074023,0.11591398101632704
1990,0.4785800900508186,4.901976955268559,1.2830477414209536
1991,0.3423748245016688,3.6996428055286477,1.7332254022557518
1992,0.8562455337210104,4.266356909446985,0.03737836881198196
1993,0.8000906964110708,2.006431347649431,1.0731437084753999
1994,1.153789221545431,2.0321801725254365,1.1740197886728139
1995,-0.13030710444007107,3.462087900906881,1.5111046021981913
1996,0.183909009307644,5.42304963548311,2.2934786650483723
1997,0.4135635111802123,0.8767132155617011,-1.6126117935573356
1998,0.5184410885405488,1.9957092525903983,0.3265754021883866
1999,0.30338168175755276,1.549890916268389,-0.32212731750309115
2000,0.05311244495434436,3.11596225118244,0.34969304091603776
2001,0.5778303032660318,3.1792774933191574,-0.11443061261756346
2002,0.21272941636594295,4.443905331436443,0.6940307869966769
2003,0.15194616996428323,4.159419001793797,0.7687790413002337
2004,1.1950781044953063,2.1866460766541183,1.6536481070518219
2005,1.7094439187220758,1.5619106362705957,1.7649228671815738
2006,-0.9046219425813051,0.8693673270287662,1.180529924178954
2007,0.41559783837440606,1.3965388940774812,0.3024412019316221
2008,-0.08311184346850473,5.784660160349576,0.10996997565907217
2009,0.4405966925312437,1.7696439200961687,0.9354468018459996
2010,0.10330392543969537,4.552189086451136,0.5212882595867678
2011,0.25715668614147885,2.7700597035393573,0.4751073219126573
2012,0.7639333710846101,3.251143161388863,1.446799670630613
2013,0.37560215025173466,1.798894537368022,0.7349191675299827
2014,0.22605945483294848,3.195996427822776,-0.12215411216158258
2015,0.9472858494829726,3.248621384732714,1.7555371814605063
2016,0.277956517546424,3.115133835081177,0.04647997561388375
2017,0.36074057753163635,4.339750127839035,-0.08817154734626818
2018,0.7308980560287027,0.771558097988099,0.4737991376859321
2019,0.3571102913798144,5.349678680942672,1.222705359302973
2020,0.6190297425462974,1.9866839431526995,0.2543874405842873
2021,0.19232252792205395,3.4164985527089464,1.4739273785014346
2022,0.9124942052364684,3.8223959256396967,0.49257918033337345
2023,-0.30834005922640206,3.2749341285511853,1.5788973132241921
2024,0.06793434827869148,5.640944818554966,1.8710287410927282
2025,0.6362496340169672,4.717267597847809,2.096019873137437
2026,0.29046287058573067,3.40734562230057,0.7144910013025192
2027,0.5717976138139402,2.195119658766511,0.8072344272499816
2028,-0.15576654026408276,0.27268982113351176,0.7508233236370901
2029,0.36233520763459887,5.178426321443444,-0.2590487741690517
2030,0.9172637446508991,2.595759268263101,2.629311749870003
2031,0.09151924602520309,2.7912475098063867,0.06916575611351733
2032,1.0562948114857456,4.16194206203142,0.6617644180994653
2033,0.4088230060345197,2.28233018087353,0.09617924647819628
2034,0.6494657070820801,2.0566645385200246,0.6665578200265684
2035,-0.2517104852086915,2.2128915877426976,0.7586119042539602
2036,0.022211647772806715,0.7936520597643827,0.8422512774250013
2037,0.24466865395278073,1.260078382886484,1.0200490387061405
2038,0.29084278409936365,1.671929082345565,0.4243777609190352
2039,0.8671831221512223,1.975065680003205,-0.26787363749254683
2040,0.8030678822492999,1.4488245179433452,-0.5276253109551796
2041,0.8040505319377201,1.6188413144686156,-1.384961184433413
2042,0.850201467170499,1.7044952088879224,-1.2340174731389177
2043,-0.5918679293118848,1.657152087717321,1.6359643497328014
2044,1.450313974755378,2.8099510629346356,-0.5219699218619037
2045,0.6503232166242338,3.0859196382035137,-0.1901410489882591
2046,0.13988498839238128,1.7724779738720329,-0.5444347255404803
2047,0.5777874807012312,1.712090781246196,-1.0676121322488856
2048,0.2898380146391209,1.9106100736831402,-0.5374657959588313
2049,-0.4980915652471756,1.3327448874673142,0.6251150015190119
2050,0.7302115982390173,0.6899309245934848,0.6622527434756665
2051,0.7483927707341452,0.6513313040069726,0.759502477531347
2052,1.149116810089408,1.6983612006746547,1.727426008784415
2053,0.3378205865350187,1.1053831684082693,1.427560160749583
2054,0.2692586104863316,7.208562565672878,0.07244279058142039
2055,0.1561873318437437,3.7448859706271596,0.5962613306358088
2056,0.017173242630776214,2.304439655650827,1.1354467404617852
2057,0.743016752913251,3.289845556147053,-0.004982551482218173
2058,-0.5796336431632276,2.2482117031615494,0.8534188096383951
2059,0.04001362685688199,2.2216253620962956,1.5251689713225192
2060,0.40099801900200827,1.5764821092926578,1.456313219531318
2061,0.5672252656779372,2.321562639819744,0.8757202703943031
2062,-0.0017147883200445211,1.7707433071692047,0.07726737702556964
2063,0.7132034665764206,2.4162334519261095,0.6002631242884012
2064,0.7417867350999864,3.3134813304050788,0.5754640801972002
2065,0.22883891295643727,3.419621065478017,1.0487579001536578
2066,-0.015967187863015736,1.8054848280065965,1.017087592916738
2067,-0.26135675600404334,1.9692646838879901,1.1913053142304464
2068,0.38216808954564824,2.442757288411259,1.2180685292506601
2069,0.792764155985722,4.215906010839286,0.8434894572657065
2070,0.2815197728070178,3.4848234201356125,1.266654446914114
2071,0.610741933801016,3.242419378034002,0.4726388659328929
2072,0.543391908184294,3.013699017694431,0.19980976564098202
2073,0.33873054896953364,2.1273379060648794,0.12099141361614031
2074,0.7467301939666737,5.2363263912029145,0.5907627154245034
2075,0.010909598355707598,6.235750583382876,0.7896260687782524
2076,1.0370215352675765,1.226326087984972,0.18901350219409774
2077,0.24475896787249415,4.541246091878845,0.3061794094969583
2078,0.6582576330221809,1.9057271259602544,0.3727590179928826
2079,0.3184827153630852,5.354407905711013,1.102718610101622
2080,0.12754697618978778,7.0476330093200525,0.9275205084378911
2081,1.4298910991365057,1.0628913339600226,0.015783843489689295
2082,1.3769747072525316,1.4057637568113652,-0.1652360228457249
2083,-0.7199045126661637,3.3580655626047022,0.8364127560225035
2084,1.3517229675714024,1.349496532711192,1.1014676278376843
2085,0.6715856435136744,0.8096209985403771,1.0775638582888913
2086,-0.1696637605895754,2.7537104225332114,1.4454271336123272
2087,0.10668595517473195,1.9466833132904575,-0.3453776042566876
2088,0.738343255561552,4.563392952962651,1.4829632069342484
2089,0.5380284555668042,3.180803388043784,0.9426339539008445
2090,0.7322919014257099,4.006830654977323,1.0872760918789532
2091,0.4893836694868936,3.763270122320244,0.6304363553266317
2092,0.6563586392341104,2.5962211289031663,0.2893947878883684
2093,0.008983250588707924,4.550105950527298,1.038280068022878
2094,0.561098802672089,3.280523991076464,1.2016461755362362
2095,0.8468009611308026,1.412506670355541,-0.5809500231344104
2096,1.1845599397429607,1.2131416714738212,-0.4956386331381807
2097,0.22509564175629773,0.9855022559472003,0.047903066303854484
2098,0.509636933571271,4.244774625181652,1.1611426049233207
2099,0.04697404592044446,2.49766214513184,1.8937993986931378
2100,-0.5111975463139965,1.666952596837005,0.8464412711340054
2101,0.40447371609999755,1.8027789534959762,1.6089854264590144
2102,0.028911505851842552,1.9248013726109798,-0.3415338073334566
2103,0.7455688339629134,2.0139311895816263,-0.11590918526563337
2104,0.4165766822215534,0.7016567427666461,-0.47156921664920143
2105,0.39352130460540213,1.8271574724079496,-0.8038079224984379
2106,0.37790534767645945,3.614285313640106,1.4285904785087011
2107,1.1183743214821165,2.475878206806725,0.13558197388520946
2108,0.6643289786962162,2.2056523516147517,1.4924969301074102
2109,-0.943512906004414,1.9429755550452776,2.019127307155968
2110,-0.19924881835724295,0.9781192735784932,0.39436848990456497
2111,0.6589982156155444,3.777494599988118,0.42983070915920574
2112,-0.15235497367905707,2.6415195339290034,0.9418751266361942
2113,0.9410643606618599,5.191332724271298,0.2519732827677691
2114,0.9544558746071654,5.619327967975007,0.21840870163426468
2115,0.170088128491059,1.1437536916196216,1.0043705839256807
2116,0.1741743994024848,2.1417068918424933,0.8861647153000504
2117,0.6236461830249155,3.566539595269699,0.9724502129031206
2118,0.30205436435879623,4.17348705490699,1.5305617074808233
2119,0.7879952374306173,2.8441825120319266,0.2372096005309124
2120,-0.03535780599153699,2.6107876385995823,0.7705194028040124
2121,-0.036210778674906775,1.1343024775922248,1.2624465591146632
2122,1.3998756649294082,1.8445325790686857,1.1499613200758019
2123,0.0750961678000974,2.442423823557541,-0.5251417245862543
2124,0.2799659114066128,5.325350134181091,1.4963405524620566
2125,-0.20796017897888955,0.3984650425067468,-1.8930499893200543
2126,-0.8041226087792052,0.8263930659517332,-0.13658439141512504
2127,0.7892850402068938,3.6907547255343003,-0.17035831698001824
2128,0.254730209417664,2.689211550891721,1.3269236064798566
2129,0.011448462618202296,5.068598854099611,0.7148081688768249
2130,0.6602253996285996,2.1460680948337507,0.3470209283326716
2131,1.181291568949601,2.039584642138499,1.3575420424040117
2132,1.0901023152606353,1.9356142798676566,1.0500508584862187
2133,0.18946815007480275,5.866306731429993,1.0251935109352328
2134,0.8564166524093559,4.361199830395175,0.9720237539031303
2135,0.8150713839094001,1.5038535417789742,0.43225410235241635
2136,1.0013024161195112,4.408860805687598,0.4401855318375518
2137,0.13722659302079113,2.3368959662743887,1.5520784174728433
2138,0.6648409811593775,2.4464332992557196,1.3149343495494898
2139,1.267181345698103,1.4651542485368443,0.021462666884800828
2140,-0.37820611375617363,3.481990239736686,0.860822041946143
2141,0.953349231734664,1.1092172980048254,0.5345390855619268
2142,-0.0645925347881025,1.107309200979575,-0.25917759954376474
2143,0.8092670031161584,5.270706369857336,1.1971565459280764
2144,0.5231997606868172,3.4267121952754716,0.7754659105728268
2145,0.8043648932502482,5.357048995415035,1.1196073426301103
2146,-0.028367510596944083,1.861793208413106,0.6165786626966512
2147,-1.0988264754049775,1.1286255226549502,0.36822495858220744
2148,-1.7786725536924528,1.3120354017198141,0.6657031258387092
2149,-0.41013770001638866,1.18298745012544,0.5320340833492011
2150,0.4921062922055821,1.6132626096054363,0.5624698410802536
2151,0.6912170439123314,4.672417939999192,1.2341602866788997
2152,0.6793523840052348,3.2481234682271922,0.46913024861625024
2153,0.1426669136489931,2.6505930835766667,0.8057233180310006
2154,0.26399585541225506,2.298947050423992,0.4905363283207017
2155,0.06954497056626517,1.1412271893459713,-0.27892457045187125
2156,-0.19308678793818315,0.8171476732368453,0.5384348230103067
2157,-0.40625009356468333,1.6375753911896416,2.3083476872543516
2158,1.2789291136205732,5.292370538475769,-0.3745391014678698
2159,1.2177573105860477,4.302897815689559,-0.24012636452804892
2160,1.4723967539833716,3.424278662763545,-0.25412461661586233
2161,0.6976450440665553,2.408365065422515,-0.11490502066425583
2162,0.6921337019625435,2.174644240249344,-0.8744466608199724
2163,1.277958459945643,3.4236178377913893,1.2593386137403089
2164,0.2677626211424888,0.6638331029498377,0.31421881545509533
2165,0.9220165361513075,3.4289704814483777,2.1994547537801226
2166,1.4963498977546756,3.809837286931597,1.87241001787864
2167,1.3971643631853026,2.268773609088473,2.555157361352739
2168,0.40312336872938664,1.7203187892324514,0.14260244519588808
2169,0.37049598500826786,2.284362079245835,0.778290304374216
2170,-0.12368792140617382,1.0552189490698927,0.126270180424328
2171,0.07702358587477469,1.1125500005401483,-0.18155771262802828
2172,0.21871100677109528,1.6464441476702216,0.7629820554615626
2173,0.985498394478116,4.507267763322541,1.4224125681022561
2174,0.4172816984877223,1.6855608390372885,0.09857941432572155
2175,0.9291819426194724,1.6308146126456293,0.2510873201848528
2176,0.48778856072181304,2.3819549503596313,0.43690159216730395
2177,1.108014460417803,3.3443204854823714,0.636774671601721
2178,0.7591025122945104,2.690807650923291,0.5215753853785858
2179,0.34221200639537175,6.877791850731434,1.1688597048425775
2180,1.1684210677877376,3.1241278156033516,2.123925156799498
2181,1.1015641918076862,1.7710134081951567,0.14618017183887644
2182,0.9748036753748698,0.9607802599900607,-0.05511717661506467
2183,-0.06251058273000791,4.780087314141833,0.4015899944727346
2184,0.4992199897966549,3.678001229534142,1.0031979007383414
2185,0.4992199897966549,3.678001229534142,1.0031979007383414
2186,-0.3577755160119488,1.8394947415084206,0.43600549215636986
2187,0.32030271139432365,4.0014516956966055,-0.034481679090396115
2188,0.11059291930111265,0.7461768530523128,0.7705540355907995
2189,0.8663237427373739,1.1008055079747496,0.9523961499980488
2190,1.74608538743656,2.0567203957926394,0.09157218115531354
2191,1.2246416808108955,2.395371323337807,-0.0703435842851579
2192,0.45141466835529526,2.9901522763451727,-0.28855124343221167
2193,0.11275480925140251,1.2267414558434426,0.8834078832177401
2194,-0.5723816333132155,1.8298637175205263,-0.19949611356616562
2195,0.8341146152008281,1.8368225626671824,0.5024768070439147
2196,-0.11178259346313492,2.271567555377339,1.696643832701639
2197,0.017273506312353793,2.24943600987256,1.3982741810338695
2198,0.32879670473028005,2.2315668095925134,1.6055081970104075
2199,0.7967705196388292,5.4867208908002505,0.406983972353169
2200,-0.012991961856781423,1.3826888260641923,1.0981219971906593
2201,-0.1088183917609002,1.7174580825218342,0.91951879296474
2202,0.4740677755626229,4.20117000360455,0.6345667385581284
2203,0.39611870164929724,1.8401838439212317,0.5835578723151428
2204,0.31646685130360064,2.2347165400621987,0.3337571339584555
2205,-0.04784913272667604,3.9988075927268953,0.60871609679683
2206,1.3588179461209002,2.3997174465785185,0.3607707535095886
2207,0.43996479777365255,1.851737814841493,0.29888884602778576
2208,0.4775438065776279,3.3168677885872375,0.7370898549859047
2209,0.6431536945806751,2.688519097665404,0.6026646277887453
2210,0.11703127441149885,2.475234700674956,1.5065852217888216
2211,0.9586664455330711,4.72135100861418,0.564347085110919
2212,0.8815937684118764,4.036245568690892,0.28607743224973786
2213,1.130405503249142,4.508450051478152,0.28241751825985634
2214,0.45734035200963297,3.686557980453763,0.09838942864584142
2215,0.512168204031129,3.21408178586939,0.22078391988564358
2216,0.3680959798939035,2.4558071297604127,0.8174256371585912
2217,0.5197306290738919,2.8415495519712426,0.7820903262792529
2218,0.7268980276803281,2.366339346442238,0.3166104778951533
2219,0.4589322919504955,4.926655596275835,1.460626378032773
2220,-0.4202872437284002,4.31917319211573,0.6977187356787706
2221,0.383038781191932,2.237594532388867,0.35459712464292453
2222,0.7155095256679229,2.444222115341115,-0.0538390481098333
2223,0.20669760073404247,2.7967278325723663,1.8240810289247464
2224,-0.2524084813723774,2.267221139440935,0.8706508738227433
2225,-0.0911299775409131,1.1642495792349443,1.2947283342330678
2226,-0.4280730738821876,1.231682948328938,1.4373508796731198
2227,-0.3926171100159633,1.365739774394561,1.427067529819681
2228,-0.5355633474082523,1.1260982225702576,1.207435027958746
2229,-0.732710393949507,1.5275351128864463,0.646058449184737
2230,-0.3663652472364245,1.486320383061426,0.6497426405324311
2231,1.4290151257506702,2.7233648346318526,0.5020504959126543
2232,0.43081743329121885,2.356003048244793,1.274108524727032
2233,0.4770847225712171,3.8221768029867955,0.06710596681351973
2234,0.05578031637838336,2.9754961684021137,1.5503472661808437
2235,0.03871962087173864,1.1624004541636566,1.0751531393903213
2236,-0.4259429095581223,1.0276937910488104,1.1257440138874184
2237,0.3054031676954739,5.215318966215655,0.6055013170744036
2238,-0.000302751182873575,3.37503807711454,1.089359940985954
2239,1.1095770017317057,2.4050116010501883,2.0590676057810127
2240,0.8770022151183599,1.6856157100805802,1.282397163998281
2241,0.7451366225914571,1.5157774597972509,1.1941904936325543
2242,0.21405702721851652,3.910382988106024,0.02564290230119538
2243,0.49017695013233725,2.049905268030092,1.756079391034047
2244,0.5850162629046374,3.598522861570381,0.16844866182393575
2245,-0.15161694148425336,1.3267556510049046,0.12131996191359115
2246,-0.04872545281564727,2.076574340847947,0.17361532267845908
2247,0.9638482269373064,1.3411417276405977,1.49433309017035
2248,0.601096014226191,3.339078684414115,-0.22480368019430322
2249,0.8573898496232581,3.3364478073425134,0.017709960268951167
2250,0.3151710487052062,2.5899697501594923,0.21533074024544466
2251,-0.1261759933284002,1.8709053082872205,0.2807339387962962
2252,0.32392198358339563,3.6674510164348613,0.2430885888520687
2253,0.6435845672552882,2.6052644685154536,-0.17807452133982257
2254,0.2668452564760479,2.580980347857812,1.4960330871622567
2255,0.6696398413730906,2.5976947215917026,0.7621490355079745
2256,0.5150927277932993,5.628561459547742,0.7724942131630782
2257,0.26718632773499906,5.7200794853839145,0.8910158845542718
2258,0.5036863591157752,3.1607981335517596,0.18007446466047647
2259,0.7306915142249217,3.154856790158367,1.3460033108696763
2260,0.7825881141677687,6.50436975431651,0.7124648103538016
2261,0.7361598222130123,6.74723914900901,0.5001532418591766
2262,0.6421153925001711,2.4443657603088256,0.6097062639606164
2263,0.9481583415770193,1.7217670526405418,1.0883051800259773
2264,0.10850982195713507,3.9136485819990376,0.08449859033228754
2265,0.9640332139963869,2.549261433033259,0.8413694516241469
2266,-0.05159069626471778,1.431147924164365,1.204827073826158
2267,0.2934153957026357,2.803089526013446,1.3605512659781467
2268,0.3096345854614401,2.492459920390481,0.7889875171698729
2269,0.7062051636180221,2.3251404134188847,0.7227780522207065
2270,0.8855056951970708,3.0799221925118934,0.6448008567699602
2271,0.5530766574647441,2.862373801077986,0.5446579562443153
2272,0.5038429848388358,5.945472339759322,0.8845589632157156
2273,0.004545939775727549,1.3162778476035601,1.5266740852792025
2274,-1.0172084739401874,1.2418698321199368,0.8427735712801468
2275,1.276749418893723,2.255507577474076,-0.5103641222211491
2276,-0.2599260168378607,2.4883956649116366,1.9625053089823528
2277,0.9272518104947334,2.5338181641939848,-0.3828383383821812
2278,-0.0045835116548016775,1.6576412265144045,0.38083541033266505
2279,0.3209258892378455,2.744527042412025,0.3137507826153474
2280,-0.0365559903926966,1.9932121566630705,-0.6418177647579492
2281,0.792930418753086,6.842592962604653,2.2591825641369208
2282,0.22972567361232224,1.4068026041366317,-0.8712503901468895
2283,-0.3482008265659978,1.8198382777422433,0.3020442489124675
2284,-0.6446880222423895,2.6359974518387967,0.45105871369328043
2285,-0.08782098013391797,3.2250626478617974,0.7358122495649027
2286,-0.10403065537537216,2.817258773399155,0.5694047882690285
2287,0.4499381748803609,1.3774248669904985,-0.003857684422467939
2288,-0.3858564820239626,2.800345022553187,-0.8941362768217932
2289,0.3916599826323853,1.1425228232000173,0.1883052542614746
2290,-0.03728497070405156,3.6949542935144546,0.4194264833784682
2291,1.2986714440659304,3.868199295644622,1.855183446013476
2292,0.3876614433890831,1.6110352705808748,-0.23511068230218465
2293,0.3120745700415105,3.5181938366662826,1.7621060628676994
2294,0.5378248202028113,4.836146958931656,2.3371919610379748
2295,0.815675782842076,2.8778844758396556,1.1818795267657285
2296,0.25463591728812424,3.964284840994949,0.439328032814403
2297,0.14532397552590046,0.669783995328237,-0.11996147729596102
2298,-0.3580235748358944,1.8251351830015115,0.6577636684991199
2299,0.5741790665017384,1.7410549886247473,0.4600142103020735
2300,0.5737379430428265,2.856385069903139,0.5250377722613547
2301,0.5142250934724121,5.879352040329584,1.4849794364059763
2302,0.8815620757868239,4.233163450327681,1.9497978552579671
2303,0.855986347675599,5.031772638268968,1.9600312787739
2304,0.009441251618034524,1.476019453016248,-0.9378290145167945
2305,0.27637524673966757,2.0865834786407693,-0.6647477722084761
2306,0.06940227104566475,1.8699269500738729,-0.93788072290222
2307,0.5918993210329514,1.468464529746164,-0.8495461895799093
2308,1.2510009385385972,0.4901559333232018,-0.7562726280424076
2309,0.9360893495511639,0.8735671642017763,0.14756834126144427
2310,-0.0008732513409611401,0.7215373896945758,0.7561621565290663
2311,-0.48651297450207387,2.617295736499418,0.8215183478751369
2312,0.40043113764955884,2.381827685599477,0.2792030712109713
2313,0.920689737673179,2.3395571562953297,0.05428834778891003
2314,0.8594622733742652,3.3644998996399673,0.9196730670815022
2315,-0.18905397538435395,1.9149571178503126,0.13650131145643457
2316,-0.2083480423283705,2.084117276098823,-0.6626897482253038
2317,-0.4861805591623046,0.9669271022826669,-0.33059355621841263
2318,-0.10201449668656837,1.0638460927551898,0.45431909927411496
2319,1.0261502614896092,2.5018556761785082,1.7445983491408945
2320,-0.19290652270460706,1.7195063785756362,0.4443778526084057
2321,0.6903874082075341,2.036659644857255,0.7578572679607178
2322,0.27489838985829135,3.0548376746434496,0.7747854588750707
2323,0.7519534920212603,4.383319393646605,1.1269557937137762
2324,0.7461147614847532,2.75574351472471,0.7087556519376266
2325,1.5766773253131514,2.1730646821878357,2.559832131460971
2326,1.4285738355132052,3.2025678948490373,0.7380625128464832
2327,1.4553218828504921,4.235776530751144,1.169789755893458
2328,-0.39072315724496354,1.2020594662875723,-0.09914132856093066
2329,0.6568828519928812,6.148235344662158,1.589389164323948
2330,0.462532102161343,2.4215389915760923,0.900816811764378
2331,0.3055799284085479,2.3478997923764893,1.139490295054874
2332,0.629764632210614,1.1512490039348195,0.8814044969208048
2333,-0.3989968285359844,3.3538637612510738,0.3351993380233453
2334,0.3974044928397345,0.8950904563089558,-0.46090636653666667
2335,0.20601826210771718,1.975865897130005,0.711269056179308
2336,0.7292711032531483,2.8183362472420628,0.06089254276307076
2337,0.629219585810833,2.455996799445178,0.6652555923176648
2338,0.3150772562708721,3.444457978344165,0.34127323883784955
2339,0.8037039681041397,3.228354378413339,0.5461310659423648
2340,0.832614653667054,3.2227175637234926,0.4704477908880135
2341,1.4895702062853597,1.8960438527992787,0.37371039446785026
2342,-0.8776961648689366,1.4271543911154319,-0.5878163535586675
2343,0.12887697964916786,2.569593873326636,0.1729365006985252
2344,0.858382542997715,4.085692692844467,-0.10916782497930679
2345,0.34207875851445796,1.5402930876612262,0.18285377863393018
2346,0.3534352357493442,4.122970733884391,0.8126897436636878
2347,0.8076388644363582,2.152265914793021,0.6255284126920662
2348,0.3466755763418342,1.8683683875824648,-0.0156683332548342
2349,0.43344055396959774,3.2209653332086097,1.8691423599254324
2350,0.3153974708666095,3.760851881300317,2.133534286947346
2351,0.9775040679676104,3.343333457004261,1.1542195263272248
2352,0.7429347310574926,3.517377225376616,0.8794550903886038
2353,0.16712058141490932,2.011360954668843,0.228444944609838
2354,-0.1397966319582751,3.1168820002297446,-0.14989837302046938
2355,0.6206590171951033,2.6931933040048013,1.7361594067755262
2356,0.3067025615984897,3.8546064573013914,0.21237416414265212
2357,0.34805265751168407,2.2130363562112056,0.9707641708976156
2358,0.38878946690517513,2.9507667657871424,0.4766068923250398
2359,0.1495736745858365,2.6820919022818965,1.387503526690674
2360,0.20793094771826456,4.111297478097537,0.9267546073466187
2361,1.1062233980487812,1.3722804802460817,-0.18787480012905275
2362,0.2722415282213418,4.220854026657679,0.7471581763414781
2363,-0.12141227925302885,4.48249136021281,1.4065442529999639
2364,0.886719692436573,1.622521427460453,-0.6262826520641359
2365,0.6020811061936968,1.1118750596667186,0.024593128722062447
2366,-0.10064719207418547,4.224874631277919,1.4596484797033242
2367,0.7680665306193211,1.386498259048102,0.3688434582363962
2368,-0.4335773218874879,2.147396118842525,0.9195812551560993
2369,0.3108450112959276,0.8107788926235471,-0.09117801378372974
2370,0.8366957283783865,4.950333881931919,-0.04369228377489551
2371,0.8365083754495256,5.74205042494014,-0.27768139262914626
2372,0.7589482932459011,2.3443142548142983,1.3486738379975411
2373,0.3136951370922704,4.162541756186669,0.17302007182363197
2374,0.6998404099586346,4.043345752050741,0.20468020783181815
2375,0.5795120058323449,3.1942906908935393,0.9269878859008154
2376,0.6757716052382952,2.3373173555142692,1.2016280833407185
2377,1.221360384730582,5.173814160427818,0.4428753937100318
2378,1.155479074297238,5.3893790719470775,0.555139372497886
2379,1.109932627914149,4.878838955639486,0.6306497235309406
2380,0.03528756387451149,1.2508884664099646,0.8306128247565153
2381,0.06382062765202196,1.2389506334313143,0.959408627760212
2382,0.4085651015401424,2.4693974509201406,1.4621241794638307
2383,0.09154052759603101,2.5872227893930075,-0.4264425056901279
2384,-0.23528571968075643,1.0721832435079983,0.17583298058137564
2385,0.7792584785105812,5.1065967127407275,0.47489465880960596
2386,1.0760354067999942,5.680256847320149,0.5252374933693814
2387,0.9727219467757762,5.239815323152642,0.4985977257995263
2388,-0.3461010117548063,0.5336591160874382,0.06484182825378855
2389,0.2776369879414211,4.2764197680047635,0.5333182044183434
2390,0.6955458461007218,3.7357036138154616,0.9541381792831567
2391,0.30726847202449853,0.6454141967651381,-0.29938964596304474
2392,0.4972073156249115,1.1617070015730553,-0.051207043910953785
2393,1.0302493844454854,4.982956086781607,1.4612577286732429
2394,0.7217405388304269,7.040494417026361,1.0497978269618997
2395,1.4636655568964134,3.945371292842048,1.2594247427480658
2396,0.9839511905263321,5.051928651957205,0.33723196340883826
2397,0.20198443148149942,1.9716466374804122,1.6291929037069
2398,0.40215702655080104,1.900652112827587,1.1875680540880142
2399,0.3795436929331138,1.9723788609895214,1.4049675955547638
2400,0.38221798150946074,1.4996744299679683,1.3833894390719572
2401,0.8222734715697181,2.2922029271932494,1.611272397325031
2402,0.7901892722118558,2.070189969251429,1.2678304863535677
2403,0.4549519474297227,1.2443915393819012,0.5217460223159386
2404,0.5850177375612967,5.28674707638001,0.8032598201328736
2405,-0.24054876476659817,1.507314144373591,0.6505257429053254
2406,1.0478581483327583,5.293086357563475,0.7460476527871436
2407,1.0041965328329536,3.281858639943755,0.5492987740753292
2408,0.2993543438203252,2.6502216577845985,0.21330039291180883
2409,1.1992478971536988,3.7128009662122166,1.3282644410261004
2410,-0.15971340492966896,2.1682163845097984,0.05583313514546932
2411,0.8635947074590166,2.5680479929860165,0.8033456163265342
2412,0.23977456469531416,4.289739340720923,1.0466330403342887
2413,0.5359163732669557,1.9181148780740984,1.0263408962191298
2414,0.7078720827074652,1.9840456844034775,1.3655246669514898
2415,0.20655095126765516,1.4156354322002298,1.4360785115982198
2416,0.03120668055065604,3.7600474053616155,0.705644483336617
2417,0.8366014419138967,2.1946470184747944,-0.16005763715161087
2418,-0.20787840669647337,2.7626860872689503,0.46923688589775236
2419,0.4529308678349757,3.5124310510358474,0.9185704300791968
2420,1.36706570025231,3.365284375244304,0.5845627692510923
2421,-0.001340583276591556,6.928553908749126,0.7885297807079661
2422,0.757690713621311,2.8875738133249715,0.7812424657179606
2423,0.1797704646313724,2.796962549739062,0.9192885210072521
2424,1.0784475210240558,3.480076489303187,0.5856900361807238
2425,0.2911112706673679,3.1086343213748617,0.5902979681654155
2426,0.7466820231040564,2.519099434425603,0.7607480218581464
2427,0.4910917509536058,4.583632550606672,0.7854452398180589
2428,0.7288370994877933,4.95621145500358,0.6958011043486019
2429,0.5543111518932274,4.136680528724401,0.7654164031651582
2430,0.5313437907493342,6.162107356859383,0.9149887102157629
2431,0.28133524845135033,2.1283815611631276,0.5112696058327565
2432,0.6842230269157926,1.4564320975823284,0.21046503844296083
2433,0.6258798920925309,2.0783409522436975,0.5663018450727509
2434,0.8549143871099861,1.5223293646833402,0.2931692710268768
2435,0.07004875454537512,3.3653252407053347,0.7192063529225063
2436,-0.28237570015444896,1.4582003673546207,-0.12327832512737064
2437,0.011641518905901534,0.9280403311590831,-0.5895388306726091
2438,-0.43980565942078065,1.9555839212601782,0.006425075204337165
2439,0.38138992046168685,5.7843755761471565,1.3039311311699882
2440,0.6121431703443625,3.6899541436787757,0.4001808814585149
2441,0.462837574391835,4.110037466200322,-0.1818956899411347
2442,0.43742662284231165,3.0736476454916306,-0.22093512165970097
2443,1.235505544082373,1.5035764501885098,1.1734305580721507
2444,0.5593799549606224,2.7265764366418184,0.6055685794169466
2445,0.1841972275782595,2.323347462689301,1.2481047075516702
2446,0.5286420507711844,2.6758646919424254,-0.2754271969032449
2447,0.7017956780316605,2.8772208009768487,1.0882108609167658
2448,0.6784573141180096,2.6764468426409036,0.5219314336247334
2449,0.6716790785005409,3.6790239416493073,1.024342757341693
2450,0.4326344330434078,2.4035140390267737,0.06075533298082989
2451,0.3079413339128125,2.2946024428650604,0.47635511972151334
2452,0.08600984263233877,1.9571934056283793,1.2928813849773317
2453,0.2102320684548797,1.5697084234905694,-0.7739530899005653
2454,0.20966369383503755,2.8717033693619287,1.0521713904462116
2455,0.6020066793094322,0.7673725048032677,1.0541390014555858
2456,0.5973464147789319,0.9686904665497283,1.0772374431087606
2457,0.08748125317358416,2.414933434251795,0.8268435234930264
2458,0.8493496929711338,3.5393558174754776,0.6776331093026797
2459,-0.07074450956252985,1.9664193445653013,0.08640387931340517
2460,0.6357691201970256,5.50236775467019,1.8647596109853677
2461,0.125219652552557,2.4985983075272196,-0.13556090340709676
2462,0.30754717709133245,1.9789537772136936,0.9025408598814091
2463,0.7066239294633316,4.060450632811828,0.47308920508322094
2464,0.6251873065539351,3.0063065579612376,0.6018014118573284
2465,0.1475363538304748,1.7583920324658586,-0.12351300567508262
2466,0.3779993237449896,2.145777550651196,1.1957949663661205
2467,1.0392857923043435,2.2604680390812946,0.47859836151260715
2468,-0.055815739479381704,2.568163780081619,0.526805038032928
2469,0.43160442493061274,1.6654332237185958,0.5195311210303258
2470,0.6947713728656331,3.0257436426085875,1.597001688540501
2471,0.6756249599960077,3.025038808982735,1.5631469605118575
2472,0.33063852075835065,4.358775276485729,0.7930874574043737
2473,0.7707754115223439,1.9882833169480447,0.31545460724448016
2474,1.0145645397215015,3.553109819136608,-0.24443206752191224
2475,1.043224959829777,2.9585038960163215,0.27545072575185664
2476,0.7783325204910303,1.471509875174155,0.3605452828776071
2477,0.8704715901163886,1.7206121872961935,0.3436187523367681
2478,0.2934273696885639,4.565663404555715,1.3450461538030354
2479,0.5407643774317279,1.5720936445690303,0.5173083410177652
2480,-0.6891956773656049,0.36159621881857323,0.5334932238202509
2481,-0.45005702177461737,0.16689711482733358,1.3982196225913515
2482,0.050499571279285005,5.3544982733388515,-0.8500481000409683
2483,1.071242253636145,3.2457082210830763,0.5034583453794071
2484,0.25164499325058187,1.317705961350799,0.1797882229366585
2485,0.7168902162941855,4.037868132044163,1.039076140672212
2486,0.4025258529045998,3.448834274980765,0.250024575894441
2487,-0.08087401714580153,2.9991259948219184,0.968254878671811
2488,0.33765497945515754,1.8099515642523885,0.9541283001974414
2489,-0.11294791148380309,1.5705551841668317,0.4449424434762432
2490,0.5845617873577629,2.5492371178748763,1.4567993383170272
2491,0.7323159584917849,5.992943528302699,0.5163154084147201
2492,0.43412515303509247,1.9346592571080496,1.9288609626324076
2493,0.3835527600565507,3.056607553336898,-0.7303863164941357
2494,0.19982532377751613,2.6330523859420123,0.9965169320889952
2495,0.5050805266777922,6.244339726327597,0.2543242352708604
2496,-0.04379182653629273,1.4798578667468762,1.0094043187329527
2497,0.5512404700455291,3.0418748791657313,0.9444490979542309
2498,1.3856657508944588,1.815158808228616,1.0084042159097433
2499,0.917855440601175,1.972103781621057,0.5511690233013596
2500,0.1438916217159954,4.68014789895662,0.7386439569735244
2501,-0.007581654761283113,1.9884770120689217,0.9492359384330443
2502,0.02246645913973611,3.243287230010032,1.111908209788508
2503,0.21973491778039744,2.7224300387254092,1.1857814273856186
2504,0.7253806758345466,4.195248396255185,0.5172190148356991
2505,-0.037490860785818016,0.9568365020470609,0.055325319750117445
2506,-0.35545831419433344,1.3031234487203218,1.302007822015789
2507,0.4950789908688325,3.46070085200573,1.3531570918340234
2508,0.35894742720518497,1.9484337117293873,-0.1145925718232728
2509,1.407164534897236,1.9488168175147724,-0.18546460053118913
2510,-0.73737791497937,1.8124842339890073,0.8363074098973758
2511,-0.25372049443821815,1.266877572796067,1.3107985756041747
2512,0.37960233718955155,1.9664467531192744,1.604448436667945
2513,0.6841367833631612,2.1920921814728795,0.6684826616620557
2514,0.9566373962308399,4.018811032879766,-0.7180420981116044
2515,1.0629456274869802,1.7997964241197117,0.802508810734809
2516,0.7375422581482789,2.4032472145089936,1.5455639191373507
2517,0.42047580924264866,5.714432061713111,0.9187285720340583
2518,0.4756609035566618,2.504254917176629,1.0001160168913583
2519,1.0645122099125068,3.2391487826117897,2.4830270137067587
2520,1.0966222303341382,3.138859530851157,2.438571315975076
2521,1.2784318251084688,2.6786378829366746,2.0461552653140664
2522,1.2022634880201772,2.332102536803005,1.9024831456520366
2523,0.6992855643072082,2.4792373367762024,2.187576239801393
2524,0.5596840987372663,2.378527551337586,2.196689275016676
2525,0.6632125463915434,3.0135799581010563,1.1490892980266234
2526,0.4405207060427213,1.9476995788491587,0.5161585674535206
2527,0.4377668577367209,1.8053042366546772,0.2980848270856911
2528,0.29830968128709673,3.4351198708906563,1.0341552055248497
2529,0.12397778026542529,2.369483224573663,0.29407704210239505
2530,0.11342426867196236,3.307358383082451,-0.08227538587069182
2531,-0.16525581724331542,1.913314405972879,1.4814652190487474
2532,0.789668686702883,3.9697229210697738,0.5489274378687925
2533,0.26248955137783075,4.696963606321963,1.2523512338742664
2534,0.7155517528836043,1.8207299068092921,-0.1710737375132007
2535,-0.23862450790648562,1.0854956254633525,0.18638456625634942
2536,1.046326228378845,2.6301614229247434,-0.6658242275421576
2537,-0.05886055085237827,1.9884798709832938,0.18458826393548988
2538,0.8911649051763793,2.5543263575208295,0.5930474430437535
2539,0.546386906705135,3.3886500195451674,0.6437319372277165
2540,0.5954813378602001,2.287540863700771,0.8389592382429136
2541,-0.14012875610662073,1.2804736845834184,0.32859707031221563
2542,-0.1696189224634182,1.8705045579306239,0.6256423391509084
2543,1.1421021520925616,3.7292125943120196,0.8500564784250109
2544,0.16671822087251578,2.644983527763071,0.1302902533472094
2545,0.7129914140403214,5.89599759160488,1.3746248627131508
2546,0.7668803476304766,5.728322931154645,0.895511264053729
2547,0.38067896220545594,1.5354368856982934,0.8052019444316441
2548,0.3283785430075911,7.620994994419292,1.5234741260448534
2549,0.2538152365245882,1.3619163433606354,0.8238192726357979
2550,-0.0022995986545128557,1.5964332639621635,0.35820620522321356
2551,-0.06860080682408178,1.583554211100681,0.21280447851078924
2552,-0.24665813142887258,0.9683995982323795,1.0899167526039066
2553,-0.12286286770118737,0.5682717477590842,0.022102794502665963
2554,1.2758180176079612,1.40571919093607,1.6549732781527011
2555,-0.7158616928058024,2.094608563826291,0.6681965659128472
2556,0.7884364908218275,1.4507060010880721,-1.2557051450791579
2557,-0.704938414671834,1.713024161690653,0.7886490249526746
2558,-0.8913924228364559,1.1109479300925058,-0.2805415407321892
2559,-0.37347671883575434,1.3556080363385574,-0.9007145915662453
2560,-0.09846293760984848,1.7359824000300217,0.3372775268889227
2561,0.6107882208797064,3.0293537967286825,0.884953278000479
2562,0.400913098792972,2.541603688676549,0.48022603984155926
2563,0.23081636592248128,2.730800710378189,1.0732123558329651
2564,0.38081595346239683,1.4642652109495644,0.9020854479941034
2565,0.6337953882037988,2.527103473069279,1.0791080319528326
2566,0.718580111829291,3.359213047204089,0.6428456067263608
2567,0.7759299111970159,4.166287700170893,0.45463834092950206
2568,0.810330412813842,2.2789336774214974,0.44301826534434174
2569,0.08540309842556129,5.774765776996735,0.6239123238383427
2570,1.2423981204275425,1.915488427242748,1.5798782718611302
2571,1.2260100402997631,1.7478157748487595,1.3886250437270948
2572,1.3816366175277808,1.4051738389880652,1.2154432775813566
2573,0.21874636799745995,3.6816642129880823,1.3464718371542423
2574,0.6414768100050897,1.6012330114236868,-0.16918189156480826
2575,1.1759952867013395,2.9014121528932986,-0.3243543333701282
2576,0.20010227887985546,3.4083994794243235,0.3391187845698844
2577,0.8805885326102011,2.301546491919496,1.1602767806903016
2578,1.304765978362387,4.941703291353849,1.4095260815942967
2579,0.404402476706984,3.681536829632326,0.5605674289365946
2580,0.4992874239553634,3.721552334476566,0.42369641032912825
2581,0.7132356859322918,2.843762274470528,1.5475795239207424
2582,0.8077307967054216,2.6563743564940663,1.2197901820396193
2583,0.885386574227215,4.59713513857431,1.3476399399558459
2584,0.9853176390256966,2.9907291716567443,2.0078831549574585
2585,0.8668960464492279,2.58401478892855,2.5562843956447607
2586,0.7404757392731015,2.965695526328451,1.9352577367868926
2587,0.4328214073156475,3.7806684338788537,-0.41429920972886075
2588,0.3357780657728126,2.249739067942213,-0.22000637173341414
2589,-0.24632693362203653,3.4951112229598102,0.1534916384678029
2590,-0.0902235777854923,1.3522176226524107,-0.1057831849942341
2591,0.7263590477513876,1.910712745790672,0.22161226223392802
2592,0.6420466757396078,2.5677254733043138,0.047994441442581554
2593,0.6202504817522534,2.4747495583038996,0.9579926988647915
2594,0.2952187877986451,3.5401835445717125,0.22534283671594754
2595,0.4141945038642507,2.8898612842445908,0.31502061727833636
2596,0.13209653662270357,2.614230751532228,0.5954068314665159
2597,0.49979423588754035,3.138824714386237,1.3302151799943414
2598,0.6234844300856656,2.279601364858934,0.24322661452433908
2599,0.9344963306887837,3.6649351744131287,0.85915632500443
2600,0.9137885077764005,1.5740665552317,0.7893888826633403
2601,0.8774475713645673,1.9405999676430217,0.5571977714787463
2602,0.92159660458698,1.59805949907352,0.8481155450963591
2603,1.0480781628089804,0.9714296971663958,0.7790839885834075
2604,0.9048488664806057,4.5658408785632245,0.1837505498724099
2605,0.1460870825153815,2.8557491856771304,0.8282455043858161
2606,0.4062543271558694,2.240080437006327,0.7097607160114764
2607,0.22783461061437427,2.1732792165228703,0.3188894695359342
2608,-0.6335902423976336,0.9457089523056923,0.26647441378998277
2609,-0.7350400085249185,1.614928337270246,0.19617969049342526
2610,0.7988098368294922,2.920047393853027,-0.6774188590728747
2611,-0.25694570642077924,1.0239654490490828,0.4612109513041037
2612,0.008502054334632416,1.080707727486509,0.23712904698295786
2613,0.20260338263065084,2.1588603662240504,0.7073875396844206
2614,1.438755203999194,2.250624873007019,0.2956907830375358
2615,0.9744626393279759,1.6003674642557189,0.3487570390045737
2616,1.695540464325232,3.6291268649138204,-0.39271845612582673
2617,0.873195292260965,2.30103143426169,1.298186486518296
2618,0.43672205157101446,4.249196941745106,0.34044650090072914
2619,0.5117759903594767,3.265070389564289,0.17286238120989553
2620,0.10076219113786657,1.3518932276619344,-0.058663219882358376
2621,0.7066367433762308,3.66056891845053,0.8136739849763941
2622,0.5141710259734417,5.145419473678055,2.5238141647748358
2623,1.1406882367200926,5.773869818269567,1.4944041474842658
2624,0.49166223428456046,6.99094892835297,1.2776981433889452
2625,0.33579501758901004,5.436636037883727,0.6941096218460372
2626,0.3005505089955585,1.0516048467273127,0.6918806730200919
2627,0.600902282809868,0.9075761656761843,0.34915765437057006
2628,0.3594233679873502,0.947607771623243,0.4020961018844402
2629,0.32777790553688996,4.641192180999772,0.8601626323996493
2630,0.5217482155780606,1.5227714369247676,0.22678735433264532
2631,-0.04506815745451624,4.841778289675064,0.3050587280872312
2632,0.3363819503324262,3.553107193277614,0.9305433443860572
2633,0.3603608167255511,3.0989880840116246,0.8623228254833992
2634,0.5595057203275374,3.5974084119303646,0.665993756302978
2635,0.5673055465374103,4.7179878677154194,0.8169650160395643
2636,0.00912056818821399,2.4647708078572887,0.10263663259461406
2637,0.7268070953055544,2.756554240080584,1.0990621052012475
2638,0.5430015257570376,2.5867322132431987,0.13545793044804103
2639,0.06418194947493899,2.204217352738711,0.6955849721858101
2640,0.13539494218829043,0.9820247073600599,-0.7196020525602951
2641,-0.028155296027033316,1.1883399499012126,0.07658319501256682
2642,0.8144967827951803,5.536832417293944,0.7314944146573281
2643,0.12379539983093232,3.2692641837847374,0.7880381801492728
2644,0.30067704331255424,2.8153542390492703,1.089954519807318
2645,-0.6051611544433667,2.61020507527895,0.7519244619163654
2646,-0.4772275613732059,1.6035433309271974,0.4938173176881085
2647,0.013050804091163232,1.9251617478150131,1.0836107060350562
2648,0.9727488090372556,4.257442272789722,0.31745479461884973
2649,0.6169064833510308,2.0553530422010726,1.2668789928560156
2650,0.5481927149679079,2.980074081812942,0.14505089289302625
2651,0.257364115875475,2.233409271789746,0.30331963776658594
2652,0.6662978153003387,4.58283995732879,0.8862182341984405
2653,0.5786486235236612,4.690042694253291,1.1178195693930628
2654,0.5974912000309631,4.102639161715382,0.8781112360756859
2655,0.36276037571823416,0.8279922520455126,-0.07245254718077135
2656,0.13602767283423844,0.556342778030935,-0.8436463899113783
2657,0.07446734601045649,1.0553319732170587,-0.647103067673243
2658,0.8528629710260184,3.9791996985625193,1.4266792746638841
2659,0.16000269147202312,1.8308301564100047,1.4037554323985164
2660,0.5458726856714484,2.5626595511135046,1.493577737527509
2661,0.22554657993398583,1.8351051167457095,-0.5583980641549966
2662,0.7882520324240809,3.399407296849791,1.692481703250555
2663,0.7924654712410986,1.1281967174780023,1.0832503478434332
2664,-0.35226162156031504,3.4982435104201732,-0.4493319043558374
2665,1.3050513946134448,1.7982769831501293,1.2208440281504316
2666,-0.015905240536732635,2.773720021413149,0.6435518424136873
2667,-0.09543128153331386,1.548624032149128,1.8671092419577273
2668,0.02069966866377785,1.6792273986210513,0.8702576115193192
2669,0.529342485770716,1.6183925594485742,0.5598622812165095
2670,0.8692397202296734,4.6925194689101755,1.6342063806626284
2671,0.5197129316256927,1.3190369353379914,1.212560598828823
2672,0.18218684765911528,3.846099582069905,-0.29059504755734866
2673,1.5440013697271424,0.9121714714713814,0.16640401565910123
2674,0.8010480976904953,1.9735987814674547,0.4141727442962464
2675,0.3699660543368752,1.147524759058176,0.08571549361575805
2676,0.08919617051318934,1.6112145245836214,1.1898581750429613
2677,-0.02091574448439954,2.2750775751087793,1.220626997148544
2678,0.17527163909495555,3.601508643403005,0.3889630496291084
2679,-0.080327056538194,3.1238580053519835,0.5368398065283831
2680,0.4253944275778512,2.3032627848553964,0.46539158741368236
2681,0.5626504686547271,4.5220599811355475,1.191857451191601
2682,0.4435579869858449,2.3551134986026265,0.34734263519933706
2683,0.7221537570555914,3.800782944632628,0.23115985021388047
2684,-0.11314393595366856,1.7553339613940506,1.2427276622848205
2685,-0.19591944385128193,2.583034235553125,2.2816133533614473
2686,-0.10606436026475508,2.1298445002879625,2.794958041045268
2687,0.29963061545631475,3.17863829587195,1.9082919880732767
2688,0.5925097118213737,4.168055999116933,0.8243130239968992
2689,0.7789629252275947,7.8990605059247425,1.2319814856298057
2690,0.19706352500961297,5.985572366395319,1.7098303818175913
2691,0.6400622018939129,2.295142536342699,1.0927311068164665
2692,0.3930467107995178,1.6358454723525977,1.7434181343299804
2693,0.9733394762222601,3.2530236695399917,0.015102965877747026
2694,0.9222175444469675,4.1023054041102505,0.03384599619430398
2695,0.922045377900877,2.7936117049313056,1.264690879847536
2696,0.7758396085733713,2.578322447874091,1.0930087047834038
2697,0.559981094097027,1.9415170121062824,0.7978690805045966
2698,0.7025722553459641,2.9584661006533897,1.2839371637667014
2699,0.842048010168519,2.400446664289057,1.3082147282387662
2700,0.9738885783140372,2.845135181606113,1.1909702451925426
2701,0.1759680871458232,3.292506322150116,0.30425357831660055
2702,0.2885422120515748,4.419293611009932,-0.1304687236651436
2703,0.42947762426724106,4.378320125737306,-0.2643448121207573
2704,0.4944777876383738,1.9760984149644196,0.21211000306962133
2705,0.41885114018926495,1.8605279939012558,-0.43793369769130525
2706,0.6651760134339709,2.349628817907235,-0.2602262075086122
2707,1.1989242803737568,3.169472770363292,0.8697163898927065
2708,0.18756229829137125,1.841247609813683,0.1738942718498026
2709,0.5484789772918544,2.8966890158304066,1.074268262496961
2710,1.1071587513080516,2.937944737822825,1.057402133410664
2711,0.38053037639772086,2.215938462553493,-0.14438717020862768
2712,-0.035265299871769594,3.0242333005883846,1.8845178096384267
2713,0.6795617031001361,2.35297187736,-0.033500786357521455
2714,-0.12342853691188321,2.859350467694246,-0.504658004860491
2715,-0.28739474502395496,1.7739946427763176,-0.04614643910689441
2716,-0.06757814046070652,1.5844880510086032,-0.006729671674878506
2717,0.21562529734273703,1.9711802704052044,0.5205159655814442
2718,0.7830097048123243,4.870411187250799,1.0567515334341997
2719,0.594157675861017,4.016466232967391,1.3178382038910674
2720,0.8380137833260178,5.286811683662823,1.830752606272426
2721,0.4158939490151403,2.7083561013736337,0.28680138758314844
2722,0.28423566266023964,3.4201892402127725,0.6517011808099907
2723,0.5973796085073968,2.92287813717793,0.49696239298476197
2724,0.24484683873868276,3.5319333395640915,1.2672028038642478
2725,-0.4257253324096947,1.6560857108448426,1.377445847462683
2726,0.5553592558465342,2.8588202020156275,0.48271367606474047
2727,0.5017353476687343,3.2402851293426638,0.5220281042950918
2728,0.2053346262402553,2.4010967213425682,-0.05328988369498531
2729,-0.21192001940367844,1.6704412645424433,-1.14809274342776
2730,0.2006079112902368,2.6952743642588737,0.6267511437820826
2731,0.3331022782179354,1.5737294276303473,2.1987869252545518
2732,0.6153034746292247,0.8190972469358956,1.5643421553371122
2733,0.400899898923854,7.546901486641602,1.0939728075280253
2734,0.8017305958283306,1.6729010045645198,1.0905222603708407
2735,0.3028079326713541,5.346568453153496,1.029296782666408
2736,-0.0507733780043734,5.03836185853249,1.1931233742821283
2737,1.043239966071167,3.143659305278318,0.6143611317370014
2738,0.6090633920423644,2.997413692517059,0.3375089583320682
2739,1.3274186972229416,2.767437099795459,1.0352348973946426
2740,0.8581053075689912,2.151651535278344,0.9253385698530776
2741,-0.11769358850759717,1.5303337180272607,0.43946467488271945
2742,0.6044373870556967,3.5571501777923658,0.29807628638841077
2743,0.8115936522885924,3.4596587125622666,0.6410414667756577
2744,0.5741839002290324,1.6543813009958792,0.6025856790268039
2745,0.6414398133756474,2.5307349533490027,0.5269542886504882
2746,0.026623508044254222,4.517206274905171,-0.4654986025483339
2747,0.5688863991655626,3.527070080383797,0.04407343005504116
2748,0.5555016771341559,2.873033967825679,1.1190506422449698
2749,0.5547190800800433,5.223495045528102,0.5452475988359758
2750,0.2597236375812771,2.249014492300037,0.6389056673261705
2751,-0.08049204477836562,3.188138055498803,0.7004574729023385
2752,0.22610163988789367,2.838335283986026,0.3578607203156893
2753,0.5719646166766951,3.849715913306268,0.35405105724822356
2754,0.7340381828849603,3.393131260551571,0.8257865555366902
2755,0.675573845322349,3.1101930938388604,1.7128633972428606
2756,1.0383887567414047,0.9247245600307588,0.2649242338945739
2757,-0.7958868241346163,2.2984029954545604,-0.2895050305425108
2758,-1.0771519480701344,2.085698917275413,-0.23680037922397593
2759,0.24595284318005378,2.090060649660794,0.36913484060719204
2760,0.7916822334674531,5.146962697791741,1.1174860600813878
2761,0.20746913799107886,1.827175901839648,0.3130492354485121
2762,0.060681278580632304,2.1023397375113775,0.5754320039588431
2763,1.0656591492057312,1.479281375764777,0.678101049803525
2764,1.2506752127675345,0.8045471762798625,-0.020604002389555894
2765,0.2460846074098603,3.486787712191831,0.8326625222225928
2766,0.17573173761985011,4.120129181486268,1.130955904019073
2767,0.027435719602550066,1.998424176222281,0.08083744699035955
2768,-0.7899812819707194,2.069735164921537,-0.5657910745479066
2769,-0.5195716410816758,2.3656343313871466,-0.7159540044109366
2770,1.0462644293293808,2.904702104223509,0.6480556924640007
2771,0.1582207925522161,3.6297421100033995,1.2362404800470828
2772,0.8087136889712416,2.9279970511627673,0.2035737229829097
2773,0.3587110388536185,2.544563027312716,0.4572918359578662
2774,0.21240892479786408,5.776445438986877,0.8934054504261343
2775,0.5711293297980883,1.5635416703034355,-0.7502135486364007
2776,0.398991283690988,1.7864812444599782,0.8011442861310396
2777,0.13881413252611605,1.341510872137977,-0.584422295055007
2778,0.38554152133476866,1.8035913001917725,0.16605256589053213
2779,0.5873977917611425,4.394195883415814,0.335415336531205
2780,0.5404105058556734,3.357343689659102,1.5838261263440514
2781,-0.03323690472967321,3.7811837011369795,1.0406349476629098
2782,0.5030118971714229,3.6892382145859095,0.6793382684619577
2783,0.2773843043187719,2.898636810197202,0.7317300068915711
2784,0.052221656737803074,3.5831053201126104,0.2902387999122556
2785,0.44373004910719005,1.8451558168878555,2.0086423477796655
2786,-0.0365957292944631,4.074781433924004,-0.13840296466324653
2787,1.3200663969752253,1.365000650353256,0.7470152096051241
2788,0.8558134252448248,4.955151631199877,1.9250520324361702
2789,0.5067357878793451,5.642671010373662,0.2580406667977534
2790,0.3163846925112626,2.9170947407746373,-0.5274334509025614
2791,0.3037930538005363,3.6621007562439956,1.3450732689964355
2792,-0.18366979981603132,1.4164403070942826,1.2184240079462032
2793,1.2075569272138336,1.8712764792097871,0.27803085234207847
2794,1.1620014849596845,1.979716355923427,0.23736733725253692
2795,0.04916675389319113,1.4455605244087344,0.8068824451342396
2796,-0.34737011380806837,3.492005206811834,0.8652019330876782
2797,-0.3871034604248747,3.6107928082245295,0.7789035297583479
2798,0.38402239322349235,0.9253328996090896,1.5640810932588818
2799,-0.14069493887561652,2.196610337168159,-0.09367941362088449
2800,-0.15724763984257306,2.9093450845669824,0.4017334230364653
2801,-0.24906460837957994,1.6917836875487995,-0.37558324477736105
2802,0.8087080821790804,3.072137032188446,-0.2073208887294513
2803,0.33870454899369046,2.4794226334913185,0.6635766604939932
2804,0.7266003478443135,1.9424347819313477,0.13793899971023962
2805,1.0278603312515033,1.868729083600639,0.4603737827383712
2806,1.2991727211744635,1.7131418605617583,0.19883105980055132
2807,0.22919124318294995,1.2076884825150023,-0.7445114381854527
2808,-0.24736874501981806,3.5694854511236973,1.5543384648377996
2809,0.7738215987453544,0.6945830698204096,0.5836171962542599
2810,0.3641740614072623,3.83669204814833,1.4712339765806575
2811,0.38812158395462226,4.002839341605998,1.4060359793887496
2812,0.5391563874672627,2.8243010328520524,0.6913940911856644
2813,0.965613811211181,4.38759436889456,1.0342535341964154
2814,1.0239920947752048,5.800513944027882,1.2049552339216947
2815,0.11889385180561811,3.989813524328375,0.7324715985146615
2816,0.7837771991465512,1.5557775980220745,1.13003768277499
2817,0.43278120122891744,2.8039237146474707,0.48916060518133486
2818,1.078461939316704,2.382173256461526,0.5006467185343806
2819,-0.12084558591487335,3.6229677491016337,1.2760633253773095
2820,1.0330988597722401,4.5640617466235565,0.7269534786889309
2821,0.9749450096454341,4.760201318830046,0.4884038406657765
2822,0.011366318028828822,1.1907880591216708,0.6023960947716994
2823,-0.01590468196440852,1.341165222036939,1.0059221974843042
2824,0.6838102887560572,3.765405279154126,0.7308730507523925
2825,0.4190888449242329,2.9730243680737596,0.570559315564571
2826,0.5681730546144451,3.3058941552880565,0.8311681462074998
2827,0.05246766957246841,2.9950885231725564,0.32757530536655755
2828,0.4189412618459564,3.762204397861795,-0.03971137002135974
2829,0.7424326404690278,3.436035546884325,2.084116360048706
2830,-0.9152011606389483,1.388590021715034,1.57767347786734
2831,-1.0062433875257986,1.1080190403105163,1.617777889078189
2832,-0.9037532603382743,0.7773626445441324,2.2395738416261746
2833,-0.9477557741250489,0.7997756991164263,1.701214884237675
2834,0.48952859665063075,3.7689345742545775,0.24452734660341746
2835,0.6564094039677432,2.608181083658528,0.7404552339326343
2836,0.4699116483105931,2.8695422309328853,0.7515436624629571
2837,0.4652360467015595,2.910452283754175,0.4544835067249291
2838,1.3260761698278554,2.1134213946088787,0.345881240722842
2839,1.0715600751477885,1.6370710364549206,0.0796045084892427
2840,0.641751382847061,1.1958110166002311,0.22703092644645076
2841,0.3377063926863825,6.639994817459897,0.9621987346431013
2842,0.3042717770645532,6.40730255884306,0.5494498625968104
2843,0.8164208876007348,3.675513736133765,0.6186894749847119
2844,0.6984494375495928,2.3870529330805743,0.5162605808992438
2845,0.89934470685904,2.984550298506938,0.5669324954440291
2846,0.9425437335571485,3.4168365176734343,0.4701968453517203
2847,0.3982596749385072,1.541111910020037,1.3438661962192735
2848,0.38210624466190446,2.196121842386269,1.2473490061945707
2849,0.7094128284560055,2.4441206078412168,0.28654854820347275
2850,-0.3543179086312919,1.5600215829165494,-0.6374862540758024
2851,-0.05542493442591113,1.7473601366584064,-0.3498500116245826
2852,1.0111570028118428,5.522824785211873,1.134713647866391
2853,0.2773508267836486,4.402019836282672,0.3278870302646409
2854,0.9711382505034934,3.322627726407035,1.997289526326111
2855,0.6470228438730822,4.300806920845029,1.4384606315286614
2856,-0.013248151285996096,1.3671996569838494,0.43677650034760773
2857,0.3945720260352293,2.8678952066164287,1.5622401514903146
2858,0.4469235457812401,2.086426439073156,1.205419587689389
2859,0.6539320965738266,1.9379077818269967,0.6802965592885035
2860,0.5437516899663607,2.458179216686754,0.7457022335983732
2861,0.355043870004069,4.291139352269412,1.843531590263104
2862,0.6260454449294967,4.111584938477828,0.7136533464579752
2863,-0.19809391104842347,1.2213375568073683,0.872415644713827
2864,1.275484911447066,3.183131458922824,0.7540785432076611
2865,-0.038697452631028716,2.5016124810579403,0.3801949380053305
2866,0.7213659306413577,2.199744628478555,0.4485495810679998
2867,0.5664154639098782,2.0867269542665303,0.396145527469959
2868,0.21647449225254115,5.688668855368777,1.1535554703156852
2869,0.6362031017224177,5.608800341617825,1.3783875031824302
2870,1.1416946703138344,2.285837735354599,0.2874186359943493
2871,0.7429765938798265,2.826383854252898,0.7817355961406255
2872,0.18438089891054657,3.1726174326858354,0.501393485145963
2873,0.31665266276329873,5.322286960704206,-0.34066982140861224
2874,0.6439582866647354,6.386636350380569,0.005836476398131918
2875,0.9368547499471923,5.408433105713963,0.9268309576435878
2876,0.0009064088183565288,1.2422029715911693,0.04392444015640137
2877,0.5379862821964223,1.990730272227598,1.853272950239324
2878,0.5551726696268142,2.628501910342579,1.5518984421911783
2879,0.8810299938880303,2.8195253285682367,0.8148481929024255
2880,0.7557187474416521,4.316218859516832,1.9383486093685203
2881,-0.2504269613783419,2.6265962838954504,0.04106635002062915
2882,-0.17986095879474273,3.083417149609781,0.3953378228933081
2883,1.247644540594608,2.783355644479177,0.4752802401641982
2884,0.8011921854529764,1.6633533229267468,0.3419313474725472
2885,-0.12108685102170916,1.7915109911092475,-0.034932438122812305
2886,-0.040271227458018505,1.6355141902825936,-0.21168603680052686
2887,0.531164950153492,5.182180414986239,1.4539165640032945
2888,0.7094187186915724,3.213912980300988,0.9491826640554997
2889,0.1272157852891802,2.862735535513827,1.3729785163422468
2890,0.11640675074202712,2.7124257695689424,1.394351189055286
2891,0.39905868822183804,2.562126651854399,1.3913132527367427
2892,0.43034763340639326,2.1963525646063653,-0.8268520859622266
2893,0.7918337228612929,4.995058240089114,1.8900242488710606
2894,0.8442211664319558,1.7572393740822931,0.5389971583807113
2895,-0.02458510639696769,2.8778887396086645,0.31445855441884624
2896,0.6580590989101377,2.912081618112299,0.8195207739331692
2897,0.9068672710978468,3.209443522730573,0.4987593019779533
2898,0.6904728860529377,3.1846400691780143,0.32624839329848737
2899,0.7643878977640164,4.047581202034025,0.9284234354711877
2900,0.3454693227711908,3.460264524866381,1.1247945341021186
2901,0.8807983428992634,2.428136304918733,0.6731274034301657
2902,0.42452745034124,2.133462362720871,-0.28363933868178465
2903,1.4367190690009342,1.1027653136214381,0.5619011358397832
2904,1.5127467181079786,1.1427799297524754,0.5505771643311628
2905,1.8411998334108117,2.306527331761471,1.7010042455853416
2906,-0.3842068245225522,2.4987347708227072,0.498443187009111
2907,-0.1967318081462828,2.24100726665316,-0.23365128321952822
2908,0.8107413924076254,1.534934560538942,0.4989129217761933
2909,0.3016523506865936,2.153456226731143,0.8707427492552204
2910,0.4357721749459677,1.8682648553329333,-0.09547412110392003
2911,0.039890039425618015,2.217084141104643,-1.1398996024300323
2912,0.08683581581309027,2.0241388342789532,-0.9901473903709622
2913,0.254363304776472,1.8687541133959127,-0.49305202777131896
2914,0.5205841605009071,3.711322165391647,1.7574855319054499
2915,0.4250674000119254,2.716912522315961,-0.3310528893002218
2916,0.2004356231729003,2.7498678605345535,0.4558796504693858
2917,-0.12960116218791395,5.9793347097540686,0.44595569470335894
2918,-0.1481883663934348,2.4284627842806668,-0.28045529940172653
2919,0.6178055159751824,4.304077692179398,1.7746851685919325
2920,1.342842758037427,5.01322091603109,2.5701519757637814
2921,0.898326932880992,2.3233233644417557,1.0711052661823859
2922,-0.23035426337076703,3.5594434682748255,0.025799036741785925
2923,1.253284048066159,4.521038731482403,1.5570199971876704
2924,0.15738379849062825,1.5172804029346145,0.5575449238348408
2925,0.8523858593171877,6.108583473600149,1.0607662656942107
2926,0.0687966559402855,0.8858232723796156,-0.5743615640904167
2927,-0.2076573087183943,1.5862528450927496,0.9697001875163134
2928,-0.09409001161273922,1.6351573730770639,1.0352569623138497
2929,0.6103005243678952,1.680274481037951,0.8098765973504418
2930,0.7429370824232896,1.5923995396524417,1.1114014828026808
2931,0.5971827689481861,1.8932750048688176,0.4892513164709741
2932,0.5746803163716729,1.3060622849110342,0.23864357944464745
2933,1.2978503542010829,1.70467670106398,-0.5011947172949279
2934,0.7976833376419085,1.1985238100404307,-0.3707673775973215
2935,0.8424119459831085,1.3401755766004688,-0.5957755470983683
2936,0.8151630599303825,1.3764622742665078,-0.5328443578629797
2937,0.03358800963918346,5.471271851257672,1.693848499169408
2938,0.7923923780697036,1.8750362957623596,-0.19071075957161407
2939,0.35468059723119766,1.5269287782326113,0.356535142832147
2940,0.35670254455704364,1.52936014559017,0.22586295632188327
2941,-0.24530435712463475,4.6857533355086325,-0.8104707214230267
2942,-0.006331715269679651,2.3040660524791456,-0.3673005684259923
2943,0.2853690592004717,2.5942667683119347,1.721210553969424
2944,-0.38974063624150945,2.020404060080593,0.5672309588522256
2945,0.42900910528380476,2.2990155681893256,0.23871617646531962
2946,0.632063501854814,2.708416038655574,-0.37603850154305596
2947,0.24839498181804587,2.866265673607758,1.6859702203229041
2948,0.8325746622664855,5.250569569054692,2.3744633293325825
2949,0.48064425051422277,2.778743563690889,-0.040189052569270856
2950,-0.02668755294052892,2.662843688224025,0.47439964199414963
2951,0.3031115491004605,3.062002274047006,0.15237687672698513
2952,0.27317530676006785,3.440743786795055,-0.09673434168480861
2953,0.6196612587657295,2.562177425620116,1.7258090472294216
2954,0.42180327214917,6.611549683111535,0.964321467605516
2955,-0.20063001983244996,1.0158033056483349,-0.28298563349978334
2956,0.7639957436179088,1.76123556456488,-0.6284034836552275
2957,-0.09329414621807859,5.467314880539853,1.1442095626971502
2958,0.1533369860153458,4.544205453017224,1.1923198805440494
2959,0.4726394157650265,2.7517058114624913,0.9432407277978861
2960,-0.18820062642165242,3.2732532812568387,0.9014043834118175
2961,0.7237533138549624,3.4100769378118043,0.4504094300005612
2962,0.1222312706867048,2.2729139483468495,0.5309175259263489
2963,0.9176549487394534,3.3955150820069933,0.964104219051059
2964,1.0664905899551682,3.87141881873647,-0.19229671880528032
2965,0.41825708193563055,0.9064635779082147,0.34805372140161567
2966,0.4512283336527524,4.501148060635233,1.48520709766529
2967,-0.15386812847193712,3.6771710565033384,0.8210186133588789
2968,1.030961838963881,2.563708637770522,0.8534888388423804
2969,-0.17926404604102225,4.038472011519217,-0.09381455020257119
2970,0.05850046395425424,5.033517062376496,-0.4616433424113144
2971,0.2620167801728411,1.490913778681302,0.29560922905832016
2972,0.7713015770382277,1.5223102759680016,0.2762470897043304
2973,1.0568206639511684,3.806824096971293,0.6630164314188933
2974,1.1440952073819661,5.098777873115251,0.7532097247451206
2975,-0.09175009494306695,1.639574581959407,1.645085665181188
2976,-0.08757111069325071,1.1831783612794955,-0.5119039513219331
2977,0.28698907890787556,1.3806200009822502,-0.8302130444223156
2978,-0.26615365770285215,3.246529724020233,0.44988071873119917
2979,1.2306837814767069,1.5483865956802345,0.8271373368869552
2980,0.5876200562624867,1.8746460521531452,1.0978478619233634
2981,0.42861482791867167,1.2868518488561551,1.63997084189726
2982,-0.033689372908345123,3.257442292448163,0.8647430430920995
2983,0.9577345585328938,4.525291666870286,0.29545298251796237
2984,1.0192771484845737,6.784132234251293,0.8723989229252014
2985,-0.1563620813555244,0.8776400879522097,0.38767879417682594
2986,-0.3865721179145111,2.7455117451190243,0.294086034188806
2987,0.24888231415870155,2.3298685473355,0.28701579597883614
2988,0.5289087836788988,5.867425268144012,1.792892003357432
2989,0.4388419776402055,1.589433570041454,-0.002710732092377037
2990,0.11769651779088036,3.079822846584524,0.21881765142885715
2991,-0.001734082086966878,1.290980482217481,0.8973678497090832
2992,-0.171933078191154,4.239358248059843,0.6068318730740372
2993,-0.02400941872771289,4.5682951347606835,0.1547633062584135
2994,0.8834654674074075,1.8773203697896226,1.8100761472323368
2995,1.121693281914754,2.4014832623312286,1.4121280940175265
2996,0.9263921461069834,3.148306316367288,1.624476272584188
2997,0.6857078377730687,0.8734283058180756,0.8150974991377533
2998,-0.08589276302721836,3.609918806592625,0.2547594160873145
2999,-0.7061462495032782,1.1393845354976542,0.046561997739120946
3000,0.3723417101201069,4.215064986872363,0.17953358410709389
3001,0.8640628988189556,1.6305164254104578,0.9334599657360504
3002,1.1481640693630588,1.6856318374781478,0.5287868506529441
3003,0.9231977541661709,2.2901927095227235,1.2040846959368927
3004,0.9328736409371495,2.7276594218662678,1.0053310323769886
3005,0.38970829569251975,1.122367398310948,0.13304332235875277
3006,0.4258396026069562,4.889071616018912,0.07160102014665917
3007,0.3842781042125979,4.486771635625836,0.12667991491403433
3008,0.7641448825741946,3.218567663146745,1.799967433844215
3009,0.9151539721676278,2.747509893165491,1.605707181615293
3010,0.39878253132312336,3.4757680082985662,0.19986018186731377
3011,0.34254329543850304,2.264835041351649,0.9795176567114561
3012,0.4810831159281904,3.9936157010286544,0.34226539138383955
3013,0.5409053504810084,1.554686651268264,0.629861286439209
3014,1.3343985617652647,1.6253671087618484,0.3489089820482249
3015,0.4260397064855257,2.3127578894366323,1.6260064385795638
3016,1.0130331103798313,2.258979814925523,0.010381039469186152
3017,0.6966027820552818,0.7266573391936018,-0.6792396405303511
3018,0.6833823758775155,1.231792770515289,-0.5196211746271963
3019,0.49765838581324084,6.025776379639148,1.7018814031963085
3020,0.6169431841067409,2.0568065695866737,0.5188483073487232
3021,0.7895971600458305,2.621622469188812,0.606234509530065
3022,-0.8973752388576226,1.5411374644161049,-0.34346022638974016
3023,0.5778801688181023,0.8401393219505756,1.0672956912999645
3024,0.9514791084773996,1.3220855905776212,-0.6620555278921358
3025,0.48878392185648645,2.7605795439163283,0.581721360557096
3026,1.1237754971041014,3.390880304338197,1.2859841995976813
3027,0.8501867742226505,6.0163842964454135,1.292334649673644
3028,-0.420387476910192,5.7175535124810555,0.9991400096299683
3029,-0.34383479655482063,4.804446422604619,0.3980994411524401
3030,1.2243500092144188,2.691604492958545,1.8004429221384675
3031,1.1617828187177253,2.743334981813459,-1.5437607071285084
3032,-0.25845056239390884,1.315614024608772,0.8406641197137942
3033,0.4934742903354914,2.2016176851056866,0.9394635736069352
3034,0.937337222153582,5.213534723846742,1.3118913765341118
3035,0.07396549215964549,3.3248298663851346,0.9770016389175632
3036,0.5339692679342926,1.153006338449274,0.03697502785524775
3037,1.4048732050499748,4.044735758723507,0.6863103018878398
3038,0.9475900596861284,2.9057928253107774,0.5305255914449927
3039,0.2043892816811664,3.432096048507276,0.5687382305992859
3040,0.41279713165432297,3.081348697685468,0.5186601816919671
3041,0.5259907407640764,5.680705915694413,1.1388119108446932
3042,0.23459664036878328,3.329048259221429,0.6935188936724079
3043,0.6702480626553581,1.1669992341043736,-0.2709224422983142
3044,0.5257398874006359,1.892858043175843,-0.010750915728955994
3045,0.414492626526063,1.8567263413539508,-0.2796408691422156
3046,0.6939001150537137,2.594472304095162,0.09613645670316008
3047,0.450010849911119,3.8663775753942144,0.9437770794299513
3048,1.227604362452087,6.70798546884015,1.0863382985336765
3049,1.0642533927854478,4.453378769153554,0.8484863219382448
3050,0.431479684339573,0.4749764901260817,0.7431709056402099
3051,0.026712704766160517,4.681867146931562,0.29884659423188126
3052,0.7673355766998807,2.8046686894339365,0.7813606992077698
3053,0.39144485289266145,3.0542162661124057,0.8718659030226298
3054,0.7135157963135155,2.5304244539414107,0.8750166167793815
3055,0.5760491736463935,3.910076271094576,0.1332332349021119
3056,-0.17346310906138193,1.1597289484667432,0.5067620090883943
3057,-0.039589543224209336,1.5835069734862557,-0.007975781382308087
3058,0.38931853647733083,2.0277979595951203,0.1376867650354273
3059,0.6933600439978783,2.9407769656669074,2.112542512850707
3060,0.43781877264979197,4.236572467454539,-0.32016666964571733
3061,1.188256258397914,2.315614165010174,1.5128302159188691
3062,0.749878585706875,2.816863241944854,0.648340614667859
3063,0.1662170127984393,3.1049657792317524,-0.06936507614131984
3064,0.26719159767712874,2.3546598531775844,0.8817803802986438
3065,0.8327957405235908,2.3002432198962537,-0.2864144373426598
3066,0.10691847011892194,4.167009382651526,1.6117138027907452
3067,0.18630340161492112,4.083457835918258,1.4391324710096949
3068,0.6259277156482854,4.122172894343341,1.0641478754250255
3069,0.46751278241444116,3.0447162817497184,0.6619355633272599
3070,0.3227181068078905,3.126711577135548,1.525830555996722
3071,0.6745259200226429,1.7785561178852172,0.6696527755986579
3072,0.11791773392116225,1.018933081105422,0.3143510864605362
3073,0.7486040263508503,4.6665949445745145,0.35253394431261614
3074,0.7051264576812731,4.1964434545306775,0.46082733419644173
3075,0.6106698310793836,2.6200696378263815,1.2087905630829783
3076,0.4887813220327835,1.932867515494292,1.608256552410422
3077,0.4810923227919029,1.9420519509599152,1.3173527092972426
3078,0.5098835990819872,1.1043806082307444,1.1862368656964717
3079,0.31575662512971153,5.244331603300984,0.33229728322932595
3080,0.8673342327628693,1.048562676954862,-0.21910237648621925
3081,0.23002095302287365,1.2624911715245037,0.9942853040692219
3082,0.29792461127577285,1.1370160344755376,0.7121133560980055
3083,-0.15270688072827054,1.0355460860257575,0.56400044073137
3084,1.0849527369267624,7.070575864310583,0.5923223419953234
3085,1.16217265602697,7.3240551826713105,0.5915813926435217
3086,0.11324477911513132,0.6017871133706797,0.6524786345677742
3087,-0.5346366130403981,0.7959440837444933,-0.06052681086924346
3088,0.09431729616233872,2.3909163297025646,-0.05269918148626135
3089,0.6727277496550617,2.08991697460962,0.3846693643714032
3090,0.7773912425604422,1.7766405340115077,-0.05518183489035619
3091,-0.1181054996496208,2.717669967238191,0.5221261654674854
3092,0.1842291216442234,2.7022664789011417,0.12129922030222703
3093,1.0748615138098547,3.590287331841631,0.7863382637019546
3094,-0.43861458960246713,1.3051435920952446,0.18049730290079652
3095,-0.3279784436568031,2.05262617915749,0.4594497003805979
3096,1.0056067020976283,2.7494522781666917,0.6486192573788786
3097,0.0354981549326384,2.477998065743793,0.8665922401362687
3098,-0.22859800162951938,3.573998862291731,2.4542136613248333
3099,0.221929429442783,3.5348012736229872,1.9507223458109388
3100,0.3471322643094709,3.443394196110023,0.03442225358609915
3101,0.7625078996776012,3.64207001954968,0.2358006959407682
3102,0.6741551408900823,1.2129438091007427,0.4521179226040953
3103,0.33742595297229344,2.355250308162364,0.9622072654142304
3104,0.6086862613163909,4.742542945909901,0.5681846154139634
3105,0.5029303054699055,0.9314824582334175,0.41784980848137054
3106,0.4715195394619105,4.947093326348366,1.698729132363178
3107,0.4873187886690318,4.408112986327946,1.0936008746437091
3108,0.3502677480701649,1.424578075156064,-0.04299089711875931
3109,0.04843714315689161,1.0490277101685124,0.3262809295218123
3110,0.24398746556431897,3.1171236930374833,0.36863917093378773
3111,0.46417789847384316,2.847201167086591,0.6634471353208462
3112,0.5049396894099828,3.204459321059446,0.4949845811971578
3113,0.30308597298361695,2.887076207381949,0.9570359104680644
3114,0.7531701493298052,3.800071082656145,0.8736673015014423
3115,0.6068251748331337,2.3378380255825393,0.94130756222489
3116,0.5232448444282454,2.7143264879258315,0.23713630422530624
3117,1.3617417131298375,3.5435880372959403,0.5812509659644791
3118,1.0409819050281073,3.353747365326591,0.9153482009603704
3119,0.4048254212675412,2.823875684387313,0.9929621205925028
3120,-0.17308915788447152,1.058853594098538,-0.7445198856753804
3121,0.4881469854866679,4.000417497940531,1.197018572988032
3122,0.9295558465564983,6.044376165317649,1.3934998094994746
3123,0.28401406726105494,4.173812497282568,0.8522841543023851
3124,0.41540543483367937,2.6494794852075496,0.48397251068859354
3125,0.43474460351869504,3.193409972654672,1.724313060736449
3126,1.038245399108842,3.4502468040300163,0.8031352777339015
3127,-0.327489369529216,1.4449914930464425,0.1923404687282307
3128,-0.38256233698181646,1.5925280859099038,1.0521094985248265
3129,0.6390151336358899,3.243181207703105,1.6371944447265878
3130,0.7818398450510436,3.216379579170221,1.6768378817922276
3131,0.7910218947231729,2.499161838830186,1.3258925833775375
3132,-0.025567164651130188,2.939536080421117,0.8867434084630508
3133,0.8039056511868797,3.2396611704147817,1.740768094689277
3134,0.3471988147953626,2.6637234705612975,-0.48201528832633783
3135,0.05732003045516336,1.3276119203951986,0.2304900341813521
3136,0.3650360776539352,1.0915606599936039,0.9443569788454534
3137,0.8307503847647549,6.0082436044154015,1.0488335696914808
3138,0.4557391969385189,2.0226764265972603,0.48993007312612646
3139,0.32764932578995826,1.635834664430336,-0.5023704767767512
3140,0.6191148039866097,1.3770548018813704,1.4443901830421084
3141,0.26696579429418194,2.526703603122418,0.0803898554675099
3142,-0.12318742467435828,2.0827883038233934,0.47337727398306
3143,0.03764038937380748,2.7279614805667087,0.600421752291092
3144,0.3438778923526088,3.463454803232802,1.1808491442613465
3145,0.4018335631220485,1.6500175880164725,-0.1973688785885929
3146,0.973414914792211,5.279892875201262,0.3807399979114222
3147,0.6187618525781106,1.3171259709566128,0.37988150916964086
3148,0.2017881921603237,3.259643346657409,0.6562276721088313
3149,0.10706968072525817,1.90744238336825,0.08815493168227792
3150,0.17720565792731463,3.338495741581294,0.8257876920805283
3151,0.8390915911399524,2.7691869238741837,1.2378655953395423
3152,0.8120402100301808,2.5138360262899275,0.7467394924277392
3153,-0.07761425384268557,2.332089085296558,0.11172017205306074
3154,0.3866817793382402,2.60941233817274,0.9411272518840865
3155,0.7606669430190308,3.549055970709193,1.233242509814366
3156,0.8360834135145987,4.175239070010495,1.4129857787138038
3157,1.178235838322752,3.0921210861115367,2.0234789382846583
3158,0.28480908454414144,1.832899666579375,-0.26298246480410553
3159,0.45009171155669536,1.9914023716346734,0.6810813215996646
3160,0.7140743679907706,4.59664376016491,0.9480167189108603
3161,-0.309342566181819,1.4204229071175456,1.0149174827797938
3162,-0.3215577843107704,1.758346549313656,0.9288519830027673
3163,-0.1456790935653618,1.0377566187133942,1.5867168714403554
3164,0.6523673503524458,4.6487578070910995,1.0547596233816157
3165,0.28130561791372377,3.1350051820284026,0.7934991439883095
3166,0.6337464761167045,2.783676992994803,0.36706265987133324
3167,1.169590216543494,2.7195075954083094,0.17480298993585883
3168,1.0484817311036798,2.832759133752307,0.20219482228478228
3169,0.2991243575119835,1.6324232917374593,0.1477676504681134
3170,0.6257068448596596,4.328956183787392,0.8388582544843408
3171,0.5344552854834222,3.5001551443750536,1.1069345484468678
3172,0.42062235628167005,4.390620212561401,1.4941620542908722
3173,0.45391103023136936,2.273712876114836,0.25318813226711245
3174,0.7439059963211538,6.609257351804709,1.5577068005568397
3175,0.5657929499687525,6.030880814071644,1.22844892861995
3176,0.5810576386574812,2.449563328525532,0.9962375491579273
3177,0.5593161135649414,1.2970588054637087,1.3730243080436573
3178,1.5969192675384953,2.1496389004713183,2.092791937477226
3179,-0.6766487198915927,1.570443055639442,-0.34332547801100655
3180,-0.6714550811247025,1.480656262362513,0.33339227948929
3181,-0.15391692690145697,1.1571027239459915,0.4805962630477712
3182,0.9402545675777695,1.8737812179127689,-0.09894854660765275
3183,1.2788524246283637,3.188873567574541,0.4217610897411795
3184,1.2015295072296597,2.6283722347552283,0.7265933207898077
3185,0.2592675823656915,2.530026522455302,1.1399443542700092
3186,-0.5298650855105375,1.9832739168685563,-0.4285558793652393
3187,1.0814099536137547,2.284256312996549,1.2409207960029325
3188,-0.21312086397628235,1.3653353149881318,-0.3032057590358405
3189,1.417348580601785,4.500421840011608,1.0717331455489936
3190,-0.7216784270142487,2.038700521509028,0.9045515373348011
3191,1.6043709882999273,3.1102844427260767,-0.6776836181131262
3192,1.7355679816798677,2.8327211571235016,-0.3879413481500528
3193,0.9817528444529338,3.1183026856019724,0.05129775155795325
3194,0.6539176005862631,2.193394660826871,0.44833505097787996
3195,0.42677629547328483,2.020471265550138,1.3352800305410615
3196,0.25683016357165894,5.664482107836496,0.6613875923155478
3197,0.25683016357165894,5.664482107836496,0.6613875923155478
3198,0.6582481465094094,0.6395852957590766,0.9825708087505542
3199,1.5419548177385807,0.6505949390462523,0.12081781058797032
3200,1.0162788100703641,0.699975477239261,1.4306243814438457
3201,1.3337473072508197,0.7906538218498004,0.0918065603581913
3202,1.6862824217497068,0.9100898726697999,0.6125108023222692
3203,1.3907681555763531,1.2081811697580667,-0.180027080703319
3204,0.033635417305669636,1.4114299228816403,1.7006461125269858
3205,0.5635776096699073,3.028289871190726,0.4091637490505255
3206,-0.015356302371195533,3.5766717234180856,0.8946129055831613
3207,0.7805282296763588,2.9589034837485055,0.28091594665538416
3208,0.39540478946247565,2.580492053631138,1.7968961222367839
3209,0.9125476922275736,4.443951817821812,-0.07076861200185564
3210,0.8487153836815962,4.12698819111381,0.02849729526902962
3211,-0.14935139320514257,0.7824884945858508,-0.22384399503846272
3212,-0.35340340327469605,1.0524924390700618,-0.05252467954921921
3213,1.1593653660383931,5.674723338884398,1.2128695890070598
3214,0.6220562924202152,4.038952783607469,1.6942181510131589
3215,-0.2857412109551067,4.991037661037329,1.4638541303855523
3216,1.0538907145311578,0.8375680895494704,-0.5506316237528315
3217,1.53757957489031,1.4839938855498218,0.7648817914304997
3218,-0.08296917880972553,2.1928617029692865,-0.17886685865152221
3219,0.9030362952723776,3.6078030575473807,1.3659015913754968
3220,1.0272610481672488,3.9631860034948687,1.6177908025727874
3221,0.817278236711729,3.889199851824543,1.418750869585167
3222,1.3139187217753596,7.196114074293259,1.4562315766159488
3223,0.4617656558838491,4.830316562164549,1.7489194815183617
3224,-0.45132942584594826,1.0830228989274373,0.03420584630881278
3225,-0.3410844607061205,0.5930884323952814,-0.4333643693630652
3226,0.11744495549183151,0.6358841998055665,-0.12808195022886407
3227,1.1062090362689354,7.468807980729608,1.4005152049501342
3228,1.1062090362689354,7.468807980729608,1.4005152049501342
3229,0.8219795997978795,7.52994207711065,2.114451219640166
3230,1.523810813617166,2.873567829746239,1.2093736527960475
3231,0.5768111006930354,2.1876587804372036,0.8307594820972629
3232,0.2221798707649245,3.4312156735597363,0.6092911360717177
3233,-0.12853734930397967,3.443282882360283,1.1422918664700075
3234,0.3733337214814316,2.004608481127834,0.02579566888362028
3235,0.5421855723979078,1.772629231620006,-0.6304168868763858
3236,-0.7883515178747968,3.601281164110585,2.7606487767777796
3237,0.15559272976334437,3.8384120479624526,2.203952621023433
3238,0.7626584831610024,1.172588310669144,0.5744947869065195
3239,0.21064957267797604,3.3691305906854745,0.13044816197398312
3240,0.7937183129988955,3.662129589386979,1.6213115163329985
3241,0.37063287143673845,2.310370824864432,-0.05409097597381634
3242,0.5957859788999424,1.4000612342346208,0.35780102049207424
3243,0.025857142963284244,1.25208721924708,2.162313920066215
3244,0.23657181100127156,1.122238909187221,2.0434980383711463
3245,0.996044960515036,4.184286630890582,-0.9073851958177108
3246,-0.07839769562677794,2.0178837970137895,1.383252833580398
3247,0.3378407776354223,2.0623085278439692,1.2761152086272185
3248,0.10290856768714154,2.236577017759783,0.7412844208159416
3249,0.5103248637690072,2.263057324741125,0.18593222779210894
3250,0.21078179575487718,6.569914167633671,1.418653716561867
3251,0.23847291634769344,5.762841561615451,1.2301340763760495
3252,0.8172322770194153,2.6077694916626197,-0.016693132335450514
3253,0.44970376904818776,2.3124639826075444,0.5470161724894608
3254,0.7018976455329001,2.3456883646253694,1.4752422414061492
3255,0.7391372114738266,4.8065781018209,1.6799579283481543
3256,0.5434699068039317,2.0364062097257793,-0.04414841888311856
3257,1.3616975209836166,1.921600322297861,-0.765744601381716
3258,1.387428885884722,2.0311078596278347,-1.0128810396760026
3259,1.178603356320772,1.1306959239253243,0.9127098861358784
3260,0.28087550150317847,5.910656176605406,0.45335321626616165
3261,0.21709016066229675,5.589277902563586,0.956474484307617
3262,0.10777975775945493,2.5842118718041096,0.91286623316258
3263,0.987919280604537,4.8426901498498935,0.8992379648672303
3264,1.4041466424359803,4.317222830748476,0.9782381292495081
3265,-0.9107029796024079,1.0576860571866442,0.27407328032027256
3266,0.2689592745099055,1.4011356502978576,2.188264098048565
3267,0.1773250796572819,2.380623303085934,1.253565916410393
3268,0.6582942720673423,3.7024166150749798,1.39454738892968
3269,0.43124347370317556,2.3120718087882617,0.3695584840423448
3270,0.98101507203546,1.8285601199738974,0.6489368248146953
3271,1.4444463323426762,1.2278990223459718,-0.5684150659843367
3272,-0.0012316272572123602,0.9471146711028423,-0.33955188358903443
3273,0.04268271697612649,1.3373768145893559,0.3794161582976293
3274,-0.4417860122017892,1.3361181051022528,-0.2816921380956906
3275,0.40202743936818014,3.229260714126746,1.7404351327380863
3276,0.11162959420011538,3.7142470842561846,1.7150817295560095
3277,0.4318586609980046,1.98393874209241,-0.10254088462190414
3278,0.051089066725493876,1.209852998441541,0.32326890675786163
3279,0.5592597290869418,2.048427910452845,0.48452662586460293
3280,0.5301663853729697,1.7270103880469936,-0.10495671931096515
3281,0.488307651884245,0.9059920201419481,0.11177534622328845
3282,0.41417204974679256,1.2273205590931038,-0.64971882129621
3283,-0.11836749779454966,2.4349146214001816,2.085358418660759
3284,0.22301313722564095,2.240564747518087,0.5076646227536262
3285,0.5736701331032789,4.086102955347285,0.8370683053521804
3286,0.7949679719749029,4.9905924353985105,1.3925730079490228
3287,0.3790366185299849,1.1298926692151043,0.400132632104717
3288,-1.029229256896576,2.8222009667789894,0.18265423442487047
3289,-0.24650447441790183,1.1158352901772532,1.589202881636054
3290,-0.12353878208600949,2.003697283773532,0.5442308421460594
3291,0.9701889639972674,4.064878662704473,0.6474326415175765
3292,-0.3512472559232497,2.094373900277815,0.4718842060006516
3293,0.2139715845635652,2.688489838188055,0.13658519558080154
3294,0.8533757741256786,4.1124582185500556,1.5414325138125766
3295,0.47986079258914505,1.4989166027302727,-0.0940300257096637
3296,-0.031965078617017875,2.608293608732504,-0.12469752321193515
3297,1.1351970002103877,4.037431049157936,1.3647295384386577
3298,0.3972078868021754,2.46812101374929,0.7352192070060354
3299,0.3670378408450409,1.3721144338867308,-0.37093222956132826
3300,0.7069464905395687,5.760764535411581,1.2287901512298014
3301,0.5648772826384447,4.388763461464205,0.9821822404743858
3302,0.4322138890222781,9.259470473002413,1.5406560720287361
3303,0.917028066601235,2.541786284922109,0.6987865850331934
3304,0.7936485847289126,1.962221027245856,1.0582371984203025
3305,1.1044436313883026,2.149019407891674,-0.0421503304832055
3306,0.9750936473509736,2.8870564652567756,0.4447301592589587
3307,0.30866306568722857,6.40457247121178,1.769443175487618
3308,0.9467395598152982,6.610412983535466,1.5726173063719373
3309,0.7887060426719151,3.2946385526663753,1.5752074296612315
3310,0.4281306229374731,5.328160428933546,0.4529208932322227
3311,0.4145397319203673,2.659425052112568,0.5699004603997713
3312,-0.38458435993279066,2.950087638410428,0.694631187632262
3313,1.3953661740847934,5.991402432225055,0.8335734870313185
3314,0.4589807815146971,0.7922323688861846,-1.4229216179046413
3315,1.0942748288011426,3.166939824691736,1.3830915500939238
3316,-0.14581917484682794,2.4554554624163414,0.0475855718396824
3317,0.43020949213836646,1.8402156674314702,0.7159560014885957
3318,0.5049191109666432,3.3304237471692137,0.6281458113552728
3319,0.45361641116657636,1.6605858714949935,0.4769247692004243
3320,0.6630947154012734,5.28589567802643,0.8308976474278229
3321,0.5146796545141094,5.8668269056371285,0.8935652359186317
3322,0.7209724047056968,4.701756458083313,0.7864369442030243
3323,0.013395599499453232,1.6120620097384442,0.9135715436553432
3324,0.8010104804835149,1.5211144014703395,1.41901571441123
3325,1.1993487974608128,1.464793172809576,0.007201460438971469
3326,-0.06382227294617127,5.960267438337813,1.4127807883629828
3327,0.8609367959476679,4.582722453389114,1.1142247504574994
3328,0.5576660023005569,3.5131748682904878,1.1754919200070026
3329,0.6024078639437208,3.4977827369697874,0.7821748432861989
3330,-0.23241117443146475,2.8976941927363002,0.9320360524967262
3331,0.7298227763431437,3.606791760956292,0.6050903024172127
3332,1.2428212087836659,2.6934253739404213,0.08493812492742725
3333,-0.031543699629624125,2.492739537445466,0.8574847182276456
3334,0.28892961078057694,3.2074318145586744,0.9970213253301821
3335,0.456387879226257,4.837103891254369,0.5028018607162673
3336,-0.3958861187136573,1.937345837096922,0.8678700711659435
3337,-0.2735169175391263,2.6517841303080107,0.6940092152106342
3338,0.014568965703564429,2.616578735429397,1.0084844839568359
3339,0.7463675763839022,3.9476571839960806,1.6882264463640952
3340,0.1567199639645964,1.9030527981806458,-0.6379118789113628
3341,0.6366147100418215,3.2432121574381316,1.1091268449837626
3342,0.5798332761229553,4.542079602203501,-0.033199393405859666
3343,0.17120836644892215,3.344069614949004,-0.3098541488153184
3344,0.9085038778825741,2.7795345622811998,1.5672396859883255
3345,0.1258010267770809,4.204420437453496,0.08003968411002399
3346,0.8230755705988329,3.7638910602255753,1.114340180602019
3347,0.08140503082351772,1.1986538004163791,0.359037086876404
3348,-0.22204402421794622,1.2471197972600023,0.9051961456479439
3349,0.7162278587771819,3.3649984331319485,0.20691578732366617
3350,0.17219106315534363,2.322803566077492,0.8946823838081035
3351,0.8561615788609227,3.451434927576543,0.8727889955453024
3352,0.9819687451974122,3.916672144110021,1.387376777609295
3353,-0.06903618754225714,2.0930963089641637,-0.6544884982605886
3354,1.1342860851890946,1.4505467119848403,0.9791242134846883
3355,0.16650579142187816,3.151105509522843,0.506141097318983
3356,-0.13605600068796447,3.182427600735545,0.526582069822587
3357,0.754330019888244,1.0954644349374008,-0.33507660120079663
3358,1.6865835354635803,3.156806021867448,0.668820580125159
3359,-0.18145223012451966,4.86715450520827,1.3074418257797291
3360,-0.18145223012451966,4.86715450520827,1.3074418257797291
3361,-0.03283714973759165,3.981951898770792,0.8957776846400969
3362,0.29035600083821217,2.7198570223042027,0.2329122040676413
3363,-0.17140725574527402,3.3723856315673357,1.1218362292974118
3364,-0.22721966109041927,3.5363407722538924,1.171889546872552
3365,-0.11218615800752567,3.080594556155865,1.316018490857281
3366,0.8752963533509497,2.3411912855881374,0.31043061150235207
3367,1.025516265215124,3.461519748990599,-0.37597451856204617
3368,0.6077779358917443,2.028323149355884,0.6197786449085549
3369,0.1901098631275491,3.831192449417576,0.07088988405018404
3370,0.1808387030845569,2.917303290743734,0.11810209881581847
3371,-0.5601943954736103,2.4676088359084494,0.15166794132373282
3372,0.5735264759504101,2.844182794043653,0.9230636857511558
3373,0.38655500151805994,1.524581096400996,0.32436749785565155
3374,0.2642856101107121,4.115804266558783,0.926626403509731
3375,0.848241702481092,4.4870138164884805,1.450968702232801
3376,0.6256524347052707,6.639787272035996,1.407047633870724
3377,0.6582825336887925,3.994552810861926,0.04611863958156917
3378,0.29513193042407576,6.7160561014964735,1.1260390908170086
3379,1.0546535492509603,2.031434735380612,1.1859361108231006
3380,0.8185760262050545,2.7577364654983816,1.3361059676757148
3381,0.5754042128709459,1.097389098480611,2.2343512246286807
3382,-0.08888332126624185,1.7893123439730751,0.5257620276349199
3383,0.9340757640486881,1.4825922014926096,0.4630109524478641
3384,0.366939635949028,4.680509815751703,0.6982103896199651
3385,1.5962285176333928,1.7011917760162436,0.608857388714245
3386,1.490643986783234,0.8510397533691133,0.5888399498222358
3387,-0.10526697497829311,1.729037699502216,-0.6221403954118324
3388,0.689372934020775,1.0111685123119745,-0.4541486979369099
3389,0.733860341507264,0.9769606390470631,-0.34848329839594006
3390,0.5079517590672447,1.2511890643108892,0.8359952714745085
3391,0.7572596571216322,1.4863484065323518,0.8680207385547445
3392,0.3504969228220764,1.3480352151946222,-0.7742267167060461
3393,0.7017901410841535,3.0162991284938347,2.1213495527826933
3394,0.9156837489174823,1.7385105129439424,0.7753553318972087
3395,0.0955550583680844,3.797074254858482,1.1466351032715032
3396,0.7481871883151185,2.934354011424263,1.2233463724723042
3397,0.5566983348196491,2.4683873777613394,1.6113404596103877
3398,0.20020907872626864,2.0043024655671164,0.6651422689059124
3399,0.19582187169240353,3.4705797241333984,1.4588643820433074
3400,-0.14559077192892197,2.718659676543932,0.41497927131525186
3401,0.6566493723530065,1.5045602841545216,0.4490197817647468
3402,0.7118545425764087,1.4870465892889717,0.4082564057536825
3403,1.082061937848219,2.6124059893100275,0.19907380582165196
3404,0.528059226733991,3.4071157066491677,1.7647495052678155
3405,0.44811987413462046,2.9763009790008366,0.926011660281607
3406,0.841492527710498,2.491945085401902,0.8209894550618249
3407,0.17568616737844306,3.2167525594459856,0.7979628685842906
3408,0.6317737991822532,4.417639299033891,1.245240425210867
3409,-0.07431740310171711,2.2268611457506875,0.32792757589625793
3410,0.29747541198618827,2.046152556061304,0.4754408797426061
3411,1.0999453276180677,2.99246579992422,0.5510782864445566
3412,0.48711920419383287,1.8877311654537525,1.6512822438065957
3413,0.8820106745296475,2.1382321408047265,1.6396391667774668
3414,-0.07330962650190033,2.8866074550837775,-0.487952802433189
3415,0.8173857858611981,3.3001008079354657,0.8758126652848387
3416,-0.17853020392587915,4.572104228857331,1.1832452288377857
3417,0.772710270534299,4.504857522626811,0.5338231433493287
3418,0.14203364281895492,1.9460061964573188,1.4794571341094374
3419,0.1182576211166773,1.9157543916253998,1.3593629976934734
3420,0.546169664632395,2.7470634829207876,-0.29671011591428725
3421,0.3499426617286335,3.1804721611298072,1.475869877994383
3422,0.5215022164232287,2.366182289002883,0.7190191959539024
3423,0.4394140524074118,1.9810262384597908,0.3075148019056179
3424,0.029666587593818218,2.1689802425616294,0.4836770115244928
3425,0.471295034531264,5.257057101762621,1.1951517960794467
3426,0.648246850801441,2.7775614935621964,0.5662802385514004
3427,0.6205069974126908,2.7383258197432165,0.5765299535224464
3428,1.2821545237561134,3.1542451713300856,1.0027143774946403
3429,0.48958180104240634,4.4630161109697015,1.369329538676924
3430,0.2043917362138055,4.020337994872364,1.7651171661825926
3431,0.23576153757180351,3.9813996614518192,1.6037852910620956
3432,0.22600200193598244,1.379740804902482,1.0968355124107525
3433,0.341390548541925,1.553129693399283,0.9604682098950948
3434,-0.7631961292665616,2.2210044529800204,0.09943547071654359
3435,1.0895952548136287,1.0565855679842238,1.354237678184469
3436,-0.420628591594747,3.92127791403143,0.10725818112537631
3437,1.2606919276294373,0.9260539373362355,0.27894774946249723
3438,0.8292481073924408,1.0629014321114807,0.3779367443451582
3439,0.4345786713212299,4.720282904967287,1.087544935963731
3440,0.1505831683357231,1.921211602097483,0.301824560495903
3441,0.3717444332152594,4.886897167487402,1.2694852362886417
3442,0.6836305790272434,1.3913452244831133,1.0632423045816008
3443,-0.25387845268287007,1.4784797352074652,0.4139232406116614
3444,-0.8604746537414494,2.2783698771746055,0.09717582731969063
3445,0.31378368013236985,1.5207128067020699,-1.6133253393664049
3446,1.4104649335092039,1.8031026904920817,1.1669458469971397
3447,-0.19248995531724858,2.387331624406694,-0.4898700923146518
3448,0.0027885021477829924,2.7849149262787765,-0.1574636949382096
3449,0.38112094033015465,2.1866057465071913,0.49525301965126484
3450,0.6197949946104685,3.5036354913265697,0.6161460716991439
3451,0.4429974750592893,2.558090468810966,0.7529622767112953
3452,0.14470366968868498,2.7495374460474693,1.4969186812604964
3453,0.4180558869376449,2.283396193917027,1.2587444973302266
3454,0.7589111142256225,4.319689570258411,0.48136325717147477
3455,0.037775954446386276,1.310672066117287,0.4601028274869377
3456,0.7831014029229776,1.9813259291581642,1.0383424897769051
3457,-0.6703477948067584,2.451484409494054,1.2561177393580756
3458,1.3471647453117166,2.21791544372793,-0.5706455985983422
3459,0.36978864283900925,2.0407281557058488,0.7066268973377892
3460,0.7770614056491514,4.375209665032908,1.3057290097422625
3461,0.5002047130763884,3.2512979307697556,0.6885291403211873
3462,0.9840795422769134,2.2032128138405693,0.48736412483738406
3463,-0.305526795735034,5.786691623131984,0.3426219905275635
3464,0.630563252775313,3.609407284886321,0.8658641639050265
3465,0.6088570512309076,2.0840033640330025,0.8027344861911041
3466,1.1107654755303242,2.077192442885604,0.914283523204371
3467,0.17884723929700186,4.637419148617636,0.3264297401411525
3468,0.09252717995106746,4.216252870463093,0.6908954051623097
3469,0.7152736292167975,2.0066064943260553,1.2220015639235577
3470,0.2724640373753759,2.2791992974736086,0.8485915056720469
3471,-0.09766964606304956,1.433113269897148,-0.05841529912633386
3472,0.5866547611095376,2.439835327030049,1.0863124682630738
3473,0.4559792259343185,3.1930576515651414,1.2146178039877589
3474,0.9231129847940889,3.9083910973817506,0.8443143370249833
3475,0.3807798269399235,4.384359559525257,1.8129524369010241
3476,0.7153463241852605,3.280718177822053,1.2355284769452075
3477,1.6074787993600377,5.4319747080950895,2.046337651855409
3478,0.9165493384736165,2.9442979548827206,0.8199494454783406
3479,0.16134069576595805,1.3136248176293477,1.0419108488243476
3480,0.2995816917447068,1.4552420254197016,1.8188210316529867
3481,0.6531329307890039,1.0070501142993278,1.0686375457407558
3482,-0.6219396824962125,0.7653644791083585,-0.3055160555329957
3483,0.43899384656474505,2.80263637176981,-0.4863753163973737
3484,-0.1225245896525099,1.201096980709644,1.1712120704407025
3485,0.03212410476840442,2.0640471938900338,1.4855168513287573
3486,0.055990686150305974,1.9128320029987564,1.5385518226253903
3487,-0.12985706091549434,2.9249807250035817,1.1297924946403015
3488,0.5718688550120452,1.9306386026075777,0.9717466607176372
3489,0.3951993065207954,1.5119722277214158,0.968501090020491
3490,0.1215253810120478,1.4972331059503088,0.7970226801488925
3491,0.6129777574732581,3.866702082742386,0.018226939593413993
3492,0.6032546893077175,1.343372986757853,1.355558312253011
3493,0.30390398942772007,3.7845714347215043,1.014476189372037
3494,0.5404385105249171,4.179033501663901,0.42083859162738363
3495,0.08780594435895177,2.8075784366086607,0.38566725329877233
3496,0.7124460397751161,1.9779538505690093,0.4321465690834762
3497,0.036314453338250986,4.895750216011387,1.2694736397579667
3498,0.533693914173936,1.8166624793347852,1.4019575279092418
3499,0.6480175363736361,2.296441312916697,1.4444892216327416
3500,0.19093096129768627,2.7980710900193237,-0.45773422935682134
3501,-0.033886125721128896,3.604936192239927,-0.6065654365359001
3502,1.2341499097016906,2.084417681085906,1.2524750317624278
3503,0.23306859076934108,4.329023542456491,0.9118602367439724
3504,0.5541284727762603,4.7455538017088,0.14467087330396514
3505,0.17503135351531518,1.5909810524172248,1.1187427476462197
3506,0.13459629707365822,2.9635473266713066,1.144341528197931
3507,-0.5365956275358706,0.8882960551901481,-0.26924797169595616
3508,-0.5451634469863283,0.8244146039488798,-0.17591998320822916
3509,-0.050336960265829504,1.3275369419143488,-0.775232262708608
3510,0.18636251605425347,3.1019541282244467,-0.039563167604064656
3511,0.41841961687825274,1.219042560833842,0.16201449809907575
3512,-0.02800138757046258,4.040958198225384,1.0462217458320437
3513,0.9283406716200857,1.7408774601862416,-0.03247256169438683
3514,0.018212392828958396,4.302929642749903,1.3012056592475119
3515,0.7647701097888521,3.773603109119366,0.33109632448012877
3516,0.8431615299742732,2.7596778651358114,-0.005648607660973627
3517,0.39556566650389424,3.6629248509797296,1.7835616108307384
3518,0.05559899471272348,1.3460633710215828,-0.5521389689954128
3519,0.5325362863273417,4.728708804816847,1.671408847276733
3520,0.919202614267276,4.656451498624921,0.8824872817869922
3521,0.9101550780063571,2.6774892201136877,-0.7743699658413352
3522,-0.24523970205740359,1.8700228603264912,1.0955719782778215
3523,-0.3766711402402071,1.3504114757272498,0.41465900217307505
3524,0.8257167320571407,1.1420621788493701,-0.2735895938270529
3525,0.11060687881383527,5.485544709483499,1.8008143855670085
3526,0.28236534342119024,5.2823721358189655,1.160853496797285
3527,0.6726509327445235,3.739555825002186,0.5361190256189663
3528,0.10272326251167024,3.0860566612100993,-0.269018133511647
3529,1.4438064379527327,2.141225742605843,0.03527739133669422
3530,1.5272092084729745,2.2536844501418516,-0.28960630298058465
3531,0.47766452077573923,2.43638587907687,0.40576496270705104
3532,0.06271727769605463,3.5736598923676945,1.80141772158143
3533,0.3300035131077259,2.4359008552873656,2.2270032552474563
3534,0.44756503469450415,1.547637431347195,0.5011170305321967
3535,0.3148545717814626,4.8280108120848375,0.90539180734423
3536,0.603476243359907,3.834444201272252,-0.009344474039726033
3537,0.5880236239129902,2.377869244696085,0.5024586919947849
3538,0.8165537698866386,2.4544784750041146,-0.3005297502313748
3539,0.20856497634576535,3.739461367098704,0.4430472936835731
3540,-0.08439379615732358,4.159181670280787,0.41411055676137154
3541,1.0034458140609988,1.8872068668430477,1.2987711378298017
3542,0.4762013490194793,1.4955068089029955,1.4210857095605476
3543,0.511993020926692,1.7885893567948283,1.0605177130939671
3544,0.15737373760308815,4.618265857204566,0.8981999718647427
3545,-0.08805712615500351,2.4928029549662734,0.8057891640429515
3546,0.8977715742072508,2.36041060425109,0.6894965511192084
3547,0.13675598130936314,3.5092190190602923,0.34197268483209586
3548,0.15243027020871655,2.757087178565278,0.4199792741816512
3549,0.47697918626329033,4.120894800807194,0.7776932689675988
3550,0.7403195311596975,2.6887826316058243,1.589897922771255
3551,0.8585945330148474,2.706466636350299,0.8547921482252081
3552,0.4875777283100655,1.4055768451983948,0.680173423958169
3553,0.33116243812578544,6.433074658575835,1.419642722187776
3554,0.45430559079487814,8.018229443246243,1.5649391309899068
3555,0.3940271420800934,8.853314756131692,1.966962625597735
3556,0.4445193068119695,2.1788939256975413,1.5547961556638916
3557,0.14416337002749074,3.6456333923293607,0.5183920801800628
3558,0.5357592123043499,3.994731254219945,0.8061983437209562
3559,0.6736208092361756,4.994919499438255,0.9616820342471674
3560,0.48784789171042464,5.7629669495369535,1.509341060327612
3561,0.22738214403743276,6.151684285607435,1.130542252721951
3562,0.6497528206677584,2.373890804570184,0.30623390503519654
3563,1.0990094718994885,1.5988832396434562,-0.22928515503287553
3564,0.8110324319947418,1.6714872939616976,0.8092630411141413
3565,0.1614505868174496,4.044602102264875,0.9431616473662785
3566,0.10725966168017818,1.7840958922729109,1.1262991433922023
3567,1.5347310097626699,2.9640707515301807,0.20839890918636875
3568,0.8201596989545326,1.5675913408868087,0.3808582303970642
3569,0.2396744628750093,1.331747985704279,1.0342377610739923
3570,0.09153862658268323,1.2835400902669545,1.3046439503393221
3571,0.9640923863844229,3.8067490989390147,0.42263655978402787
3572,1.2123408638828268,3.137145625391044,-0.39508212767505363
3573,1.0789138754831344,2.736978906673732,0.7723268228145875
3574,0.5902557629295684,4.592709887880424,2.1340651498464704
3575,-0.787899337883228,1.161384788326501,8.650135632360756e-05
3576,-0.843511210657105,1.3048551981276812,-0.15056363224042907
3577,0.29658779374892086,2.913892783383197,0.12314750746945485
3578,0.7771685142128612,3.460052341401943,-0.3350478829689133
3579,0.4354135546644312,2.3855188995908394,1.943821613470104
3580,0.6492547455115809,4.214472643597999,-0.1829658728615927
3581,0.8849560849445712,7.428781482831573,0.8223607015324099
3582,0.5189341629351628,5.331718324205873,1.4019437504941195
3583,-0.2039918498115082,2.0344785902702185,-0.5065658168745103
3584,-0.37719172828099257,1.710777233156578,-0.39386535891270164
3585,0.011716422172797336,1.0469631308003846,0.7569147830873328
3586,0.028058028467310002,1.3197644245543982,0.11217310787307373
3587,0.4428935269198449,4.371926824964383,0.6842918390050173
3588,-0.025837920950492917,2.924115710250244,0.055852889341637686
3589,0.6077014794003417,2.722506738083553,1.6594677109019818
3590,0.5237212716052232,2.7809175038419505,0.9807038811508649
3591,0.4128876434391977,2.980563713099859,0.9664706305396147
3592,0.6761269299868912,3.869215008617114,0.8367878731565317
3593,-0.26779658059448275,5.065091480523756,0.7955902409481975
3594,0.3847470382214901,4.759390109328324,0.665657154808471
3595,0.08423859404582375,2.318396701583982,0.25982778547834867
3596,-0.012495287570529557,1.4090266914785963,0.40008112402329227
3597,0.15551664376046853,1.9685295949823545,0.024004479726129426
3598,0.2933764262363349,2.10563032236447,0.6000251574476883
3599,-0.041430994720504856,2.58119716921853,0.7154550523015041
3600,0.09011299622842528,2.6054169528358186,0.9981495738232667
3601,1.0543171556629307,4.2863181761788995,1.5447197687619
3602,0.7421855224021465,1.36937868186546,-0.5916773032026232
3603,0.7559876634220052,1.4416559561060778,1.5118910646963306
3604,0.877430765949655,1.7980228700213596,1.1803370405582945
3605,-0.16503904894990606,2.672534526126367,-0.1838838279041074
3606,0.26270604322234203,0.7376463253728622,0.6245491639779368
3607,1.5281812211221075,4.511162659798315,0.04473254832570514
3608,0.7491752782027106,1.6505234566018703,1.059031128569257
3609,0.3038637944650192,5.274844613865236,0.9689050727012573
3610,0.5283298187406924,1.532473603652797,0.2540735641738865
3611,0.4640170549704061,4.210146563369323,1.5984683382435958
3612,0.6095729675014967,3.048974863042222,0.099303338843285
3613,0.48612732509974466,3.1671995500239585,-0.0747449172668973
3614,0.6962852924884497,2.440738246310301,1.7295462427310715
3615,0.49891965278221445,3.8845325088275353,1.1888734913582448
3616,0.43892749707206863,6.5580699967171885,0.9576724768908448
3617,0.30332450361750596,6.039857913512646,0.823505234331734
3618,0.3330614165083276,1.6338904989155123,0.18876854871006674
3619,0.6401764051132189,3.451962426958634,0.8410784572622876
3620,0.5218663889405765,3.0238686093454588,-0.1064310259500069
3621,0.5706317598634509,4.2477845757743955,0.6086457249430547
3622,0.4035318374831928,2.836162357796522,0.3314627366287269
3623,0.38902606590607425,4.02575919342781,0.8665595877294282
3624,0.5939642373854853,2.3039657720838758,0.530105547492473
3625,0.7934768868735718,3.878562792639886,1.1677787749148918
3626,0.48815591277770515,3.1145415618994208,-0.07640516763927585
3627,0.3687418568876065,2.719043288292286,0.2837367112318272
3628,0.20070032366137922,1.6737786581087644,0.1520168539472375
3629,0.04795531633341483,1.1370280472312853,1.3412764414333835
3630,-0.1182819342143056,1.2231982167135986,0.9081685775845016
3631,-0.1240829280455887,0.8508639950365127,1.3742584176421997
3632,-0.4987201821594766,2.0261568808396233,-1.4923874806980788
3633,1.6385159380861343,1.84113740311515,2.1732524235585
3634,0.4841599977755905,1.9784765723881768,0.21543174021884404
3635,1.0488814986782347,3.6953297851549554,1.154378700320968
3636,0.7864542422784854,2.7727503737588215,0.630698141917503
3637,0.4860462676214205,3.9652211927998975,0.9287873664322253
3638,0.9052793604983915,3.067803478597895,-0.03343950005796171
3639,0.38556220776459504,2.541724581554626,0.7057607270072354
3640,0.32779272161978174,2.1478709236728,0.3229084932999344
3641,1.5055349071555644,3.0569768599293012,0.2446743213254222
3642,-0.007499807629855367,2.7870134124881063,1.7440907838765278
3643,-0.03946800404441694,2.2457568667061327,0.2746970720046671
3644,0.44886203470198816,2.7150840645042704,0.7555390232639824
3645,0.11801610583641825,4.302511808551976,0.8974701802058868
3646,-0.2634192967379843,3.98355923987899,0.4574095981228309
3647,1.2534871167597117,4.996396365586897,1.1750312963167586
3648,1.1206656466986427,5.063901074159241,1.152797289120286
3649,0.17235923188993496,1.762699491804121,0.2627578384976167
3650,-0.11888992290073974,2.5319719312332074,0.5840437821363323
3651,-0.49301208093793353,1.121901438894228,0.4710362726665305
3652,1.0601402386296985,5.923647610287668,0.4965681101111598
3653,1.0063041575523248,4.013789802519415,0.8208622773982187
3654,0.5500648384242695,2.2055695992973265,0.7367535609426387
3655,0.35714344428747924,2.2522647877501383,0.44538914573320154
3656,0.5486931659583058,3.883224148356962,1.6153912014942935
3657,0.32636642837572416,2.56657734488852,-0.19998870237051788
3658,0.5355843725639419,3.4863089825589757,0.08271533367021851
3659,0.3678446047442713,3.0205304991008095,1.374887084371053
3660,-0.0836265818666596,2.997588316664037,-0.9843028939966113
3661,0.8615642399954841,1.7168051100422992,1.2388604667066712
3662,0.8517378688652921,1.349488022814276,0.7652946425749326
3663,1.2463170257784806,3.952759802956907,0.47026451808977326
3664,1.004937746941916,4.704239735197843,0.5350962278789242
3665,0.5024279357203593,2.00400940930799,0.6725936560067293
3666,-0.0873807228433079,1.0402028901810265,-0.49215191126876945
3667,-0.126015135477563,1.4572843400657267,0.39446703018756124
3668,-0.02073025135292892,2.8459547205260716,0.4655043921589138
3669,0.22799953694465877,2.4905535018315086,0.5844563289895869
3670,-0.18940761747271123,2.398143535968108,-0.07503165205707696
3671,0.1654256016848268,2.6842956980256254,-1.0828813149630003
3672,-0.15276709415425307,1.9648088449102583,-0.7985706741616614
3673,0.08072377505698451,1.601065345294945,1.08993398973247
3674,0.7605379227109212,4.300517449684681,0.2035185312565451
3675,0.46820611906357074,1.586629949260932,-0.10525260574303638
3676,0.610266684254031,2.858661587947833,1.0491468299892432
3677,0.4836617202182429,4.199663502862492,0.5788368444834853
3678,0.34073549588315405,4.722092280432011,0.5277333834958146
3679,0.14191859042360289,2.5892845299742993,0.22312262729795468
3680,0.27790987432227077,1.8917797118692885,1.6916761936798428
3681,0.36206090653093675,1.9353369374184395,-0.89926980447536
3682,0.028534767656808672,1.0342370984020905,-0.034776610662349536
3683,0.5793548156358573,1.7372726947360597,0.6167358474096181
3684,0.5810237378582533,1.3221712324175863,0.2749223655940802
3685,0.9103819983280168,5.731801045954063,-0.336790471728624
3686,-0.07256888537705745,0.9971773007054628,1.602829542710661
3687,1.0635663912401754,2.612356811609535,-0.8519182745558493
3688,-0.20636139294476066,5.429625493997022,1.9468664060861198
3689,0.8940957284463491,1.3256423809506725,-0.029068678283343842
3690,0.5381088221663103,1.6405416009147553,-0.19707072191025832
3691,0.7798208091097225,5.003512004449206,1.6710497588996276
3692,0.7220066431715397,3.5800541318197068,1.6818999733881277
3693,0.7534425057401322,2.3062887847023448,2.1168730270642158
3694,-0.06553569737565917,2.9249665471249022,0.36274987034667594
3695,0.8425696789362535,3.188444322633022,1.9730808556675148
3696,0.8492025806271332,3.0236098391962747,1.849681364709819
3697,0.8921271154594734,3.1844839838259587,1.9305963699936626
3698,1.2857649312160617,4.253333205724714,1.2067914044840504
3699,0.6845650501553991,2.1335064432111386,1.5226520866416793
3700,0.3075463538737159,4.414524959592812,0.011573018446229376
3701,0.7107567072761468,7.035804602540561,0.7877889245740634
3702,0.4396355238085254,6.024479260285865,2.014934395506747
3703,0.8731735065909954,2.5486303967632478,0.19623459692920212
3704,1.1572255827236315,1.9881786066656677,0.48622971485969263
3705,0.22863437396479583,1.9844449977931105,0.3049838327063724
3706,0.5659215170410119,1.230710398398046,0.2672796709819275
3707,0.7811256828936219,2.241073563098777,0.6555831807166504
3708,-0.1712202848844984,2.1693087485100877,0.22986336890317377
3709,-0.4066708366230929,1.9104871626197275,0.08466526294895667
3710,0.9075802382081928,3.4964257920319115,1.4209963227812057
3711,0.41327950629871374,3.1826471315091687,0.6073433934067929
3712,0.0030464012457374436,2.4980689737831066,-0.27581373744166254
3713,0.6581395436888015,3.621955297237544,1.2494325436781635
3714,0.8026811553612686,3.906075882813062,0.5441472901865618
3715,-0.03202204184451516,1.829391138968137,0.7141840103576006
3716,0.28252445864286324,2.8043235703473486,-0.36561942363527616
3717,0.6218265800252157,3.5777790068134205,1.8181909002590102
3718,0.30733383352014443,3.8144251193702923,-0.022652360688361354
3719,-0.043116887327205054,2.2028338805728547,0.9847457386317553
3720,0.03895118165532928,1.1529310486037485,0.42001204577623047
3721,-0.7574473569039225,0.7886161847910825,-0.21551632059522682
3722,1.2228604487733072,3.064030947295521,0.8486033289815343
3723,0.9295240239238705,3.255307253916438,0.1969205467554955
3724,0.2782897917410727,1.6373561150313243,0.5572352178507053
3725,0.5891050626915372,4.89472370820345,1.024072647003161
3726,-0.011463724350537878,1.2671509020236438,-0.1328528789210386
3727,0.7011470285641985,2.2643628939540568,-0.0032043951393140426
3728,0.19360137350980083,2.4918330103151516,0.5639485514980822
3729,0.48277934880536394,5.3312823746497875,0.13100550926832977
3730,0.8339875282370167,3.4914456581003193,0.7478361693615643
3731,0.9919597542585753,7.116823240308816,2.3716041144870657
3732,0.71527949414917,6.459448571000144,2.186628723851027
3733,0.9587039956228885,4.116863769732401,1.8857594713909214
3734,0.8365782282132316,5.058987816943139,0.7779496332541768
3735,0.4299661062613052,1.7352228883373462,-0.15854250271824305
3736,0.32667104241001443,7.477665222928114,1.1099015805824004
3737,0.9075657862581135,2.9726304980305813,0.9977940058181717
3738,0.4808016879730705,3.720672584936961,0.6669370471867346
3739,0.20479834821350493,1.7345933382470833,0.5272566216205261
3740,0.5307700886817494,2.9876438046284504,0.6772149489345578
3741,0.4201456094112853,4.052663308825741,1.2859072077974028
3742,0.5940916501898182,2.081073089239632,-0.28305201280316183
3743,-0.42612493228503845,1.458911879518066,0.8440899499984033
3744,0.7458525063608099,2.103377257147551,-0.28012071550337597
3745,0.28890270012925173,1.7899485388226746,1.3685600277983156
3746,0.6469948079908958,2.219285649585723,2.176239869456305
3747,-0.011951130667957988,2.8722625009130134,0.6213382550512574
3748,0.7012833663965298,2.53011911489064,0.7763522042871633
3749,-0.14502265155995364,2.623506463623961,0.5429795136860914
3750,-0.19842623095194523,2.692009513430214,0.5956088047417445
3751,0.8347789736521538,1.3970922976461304,-0.48015700718077664
3752,0.5757204328896621,1.9921350013290715,-0.6808150792849877
3753,0.8323998295394563,4.836003130450721,0.9774509315596565
3754,0.7239059511040644,3.8926531768995294,2.2361273790757292
3755,-0.32085103320553177,1.9366645782437615,-0.2054636974785526
3756,0.6483367043358588,1.8132826035299616,0.806311546048927
3757,0.5727629673300121,3.6267319885208846,0.1442376422955468
3758,0.4571210997690618,3.528368760536431,0.8259544969216561
3759,-0.6450162675001135,2.508023976400239,1.1031568425864495
3760,0.06372719164430908,2.9667268937807574,0.6915132222192313
3761,0.9775594011937131,1.0551041046339933,-0.19261906906666584
3762,0.8288277493426155,1.17745801586368,0.13846420548233823
3763,-0.05173715728747268,3.8713965757846505,0.7717497575719544
3764,0.386880775253709,2.0572814382543,0.5170406070858486
3765,0.6897342533108636,2.741092078934846,1.7090402311207307
3766,0.6564080859047614,2.51555391367557,0.7772621324880159
3767,0.2906583486175793,3.33367448705349,1.003356986004948
3768,0.5561344929617207,2.710596495644808,1.1055917240196194
3769,0.12150368780329736,3.4541477524183413,1.0740908677634406
3770,0.21868374031323523,1.1513957761604878,0.23801808434238192
3771,0.6113962007757134,5.2848757555513135,1.1059956294928566
3772,0.4870697623592038,1.214071870663865,0.9471400363655866
3773,0.21332762338029534,4.2676478752840135,0.5026913465235122
3774,0.2505222044987858,3.139580397444198,-1.3510037929952103
3775,0.7272810251101898,1.2222779308650953,0.2193158420618158
3776,0.293437379953977,4.230365526479721,1.0724426675462735
3777,0.2624733925608903,1.5248089358877162,-0.0330237398147099
3778,1.100187343854359,3.349560820108838,0.786977302781505
3779,-0.01966810460166395,4.926119273931339,1.0774368921671638
3780,0.958544607945181,3.4881505443823393,0.39499130812793903
3781,0.008733347754497247,3.1844019634768603,1.1713342078849447
3782,0.8513081450741492,2.4031988587197373,-1.174169420012674
3783,-0.2480061862128503,1.8421633336556114,1.5727607893955593
3784,-0.04646666373812183,1.6720827891480772,1.5077881725705213
3785,0.31775244988349655,2.3241704916075916,-1.0269464823610757
3786,0.29414685712746386,3.1679962392465155,-0.7970932703912339
3787,0.47004780980646604,2.397839266338429,0.04507945282468716
3788,0.8187701628790258,5.493440795400742,0.7730455252626456
3789,0.0909407196961697,3.50983780301513,1.9243205810326667
3790,1.27313354665368,2.4510737038837607,0.17012359348375874
3791,0.9576210869049889,1.936537731262464,-0.5320817348131055
3792,0.2888818855218397,2.6887825606041913,1.9607790280925674
3793,0.6858689104405,1.6107366240422294,0.5359115055222209
3794,0.12172557079823482,5.959303697010296,0.6652073455838444
3795,-0.06669013402267916,3.7157948084061574,1.4544803046122454
3796,0.2985736907131953,2.713082606697776,1.2296673525849575
3797,0.17874504274324174,2.4016621485591325,1.5455163721165834
3798,0.9512857599244897,2.419652678669338,0.9124345869041034
3799,0.34668759280837147,3.6788225951432896,0.13187556172348636
3800,1.4886766611026805,2.0578857481538293,0.9363930924871305
3801,0.5788308589190808,1.6995047176647906,0.47991266270974847
3802,0.608747145905887,1.8709393289678375,0.7038262599273741
3803,0.055316677868423696,1.4801049210427215,1.7114756162341527
3804,0.7884993028090408,3.473950756517507,0.8627731046111086
3805,0.2510342754310659,1.726086371676793,-0.5650401159775545
3806,0.5174718503959393,1.2005150047762467,0.5902756375735692
3807,0.49728775458327773,1.4354668601606062,0.6543670901246331
3808,-0.38965915676399504,2.197758903609444,0.38686941610984255
3809,-0.3330874952152006,1.9763026502767507,0.4307504382643121
3810,0.5874381025013135,4.712046173526676,1.1940486864682385
3811,-0.17683343962508125,1.6732642202667884,0.664728104232695
3812,-0.34555020197019637,1.8737060829124985,0.954534513976734
3813,0.6610095725226774,2.861322929923555,-0.1438925982767481
3814,0.07017350938385516,1.9785713850921183,1.2756293598670685
3815,0.8777887270588792,2.6192485292902825,1.0570004657024552
3816,0.6833445677196304,2.2951040732180905,-0.10711226652633599
3817,0.8962530043980584,2.213457233245524,0.10664339982955319
3818,1.296584484739106,1.8254584863737455,0.33125439937348294
3819,-0.2684161443049049,4.383774313562417,0.9580875289693296
3820,1.4992487149774103,2.445985543348444,0.8419677263373864
3821,1.0644306494369402,2.3227351985223006,0.6516127254179166
3822,0.29039058753808256,1.9535843146857217,0.07199221207024405
3823,0.037518345469218214,3.829744081574536,0.695346413495671
3824,1.1187089615107089,1.130606731385911,-0.7166950874916249
3825,-1.1895838693634904,1.0633344001656555,0.2763547570576548
3826,-0.5626678581210078,1.143782611763495,-0.42277890306145954
3827,1.173868020448822,2.5716741166344916,0.22307189425885038
3828,0.39661619677079973,3.0889358107506304,-0.5211010533899628
3829,0.7276073915707376,1.6114169280010533,1.8069872164194714
3830,0.8794102564585016,1.4655140686057992,0.8204150527430552
3831,0.5320202780148624,2.4408088336215625,0.7124680957129832
3832,1.359991274309439,4.002435842730213,0.3071147588068794
3833,-0.560825670696921,1.7467032672199583,1.6715154771769998
3834,0.7451142790927079,4.5385937397642895,0.14167108632338368
3835,0.3841542668883088,3.968276050885936,0.6130147791564655
3836,0.46133358795518853,2.7910795345430253,1.8642637358183907
3837,0.5033399089526782,2.484011616464803,1.4554532952450157
3838,0.7655413271657662,3.328403169038004,0.7065139777967746
3839,0.5239869374858446,5.677046721856282,0.7603052027235063
3840,-0.06602607897160936,1.2939189632339876,0.7555789715801398
3841,0.2281785359345612,3.2922366211139695,0.7085796157716319
3842,0.9161573348716795,2.276902471833642,0.5577997472473014
3843,-0.5388101683113528,1.593867536624347,0.36861611452520476
3844,-0.4803667163921111,1.407122757198981,-1.066273469349792
3845,-0.04155005487280118,1.7622003056515763,-0.6267112929551338
3846,0.18237639143964565,1.2134831916491071,0.15125919865660192
3847,-0.2900051939880842,1.0887852506487121,-0.21338328510564922
3848,-0.6665254753689948,1.6767897015312645,-1.1386038412343438
3849,-0.3989941100673787,1.6186432461680151,0.5656295522737453
3850,0.9258421901329722,4.023845750807175,1.1948430303542599
3851,0.91127041605607,2.351188057106587,0.42751866598724986
3852,0.04031945804770739,2.482988197505629,0.9946031921056486
3853,0.014794769744905638,6.770215334367233,2.2880857677156725
3854,0.18933695350593094,2.848745442409098,1.2572841645919952
3855,0.22742576030779602,6.5565819740090685,0.05159054081137253
3856,0.5699806439402225,2.2530989599874016,0.31026456653196033
3857,0.515484317723833,3.02211485497541,0.5189711681997606
3858,0.23885981044048732,2.9756133423938125,-0.025134064579694665
3859,0.37272851905617216,2.92409497997169,-0.5240458338357555
3860,0.10673589560493776,0.9274451651524416,0.1574363724842139
3861,0.12450422716803315,1.0664766124071305,0.060267160687620946
3862,1.092473463996996,7.641051741705035,1.43442550420268
3863,1.0387732262402998,5.327373771007437,1.4195017150676892
3864,0.09311502915952134,1.7932767222987562,-0.6448902851645599
3865,-0.026366484355363828,2.631494472083407,0.41642630981540163
3866,0.8894156647944041,7.187119616116183,1.4242339305914316
3867,0.3782813764467192,1.9188701732948221,0.33798514665182167
3868,-0.04961249591961478,1.797797709552138,0.21794969138088935
3869,0.14163135450878542,1.8505202093963316,0.17665604530999449
3870,0.2166342936659054,1.020527399893806,0.38181525485310647
3871,-0.43936653042056956,0.5517344235674647,-0.02711343936775278
3872,0.7138726182763805,7.902583436858657,1.9968689428280846
3873,-0.5258481973316708,0.6628615248301948,-0.22172881584182935
3874,0.048021658001809485,1.8148694006737176,-0.48780831551970144
3875,0.0538328481123895,2.5002300189513735,-0.030691583492800448
3876,0.10042535788712002,1.705023461586474,-0.018262752745823667
3877,0.8346030107968934,5.059757348597172,1.3744038939615395
3878,0.34872139015844394,4.5511085641044655,1.0681093348767503
3879,0.574240196366041,4.469577833670967,0.7472290975175665
3880,0.6552228497609054,2.161991355413175,0.23143213749491348
3881,0.4129142406833381,3.4634289810506633,1.622551278858515
3882,0.8887316847079536,4.521980027581351,1.329818122053622
3883,0.3759744546152552,2.629059067715819,1.039383694939697
3884,1.2201989095940613,1.6830900432241516,0.07830069365277163
3885,1.1493986306390838,3.0992631756509006,1.0500474271255844
3886,0.4279024291864751,2.1724237542802523,0.043146802796673864
3887,0.35122212029868205,2.1381747594926006,-0.08506166738545407
3888,1.3904190704167596,3.184755032537355,1.4791191065107048
3889,-0.26659190929791665,2.5622808225168696,0.4571397787113802
3890,1.0627052193998037,2.9510069648727315,1.4207619200636945
3891,0.18981186652736498,3.972029191285429,0.7113022441421616
3892,0.616758493404964,1.5468117027455102,0.9621415093639135
3893,0.5170295278749436,1.8419527381575345,-0.30431028053660014
3894,0.5856530435077357,3.421852839367972,1.6090208385311693
3895,-0.26608427318815603,1.285112227121174,1.5549851943655497
3896,-0.3688441348553394,0.5427376725638475,-0.5490521098377665
3897,1.1511116080309303,4.393247807919845,2.6904178991077687
3898,0.8731318436558134,9.893005917495021,2.0759833663826184
3899,0.44420717166485274,2.1384411168811566,0.5989759440890275
3900,0.272197221180583,3.9005328611808574,0.2381721044916969
3901,0.3939703405009024,4.95853004637242,1.1774394219159525
3902,0.1336152675005444,3.9700396970918823,1.6454075393576808
3903,0.5297992426516168,1.3739016921604978,0.09879023351590703
3904,0.17456079068002628,3.3815877253886866,1.2951672693810565
3905,1.0795963001936104,2.780837461069477,0.2784829660145079
3906,0.9257946871615305,1.8015708918551592,0.6910752474975905
3907,0.8451593045120511,4.141747076227308,1.3302415557566638
3908,0.9374801139919073,3.8474221571203016,1.7566568881592057
3909,0.5041966388103599,4.4638799232503095,2.1048291935841212
3910,0.3398519138776733,5.047146978415105,1.7774746137815234
3911,0.7193747739558148,3.681149320688805,1.586770558522319
3912,0.4140363559509439,4.53551244807516,1.237797658606954
3913,1.1045057397285887,4.357068845836795,0.8420718162186815
3914,-0.5208957559027135,1.4933190984595728,0.10751105902036502
3915,-0.6998333892463653,1.029228576387592,1.1027578844900676
3916,1.3167222115413424,4.499565689733763,-0.07485705081129126
3917,-0.699749015591025,1.3923050573369644,1.2868352318115857
3918,-0.599011853719303,1.053500849009703,1.5221776308517263
3919,-0.6590435656763841,1.0547899613981335,1.5405710629102556
3920,-0.7737876776262984,1.067215038082463,1.5625190990093387
3921,-0.19722473303799704,1.265053339776341,1.1432424447790412
3922,-0.17026481182180764,1.4364167490538062,1.602793745075584
3923,1.168246199853351,4.011550598391962,-0.07458256886660562
3924,0.3164639528858224,1.2840500844409604,-0.8695738466963443
3925,0.2908911763607818,1.6864336759848622,1.4477478656755463
3926,0.1078305190506907,1.4337889592433972,1.4676699938705937
3927,1.2346927799848981,2.886225856414595,-0.1515561881030278
3928,-0.1894372453521772,3.6871133170442483,1.7293410534689417
3929,-0.09358923097805227,0.787265209493792,0.5166509354930011
3930,0.20068155026946796,1.2580728733015594,0.07432500185570692
3931,0.4222982846038117,0.890799105708389,-0.15327387945799462
3932,0.5304273639935855,1.2537381773656886,-0.3432227287476743
3933,0.08125356849964113,1.9977653672022493,0.060847096700826664
3934,-0.036062410793195866,3.3427427900302535,1.9134087100683004
3935,0.04139638661506296,2.704459811208991,1.110419074041732
3936,0.7350432952270093,5.145941606215785,0.2274632147227185
3937,1.3933665687908252,1.3160560882069585,0.08091577668591131
3938,0.8833635891928666,0.9430981956324687,0.41216709165741383
3939,-0.1433460573119584,0.6197380953071856,0.4750355754037323
3940,1.0071302779521467,1.0694765214628077,1.7200015497480745
3941,1.0471054301754397,2.0366155122901457,-0.1323828593077277
3942,0.3725558957281769,1.6984414313411773,0.708255200223022
3943,-0.041490175867291146,1.8284640236448964,0.9534036096298925
3944,0.38138361290328854,1.768249688170922,1.9757981852762467
3945,0.2923057936528797,1.3272575221436618,2.562013274489028
3946,0.5843798852290095,1.9580063415372095,1.788137281536695
3947,0.26198969756040813,1.900124034733718,1.5713273739539741
3948,0.6246367644425688,1.7226253187795095,1.57309979734038
3949,0.7962076474705535,5.899349758060292,-0.11617992975933983
3950,0.5411413471521412,5.893806201892041,-0.6047024271712008
3951,0.5831513713905864,1.4797839361048564,1.3330623313777863
3952,-0.021024143679294286,1.300137698090376,0.19945561767630374
3953,0.7716682009028836,1.8807253617055313,0.5403804368422219
3954,0.47139693341905853,1.8293428035472676,0.09889511801219691
3955,0.2788788057088383,2.7057350134378373,1.2667743799285174
3956,0.27646496888460215,1.6310372403274265,-0.6154735475357185
3957,0.6952254407731011,4.436426549728192,2.4243742468033296
3958,1.0532460649486721,4.398517748710763,1.4130960074529462
3959,-0.5122683785565264,1.182117044006973,-0.7124446901777473
3960,0.8733696882715646,2.2880380606251123,0.9527543346569074
3961,0.055583854193437206,4.271751474176689,0.4874714964731106
3962,0.055583854193437206,4.271751474176689,0.4874714964731106
3963,0.09197674519798696,3.7211045408584145,0.5595781269669982
3964,0.061446070231558854,3.50531509319629,1.0096924198039965
3965,0.14862464383664822,1.296869758168881,0.2839937344127674
3966,0.912699495613335,4.308668416080641,1.5402179229746036
3967,0.7263620161667979,3.7349553964747035,1.035855841471654
3968,0.742657605202499,1.708543259470456,0.16112176221850927
3969,-0.2615911156153163,1.945954035968998,0.9276674745831737
3970,0.15733415323893749,1.922140355116158,1.8037868618694246
3971,0.2659424974471182,1.9895969861844176,0.8267499294196438
3972,0.4741686203137168,1.9819586574602104,-1.4974151202465964
3973,0.42139553403772945,2.052281590094902,-1.196381783348896
3974,0.5782127281621054,1.6342585495543793,-0.8512638893346788
3975,0.25911796661647163,5.945236782435367,1.2265097016769286
3976,-0.0629856122644066,3.5573136732401927,0.5857271997288003
3977,0.5942955826362433,1.5914324457993665,0.24466630655169608
3978,1.0049469755743496,2.5301989373383593,-0.4597762250528582
3979,-0.17893642671965315,0.9887792827622204,0.6711287079242492
3980,-0.14528192205162282,1.0519792845172502,0.6952257103597953
3981,-0.29206633939890525,1.5125183142453846,-0.6963956189689591
3982,-0.7840429291004176,1.6646976213335376,-0.705063699135037
3983,0.5472705240404719,2.2837715719907448,1.4760604702555353
3984,0.4794800213902089,2.870708781298899,1.2366054692975377
3985,0.11007989647179776,4.69473840625506,1.7780563904536442
3986,0.541351357475012,2.2381710972026103,0.5235527363024568
3987,0.602893787606334,4.190137423142684,0.6525496037468417
3988,1.2472844207523681,4.247008042283771,1.1473858458538055
3989,-0.7467000635066255,1.7125655325137354,1.391095767331089
3990,1.3353285274539055,2.62047612667774,-0.8003938113702866
3991,0.9271261667064639,2.4670585435829495,1.021572369009749
3992,0.9851209946916716,1.7663670362228514,1.260559570723406
3993,0.8183886457450945,0.884456610409139,2.015367168973742
3994,0.9333745245744416,3.5821439083771254,1.656412145383977
3995,1.2991295636195628,3.667828546599744,1.6673396807845706
3996,0.9200034797312475,4.057751176502091,2.5009267638815236
3997,1.240277717359523,2.0584027364580306,1.1044109832784141
3998,0.335893172104067,6.477591810438344,0.7273894584994841
3999,0.3049604092739526,4.1053219363009354,1.0220112643365495
