medium_index,sample,mu
0,0,0.5110748334455905
0,1,0.4994051668150544
0,2,0.4600859010628103
0,3,0.4200405402413282
0,4,0.5262370474916185
0,5,0.5020163842276908
0,6,0.556842005479264
0,7,0.5829807069295543
0,8,0.5639806209273781
0,9,0.5096834635533596
0,10,0.5575497890195658
0,11,0.3582254624855738
0,12,0.7449944802078041
0,13,0.3043481489182201
0,14,0.32518443160209876
0,15,0.6490153145960779
0,16,0.41642141398534804
0,17,0.40499896083562803
0,18,0.7124808960317803
0,19,0.6610964336180656
0,20,0.463757523759392
0,21,0.5612306921774761
0,22,0.5848863282058284
0,23,0.45513918516916885
0,24,0.6719121492878213
0,25,0.5899444923188782
0,26,0.46652778059429584
0,27,0.5847619427629018
0,28,0.4311466666346137
0,29,0.5312583544712974
0,30,0.5568333774265415
0,31,0.5163338300595626
0,32,0.3901329339000167
0,33,0.41296952580338886
0,34,0.24655877132871912
0,35,0.30214937540453213
0,36,0.7113709886999284
0,37,0.3504234115833023
0,38,0.35202294282860985
0,39,0.6022822361414133
0,40,0.5360344830408438
0,41,0.6417245424839608
0,42,0.6574958175579646
0,43,0.6360838545449742
0,44,0.4062290081211183
0,45,0.5220047916573083
0,46,0.5070359847111774
0,47,0.471388455926378
0,48,0.5462495953777992
0,49,0.2656998946895826
0,50,0.462582071510146
0,51,0.6279190637455783
0,52,0.7074986596076183
0,53,0.5062053383355088
0,54,0.6016565645637424
0,55,0.6038155200654669
0,56,0.6379904306178251
0,57,0.32362534617785216
0,58,0.3323373266194873
0,59,0.2671132091125194
0,60,0.4176143058724179
0,61,0.5682646612571645
0,62,0.5682646612571645
0,63,0.26691622482884997
0,64,0.2985231508593854
0,65,0.2846277433256503
0,66,0.73557846647693
0,67,0.7870278763910165
0,68,0.8252435100204584
0,69,0.7321506682084133
0,70,0.14294042721307185
0,71,0.5114787549642744
0,72,0.3898920062761031
0,73,0.38090023940623724
0,74,0.5989473682380568
0,75,0.5881461988245789
0,76,0.5522651464220398
0,77,0.497114106342013
0,78,0.33856403401800494
0,79,0.6375076921920865
0,80,0.4777921058353944
0,81,0.5246739132644481
0,82,0.5443204536100279
0,83,0.582866084354
0,84,0.5813201451684058
0,85,0.4843226748068072
0,86,0.7003965424498447
0,87,0.575096852362156
0,88,0.6789267491835291
0,89,0.46279755545981854
0,90,0.5894229834498435
0,91,0.6555169428115594
0,92,0.614695580346027
0,93,0.4247828075858557
0,94,0.5809982084062111
0,95,0.39609508113336533
0,96,0.4900156324136815
0,97,0.5917049919111471
0,98,0.6049430920927042
0,99,0.4492054934625721
0,100,0.3812573296018218
0,101,0.8085832626299378
0,102,0.761035384341616
0,103,0.6544389355409689
0,104,0.37669999396709225
0,105,0.6941280757941491
0,106,0.3113066594393202
0,107,0.3787695040297153
0,108,0.6500124318875731
0,109,0.5579271449929091
0,110,0.496845479080373
0,111,0.47692787870988357
0,112,0.7828911646521155
0,113,0.8842993993454432
0,114,0.3425213039130423
0,115,0.6632361875625996
0,116,0.5579291977664946
0,117,0.56749035382348
0,118,0.5338030003711397
0,119,0.4160800177244922
0,120,0.6262639955225255
0,121,0.37371967078184765
0,122,0.542569833108344
0,123,0.49194201116189246
0,124,0.5425256582454039
0,125,0.45447320523881857
0,126,0.45447320523881857
0,127,0.5070852564732355
0,128,0.4452001455837097
0,129,0.5513292458282231
0,130,0.5176157199608228
0,131,0.5142659717936658
0,132,0.4886525421515123
0,133,0.44680274385952695
0,134,0.6606368082882622
0,135,0.26796441578807056
0,136,0.7552735672995103
0,137,0.5574147271109001
0,138,0.6939794703006412
0,139,0.6543251048189097
0,140,0.5178412811293053
0,141,0.469465053694884
0,142,0.44127496344189615
0,143,0.5500028026755776
0,144,0.5443886245661663
0,145,0.7622837857364595
0,146,0.6002335407189983
0,147,0.3901115090319277
0,148,0.3082236803316225
0,149,0.6830438856273434
0,150,0.4163121724489115
0,151,0.42953182362334985
0,152,0.7392239085704644
0,153,0.6651823100603942
0,154,0.6616031318395993
0,155,0.5988839024616237
0,156,0.5148786937043466
0,157,0.6386629505229281
0,158,0.40078321551048973
0,159,0.49080688845577847
0,160,0.5637775910972902
0,161,0.4810151273390867
0,162,0.43513633134750107
0,163,0.4580073695157692
0,164,0.6487454368198807
0,165,0.48881808873959604
0,166,0.6304170553884563
0,167,0.4368796951390789
0,168,0.5293457282324306
0,169,0.601022830255571
0,170,0.48710165162567515
0,171,0.48813786205749304
0,172,0.48761212807029297
0,173,0.5288205299317749
0,174,0.4789019936669194
0,175,0.5905680264357337
0,176,0.4277565207052709
0,177,0.5399429435589306
0,178,0.5373810484917235
0,179,0.5309767173219385
0,180,0.6317744295565797
0,181,0.42186047294373247
0,182,0.43170136587567015
0,183,0.6558828145767963
0,184,0.4124078167854886
0,185,0.591718106665177
0,186,0.6174663301741892
0,187,0.6383565191766161
0,188,0.6758100106323194
0,189,0.7107736098937175
0,190,0.6354533707082819
0,191,0.6615448330803808
0,192,0.24874599642905215
0,193,0.6947459201204127
0,194,0.3440633735688544
0,195,0.45158172511738465
0,196,0.5472887739718055
0,197,0.5700607892926437
0,198,0.5691971115681944
0,199,0.5477906755997778
0,200,0.7297775775825003
0,201,0.8234049021661116
0,202,0.277817770731257
0,203,0.7733837467183634
0,204,0.35794553992007305
0,205,0.46924336156747626
0,206,0.5210818181643742
0,207,0.38783865002620915
0,208,0.6489861058467329
0,209,0.6131136643406033
0,210,0.5474311315123149
0,211,0.6650745779719714
0,212,0.4369730322048512
0,213,0.32215068549184284
0,214,0.7380170443035833
0,215,0.6192206589132894
0,216,0.7377543748186506
0,217,0.34415371899027863
0,218,0.7143150281426095
0,219,0.3556442711434813
0,220,0.6684013563175254
0,221,0.2991578884936537
0,222,0.5149238461425317
0,223,0.5316312297897577
0,224,0.530989793318458
0,225,0.5444067688254873
0,226,0.4981058108430583
0,227,0.5351031923237626
0,228,0.38829368019206456
0,229,0.3669967383150954
0,230,0.6278791519173524
0,231,0.39889211117810947
0,232,0.4585950588633868
0,233,0.6673046561370558
0,234,0.38901813028687426
0,235,0.593346627211472
0,236,0.5616739302009162
0,237,0.48351476594261994
0,238,0.5290135126569503
0,239,0.47064130968918866
0,240,0.5274164433774415
0,241,0.8665879355453274
0,242,0.6246133697671691
0,243,0.3909301145971773
0,244,0.557940269838244
0,245,0.5905491033704736
0,246,0.5208633847705335
0,247,0.5173101095757418
0,248,0.4195824588443715
0,249,0.4490865450848481
0,250,0.5020640365320129
0,251,0.37276735137107314
0,252,0.8197300557164103
0,253,0.2773234466514933
0,254,0.23611884786179524
0,255,0.36792303454134834
0,256,0.44436606702999054
0,257,0.6771906563433926
0,258,0.8208148177191057
0,259,0.49478880848724077
0,260,0.4296860856834833
0,261,0.5182359989677859
0,262,0.6867755453882327
0,263,0.3328969176560309
0,264,0.43815239439840054
0,265,0.546549906910155
0,266,0.326406574987478
0,267,0.3990233028491056
0,268,0.6035702970848591
0,269,0.44092687689515325
0,270,0.5899515548257628
0,271,0.34607403641399864
0,272,0.3564812201319355
0,273,0.6536973640109334
0,274,0.5166814153060838
0,275,0.5450418692967524
0,276,0.4643749342400683
0,277,0.6755518460151203
0,278,0.3610110393770969
0,279,0.3239171141133019
0,280,0.534895720549558
0,281,0.7971015691694039
0,282,0.4612874848119002
0,283,0.31112338169502385
0,284,0.31049319992666685
0,285,0.5106492123262142
0,286,0.466051940740476
0,287,0.5627435228526905
0,288,0.647472954895361
0,289,0.649134355485319
0,290,0.6111287083864617
0,291,0.5211898706155991
0,292,0.45669675979651775
0,293,0.6670894365955835
0,294,0.27390031512277113
0,295,0.2930204748071286
0,296,0.22802026694225594
0,297,0.4909570692789286
0,298,0.5955741926337595
0,299,0.5831660836344388
0,300,0.49966310742957143
0,301,0.5456315284409656
0,302,0.5038159581046167
0,303,0.5089256494344806
0,304,0.408788271589524
0,305,0.5322632023629276
0,306,0.4524657005249036
0,307,0.2613522743189111
0,308,0.5780676368063956
0,309,0.46341412662722525
0,310,0.5011518862872786
0,311,0.547328974408417
0,312,0.48117718887855176
0,313,0.603551708230321
0,314,0.5605089488718845
0,315,0.3353659004492242
0,316,0.4424140357366213
0,317,0.5193466811538502
0,318,0.4870524784647734
0,319,0.4660524079407833
0,320,0.5094472725614908
0,321,0.6233390636456572
0,322,0.4448650252488152
0,323,0.5328936256170641
0,324,0.5534218393690414
0,325,0.5655047999425922
0,326,0.3795135956628768
0,327,0.43383095321088555
0,328,0.5244092582630747
0,329,0.6258858481477896
0,330,0.5640081475159938
0,331,0.7418000160637568
0,332,0.7065821507136902
0,333,0.7214109600394005
0,334,0.3220979061553778
0,335,0.6807963952768705
0,336,0.6939705231012548
0,337,0.6219599686935532
0,338,0.5182127972771818
0,339,0.5106370326259337
0,340,0.42929759257222083
0,341,0.44194680656372776
0,342,0.5809643137759469
0,343,0.4363615037634404
0,344,0.43888572187533437
0,345,0.4616365547702253
0,346,0.5866090481591815
0,347,0.5968323875559922
0,348,0.8569045937180769
0,349,0.766822628507334
0,350,0.5497543654530512
0,351,0.3680298145282203
0,352,0.6948808320952133
0,353,0.24880583693714783
0,354,0.678388331458672
0,355,0.46023353458460226
0,356,0.622172908063274
0,357,0.6271214976268024
0,358,0.4683227328493013
0,359,0.24874615346989268
0,360,0.7093604350140773
0,361,0.4742898399298364
0,362,0.6029985542346243
0,363,0.5693202932524646
0,364,0.8380437577448552
0,365,0.8568442629425893
0,366,0.22676983054076097
0,367,0.2605785500490656
0,368,0.33739619726442416
0,369,0.5769424170818993
0,370,0.6121788933555262
0,371,0.3850174845280273
0,372,0.29976131518576343
0,373,0.6277041356054339
0,374,0.5832694870269262
0,375,0.46588832502999983
0,376,0.42514053641427335
0,377,0.4039501701722836
0,378,0.6259402024205604
0,379,0.5438709912566789
0,380,0.6475361784684639
0,381,0.42331155325870995
0,382,0.6404937626785356
0,383,0.484743965453092
0,384,0.49341003489804636
0,385,0.6308854433424937
0,386,0.4950186470291096
0,387,0.49075064060596696
0,388,0.46393297568484115
0,389,0.6511243250040414
0,390,0.5270788477152816
0,391,0.536192117954334
0,392,0.6783036835869662
0,393,0.2543050692961453
0,394,0.737628290193986
0,395,0.28199233143621705
0,396,0.752132503024823
0,397,0.7849546331558839
0,398,0.48387520987213983
0,399,0.4434922870881626
0,400,0.5759978273523626
0,401,0.5753877877420549
0,402,0.5791493146777992
0,403,0.46784890929308115
0,404,0.3056235438718325
0,405,0.47976264801816504
0,406,0.2849914765302662
0,407,0.6405135797023567
0,408,0.6455558075374713
0,409,0.6341458227918899
0,410,0.6703047871989032
0,411,0.5458302916013023
0,412,0.5563380442497665
0,413,0.539140339908515
0,414,0.6883920576431646
0,415,0.7929018779176898
0,416,0.24999538524419057
0,417,0.42689429014992514
0,418,0.5148917410343671
0,419,0.5150505991652762
0,420,0.5941629106374486
0,421,0.3209234144276054
0,422,0.5656016057695813
0,423,0.40883177294132733
0,424,0.3067454393353777
0,425,0.3166768358170466
0,426,0.3780193016423269
0,427,0.6388601140826459
0,428,0.3340382980837472
0,429,0.7003943965177429
0,430,0.2604319804315338
0,431,0.4883694628220579
0,432,0.5406937483637918
0,433,0.5700176848589165
0,434,0.39519011278576494
0,435,0.41381976940000664
0,436,0.5923330636066593
0,437,0.6153211578097483
0,438,0.3377844803084744
0,439,0.6310243860909795
0,440,0.5144634575484969
0,441,0.6538767776452005
0,442,0.5668605334895596
0,443,0.6542715943938311
0,444,0.6335132592319768
0,445,0.658076423250165
0,446,0.386743333832262
0,447,0.5158922886083154
0,448,0.41224439148578024
0,449,0.5756205746132054
0,450,0.3128401897558858
0,451,0.4588426599225698
0,452,0.5573227258962803
0,453,0.5337011012143219
0,454,0.4164138216092091
0,455,0.5421764583290271
0,456,0.5180518514892496
0,457,0.521485024233042
0,458,0.42211769523775816
0,459,0.6212428937321495
0,460,0.4173315725415522
0,461,0.5280582131845598
0,462,0.36902908528954537
0,463,0.5241971041961138
0,464,0.5212460330587617
0,465,0.47797576175945566
0,466,0.5439461443107757
0,467,0.5390995027501725
0,468,0.37798137331259135
0,469,0.4483320338509784
0,470,0.5615188937382022
0,471,0.6840705036062218
0,472,0.6712072196446583
0,473,0.45543501568694167
0,474,0.6842896775534264
0,475,0.4118924248599614
0,476,0.5989085787660822
0,477,0.4624092475911302
0,478,0.5643648170176637
0,479,0.6073408236749026
0,480,0.36329755421810117
0,481,0.4975664874993303
0,482,0.5569947125915552
0,483,0.7111218869053401
0,484,0.7204022999754688
0,485,0.5493956567992769
0,486,0.5349249797004219
0,487,0.5177189370247299
0,488,0.288403100514516
0,489,0.35704601132091546
0,490,0.5943323952975624
0,491,0.5550448916792327
0,492,0.5443893779121212
0,493,0.5683005961565056
0,494,0.6344127928869322
0,495,0.7227766065443962
0,496,0.3686394935115798
0,497,0.6321195067067065
0,498,0.40788772471565565
0,499,0.3631789761372595
0,500,0.6935771715574035
0,501,0.551222178818468
0,502,0.45778077682386586
0,503,0.38747644537357623
0,504,0.6105207092415428
0,505,0.42042542617829837
0,506,0.7218571272552471
0,507,0.7712147158102861
0,508,0.6921482914045355
0,509,0.19257478172784634
0,510,0.8080932400048122
0,511,0.2898176372982111
0,512,0.3209735048489001
0,513,0.6869956436800345
0,514,0.2906560793975247
0,515,0.7330937378504431
0,516,0.7358023447362453
0,517,0.5501635602951587
0,518,0.8123837261321638
0,519,0.7508105677418908
0,520,0.271976235310845
0,521,0.4326548034516651
0,522,0.40089790263347924
0,523,0.3885908631389016
0,524,0.7053686094433578
0,525,0.6287369824980829
0,526,0.49538185630498377
0,527,0.31765987141991847
0,528,0.5711462164653958
0,529,0.4753545600841922
0,530,0.5755185599289829
0,531,0.6423782425788357
0,532,0.32015864536279276
0,533,0.47222852973826407
0,534,0.6242051770591482
0,535,0.5689899662835624
0,536,0.7057836972585938
0,537,0.18875998681956435
0,538,0.26710951121050824
0,539,0.41469000589758487
0,540,0.43664142932604794
0,541,0.37192406116521415
0,542,0.6062784897966861
0,543,0.24974291209416571
0,544,0.24154038439430472
0,545,0.501834730321423
0,546,0.5650728905905572
0,547,0.40180006267492707
0,548,0.3650517600247786
0,549,0.716288907360525
0,550,0.7159040752108353
0,551,0.4117657116397555
0,552,0.4860562309951077
0,553,0.4797813645079767
0,554,0.4928450971048865
0,555,0.471626872693534
0,556,0.6587236655519451
0,557,0.4741726582751469
0,558,0.6324080937423774
0,559,0.35410187685886535
0,560,0.715782657022489
0,561,0.31593280244994865
0,562,0.6656094558074744
0,563,0.6337049678165718
0,564,0.4490101371843339
0,565,0.5521074594801642
0,566,0.5373314121411795
0,567,0.5032442265719229
0,568,0.6189233240606611
0,569,0.5192167472624591
0,570,0.5764254647655043
0,571,0.4563545997172453
0,572,0.6697797509346687
0,573,0.29609974396827443
0,574,0.7183228421937958
0,575,0.6816001798469017
0,576,0.6582842366622951
0,577,0.5580291209861961
0,578,0.5082424520084163
0,579,0.5308189709935592
0,580,0.4117354391390212
0,581,0.39948804367079804
0,582,0.7190145061238725
0,583,0.6211590899814368
0,584,0.6383854794602448
0,585,0.6454274478646405
0,586,0.3703541393057106
0,587,0.475741712145686
0,588,0.7825812678629391
0,589,0.21796808135541573
0,590,0.22893327237360184
0,591,0.46000198875120896
0,592,0.7885008440292722
0,593,0.7552954650975429
0,594,0.5916160617104017
0,595,0.3051158975893564
0,596,0.7174009566447008
0,597,0.27947662585963373
0,598,0.4401313360708611
0,599,0.4751134727577121
0,600,0.45442536074661327
0,601,0.32018549331270957
0,602,0.351994888969662
0,603,0.4434419549058153
0,604,0.4374707499576143
0,605,0.6386557583648134
0,606,0.7195866839438577
0,607,0.6627155447854559
0,608,0.3994057935159965
0,609,0.3939827889564897
0,610,0.5830926954649754
0,611,0.5055148985577862
0,612,0.3365263648130374
0,613,0.7154128226976577
0,614,0.466077308471599
0,615,0.37108490265561866
0,616,0.37640527914806327
0,617,0.7303450557539887
0,618,0.27771684408701947
0,619,0.440280175384855
0,620,0.4835657210677446
0,621,0.6755527170584498
0,622,0.3837150177564298
0,623,0.6264795068035375
0,624,0.6821465445238989
0,625,0.6670023287393434
0,626,0.2929887616763176
0,627,0.8071981594505585
0,628,0.5973183424810385
0,629,0.4778878538485441
0,630,0.37079730159469426
0,631,0.2681475517295541
0,632,0.6481964031984153
0,633,0.5043976554505494
0,634,0.35650448371801674
0,635,0.3748314671402322
0,636,0.6526655553110657
0,637,0.5346941948176043
0,638,0.5257509079746324
0,639,0.6285000671287044
0,640,0.4154751646148039
0,641,0.6570496049083776
0,642,0.3893445353677007
0,643,0.25188426940579667
0,644,0.77094545136784
0,645,0.3072776424312188
0,646,0.4306914788413328
0,647,0.5160731559514405
0,648,0.5633186581478623
0,649,0.5883274205063266
0,650,0.462161031808941
0,651,0.44729479264859495
0,652,0.46993794720563226
0,653,0.6978085795620776
0,654,0.29528162359834587
0,655,0.4344641975958077
0,656,0.5828383179997079
0,657,0.5695248628832418
0,658,0.5808656182307788
0,659,0.5620801739554357
0,660,0.6276128298098638
0,661,0.34810070534751514
0,662,0.48108373558303075
0,663,0.46887579746632707
0,664,0.4815516746145089
0,665,0.5956355337142271
0,666,0.6292244800946136
0,667,0.5615695334730999
0,668,0.38675274296330464
0,669,0.5104705165166123
0,670,0.4321792087995513
0,671,0.5330796064204951
0,672,0.48328538673057186
0,673,0.6362198181409616
0,674,0.44682213616137717
0,675,0.5499406456090328
0,676,0.5407611966820387
0,677,0.5638595320487755
0,678,0.4506333011337906
0,679,0.6225071116960369
0,680,0.7501355605303031
0,681,0.7737615347293396
0,682,0.6251470109692785
0,683,0.4216843793378917
0,684,0.5661704673644106
0,685,0.37197052749052756
0,686,0.40964467364464546
0,687,0.39952265579847146
0,688,0.28578960581476914
0,689,0.17168234561667667
0,690,0.3020656561198769
0,691,0.2507336906896903
0,692,0.7700639179613739
0,693,0.4069899927394848
0,694,0.5434621272297206
0,695,0.6782106387242924
0,696,0.7159616535113844
0,697,0.5434257726239039
0,698,0.4736865802998881
0,699,0.409933507760755
0,700,0.5961710076344869
0,701,0.5493243396860213
0,702,0.5028252077995323
0,703,0.41582880430371816
0,704,0.5750117207360865
0,705,0.7746660518747349
0,706,0.6816920448214788
0,707,0.36983436138104475
0,708,0.6228630826948931
0,709,0.40606079518745447
0,710,0.5927187731882213
0,711,0.4368567288297909
0,712,0.49682468341816227
0,713,0.4274698661835708
0,714,0.6054521939248851
0,715,0.41831465177886945
0,716,0.6787755377033898
0,717,0.3914769030383564
0,718,0.5513716562015927
0,719,0.4373319488410522
0,720,0.6750995511401232
0,721,0.4842379973786618
0,722,0.5781332395972463
0,723,0.6022392070454032
0,724,0.5150247184301915
0,725,0.6452600931884539
0,726,0.4795533487581718
0,727,0.6675066061746755
0,728,0.5081847318794094
0,729,0.5889922467679649
0,730,0.331329578878951
0,731,0.7327539332614569
0,732,0.5510860388708948
0,733,0.5733210900004228
0,734,0.3860726505889576
0,735,0.64180149982315
0,736,0.4600772294597259
0,737,0.38078208605757613
0,738,0.7094809945229902
0,739,0.3103248280915589
0,740,0.6287350477751811
0,741,0.3093457104139198
0,742,0.3701933625221441
0,743,0.6352781837187517
0,744,0.4177576881441366
0,745,0.4981850318495436
0,746,0.34016807642657193
0,747,0.7085426793226126
0,748,0.7967568298518488
0,749,0.37150728950521167
0,750,0.5758083641601421
0,751,0.5741247110274472
0,752,0.6046615335540321
0,753,0.37016451603533285
0,754,0.7395036250003006
0,755,0.38799781584907295
0,756,0.6400292857291351
0,757,0.7128663785997451
0,758,0.5558482684345634
0,759,0.5863653266607808
0,760,0.6272688102717
0,761,0.3533647089410186
0,762,0.49316734448247684
0,763,0.3415091497424666
0,764,0.4468827466549094
0,765,0.6231314866844125
0,766,0.40699338451381695
0,767,0.6956708083362089
0,768,0.6461439151156972
0,769,0.5773131044011165
0,770,0.4485274671252623
0,771,0.5194847641530006
0,772,0.6411596930570302
0,773,0.3766853565135185
0,774,0.4568907482074864
0,775,0.6634247431711553
0,776,0.5265078361609123
0,777,0.5551388557219912
0,778,0.4169266109112526
0,779,0.6084851890104834
0,780,0.4378717868833689
0,781,0.6196158339145018
0,782,0.3670739141930876
0,783,0.3617435594133607
0,784,0.40584049521321847
0,785,0.5170464182935272
0,786,0.5736586756479054
0,787,0.4462576092199887
0,788,0.3923816677524247
0,789,0.24141345796819177
0,790,0.20432396842123096
0,791,0.31179162694002527
0,792,0.5870307980152966
0,793,0.41849599371916096
0,794,0.7217703396013007
0,795,0.5671285571607434
0,796,0.3665529172272673
0,797,0.5283182705135112
0,798,0.5331537290002205
0,799,0.45856689647932924
0,800,0.6651104774665814
0,801,0.5756136042565215
0,802,0.4816594531335786
0,803,0.26660225971922247
0,804,0.5234022458757809
0,805,0.3958609210184932
0,806,0.42909381181110545
0,807,0.4522635311735705
0,808,0.5894649381341953
0,809,0.6805448546190896
0,810,0.3382932162236973
0,811,0.3569335037320228
0,812,0.5963300327674712
0,813,0.1911467957056928
0,814,0.20198180742607894
0,815,0.6432061354439753
0,816,0.3452333413510236
0,817,0.5708839605677182
0,818,0.5408956711006988
0,819,0.5262778526808521
0,820,0.38599051560312536
0,821,0.5986443308260936
0,822,0.4820316365956113
0,823,0.24515017480897247
0,824,0.40311276471815105
0,825,0.49432350217249427
0,826,0.4799480514872642
0,827,0.5374188888640168
0,828,0.5901964171664627
0,829,0.5990647258568702
0,830,0.6366225974755433
0,831,0.47609228182058294
0,832,0.45400063247763234
0,833,0.4566791976110418
0,834,0.4326367597288445
0,835,0.3447797041596435
0,836,0.5525119007583201
0,837,0.4657949152985163
0,838,0.4607429046482321
0,839,0.44369480854462956
0,840,0.29979345479559893
0,841,0.32963508681663806
0,842,0.637275096763012
0,843,0.4704956194243814
0,844,0.4944953168494536
0,845,0.4405347875749187
0,846,0.5423676019705841
0,847,0.41947538950734164
0,848,0.6787198171190622
0,849,0.5024413142220443
0,850,0.5282887751871094
0,851,0.43204403096256166
0,852,0.43436656075864843
0,853,0.6905352716949057
0,854,0.298303443870762
0,855,0.2794534078426416
0,856,0.7951836031643366
0,857,0.5720295025958316
0,858,0.47888576477115763
0,859,0.5380995569524366
0,860,0.5031695243795713
0,861,0.5577508441542236
0,862,0.3775156618876775
0,863,0.34265811057630763
0,864,0.5616326624147558
0,865,0.42021754336653
0,866,0.5974354364001924
0,867,0.6925960222176244
0,868,0.40986451026059567
0,869,0.6569589827595472
0,870,0.413767260035243
0,871,0.49667353528196667
0,872,0.5807549735698927
0,873,0.43097182770507686
0,874,0.46896071558232927
0,875,0.5822979907117757
0,876,0.6004327851067582
0,877,0.5254232256242024
0,878,0.5831266704183616
0,879,0.4691039734586108
0,880,0.395604823118112
0,881,0.6086452345066835
0,882,0.4356962736807227
0,883,0.4936692773515432
0,884,0.6525036289953542
0,885,0.3615671224017046
0,886,0.4722498306505673
0,887,0.5429965940967925
0,888,0.6302349599179038
0,889,0.7176724874246511
0,890,0.2980448490846498
0,891,0.34722548782198476
0,892,0.7108987407015824
0,893,0.6196083304338776
0,894,0.1714938025730363
0,895,0.28496740591843395
0,896,0.19516056649163843
0,897,0.627546564730833
0,898,0.7410724164007318
0,899,0.32804054994899795
0,900,0.6778250306718432
0,901,0.5952789406350089
0,902,0.42550882029876597
0,903,0.6610979624254543
0,904,0.5498757281919722
0,905,0.5019557581047873
0,906,0.4935322610475493
0,907,0.4795443296422817
0,908,0.44216596701743965
0,909,0.4969877032180039
0,910,0.32964925103568754
0,911,0.5133368642806034
0,912,0.4959634352861196
0,913,0.41218142051106055
0,914,0.4625249630518528
0,915,0.21555927081132545
0,916,0.3114460439622832
0,917,0.35761900281816966
0,918,0.7313421674746943
0,919,0.22613796293002203
0,920,0.2458722145388707
0,921,0.47819373138440047
0,922,0.49739130081576804
0,923,0.612083648637296
0,924,0.7062611911565118
0,925,0.38408424239752154
0,926,0.37824796589483745
0,927,0.6170420642965442
0,928,0.39349721728237375
0,929,0.5819546334002483
0,930,0.4435412724104609
0,931,0.5859194576922303
0,932,0.4711122156349238
0,933,0.3583985869826905
0,934,0.4247701639279693
0,935,0.48624799033968236
0,936,0.4976746171363614
0,937,0.3776299991404911
0,938,0.6300973373687535
0,939,0.432795865087744
0,940,0.4432916033836115
0,941,0.5793344130133304
0,942,0.5136459071998001
0,943,0.2539335570874179
0,944,0.6993417439839174
0,945,0.32756257588885085
0,946,0.7531910205680054
0,947,0.33631730861878395
0,948,0.46377314703285255
0,949,0.5112300373431227
0,950,0.5836960720488694
0,951,0.4385572497038445
0,952,0.6094387362917338
0,953,0.8007617854945528
0,954,0.8620673832928826
0,955,0.6296303267300406
0,956,0.6729363178555146
0,957,0.5365233763292313
0,958,0.6342968305211517
0,959,0.5976602055775281
0,960,0.6124351337509236
0,961,0.6243239120509284
0,962,0.4568240067726043
0,963,0.46199827943593264
0,964,0.2817083714109244
0,965,0.7752702369194913
0,966,0.6395564146508301
0,967,0.6538112671611424
0,968,0.6864592797786326
0,969,0.5482198044203537
0,970,0.4755993095732496
0,971,0.38998276181545366
0,972,0.5208721135160396
0,973,0.5906566210082044
0,974,0.5191585985433641
0,975,0.46698362618269534
0,976,0.5679710205816716
0,977,0.48573902425932153
0,978,0.47035735712414894
0,979,0.30360715794830845
0,980,0.5631623080265077
0,981,0.555151951719005
0,982,0.6951469012411106
0,983,0.33177931927898463
0,984,0.7088616125339348
0,985,0.5739333722776425
0,986,0.5938598042194253
0,987,0.2886901973618512
0,988,0.5456101046045836
0,989,0.5041485110177645
0,990,0.3574760669361446
0,991,0.4674356610757199
0,992,0.6037057497419807
0,993,0.6017020427171749
0,994,0.657905142483366
0,995,0.38859768811377643
0,996,0.6328228966239249
0,997,0.6730286924292201
0,998,0.3045554902362084
0,999,0.3881940643331633
0,1000,0.4057997199520494
0,1001,0.5934673619730662
0,1002,0.6294044714539643
0,1003,0.5738610923268189
0,1004,0.5597203884235982
0,1005,0.4771628748837363
0,1006,0.4786750826982402
0,1007,0.33854601744540574
0,1008,0.35101183809255027
0,1009,0.36153756257389325
0,1010,0.5721130767181694
0,1011,0.6654123519448893
0,1012,0.6987943643538725
0,1013,0.6049704858282509
0,1014,0.5036847856378004
0,1015,0.5336200560728539
0,1016,0.4000481977709459
0,1017,0.621141604035603
0,1018,0.5850056410024453
0,1019,0.5137620606792982
0,1020,0.5657802069054095
0,1021,0.5040522265090973
0,1022,0.63884873468573
0,1023,0.6500981688078951
0,1024,0.39348139494682566
0,1025,0.726243371559319
0,1026,0.3605262039079078
0,1027,0.6649735554299073
0,1028,0.5915680951846761
0,1029,0.5684161096390304
0,1030,0.510502135165107
0,1031,0.4115004024675253
0,1032,0.6124764221895403
0,1033,0.28984139959881655
0,1034,0.5342355035777084
0,1035,0.4560024541750514
0,1036,0.4641143259464575
0,1037,0.5699107121588314
0,1038,0.4170747172596453
0,1039,0.3905063569495062
0,1040,0.6159773394289318
0,1041,0.4524603570686686
0,1042,0.6146103281067273
0,1043,0.725543710185639
0,1044,0.5440453422044405
0,1045,0.6791520221401945
0,1046,0.5984781134372609
0,1047,0.4592284363910853
0,1048,0.4765907728558502
0,1049,0.38130824769310107
0,1050,0.3630652418441419
0,1051,0.5097669508321304
0,1052,0.5470929699090934
0,1053,0.4456637936659181
0,1054,0.7707727920373636
0,1055,0.5062140787193143
0,1056,0.4225982347366519
0,1057,0.5730803697363908
0,1058,0.570464889190043
0,1059,0.4951545181589811
0,1060,0.4245858157210477
0,1061,0.6316020170345006
0,1062,0.4043115518189394
0,1063,0.4968856108447472
0,1064,0.4964812249254664
0,1065,0.6636261577842213
0,1066,0.3754970724594324
0,1067,0.6459926667478313
0,1068,0.5186342113412854
0,1069,0.6480481680590852
0,1070,0.27861352776712545
0,1071,0.3718162538805263
0,1072,0.7584647234009817
0,1073,0.29496016050458657
0,1074,0.4675399596241698
0,1075,0.48050935228261193
0,1076,0.4638085537772051
0,1077,0.6007524918074142
0,1078,0.5587441911407195
0,1079,0.6551360107095558
0,1080,0.588667445335617
0,1081,0.5853597044824197
0,1082,0.35189866704791267
0,1083,0.3806167408625539
0,1084,0.7395226826197981
0,1085,0.7265775599096876
0,1086,0.30148152347943374
0,1087,0.37527812838523333
0,1088,0.5860170765364351
0,1089,0.35255091724433585
0,1090,0.5222707314658157
0,1091,0.3360499761799895
0,1092,0.5984065224622864
0,1093,0.5332624679753912
0,1094,0.5244052458349036
0,1095,0.5339261053090504
0,1096,0.6309062618008268
0,1097,0.602683187874841
0,1098,0.4539297178826857
0,1099,0.643406382762446
0,1100,0.4181292332596063
0,1101,0.48054359465574226
0,1102,0.2975570893079294
0,1103,0.44402130923628125
0,1104,0.5100934426490175
0,1105,0.5764102816095916
0,1106,0.47442921050623765
0,1107,0.5049913905758688
0,1108,0.30740352331081244
0,1109,0.28824857047563424
0,1110,0.6447539405766468
0,1111,0.44985941193194523
0,1112,0.41065413504696985
0,1113,0.40409965811109455
0,1114,0.5145847739745094
0,1115,0.5581125525296519
0,1116,0.19372992865066602
0,1117,0.29200721989048734
0,1118,0.3151524393118611
0,1119,0.7292889148869309
0,1120,0.5811245870570358
0,1121,0.4493951105919583
0,1122,0.6245279963582386
0,1123,0.5534258058778599
0,1124,0.4247405919971693
0,1125,0.4398601890445034
0,1126,0.5765728099546134
0,1127,0.5382046078178709
0,1128,0.5027135786453422
0,1129,0.46959145721109957
0,1130,0.5755025098083236
0,1131,0.5111559878317183
0,1132,0.5123099142195165
0,1133,0.5537419590018388
0,1134,0.44811986812340665
0,1135,0.49427841593243793
0,1136,0.23785923712436402
0,1137,0.7459746331622077
0,1138,0.568042629768782
0,1139,0.4170140432322507
0,1140,0.5808388397129273
0,1141,0.44837809910469234
0,1142,0.47452676556814904
0,1143,0.704836867115353
0,1144,0.6679283747669186
0,1145,0.5813705004433527
0,1146,0.6284618615781697
0,1147,0.5900916911682266
0,1148,0.5986082368538439
0,1149,0.5044491147273591
0,1150,0.610248358487995
0,1151,0.6601645258807933
0,1152,0.4777866171748533
0,1153,0.5153821381117949
0,1154,0.4614705735117214
0,1155,0.4343530934007201
0,1156,0.6375599898982004
0,1157,0.6205819992825631
0,1158,0.6170541110711979
0,1159,0.6561522278023765
0,1160,0.3302336768928463
0,1161,0.7712104385974519
0,1162,0.6296087136212402
0,1163,0.6540275946379612
0,1164,0.427763790537863
0,1165,0.32411647421328454
0,1166,0.7893972907863288
0,1167,0.1504907358093075
0,1168,0.7240047530819188
0,1169,0.6868137226876135
0,1170,0.4126025262648267
0,1171,0.5664558916637346
0,1172,0.512965935349596
0,1173,0.5448224164854629
0,1174,0.748571013909294
0,1175,0.5359670510012393
0,1176,0.486657824934437
0,1177,0.4422358737904635
0,1178,0.5829691091026311
0,1179,0.48541220256052386
0,1180,0.5084903100339185
0,1181,0.5519954793190527
0,1182,0.42280536468437785
0,1183,0.6826423955535911
0,1184,0.4286557958641673
0,1185,0.5566959532555802
0,1186,0.40758285534484284
0,1187,0.5323722865845664
0,1188,0.47240804142749143
0,1189,0.5506817544946768
0,1190,0.43339485942775424
0,1191,0.4653201448620694
0,1192,0.5677732261873012
0,1193,0.5782556571816138
0,1194,0.5297858375404199
0,1195,0.467623651597854
0,1196,0.5160008304646702
0,1197,0.435520502169751
0,1198,0.6440528604990107
0,1199,0.5042059781928704
0,1200,0.651160855278384
0,1201,0.5546530467480669
0,1202,0.4222868893114036
0,1203,0.6918149404993964
0,1204,0.3280325678521592
0,1205,0.643277684165759
0,1206,0.4383874096186201
0,1207,0.6116306492387954
0,1208,0.44609855010843064
0,1209,0.4213641621486308
0,1210,0.3491186240499606
0,1211,0.43308608836346907
0,1212,0.566474377264792
0,1213,0.664705643453949
0,1214,0.6208811004209583
0,1215,0.3524638190039179
0,1216,0.27906351832612847
0,1217,0.6086776760416227
0,1218,0.29464251226445404
0,1219,0.4073206874247594
0,1220,0.5424213207459667
0,1221,0.5380772477541552
0,1222,0.48111246136334845
0,1223,0.45886743147083486
0,1224,0.48899054245829127
0,1225,0.3607314196237795
0,1226,0.7016627775762622
0,1227,0.5946414957812236
0,1228,0.4271249875003521
0,1229,0.40006952676752544
0,1230,0.6083351300089637
0,1231,0.5298172336856148
0,1232,0.5576088984556001
0,1233,0.44280892983576586
0,1234,0.6093268976627921
0,1235,0.38309489448571143
0,1236,0.37032867768588995
0,1237,0.594510242614682
0,1238,0.4366913774946124
0,1239,0.38775882510146603
0,1240,0.6518057186948779
0,1241,0.6064177142916266
0,1242,0.7642662238374852
0,1243,0.7059898055426326
0,1244,0.17313980864890857
0,1245,0.8628678621337301
0,1246,0.3246498490433104
0,1247,0.6170280345360921
0,1248,0.48414777914887747
0,1249,0.5111884722546508
0,1250,0.5953385146452338
0,1251,0.5725940153357286
0,1252,0.44715747856312127
0,1253,0.5118880993334782
0,1254,0.5988879969587323
0,1255,0.48976798711337016
0,1256,0.5868279750302073
0,1257,0.45571004851585184
0,1258,0.6735827113099716
0,1259,0.3741857529071112
0,1260,0.46153340339497784
0,1261,0.4788597795371351
0,1262,0.35434260217169145
0,1263,0.8306379688178417
0,1264,0.5626337100150195
0,1265,0.5514312341085936
0,1266,0.6144248410218686
0,1267,0.39261222579748184
0,1268,0.5428137390704384
0,1269,0.49985533348823974
0,1270,0.7414938952668568
0,1271,0.6788610512823241
0,1272,0.4707853045595722
0,1273,0.5536534768561432
0,1274,0.3944403097153651
0,1275,0.506371786149065
0,1276,0.6257858830146122
0,1277,0.3805116983368591
0,1278,0.33613920830040417
0,1279,0.7198051984603563
0,1280,0.6991152340883378
0,1281,0.5730591736271211
0,1282,0.420248684570763
0,1283,0.6599013449463337
0,1284,0.7592675138246404
0,1285,0.5538149118812719
0,1286,0.4796756936107644
0,1287,0.5681457833061514
0,1288,0.5162078093311259
0,1289,0.42377633593631286
0,1290,0.46684178851368185
0,1291,0.4819448660406382
0,1292,0.5022289414544792
0,1293,0.5770939054238581
0,1294,0.4386765126214207
0,1295,0.5882746966068283
0,1296,0.35601313088740544
0,1297,0.6114235827483031
0,1298,0.4044406251890593
0,1299,0.5180764351392654
0,1300,0.45388779434149745
0,1301,0.4912345258864722
0,1302,0.6018801129144038
0,1303,0.5883399292376027
0,1304,0.34709777676746034
0,1305,0.5441860175308102
0,1306,0.5949343779729429
0,1307,0.7236102909638604
0,1308,0.4802961059953721
0,1309,0.5181959094092633
0,1310,0.6301790961003017
0,1311,0.4005615934998908
0,1312,0.6700968177203618
0,1313,0.5359961147855489
0,1314,0.5648298703854961
0,1315,0.4572733037455214
0,1316,0.45404103618252745
0,1317,0.5223875483904182
0,1318,0.45501720113321964
0,1319,0.4927159697611456
0,1320,0.5485896332522988
0,1321,0.5139212454362707
0,1322,0.5493700314626063
0,1323,0.5095766229600732
0,1324,0.5800429679420057
0,1325,0.40043564637913776
0,1326,0.5723988847217657
0,1327,0.5665336309652119
0,1328,0.5159844697778727
0,1329,0.6425838443122851
0,1330,0.44202505294622635
0,1331,0.4944172366011886
0,1332,0.39525482907860393
0,1333,0.5748670361466773
0,1334,0.4359462049900468
0,1335,0.6000843782126086
0,1336,0.44161897849270015
0,1337,0.545194890543591
0,1338,0.39427014004155364
0,1339,0.6153216031273568
0,1340,0.47593136456397916
0,1341,0.5372130296766502
0,1342,0.3590059690333213
0,1343,0.6297814934476069
0,1344,0.30523778963931886
0,1345,0.3288851497332337
0,1346,0.41306256040808986
0,1347,0.5794017924882209
0,1348,0.606814972932097
0,1349,0.46248162714854874
0,1350,0.5453015863424907
0,1351,0.5550228521482126
0,1352,0.42578039424803404
0,1353,0.5487541476217337
0,1354,0.5373747222229353
0,1355,0.4421853353068372
0,1356,0.5883819937571009
0,1357,0.5719544148338214
0,1358,0.4490522154640521
0,1359,0.5006883690980162
0,1360,0.5167928003980328
0,1361,0.4288014542326923
0,1362,0.2071675552693404
0,1363,0.41326641131574277
0,1364,0.37124696155767484
0,1365,0.31879792159541764
0,1366,0.638418138348802
0,1367,0.5866349481835601
0,1368,0.38247856357826826
0,1369,0.3496745981333143
0,1370,0.38071345211164004
0,1371,0.3775168546808936
0,1372,0.2224478603913626
0,1373,0.7879081241172949
0,1374,0.34945377466549865
0,1375,0.5005057278528774
0,1376,0.49319985068449135
0,1377,0.6188349144950116
0,1378,0.33871458790834863
0,1379,0.6595638084533145
0,1380,0.336520808692994
0,1381,0.6779422974916133
0,1382,0.5928666468475281
0,1383,0.37834617319819525
0,1384,0.37414684119855374
0,1385,0.388369790758667
0,1386,0.7653370113106863
0,1387,0.2704706065790426
0,1388,0.7560118829846706
0,1389,0.36742394526139543
0,1390,0.3073745456751167
0,1391,0.5243255655033329
0,1392,0.44883005697293443
0,1393,0.5874023022730979
0,1394,0.6065045556428611
0,1395,0.7184745060096027
0,1396,0.7326389489036375
0,1397,0.32551584264797284
0,1398,0.40358724236582233
0,1399,0.43621346685168333
0,1400,0.6223373684065837
0,1401,0.5110852582544364
0,1402,0.46159178922347116
0,1403,0.7546099361873345
0,1404,0.720548769122489
0,1405,0.3174372114836984
0,1406,0.6782827377905392
0,1407,0.35106988684931234
0,1408,0.4941996944459249
0,1409,0.4876144197723801
0,1410,0.49965684289968965
0,1411,0.5558087429724561
0,1412,0.5317357145153903
0,1413,0.5307519034707951
0,1414,0.6710399629368616
0,1415,0.5719298756719355
0,1416,0.35851360090547596
0,1417,0.3109004004441961
0,1418,0.6528185630646764
0,1419,0.6458087496264003
0,1420,0.7866980022513677
0,1421,0.6064138686632738
0,1422,0.42757945865822006
0,1423,0.5403465909285142
0,1424,0.4372880457826151
0,1425,0.42491382469146544
0,1426,0.7251653623784389
0,1427,0.7219840317855372
0,1428,0.7179558065627357
0,1429,0.3397360442127219
0,1430,0.5218959544130701
0,1431,0.47471284346531034
0,1432,0.4438479382241681
0,1433,0.30521280209793583
0,1434,0.5689517958101816
0,1435,0.6913771966621697
0,1436,0.6099912810672439
0,1437,0.6356031375512697
0,1438,0.48629403014277184
0,1439,0.6534510796782516
0,1440,0.6748504072406666
0,1441,0.38517205676309524
0,1442,0.5154965614840816
0,1443,0.5694027003419673
0,1444,0.5664427318427403
0,1445,0.7393456569006305
0,1446,0.2946814262467232
0,1447,0.4686561471854053
0,1448,0.47247827488080746
0,1449,0.6102149514218177
0,1450,0.48149917213821153
0,1451,0.5049800254061594
0,1452,0.6699442788665229
0,1453,0.3069473512881676
0,1454,0.7920318882968113
0,1455,0.33574628694211167
0,1456,0.5470848588818912
0,1457,0.379640367166821
0,1458,0.46742110290661304
0,1459,0.6886472689347863
0,1460,0.7952972605369589
0,1461,0.6775549019660595
0,1462,0.3919368312047924
0,1463,0.6526482113905399
0,1464,0.4086815438751328
0,1465,0.5919620498906782
0,1466,0.7545657152962398
0,1467,0.3082684561653829
0,1468,0.5806724001706264
0,1469,0.4747127484462532
0,1470,0.5743695143234839
0,1471,0.4057850635833408
0,1472,0.4568015257380836
0,1473,0.4925777056313814
0,1474,0.4893410270458831
0,1475,0.5222215964017819
0,1476,0.5560297978824306
0,1477,0.6214693692804346
0,1478,0.47186123070139674
0,1479,0.46180305792870424
0,1480,0.45014385399672585
0,1481,0.7178469853247527
0,1482,0.6047826952554941
0,1483,0.6388739719868932
0,1484,0.36337252429755296
0,1485,0.4072688625666886
0,1486,0.45648390239390024
0,1487,0.5807396452514968
0,1488,0.4993032285489519
0,1489,0.375682455841614
0,1490,0.39884158200055786
0,1491,0.5197977613575848
0,1492,0.6184345423315848
0,1493,0.6169689497233505
0,1494,0.29547489588440273
0,1495,0.24257116436867746
0,1496,0.8551481848979328
0,1497,0.8901401832658001
0,1498,0.5247311195191071
0,1499,0.5112886518416758
0,1500,0.5704193291339169
0,1501,0.5069111647419001
0,1502,0.46509353640497353
0,1503,0.5349552548406173
0,1504,0.5000465497498682
0,1505,0.5502120817168812
0,1506,0.46230187896737773
0,1507,0.43282770409053406
0,1508,0.6841893949859581
0,1509,0.41514168150224035
0,1510,0.6546609156793802
0,1511,0.49318812978410265
0,1512,0.5811556030760306
0,1513,0.45638682181243395
0,1514,0.6772497062161287
0,1515,0.4677134809081546
0,1516,0.5065467699839181
0,1517,0.5792970285096798
0,1518,0.3377106091685166
0,1519,0.5988532234639058
0,1520,0.3015407395695794
0,1521,0.63237284910985
0,1522,0.35707533241494105
0,1523,0.3986530772421918
0,1524,0.3316119529168217
0,1525,0.33966528462071377
0,1526,0.7280587071228672
0,1527,0.595253847863366
0,1528,0.5795727521395063
0,1529,0.5019174345683725
0,1530,0.5064593665241415
0,1531,0.49085277841116715
0,1532,0.37135184685522626
0,1533,0.6632336423493462
0,1534,0.341261606790577
0,1535,0.3206246280491146
0,1536,0.6350021775585661
0,1537,0.47826312291802425
0,1538,0.5701186257573754
0,1539,0.4907608878787638
0,1540,0.5226437694170677
0,1541,0.30302709592221916
0,1542,0.40342600385465854
0,1543,0.4193515243949653
0,1544,0.5429110919476469
0,1545,0.16431645759612565
0,1546,0.18458241224790228
0,1547,0.8437312715333285
0,1548,0.6348661755250389
0,1549,0.3938149860205436
0,1550,0.6251243781792918
0,1551,0.794898584961911
0,1552,0.19886908005663426
0,1553,0.31399383881370435
0,1554,0.2500519867261816
0,1555,0.39136861012405105
0,1556,0.4412095992774148
0,1557,0.3845501758214323
0,1558,0.4168372785916506
0,1559,0.589885958490112
0,1560,0.5596128955752149
0,1561,0.4795789202789856
0,1562,0.6473903117157149
0,1563,0.39398210420278046
0,1564,0.6522975638750887
0,1565,0.3797498450362696
0,1566,0.6444005350910085
0,1567,0.36306763274647835
0,1568,0.5396937606456088
0,1569,0.45293244672223243
0,1570,0.4149596436701314
0,1571,0.554070986085358
0,1572,0.2737046035051345
0,1573,0.7526435169110679
0,1574,0.5437520865630119
0,1575,0.537832223809158
0,1576,0.45878075473882973
0,1577,0.6531735548450208
0,1578,0.40500905877806775
0,1579,0.5668724908810477
0,1580,0.5902122131666274
0,1581,0.5996895756011432
0,1582,0.6111362817870507
0,1583,0.42181938173398653
0,1584,0.5176333919405733
0,1585,0.5296690481066616
0,1586,0.6372122884017534
0,1587,0.7786969095774012
0,1588,0.4151944376017126
0,1589,0.4367850133404769
0,1590,0.5962702020233902
0,1591,0.5580165401448559
0,1592,0.36064342236246816
0,1593,0.3589652018105601
0,1594,0.3773969940858927
0,1595,0.38093646334971915
0,1596,0.5617907397602316
0,1597,0.45411157774682026
0,1598,0.4526303862378292
0,1599,0.7116742164945662
0,1600,0.455870970591494
0,1601,0.3206466101087012
0,1602,0.3427326048783399
0,1603,0.6471401217367637
0,1604,0.49361377252316435
0,1605,0.46405951401643686
0,1606,0.6012172826846579
0,1607,0.479729378476013
0,1608,0.5316899908337582
0,1609,0.5032511575997244
0,1610,0.5523786559357515
0,1611,0.5983462183734876
0,1612,0.6222437735582079
0,1613,0.6430916097629609
0,1614,0.6476424074301497
0,1615,0.36861601493526
0,1616,0.485737840654814
0,1617,0.5744538852150962
0,1618,0.6351115366254437
0,1619,0.4483624022635668
0,1620,0.559381284687536
0,1621,0.7223964372595835
0,1622,0.25518192697654263
0,1623,0.77933709848751
0,1624,0.6102018475411731
0,1625,0.5327773872790071
0,1626,0.47169316411812
0,1627,0.4739730273928459
0,1628,0.39865027668047565
0,1629,0.7986862588536721
0,1630,0.22197491964359065
0,1631,0.7302769918238685
0,1632,0.616334738750409
0,1633,0.6640567342104121
0,1634,0.504793818180842
0,1635,0.5261252137472691
0,1636,0.5185744701847026
0,1637,0.5150385928308777
0,1638,0.4559268663459768
0,1639,0.34724035598958447
0,1640,0.7608801801623929
0,1641,0.2703663235608044
0,1642,0.5060367736283917
0,1643,0.6027386980249443
0,1644,0.5458485416774796
0,1645,0.477235542396804
0,1646,0.5822519115658493
0,1647,0.7340656379103432
0,1648,0.7059211614454725
0,1649,0.6755351493773649
0,1650,0.4221622107321376
0,1651,0.41533727667373155
0,1652,0.6502307000079464
0,1653,0.5477550376715707
0,1654,0.6605122831007384
0,1655,0.4316228612760409
0,1656,0.47249035455987193
0,1657,0.5778928893314016
0,1658,0.42241235943487854
0,1659,0.7606138133261429
0,1660,0.49780713636902635
0,1661,0.5897716445787464
0,1662,0.46712432995724446
0,1663,0.3421681424299771
0,1664,0.6040625485273481
0,1665,0.6391986731754111
0,1666,0.5698631469216748
0,1667,0.5531310639919552
0,1668,0.6266965824909304
0,1669,0.6587267241900066
0,1670,0.5541807401124013
0,1671,0.49164124258074915
0,1672,0.6028408397248778
0,1673,0.6401382601977459
0,1674,0.6957674935540707
0,1675,0.4687775325492299
0,1676,0.4870775995716973
0,1677,0.5178793598431453
0,1678,0.5093644793584335
0,1679,0.5566843030218638
0,1680,0.3938810029125736
0,1681,0.3929060953169304
0,1682,0.7565398719827363
0,1683,0.5525043377585019
0,1684,0.46687035712822633
0,1685,0.6995108992869886
0,1686,0.44535356176572716
0,1687,0.5577480901997763
0,1688,0.46445642649998126
0,1689,0.5119597771501609
0,1690,0.6747300328472565
0,1691,0.4096212937796354
0,1692,0.648319635588003
0,1693,0.3432563583307151
0,1694,0.5566009204081505
0,1695,0.35305603002381214
0,1696,0.3934673891162541
0,1697,0.34410334016882854
0,1698,0.5213935335232922
0,1699,0.5304870744167147
0,1700,0.5127326181195869
0,1701,0.5440824356662469
0,1702,0.4833244869285422
0,1703,0.4121361662333263
0,1704,0.5846852843269282
0,1705,0.4759041822688954
0,1706,0.6354411548368087
0,1707,0.45920546630867437
0,1708,0.6623895719785545
0,1709,0.6553832450005453
0,1710,0.44559788723867444
0,1711,0.4933470867949688
0,1712,0.5272938439085672
0,1713,0.49267523647843764
0,1714,0.5176567032651906
0,1715,0.487489974662553
0,1716,0.5422964626446619
0,1717,0.6390721555928779
0,1718,0.48100828303500376
0,1719,0.5466435422107765
0,1720,0.5855497377486214
0,1721,0.3992257522835834
0,1722,0.41620418350615745
0,1723,0.3024461686279765
0,1724,0.4600099504981743
0,1725,0.587937139792172
0,1726,0.48911297797319664
0,1727,0.6487213912982698
0,1728,0.1602581422437292
0,1729,0.536011859794764
0,1730,0.5337422322885513
0,1731,0.5231594706746661
0,1732,0.4328104305474381
0,1733,0.5135478202862209
0,1734,0.6339357611553516
0,1735,0.57196876829892
0,1736,0.5259293005386512
0,1737,0.6338265586813492
0,1738,0.40491021046949216
0,1739,0.5723712712603958
0,1740,0.6370828350448086
0,1741,0.45017805700022023
0,1742,0.4511671939371608
0,1743,0.5029125668973261
0,1744,0.513943190769617
0,1745,0.5594372826357594
0,1746,0.6575827080849859
0,1747,0.6609777375419041
0,1748,0.7389342177047912
0,1749,0.5307819361574829
0,1750,0.574002279598778
0,1751,0.5824810023477841
0,1752,0.4635916396496481
0,1753,0.48501670093002136
0,1754,0.41804631715712615
0,1755,0.30441577657445945
0,1756,0.674438022435945
0,1757,0.5352829764935149
0,1758,0.611577359953492
0,1759,0.4899632839794073
0,1760,0.4896510281453671
0,1761,0.4937953521275498
0,1762,0.5242995957655618
0,1763,0.5015121476367664
0,1764,0.6201997585259704
0,1765,0.46022249074613986
0,1766,0.4093077984580243
0,1767,0.5534749507979746
0,1768,0.5718042180562086
0,1769,0.47956893871109735
0,1770,0.7490160329568547
0,1771,0.6818652445088025
0,1772,0.6054593381633895
0,1773,0.38655959189924893
0,1774,0.42903552728415223
0,1775,0.3901301033129958
0,1776,0.5192931839717205
0,1777,0.6489250569942638
0,1778,0.571080672871989
0,1779,0.3544927114787815
0,1780,0.5170406614843167
0,1781,0.5333043078909873
0,1782,0.31077578827348934
0,1783,0.44638557225954123
0,1784,0.3976760078241095
0,1785,0.43860250324603833
0,1786,0.50074226421244
0,1787,0.561171683934083
0,1788,0.6564118336031913
0,1789,0.3684159960683535
0,1790,0.6272886617017581
0,1791,0.42267767978415677
0,1792,0.48695938975351394
0,1793,0.5311532220318269
0,1794,0.7917898172614365
0,1795,0.2832272017780936
0,1796,0.578931046333858
0,1797,0.5834887440678771
0,1798,0.36470961191699547
0,1799,0.40452270056469397
0,1800,0.45178050428453204
0,1801,0.3167094387994395
0,1802,0.6380191707984474
0,1803,0.5218107057098399
0,1804,0.33163539717451485
0,1805,0.607117594121074
0,1806,0.6408064141398133
0,1807,0.5142466847814947
0,1808,0.5900946673551313
0,1809,0.621139188692366
0,1810,0.3948654759656644
0,1811,0.30146670221311817
0,1812,0.35574035381083335
0,1813,0.7576725107660424
0,1814,0.3014389144473354
0,1815,0.3590562457166997
0,1816,0.6492319283497834
0,1817,0.2654359926390467
0,1818,0.30651869020171735
0,1819,0.7725906553246633
0,1820,0.7423587188850921
0,1821,0.5483475111737844
0,1822,0.5322669671933851
0,1823,0.5567974188426279
0,1824,0.4230018052335251
0,1825,0.45058448213633234
0,1826,0.5623563891836066
0,1827,0.49311789425879293
0,1828,0.5965440166939511
0,1829,0.3585130793754319
0,1830,0.2891384609031883
0,1831,0.7413449040843747
0,1832,0.2915432286546528
0,1833,0.2968293081985972
0,1834,0.384284197937602
0,1835,0.3611413612012193
0,1836,0.6292163962502009
0,1837,0.5462138112176713
0,1838,0.47897365140392145
0,1839,0.6140712011319428
0,1840,0.40100076711924093
0,1841,0.5570781571368443
0,1842,0.6876889626716325
0,1843,0.5393962337428142
0,1844,0.6721846873672725
0,1845,0.5173862817592696
0,1846,0.3538341466983996
0,1847,0.6178361001576758
0,1848,0.6053169862502876
0,1849,0.6334520083974954
0,1850,0.5659482775828089
0,1851,0.48379972479053845
0,1852,0.5076881021600851
0,1853,0.5380935966877937
0,1854,0.5507546313192201
0,1855,0.5881252837082045
0,1856,0.665641981290794
0,1857,0.45344494795927753
0,1858,0.44020625285196285
0,1859,0.6137421181605287
0,1860,0.5804722693449957
0,1861,0.4162665395152503
0,1862,0.39442439989247674
0,1863,0.6406533415199884
0,1864,0.6806480965852719
0,1865,0.6420018118291784
0,1866,0.6822805602834928
0,1867,0.6413689076858149
0,1868,0.44237200176375224
0,1869,0.8304008399158272
0,1870,0.5386111837237073
0,1871,0.48882561670549174
0,1872,0.5194568721546755
0,1873,0.48188576673896066
0,1874,0.3749367149344488
0,1875,0.5154124643188467
0,1876,0.733444936349561
0,1877,0.5675408487909138
0,1878,0.6004342304988095
0,1879,0.581690293931907
0,1880,0.3340415863798037
0,1881,0.5352335347684843
0,1882,0.31040633390575906
0,1883,0.7628772957836631
0,1884,0.6524349612450246
0,1885,0.3753548038685989
0,1886,0.501837385058117
0,1887,0.5861465575249152
0,1888,0.3328575434538807
0,1889,0.40406037435630815
0,1890,0.311865114570413
0,1891,0.46657287612375176
0,1892,0.4308579946722304
0,1893,0.569498977820847
0,1894,0.4742669227866311
0,1895,0.5843683066124867
0,1896,0.4267916876710077
0,1897,0.6592477167323245
0,1898,0.6846651487714182
0,1899,0.42286594329545973
0,1900,0.5446117466818272
0,1901,0.5494070202559425
0,1902,0.46790699045935125
0,1903,0.463305216310513
0,1904,0.39735742920203176
0,1905,0.7979325091266652
0,1906,0.42675881967383134
0,1907,0.8020753803598767
0,1908,0.19147016081359422
0,1909,0.2521342062661004
0,1910,0.433874675166257
0,1911,0.446195939849021
0,1912,0.5420346898481806
0,1913,0.494066103482352
0,1914,0.6518017658201571
0,1915,0.410904815999177
0,1916,0.4648079898160581
0,1917,0.5445100661308256
0,1918,0.36122703993073285
0,1919,0.5002098682284257
0,1920,0.41405944613757517
0,1921,0.47784551629110344
0,1922,0.5527933851515716
0,1923,0.5545255911421422
0,1924,0.32730272087977186
0,1925,0.6012549258532662
0,1926,0.6893656458177054
0,1927,0.6056368329597801
0,1928,0.4151963986370575
0,1929,0.6454315872533146
0,1930,0.4438731369791782
0,1931,0.6189005069922594
0,1932,0.45952713353843716
0,1933,0.5169167683438636
0,1934,0.5169167683438636
0,1935,0.5104160679208467
0,1936,0.36295476006397165
0,1937,0.5889102235529577
0,1938,0.5260361658758669
0,1939,0.5203906533593652
0,1940,0.5088350333861791
0,1941,0.26310022855239273
0,1942,0.48578499641680795
0,1943,0.4659207308352693
0,1944,0.4659207308352693
0,1945,0.4027358514302767
0,1946,0.6327465859161726
0,1947,0.47394266209192987
0,1948,0.45437217391673523
0,1949,0.4055883042349816
0,1950,0.6837858594456979
0,1951,0.44793253681601675
0,1952,0.6918389708726069
0,1953,0.35260977717051273
0,1954,0.35260977717051273
0,1955,0.3534553427750868
0,1956,0.7705179980817304
0,1957,0.2931749935252549
0,1958,0.23331040448811483
0,1959,0.3070922729674541
0,1960,0.3139203717870893
0,1961,0.7067619960006634
0,1962,0.30459114205098015
0,1963,0.6368291711979026
0,1964,0.5660368088344965
0,1965,0.4255397757986466
0,1966,0.5217697324164542
0,1967,0.5428437362180757
0,1968,0.5696180351919689
0,1969,0.5230397728062152
0,1970,0.4658821448718511
0,1971,0.5467396173929355
0,1972,0.4554407897444865
0,1973,0.34494489730099454
0,1974,0.42964395047271425
0,1975,0.6103700573813473
0,1976,0.4906812306857411
0,1977,0.552430336688437
0,1978,0.4712437430008406
0,1979,0.4384934817447082
0,1980,0.326541362328224
0,1981,0.7389752077626558
0,1982,0.7550010291873249
0,1983,0.7266767841767924
0,1984,0.20231731219502813
0,1985,0.6908131737727446
0,1986,0.38731164422118947
0,1987,0.7257790028739061
0,1988,0.3632677754407628
0,1989,0.6458696790618539
0,1990,0.4382832459685002
0,1991,0.34540112959084146
0,1992,0.6974268558118936
0,1993,0.5479192124069306
0,1994,0.6198307069180331
0,1995,0.2716652976548552
0,1996,0.24692002564772034
0,1997,0.7903339471909577
0,1998,0.5826035038487413
0,1999,0.6191243357575055
0,2000,0.4638252893216548
0,2001,0.6553507340001129
0,2002,0.4550302270455583
0,2003,0.4295991486354044
0,2004,0.5642575158606549
0,2005,0.6703568757123864
0,2006,0.1717509047857618
0,2007,0.5607721834517932
0,2008,0.4637143177976614
0,2009,0.47770575652521285
0,2010,0.4521589566642389
0,2011,0.49701454770667935
0,2012,0.4861217118507969
0,2013,0.48983821427963925
0,2014,0.5732801952346496
0,2015,0.4882415518297225
0,2016,0.5625777742772237
0,2017,0.6012510490534458
0,2018,0.6136166488485972
0,2019,0.41692134920360174
0,2020,0.6165537020842167
0,2021,0.3446808912964399
0,2022,0.6532825587510424
0,2023,0.23100939833513331
0,2024,0.27055513856330643
0,2025,0.3656494719420346
0,2026,0.47147560553754164
0,2027,0.5286146208191471
0,2028,0.3586957463039412
0,2029,0.6245859174321348
0,2030,0.360783181646723
0,2031,0.5130830316366047
0,2032,0.6640676975609824
0,2033,0.5876714417193704
0,2034,0.5675667474628815
0,2035,0.33595229189003767
0,2036,0.3882116605141076
0,2037,0.4174907915901417
0,2038,0.5126166064133731
0,2039,0.7347593567725818
0,2040,0.7506182734900478
0,2041,0.8304030266375969
0,2042,0.8247899748478718
0,2043,0.17968682197561023
0,2044,0.8514419302075066
0,2045,0.6809233190769931
0,2046,0.6102231593389363
0,2047,0.7653930911783137
0,2048,0.6443411207610802
0,2049,0.2989812286999541
0,2050,0.5878573141284543
0,2051,0.5788889297454255
0,2052,0.5425742920695158
0,2053,0.3844403937669535
0,2054,0.5568104553159147
0,2055,0.4547411233133673
0,2056,0.34843200527784735
0,2057,0.6782713296668457
0,2058,0.25673538615600655
0,2059,0.30495016525978286
0,2060,0.3955955603980017
0,2061,0.5177977942136797
0,2062,0.4886322890054792
0,2063,0.5922361257692748
0,2064,0.6024889240384675
0,2065,0.4097079523320872
0,2066,0.3561666917208316
0,2067,0.28168744242321114
0,2068,0.4236663738855355
0,2069,0.5781090241149114
0,2070,0.3927165432560468
0,2071,0.5849291302442956
0,2072,0.6059263351510719
0,2073,0.5671423869314787
0,2074,0.6015972720536849
0,2075,0.392615556839502
0,2076,0.7170682136948165
0,2077,0.5178275235816285
0,2078,0.6099563192389612
0,2079,0.4240688946136124
0,2080,0.4018418831534502
0,2081,0.8054874915030255
0,2082,0.8131430418571673
0,2083,0.2326076799115685
0,2084,0.6743347612809371
0,2085,0.5153098002483982
0,2086,0.27123867037977467
0,2087,0.5750062060114814
0,2088,0.47462172856195933
0,2089,0.5010312109305478
0,2090,0.5290830451753984
0,2091,0.5330286754605238
0,2092,0.6206826523535948
0,2093,0.3591411181280567
0,2094,0.47015847003524036
0,2095,0.7642005186969337
0,2096,0.8123400399212255
0,2097,0.5493298941163735
0,2098,0.46306018336981286
0,2099,0.2639253263574337
0,2100,0.2707900180805521
0,2101,0.37593263629245216
0,2102,0.5553607711141926
0,2103,0.6923692628976026
0,2104,0.6645576120711758
0,2105,0.7003141948832765
0,2106,0.39382983189014736
0,2107,0.7391550046894158
0,2108,0.45486953026785226
0,2109,0.11035329061950133
0,2110,0.39589061205614645
0,2111,0.6024164893044748
0,2112,0.3349616226357997
0,2113,0.6896209558128775
0,2114,0.6965135268697992
0,2115,0.4016048142634692
0,2116,0.4187893308765597
0,2117,0.5182056437359245
0,2118,0.3624262709006165
0,2119,0.6578304374356642
0,2120,0.38419585401728895
0,2121,0.3205479483157155
0,2122,0.6788610946867047
0,2123,0.5920711554987064
0,2124,0.36180127790612354
0,2125,0.7035488302880379
0,2126,0.32590572391335354
0,2127,0.708017557495925
0,2128,0.37828513916782247
0,2129,0.4028953237026219
0,2130,0.613885463271766
0,2131,0.6016598344802861
0,2132,0.6213678867625739
0,2133,0.40342922498182954
0,2134,0.5758760738215932
0,2135,0.6388196171721887
0,2136,0.6796107016140869
0,2137,0.3225967603856343
0,2138,0.4800276615894496
0,2139,0.7781684984912698
0,2140,0.29613485866739553
0,2141,0.6571431154253987
0,2142,0.5205395560312256
0,2143,0.532753765794221
0,2144,0.5209825142836877
0,2145,0.5424536271110093
0,2146,0.4067071146711297
0,2147,0.21292435072364532
0,2148,0.10379756645909607
0,2149,0.3292720299067232
0,2150,0.5432729507794152
0,2151,0.4980485704609606
0,2152,0.6019601530756503
0,2153,0.42221403309780275
0,2154,0.49653962994007805
0,2155,0.5566375209307769
0,2156,0.37799813362480483
0,2157,0.1526860055616099
0,2158,0.8162382743157438
0,2159,0.7947442817500243
0,2160,0.834288616913071
0,2161,0.6819454429418782
0,2162,0.7662786591491535
0,2163,0.6375334998358764
0,2164,0.522432556942583
0,2165,0.4197634118124353
0,2166,0.6072638436610123
0,2167,0.4874863127140851
0,2168,0.5798978299526614
0,2169,0.4824262115833967
0,2170,0.4513526852060063
0,2171,0.5448434432444976
0,2172,0.4468420082911444
0,2173,0.5448417816404468
0,2174,0.589390609726021
0,2175,0.6871797633819829
0,2176,0.5597948418333063
0,2177,0.6786006038875416
0,2178,0.613887894739786
0,2179,0.4207184359751696
0,2180,0.491360727376767
0,2181,0.7347326300722481
0,2182,0.7322408867259643
0,2183,0.42801137355904134
0,2184,0.4827601463374094
0,2185,0.4827601463374094
0,2186,0.35326296448046196
0,2187,0.5841499508211738
0,2188,0.4192518434588723
0,2189,0.5810026866188148
0,2190,0.8447782357335906
0,2191,0.7797970321813478
0,2192,0.6490460809088586
0,2193,0.4042943618347121
0,2194,0.3871310321798326
0,2195,0.6340228338500968
0,2196,0.25487970567079915
0,2197,0.31546270498785167
0,2198,0.35880469732646386
0,2199,0.6378989663146246
0,2200,0.34638597985045394
0,2201,0.3475945125722943
0,2202,0.5286316546356684
0,2203,0.5163926636935895
0,2204,0.5318140422324752
0,2205,0.4030859844246766
0,2206,0.7603280777498945
0,2207,0.5672587336430231
0,2208,0.5150103502642623
0,2209,0.5748842365841992
0,2210,0.32381556149544194
0,2211,0.6545325321341533
0,2212,0.6725102960717695
0,2213,0.7252082862579827
0,2214,0.5990751448984803
0,2215,0.5955885294918818
0,2216,0.47629523358568027
0,2217,0.5191801355844211
0,2218,0.6335719273756155
0,2219,0.40893739196359763
0,2220,0.3067256776590786
0,2221,0.5454235579017592
0,2222,0.6783073067286444
0,2223,0.3043954511006759
0,2224,0.32179362697884695
0,2225,0.3048181180934918
0,2226,0.22405638665668867
0,2227,0.23131484769124092
0,2228,0.22803341617427872
0,2229,0.24999574613025574
0,2230,0.3242350618420411
0,2231,0.7585334596805051
0,2232,0.42780022380781724
0,2233,0.6080388872775189
0,2234,0.3052694253100558
0,2235,0.3611809283166551
0,2236,0.256629869922579
0,2237,0.49061359329256576
0,2238,0.3503932027255934
0,2239,0.4858363970764419
0,2240,0.5375934851765799
0,2241,0.5171813653362562
0,2242,0.5497184052244264
0,2243,0.3764934851452841
0,2244,0.6200140128631565
0,2245,0.44513875796329105
0,2246,0.4633010196774584
0,2247,0.5293324620639429
0,2248,0.6744592914006303
0,2249,0.700012840897483
0,2250,0.5481524733585003
0,2251,0.42918369590510497
0,2252,0.546425317705355
0,2253,0.6779671268302121
0,2254,0.358817295395649
0,2255,0.5592113740943502
0,2256,0.5193791626651072
0,2257,0.4409072025358358
0,2258,0.5990943528317311
0,2259,0.4920809946709007
0,2260,0.5936442603203551
0,2261,0.6113226418559966
0,2262,0.5736553010482621
0,2263,0.5821844396747367
0,2264,0.5151579045112893
0,2265,0.6195138696743475
0,2266,0.3243177230747321
0,2267,0.38291477802998075
0,2268,0.4657426622714676
0,2269,0.5736666546423334
0,2270,0.627216372286131
0,2271,0.5608432036467961
0,2272,0.5007081972196153
0,2273,0.2973068888149754
0,2274,0.1832395381311656
0,2275,0.8271865204553037
0,2276,0.20238081226288018
0,2277,0.7584297237179215
0,2278,0.4451498859319443
0,2279,0.5357436405699078
0,2280,0.5810211426160915
0,2281,0.38068061584793406
0,2282,0.6733108388242449
0,2283,0.37302123540733545
0,2284,0.2890164601917761
0,2285,0.3764645559107567
0,2286,0.3949531002781062
0,2287,0.6111439131160719
0,2288,0.5301080948606128
0,2289,0.5707727728383941
0,2290,0.4317177409539237
0,2291,0.5616605208165774
0,2292,0.6273411425829373
0,2293,0.33492920103613777
0,2294,0.3130389157203114
0,2295,0.5365010916302565
0,2296,0.5014506228039534
0,2297,0.5531162279218228
0,2298,0.3250679152249111
0,2299,0.5777708350577064
0,2300,0.5686533407011983
0,2301,0.4190046977157948
0,2302,0.4445306053416821
0,2303,0.436798248707423
0,2304,0.6319574156337614
0,2305,0.6576603808735237
0,2306,0.6457966913577319
0,2307,0.7451819087685697
0,2308,0.8428184853124182
0,2309,0.7010928430772743
0,2310,0.39432691570282635
0,2311,0.2785195053550565
0,2312,0.5602783452729074
0,2313,0.7088780099183642
0,2314,0.5838415644362412
0,2315,0.4337990356494617
0,2316,0.5416523536430422
0,2317,0.42581812944097275
0,2318,0.41111963839436094
0,2319,0.5095032681505015
0,2320,0.390645398468107
0,2321,0.5649166265982501
0,2322,0.4591073950783004
0,2323,0.5283821642027058
0,2324,0.585326601893238
0,2325,0.5316575922128048
0,2326,0.7331255346409925
0,2327,0.6884232751153999
0,2328,0.4171290993736871
0,2329,0.4394634304089275
0,2330,0.48808064269279633
0,2331,0.4158526629805487
0,2332,0.5325890124681566
0,2333,0.3568982523853405
0,2334,0.6589143130447382
0,2335,0.4509479525631789
0,2336,0.6670298258711019
0,2337,0.5627725054225079
0,2338,0.5304078378422354
0,2339,0.6211371873860079
0,2340,0.6378755244468625
0,2341,0.7820924950150304
0,2342,0.36708106449394706
0,2343,0.5077310158667719
0,2344,0.7150858513195844
0,2345,0.5593467267694628
0,2346,0.47330825938804033
0,2347,0.6114336254788103
0,2348,0.5879628012940222
0,2349,0.3485921747229436
0,2350,0.29048561899710157
0,2351,0.5802401606322237
0,2352,0.5608999725431387
0,2353,0.5094314807817665
0,2354,0.4862797273244136
0,2355,0.4103076261703776
0,2356,0.5464692079586118
0,2357,0.44972452790171435
0,2358,0.5296754518933513
0,2359,0.3460829450150965
0,2360,0.4214122455048726
0,2361,0.7707648206274146
0,2362,0.4623351171282623
0,2363,0.28535078224704163
0,2364,0.7758151507483751
0,2365,0.6429409405332218
0,2366,0.28345544363665626
0,2367,0.6362570623634887
0,2368,0.27799599404197456
0,2369,0.5896425328246891
0,2370,0.7029620168398294
0,2371,0.7298350516530514
0,2372,0.49876638606810547
0,2373,0.5537162352735406
0,2374,0.6419667073747519
0,2375,0.5136141995328332
0,2376,0.49879372641442243
0,2377,0.7252226874623597
0,2378,0.6986864479929513
0,2379,0.6797744538164405
0,2380,0.3928929906137625
0,2381,0.3823503440313012
0,2382,0.3966183534657274
0,2383,0.5825075370375038
0,2384,0.41705451630475937
0,2385,0.6248721793207438
0,2386,0.6853660697993065
0,2387,0.6660377640350501
0,2388,0.40544520908738035
0,2389,0.49389229638308546
0,2390,0.5387039908906573
0,2391,0.6170017435037389
0,2392,0.6285988976231616
0,2393,0.5504773624452155
0,2394,0.5317422033827486
0,2395,0.6792512716568025
0,2396,0.6884632288546684
0,2397,0.3272205717650739
0,2398,0.43279020575828275
0,2399,0.39742076274903987
0,2400,0.40099342672591204
0,2401,0.4774293689639061
0,2402,0.5180161524118881
0,2403,0.5397751181482442
0,2404,0.5324680009846424
0,2405,0.3522865232944781
0,2406,0.6514230194474168
0,2407,0.6666508914260758
0,2408,0.544517297042898
0,2409,0.6099078598358715
0,2410,0.4523111415118908
0,2411,0.6007481526908508
0,2412,0.4126469618904656
0,2413,0.4886523323951321
0,2414,0.4836171392316892
0,2415,0.3527809624185471
0,2416,0.40891146119780414
0,2417,0.716518532851914
0,2418,0.3837522160933584
0,2419,0.48317054302427337
0,2420,0.7380720519953884
0,2421,0.3898458363636081
0,2422,0.5781536501553
0,2423,0.41558834848670906
0,2424,0.678462566247132
0,2425,0.48919397606063547
0,2426,0.5782998004070194
0,2427,0.5115527238195675
0,2428,0.5829118788477364
0,2429,0.5301590355579808
0,2430,0.5032745346034063
0,2431,0.4979386259899962
0,2432,0.637612484001483
0,2433,0.5756958840853934
0,2434,0.6657143123847983
0,2435,0.41646391589016424
0,2436,0.44706130226072166
0,2437,0.5855389357420719
0,2438,0.39092045085951704
0,2439,0.41164945829001465
0,2440,0.5951947389837673
0,2441,0.6378079146256935
0,2442,0.6370454251926455
0,2443,0.6389661563504073
0,2444,0.5538870593424116
0,2445,0.37221557853379705
0,2446,0.6647741262954588
0,2447,0.5213465090769208
0,2448,0.5945573418079464
0,2449,0.5228580498450892
0,2450,0.5982606149232755
0,2451,0.5095328320997501
0,2452,0.3438300516892849
0,2453,0.6566939137774115
0,2454,0.4046127925865386
0,2455,0.5012367772144595
0,2456,0.49680104404570746
0,2457,0.40592451373214283
0,2458,0.6143279161358166
0,2459,0.470114845659191
0,2460,0.3964157053937654
0,2461,0.5503291628022011
0,2462,0.4492632565777283
0,2463,0.6079416781866885
0,2464,0.5706073888577772
0,2465,0.554160061985485
0,2466,0.4257301937161215
0,2467,0.6831335203248925
0,2468,0.4123653388087543
0,2469,0.534282214032774
0,2470,0.44775065387943214
0,2471,0.44775776337023676
0,2472,0.47039401647473494
0,2473,0.6438476060617403
0,2474,0.7600602318354556
0,2475,0.7083142682163438
0,2476,0.6397135996055403
0,2477,0.6628112695382465
0,2478,0.3849948497147237
0,2479,0.5616258900239153
0,2480,0.27064278080983095
0,2481,0.22408765067026062
0,2482,0.6299408267455221
0,2483,0.686990242524315
0,2484,0.5373835452796554
0,2485,0.532046557908419
0,2486,0.5648607300197759
0,2487,0.34767172724145806
0,2488,0.4494832056382129
0,2489,0.4097591083538645
0,2490,0.44014767062860566
0,2491,0.6082297809023798
0,2492,0.341105196379595
0,2493,0.6893838376919255
0,2494,0.40984713272865375
0,2495,0.5892903334125204
0,2496,0.35080243911755293
0,2497,0.5040771033005254
0,2498,0.6930697597242489
0,2499,0.6469537636798779
0,2500,0.43180931794018146
0,2501,0.3669730475003431
0,2502,0.35267230940740374
0,2503,0.38891237101132214
0,2504,0.6064538201490222
0,2505,0.4828000714487244
0,2506,0.25107076785533705
0,2507,0.43257740483240587
0,2508,0.6044046650102537
0,2509,0.819388622925776
0,2510,0.22951378906301814
0,2511,0.2696988777691015
0,2512,0.3707151595281501
0,2513,0.5757892265605394
0,2514,0.7963008946268815
0,2515,0.6475776211614717
0,2516,0.4655899413408642
0,2517,0.4750487684918494
0,2518,0.47731551270687633
0,2519,0.41535698989388775
0,2520,0.4293328731459445
0,2521,0.529839185405853
0,2522,0.5311360702141836
0,2523,0.36824627121475767
0,2524,0.33525529099547396
0,2525,0.50309335246008
0,2526,0.5369750842651481
0,2527,0.5668309296017353
0,2528,0.428632880684071
0,2529,0.48935507731972777
0,2530,0.5399210139691061
0,2531,0.2680868206930294
0,2532,0.6174547099143445
0,2533,0.39011317436553955
0,2534,0.6926307304894341
0,2535,0.4147915793316261
0,2536,0.8058780812002756
0,2537,0.4592380381259288
0,2538,0.6353563661598755
0,2539,0.5453202843688528
0,2540,0.5300384384017172
0,2541,0.4191546372696988
0,2542,0.3719220690116111
0,2543,0.6594027954588554
0,2544,0.5232139016273915
0,2545,0.4836084040329637
0,2546,0.5645543869988121
0,2547,0.48116297572691324
0,2548,0.36946554604033754
0,2549,0.447001763772695
0,2550,0.4488827231014198
0,2551,0.45285736952601163
0,2552,0.296508053630582
0,2553,0.4662061517337034
0,2554,0.5838136303178257
0,2555,0.2508046895677874
0,2556,0.8175240895393464
0,2557,0.2401922760431805
0,2558,0.3246474637843776
0,2559,0.5341178867465054
0,2560,0.4281274053440629
0,2561,0.5273613112532288
0,2562,0.5321842501834989
0,2563,0.40683950126131774
0,2564,0.46751553078102576
0,2565,0.5056481302261993
0,2566,0.5877023976913118
0,2567,0.6267793610067048
0,2568,0.6363152908067116
0,2569,0.4334035557152174
0,2570,0.586026298166211
0,2571,0.6081396696357703
0,2572,0.6666817475011625
0,2573,0.3672833227910921
0,2574,0.6764053048235807
0,2575,0.7957122543991472
0,2576,0.502006722685012
0,2577,0.5556220886473708
0,2578,0.6239661100643626
0,2579,0.5217112443264539
0,2580,0.5644661001443506
0,2581,0.4592639038717613
0,2582,0.5291785982854452
0,2583,0.5304844956296841
0,2584,0.4620883317725044
0,2585,0.3587089975569703
0,2586,0.41201407827084746
0,2587,0.6609383469739378
0,2588,0.6131063775924662
0,2589,0.4174466778314809
0,2590,0.492423464856127
0,2591,0.6458482019132382
0,2592,0.6490492822798992
0,2593,0.5194021907420707
0,2594,0.5417986259567306
0,2595,0.5586705393989464
0,2596,0.4488942943910992
0,2597,0.43692934371270997
0,2598,0.6190981227202182
0,2599,0.6101336577333603
0,2600,0.6145981815638479
0,2601,0.6368812438126875
0,2602,0.6085515514264139
0,2603,0.6472124384043726
0,2604,0.6901398916921354
0,2605,0.4199381192991914
0,2606,0.5010622657343747
0,2607,0.5118020719208014
0,2608,0.31334651003385333
0,2609,0.3002399930233601
0,2610,0.765396440410518
0,2611,0.3732794290461566
0,2612,0.46858972629245627
0,2613,0.4506467958436588
0,2614,0.7809613192082518
0,2615,0.6850177000032915
0,2616,0.8719123849774922
0,2617,0.5344225464217847
0,2618,0.5606732110065357
0,2619,0.6020148739856639
0,2620,0.5334471685946746
0,2621,0.5611364309418708
0,2622,0.28591531493432937
0,2623,0.5730398286369106
0,2624,0.4422537709742453
0,2625,0.48566754465570117
0,2626,0.4771839629743243
0,2627,0.5994420767976756
0,2628,0.5328720050317067
0,2629,0.4602306064451766
0,2630,0.5970761045054073
0,2631,0.4457513714443433
0,2632,0.4524755005882981
0,2633,0.46802994293369765
0,2634,0.5454466893204383
0,2635,0.5261212614902784
0,2636,0.48774936326777396
0,2637,0.5260522084653403
0,2638,0.6145026131053648
0,2639,0.4182906907205204
0,2640,0.6325040413863565
0,2641,0.48212470356236836
0,2642,0.5987313042328698
0,2643,0.4200554279969761
0,2644,0.4214879312038331
0,2645,0.26288102307887357
0,2646,0.3193145896685372
0,2647,0.354183241734309
0,2648,0.6884630824538593
0,2649,0.47485920812833077
0,2650,0.6144452319137802
0,2651,0.521378269730059
0,2652,0.5409947229365739
0,2653,0.4863835370450687
0,2654,0.5250123467613129
0,2655,0.599599628308462
0,2656,0.648821994750791
0,2657,0.6084933768557882
0,2658,0.5111976987767949
0,2659,0.34636000255146737
0,2660,0.42553719662127687
0,2661,0.632235861098222
0,2662,0.45751222481265463
0,2663,0.5446104038879961
0,2664,0.47557893105706445
0,2665,0.6487549329091759
0,2666,0.4060279916812817
0,2667,0.23995002643051525
0,2668,0.38409322777212
0,2669,0.5528614740579662
0,2670,0.4859118852451483
0,2671,0.45832791623136404
0,2672,0.5858361725972301
0,2673,0.8099600924836705
0,2674,0.6379465222695988
0,2675,0.5796695925085175
0,2676,0.3578440027473302
0,2677,0.3290967071835519
0,2678,0.4887430844876735
0,2679,0.40506835312921674
0,2680,0.5403616712111077
0,2681,0.47192650672670844
0,2682,0.5613947952363081
0,2683,0.6436463663399292
0,2684,0.30639675424225726
0,2685,0.184189808934775
0,2686,0.15589213703582483
0,2687,0.31405758259239946
0,2688,0.5313644002600129
0,2689,0.5202824107142547
0,2690,0.31618138099971405
0,2691,0.5052858649900721
0,2692,0.35562193355926236
0,2693,0.7240788631641769
0,2694,0.7115753261391825
0,2695,0.5512519046319971
0,2696,0.5391110423893088
0,2697,0.5269916487335795
0,2698,0.4938393257170822
0,2699,0.5252487825716895
0,2700,0.5742783354609666
0,2701,0.5009100582847533
0,2702,0.589630744527968
0,2703,0.6408836116049412
0,2704,0.5925071711942976
0,2705,0.660807505755918
0,2706,0.6926562379649798
0,2707,0.669587693672524
0,2708,0.522252632846517
0,2709,0.48500906790867127
0,2710,0.624396371067902
0,2711,0.6135621751933387
0,2712,0.24924413151744038
0,2713,0.6678631926787616
0,2714,0.5405128595789704
0,2715,0.43505458479225556
0,2716,0.4840637783566797
0,2717,0.4802121929197321
0,2718,0.5459872687607245
0,2719,0.4620083886712163
0,2720,0.4504342734917191
0,2721,0.5630257119997948
0,2722,0.47879149892052386
0,2723,0.5783253020689486
0,2724,0.3839321888207686
0,2725,0.2304265174416338
0,2726,0.5700248191157652
0,2727,0.551333735606875
0,2728,0.558608781563274
0,2729,0.6078668749030188
0,2730,0.4614811977495858
0,2731,0.286533365042274
0,2732,0.43272719190641534
0,2733,0.4455366128054319
0,2734,0.5458864529924002
0,2735,0.4304093757327237
0,2736,0.3259515903584295
0,2737,0.6671379266505295
0,2738,0.6029805922319168
0,2739,0.6772289905080612
0,2740,0.5827317667270338
0,2741,0.4093617743372259
0,2742,0.6072120869704871
0,2743,0.610285073217984
0,2744,0.5579588158465729
0,2745,0.5849130746297404
0,2746,0.572064633698706
0,2747,0.6327246294646813
0,2748,0.48042911819110684
0,2749,0.5611654471253406
0,2750,0.47448477247722803
0,2751,0.38290690884572853
0,2752,0.5058524695166294
0,2753,0.5918048822658059
0,2754,0.5661883675879837
0,2755,0.42688194341857266
0,2756,0.7085468416088686
0,2757,0.34707701423203396
0,2758,0.28028884749270017
0,2759,0.5092180903557041
0,2760,0.5396026677256506
0,2761,0.507539295435568
0,2762,0.4340758415546007
0,2763,0.6640925358028252
0,2764,0.7794295612626927
0,2765,0.4438548622062069
0,2766,0.3858390843597614
0,2767,0.4954125675827834
0,2768,0.38472991210758983
0,2769,0.47151623972163625
0,2770,0.6635620461756854
0,2771,0.36772705268665
0,2772,0.6667251691884174
0,2773,0.5249051253006874
0,2774,0.42711984998483005
0,2775,0.7302806402720944
0,2776,0.4863101187359665
0,2777,0.6153431107916698
0,2778,0.5723608947400974
0,2779,0.5980676449913721
0,2780,0.41176797548495153
0,2781,0.34917948358816153
0,2782,0.5295250548941424
0,2783,0.4657874795688946
0,2784,0.4719872929782227
0,2785,0.33315364492909766
0,2786,0.5104472501492407
0,2787,0.7103244558914714
0,2788,0.4416354405191524
0,2789,0.5891814872660976
0,2790,0.6491079962451933
0,2791,0.3874484346353359
0,2792,0.2944684456943119
0,2793,0.7407905511395705
0,2794,0.7364421309957272
0,2795,0.3994282876008362
0,2796,0.30207916226729864
0,2797,0.30401080440142403
0,2798,0.3771022379910885
0,2799,0.4781051750826355
0,2800,0.4049726991913021
0,2801,0.4909170098150023
0,2802,0.7162902382159941
0,2803,0.49071550015003523
0,2804,0.6566661215340859
0,2805,0.6828946836274598
0,2806,0.7661244895978709
0,2807,0.6572085503912829
0,2808,0.24457859844678542
0,2809,0.6090363725422068
0,2810,0.38482307989398973
0,2811,0.3993316128091567
0,2812,0.5368216926403016
0,2813,0.5938290346326653
0,2814,0.584557492539907
0,2815,0.42654178333260867
0,2816,0.535870512397067
0,2817,0.5388522310935375
0,2818,0.6888820366915521
0,2819,0.3007766872751138
0,2820,0.6505268183110698
0,2821,0.6678141432437347
0,2822,0.4182824486517299
0,2823,0.35763254232584696
0,2824,0.5670553678701431
0,2825,0.5239632847386038
0,2826,0.524331560572371
0,2827,0.4667816281071827
0,2828,0.6086005763698683
0,2829,0.3922172901688582
0,2830,0.1407846369057569
0,2831,0.12757798288403358
0,2832,0.10227139830022793
0,2833,0.1288330576500392
0,2834,0.5868671868620228
0,2835,0.558978876266486
0,2836,0.5110583760712809
0,2837,0.5517684779477371
0,2838,0.7558703813873758
0,2839,0.7362314337701085
0,2840,0.6255474499434411
0,2841,0.44836508563910576
0,2842,0.4982664722444578
0,2843,0.6144360928910368
0,2844,0.600138393425023
0,2845,0.6406615717616361
0,2846,0.6628959421172617
0,2847,0.4102577255220169
0,2848,0.41960707628990723
0,2849,0.6334655322917606
0,2850,0.501687848839119
0,2851,0.5356216807296816
0,2852,0.5910868869107426
0,2853,0.5228932561428655
0,2854,0.4600559279524484
0,2855,0.4581693188370438
0,2856,0.4352072771978397
0,2857,0.37982908680691474
0,2858,0.4413165404378156
0,2859,0.5667529079796653
0,2860,0.5303101197142247
0,2861,0.33422795419942775
0,2862,0.555232536452298
0,2863,0.33353803053875114
0,2864,0.7002268300205305
0,2865,0.43682982481259003
0,2866,0.6147467484633113
0,2867,0.5846860824129688
0,2868,0.39248128990307235
0,2869,0.463935403738793
0,2870,0.7268903058345818
0,2871,0.5744926519134991
0,2872,0.4751190421521952
0,2873,0.6247142262408333
0,2874,0.6549009516480676
0,2875,0.6015438284801768
0,2876,0.49400723815253417
0,2877,0.37479529419741303
0,2878,0.41974614289961115
0,2879,0.6033644750840147
0,2880,0.4152865501353594
0,2881,0.4320022266107993
0,2882,0.40040485107281065
0,2883,0.7268001497991265
0,2884,0.6473757446713201
0,2885,0.47469631602331075
0,2886,0.5198961850606776
0,2887,0.42743432048505775
0,2888,0.5428461482036682
0,2889,0.3428919608458704
0,2890,0.3377476957320557
0,2891,0.4039641108827475
0,2892,0.7106767095773552
0,2893,0.43078049642333527
0,2894,0.6315647799213252
0,2895,0.4494995282571703
0,2896,0.5483202841535927
0,2897,0.6512122964380972
0,2898,0.6237949275366047
0,2899,0.5593521146176689
0,2900,0.42760995115807987
0,2901,0.6223516999419045
0,2902,0.6422583336982542
0,2903,0.7537031005931992
0,2904,0.768685259406914
0,2905,0.7063575588349742
0,2906,0.33927588296460987
0,2907,0.4839073655422116
0,2908,0.6290537122890192
0,2909,0.45226274568991714
0,2910,0.6200706915411947
0,2911,0.6649704832880069
0,2912,0.6564808846143407
0,2913,0.6303283610267237
0,2914,0.3834695035927206
0,2915,0.6485278013637839
0,2916,0.4855608788681206
0,2917,0.4055991782360176
0,2918,0.5026650362882814
0,2919,0.404351029344744
0,2920,0.47181000358768255
0,2921,0.5724019307547032
0,2922,0.4390627458226082
0,2923,0.5917960086581451
0,2924,0.4604808218931839
0,2925,0.5625635448588928
0,2926,0.5972722939121583
0,2927,0.3193216207660684
0,2928,0.33615978778724015
0,2929,0.5378251151338309
0,2930,0.5283307006908684
0,2931,0.5793420517709383
0,2932,0.608143142623962
0,2933,0.8294486493746367
0,2934,0.7325667190515234
0,2935,0.7649220046842936
0,2936,0.7534250784511565
0,2937,0.28377755629673707
0,2938,0.7110337688133086
0,2939,0.5381111117399952
0,2940,0.5569455458757037
0,2941,0.5532331352056166
0,2942,0.5502561415894247
0,2943,0.33414056989833124
0,2944,0.3293740081113786
0,2945,0.5729265089237652
0,2946,0.6995277387830046
0,2947,0.3303658322815715
0,2948,0.3746520180017662
0,2949,0.623259688923949
0,2950,0.4266859550994521
0,2951,0.5539901761445366
0,2952,0.5812641964867342
0,2953,0.4114851625643232
0,2954,0.468944018745201
0,2955,0.4899143088507515
0,2956,0.7539739944228916
0,2957,0.322704795824993
0,2958,0.37238758414694345
0,2959,0.4846029036471739
0,2960,0.3320889857127651
0,2961,0.6150626291834634
0,2962,0.4554985644915403
0,2963,0.591843287224389
0,2964,0.7641208899487248
0,2965,0.5550561114071414
0,2966,0.40372061175481727
0,2967,0.3500340922104767
0,2968,0.6335668981245701
0,2969,0.4685097578237048
0,2970,0.579317712026041
0,2971,0.5236286494369606
0,2972,0.6490432765371631
0,2973,0.6640268094072436
0,2974,0.6720519930285286
0,2975,0.26434247565233787
0,2976,0.5504202873889842
0,2977,0.6807494249129291
0,2978,0.37262683161748955
0,2979,0.6818305223750372
0,2980,0.4914518317584796
0,2981,0.3774802193032946
0,2982,0.3720398073314745
0,2983,0.687915349725848
0,2984,0.6283522328176867
0,2985,0.40710610644879774
0,2986,0.36513595337953264
0,2987,0.5215660778528625
0,2988,0.38070023824571986
0,2989,0.6083489358363643
0,2990,0.498439802611034
0,2991,0.37519371975095583
0,2992,0.3738723335943775
0,2993,0.47211230887217787
0,2994,0.46462085477379184
0,2995,0.5797799955844349
0,2996,0.5015740288500591
0,2997,0.5557769645912077
0,2998,0.44270592400815595
0,2999,0.32464224766249034
0,3000,0.5672536259146375
0,3001,0.5830618543136403
0,3002,0.7002863050764541
0,3003,0.5600117222369094
0,3004,0.5898774276019008
0,3005,0.5779474609047689
0,3006,0.5951471718428445
0,3007,0.5775019953901674
0,3008,0.4365074851181448
0,3009,0.5014221687779679
0,3010,0.5709143450128605
0,3011,0.4471355471609009
0,3012,0.5713167656396484
0,3013,0.545909022635226
0,3014,0.7570876020237423
0,3015,0.37873452644382943
0,3016,0.7324626832206717
0,3017,0.7467438966367747
0,3018,0.7266503082987745
0,3019,0.3854972038030541
0,3020,0.5800722155508198
0,3021,0.6097421949087705
0,3022,0.33118266035099425
0,3023,0.4933425731790522
0,3024,0.7902551976750373
0,3025,0.5397408895060846
0,3026,0.5975819283724283
0,3027,0.5295192005227202
0,3028,0.2716443357522145
0,3029,0.36139454957189815
0,3030,0.5509691649454979
0,3031,0.884541870107642
0,3032,0.3241863394521913
0,3033,0.4903427944789133
0,3034,0.5484197549346993
0,3035,0.3823929154892895
0,3036,0.6255157537535693
0,3037,0.7342220184060813
0,3038,0.6563572807961112
0,3039,0.470598588635625
0,3040,0.5297225032892775
0,3041,0.4702782887515614
0,3042,0.4605299635227178
0,3043,0.6950206118610625
0,3044,0.6299096327573296
0,3045,0.6394274425247352
0,3046,0.6546288642590047
0,3047,0.4788775244781737
0,3048,0.648466940806316
0,3049,0.641912488020918
0,3050,0.5026377371026723
0,3051,0.46442206516480095
0,3052,0.5804878573641914
0,3053,0.474428318195403
0,3054,0.5542630327932762
0,3055,0.6225971444652592
0,3056,0.3868693946795275
0,3057,0.491232874464835
0,3058,0.5772106896308551
0,3059,0.37679494570884253
0,3060,0.6500274171562669
0,3061,0.5820990233012798
0,3062,0.5945148384260689
0,3063,0.5511962182100335
0,3064,0.4421983688860425
0,3065,0.7300782428637137
0,3066,0.3087544243377326
0,3067,0.34777934550646133
0,3068,0.5057995334826807
0,3069,0.5231323431168612
0,3070,0.3678374537694469
0,3071,0.573277902304018
0,3072,0.48497220277144765
0,3073,0.6338873990150263
0,3074,0.6092393388673705
0,3075,0.4815125134705956
0,3076,0.3960076718323297
0,3077,0.4341226426590008
0,3078,0.45958943600967145
0,3079,0.5318430807512486
0,3080,0.7293708396646111
0,3081,0.41747735814677644
0,3082,0.4736710831118557
0,3083,0.38410650541247504
0,3084,0.6790619055554002
0,3085,0.6957421600164063
0,3086,0.43626949059865533
0,3087,0.37745736330511687
0,3088,0.5310016489597313
0,3089,0.6117924002697234
0,3090,0.6918208967013005
0,3091,0.39799282242448936
0,3092,0.5288493693646162
0,3093,0.6523722427997642
0,3094,0.3679904669420613
0,3095,0.3570459729332347
0,3096,0.6543536223505477
0,3097,0.38809289077849823
0,3098,0.16539065080156257
0,3099,0.292566657475501
0,3100,0.581183984478889
0,3101,0.6522516692341612
0,3102,0.6030231439373555
0,3103,0.4482945293835357
0,3104,0.5712294563111288
0,3105,0.5661750181838785
0,3106,0.3797444711563382
0,3107,0.46702498288112826
0,3108,0.5925742798256456
0,3109,0.4659610078354609
0,3110,0.5087970689268795
0,3111,0.5220867280503753
0,3112,0.555910863173623
0,3113,0.4405390017189485
0,3114,0.5642254647432311
0,3115,0.5184098816017778
0,3116,0.5960255531032992
0,3117,0.7374048937268304
0,3118,0.6277398347619345
0,3119,0.46068536595402615
0,3120,0.5618327537956374
0,3121,0.4526822914823233
0,3122,0.5350135628996188
0,3123,0.45048387855095173
0,3124,0.5352627597223585
0,3125,0.36774605074370753
0,3126,0.6418386148571831
0,3127,0.3925919232375175
0,3128,0.2731949988054504
0,3129,0.4284239282350014
0,3130,0.4581199684258721
0,3131,0.5100092464598587
0,3132,0.37102673761285904
0,3133,0.45461091886686705
0,3134,0.650266329426231
0,3135,0.48170105599361523
0,3136,0.4576409175884006
0,3137,0.5588992204156817
0,3138,0.5444436480583632
0,3139,0.6484401381455679
0,3140,0.45041817057319067
0,3141,0.5551332421051127
0,3142,0.40340290630869186
0,3143,0.42496214619152006
0,3144,0.4194699391760153
0,3145,0.6256552655903415
0,3146,0.6808684038036216
0,3147,0.5995519749104536
0,3148,0.45762782477501307
0,3149,0.5142808963427425
0,3150,0.4278773618153061
0,3151,0.5344379178582592
0,3152,0.596063698143104
0,3153,0.46483513754218414
0,3154,0.4634730792391286
0,3155,0.515535988764512
0,3156,0.5089427118413176
0,3157,0.5080359390044942
0,3158,0.606771440771025
0,3159,0.516077039195923
0,3160,0.5441650943798922
0,3161,0.29231083281708087
0,3162,0.29992493373461176
0,3163,0.2603041468518493
0,3164,0.5137356112938296
0,3165,0.45806655548439973
0,3166,0.6048807818973337
0,3167,0.7447076933156649
0,3168,0.7178778910452993
0,3169,0.5536500267950127
0,3170,0.5375743591171266
0,3171,0.47688962003330687
0,3172,0.3951621376949679
0,3173,0.5770088671600011
0,3174,0.46546206840188087
0,3175,0.4675469472157273
0,3176,0.5041982010557662
0,3177,0.445626215559396
0,3178,0.6014646073816439
0,3179,0.3817349515747917
0,3180,0.297279395057463
0,3181,0.39505214973947633
0,3182,0.7303302125244225
0,3183,0.7388439959928783
0,3184,0.68782925600898
0,3185,0.4045862163961612
0,3186,0.42870590676435383
0,3187,0.593525270286035
0,3188,0.48965485306915485
0,3189,0.6921784948493419
0,3190,0.22547994670522725
0,3191,0.8795534154203858
0,3192,0.8760229917499156
0,3193,0.7216574498351899
0,3194,0.598683493134428
0,3195,0.41835735304946664
0,3196,0.4705897948223154
0,3197,0.4705897948223154
0,3198,0.5254092144990101
0,3199,0.8135924495917058
0,3200,0.5513136105359348
0,3201,0.7827472605847282
0,3202,0.792384521795568
0,3203,0.8164883782554526
0,3204,0.28300529553737386
0,3205,0.58220436171243
0,3206,0.3723704284723986
0,3207,0.6505411429044191
0,3208,0.3492473869536
0,3209,0.7216439279515929
0,3210,0.6968990495073991
0,3211,0.49435844759227016
0,3212,0.4197855812944689
0,3213,0.6159520060350194
0,3214,0.4164068718983494
0,3215,0.24696565368388024
0,3216,0.796695221678475
0,3217,0.7510750228143173
0,3218,0.5045849216201869
0,3219,0.5323038935025511
0,3220,0.5277094944382834
0,3221,0.5034259874169746
0,3222,0.6198981026667685
0,3223,0.37079344713009366
0,3224,0.3844497570106862
0,3225,0.47611099166657034
0,3226,0.5473551387162516
0,3227,0.5776084675935459
0,3228,0.5776084675935459
0,3229,0.40717986978294046
0,3230,0.6982181215111187
0,3231,0.526543195706882
0,3232,0.4693086660694295
0,3233,0.31528487222048307
0,3234,0.5887313147468475
0,3235,0.7107955266005934
0,3236,0.08690927456569865
0,3237,0.25110717137780514
0,3238,0.607607675372111
0,3239,0.5341378866343041
0,3240,0.46889392560768106
0,3241,0.5989926942421827
0,3242,0.5970357389232074
0,3243,0.23167671176191207
0,3244,0.28478346347069106
0,3245,0.8190588103588238
0,3246,0.2969496654110081
0,3247,0.4049347544275062
0,3248,0.42141885177140725
0,3249,0.5998916550783557
0,3250,0.35600704885994927
0,3251,0.38739643671498714
0,3252,0.6956539986105793
0,3253,0.5349121671437217
0,3254,0.46663145109915244
0,3255,0.4471028460099225
0,3256,0.638411300700322
0,3257,0.8575894979963865
0,3258,0.876654124357906
0,3259,0.6596306278295521
0,3260,0.5060242812812413
0,3261,0.41954227954102435
0,3262,0.3990887221660075
0,3263,0.6174160417072639
0,3264,0.700583293186635
0,3265,0.25617655146626594
0,3266,0.2747881048358655
0,3267,0.36988994412508436
0,3268,0.467154603755334
0,3269,0.5552552067311047
0,3270,0.6487297137814251
0,3271,0.8540086630198563
0,3272,0.5476274175789873
0,3273,0.4570518766421902
0,3274,0.4299054655907394
0,3275,0.3580708323674424
0,3276,0.2973842805339663
0,3277,0.6200916744453256
0,3278,0.467045597597649
0,3279,0.5707289928456654
0,3280,0.6432764359272699
0,3281,0.604678750431407
0,3282,0.6861475777904438
0,3283,0.21424832469815921
0,3284,0.4838741427498329
0,3285,0.524869069974394
0,3286,0.5015552254283502
0,3287,0.538027250884659
0,3288,0.24366615733218497
0,3289,0.24110666677105538
0,3290,0.3936992950556947
0,3291,0.646453452933499
0,3292,0.35011805291078685
0,3293,0.5340995718314092
0,3294,0.4950790022514562
0,3295,0.6302102688003801
0,3296,0.5096645546903064
0,3297,0.5895778153868546
0,3298,0.4951959115610748
0,3299,0.6404072537230171
0,3300,0.5027412998466263
0,3301,0.5021434133916468
0,3302,0.3916440558596275
0,3303,0.6274373250148416
0,3304,0.5484147872704939
0,3305,0.7555282453248349
0,3306,0.6733113987344199
0,3307,0.33324570321001395
0,3308,0.5140003977252853
0,3309,0.4741519837055889
0,3310,0.5427946103964232
0,3311,0.5229215948942147
0,3312,0.31474670889198186
0,3313,0.7157005813089529
0,3314,0.7798714058014349
0,3315,0.5771044457563316
0,3316,0.45691426550889186
0,3317,0.5061734994211812
0,3318,0.5372160845554359
0,3319,0.5457438250922663
0,3320,0.5479715001043578
0,3321,0.502142073980516
0,3322,0.5684519866274328
0,3323,0.3765900368420147
0,3324,0.499321600666161
0,3325,0.767682260517395
0,3326,0.2965011972088649
0,3327,0.5572095972532012
0,3328,0.4729944806577937
0,3329,0.5397627495876617
0,3330,0.3185784930367786
0,3331,0.595584958999521
0,3332,0.7675828562607718
0,3333,0.3735027157621593
0,3334,0.43148897256285945
0,3335,0.5427958269239983
0,3336,0.2916376189481549
0,3337,0.3392584414879168
0,3338,0.3643270883826921
0,3339,0.44773258184576853
0,3340,0.6266870846882391
0,3341,0.5021025585891382
0,3342,0.6453444714720723
0,3343,0.5858191364646481
0,3344,0.5052064147213736
0,3345,0.5201058804708137
0,3346,0.5478328561850717
0,3347,0.46954974174704334
0,3348,0.32415476740937066
0,3349,0.645434741645834
0,3350,0.41713322456958735
0,3351,0.5894804108213276
0,3352,0.5488845455016647
0,3353,0.5748490338701647
0,3354,0.6410017242461531
0,3355,0.4699935423543138
0,3356,0.3930976854217624
0,3357,0.719930297893914
0,3358,0.787139184804555
0,3359,0.2845543498062791
0,3360,0.2845543498062791
0,3361,0.3681406915965076
0,3362,0.5395262483941298
0,3363,0.308570634765332
0,3364,0.29090915822762725
0,3365,0.2978466488670378
0,3366,0.6680702227649262
0,3367,0.775296979042985
0,3368,0.5638342800748064
0,3369,0.5374194423499725
0,3370,0.5284557703212458
0,3371,0.34386928476075196
0,3372,0.512674129751466
0,3373,0.5505355375523496
0,3374,0.43522816871845255
0,3375,0.5066045146657909
0,3376,0.45728115657139456
0,3377,0.6529793336133258
0,3378,0.4151655364474504
0,3379,0.5945831325943395
0,3380,0.5154479948503718
0,3381,0.33400588754490823
0,3382,0.40451857140973535
0,3383,0.661912460052046
0,3384,0.49286959111300205
0,3385,0.7775376939835716
0,3386,0.7608104119491693
0,3387,0.5614651764762149
0,3388,0.7204310380636896
0,3389,0.7173267270240247
0,3390,0.508611103546898
0,3391,0.5660164813040984
0,3392,0.6876198855966269
0,3393,0.3776034999580819
0,3394,0.6169272047865305
0,3395,0.3649614728600648
0,3396,0.5138188146103444
0,3397,0.4119384655631105
0,3398,0.45598311800070296
0,3399,0.34740345002403206
0,3400,0.4059741972484955
0,3401,0.5992465221476525
0,3402,0.6178942590180239
0,3403,0.7249814333858235
0,3404,0.3842643729976453
0,3405,0.4809170387664506
0,3406,0.5930257282081645
0,3407,0.43136690393918753
0,3408,0.48162709036697954
0,3409,0.4353504097098382
0,3410,0.5070464957141433
0,3411,0.6873624232212467
0,3412,0.3897984298411231
0,3413,0.4883337352479282
0,3414,0.5505924282892452
0,3415,0.5796482163966211
0,3416,0.29970249612400784
0,3417,0.6154678376847358
0,3418,0.3327165075020171
0,3419,0.3426111815719846
0,3420,0.6713340422591464
0,3421,0.3808402411179712
0,3422,0.5285322184162475
0,3423,0.5659237299143771
0,3424,0.43923043407968504
0,3425,0.44877200454814214
0,3426,0.5811529812569921
0,3427,0.572966072865041
0,3428,0.6713333154675507
0,3429,0.428983352026964
0,3430,0.31101836816860795
0,3431,0.3379115026608454
0,3432,0.40245635546668557
0,3433,0.4495190049328786
0,3434,0.3058664241930034
0,3435,0.579948299811495
0,3436,0.3819265143229838
0,3437,0.7507651355474904
0,3438,0.6491229907076169
0,3439,0.45477348826359765
0,3440,0.49490795181565905
0,3441,0.41404065025762377
0,3442,0.5203425019734106
0,3443,0.38028877545963513
0,3444,0.285872705781705
0,3445,0.773391906975909
0,3446,0.6790723759280526
0,3447,0.5212297904473898
0,3448,0.5229776107419594
0,3449,0.5251317711238408
0,3450,0.5672923979055535
0,3451,0.5041306682098781
0,3452,0.3311154655984199
0,3453,0.42680681967080036
0,3454,0.6192271449220419
0,3455,0.4445232967745145
0,3456,0.5485933635829271
0,3457,0.20071891260078037
0,3458,0.8416259226364862
0,3459,0.4923901790873563
0,3460,0.5093745020750692
0,3461,0.5275283651537243
0,3462,0.6699676410786024
0,3463,0.37763788517410246
0,3464,0.5349781990671003
0,3465,0.5384717752276246
0,3466,0.6440347166767603
0,3467,0.4984897324934366
0,3468,0.4258526072366606
0,3469,0.5057841102283107
0,3470,0.44814355035080694
0,3471,0.4838597384886839
0,3472,0.4928435624293348
0,3473,0.4422649721874927
0,3474,0.609425306463936
0,3475,0.34387609896604526
0,3476,0.5038870681162564
0,3477,0.6102688399738968
0,3478,0.6111464162516779
0,3479,0.3944146140760959
0,3480,0.3250652012607621
0,3481,0.5119630815530025
0,3482,0.3896231005942956
0,3483,0.6713891333776479
0,3484,0.31305102807952206
0,3485,0.308046946233759
0,3486,0.3067328809012831
0,3487,0.3165296370195116
0,3488,0.5053687795573086
0,3489,0.46173612889543914
0,3490,0.4182638214107691
0,3491,0.6462632877836378
0,3492,0.45896068242863536
0,3493,0.4327375287961082
0,3494,0.5749502847358438
0,3495,0.46738780422076087
0,3496,0.6148345390015952
0,3497,0.3356568005098285
0,3498,0.4352731284170469
0,3499,0.45756864582879286
0,3500,0.610684302003112
0,3501,0.5768046592487803
0,3502,0.6282586713163194
0,3503,0.429619212724886
0,3504,0.615901388043539
0,3505,0.387313373494862
0,3506,0.3743608568171793
0,3507,0.4051396632294108
0,3508,0.39042569948873257
0,3509,0.5959820124010397
0,3510,0.5520039817829148
0,3511,0.5809453472804217
0,3512,0.34965031271040786
0,3513,0.7204576802553398
0,3514,0.32766067743080096
0,3515,0.6404317725006622
0,3516,0.6998031963692325
0,3517,0.351002490786829
0,3518,0.5910549045902218
0,3519,0.3979193352330151
0,3520,0.6033314840971035
0,3521,0.7939259660101095
0,3522,0.29613592379651893
0,3523,0.35170977928596314
0,3524,0.7272424558706593
0,3525,0.2871295415805912
0,3526,0.40730036933509295
0,3527,0.591216243837347
0,3528,0.5634298875438543
0,3529,0.8059374310554959
0,3530,0.8443872816496721
0,3531,0.5616450464555476
0,3532,0.277359459479852
0,3533,0.2826486679007185
0,3534,0.5408424492741383
0,3535,0.45067216337012855
0,3536,0.6476599229551323
0,3537,0.5752815988927645
0,3538,0.7284499517100029
0,3539,0.48940783343693406
0,3540,0.42093309015841385
0,3541,0.5665595355316552
0,3542,0.4185581431139354
0,3543,0.4778446640873691
0,3544,0.4130520181376097
0,3545,0.36715243525706626
0,3546,0.6241601461066146
0,3547,0.4857698939379641
0,3548,0.4786519638119282
0,3549,0.5091232967606867
0,3550,0.4600375563673657
0,3551,0.5925323984357727
0,3552,0.5255603439004898
0,3553,0.38392611466330606
0,3554,0.39363241728894544
0,3555,0.3273816229167096
0,3556,0.3926682199871802
0,3557,0.46270649948342185
0,3558,0.5197727128267117
0,3559,0.5321875399544561
0,3560,0.40925740885419004
0,3561,0.3982045292524651
0,3562,0.6168745790995154
0,3563,0.7736217079575296
0,3564,0.5872647774952724
0,3565,0.4078762326733778
0,3566,0.370360383687858
0,3567,0.8048197440150171
0,3568,0.6466722088094692
0,3569,0.414325294399193
0,3570,0.34357437151468956
0,3571,0.6736439956048638
0,3572,0.8078520975159789
0,3573,0.6550860098850995
0,3574,0.3501297150450186
0,3575,0.31260937202912503
0,3576,0.31903009980396163
0,3577,0.5564674788396917
0,3578,0.7245087794760662
0,3579,0.3394921439626999
0,3580,0.6798071725241421
0,3581,0.6032857471260872
0,3582,0.43165047054288325
0,3583,0.5207193124645062
0,3584,0.4615490258138624
0,3585,0.39723563971409825
0,3586,0.49113185201835224
0,3587,0.5138249067253754
0,3588,0.48563576749295084
0,3589,0.41770213662857875
0,3590,0.4920644241782832
0,3591,0.4664213808770805
0,3592,0.5503720559638616
0,3593,0.32774204163224774
0,3594,0.5019304498801295
0,3595,0.4842735171159715
0,3596,0.44050829500328276
0,3597,0.5354207216241984
0,3598,0.4883833139207562
0,3599,0.3901548171715999
0,3600,0.3833780806190439
0,3601,0.5447288242607234
0,3602,0.7459843741434619
0,3603,0.4749358772127819
0,3604,0.5520342238962883
0,3605,0.4847826808190614
0,3606,0.47725676062459604
0,3607,0.8179984008642434
0,3608,0.5372669690265663
0,3609,0.43907433775524185
0,3610,0.5949396013729333
0,3611,0.39141977220519764
0,3612,0.6349073685413619
0,3613,0.6291244450386099
0,3614,0.4296395634746547
0,3615,0.4564970459189731
0,3616,0.47414960439555726
0,3617,0.4593138750764877
0,3618,0.5562962249777391
0,3619,0.5408570403945757
0,3620,0.6415616124779309
0,3621,0.5562354570534637
0,3622,0.553739832619323
0,3623,0.47457460824156067
0,3624,0.572905346491086
0,3625,0.5329651788223337
0,3626,0.6298169139572919
0,3627,0.5518219040427043
0,3628,0.5286183531669161
0,3629,0.32921500990570585
0,3630,0.3469066146662044
0,3631,0.2885459112094304
0,3632,0.5857834636876167
0,3633,0.6005112088333374
0,3634,0.5895584740763237
0,3635,0.5974969792804303
0,3636,0.6056897054251444
0,3637,0.48999766111722115
0,3638,0.715901045098392
0,3639,0.4964556907699316
0,3640,0.536161455692511
0,3641,0.7968873344126338
0,3642,0.2698576464372549
0,3643,0.4513902261212779
0,3644,0.505231846744236
0,3645,0.40364341258285114
0,3646,0.3722692328026416
0,3647,0.6428957231707133
0,3648,0.6148455034093195
0,3649,0.5058833237454483
0,3650,0.38943455035800184
0,3651,0.3186886272688933
0,3652,0.6854400382090845
0,3653,0.6321314007814973
0,3654,0.5331440641626665
0,3655,0.52619525573108
0,3656,0.40944574662290256
0,3657,0.6081730379643341
0,3658,0.6198083340241125
0,3659,0.3986998813985072
0,3660,0.6163012444521949
0,3661,0.5398848961444337
0,3662,0.6030712238903614
0,3663,0.727100543442688
0,3664,0.6686003979093136
0,3665,0.5303311952456072
0,3666,0.5476974923724819
0,3667,0.4135183531961747
0,3668,0.4293778803023013
0,3669,0.4742642926835257
0,3670,0.4633384065524954
0,3671,0.6854138127920903
0,3672,0.5743299941986677
0,3673,0.3689765566376336
0,3674,0.6559428632235464
0,3675,0.6289746859319049
0,3676,0.5040085809181517
0,3677,0.5388741734356398
0,3678,0.5104558993434096
0,3679,0.503885657766942
0,3680,0.33620598353740905
0,3681,0.705037602159567
0,3682,0.5120556836041957
0,3683,0.5572573342655883
0,3684,0.6047529354039083
0,3685,0.7504733836780317
0,3686,0.27281157195697453
0,3687,0.8243481507389939
0,3688,0.21264456511281135
0,3689,0.7131147621021839
0,3690,0.6569493429080989
0,3691,0.4584326087550713
0,3692,0.44260068988812074
0,3693,0.3904205509353334
0,3694,0.43266269733518037
0,3695,0.43168629965036487
0,3696,0.4505500358513781
0,3697,0.44983090464021325
0,3698,0.646169470776562
0,3699,0.45565229425429754
0,3700,0.5746848667545077
0,3701,0.5657560794654753
0,3702,0.3314544361106193
0,3703,0.6817936813485033
0,3704,0.7072007336872573
0,3705,0.5139695912176726
0,3706,0.6021749114144223
0,3707,0.6010414409215743
0,3708,0.4252118905537268
0,3709,0.38826172884445365
0,3710,0.5256610221348037
0,3711,0.5173138139811522
0,3712,0.5397325620571881
0,3713,0.4876191824995405
0,3714,0.6211609053156824
0,3715,0.3925674826878379
0,3716,0.620014470542957
0,3717,0.3993945346293159
0,3718,0.5793642265359693
0,3719,0.35414412374068993
0,3720,0.4504279532459433
0,3721,0.3462916673758331
0,3722,0.6774801051053102
0,3723,0.6938093188844913
0,3724,0.49066965470586427
0,3725,0.502268721789723
0,3726,0.51594048236554
0,3727,0.6688441545646457
0,3728,0.4685872936071298
0,3729,0.6007469619779126
0,3730,0.601187744950514
0,3731,0.4130657348677466
0,3732,0.3721002715839939
0,3733,0.4726818226317952
0,3734,0.5977144751314584
0,3735,0.6270925477830758
0,3736,0.42507543577116624
0,3737,0.5847781955591863
0,3738,0.5257401154313928
0,3739,0.4765578449587428
0,3740,0.5367333490159397
0,3741,0.4235574761896172
0,3742,0.6801390797948671
0,3743,0.2881853591448418
0,3744,0.7118757571803428
0,3745,0.38077889986582647
0,3746,0.357641009430626
0,3747,0.41002203012899435
0,3748,0.5650199791618622
0,3749,0.3887513749398016
0,3750,0.36917065376881947
0,3751,0.7515204233140365
0,3752,0.7233882169548941
0,3753,0.5692461295445356
0,3754,0.3675768084017032
0,3755,0.44905803968745284
0,3756,0.5477652691834004
0,3757,0.6203578568230957
0,3758,0.49732607804685985
0,3759,0.2192847605896907
0,3760,0.4187412633587382
0,3761,0.7477518733724179
0,3762,0.6792663411010257
0,3763,0.3801638728979657
0,3764,0.5234905229311252
0,3765,0.43088080410495194
0,3766,0.5538331125234982
0,3767,0.43103282211887833
0,3768,0.4824902488983247
0,3769,0.38063437044746334
0,3770,0.520955560875272
0,3771,0.49624139103746134
0,3772,0.48765599171233887
0,3773,0.4821589574514988
0,3774,0.7341389748765678
0,3775,0.6463564220535349
0,3776,0.42214129730385525
0,3777,0.5698349755205158
0,3778,0.6580118742475276
0,3779,0.3475278875903854
0,3780,0.6758628228873992
0,3781,0.3419300503319466
0,3782,0.8200007235328284
0,3783,0.24253877003836768
0,3784,0.28895370364617606
0,3785,0.710828302063415
0,3786,0.6782228898319625
0,3787,0.60933434022971
0,3788,0.5940951394552243
0,3789,0.2691408818094222
0,3790,0.7643676812996186
0,3791,0.7788521539445042
0,3792,0.305404086549651
0,3793,0.5944352027060863
0,3794,0.43658217921761777
0,3795,0.2910064088140206
0,3796,0.40181595026655903
0,3797,0.33256017020408174
0,3798,0.6069445974320506
0,3799,0.5675823318511617
0,3800,0.7227828807755379
0,3801,0.5761553904871148
0,3802,0.5523334115295119
0,3803,0.2861707011442782
0,3804,0.5744005966812051
0,3805,0.6390101369479174
0,3806,0.5456580527734293
0,3807,0.5316220367361304
0,3808,0.3523374910660576
0,3809,0.35960877038813915
0,3810,0.4777981913288504
0,3811,0.36509160593454265
0,3812,0.29189582839875833
0,3813,0.6775444121776516
0,3814,0.34246305085563755
0,3815,0.5693276341317115
0,3816,0.6778726492575319
0,3817,0.6975905991665964
0,3818,0.7519358237922101
0,3819,0.30766198138244677
0,3820,0.7354324339336673
0,3821,0.6671582562204585
0,3822,0.5620816199277081
0,3823,0.4118500231043549
0,3824,0.8212209948599613
0,3825,0.20650707453847766
0,3826,0.4198941818240765
0,3827,0.7402986000242829
0,3828,0.6663595503975909
0,3829,0.42656936413003915
0,3830,0.6022217114975547
0,3831,0.5320762803076854
0,3832,0.7660325868216565
0,3833,0.1813000186119058
0,3834,0.6603540584817471
0,3835,0.5092353170100375
0,3836,0.3555853785247606
0,3837,0.42042663756545473
0,3838,0.5903409461790462
0,3839,0.5233214432745299
0,3840,0.3789558211610789
0,3841,0.4568184031084601
0,3842,0.6457071134709692
0,3843,0.3213460726143626
0,3844,0.5308521923594848
0,3845,0.5777189422950499
0,3846,0.5241571436407919
0,3847,0.45781406479288345
0,3848,0.49459385769242725
0,3849,0.3275330214364447
0,3850,0.5619521380769884
0,3851,0.6613073786861435
0,3852,0.3721464943326947
0,3853,0.21735169847140137
0,3854,0.37220168058042435
0,3855,0.5493896930264088
0,3856,0.5973049466769512
0,3857,0.5551599266299825
0,3858,0.5629382939192779
0,3859,0.6614014281600014
0,3860,0.5043910487683666
0,3861,0.5225769323978461
0,3862,0.5695514579981588
0,3863,0.5584253545927489
0,3864,0.6126293147153267
0,3865,0.43481598202957716
0,3866,0.5206722119640977
0,3867,0.5465766007714736
0,3868,0.4568431019079321
0,3869,0.5103920456890431
0,3870,0.5000939652642371
0,3871,0.39555768704522826
0,3872,0.39720014835935674
0,3873,0.40124939334920334
0,3874,0.580375265336902
0,3875,0.5177965844709899
0,3876,0.5276640442726528
0,3877,0.5140330297703232
0,3878,0.4362855413815815
0,3879,0.5376816707446926
0,3880,0.6281154976103324
0,3881,0.3761102242077903
0,3882,0.5338304121446432
0,3883,0.44701770883138947
0,3884,0.7642007575740467
0,3885,0.6352152627977432
0,3886,0.5995197041931463
0,3887,0.5985436546357
0,3888,0.6347508187897148
0,3889,0.3715638267031841
0,3890,0.5641426408534181
0,3891,0.4469339764792296
0,3892,0.5179437647621219
0,3893,0.665831102837065
0,3894,0.41928990497141466
0,3895,0.24107024661187693
0,3896,0.485538158764792
0,3897,0.4078817842768772
0,3898,0.4248986194948796
0,3899,0.5262134206459108
0,3900,0.5342705864458754
0,3901,0.43218890287869427
0,3902,0.3103815519970936
0,3903,0.6162933883238741
0,3904,0.3637751480661207
0,3905,0.7154219208456696
0,3906,0.6305024180206062
0,3907,0.5229130670436816
0,3908,0.485633356056379
0,3909,0.3344850110400447
0,3910,0.33919095680075634
0,3911,0.4552786103939306
0,3912,0.42872705253586096
0,3913,0.6519360106141826
0,3914,0.3585209261243203
0,3915,0.21008212395598724
0,3916,0.7956167848222306
0,3917,0.19331587435779887
0,3918,0.18828899588611298
0,3919,0.17775736221893568
0,3920,0.15992430050610515
0,3921,0.3005348858281165
0,3922,0.2538695428383474
0,3923,0.7703855364774488
0,3924,0.6918935224157887
0,3925,0.37072526865869276
0,3926,0.32663347504854395
0,3927,0.7892704565062835
0,3928,0.23704877313100375
0,3929,0.40462807487807567
0,3930,0.5395631717657143
0,3931,0.6245982638659782
0,3932,0.6736691045924956
0,3933,0.511695378411681
0,3934,0.24604681660766275
0,3935,0.35719950236421083
0,3936,0.647075575958959
0,3937,0.7937265415328612
0,3938,0.6569910855657047
0,3939,0.3983358135586528
0,3940,0.5082315520322944
0,3941,0.7543755324245409
0,3942,0.4928513259646703
0,3943,0.35858897357442565
0,3944,0.3235073960204543
0,3945,0.23888413947159606
0,3946,0.3945053609991365
0,3947,0.3479634854957802
0,3948,0.4338009657476623
0,3949,0.7030807291653122
0,3950,0.7075763776525513
0,3951,0.45713321751433283
0,3952,0.4665513058740599
0,3953,0.6143416106754445
0,3954,0.6023779607415218
0,3955,0.3920706858921904
0,3956,0.6513699436631145
0,3957,0.3367236487574351
0,3958,0.5628839800603549
0,3959,0.47284102521236054
0,3960,0.5826676247060782
0,3961,0.44509287341535375
0,3962,0.44509287341535375
0,3963,0.4439945586397057
0,3964,0.3750905847715593
0,3965,0.496943007531657
0,3966,0.5100803923295081
0,3967,0.5348578505040347
0,3968,0.6573256476709518
0,3969,0.31280936927353
0,3970,0.29643703019937573
0,3971,0.44959061301802117
0,3972,0.7895637413023736
0,3973,0.7500765810041242
0,3974,0.7427602420021162
0,3975,0.39279667788235345
0,3976,0.40257704198546007
0,3977,0.6119978037317345
0,3978,0.7799477906441651
0,3979,0.3637648257770695
0,3980,0.3684075294992965
0,3981,0.5255699210774631
0,3982,0.40499428843779206
0,3983,0.4283066226258256
0,3984,0.4449916302546258
0,3985,0.2896667303695343
0,3986,0.5608995068767727
0,3987,0.5580600709446388
0,3988,0.6450635934936174
0,3989,0.17732012873703007
0,3990,0.8567638869145203
0,3991,0.5862567447608393
0,3992,0.5673741652237956
0,3993,0.41991893042209294
0,3994,0.4987975475244383
0,3995,0.5877703984236302
0,3996,0.3783611527959
0,3997,0.6490222876977
0,3998,0.48098494363136807
0,3999,0.4319493757923196
1,0,0.479880904660157
1,1,0.48718138480757656
1,2,0.4342962990227514
1,3,0.3931632333725483
1,4,0.514348677256667
1,5,0.48114666790296445
1,6,0.5529687936276623
1,7,0.5713557767332474
1,8,0.5557925712590641
1,9,0.48515970912787953
1,10,0.5690820933985835
1,11,0.3423715284627063
1,12,0.7361621296093095
1,13,0.2911081423300627
1,14,0.3131373278535709
1,15,0.6395380781291086
1,16,0.3852627663513733
1,17,0.38070885777337343
1,18,0.6999796488873751
1,19,0.6332316857720818
1,20,0.4508539646570273
1,21,0.5289231955075767
1,22,0.573644059779247
1,23,0.43460855927765135
1,24,0.6642126276614005
1,25,0.5842536992292754
1,26,0.46542939705345066
1,27,0.5640434543958812
1,28,0.41187114658444146
1,29,0.5141661762957942
1,30,0.5541503973911228
1,31,0.4763371687430946
1,32,0.3627479811114681
1,33,0.39810165164494493
1,34,0.23002517067464145
1,35,0.2929419862067394
1,36,0.7053518824008845
1,37,0.3420891348491652
1,38,0.338273957179057
1,39,0.5904347749969617
1,40,0.5305038587719927
1,41,0.6430321941732657
1,42,0.6660202603933586
1,43,0.6402599501773335
1,44,0.4013317893253549
1,45,0.5041177619247866
1,46,0.4873757193667064
1,47,0.456096738958637
1,48,0.5383829862798928
1,49,0.25628932087248973
1,50,0.4486183667536011
1,51,0.6211145769751553
1,52,0.7222864662844148
1,53,0.49170649492657714
1,54,0.5818891409643957
1,55,0.5813562661637816
1,56,0.6236845491146169
1,57,0.3150583470313061
1,58,0.32588559689150975
1,59,0.25245710452564263
1,60,0.40305751927719813
1,61,0.5477934713708432
1,62,0.5477934713708432
1,63,0.24511004251162335
1,64,0.2827998107470583
1,65,0.2617162513760745
1,66,0.7374971102176381
1,67,0.7976475150696593
1,68,0.8486086934647671
1,69,0.7540497816467646
1,70,0.13631037504116622
1,71,0.5197249659207092
1,72,0.3661828323056498
1,73,0.368297834315897
1,74,0.5941784726088813
1,75,0.5739391112064606
1,76,0.5392963145096397
1,77,0.4853669091446698
1,78,0.32025216717588245
1,79,0.632003471689009
1,80,0.4688369438502015
1,81,0.5160513752926115
1,82,0.5336471879345683
1,83,0.582707555237795
1,84,0.5787648557008005
1,85,0.46896631595025584
1,86,0.6990618991435162
1,87,0.549230913897154
1,88,0.667981599692429
1,89,0.4608205333776865
1,90,0.573802233828512
1,91,0.6499024999398861
1,92,0.6033317267540113
1,93,0.4143554269622194
1,94,0.5771350477923227
1,95,0.369308259344633
1,96,0.4915514988120541
1,97,0.5822034227176631
1,98,0.6089265874596475
1,99,0.42908867343343654
1,100,0.3760984269722098
1,101,0.8180479545875362
1,102,0.7701229896252936
1,103,0.6554950175617037
1,104,0.3436057192157216
1,105,0.7095377360251391
1,106,0.27298179993703386
1,107,0.34143694707479205
1,108,0.6658039967618932
1,109,0.5460038389172115
1,110,0.474203685054473
1,111,0.444433833414057
1,112,0.781138168038148
1,113,0.8846413117400463
1,114,0.33729816164619786
1,115,0.6460653165310504
1,116,0.5293578316651131
1,117,0.5307403605117214
1,118,0.4898597322329924
1,119,0.40171712462300396
1,120,0.6073638495748305
1,121,0.3565033817822801
1,122,0.529744748413297
1,123,0.48771087431471527
1,124,0.5148734707334223
1,125,0.44760144422774417
1,126,0.44760144422774417
1,127,0.48175174242617586
1,128,0.42441279913851104
1,129,0.539855911559656
1,130,0.49276834472309655
1,131,0.5022067325699272
1,132,0.4673199169655066
1,133,0.4272366826360419
1,134,0.6731571541692818
1,135,0.2351538367130182
1,136,0.7535617588364558
1,137,0.5479543644493725
1,138,0.6892270688387355
1,139,0.6527286499259412
1,140,0.49925503399936855
1,141,0.4506895216081841
1,142,0.4204030520835192
1,143,0.5425429637717717
1,144,0.5361984656887736
1,145,0.7623473669898947
1,146,0.5846987435802381
1,147,0.3775401167404941
1,148,0.2897066906374206
1,149,0.6742157507873422
1,150,0.4101785777389377
1,151,0.40381039605479413
1,152,0.7428117280382215
1,153,0.6625019392317165
1,154,0.650827104247305
1,155,0.581070879390109
1,156,0.5109269741464746
1,157,0.6405727319537159
1,158,0.3683267771961097
1,159,0.47953078585437814
1,160,0.5537961001755223
1,161,0.46741155933775425
1,162,0.4094664679926195
1,163,0.4340772786696399
1,164,0.6458273944953503
1,165,0.47959270803578713
1,166,0.6167571035259432
1,167,0.4215680214960446
1,168,0.5133157960856277
1,169,0.5872288788363019
1,170,0.4659463286109665
1,171,0.47664993025063973
1,172,0.4680195170712418
1,173,0.5045512999455309
1,174,0.4665929079932295
1,175,0.5744527298174479
1,176,0.4210544601033715
1,177,0.5492222742745078
1,178,0.5450534303238893
1,179,0.528181593560997
1,180,0.6020429317559997
1,181,0.39107577967725127
1,182,0.4265731126642068
1,183,0.6496847710004191
1,184,0.38827154018764964
1,185,0.5821869139868624
1,186,0.609692279498341
1,187,0.628848855471019
1,188,0.6686339104493985
1,189,0.7093892385960829
1,190,0.6335712516935808
1,191,0.6620199272073002
1,192,0.22494210944444717
1,193,0.6971055088525809
1,194,0.31670529243392637
1,195,0.42804837799281176
1,196,0.5425140279987416
1,197,0.572112184611212
1,198,0.5575902573411218
1,199,0.5520676195039111
1,200,0.7376247959579016
1,201,0.8314894026132449
1,202,0.24783654382027798
1,203,0.7904339924730006
1,204,0.35996908074320416
1,205,0.45460890390292036
1,206,0.5253818534903608
1,207,0.3725327342107408
1,208,0.6328719492044138
1,209,0.5977242689339938
1,210,0.5394474123564703
1,211,0.6606904209005167
1,212,0.4208243412179405
1,213,0.3144210197848079
1,214,0.7321614228382757
1,215,0.6215952999730494
1,216,0.7451395684973601
1,217,0.3276525130893219
1,218,0.708002285648402
1,219,0.34662506348007266
1,220,0.6514257166118399
1,221,0.2851774157154319
1,222,0.4874370724401007
1,223,0.5356444225966988
1,224,0.5132528794918522
1,225,0.5456074255125953
1,226,0.4692522840758944
1,227,0.5262926480009655
1,228,0.3646607545413212
1,229,0.3452462591550376
1,230,0.6082923941489945
1,231,0.3823066246315254
1,232,0.4325776341388794
1,233,0.6773184159763483
1,234,0.3650655308923853
1,235,0.578274898557159
1,236,0.5450995662270879
1,237,0.46393699839699065
1,238,0.5125737554803009
1,239,0.4521461183390105
1,240,0.5180457827397921
1,241,0.8852156479962254
1,242,0.6238732013638315
1,243,0.35365699494361086
1,244,0.5337303070347615
1,245,0.5844561403601078
1,246,0.5021447229897862
1,247,0.5237875926515764
1,248,0.3871530916755665
1,249,0.4280500283947996
1,250,0.4880857206341793
1,251,0.3552511178321782
1,252,0.8255424256014338
1,253,0.2708135437699068
1,254,0.22883321549704308
1,255,0.3646840240741446
1,256,0.4135477447722411
1,257,0.6911531009166455
1,258,0.8238300682369976
1,259,0.4783278362416599
1,260,0.4181399606942839
1,261,0.4995061251841382
1,262,0.6825647626115962
1,263,0.32037016845487765
1,264,0.4145698287048163
1,265,0.5524940746525697
1,266,0.3186252476257826
1,267,0.38569854957154054
1,268,0.5788626906156873
1,269,0.4312586298719932
1,270,0.5791215242640901
1,271,0.33461293754844784
1,272,0.3401727824679482
1,273,0.6471594718913614
1,274,0.506353027378808
1,275,0.5231150301330959
1,276,0.44946493439066104
1,277,0.6581699708298139
1,278,0.3571460598523236
1,279,0.3145577988077636
1,280,0.512994471007826
1,281,0.7942002151008796
1,282,0.4480647315134771
1,283,0.2936745736231291
1,284,0.29376515509311835
1,285,0.49757677993639127
1,286,0.45671558119243905
1,287,0.5494068044494317
1,288,0.6322507317369161
1,289,0.6486389906808084
1,290,0.6084319253785324
1,291,0.5192089351330361
1,292,0.4315347585150508
1,293,0.6723229205717479
1,294,0.25706942539919037
1,295,0.2810177572908491
1,296,0.20459236176485301
1,297,0.4768824411376498
1,298,0.59573838872383
1,299,0.5761243846672712
1,300,0.4854670280619146
1,301,0.5459135190685985
1,302,0.4852603920558032
1,303,0.48794269158608794
1,304,0.3825858364322619
1,305,0.527955490895995
1,306,0.4319232242843266
1,307,0.24102938479447172
1,308,0.5706034380041669
1,309,0.4425470667567248
1,310,0.48748387475624066
1,311,0.5361155517960401
1,312,0.4581148249556887
1,313,0.6094843668105456
1,314,0.5607289980728923
1,315,0.318690069767804
1,316,0.43152263072140995
1,317,0.5137843814095283
1,318,0.44782981770963426
1,319,0.43105193005281395
1,320,0.48533427339118335
1,321,0.6136595919366165
1,322,0.42816591232607976
1,323,0.5230069683562385
1,324,0.5499526723907626
1,325,0.5485282923030843
1,326,0.36685558420618747
1,327,0.3939757487134463
1,328,0.5352154493700675
1,329,0.5882041146797025
1,330,0.5815792451850997
1,331,0.7668724730020166
1,332,0.7261371392253783
1,333,0.7403510681448696
1,334,0.2900456752554891
1,335,0.6920773284779083
1,336,0.7009942591844958
1,337,0.6376969994596726
1,338,0.4958535570780089
1,339,0.4822913784910321
1,340,0.39881315904879355
1,341,0.41229403650591484
1,342,0.576430237509187
1,343,0.39960964195766274
1,344,0.40414591900141833
1,345,0.4285411194966835
1,346,0.6069019923955116
1,347,0.6239424277909822
1,348,0.8583711408491912
1,349,0.766285427392387
1,350,0.5300112519797684
1,351,0.35163213264083537
1,352,0.6851840577806192
1,353,0.2217183205432938
1,354,0.6704821403253421
1,355,0.44572948527861483
1,356,0.6134065434354133
1,357,0.6229007419835808
1,358,0.46100916539769504
1,359,0.23375559861143727
1,360,0.7023249514821396
1,361,0.46319441107492243
1,362,0.5946599688946579
1,363,0.5610951437015135
1,364,0.8385384997768623
1,365,0.8602591239195555
1,366,0.21481456965465684
1,367,0.25378857841381863
1,368,0.32326422073048533
1,369,0.5601602397219553
1,370,0.6055203477992459
1,371,0.3633464089682967
1,372,0.273203996892088
1,373,0.6187266661780073
1,374,0.5783821771865778
1,375,0.44122860925847607
1,376,0.4073785400894532
1,377,0.3823265936311881
1,378,0.6163210033008446
1,379,0.5335864853793643
1,380,0.6395258460310624
1,381,0.425398393291586
1,382,0.6279286099177199
1,383,0.450416530138715
1,384,0.46724144421258434
1,385,0.6258895214319499
1,386,0.4874691774014985
1,387,0.4874350532833041
1,388,0.447452309777876
1,389,0.6443197189412472
1,390,0.5258103760563867
1,391,0.5123400411590829
1,392,0.67707351952285
1,393,0.22143080334824397
1,394,0.7367239161477539
1,395,0.2685462043098324
1,396,0.7584122015589801
1,397,0.8000807442847238
1,398,0.463934041603425
1,399,0.42435336062011686
1,400,0.5941596899617939
1,401,0.5798587123196975
1,402,0.5687362078399427
1,403,0.45624015411172053
1,404,0.2936334323829809
1,405,0.48610855499568756
1,406,0.29129616580936424
1,407,0.6585566615764645
1,408,0.6569698077260818
1,409,0.6254691054134272
1,410,0.6664569036538404
1,411,0.5380421674732915
1,412,0.536468467814753
1,413,0.5245494114554036
1,414,0.6989007520572021
1,415,0.7881376061630175
1,416,0.22901588054409314
1,417,0.4061289736649804
1,418,0.49999193721755175
1,419,0.5062490270543006
1,420,0.5802454559257867
1,421,0.3055993570112892
1,422,0.5662994273006164
1,423,0.4004799646567229
1,424,0.27565421463315326
1,425,0.28538975534123057
1,426,0.3479443118748128
1,427,0.6389033040743324
1,428,0.31362357204743335
1,429,0.6986271940564328
1,430,0.23859813524254947
1,431,0.4909122441191388
1,432,0.5170203848476499
1,433,0.5570884834214522
1,434,0.37804274624678796
1,435,0.39676157151997077
1,436,0.5920500482365784
1,437,0.6047420653961835
1,438,0.3302214259488473
1,439,0.6242718749335021
1,440,0.5039859346202974
1,441,0.657510374337608
1,442,0.5643416997490458
1,443,0.6552166164528503
1,444,0.6324744465279188
1,445,0.6592052257811251
1,446,0.3920136394093364
1,447,0.5140552243476944
1,448,0.4054374080866964
1,449,0.5635864973866178
1,450,0.29764257576038056
1,451,0.4590168437255354
1,452,0.5394588285544702
1,453,0.5198994530855661
1,454,0.41086011317654364
1,455,0.5201981604332377
1,456,0.5096106978340786
1,457,0.5102887208568487
1,458,0.40109077024749007
1,459,0.6181929296300591
1,460,0.3963370275472049
1,461,0.510408535770524
1,462,0.33693956444464834
1,463,0.5100655397096229
1,464,0.49970013141816416
1,465,0.4602433306817794
1,466,0.5307111661483068
1,467,0.522874936764181
1,468,0.36418757863456
1,469,0.4456187335170145
1,470,0.5396835870954569
1,471,0.69213672394892
1,472,0.6749858802844722
1,473,0.43956118840810154
1,474,0.6893472972512539
1,475,0.38834601004127534
1,476,0.5946015341565273
1,477,0.44168992047068995
1,478,0.5578221005644535
1,479,0.6125882304778059
1,480,0.33622494666641956
1,481,0.49481759483285576
1,482,0.5243971294341242
1,483,0.6916477882248594
1,484,0.705211700146274
1,485,0.529273182345991
1,486,0.5177779191782158
1,487,0.5034702914779301
1,488,0.27484119359660214
1,489,0.328279407715179
1,490,0.5900204909468705
1,491,0.5468756083638694
1,492,0.5494508094867301
1,493,0.5756315181440104
1,494,0.6520850508081002
1,495,0.7442281666121042
1,496,0.360152952162855
1,497,0.6137936879793815
1,498,0.39041810754521217
1,499,0.3343092216454202
1,500,0.7113503634906219
1,501,0.5373922737050311
1,502,0.44345856239515014
1,503,0.3613819313392869
1,504,0.612093202405616
1,505,0.40541536352599983
1,506,0.7123925556843592
1,507,0.7681409859255776
1,508,0.6831889280224182
1,509,0.1696964049715378
1,510,0.8189889413971272
1,511,0.2838208249708043
1,512,0.31166595945311565
1,513,0.6626714991342918
1,514,0.2781839517913283
1,515,0.7319085220464016
1,516,0.7333545826447517
1,517,0.5597569275070191
1,518,0.8268457323426508
1,519,0.7682249296276843
1,520,0.23135659228938102
1,521,0.38668555456486386
1,522,0.3529852726548209
1,523,0.33954763660559734
1,524,0.7329656300579845
1,525,0.6568626107708846
1,526,0.510808156807624
1,527,0.3089301557472787
1,528,0.5628343481461063
1,529,0.4673740283822728
1,530,0.5645330905802631
1,531,0.6333837621734972
1,532,0.29843893338210864
1,533,0.4605346788361742
1,534,0.6149054250589688
1,535,0.5581429052811089
1,536,0.6972723231938724
1,537,0.172269510333427
1,538,0.24344716980347883
1,539,0.3872833098496055
1,540,0.4078109693457832
1,541,0.33968767048104376
1,542,0.6137149024574303
1,543,0.23153103817219417
1,544,0.2234821767649855
1,545,0.4759907160514167
1,546,0.5365831156161379
1,547,0.3946498593103375
1,548,0.3732748086692061
1,549,0.7150832291937033
1,550,0.7154498888278604
1,551,0.40740866767783385
1,552,0.4728855265980776
1,553,0.45921830503904676
1,554,0.4875993428141201
1,555,0.4624148471272388
1,556,0.6558932255150434
1,557,0.4590348179480322
1,558,0.631316254958857
1,559,0.33633559298450094
1,560,0.7107400056650542
1,561,0.2953609429781367
1,562,0.6636381103363699
1,563,0.6326257710884663
1,564,0.4300073495004891
1,565,0.5409541073223421
1,566,0.5238397179487858
1,567,0.49577245969343287
1,568,0.6154467108096527
1,569,0.5076319550886053
1,570,0.5601343188105526
1,571,0.4447681581490147
1,572,0.6645746290509464
1,573,0.2774843493690635
1,574,0.7085827045948592
1,575,0.6783695054375594
1,576,0.6542675972077219
1,577,0.5527392453625619
1,578,0.4918591770195065
1,579,0.5045223667096499
1,580,0.386558976471046
1,581,0.3916268925892346
1,582,0.707111762399877
1,583,0.6074025394827016
1,584,0.6344192800510293
1,585,0.6503633774224997
1,586,0.3561218885807287
1,587,0.45470850621831227
1,588,0.7957542820746341
1,589,0.19724830018458456
1,590,0.20572086779242857
1,591,0.439968131314334
1,592,0.7885818208819749
1,593,0.7535890314933953
1,594,0.5744857058033056
1,595,0.26452714888131995
1,596,0.7324899620726333
1,597,0.25458080115318354
1,598,0.4239691661336807
1,599,0.45623393875441826
1,600,0.4464916367440596
1,601,0.31000157999078143
1,602,0.34164324223513387
1,603,0.436267988373491
1,604,0.4119994916315924
1,605,0.628024727637293
1,606,0.7236914834099589
1,607,0.666048879917222
1,608,0.37638986839727373
1,609,0.37454456609422676
1,610,0.5671001125271556
1,611,0.4938454105427347
1,612,0.31637244132339587
1,613,0.7278775509317951
1,614,0.45521915731333396
1,615,0.3547881999934053
1,616,0.33763430166572783
1,617,0.7483185385339604
1,618,0.25271138283901895
1,619,0.41906294632155583
1,620,0.4654522351871006
1,621,0.6731168292882832
1,622,0.3605866719690407
1,623,0.6192899431065406
1,624,0.6690637910614766
1,625,0.6544891598012702
1,626,0.29200158332258325
1,627,0.807230630979453
1,628,0.5829766260127592
1,629,0.4604455891059614
1,630,0.35520415647442033
1,631,0.24589376773163724
1,632,0.6699830529002218
1,633,0.5268715414981514
1,634,0.3577289277271582
1,635,0.37599168580385955
1,636,0.6304334895925551
1,637,0.5109439385149801
1,638,0.5066852706745085
1,639,0.6160454955627886
1,640,0.4076399418863502
1,641,0.6560884347365818
1,642,0.3699377912707703
1,643,0.23381623594253398
1,644,0.7824610964826041
1,645,0.28743936003695175
1,646,0.4167827549210786
1,647,0.4989009160407657
1,648,0.5608882256414282
1,649,0.572867017587432
1,650,0.4448501506167663
1,651,0.4109225396517195
1,652,0.4652852394983097
1,653,0.6929383729115938
1,654,0.27324633475464455
1,655,0.41980369636721293
1,656,0.579280921354383
1,657,0.579433109013993
1,658,0.5636568959209828
1,659,0.5500516790449065
1,660,0.6276428278097691
1,661,0.32434865017743386
1,662,0.4619271087559201
1,663,0.45987114253981626
1,664,0.461752383627624
1,665,0.6005508604137194
1,666,0.6362986178865286
1,667,0.5281616146199437
1,668,0.3654547746367962
1,669,0.49675561281548475
1,670,0.42093992287978577
1,671,0.5198227916868183
1,672,0.46721258541961413
1,673,0.6148571772891775
1,674,0.437307042284576
1,675,0.5295563861895828
1,676,0.516602045040892
1,677,0.5656259051299545
1,678,0.42137928732246605
1,679,0.6105844425694151
1,680,0.7410766896120866
1,681,0.7794812929037707
1,682,0.6300341208224567
1,683,0.39280196593023925
1,684,0.5331446950839418
1,685,0.3739904520907128
1,686,0.41593409300116363
1,687,0.40413465781160673
1,688,0.27851723367062126
1,689,0.1662997047525733
1,690,0.29101904133795164
1,691,0.2405643349622972
1,692,0.7718129704930842
1,693,0.38761532069161947
1,694,0.5340042010296753
1,695,0.6796893646007877
1,696,0.7084243469209182
1,697,0.5456502132490556
1,698,0.44437895750690404
1,699,0.3825490793529714
1,700,0.5797415652875805
1,701,0.5485943187885656
1,702,0.4855652693539982
1,703,0.4011795041138818
1,704,0.56878853091588
1,705,0.7742009722575592
1,706,0.6823545226378672
1,707,0.35192781647650595
1,708,0.6068146015815542
1,709,0.37496467359564273
1,710,0.5961163545258853
1,711,0.4320385858267449
1,712,0.46125003991462843
1,713,0.40582410074055364
1,714,0.6047306740585923
1,715,0.3880611018431463
1,716,0.686313508340249
1,717,0.3556567870474951
1,718,0.5558163404334321
1,719,0.4091609822431899
1,720,0.6790241886577588
1,721,0.4771178995212683
1,722,0.574846320104433
1,723,0.5905172384614042
1,724,0.4952502775823076
1,725,0.643855898450123
1,726,0.47384344927568484
1,727,0.6741330997237625
1,728,0.4780314016775409
1,729,0.5947247399381503
1,730,0.31196461488293886
1,731,0.7376294097468052
1,732,0.5653930474538276
1,733,0.5759706931790571
1,734,0.3556786448655529
1,735,0.6413743672679506
1,736,0.44844424494181095
1,737,0.3592545452368024
1,738,0.7128453492687655
1,739,0.3016562590896947
1,740,0.6191450348573265
1,741,0.2995122720513428
1,742,0.35289703824178015
1,743,0.61833328363968
1,744,0.40603353257400493
1,745,0.48930282641685346
1,746,0.32035004716902954
1,747,0.695145523431492
1,748,0.8010442767301965
1,749,0.36552394019080664
1,750,0.5681860488578707
1,751,0.5682270031937182
1,752,0.5983023516448813
1,753,0.35165120809500994
1,754,0.7408598162956637
1,755,0.37723939785797667
1,756,0.6352013020222957
1,757,0.7230804442600378
1,758,0.5653321881792088
1,759,0.5605193813853674
1,760,0.6061183712744403
1,761,0.3308343966023459
1,762,0.4668803908344007
1,763,0.3098360857054391
1,764,0.42880504424183047
1,765,0.6212896254319348
1,766,0.38924909636775545
1,767,0.6942093876221367
1,768,0.6437324252001069
1,769,0.5764639413938092
1,770,0.4353468859754603
1,771,0.5179677020775092
1,772,0.6500756391786551
1,773,0.35799151545951374
1,774,0.4543887662052896
1,775,0.6593381847802418
1,776,0.5125382801656316
1,777,0.5470680940025504
1,778,0.37887114117120496
1,779,0.6180297101908785
1,780,0.4230093640262817
1,781,0.6207153096029182
1,782,0.36232636239461863
1,783,0.3513327653911996
1,784,0.4013850371709686
1,785,0.5109143864438459
1,786,0.571945097969939
1,787,0.43198512034717007
1,788,0.3804767425517398
1,789,0.22739663226542034
1,790,0.19640888346479612
1,791,0.3043226315403049
1,792,0.5630724971978756
1,793,0.4264338035752089
1,794,0.7194675234169813
1,795,0.564374171514614
1,796,0.3410341416201916
1,797,0.5107191110064649
1,798,0.5232288723440812
1,799,0.4384473625916306
1,800,0.6629396138581798
1,801,0.5713629179599394
1,802,0.4721544230047554
1,803,0.24294081787523134
1,804,0.522925480935823
1,805,0.3781804148940138
1,806,0.42868080368660966
1,807,0.4580654135790699
1,808,0.5938611313923766
1,809,0.6840121792599728
1,810,0.32583887463590894
1,811,0.3777040242944314
1,812,0.6137774979274848
1,813,0.18328190622408017
1,814,0.19407866879581534
1,815,0.6285966232957416
1,816,0.3230976953603054
1,817,0.5491030569770121
1,818,0.5156405723168013
1,819,0.49977786579118477
1,820,0.34713707261933413
1,821,0.5808294031644643
1,822,0.46714852146940894
1,823,0.22897647668768992
1,824,0.4026279116026689
1,825,0.4627365481653141
1,826,0.4808462953994745
1,827,0.5084660226716806
1,828,0.5788513066487355
1,829,0.587796848938368
1,830,0.6463653490666322
1,831,0.4515596937643797
1,832,0.4489453606782013
1,833,0.43900077578486074
1,834,0.4109703170156006
1,835,0.3166055148208417
1,836,0.5604471462895323
1,837,0.45626250099175
1,838,0.465287410069421
1,839,0.4240474775198283
1,840,0.28376297654230986
1,841,0.31367993779593856
1,842,0.640263074164042
1,843,0.4539154609143403
1,844,0.4781270639865369
1,845,0.4158304574041628
1,846,0.5467715705557187
1,847,0.39075163555182685
1,848,0.6789239369180714
1,849,0.5005685634118443
1,850,0.512210423686882
1,851,0.40517146610757054
1,852,0.40341191284567784
1,853,0.7027470936659176
1,854,0.2828864564620667
1,855,0.2541532581278974
1,856,0.807614596787605
1,857,0.5560472995205399
1,858,0.4595344767260487
1,859,0.5267385184257497
1,860,0.49534281393895496
1,861,0.535377193368257
1,862,0.3536433725314811
1,863,0.31983149641661524
1,864,0.5562393584481419
1,865,0.4032946563189935
1,866,0.5956479825582465
1,867,0.6825387120854937
1,868,0.37880484939544407
1,869,0.6572469531236104
1,870,0.3887968250377028
1,871,0.4840470130333705
1,872,0.5671508359368971
1,873,0.42053168585424733
1,874,0.4512813747542224
1,875,0.5784119097036572
1,876,0.5980810026842687
1,877,0.5088936302503982
1,878,0.5830693913374847
1,879,0.4592484721428225
1,880,0.38052961388113204
1,881,0.6065474343314065
1,882,0.424655532005713
1,883,0.4720523550682375
1,884,0.6400057403319301
1,885,0.34181298065998783
1,886,0.4642975865349715
1,887,0.512947957081075
1,888,0.6409807411140332
1,889,0.751069171020316
1,890,0.2526516550524323
1,891,0.31028255290233525
1,892,0.7242839111116842
1,893,0.6230798338754294
1,894,0.1542112400781783
1,895,0.2691238792576173
1,896,0.17597206590933742
1,897,0.6274650938154063
1,898,0.7423264036011292
1,899,0.3111534071036492
1,900,0.6637797844466313
1,901,0.5847948217408674
1,902,0.4054360427350664
1,903,0.6608907257744977
1,904,0.5613586770397587
1,905,0.5103093121395642
1,906,0.5126170616724973
1,907,0.4943082729741206
1,908,0.4312686830647153
1,909,0.507553967805789
1,910,0.2892212152094378
1,911,0.47014963887825917
1,912,0.5029094839620789
1,913,0.41604063838547695
1,914,0.47275828260479097
1,915,0.19920288220568624
1,916,0.29608653242484284
1,917,0.36736297957078007
1,918,0.7314406598348613
1,919,0.21459968040961971
1,920,0.2342307035104339
1,921,0.4618951405416511
1,922,0.4885965241920543
1,923,0.6175517579621428
1,924,0.6950925428962582
1,925,0.37616650168485644
1,926,0.3637836212683529
1,927,0.601747568278519
1,928,0.3682870545383825
1,929,0.586719650085904
1,930,0.4174668455321799
1,931,0.5860593690991354
1,932,0.4550183793832178
1,933,0.3307465163225795
1,934,0.3970919823507084
1,935,0.45915459683646653
1,936,0.47706812698646917
1,937,0.35847551597208405
1,938,0.6300521612133494
1,939,0.4192825412627305
1,940,0.4329741718266024
1,941,0.5693425752059738
1,942,0.49463532203528504
1,943,0.2299387609663401
1,944,0.6902397731160173
1,945,0.3175556085240617
1,946,0.7586173851763832
1,947,0.33106020543181935
1,948,0.45065940431333396
1,949,0.533058722278595
1,950,0.5824803016230116
1,951,0.41579077930661773
1,952,0.6075156773261728
1,953,0.8031386925975075
1,954,0.8670714713823042
1,955,0.6347746080594744
1,956,0.6722103262077228
1,957,0.5180389884379493
1,958,0.6334052658017204
1,959,0.5915554795185244
1,960,0.6133099295826473
1,961,0.6215982501091502
1,962,0.435727069931349
1,963,0.46276418691438226
1,964,0.2797836265308986
1,965,0.7661595762653244
1,966,0.6441377617844115
1,967,0.660711208639364
1,968,0.7019134754069322
1,969,0.5330645163995335
1,970,0.46127422587400513
1,971,0.3740735124064288
1,972,0.494361822486545
1,973,0.5781701120819518
1,974,0.4991426029399012
1,975,0.44773271941958104
1,976,0.5633696358197336
1,977,0.47402327430309515
1,978,0.45722630841215717
1,979,0.29404315994363006
1,980,0.5660543768517753
1,981,0.5485483674125132
1,982,0.688250425276737
1,983,0.32043617294022697
1,984,0.6971789076298777
1,985,0.5686899177287615
1,986,0.572303150649739
1,987,0.27461072042837553
1,988,0.5320184750754362
1,989,0.4819638898521056
1,990,0.33822430304978235
1,991,0.4587152685125734
1,992,0.5996201184833522
1,993,0.5964483120728202
1,994,0.6516998846218119
1,995,0.36218529047108877
1,996,0.6275553178525785
1,997,0.6643792926363546
1,998,0.28064126508472964
1,999,0.3626568436481419
1,1000,0.3838496352268738
1,1001,0.5980256367780172
1,1002,0.6161551705744476
1,1003,0.5589411199224001
1,1004,0.5450238574173837
1,1005,0.4548188308632357
1,1006,0.4690622256218289
1,1007,0.302125826566268
1,1008,0.3090859553731893
1,1009,0.31680537734020847
1,1010,0.557458303096075
1,1011,0.6522750219848265
1,1012,0.6884303330153562
1,1013,0.5926078462291671
1,1014,0.48623216790443685
1,1015,0.5064056463626015
1,1016,0.3758369718447652
1,1017,0.6219787877800682
1,1018,0.5776324213522293
1,1019,0.49763745398186854
1,1020,0.5447659391004568
1,1021,0.49606037905944966
1,1022,0.6204059272918664
1,1023,0.6328222680068424
1,1024,0.3834070097712579
1,1025,0.7140324663801635
1,1026,0.3545456588628842
1,1027,0.6576223710534892
1,1028,0.5898000888291681
1,1029,0.5534193802360045
1,1030,0.5019929822990074
1,1031,0.3908844274516764
1,1032,0.6180467646222325
1,1033,0.28537139811707496
1,1034,0.5369731207049969
1,1035,0.4460709618225675
1,1036,0.4546888922222063
1,1037,0.5716294136045629
1,1038,0.40004466983520026
1,1039,0.3720817239093951
1,1040,0.5937894992288013
1,1041,0.44410544349020753
1,1042,0.6303402364973211
1,1043,0.7474149682734683
1,1044,0.542199045084013
1,1045,0.6744538413790647
1,1046,0.5807630956209148
1,1047,0.46321902276808785
1,1048,0.4862576689486662
1,1049,0.3643685110560188
1,1050,0.3459775175568945
1,1051,0.505761890331194
1,1052,0.535024881207416
1,1053,0.4325217453443609
1,1054,0.7781473054680986
1,1055,0.4776739118272231
1,1056,0.40113835785761526
1,1057,0.5635277022615938
1,1058,0.5662986612261023
1,1059,0.4974372871792196
1,1060,0.4210802073470139
1,1061,0.622964140662578
1,1062,0.38437554917190897
1,1063,0.4899167028968256
1,1064,0.4853766816532631
1,1065,0.6647127218168499
1,1066,0.3429885426462397
1,1067,0.6699413787042356
1,1068,0.5395090441050227
1,1069,0.676114493049233
1,1070,0.2709779673253732
1,1071,0.361016384828472
1,1072,0.7648640651640782
1,1073,0.27185045853667333
1,1074,0.44332993419426664
1,1075,0.4577164082544002
1,1076,0.44858820331326493
1,1077,0.5780388517462929
1,1078,0.5554841192062983
1,1079,0.6596116820551147
1,1080,0.59692683145434
1,1081,0.5777567748362276
1,1082,0.33610771781281534
1,1083,0.3630676641888303
1,1084,0.7240632255537133
1,1085,0.7374115237848025
1,1086,0.2753886518375986
1,1087,0.35677266075367653
1,1088,0.5544058920870266
1,1089,0.339598307375142
1,1090,0.513495578783077
1,1091,0.3197912850812917
1,1092,0.582902258915235
1,1093,0.5173543995232168
1,1094,0.5004259826821745
1,1095,0.5369445329372156
1,1096,0.6376303185571967
1,1097,0.5867348534941295
1,1098,0.4279842963962728
1,1099,0.6200477834054667
1,1100,0.3875382764831248
1,1101,0.4701045571792541
1,1102,0.2678744085551071
1,1103,0.40811432858153446
1,1104,0.4979759216419231
1,1105,0.5925770664536582
1,1106,0.44251083662864577
1,1107,0.4916917070288857
1,1108,0.2838342712936963
1,1109,0.2569507948221113
1,1110,0.6364387118367244
1,1111,0.4349171719638578
1,1112,0.38663580939941783
1,1113,0.3753674969411323
1,1114,0.5073507987884086
1,1115,0.5385774577881316
1,1116,0.18627860135721108
1,1117,0.2821992324811282
1,1118,0.29456293372865233
1,1119,0.7262114821108085
1,1120,0.5665126559383313
1,1121,0.42761129590699287
1,1122,0.6172994589430022
1,1123,0.5366147133233478
1,1124,0.4012631555459441
1,1125,0.4151762346128
1,1126,0.5749167763878564
1,1127,0.5257316681415717
1,1128,0.48507747785590005
1,1129,0.44972550263709593
1,1130,0.5720617627884699
1,1131,0.5037404264975889
1,1132,0.4926704594250391
1,1133,0.5499653305900235
1,1134,0.4297646958478922
1,1135,0.49319472073409854
1,1136,0.2176652049644235
1,1137,0.7524819956212363
1,1138,0.5507514692572076
1,1139,0.4054705203405984
1,1140,0.5734559504225712
1,1141,0.4265537639482242
1,1142,0.4496948209899002
1,1143,0.6850541885920259
1,1144,0.6471456636398907
1,1145,0.5569658405039077
1,1146,0.6371415468757373
1,1147,0.5670780552333331
1,1148,0.556717226538229
1,1149,0.5109214123950756
1,1150,0.6075762118189244
1,1151,0.6591367041772892
1,1152,0.4583717651942276
1,1153,0.48636436078255313
1,1154,0.44629816985260506
1,1155,0.41233114521233843
1,1156,0.6382324417986396
1,1157,0.6216249303651742
1,1158,0.611121182691178
1,1159,0.6619093989320056
1,1160,0.29493902947200434
1,1161,0.7791639890697656
1,1162,0.6317622772399385
1,1163,0.659634367648289
1,1164,0.4137220557710586
1,1165,0.2916295243467356
1,1166,0.797654249466296
1,1167,0.13519838416074603
1,1168,0.7167618519433973
1,1169,0.6763410121190684
1,1170,0.40078288494093406
1,1171,0.5476459337417687
1,1172,0.5016503715171848
1,1173,0.535281400317731
1,1174,0.7554575242525898
1,1175,0.5203161522223045
1,1176,0.48783929806935655
1,1177,0.4305511747353525
1,1178,0.5631695099005265
1,1179,0.48644912814215563
1,1180,0.4958851472996743
1,1181,0.5344425001559168
1,1182,0.41262557130130717
1,1183,0.674068843931239
1,1184,0.42006725945327217
1,1185,0.5390888926862002
1,1186,0.38224066978924975
1,1187,0.5256012635335573
1,1188,0.45800222737986374
1,1189,0.5494715710610991
1,1190,0.42729878440951946
1,1191,0.4414852954142391
1,1192,0.5615477175141742
1,1193,0.5673233047411781
1,1194,0.5066345593535725
1,1195,0.45768724772226776
1,1196,0.5011832351773089
1,1197,0.42709974342688267
1,1198,0.631614444449164
1,1199,0.4959139309280916
1,1200,0.6351236913397557
1,1201,0.5432050566268564
1,1202,0.391481728595294
1,1203,0.6990537715918373
1,1204,0.31115610402163774
1,1205,0.6559666361876281
1,1206,0.40618740742078313
1,1207,0.6235753241549893
1,1208,0.43904605929133556
1,1209,0.4154389916711613
1,1210,0.324922843674963
1,1211,0.4145920036055116
1,1212,0.5554101988762714
1,1213,0.676066340654653
1,1214,0.632995144091288
1,1215,0.3355343194848535
1,1216,0.25327402868949894
1,1217,0.6028076745477774
1,1218,0.2715790524712507
1,1219,0.39283855481770996
1,1220,0.5230728037191819
1,1221,0.51230356097687
1,1222,0.4586339952911885
1,1223,0.43958252804701736
1,1224,0.4787151416461237
1,1225,0.3512066229422864
1,1226,0.6998083344284354
1,1227,0.5709089191743453
1,1228,0.4197769590443654
1,1229,0.37179238531917086
1,1230,0.5941318217947533
1,1231,0.5015164132776283
1,1232,0.5261613289101901
1,1233,0.4287851074718665
1,1234,0.6030436641119206
1,1235,0.3776258989421383
1,1236,0.359894850872748
1,1237,0.5952273459305941
1,1238,0.41971871828134705
1,1239,0.3624011500056947
1,1240,0.6538207987347493
1,1241,0.6001583913822978
1,1242,0.7713732977202367
1,1243,0.7056917004624558
1,1244,0.15356992758548166
1,1245,0.8648245445532416
1,1246,0.30460393122458035
1,1247,0.6165619393552956
1,1248,0.4559937832585034
1,1249,0.4929591702291753
1,1250,0.5800549290310579
1,1251,0.5745944400094417
1,1252,0.42244057360408177
1,1253,0.4990270220339719
1,1254,0.5999267253337964
1,1255,0.46432163162942736
1,1256,0.5742721481363892
1,1257,0.43397850791787973
1,1258,0.676394949175346
1,1259,0.3513677157585454
1,1260,0.4486271348213698
1,1261,0.467829630357331
1,1262,0.3337490832108758
1,1263,0.8296048676431894
1,1264,0.5496230271671513
1,1265,0.5512626080590276
1,1266,0.6173811940916202
1,1267,0.36044740099555694
1,1268,0.5361387104617039
1,1269,0.49095999885080654
1,1270,0.7319329770862788
1,1271,0.6753723412948247
1,1272,0.4775186554927312
1,1273,0.5405569596613974
1,1274,0.37476071717608644
1,1275,0.49141511490569534
1,1276,0.6208261668063507
1,1277,0.37207310174765756
1,1278,0.32211745428601823
1,1279,0.715264848603852
1,1280,0.6992281725364263
1,1281,0.5624565297850468
1,1282,0.41856017775900184
1,1283,0.6443116257064084
1,1284,0.7463630955221213
1,1285,0.5297869078322163
1,1286,0.45698453468587563
1,1287,0.5690048140964272
1,1288,0.49619961345909336
1,1289,0.41023269574055915
1,1290,0.4499146967460846
1,1291,0.47401351729241337
1,1292,0.49058230682527776
1,1293,0.5724867243034802
1,1294,0.42150309156429316
1,1295,0.5739793015618123
1,1296,0.3428627938387138
1,1297,0.5924108658258952
1,1298,0.3791705459949619
1,1299,0.5111997274813233
1,1300,0.4618422863224893
1,1301,0.49721661434426984
1,1302,0.6022771216012218
1,1303,0.6046499939021355
1,1304,0.3369936601880724
1,1305,0.5434734181731988
1,1306,0.5727118615459484
1,1307,0.7367358988379229
1,1308,0.4649646144171816
1,1309,0.4969792330710052
1,1310,0.6242883712740583
1,1311,0.3837721257211327
1,1312,0.6541552521650932
1,1313,0.5214061689765583
1,1314,0.5555299621841475
1,1315,0.42977799466613065
1,1316,0.4255099706854204
1,1317,0.5208629635372124
1,1318,0.44435738989372336
1,1319,0.49387475992483626
1,1320,0.5495344580806134
1,1321,0.5150090633598831
1,1322,0.5181007157285883
1,1323,0.49734479172068047
1,1324,0.5684647762322329
1,1325,0.3801887736278503
1,1326,0.5576851069039669
1,1327,0.5611552720159929
1,1328,0.5195465130429816
1,1329,0.6437809321196338
1,1330,0.4104880132053555
1,1331,0.49262019215802677
1,1332,0.38006806091775736
1,1333,0.5600650564774572
1,1334,0.4284932589789416
1,1335,0.5885142942337379
1,1336,0.41187851429764005
1,1337,0.5470522860888316
1,1338,0.3799867662464708
1,1339,0.6215851792692294
1,1340,0.48037485596227475
1,1341,0.5235293529200359
1,1342,0.34419577605796914
1,1343,0.6231673336722736
1,1344,0.29749286004444314
1,1345,0.3217688199070343
1,1346,0.37526412895738337
1,1347,0.5632671556628259
1,1348,0.5895797249367433
1,1349,0.4596474264756904
1,1350,0.5366306889143566
1,1351,0.5455708745016228
1,1352,0.4017313985639808
1,1353,0.5584398078840404
1,1354,0.5475193287866117
1,1355,0.4361865457807484
1,1356,0.5801158812721884
1,1357,0.5614326267858903
1,1358,0.42583270024291436
1,1359,0.4796183839394708
1,1360,0.5073747814240527
1,1361,0.4150183129978996
1,1362,0.19012190380456365
1,1363,0.39873876851379014
1,1364,0.3613997152320613
1,1365,0.3014578570049039
1,1366,0.6530561083829551
1,1367,0.576435141459976
1,1368,0.36464069792828757
1,1369,0.3324571031697746
1,1370,0.36485365403949777
1,1371,0.35636287974021946
1,1372,0.2025394523117624
1,1373,0.7933578197916308
1,1374,0.32083762794780624
1,1375,0.4941625501942826
1,1376,0.4821628157122535
1,1377,0.6180184236993954
1,1378,0.3192596463144352
1,1379,0.6660894988915074
1,1380,0.31602914536193494
1,1381,0.67793930557895
1,1382,0.5784204404913277
1,1383,0.3634517836353381
1,1384,0.36455424004471026
1,1385,0.38385412588359824
1,1386,0.7692781756545589
1,1387,0.25334078348411837
1,1388,0.7578018109276752
1,1389,0.3437598589017695
1,1390,0.2795757442125993
1,1391,0.5148304121947529
1,1392,0.4393067282021717
1,1393,0.5765714698034187
1,1394,0.5997747803759703
1,1395,0.7143580893550997
1,1396,0.7334424204073339
1,1397,0.3051383505948177
1,1398,0.3789588416899159
1,1399,0.42162414668947223
1,1400,0.6243664480424095
1,1401,0.4991642260343663
1,1402,0.4349845135851459
1,1403,0.7572605422500751
1,1404,0.7182137455660003
1,1405,0.30215192086608694
1,1406,0.6793699031464027
1,1407,0.3314931706412106
1,1408,0.48207411198182903
1,1409,0.47080213743241245
1,1410,0.49221067183458056
1,1411,0.5418464574324943
1,1412,0.5311773206028699
1,1413,0.520835650226706
1,1414,0.6790574641286369
1,1415,0.5950240191069303
1,1416,0.36718842284536773
1,1417,0.3136157003455244
1,1418,0.6639255437780586
1,1419,0.6366181135158114
1,1420,0.7899962257631354
1,1421,0.6023834301046807
1,1422,0.41996167445955146
1,1423,0.5212436385364501
1,1424,0.4336439043535218
1,1425,0.4113793582419518
1,1426,0.732907807295045
1,1427,0.7280445779355612
1,1428,0.7235492209123527
1,1429,0.31061921265498776
1,1430,0.5084316346852032
1,1431,0.4631101525246902
1,1432,0.4159195952245537
1,1433,0.28316043304848304
1,1434,0.5431680926381939
1,1435,0.6735150418378528
1,1436,0.5877107554261987
1,1437,0.6158210745753459
1,1438,0.45679338424744226
1,1439,0.6384334577807891
1,1440,0.6645988722526719
1,1441,0.36395284055178617
1,1442,0.4999912048689441
1,1443,0.5591653202692982
1,1444,0.5755203232185891
1,1445,0.7276239518807007
1,1446,0.2853692428784882
1,1447,0.4785915160233513
1,1448,0.4836314560592881
1,1449,0.6218621616455402
1,1450,0.47964372424496127
1,1451,0.5060512069012214
1,1452,0.6744641136347681
1,1453,0.2842313621410705
1,1454,0.7954309648551583
1,1455,0.3081925754789207
1,1456,0.5428418005488774
1,1457,0.35167787264298717
1,1458,0.4513838378257123
1,1459,0.6839618941002917
1,1460,0.7976258237726682
1,1461,0.662206618967692
1,1462,0.3877656532289341
1,1463,0.6394943617840927
1,1464,0.38678937172353156
1,1465,0.5809380337668811
1,1466,0.7505214645457859
1,1467,0.30232242310123925
1,1468,0.5879901516496585
1,1469,0.437861419617049
1,1470,0.5927203143330746
1,1471,0.4020401357186071
1,1472,0.4241281697077358
1,1473,0.4644507525445042
1,1474,0.4799445981425908
1,1475,0.5054965067081
1,1476,0.5463378913072959
1,1477,0.62780058719693
1,1478,0.45604675685279716
1,1479,0.4465035602824326
1,1480,0.4368120072598376
1,1481,0.7179952038323631
1,1482,0.6008358967595387
1,1483,0.6412499460060332
1,1484,0.328120588136841
1,1485,0.3982110176599374
1,1486,0.4248325455979978
1,1487,0.567632690056986
1,1488,0.48847272679908327
1,1489,0.363665289064004
1,1490,0.3979696663042552
1,1491,0.5356445972245572
1,1492,0.6315171118850162
1,1493,0.6338733065538432
1,1494,0.2609020706933632
1,1495,0.20771669970663612
1,1496,0.8652605326872119
1,1497,0.8946849854886084
1,1498,0.5183796917078984
1,1499,0.48826481574659075
1,1500,0.5649220737924903
1,1501,0.4885453234935028
1,1502,0.44103760061191455
1,1503,0.5214231027441999
1,1504,0.4861738159298471
1,1505,0.539065540570214
1,1506,0.4427035072394932
1,1507,0.40991924447798783
1,1508,0.670027574824127
1,1509,0.40388168457334844
1,1510,0.652185195010339
1,1511,0.47113998740410135
1,1512,0.5786910700660529
1,1513,0.44487508319928326
1,1514,0.6597206950115639
1,1515,0.44139514561996146
1,1516,0.4910017425090343
1,1517,0.5693419517535105
1,1518,0.32045721501787877
1,1519,0.6095105139012957
1,1520,0.28769723231329125
1,1521,0.6123459097958274
1,1522,0.35404515978742485
1,1523,0.39478569319119466
1,1524,0.3088520094617764
1,1525,0.3224664224358496
1,1526,0.7345784530532153
1,1527,0.5960262137425937
1,1528,0.5705195486510667
1,1529,0.4799895146309691
1,1530,0.4863153551484402
1,1531,0.4668682350068171
1,1532,0.36196991072552304
1,1533,0.6600241092946321
1,1534,0.3190083826639084
1,1535,0.30481818977923447
1,1536,0.612840362613791
1,1537,0.47674891198936736
1,1538,0.5602912782700566
1,1539,0.4802749685855809
1,1540,0.4979936295004161
1,1541,0.28413849029933474
1,1542,0.3655379043630204
1,1543,0.39219332820169
1,1544,0.5624064806621152
1,1545,0.14521191493815316
1,1546,0.1580897097930482
1,1547,0.8519652830005017
1,1548,0.6421234791410139
1,1549,0.3706203354083546
1,1550,0.6295700196839412
1,1551,0.8018590975715825
1,1552,0.18305217857019324
1,1553,0.2965169134658559
1,1554,0.23601954686165794
1,1555,0.38266480255429364
1,1556,0.4373665361833796
1,1557,0.38154201091293843
1,1558,0.40637225420503564
1,1559,0.5824038696114975
1,1560,0.5535212496407942
1,1561,0.45008358998930176
1,1562,0.6353821787886137
1,1563,0.38497273620250266
1,1564,0.6482206270494553
1,1565,0.3626861806449641
1,1566,0.6436952463953307
1,1567,0.3489636295299489
1,1568,0.5230463796556252
1,1569,0.4272833369240724
1,1570,0.384534282382981
1,1571,0.5441404535216721
1,1572,0.2531958700148116
1,1573,0.7467740932721093
1,1574,0.5288661007354694
1,1575,0.5406308338229576
1,1576,0.46451089731135925
1,1577,0.6394118319738856
1,1578,0.3930256254364147
1,1579,0.5520252101831923
1,1580,0.5798825231897066
1,1581,0.5905853475844792
1,1582,0.6069013766335761
1,1583,0.40072942419549934
1,1584,0.49554690812588303
1,1585,0.5222625281210227
1,1586,0.6364823024276282
1,1587,0.7893957285605422
1,1588,0.3993988809963369
1,1589,0.4113879922992981
1,1590,0.5914477158031838
1,1591,0.5396320188570487
1,1592,0.3408057094588994
1,1593,0.3356534709986475
1,1594,0.36509060834304286
1,1595,0.3701367831383594
1,1596,0.5573915558153447
1,1597,0.4302716252414451
1,1598,0.41624088815330484
1,1599,0.6997979202183637
1,1600,0.4481361039259965
1,1601,0.3038697849673359
1,1602,0.3189265973428661
1,1603,0.6444747151150029
1,1604,0.4725943759973964
1,1605,0.441269106476071
1,1606,0.5958331197650738
1,1607,0.47265649275383015
1,1608,0.5019205458026209
1,1609,0.47295423947828735
1,1610,0.5298432815860334
1,1611,0.5971887548613576
1,1612,0.59848998226164
1,1613,0.6268546689528123
1,1614,0.6677155861372656
1,1615,0.3582869823758972
1,1616,0.49752584973952485
1,1617,0.5762700170102847
1,1618,0.6335848497737109
1,1619,0.4515177979731859
1,1620,0.556746366542802
1,1621,0.7230052622709587
1,1622,0.2392673849067855
1,1623,0.7678304076576893
1,1624,0.5970575608930972
1,1625,0.5104674527465848
1,1626,0.43884588308425904
1,1627,0.44739664257802747
1,1628,0.4019975291140361
1,1629,0.7985983252274496
1,1630,0.21058230005316755
1,1631,0.7349079372152207
1,1632,0.6060246927391933
1,1633,0.6579769529946258
1,1634,0.4845573413920009
1,1635,0.5025008980031139
1,1636,0.4971634503098033
1,1637,0.5057700187549896
1,1638,0.42837461924126957
1,1639,0.31478975863860525
1,1640,0.7717962279104233
1,1641,0.2491812083714333
1,1642,0.4947631676392004
1,1643,0.5870779762781897
1,1644,0.5271245046356523
1,1645,0.4736430370162366
1,1646,0.5733425063308444
1,1647,0.7286510212365718
1,1648,0.7013824572719756
1,1649,0.6747895942954167
1,1650,0.39497803201532167
1,1651,0.39129544812230094
1,1652,0.635612029278167
1,1653,0.5539206828401247
1,1654,0.6679825602763118
1,1655,0.39690788228802987
1,1656,0.442295687229826
1,1657,0.5828891948353755
1,1658,0.3950133552696141
1,1659,0.7548306754137332
1,1660,0.48032961127013385
1,1661,0.5737209796754004
1,1662,0.4676658942917357
1,1663,0.3157617460528272
1,1664,0.5975718052127381
1,1665,0.6188373462593997
1,1666,0.5667531700761526
1,1667,0.5548072308905077
1,1668,0.6618085151309415
1,1669,0.6879500071514768
1,1670,0.5691578012640798
1,1671,0.4999276303947953
1,1672,0.5987959944041662
1,1673,0.622554043108071
1,1674,0.6862511170614594
1,1675,0.44786735744325545
1,1676,0.47730409276902147
1,1677,0.5039033672072601
1,1678,0.5055178695689904
1,1679,0.5598977947817273
1,1680,0.3754442099622197
1,1681,0.3719570494763212
1,1682,0.7324775351236144
1,1683,0.5139852496778283
1,1684,0.4279633925707899
1,1685,0.6991334511581084
1,1686,0.42176628839083447
1,1687,0.5547439842487253
1,1688,0.4503636507077551
1,1689,0.4895250377681722
1,1690,0.66402321984375
1,1691,0.39462968440611895
1,1692,0.6507672263796596
1,1693,0.3081331288848914
1,1694,0.5341521149980003
1,1695,0.3342049723738367
1,1696,0.3759858489918428
1,1697,0.30804033892246924
1,1698,0.4965164250262603
1,1699,0.5226782976800384
1,1700,0.5002215120739093
1,1701,0.5210347393359019
1,1702,0.4671577058193678
1,1703,0.3978041425319671
1,1704,0.5717062007628708
1,1705,0.47028407442177844
1,1706,0.6172817810101552
1,1707,0.45825010153537793
1,1708,0.6367246167130008
1,1709,0.657535411232733
1,1710,0.43666847478376275
1,1711,0.47099235729277833
1,1712,0.4920139632347604
1,1713,0.46729914816273904
1,1714,0.4968358752158304
1,1715,0.4683426818966514
1,1716,0.530136155582787
1,1717,0.6385545351512096
1,1718,0.47094628704676134
1,1719,0.5274921578496169
1,1720,0.5727420692926107
1,1721,0.3800309238470856
1,1722,0.40297270641837984
1,1723,0.27565955525809593
1,1724,0.4537413317895447
1,1725,0.5693676589249818
1,1726,0.4929665264359206
1,1727,0.635493212798154
1,1728,0.14126353938742098
1,1729,0.5217259468566213
1,1730,0.5131596798759703
1,1731,0.5231555811696472
1,1732,0.39722850744596105
1,1733,0.4876858447822534
1,1734,0.6120599075609445
1,1735,0.565298945707916
1,1736,0.5084023214372034
1,1737,0.6361558739492849
1,1738,0.38463446482647873
1,1739,0.5811763775571932
1,1740,0.640137870291868
1,1741,0.4314779935821361
1,1742,0.434892101894438
1,1743,0.4829890111157584
1,1744,0.4966706176675683
1,1745,0.5438782310921846
1,1746,0.6421533528803681
1,1747,0.6426819077140473
1,1748,0.7326761865532798
1,1749,0.5080246607947289
1,1750,0.5783895656798014
1,1751,0.5709191446356712
1,1752,0.4604404834579143
1,1753,0.4897769176377495
1,1754,0.40668026452997225
1,1755,0.27783582328483997
1,1756,0.6703880322298202
1,1757,0.5247510820045318
1,1758,0.6085978743580931
1,1759,0.47223587740256573
1,1760,0.46717697711560807
1,1761,0.46901397613379847
1,1762,0.5160140610250054
1,1763,0.49625496093604576
1,1764,0.6123549152215488
1,1765,0.44469517019055016
1,1766,0.41249981324189766
1,1767,0.5271500430772493
1,1768,0.5544123222019133
1,1769,0.4810214885207669
1,1770,0.7584083576047351
1,1771,0.684512790445742
1,1772,0.6067809853776898
1,1773,0.3667260469178158
1,1774,0.40690385741850654
1,1775,0.3667732690377531
1,1776,0.5030065259233222
1,1777,0.6348952695029038
1,1778,0.5569702128876796
1,1779,0.33227159457897465
1,1780,0.5205041305471525
1,1781,0.5323392135609822
1,1782,0.2944802965907557
1,1783,0.4439918108072941
1,1784,0.38916410539600677
1,1785,0.4252432367323953
1,1786,0.484738016822411
1,1787,0.5477347151245866
1,1788,0.6628757117705321
1,1789,0.3440538440666279
1,1790,0.6276971480913202
1,1791,0.3988016544710954
1,1792,0.4628589234410807
1,1793,0.5228175856077414
1,1794,0.8004640450043535
1,1795,0.2625746843003513
1,1796,0.5650966915810784
1,1797,0.5662309202471109
1,1798,0.3457741465426694
1,1799,0.40532301090293577
1,1800,0.43394154381325534
1,1801,0.2826367516423346
1,1802,0.6419191554728073
1,1803,0.49476547831097983
1,1804,0.30051224519358066
1,1805,0.5966006238070709
1,1806,0.6379918517520147
1,1807,0.4993486286411175
1,1808,0.5921939198030847
1,1809,0.6336818433965761
1,1810,0.3779574678093988
1,1811,0.2794048083555409
1,1812,0.32927499551639106
1,1813,0.7668310701231346
1,1814,0.2667904656294717
1,1815,0.32992998814192165
1,1816,0.6379962001313705
1,1817,0.2527543881875087
1,1818,0.2967237179052329
1,1819,0.7851926759628942
1,1820,0.7483388877438234
1,1821,0.5527990198117447
1,1822,0.5349244324364277
1,1823,0.5312074485220062
1,1824,0.4178059546571736
1,1825,0.4364931028942265
1,1826,0.5534144917283454
1,1827,0.4805748691595323
1,1828,0.5862245030745449
1,1829,0.3329319023427503
1,1830,0.2595764843891999
1,1831,0.7333672632048156
1,1832,0.2651132224028203
1,1833,0.27480149652225794
1,1834,0.3668108654564792
1,1835,0.33026177569105597
1,1836,0.625736516898283
1,1837,0.5239786844810858
1,1838,0.47042871869230746
1,1839,0.5980778847985525
1,1840,0.38603908152551103
1,1841,0.560327886835302
1,1842,0.6828259359116278
1,1843,0.5268658305159963
1,1844,0.6605925849403461
1,1845,0.5060104771581089
1,1846,0.329150183030365
1,1847,0.6276450231513682
1,1848,0.6166411001385756
1,1849,0.647811518496977
1,1850,0.5726415028434384
1,1851,0.47070217569888123
1,1852,0.5044492026928562
1,1853,0.5403795383928175
1,1854,0.546555363613114
1,1855,0.5826866160506265
1,1856,0.651190541205431
1,1857,0.43682111224015263
1,1858,0.4211637040614601
1,1859,0.6044720297045205
1,1860,0.5729139883451293
1,1861,0.40227209707550143
1,1862,0.37787285316685937
1,1863,0.6195515942485577
1,1864,0.6536262120117268
1,1865,0.6405039172261318
1,1866,0.6835809074173164
1,1867,0.6412178906249487
1,1868,0.4177800473932951
1,1869,0.8402981550569635
1,1870,0.5332796879605577
1,1871,0.4597863968039483
1,1872,0.49384721971923506
1,1873,0.4574631710480476
1,1874,0.3401875991652138
1,1875,0.5189971451244364
1,1876,0.7318550741175007
1,1877,0.5665000520670276
1,1878,0.5986063471304783
1,1879,0.5735479321640584
1,1880,0.3200296164786028
1,1881,0.5279726161744402
1,1882,0.28552362045486884
1,1883,0.752066490618925
1,1884,0.6488128086423531
1,1885,0.35000428207889217
1,1886,0.49336710258618116
1,1887,0.566681472270367
1,1888,0.303534600675405
1,1889,0.3610539477440703
1,1890,0.2966338738595308
1,1891,0.4591332798646827
1,1892,0.3995027706327879
1,1893,0.5729284681379391
1,1894,0.46396208142140294
1,1895,0.5651083983854409
1,1896,0.42661894900532193
1,1897,0.6343193078377478
1,1898,0.6632413868224105
1,1899,0.3879640532936004
1,1900,0.5421440976951192
1,1901,0.5405382219295191
1,1902,0.45550779870516805
1,1903,0.43742065813624476
1,1904,0.3613654856346172
1,1905,0.8106450687960478
1,1906,0.38658150280248105
1,1907,0.8111670090944166
1,1908,0.172055757479306
1,1909,0.22994784295635218
1,1910,0.42519027507183255
1,1911,0.4427498764699691
1,1912,0.5220609811056462
1,1913,0.4917456190252803
1,1914,0.6631677341399866
1,1915,0.3898499220110033
1,1916,0.45486591092842593
1,1917,0.5240625713084432
1,1918,0.35527697239342726
1,1919,0.4803235935140371
1,1920,0.3892493639799447
1,1921,0.4746132162574586
1,1922,0.5437078867942234
1,1923,0.5581989914006952
1,1924,0.3197020220934411
1,1925,0.5852916786534074
1,1926,0.6878194213297304
1,1927,0.5914169692730227
1,1928,0.41314910072947963
1,1929,0.635586614102904
1,1930,0.4275568922805382
1,1931,0.6134395709032475
1,1932,0.45067447876033506
1,1933,0.5035084730982673
1,1934,0.5035084730982673
1,1935,0.48689844215181227
1,1936,0.33684657598326373
1,1937,0.5710272985465735
1,1938,0.5031557612874527
1,1939,0.501020420926694
1,1940,0.4871949156079396
1,1941,0.2322504387193374
1,1942,0.4741868782803392
1,1943,0.44677575447403184
1,1944,0.44677575447403184
1,1945,0.394775005807467
1,1946,0.6120239746169671
1,1947,0.46139077991365185
1,1948,0.4360741896185936
1,1949,0.38515185744846087
1,1950,0.6877903468872306
1,1951,0.41953833739794716
1,1952,0.6798323878985572
1,1953,0.3426936932287221
1,1954,0.3426936932287221
1,1955,0.3413385818985996
1,1956,0.7605707826931146
1,1957,0.28875550929301397
1,1958,0.22068611787711448
1,1959,0.29629214360096534
1,1960,0.2976440469110107
1,1961,0.6995004310787772
1,1962,0.28863144219827114
1,1963,0.6240030651154489
1,1964,0.5482024607126917
1,1965,0.3993791314843144
1,1966,0.5259286671928808
1,1967,0.5315424495325283
1,1968,0.555306247366797
1,1969,0.4992354739605144
1,1970,0.44706369031355986
1,1971,0.5415663551818375
1,1972,0.4421082910532658
1,1973,0.3251690201708144
1,1974,0.40953254603099626
1,1975,0.5912895900004953
1,1976,0.45299944474788817
1,1977,0.54682762789508
1,1978,0.45961727315782086
1,1979,0.4272752412800831
1,1980,0.31395143479219045
1,1981,0.729122474275914
1,1982,0.7463846952097486
1,1983,0.7112026619019894
1,1984,0.18241689450027618
1,1985,0.6862639240965253
1,1986,0.3895196729762782
1,1987,0.7248473724499501
1,1988,0.34088663501967875
1,1989,0.6438665765483403
1,1990,0.4146077873506765
1,1991,0.3164569045515815
1,1992,0.6968313326451138
1,1993,0.5277936290730774
1,1994,0.5987453351980419
1,1995,0.24969952478575339
1,1996,0.21616285651100756
1,1997,0.8097866772290193
1,1998,0.5765990163935338
1,1999,0.6248393757567312
1,2000,0.4572696377435223
1,2001,0.6572984074969774
1,2002,0.44207698608594725
1,2003,0.4154457270474131
1,2004,0.5333697326575356
1,2005,0.6402896015862608
1,2006,0.1594468348564408
1,2007,0.5551434745489622
1,2008,0.461651336674118
1,2009,0.46012896637481404
1,2010,0.4424346441973326
1,2011,0.4880540750774224
1,2012,0.4589176706483721
1,2013,0.4759913341793164
1,2014,0.5755335478771649
1,2015,0.4552420002241463
1,2016,0.561714493940342
1,2017,0.6028450825902201
1,2018,0.6051064691600686
1,2019,0.3946785757997787
1,2020,0.6120055166405561
1,2021,0.3200105133204044
1,2022,0.64481629873761
1,2023,0.21052538577366436
1,2024,0.24360922792483575
1,2025,0.3298001985147672
1,2026,0.4580647560708782
1,2027,0.5134145449203316
1,2028,0.3457699432394111
1,2029,0.6291580812887961
1,2030,0.31639902569316664
1,2031,0.5117790543783715
1,2032,0.6528382867115189
1,2033,0.5859117299371237
1,2034,0.555182543736731
1,2035,0.3233041293127204
1,2036,0.3732286403588035
1,2037,0.3988992244373362
1,2038,0.5046134363334877
1,2039,0.738679953242629
1,2040,0.7579964374795026
1,2041,0.8446173959527266
1,2042,0.8378422728023114
1,2043,0.16220424827488342
1,2044,0.8563552910156884
1,2045,0.6840324820439685
1,2046,0.619949181515137
1,2047,0.7795487211435187
1,2048,0.6535798851812833
1,2049,0.28918942341097004
1,2050,0.5756990624291898
1,2051,0.5648582940794663
1,2052,0.5100890587093457
1,2053,0.3592860000950207
1,2054,0.5554610776254854
1,2055,0.44360959737552036
1,2056,0.3292414949846023
1,2057,0.6783533692722504
1,2058,0.24464053440842823
1,2059,0.28111814408127545
1,2060,0.3696444842858078
1,2061,0.5012851989009294
1,2062,0.4871755247494794
1,2063,0.5812537419453736
1,2064,0.592044301397271
1,2065,0.3907143628823717
1,2066,0.3387680990909835
1,2067,0.26386018588859417
1,2068,0.4013954898641547
1,2069,0.5625129793386299
1,2070,0.37017006428743887
1,2071,0.5762448489698658
1,2072,0.6023204862127962
1,2073,0.5648997309461766
1,2074,0.5908660780015154
1,2075,0.3785011469165892
1,2076,0.7141656486384315
1,2077,0.512056793321582
1,2078,0.6032441274615011
1,2079,0.40388545928059516
1,2080,0.3851404803417502
1,2081,0.8053008171088523
1,2082,0.8150301233243126
1,2083,0.22153226672006365
1,2084,0.6558245381880762
1,2085,0.4949869413540843
1,2086,0.2502242242118035
1,2087,0.581362211942873
1,2088,0.4468262225696538
1,2089,0.4832550616875929
1,2090,0.5086040297094213
1,2091,0.5211712450346064
1,2092,0.6155279996159777
1,2093,0.3413147240800506
1,2094,0.4476469738767871
1,2095,0.7720082849813433
1,2096,0.8179749685915689
1,2097,0.548434859299796
1,2098,0.44135936628182654
1,2099,0.23711383972944064
1,2100,0.2583639900050329
1,2101,0.3479052200988028
1,2102,0.561715267665013
1,2103,0.694229036826028
1,2104,0.6724429895904054
1,2105,0.7128873044209061
1,2106,0.3684106976630574
1,2107,0.737177635543879
1,2108,0.4271139538834792
1,2109,0.09625923704351683
1,2110,0.3887960550548677
1,2111,0.5946229063731352
1,2112,0.31931943047130695
1,2113,0.6855366290625589
1,2114,0.6930185407434688
1,2115,0.3835349133752977
1,2116,0.4026071013360857
1,2117,0.49986880869397926
1,2118,0.3361848386306905
1,2119,0.6537901498154196
1,2120,0.3705358550522355
1,2121,0.300164004452809
1,2122,0.6596575505756597
1,2123,0.6016057948090902
1,2124,0.3361572846955542
1,2125,0.7324524885709575
1,2126,0.3281740080550636
1,2127,0.7106679245173695
1,2128,0.3550393075744266
1,2129,0.38999007476251063
1,2130,0.6076604682293849
1,2131,0.5768725522123268
1,2132,0.6025551684276026
1,2133,0.38495800751305204
1,2134,0.5578693647913685
1,2135,0.6312603200818142
1,2136,0.6723355812975192
1,2137,0.29755229400234856
1,2138,0.4553307278271067
1,2139,0.7778888040677234
1,2140,0.28277702485264317
1,2141,0.647998567921091
1,2142,0.5254184725303815
1,2143,0.5102154337061677
1,2144,0.5063656441377761
1,2145,0.5214220203891771
1,2146,0.39553107157706724
1,2147,0.20830496186491992
1,2148,0.09921685007408103
1,2149,0.32046714080920596
1,2150,0.5327238660665885
1,2151,0.4747880173900523
1,2152,0.5934483760207854
1,2153,0.40745659182048666
1,2154,0.4872885413318949
1,2155,0.5618254309381358
1,2156,0.36849393999056457
1,2157,0.13148728997501075
1,2158,0.8204395762566541
1,2159,0.7976842668142662
1,2160,0.8369227321652807
1,2161,0.6838230755157781
1,2162,0.7778879816286711
1,2163,0.6153002207806144
1,2164,0.5165140046362994
1,2165,0.37996140483651686
1,2166,0.5731063178668246
1,2167,0.43957838839494123
1,2168,0.5772741528396232
1,2169,0.46778153518567317
1,2170,0.44899430834316706
1,2171,0.548238768415649
1,2172,0.43265866970460903
1,2173,0.5181213993191184
1,2174,0.5875891985441692
1,2175,0.6830925478977642
1,2176,0.5516554329208765
1,2177,0.6680321474699098
1,2178,0.6045182754472596
1,2179,0.39938575051954744
1,2180,0.45144634986187265
1,2181,0.732577215507091
1,2182,0.7330555402621902
1,2183,0.4206092947593061
1,2184,0.4638913497604142
1,2185,0.4638913497604142
1,2186,0.34578308019009835
1,2187,0.5847818704416429
1,2188,0.4051648750788927
1,2189,0.5634128306316211
1,2190,0.8438699955670016
1,2191,0.7807071368811764
1,2192,0.653989552147387
1,2193,0.3883474476877575
1,2194,0.39070868366698785
1,2195,0.625180990359786
1,2196,0.2313364824004012
1,2197,0.2931333911492966
1,2198,0.33143432231426717
1,2199,0.630775761015919
1,2200,0.3278719288228617
1,2201,0.3320306284610338
1,2202,0.5166859636480051
1,2203,0.5053897446016961
1,2204,0.5255386404727653
1,2205,0.39208511715365113
1,2206,0.7553321178676884
1,2207,0.5617141654835928
1,2208,0.5011099528508886
1,2209,0.5637341724512761
1,2210,0.29943782810751457
1,2211,0.6448409719571592
1,2212,0.6677383971513844
1,2213,0.7209411302640413
1,2214,0.5972906391516768
1,2215,0.5915694463208512
1,2216,0.46093680892353817
1,2217,0.5044356120890869
1,2218,0.6280079545540068
1,2219,0.3825883380286356
1,2220,0.29564549030128207
1,2221,0.5387817561168222
1,2222,0.6791931515264412
1,2223,0.2760588780892146
1,2224,0.3076265078581461
1,2225,0.28451871871266027
1,2226,0.20576537988783009
1,2227,0.21272356207858878
1,2228,0.21239311541509984
1,2229,0.2409669524096092
1,2230,0.3135864764641728
1,2231,0.7515268347262531
1,2232,0.40444594234397613
1,2233,0.6068314075125372
1,2234,0.2810385076242852
1,2235,0.3426805170266732
1,2236,0.24076205947262377
1,2237,0.4792019561946098
1,2238,0.3319202856295786
1,2239,0.4471868502491179
1,2240,0.5134693932897114
1,2241,0.4946604063544345
1,2242,0.5492393992221071
1,2243,0.3459319244748124
1,2244,0.6170148402141137
1,2245,0.4428788090195362
1,2246,0.460045091807796
1,2247,0.5011761792743605
1,2248,0.6781727482292915
1,2249,0.6997321360261581
1,2250,0.5441249567203778
1,2251,0.42400196418215913
1,2252,0.5418753359396953
1,2253,0.6808938014546586
1,2254,0.33327951021713875
1,2255,0.5449908609598203
1,2256,0.5048159298199626
1,2257,0.42440510259285685
1,2258,0.5958264008043023
1,2259,0.4667377129161589
1,2260,0.5806128748977583
1,2261,0.6023183990932747
1,2262,0.5623667675427717
1,2263,0.5620843048958579
1,2264,0.5135651886210726
1,2265,0.6044392910005166
1,2266,0.3047216280195599
1,2267,0.3589648723383627
1,2268,0.45096310391608313
1,2269,0.5602772318014656
1,2270,0.6157713187692002
1,2271,0.5506966476797545
1,2272,0.4840267814724172
1,2273,0.27381427476080095
1,2274,0.17391284984597877
1,2275,0.8326224994909434
1,2276,0.17952519012966256
1,2277,0.7636828968093007
1,2278,0.43806369136287115
1,2279,0.5298503924036161
1,2280,0.5927624943499157
1,2281,0.3413835571932499
1,2282,0.6876039238122189
1,2283,0.3677063879239996
1,2284,0.2820730363228773
1,2285,0.3635231808236215
1,2286,0.38473333168192286
1,2287,0.6112130886775325
1,2288,0.5468740411318243
1,2289,0.5672881943661958
1,2290,0.4239703799168524
1,2291,0.5269525334800653
1,2292,0.6314792697654941
1,2293,0.30598870326417754
1,2294,0.2764157482980895
1,2295,0.5142665803370685
1,2296,0.4931633041448579
1,2297,0.5553526239818926
1,2298,0.3142742526836508
1,2299,0.5692807308103791
1,2300,0.5589102185197057
1,2301,0.3919995980475647
1,2302,0.4085595660286027
1,2303,0.4008157393800603
1,2304,0.6482579170465961
1,2305,0.6688628048235077
1,2306,0.6618131378815756
1,2307,0.7571622142915787
1,2308,0.8502314448762424
1,2309,0.6987541039820498
1,2310,0.3807847088770139
1,2311,0.26623533558055834
1,2312,0.555081433535199
1,2313,0.7080318899161075
1,2314,0.5668882806292834
1,2315,0.431270880080514
1,2316,0.5540385974490869
1,2317,0.4319283590208733
1,2318,0.4028459291640492
1,2319,0.47661034148873826
1,2320,0.38269328195980573
1,2321,0.5508124282417598
1,2322,0.44462788001741727
1,2323,0.5071526461013429
1,2324,0.572289200045231
1,2325,0.48341586655327995
1,2326,0.722088611080665
1,2327,0.6691820190993849
1,2328,0.41894910426749443
1,2329,0.4101675545948762
1,2330,0.47111702376113757
1,2331,0.39512818083591
1,2332,0.5160024654242379
1,2333,0.35111405993685607
1,2334,0.666687078532597
1,2335,0.43769734816772193
1,2336,0.6660085218817862
1,2337,0.5503840908900034
1,2338,0.523988993302945
1,2339,0.611392099758866
1,2340,0.6296360797614718
1,2341,0.7772483993354742
1,2342,0.37744574280998966
1,2343,0.5044691346309716
1,2344,0.7167611925004694
1,2345,0.5559431263132324
1,2346,0.4580506363208445
1,2347,0.600162208325271
1,2348,0.5882492003083705
1,2349,0.3172852899633608
1,2350,0.2584539358280227
1,2351,0.5588913271110958
1,2352,0.5444952474178049
1,2353,0.5051228972129328
1,2354,0.48910577977518954
1,2355,0.3790219431889832
1,2356,0.5424945839908524
1,2357,0.43167116050201165
1,2358,0.520707518807874
1,2359,0.3227853228712513
1,2360,0.4044613523424415
1,2361,0.7732600370479407
1,2362,0.4483536503698105
1,2363,0.26420851016141994
1,2364,0.7839273483048297
1,2365,0.6425148050767112
1,2366,0.2616272029317933
1,2367,0.6297916099953419
1,2368,0.2642851215248905
1,2369,0.5913062497916153
1,2370,0.7036499802538413
1,2371,0.7339466044941901
1,2372,0.47334946847827486
1,2373,0.5504877337256789
1,2374,0.6384090503667825
1,2375,0.49613038446859375
1,2376,0.47614361540660843
1,2377,0.7185133152953986
1,2378,0.6897949203872191
1,2379,0.6693280831279126
1,2380,0.3780473515317556
1,2381,0.3654052653106378
1,2382,0.37053904901859447
1,2383,0.5903117559350327
1,2384,0.41383237404090034
1,2385,0.6164354045671806
1,2386,0.6767573873910055
1,2387,0.657617530772836
1,2388,0.40426628668206843
1,2389,0.48383679017079323
1,2390,0.5207701775471086
1,2391,0.6223260465885864
1,2392,0.6295005473924585
1,2393,0.5230674713619792
1,2394,0.5119786384677275
1,2395,0.6582035603186808
1,2396,0.6829793138693705
1,2397,0.30075202143151053
1,2398,0.4109382289175026
1,2399,0.3723285451275075
1,2400,0.3761983528882708
1,2401,0.44721541923607283
1,2402,0.4941071097571341
1,2403,0.529980800216698
1,2404,0.5173536020682886
1,2405,0.34116851805509746
1,2406,0.6385334515713557
1,2407,0.6573770051881948
1,2408,0.5405225913217073
1,2409,0.5858161883466838
1,2410,0.4512676642898134
1,2411,0.5861238162304389
1,2412,0.3936462449003309
1,2413,0.46932743316092945
1,2414,0.45795074688456655
1,2415,0.32845049226220857
1,2416,0.39610668420279493
1,2417,0.7189653227317726
1,2418,0.3754139267950831
1,2419,0.46588878644014264
1,2420,0.7294555088023226
1,2421,0.375788800423998
1,2422,0.5637135479303906
1,2423,0.39884535712194297
1,2424,0.6687462727023427
1,2425,0.47807063372610065
1,2426,0.5642412020865771
1,2427,0.49673771414325196
1,2428,0.5700939454154372
1,2429,0.5157512011362273
1,2430,0.48601732963178346
1,2431,0.4882958547241356
1,2432,0.6339349331262304
1,2433,0.565225399586769
1,2434,0.660773378636125
1,2435,0.40333781487878023
1,2436,0.44936194528378964
1,2437,0.5962921619634768
1,2438,0.390805019102663
1,2439,0.38804359770118263
1,2440,0.5878987133679189
1,2441,0.6409726065026766
1,2442,0.6408912893411869
1,2443,0.6182990001442578
1,2444,0.542570041475603
1,2445,0.3504859997424424
1,2446,0.6693897013482927
1,2447,0.5008308262296438
1,2448,0.5850291977965695
1,2449,0.5035501150726183
1,2450,0.5971582590806079
1,2451,0.5005477370612542
1,2452,0.3221669566742912
1,2453,0.6697372379244562
1,2454,0.38564004305081606
1,2455,0.4813595093363708
1,2456,0.47649667805683404
1,2457,0.3909712432440573
1,2458,0.6021444215831043
1,2459,0.46849101601560333
1,2460,0.3632850954489711
1,2461,0.5528592299502172
1,2462,0.4324769877644433
1,2463,0.5994009732101786
1,2464,0.5594471704999635
1,2465,0.5564615686225103
1,2466,0.4038313341209223
1,2467,0.6752649633225161
1,2468,0.40276735856681667
1,2469,0.5245156647888739
1,2470,0.418174840120786
1,2471,0.4188035200117078
1,2472,0.455515992315158
1,2473,0.638370734825538
1,2474,0.7634077708171497
1,2475,0.7040014460209901
1,2476,0.6334195817742416
1,2477,0.6569921097980997
1,2478,0.36126088467812223
1,2479,0.5519933711072225
1,2480,0.26277008103836397
1,2481,0.20627780027893058
1,2482,0.6447649726755187
1,2483,0.6787635893009439
1,2484,0.5340092119036574
1,2485,0.5124861928253535
1,2486,0.560217941640302
1,2487,0.3312909270847458
1,2488,0.431739884033821
1,2489,0.40166414489169705
1,2490,0.41326347405800834
1,2491,0.5989079369507879
1,2492,0.30918724376963236
1,2493,0.7010607261093571
1,2494,0.3917903082024785
1,2495,0.5846377826153564
1,2496,0.333659028219228
1,2497,0.4862639936973854
1,2498,0.6766497290117239
1,2499,0.6373973091423607
1,2500,0.41818955880651026
1,2501,0.3504976549600835
1,2502,0.33376259005816633
1,2503,0.36787045456573975
1,2504,0.5971013062559772
1,2505,0.4817576926796496
1,2506,0.23305205420172265
1,2507,0.40770760819333757
1,2508,0.6064702757924836
1,2509,0.8214504857971268
1,2510,0.21854509351832113
1,2511,0.25066633474444955
1,2512,0.34294015924586363
1,2513,0.5634236577157654
1,2514,0.8049486308461705
1,2515,0.6336371482308291
1,2516,0.43672015572988643
1,2517,0.45779722850805893
1,2518,0.4585286330754502
1,2519,0.3706968861801058
1,2520,0.3849513883957569
1,2521,0.491275664642806
1,2522,0.4952869614948738
1,2523,0.330744716932334
1,2524,0.2993763374734171
1,2525,0.4814248312982289
1,2526,0.5272784680572498
1,2527,0.5613000589225233
1,2528,0.40963684135280226
1,2529,0.48381148220895553
1,2530,0.5414628251626376
1,2531,0.2467279709631685
1,2532,0.607624422381755
1,2533,0.36787662731622917
1,2534,0.6953721063453493
1,2535,0.4113817644075039
1,2536,0.8136173113871954
1,2537,0.4557810156218493
1,2538,0.6249272179742947
1,2539,0.5332521121705188
1,2540,0.514244167284092
1,2541,0.41313023133613047
1,2542,0.3609623094860888
1,2543,0.6448528860358579
1,2544,0.5207607856865877
1,2545,0.4577716121618076
1,2546,0.5478761132538702
1,2547,0.46601671485306306
1,2548,0.3431091516553982
1,2549,0.4316907216025171
1,2550,0.4422055654375627
1,2551,0.4488816801254648
1,2552,0.27964455072967825
1,2553,0.46579111949855484
1,2554,0.553189731289513
1,2555,0.24145000888479737
1,2556,0.8312364569885317
1,2557,0.22950013599904498
1,2558,0.3293059652845652
1,2559,0.5509847900306597
1,2560,0.4219079794645762
1,2561,0.5106927495585768
1,2562,0.5231529673936816
1,2563,0.38745346699990174
1,2564,0.4506137764027893
1,2565,0.4852956673849265
1,2566,0.57590058688494
1,2567,0.6187199317666471
1,2568,0.6285444208186616
1,2569,0.4218807548405857
1,2570,0.5568400111258996
1,2571,0.5829063251204637
1,2572,0.645999322121158
1,2573,0.34400616477613105
1,2574,0.6791932684571986
1,2575,0.7996620284819685
1,2576,0.4956095051318031
1,2577,0.5339129451358117
1,2578,0.5987011591427962
1,2579,0.5111481755903186
1,2580,0.5565905438551221
1,2581,0.43043312223658214
1,2582,0.5062006141176532
1,2583,0.505099483576043
1,2584,0.42471432746807497
1,2585,0.3156436169591116
1,2586,0.37714665801931935
1,2587,0.6679085688413461
1,2588,0.61703685810752
1,2589,0.4146327745359739
1,2590,0.4944186744859627
1,2591,0.6420140287745302
1,2592,0.6482238975576909
1,2593,0.501339783058682
1,2594,0.5375744304399637
1,2595,0.5528017170923039
1,2596,0.43780684771939643
1,2597,0.41241045528258147
1,2598,0.6147607226362959
1,2599,0.5946069490209386
1,2600,0.6003961931265123
1,2601,0.6271028730248026
1,2602,0.5932049227803141
1,2603,0.6336761118833295
1,2604,0.6871670032726948
1,2605,0.40479490476364877
1,2606,0.48767541030965045
1,2607,0.5057882827366849
1,2608,0.3090364417102219
1,2609,0.29713908357616226
1,2610,0.7744504415753559
1,2611,0.3651742887145507
1,2612,0.46413665630806494
1,2613,0.43747006773037794
1,2614,0.7771206334489821
1,2615,0.6793119444662314
1,2616,0.8751856204604431
1,2617,0.5099859846752661
1,2618,0.5543358630635471
1,2619,0.5988855225788285
1,2620,0.534548709913672
1,2621,0.5459640953345744
1,2622,0.24866427349885634
1,2623,0.5452506296656375
1,2624,0.41862187795495764
1,2625,0.47259700116968933
1,2626,0.4641775342187452
1,2627,0.5930996432209615
1,2628,0.5253124480248508
1,2629,0.44415377916895266
1,2630,0.5929523702703817
1,2631,0.4400716467874261
1,2632,0.4351447150386803
1,2633,0.45186839434281884
1,2634,0.5329608892036329
1,2635,0.5107316956266916
1,2636,0.48581451953102095
1,2637,0.5053422496826204
1,2638,0.6120784487113597
1,2639,0.4055766322250911
1,2640,0.6450324654232752
1,2641,0.48068199154428826
1,2642,0.5854007465121306
1,2643,0.40564220870683304
1,2644,0.4015731706083033
1,2645,0.252035268866756
1,2646,0.31127053453776315
1,2647,0.33571048401818926
1,2648,0.6833022001860082
1,2649,0.4510956692313115
1,2650,0.6118490367636277
1,2651,0.5156641792657045
1,2652,0.5243495228980268
1,2653,0.4653485831973256
1,2654,0.508467213132307
1,2655,0.6009114645979882
1,2656,0.6631861657691159
1,2657,0.6200623706283556
1,2658,0.48429100535948033
1,2659,0.32278481311892737
1,2660,0.39824428165736403
1,2661,0.6419772988152448
1,2662,0.42602839534093834
1,2663,0.5242751561687922
1,2664,0.4840413742481914
1,2665,0.62748627389119
1,2666,0.39437195661572094
1,2667,0.21520312033643232
1,2668,0.3686812208346928
1,2669,0.5423961301000843
1,2670,0.4551999692530452
1,2671,0.4357143317754677
1,2672,0.5911463641147511
1,2673,0.8080197975397893
1,2674,0.6306973727812196
1,2675,0.5780928504574228
1,2676,0.33748571796681415
1,2677,0.3090893906190456
1,2678,0.48141211868455414
1,2679,0.3953448741219751
1,2680,0.5316279711011797
1,2681,0.4495849346623485
1,2682,0.5549310769060876
1,2683,0.6396356026257562
1,2684,0.28683748689248567
1,2685,0.15971074593154486
1,2686,0.1301063193583072
1,2687,0.2838966954576573
1,2688,0.5158499861283538
1,2689,0.49705273938119154
1,2690,0.28896876643394714
1,2691,0.48467692339222024
1,2692,0.32607904749245825
1,2693,0.7238511167162612
1,2694,0.7110508777571284
1,2695,0.5275467338212869
1,2696,0.518563394634337
1,2697,0.5119641468346132
1,2698,0.46965538675572766
1,2699,0.5005913254494374
1,2700,0.5521743086614899
1,2701,0.4951705865721576
1,2702,0.5920107746062563
1,2703,0.6454614423636468
1,2704,0.5886371209253279
1,2705,0.6681745991741972
1,2706,0.6968205866258004
1,2707,0.6549101958574927
1,2708,0.5189777748671989
1,2709,0.4647972689770727
1,2710,0.6055061293869767
1,2711,0.6161422551462568
1,2712,0.2235928355649251
1,2713,0.6684237018097587
1,2714,0.5499548232231534
1,2715,0.4359106244348345
1,2716,0.4841906029983835
1,2717,0.47041711734827546
1,2718,0.5261585014467769
1,2719,0.4374046487656186
1,2720,0.4165233547870761
1,2721,0.557694219341558
1,2722,0.4665347876945941
1,2723,0.569154499063844
1,2724,0.3615801964959518
1,2725,0.21251289909852872
1,2726,0.5610753881666771
1,2727,0.5415712065740225
1,2728,0.5596000264292523
1,2729,0.6283133320770468
1,2730,0.44975150998528646
1,2731,0.2538472452968681
1,2732,0.4040120806795332
1,2733,0.4252468552489835
1,2734,0.5254217217013804
1,2735,0.41148006956387334
1,2736,0.30648920895463244
1,2737,0.6567647659803614
1,2738,0.596868005736723
1,2739,0.6599225637720223
1,2740,0.5656618665024732
1,2741,0.4013686347822783
1,2742,0.6018347927531992
1,2743,0.5987209827744271
1,2744,0.5467163293555072
1,2745,0.5752275664935091
1,2746,0.5806410692464459
1,2747,0.6319514462894658
1,2748,0.4593982658039189
1,2749,0.5510093685937044
1,2750,0.462480548878826
1,2751,0.3704974374825022
1,2752,0.49910183742726477
1,2753,0.5853355344904059
1,2754,0.5508248232288911
1,2755,0.3955996289085973
1,2756,0.7044014409112187
1,2757,0.3520439383675948
1,2758,0.2839075331913434
1,2759,0.5022555375035775
1,2760,0.5185962839747663
1,2761,0.5016343115934788
1,2762,0.4234413656331453
1,2763,0.6525840901871035
1,2764,0.7796967355789884
1,2765,0.4284046621844211
1,2766,0.36582341317466943
1,2767,0.4938877770174349
1,2768,0.39488448800737436
1,2769,0.48499606072358137
1,2770,0.6525591529304547
1,2771,0.34631768368846677
1,2772,0.6633031385795553
1,2773,0.5162933532616384
1,2774,0.4107110207721566
1,2775,0.7412847534540499
1,2776,0.47122525760959116
1,2777,0.6257268027363412
1,2778,0.5692912446402444
1,2779,0.5919687675858156
1,2780,0.3831558795373496
1,2781,0.33155232299342224
1,2782,0.5167377410280123
1,2783,0.45207769421039423
1,2784,0.46653280361364713
1,2785,0.30037246463405876
1,2786,0.513056718800459
1,2787,0.6985898374198478
1,2788,0.40617786037782755
1,2789,0.5844604658932763
1,2790,0.6581182934888202
1,2791,0.36365217726827903
1,2792,0.27573442158182593
1,2793,0.7367417131468859
1,2794,0.7329509311351072
1,2795,0.3849159611674414
1,2796,0.28849527777629247
1,2797,0.29171986356265533
1,2798,0.3498066664109827
1,2799,0.4798692769876889
1,2800,0.39768943877355994
1,2801,0.49800124986228517
1,2802,0.7194586248736855
1,2803,0.4782101328004327
1,2804,0.6543156183296354
1,2805,0.6753246174387724
1,2806,0.7634254744797994
1,2807,0.6697509373943171
1,2808,0.22356218822054558
1,2809,0.5985013556825715
1,2810,0.3588996477103113
1,2811,0.374174790038571
1,2812,0.5238275386752874
1,2813,0.5748761678269646
1,2814,0.5623209505268688
1,2815,0.4130803285914827
1,2816,0.5146103697397661
1,2817,0.529667999743585
1,2818,0.6807281060043714
1,2819,0.2809222009548899
1,2820,0.6379553949465719
1,2821,0.6595885293418772
1,2822,0.40726485110805216
1,2823,0.340389321622181
1,2824,0.5534689170288923
1,2825,0.5132152042109406
1,2826,0.5086702682871386
1,2827,0.4606346859975306
1,2828,0.6093141411974594
1,2829,0.35542760803424234
1,2830,0.12699018334707352
1,2831,0.1145970882812152
1,2832,0.08776519298684918
1,2833,0.11509859136984357
1,2834,0.582386455229729
1,2835,0.5451629045413361
1,2836,0.49688264737567844
1,2837,0.5432724848631668
1,2838,0.7510221018811334
1,2839,0.7350632851198741
1,2840,0.6215260786591379
1,2841,0.4304820670529658
1,2842,0.4879036726352049
1,2843,0.603318759856961
1,2844,0.5907545639259826
1,2845,0.6307549411357308
1,2846,0.6549220892609664
1,2847,0.3859648038622783
1,2848,0.3968734537181177
1,2849,0.6284307368015098
1,2850,0.5137103424399195
1,2851,0.5421814146723419
1,2852,0.5702415259608937
1,2853,0.5167175817790292
1,2854,0.42291220855167266
1,2855,0.4313712426160058
1,2856,0.42712401805528044
1,2857,0.3524795233802076
1,2858,0.41902437717723
1,2859,0.5541075708053522
1,2860,0.5162742027387914
1,2861,0.3040186013978658
1,2862,0.5418975894084994
1,2863,0.3190681996280906
1,2864,0.6881483118620716
1,2865,0.42978533034265476
1,2866,0.6067002107881239
1,2867,0.5774094566879819
1,2868,0.37193149302370443
1,2869,0.43818774359920815
1,2870,0.7225636352373929
1,2871,0.5600134304120751
1,2872,0.4656938717168869
1,2873,0.6307214094562369
1,2874,0.6548014094112665
1,2875,0.5846676924776201
1,2876,0.4931787572827758
1,2877,0.34264164812632913
1,2878,0.391521922069404
1,2879,0.588560203527167
1,2880,0.38026635482658344
1,2881,0.4312420149423436
1,2882,0.3932646088665674
1,2883,0.7196213321561852
1,2884,0.6414635930760376
1,2885,0.4753536583230887
1,2886,0.5238818833811396
1,2887,0.40082301608556903
1,2888,0.5250246078959715
1,2889,0.31994255444148595
1,2890,0.3146296796731368
1,2891,0.3789608716287197
1,2892,0.7233351569087786
1,2893,0.39620913768031146
1,2894,0.6220512183228846
1,2895,0.4436352097553492
1,2896,0.5329637431670543
1,2897,0.6426160375712145
1,2898,0.6180002922869957
1,2899,0.5420195833644555
1,2900,0.40697509123925407
1,2901,0.6103417333145714
1,2902,0.6471608219004805
1,2903,0.7457477726526803
1,2904,0.7612157906959497
1,2905,0.679048743174636
1,2906,0.3308961895659313
1,2907,0.48831167379596935
1,2908,0.6202270849012322
1,2909,0.436042970082224
1,2910,0.6217664341634046
1,2911,0.6838537225637606
1,2912,0.6731277620273802
1,2913,0.638954824634755
1,2914,0.35263773756408384
1,2915,0.6542005523630327
1,2916,0.4769731747163723
1,2917,0.3975127347607308
1,2918,0.5079550680257727
1,2919,0.3725522612085193
1,2920,0.42389130685475984
1,2921,0.5525140828642496
1,2922,0.4385833432425066
1,2923,0.563137349101136
1,2924,0.45004754963035004
1,2925,0.542777395098293
1,2926,0.6076519306965288
1,2927,0.3036317191925648
1,2928,0.3189560079570504
1,2929,0.522604102563775
1,2930,0.507394391255348
1,2931,0.5703195218837557
1,2932,0.6038435680085792
1,2933,0.834732250338498
1,2934,0.7380120843728897
1,2935,0.7729094029743427
1,2936,0.7608183420929445
1,2937,0.25853148153767946
1,2938,0.7139815536338898
1,2939,0.5314178350913076
1,2940,0.5527360151028702
1,2941,0.5682953090168076
1,2942,0.5571051410279676
1,2943,0.30589175492359794
1,2944,0.3199895054255169
1,2945,0.5685133439707227
1,2946,0.7054579263749714
1,2947,0.30285240820663284
1,2948,0.33370306403872524
1,2949,0.6239714986456296
1,2950,0.41795285591702275
1,2951,0.5511474297821201
1,2952,0.5830397858740866
1,2953,0.38035163472302497
1,2954,0.4508714728123638
1,2955,0.49525149495876764
1,2956,0.7626636837795585
1,2957,0.30412960192998495
1,2958,0.35161264400145176
1,2959,0.46685286051318253
1,2960,0.3171781185235841
1,2961,0.6069849930492305
1,2962,0.4455813615263555
1,2963,0.5741591429795495
1,2964,0.7667262169509953
1,2965,0.5485608070505509
1,2966,0.3770572439086166
1,2967,0.33607337693623573
1,2968,0.6184906489127256
1,2969,0.4702728978490245
1,2970,0.5877830278306868
1,2971,0.5180618493388935
1,2972,0.6442804123640201
1,2973,0.6527753330318811
1,2974,0.65940517817535
1,2975,0.2409177182961033
1,2976,0.5599591890999679
1,2977,0.6942075866136371
1,2978,0.3647256917932114
1,2979,0.6681395406254128
1,2980,0.47077388856847474
1,2981,0.3488707098557061
1,2982,0.35692675058915085
1,2983,0.6831090742080828
1,2984,0.6128539187918016
1,2985,0.40006477441744637
1,2986,0.36000731824523846
1,2987,0.5161593978124418
1,2988,0.3493571969656874
1,2989,0.6083976703562167
1,2990,0.49431213483390185
1,2991,0.3594589734431921
1,2992,0.3632165402451556
1,2993,0.4692028235939242
1,2994,0.4308610535238932
1,2995,0.5536213476640636
1,2996,0.4709616484708264
1,2997,0.5405443679209623
1,2998,0.437968456647973
1,2999,0.3238723903354338
1,3000,0.5639250896193978
1,3001,0.5658448566089198
1,3002,0.6918452420548734
1,3003,0.5375171802071421
1,3004,0.5714079848064818
1,3005,0.5754967507604041
1,3006,0.5938446930010501
1,3007,0.5751679347944272
1,3008,0.40343538760494674
1,3009,0.47116318116821554
1,3010,0.5672160175784522
1,3011,0.4289432614799004
1,3012,0.5649801030102077
1,3013,0.5341035751684382
1,3014,0.7522129913047698
1,3015,0.3503232014668887
1,3016,0.7323091517399394
1,3017,0.7563138640594506
1,3018,0.7343689505927471
1,3019,0.3555569993676493
1,3020,0.5705066044760032
1,3021,0.5988037447643059
1,3022,0.3369481887632808
1,3023,0.47323368293050966
1,3024,0.7984157465083275
1,3025,0.5288189742250905
1,3026,0.5740419331295727
1,3027,0.5051740045820278
1,3028,0.2569867453410195
1,3029,0.35449093710648893
1,3030,0.5171754203628591
1,3031,0.8959163016435493
1,3032,0.3104462020781891
1,3033,0.47264632417033353
1,3034,0.5238056486364949
1,3035,0.3651392706900342
1,3036,0.6248619614472801
1,3037,0.7239943537362301
1,3038,0.6472721736907909
1,3039,0.4599217769026568
1,3040,0.5199626524297296
1,3041,0.4489385992104986
1,3042,0.44755828571749184
1,3043,0.6993365748299758
1,3044,0.630098733552325
1,3045,0.644278096728331
1,3046,0.6529869045980966
1,3047,0.46113949710146235
1,3048,0.6295609863693854
1,3049,0.6270657221161021
1,3050,0.48862010318695903
1,3051,0.4588177208919334
1,3052,0.5660654952281242
1,3053,0.45805738083990283
1,3054,0.5378979192648959
1,3055,0.6202319628829654
1,3056,0.3778391054949572
1,3057,0.4913832889429373
1,3058,0.5746732084281044
1,3059,0.3401594857051601
1,3060,0.6555033378418951
1,3061,0.5540974899700982
1,3062,0.5826687671504289
1,3063,0.5524906939264843
1,3064,0.4258551219453685
1,3065,0.7343160271514325
1,3066,0.28341872070034446
1,3067,0.3235709032948274
1,3068,0.4857289437971674
1,3069,0.5106601015468084
1,3070,0.3414943054375891
1,3071,0.5608732094175526
1,3072,0.4790498400850599
1,3073,0.6276921431569025
1,3074,0.6009302463517656
1,3075,0.4587943937399996
1,3076,0.36737739585477946
1,3077,0.4098814123256335
1,3078,0.43745257466224097
1,3079,0.5255951884034692
1,3080,0.732621892691573
1,3081,0.3993522172235323
1,3082,0.4602967369711335
1,3083,0.3740893971205907
1,3084,0.6692441253253291
1,3085,0.6862108848167151
1,3086,0.42420101803315924
1,3087,0.3785311915712565
1,3088,0.5319918527929945
1,3089,0.6048765699177492
1,3090,0.6927079572917224
1,3091,0.38859207984335037
1,3092,0.5265681392512332
1,3093,0.6387971501022714
1,3094,0.3648285408089473
1,3095,0.3491271741748745
1,3096,0.6432017427608299
1,3097,0.3726821491272128
1,3098,0.14138371108947168
1,3099,0.2630551623922126
1,3100,0.5805516087089394
1,3101,0.6482049821815962
1,3102,0.5948282109882511
1,3103,0.4304119713958
1,3104,0.5606978584583446
1,3105,0.5584149742322934
1,3106,0.35005070068535216
1,3107,0.44655169418117885
1,3108,0.593357248918032
1,3109,0.4598398136192746
1,3110,0.5018437369194912
1,3111,0.509584269981915
1,3112,0.54667171487117
1,3113,0.42282399605238236
1,3114,0.5479530090460669
1,3115,0.5006608140991576
1,3116,0.5917097686161297
1,3117,0.7288238620693662
1,3118,0.6114620644401226
1,3119,0.4421326710330644
1,3120,0.5756115438237521
1,3121,0.43041356056408137
1,3122,0.5087822413054846
1,3123,0.43461954689559495
1,3124,0.5261675196093051
1,3125,0.33804636938488836
1,3126,0.6277905597450677
1,3127,0.3891363814536061
1,3128,0.2577180676634621
1,3129,0.3984747251142292
1,3130,0.42691599129155633
1,3131,0.4850026469064088
1,3132,0.355551027921965
1,3133,0.42228185550833314
1,3134,0.6584922098838042
1,3135,0.47736026785233715
1,3136,0.4400145222919687
1,3137,0.5393068453664744
1,3138,0.5352602922447476
1,3139,0.6570324942675181
1,3140,0.423609669434979
1,3141,0.5536346617575181
1,3142,0.3948366067319134
1,3143,0.41392993044585336
1,3144,0.3979402750638477
1,3145,0.6291368198742748
1,3146,0.6745935768902821
1,3147,0.5926505289093904
1,3148,0.44536548900472644
1,3149,0.5126190934739842
1,3150,0.41269647203257687
1,3151,0.5111388437852845
1,3152,0.5824265351035025
1,3153,0.4627386393334645
1,3154,0.4458669071514172
1,3155,0.49227697565082074
1,3156,0.48229565474690655
1,3157,0.4699009415957511
1,3158,0.6114961077432935
1,3159,0.5032342095140762
1,3160,0.526372042166919
1,3161,0.27672379501555633
1,3162,0.2854175808011279
1,3163,0.2379195595133403
1,3164,0.4938417581982253
1,3165,0.44324444003023367
1,3166,0.5982421067981174
1,3167,0.742191883312733
1,3168,0.714777595948981
1,3169,0.5508929222123603
1,3170,0.5218067612667935
1,3171,0.45610455624139645
1,3172,0.3685572166161592
1,3173,0.5723391459050143
1,3174,0.4363683603399265
1,3175,0.4445559984730452
1,3176,0.4854088181630998
1,3177,0.420196967690108
1,3178,0.5630753323710103
1,3179,0.38786774889006825
1,3180,0.29205087621744813
1,3181,0.38641911992130407
1,3182,0.7317981933444612
1,3183,0.7326566583800695
1,3184,0.6759371808258692
1,3185,0.38404595668631186
1,3186,0.43664368229559036
1,3187,0.570752041447975
1,3188,0.4953733647482847
1,3189,0.6746851151433085
1,3190,0.21378350548192745
1,3191,0.8848665397985411
1,3192,0.8791674464234696
1,3193,0.7208792539485175
1,3194,0.590528841175284
1,3195,0.39405985865393717
1,3196,0.4581769440636059
1,3197,0.4581769440636059
1,3198,0.5068948765314472
1,3199,0.8122058552984077
1,3200,0.5244871422636357
1,3201,0.781566891134223
1,3202,0.7846781896657208
1,3203,0.8185150772084846
1,3204,0.2577050610952005
1,3205,0.5746757787869967
1,3206,0.35673419415506386
1,3207,0.6457069202772061
1,3208,0.31909368809360733
1,3209,0.7227153417596429
1,3210,0.6964446349630324
1,3211,0.498580940036821
1,3212,0.42075124215451337
1,3213,0.5940854047000016
1,3214,0.38570931898189
1,3215,0.2270012910784557
1,3216,0.80334222361155
1,3217,0.7401286313478967
1,3218,0.5079586301479508
1,3219,0.5065813825469848
1,3220,0.4972189623097128
1,3221,0.4766788033533857
1,3222,0.5936875739279254
1,3223,0.34056326955137906
1,3224,0.38383912249990854
1,3225,0.4842732253564016
1,3226,0.5497485662400898
1,3227,0.5516359761000565
1,3228,0.5516359761000565
1,3229,0.36930742058734195
1,3230,0.6786489043024198
1,3231,0.5108945000744326
1,3232,0.45787608432940413
1,3233,0.2969797330710182
1,3234,0.5882599337083421
1,3235,0.7204754266401888
1,3236,0.07173858358840055
1,3237,0.22114215332233678
1,3238,0.5972252256729652
1,3239,0.5316877017761538
1,3240,0.43858006617403084
1,3241,0.5999727036409925
1,3242,0.5905235208875839
1,3243,0.20391017450509635
1,3244,0.2544428864410368
1,3245,0.8289854091130113
1,3246,0.2756298048387519
1,3247,0.381959660294275
1,3248,0.40784343167648024
1,3249,0.5965194442819564
1,3250,0.33185954187004507
1,3251,0.36561076416618443
1,3252,0.6959206226488324
1,3253,0.524629877520984
1,3254,0.43905644111074116
1,3255,0.41601589084162316
1,3256,0.6391799666062967
1,3257,0.8645016404626522
1,3258,0.884683610739695
1,3259,0.6440020573446547
1,3260,0.4974722659932311
1,3261,0.4020749965207603
1,3262,0.3826897839207591
1,3263,0.6012652792946467
1,3264,0.6848736496534641
1,3265,0.2522556696942954
1,3266,0.24313159868893466
1,3267,0.3481273010482208
1,3268,0.44107474805187524
1,3269,0.5483585936046468
1,3270,0.6374913677744577
1,3271,0.8592755287048516
1,3272,0.5539667259575668
1,3273,0.44995636038253717
1,3274,0.4351226165489019
1,3275,0.3284778453924051
1,3276,0.27106967127249915
1,3277,0.6219127748743764
1,3278,0.4609789267040293
1,3279,0.5617492722854736
1,3280,0.6450917532437813
1,3281,0.6026608042523582
1,3282,0.6966078851617464
1,3283,0.18894760502688845
1,3284,0.47431428746939186
1,3285,0.5090976429000615
1,3286,0.4753050032919683
1,3287,0.530514514320468
1,3288,0.24113506701852966
1,3289,0.2198500331622732
1,3290,0.3839406168507198
1,3291,0.6352095364859807
1,3292,0.34205991315527035
1,3293,0.5315340516339154
1,3294,0.46605263827433424
1,3295,0.6318622749497155
1,3296,0.5120158138904951
1,3297,0.5644494682214779
1,3298,0.48133482297495495
1,3299,0.646827293538622
1,3300,0.47957206668219987
1,3301,0.4836208113377532
1,3302,0.3643201138701212
1,3303,0.615030838978356
1,3304,0.5285725686496067
1,3305,0.7561152409279397
1,3306,0.665887253399466
1,3307,0.3042668830999429
1,3308,0.48434237876446173
1,3309,0.44464114047960596
1,3310,0.534301432852961
1,3311,0.5121843140067929
1,3312,0.30355286973337386
1,3313,0.7027303883467304
1,3314,0.7977496518925478
1,3315,0.5514502789384347
1,3316,0.45602338714516427
1,3317,0.49266811314749365
1,3318,0.5254134022097818
1,3319,0.5368083881151492
1,3320,0.5323994957425878
1,3321,0.48528958040514913
1,3322,0.5538391577678149
1,3323,0.36054860340470846
1,3324,0.47257997007991487
1,3325,0.7675853311715819
1,3326,0.27475671867252544
1,3327,0.5363774376030963
1,3328,0.4509512351759024
1,3329,0.5250704336148992
1,3330,0.3035093108529575
1,3331,0.5845410542797884
1,3332,0.7664374811927858
1,3333,0.35849009392024683
1,3334,0.41313693790903055
1,3335,0.5333659770406682
1,3336,0.27829557631235124
1,3337,0.3276199619686979
1,3338,0.3468916135667449
1,3339,0.4164831974416984
1,3340,0.6378780719794983
1,3341,0.4811882173600382
1,3342,0.6459176340182108
1,3343,0.5914805939823742
1,3344,0.4756605014192977
1,3345,0.5185982266390786
1,3346,0.5269319074134006
1,3347,0.4628077445668033
1,3348,0.3093739665884388
1,3349,0.6418535442837396
1,3350,0.4008164703971739
1,3351,0.5734542597448321
1,3352,0.5228529587375247
1,3353,0.5868721291541897
1,3354,0.623828750926372
1,3355,0.4604918238979478
1,3356,0.38365935374552945
1,3357,0.7249999364684159
1,3358,0.7785606999249683
1,3359,0.26490297957415826
1,3360,0.26490297957415826
1,3361,0.35256222940613463
1,3362,0.5351569875364943
1,3363,0.29080817304553463
1,3364,0.27301055113013073
1,3365,0.2775037585038131
1,3366,0.6628554694039448
1,3367,0.7802008087280793
1,3368,0.5523006410164408
1,3369,0.5360893598604327
1,3370,0.52623448869444
1,3371,0.34129174637602333
1,3372,0.4952637571820711
1,3373,0.5444717843363677
1,3374,0.41812550341381394
1,3375,0.47924488394195724
1,3376,0.4310749924548452
1,3377,0.6521903467888023
1,3378,0.3946946446182135
1,3379,0.5728419703901403
1,3380,0.4902490410878954
1,3381,0.2976062576097784
1,3382,0.3949992761985158
1,3383,0.6540501899955058
1,3384,0.4797087964311154
1,3385,0.7694895253904445
1,3386,0.7526311596956974
1,3387,0.572988880173976
1,3388,0.7272808173160767
1,3389,0.7226281401925734
1,3390,0.49284172543440724
1,3391,0.5498629993534716
1,3392,0.7000292919423097
1,3393,0.340783121921204
1,3394,0.6030090968067803
1,3395,0.34515225071121997
1,3396,0.4907454482989235
1,3397,0.38283157951079116
1,3398,0.44356276350448454
1,3399,0.32288259541090997
1,3400,0.3984453998603993
1,3401,0.5910830083254796
1,3402,0.6105949104826812
1,3403,0.7219762379619793
1,3404,0.3532800889271857
1,3405,0.46350394596329125
1,3406,0.5779923656145113
1,3407,0.41666249481301254
1,3408,0.4582254590933035
1,3409,0.4292776340149117
1,3410,0.49807796838680063
1,3411,0.6783574635807507
1,3412,0.3605995860610101
1,3413,0.45750325236053435
1,3414,0.5596852539304703
1,3415,0.5634663180860141
1,3416,0.28130435813075766
1,3417,0.6058912937859541
1,3418,0.3084103326864006
1,3419,0.3198949084919946
1,3420,0.6762550329778318
1,3421,0.3549501702868496
1,3422,0.5149947401218452
1,3423,0.5602149542376923
1,3424,0.4302617300225955
1,3425,0.42658017600755965
1,3426,0.5707171443153882
1,3427,0.5622894747418044
1,3428,0.6544275131647496
1,3429,0.4038791573698238
1,3430,0.2832178485916514
1,3431,0.31138885133874333
1,3432,0.38272305801199247
1,3433,0.431658009232214
1,3434,0.30427571911375967
1,3435,0.5548712498961813
1,3436,0.38001780052942574
1,3437,0.7468057689339321
1,3438,0.6426002515639485
1,3439,0.43451181342696193
1,3440,0.48921564810252627
1,3441,0.3910074075713274
1,3442,0.5002960934375507
1,3443,0.3729558994738623
1,3444,0.28437808533978604
1,3445,0.7940156242425078
1,3446,0.6595874291745548
1,3447,0.5304460530659807
1,3448,0.5259409835572983
1,3449,0.5158049490728355
1,3450,0.5558458310627311
1,3451,0.48992779066068903
1,3452,0.30659227507580245
1,3453,0.40374759439882
1,3454,0.6106264512262233
1,3455,0.43596782981319376
1,3456,0.5291262975453778
1,3457,0.18594275261646234
1,3458,0.8472813976438522
1,3459,0.4790715906852314
1,3460,0.48474827463316267
1,3461,0.5145632817711312
1,3462,0.6617859049109954
1,3463,0.3715810500210325
1,3464,0.5186925277691027
1,3465,0.5233876212258821
1,3466,0.6280660480719819
1,3467,0.49233236165910255
1,3468,0.41315771175850563
1,3469,0.48273865648180037
1,3470,0.43236518389649825
1,3471,0.48496064814657597
1,3472,0.47237837072799205
1,3473,0.41979184841881895
1,3474,0.5941592515975597
1,3475,0.3137015058828077
1,3476,0.48058915279050324
1,3477,0.5729822176112142
1,3478,0.5963456726877185
1,3479,0.3757999791839152
1,3480,0.29570485651891576
1,3481,0.4918066757678499
1,3482,0.3951194168524463
1,3483,0.6794348316381617
1,3484,0.29436624714330706
1,3485,0.2846807317421213
1,3486,0.28261344462637916
1,3487,0.298381118094261
1,3488,0.48704027447630005
1,3489,0.4436314258927094
1,3490,0.40370605299614154
1,3491,0.6459488039405659
1,3492,0.43368900701292307
1,3493,0.41405151076760505
1,3494,0.5671718617388104
1,3495,0.46015067542428717
1,3496,0.6070839443241836
1,3497,0.3146427998547177
1,3498,0.40946971584380487
1,3499,0.4306662267760877
1,3500,0.6188640430988271
1,3501,0.5879362024364101
1,3502,0.6059319183181343
1,3503,0.4128460117465809
1,3504,0.613315628104912
1,3505,0.3674811432639628
1,3506,0.35436571229904584
1,3507,0.41004538281298847
1,3508,0.39358953326675994
1,3509,0.6099849318315093
1,3510,0.5527421363910902
1,3511,0.5779661994679017
1,3512,0.33191801975889224
1,3513,0.7209509057203003
1,3514,0.30640690081954197
1,3515,0.6346585280269651
1,3516,0.699892731621678
1,3517,0.32099122062965757
1,3518,0.6010858497385627
1,3519,0.3681261764646242
1,3520,0.5872902798973182
1,3521,0.8033219516175003
1,3522,0.2791992959385283
1,3523,0.3446089843905534
1,3524,0.7313182779507903
1,3525,0.26013772863144446
1,3526,0.38633768449767325
1,3527,0.5814043015294927
1,3528,0.5684165429586221
1,3529,0.805520752836981
1,3530,0.8472371777935949
1,3531,0.5540931408302113
1,3532,0.25095419811308944
1,3533,0.24985098734697023
1,3534,0.5314387498734874
1,3535,0.43382188367460994
1,3536,0.6478208119558395
1,3537,0.5659923888800589
1,3538,0.7329124913346559
1,3539,0.481057407783457
1,3540,0.4133357977776021
1,3541,0.5423543839041547
1,3542,0.3927116632712948
1,3543,0.4579236492402245
1,3544,0.3967227013132374
1,3545,0.3531421190245926
1,3546,0.6118785557875698
1,3547,0.4793266639267625
1,3548,0.4707496719866798
1,3549,0.4944536623359388
1,3550,0.43041390579958705
1,3551,0.5768713164827894
1,3552,0.5127486794357944
1,3553,0.3589232148236753
1,3554,0.3658280606390809
1,3555,0.29557162540449483
1,3556,0.36506837574571765
1,3557,0.45299704527781043
1,3558,0.5045742904664997
1,3559,0.5140866357868431
1,3560,0.3820328895702436
1,3561,0.3779494755465947
1,3562,0.6113986994621613
1,3563,0.7766373869598129
1,3564,0.5723887253181232
1,3565,0.3908069801583567
1,3566,0.35076919993065414
1,3567,0.8023376662977689
1,3568,0.6400783826750147
1,3569,0.39552290874356627
1,3570,0.32172576464323416
1,3571,0.6665942821797883
1,3572,0.8124373473002888
1,3573,0.6418017618537294
1,3574,0.3144271731765335
1,3575,0.3126079694232825
1,3576,0.3215033980305938
1,3577,0.554172792349736
1,3578,0.7295262500292445
1,3579,0.30741424330914724
1,3580,0.6828048949734967
1,3581,0.5883432518853026
1,3582,0.40590770461252734
1,3583,0.5302503569885848
1,3584,0.46894310389770855
1,3585,0.38364338675648463
1,3586,0.48901658797558845
1,3587,0.5009195366579201
1,3588,0.4845830598049882
1,3589,0.3875946507154361
1,3590,0.4735877768736284
1,3591,0.4483238628501891
1,3592,0.5347019651376806
1,3593,0.3146542003895829
1,3594,0.48937470148946427
1,3595,0.4793784843122657
1,3596,0.4330816744703678
1,3597,0.5349701304190572
1,3598,0.4770780651023486
1,3599,0.37738825740221316
1,3600,0.36573607496995125
1,3601,0.5157030263596224
1,3602,0.7543513353411886
1,3603,0.4465980811462672
1,3604,0.5299209193716484
1,3605,0.48824903937564434
1,3606,0.4655140251754507
1,3607,0.8174953348728008
1,3608,0.5173510382474397
1,3609,0.4211555144008006
1,3610,0.5903111288580536
1,3611,0.3630926735583699
1,3612,0.633168678533323
1,3613,0.6304394783954611
1,3614,0.3979939514866808
1,3615,0.4343405247043776
1,3616,0.45617318708678634
1,3617,0.4439254978271349
1,3618,0.5527775627485185
1,3619,0.5250607150079148
1,3620,0.6434063432454104
1,3621,0.5448714865148057
1,3622,0.5475511569240354
1,3623,0.4583024275156921
1,3624,0.5630904139541799
1,3625,0.5109816192047356
1,3626,0.6311600968561637
1,3627,0.5465211424768098
1,3628,0.5257591031394006
1,3629,0.30726261247533315
1,3630,0.33154767440361294
1,3631,0.2677327945943758
1,3632,0.6128183315537784
1,3633,0.5606019572227519
1,3634,0.5856191774176638
1,3635,0.5763821255453566
1,3636,0.5942681533342712
1,3637,0.4725028925906641
1,3638,0.7164139694333495
1,3639,0.4831481208858368
1,3640,0.5300967339859616
1,3641,0.7938826100082207
1,3642,0.24472417473167105
1,3643,0.44626250410313073
1,3644,0.4909800727781047
1,3645,0.38745359475749724
1,3646,0.364239703068036
1,3647,0.6222921615258399
1,3648,0.5940511418935066
1,3649,0.5009267719706461
1,3650,0.3790080452373132
1,3651,0.3110213888241487
1,3652,0.6773054335477705
1,3653,0.6176133901158958
1,3654,0.5192846045124238
1,3655,0.5178096349342604
1,3656,0.38032901650029555
1,3657,0.6117632326312917
1,3658,0.6183364379069973
1,3659,0.37410830277277246
1,3660,0.63370674765827
1,3661,0.5165931132515958
1,3662,0.5891688539695408
1,3663,0.7200028845790201
1,3664,0.6595937041248411
1,3665,0.5176729056851889
1,3666,0.5568799335848095
1,3667,0.4063185756688691
1,3668,0.4207936936058857
1,3669,0.463282210817603
1,3670,0.46474652756039403
1,3671,0.702760341688999
1,3672,0.5889916790619177
1,3673,0.3500420014126676
1,3674,0.6524687740823943
1,3675,0.6308262140120707
1,3676,0.48422216867304824
1,3677,0.528003923656481
1,3678,0.5005019430372474
1,3679,0.49967661629494536
1,3680,0.3083383728705516
1,3681,0.7189503031771771
1,3682,0.5127113280348946
1,3683,0.5457468335027678
1,3684,0.5997836543536149
1,3685,0.7552020719096598
1,3686,0.2494867953142636
1,3687,0.8334632280989553
1,3688,0.18908521907856657
1,3689,0.7135632982284208
1,3690,0.6602928287073266
1,3691,0.4273310066481384
1,3692,0.41155824638116006
1,3693,0.35313649030567157
1,3694,0.4259564603085816
1,3695,0.39559347129045275
1,3696,0.41628989305531366
1,3697,0.4141019333884325
1,3698,0.6250833294243219
1,3699,0.4273295049742065
1,3700,0.5744714034651006
1,3701,0.5510988099244072
1,3702,0.298666082794669
1,3703,0.6785725553644835
1,3704,0.6995460549669811
1,3705,0.5082190885072287
1,3706,0.5973335273144132
1,3707,0.5891220269063111
1,3708,0.42097822330648405
1,3709,0.38674540570754484
1,3710,0.4988770584366398
1,3711,0.5058631784841141
1,3712,0.5448983642762731
1,3713,0.4641084413358188
1,3714,0.6114516104332127
1,3715,0.3797937305581223
1,3716,0.6264924972529177
1,3717,0.36698194009271096
1,3718,0.5797807313147278
1,3719,0.33733797644652413
1,3720,0.44259543725693945
1,3721,0.3499822186742363
1,3722,0.6633326178899478
1,3723,0.6906435785394197
1,3724,0.48016696199494646
1,3725,0.48295661917104266
1,3726,0.5184437308640257
1,3727,0.6688977087417256
1,3728,0.45800636017432866
1,3729,0.5983735876955346
1,3730,0.5875838330026096
1,3731,0.37045541822500844
1,3732,0.3344299057122882
1,3733,0.4374105171311779
1,3734,0.5835219313254962
1,3735,0.6298858702434348
1,3736,0.4047471793339787
1,3737,0.5663876550231273
1,3738,0.5131783352791252
1,3739,0.46664377623678155
1,3740,0.5240057895878625
1,3741,0.4000590843992576
1,3742,0.68476766876282
1,3743,0.2752978087872877
1,3744,0.7161917442895124
1,3745,0.3567466318528396
1,3746,0.32085764473370443
1,3747,0.39873002025803317
1,3748,0.550571161749239
1,3749,0.37906089264943676
1,3750,0.35876692541391153
1,3751,0.758224446541918
1,3752,0.7335490392331578
1,3753,0.5510760069965165
1,3754,0.3292981572647559
1,3755,0.4528967515843793
1,3756,0.5326540821690442
1,3757,0.6177911990400899
1,3758,0.48175285622525094
1,3759,0.20536699615059897
1,3760,0.406097169229345
1,3761,0.7504835147944674
1,3762,0.6769857886856013
1,3763,0.3665403395203176
1,3764,0.513750594901979
1,3765,0.39957893338262895
1,3766,0.5392986173923329
1,3767,0.4125702349806125
1,3768,0.4617017010688293
1,3769,0.36172021169196084
1,3770,0.5164717642876152
1,3771,0.4753970372906028
1,3772,0.4698227843624562
1,3773,0.47269549791533716
1,3774,0.7535561283746616
1,3775,0.6425645057473802
1,3776,0.4025348896526993
1,3777,0.570445695761257
1,3778,0.6445259658531748
1,3779,0.3293281809475157
1,3780,0.669299365137333
1,3781,0.32232836453344393
1,3782,0.832709546060617
1,3783,0.22140648232143062
1,3784,0.2661496536321604
1,3785,0.7264930811565948
1,3786,0.6912061622726888
1,3787,0.6085242967765122
1,3788,0.5799548105643525
1,3789,0.2415515503741121
1,3790,0.7620477250799763
1,3791,0.785690179916305
1,3792,0.27494992054914075
1,3793,0.5846500458168523
1,3794,0.42427693877768613
1,3795,0.26889149078740804
1,3796,0.37973030973122796
1,3797,0.3071982354726096
1,3798,0.5904040808098027
1,3799,0.5651383787833845
1,3800,0.708404794439187
1,3801,0.5672885694324904
1,3802,0.5391679668398239
1,3803,0.2605329087342767
1,3804,0.5584133099298474
1,3805,0.6487860614629486
1,3806,0.5345949208530894
1,3807,0.5193103143141893
1,3808,0.3457049355182539
1,3809,0.35215812843300903
1,3810,0.455377366479692
1,3811,0.3535452417993923
1,3812,0.2772343434737336
1,3813,0.6799120382760199
1,3814,0.32112770507537414
1,3815,0.5496728267367422
1,3816,0.6796350160396272
1,3817,0.6958902962733017
1,3818,0.7472440729021237
1,3819,0.2924802610152255
1,3820,0.7228871815541983
1,3821,0.6561514854104419
1,3822,0.5607440048473923
1,3823,0.39920170375853886
1,3824,0.82902351511496
1,3825,0.20311092312525125
1,3826,0.42768427048500784
1,3827,0.7370493460481119
1,3828,0.6750437472085117
1,3829,0.3935976832877114
1,3830,0.587302142822737
1,3831,0.5186712794074828
1,3832,0.7618535405325138
1,3833,0.16332489714639833
1,3834,0.6579522789583198
1,3835,0.4976721039717585
1,3836,0.3240434174419675
1,3837,0.39392374900765664
1,3838,0.5773886347003746
1,3839,0.5089945516859241
1,3840,0.36563304059837515
1,3841,0.4435847368778536
1,3842,0.6360200720147332
1,3843,0.3153104415558264
1,3844,0.5508300636523367
1,3845,0.5892115738552481
1,3846,0.5213096054256222
1,3847,0.4618134307164615
1,3848,0.5160674221403115
1,3849,0.3182023012823095
1,3850,0.5396484687390273
1,3851,0.6540446495634497
1,3852,0.3547852647097161
1,3853,0.1894140575874803
1,3854,0.3503147967023144
1,3855,0.548425770059677
1,3856,0.5916610005326717
1,3857,0.5454691982604929
1,3858,0.5634048694570774
1,3859,0.6701999135451983
1,3860,0.501421183197978
1,3861,0.521442219826598
1,3862,0.5428401740915109
1,3863,0.5318718600466648
1,3864,0.6241124110314499
1,3865,0.4271101970465842
1,3866,0.493816710643511
1,3867,0.5402487990075431
1,3868,0.45276518504543717
1,3869,0.5070605269720296
1,3870,0.49289165109283856
1,3871,0.39604695820381935
1,3872,0.36173873689285907
1,3873,0.40527561934273537
1,3874,0.5893123311784748
1,3875,0.5183748114124921
1,3876,0.5280074960592045
1,3877,0.4881113737743613
1,3878,0.41657515895978003
1,3879,0.5236394367247346
1,3880,0.624027217856547
1,3881,0.3478447010845311
1,3882,0.5087947816090859
1,3883,0.427720390907578
1,3884,0.7631344061808427
1,3885,0.6166661731239262
1,3886,0.5987377501160641
1,3887,0.6000849987405594
1,3888,0.6085069864339897
1,3889,0.3635454113566313
1,3890,0.5376246566378358
1,3891,0.43370753494925185
1,3892,0.4998010566534892
1,3893,0.6709207156816039
1,3894,0.39004971829546864
1,3895,0.22025902120889496
1,3896,0.4958918663352003
1,3897,0.359912583734029
1,3898,0.3871409472612423
1,3899,0.5149335906828488
1,3900,0.5297960365278724
1,3901,0.41053026427777406
1,3902,0.2844495991493345
1,3903,0.6145290449644509
1,3904,0.34147065130760046
1,3905,0.7111243368319201
1,3906,0.6182732218174168
1,3907,0.4978346616373595
1,3908,0.45263323062553823
1,3909,0.30010536789940034
1,3910,0.30980586054552084
1,3911,0.42577749193743697
1,3912,0.40601863686481704
1,3913,0.6373818725936768
1,3914,0.3566573066559975
1,3915,0.1966061113019873
1,3916,0.7965337731174666
1,3917,0.17862234720163414
1,3918,0.1713588234903097
1,3919,0.161397697650981
1,3920,0.14471151239220478
1,3921,0.2827179584787614
1,3922,0.2316488503414112
1,3923,0.7713795466963628
1,3924,0.7057026465413767
1,3925,0.3456192987537512
1,3926,0.3027579105239424
1,3927,0.7911662609864677
1,3928,0.2142623901172445
1,3929,0.3952722373411755
1,3930,0.5381695331385407
1,3931,0.6273062262044273
1,3932,0.6793369152903896
1,3933,0.5105480905317891
1,3934,0.2202532396308272
1,3935,0.33819900348006937
1,3936,0.6431460280747883
1,3937,0.7927250821472395
1,3938,0.649948431107138
1,3939,0.389777046609782
1,3940,0.4758040634713923
1,3941,0.756221792438857
1,3942,0.4795013818720072
1,3943,0.3422156635839988
1,3944,0.2917726756737396
1,3945,0.2055219719238074
1,3946,0.36277431252669684
1,3947,0.3215685103791339
1,3948,0.4049062363889665
1,3949,0.7049075966976932
1,3950,0.7169275565929892
1,3951,0.4322983930093506
1,3952,0.46280744912669125
1,3953,0.6046367537242522
1,3954,0.6005892012970049
1,3955,0.3695366147578292
1,3956,0.6618409799604686
1,3957,0.29715790403726156
1,3958,0.5364962013407442
1,3959,0.4862577155126901
1,3960,0.5650887020349232
1,3961,0.43602714502600487
1,3962,0.43602714502600487
1,3963,0.43359691588041543
1,3964,0.3574087068166199
1,3965,0.49158633470891744
1,3966,0.4810352614185507
1,3967,0.5153686369618179
1,3968,0.6545818620404484
1,3969,0.29796272852790834
1,3970,0.26885620770069957
1,3971,0.4342062016587333
1,3972,0.80772427306831
1,3973,0.7666154583455421
1,3974,0.7548409282511832
1,3975,0.37095499603042786
1,3976,0.3919943158270002
1,3977,0.6076048923969161
1,3978,0.7858444298810108
1,3979,0.35212695151832235
1,3980,0.35628726208493033
1,3981,0.5386522016730539
1,3982,0.4178768980631339
1,3983,0.4012775926687487
1,3984,0.4220801406294457
1,3985,0.262856852270098
1,3986,0.5511472171439016
1,3987,0.5458836186322198
1,3988,0.6250011092694794
1,3989,0.16252218097959142
1,3990,0.8640172160830178
1,3991,0.567442945378325
1,3992,0.543893205962742
1,3993,0.3833903266401898
1,3994,0.46759547131888624
1,3995,0.5569865865879978
1,3996,0.33509589499059655
1,3997,0.6298112675301338
1,3998,0.4673005938546028
1,3999,0.4131347337606362
2,0,0.5711933937060261
2,1,0.5231329059829364
2,2,0.5106599264530223
2,3,0.4734719924247789
2,4,0.5492277996565759
2,5,0.5424606442944537
2,6,0.5643437375305289
2,7,0.6052844414410901
2,8,0.5797789099148264
2,9,0.5570712708679564
2,10,0.5349866702213374
2,11,0.38988975036579987
2,12,0.7615829981643054
2,13,0.33099531363407264
2,14,0.34924250939228463
2,15,0.6670835474280664
2,16,0.47865528533553825
2,17,0.4534202287728848
2,18,0.735847312262328
2,19,0.7120296539051452
2,20,0.4889401086764844
2,21,0.6222885881844898
2,22,0.6064589209062536
2,23,0.4953858514332976
2,24,0.686601167655089
2,25,0.6009263550279265
2,26,0.46866177957771415
2,27,0.6240950415892138
2,28,0.4691303122761055
2,29,0.5642079275254803
2,30,0.562034177725213
2,31,0.5929654779202126
2,32,0.44519278350412106
2,33,0.4422778486243214
2,34,0.28088076881673124
2,35,0.32048828047614
2,36,0.7228487016164277
2,37,0.3668685783941373
2,38,0.3794194426646767
2,39,0.6249402643000717
2,40,0.5467485759619405
2,41,0.639179041197707
2,42,0.640651353403607
2,43,0.627915416002667
2,44,0.41579214951055343
2,45,0.5565405311045268
2,46,0.5451002471804339
2,47,0.5012133318188171
2,48,0.561457487613491
2,49,0.28459330847412995
2,50,0.48984853273237045
2,51,0.6409877117518759
2,52,0.6775081022286017
2,53,0.5343107667754964
2,54,0.6390642292265875
2,55,0.6461330408944032
2,56,0.6650680240120395
2,57,0.3406013282802337
2,58,0.3450464911790323
2,59,0.29707295417561264
2,60,0.44627581553441986
2,61,0.6073034684498358
2,62,0.6073034684498358
2,63,0.31262251803924473
2,64,0.3304363212969902
2,65,0.3323841055243744
2,66,0.731826860596202
2,67,0.7652602970256072
2,68,0.7719465186112843
2,69,0.6862576446868615
2,70,0.15658225055546923
2,71,0.49545063067212375
2,72,0.43735808944262367
2,73,0.4058245216381809
2,74,0.6081546035682512
2,75,0.615302123472178
2,76,0.5772336735959662
2,77,0.5199248467320889
2,78,0.37550281334627145
2,79,0.6480936048264613
2,80,0.49521887294295164
2,81,0.5413725251561643
2,82,0.5649237355101152
2,83,0.5831739018669956
2,84,0.5862700055503696
2,85,0.5142036320716674
2,86,0.7029787375672607
2,87,0.6240582447292323
2,88,0.6996234515208781
2,89,0.4666402572846461
2,90,0.6192241884942947
2,91,0.6662961407504138
2,92,0.6364014924182881
2,93,0.44521732688403737
2,94,0.5884718414935625
2,95,0.4497965330934329
2,96,0.4870335158591313
2,97,0.6099570463029514
2,98,0.5971675555436399
2,99,0.488691963825575
2,100,0.39135201722388085
2,101,0.7891403757085732
2,102,0.7426939392745048
2,103,0.6523836541851974
2,104,0.4441011040276149
2,105,0.6629482343912964
2,106,0.39323901585408677
2,107,0.45513880386692324
2,108,0.6184123766379329
2,109,0.580880964359302
2,110,0.5407699402905449
2,111,0.5403433497435945
2,112,0.7862664617688638
2,113,0.883632882584829
2,114,0.35277363153973884
2,115,0.6953532802930628
2,116,0.6121773120969863
2,117,0.6364556709129277
2,118,0.6170829521535816
2,119,0.44436288528935086
2,120,0.6618479920438716
2,121,0.4080488651887578
2,122,0.5673011092268021
2,123,0.5001617118132351
2,124,0.5953398238891744
2,125,0.4678656311958867
2,126,0.4678656311958867
2,127,0.5560638071639792
2,128,0.4860567742151079
2,129,0.5734448081851689
2,130,0.5655133985933964
2,131,0.5376253418834602
2,132,0.5301292202224549
2,133,0.4852205248103946
2,134,0.6356815737074116
2,135,0.3393548264883487
2,136,0.7585749036629719
2,137,0.5756625440722997
2,138,0.7030913073440421
2,139,0.6574155106184472
2,140,0.553749915893958
2,141,0.5061275339838106
2,142,0.4823409177201406
2,143,0.5644229877808464
2,144,0.5602218061613706
2,145,0.7621602763302945
2,146,0.6298093157608641
2,147,0.41493329572710214
2,148,0.3459664853356675
2,149,0.6998136393399425
2,150,0.42829643865456657
2,151,0.48046107585442044
2,152,0.7321643918264044
2,153,0.6703572009246539
2,154,0.6820515798661492
2,155,0.6327048890774195
2,156,0.522547252191772
2,157,0.6349416153033058
2,158,0.4661120444071617
2,159,0.5127217231776927
2,160,0.5830080857546278
2,161,0.5074959259543705
2,162,0.4858701143771929
2,163,0.504937833459302
2,164,0.6543805378398578
2,165,0.5067500807548802
2,166,0.6563413392131584
2,167,0.4669356326625487
2,168,0.5602748268913156
2,169,0.6273409857470889
2,170,0.5282496823550796
2,171,0.5104725649230158
2,172,0.5257160709342426
2,173,0.5754646898304129
2,174,0.5028663552938538
2,175,0.6212873741683188
2,176,0.44084594756313544
2,177,0.5218487223950722
2,178,0.5224337006036187
2,179,0.5363991952463887
2,180,0.6865940190594557
2,181,0.4831967488863913
2,182,0.4417015201649257
2,183,0.6677677885632479
2,184,0.46040184860925937
2,185,0.6100263974302447
2,186,0.6323902128369073
2,187,0.6565091976060986
2,188,0.6895106445712439
2,189,0.7134508766733173
2,190,0.6390966291198413
2,191,0.6606212610820261
2,192,0.29956161224851885
2,193,0.6901342893698031
2,194,0.400116668971677
2,195,0.4978128438273002
2,196,0.5565358340220747
2,197,0.5660701215393031
2,198,0.5915113036727979
2,199,0.5394651344880671
2,200,0.7141227942224512
2,201,0.8068404403134893
2,202,0.341965485301248
2,203,0.737548347139347
2,204,0.3540302636620182
2,205,0.49779273861416906
2,206,0.5127227100458883
2,207,0.41817912238500843
2,208,0.6793053585276639
2,209,0.6423409251075854
2,210,0.5628625748307009
2,211,0.6735073348783869
2,212,0.4686884065899798
2,213,0.3374405716642649
2,214,0.7491503202954608
2,215,0.6145928230216142
2,216,0.7230238865756052
2,217,0.3772680069085196
2,218,0.7263373594495625
2,219,0.3734509713134567
2,220,0.7001222492417108
2,221,0.3273912457824537
2,222,0.5678997783797631
2,223,0.5238262972998082
2,224,0.5651732813959122
2,225,0.5420736084158062
2,226,0.5540038303527856
2,227,0.5521461640802641
2,228,0.43562759573504656
2,229,0.4107498099694542
2,230,0.6646966861024496
2,231,0.4317407562584982
2,232,0.5096429622159145
2,233,0.6474258237164267
2,234,0.43699949460729803
2,235,0.6220972466458874
2,236,0.5934405007497525
2,237,0.5216258914265715
2,238,0.5607293713397461
2,239,0.5067447584383632
2,240,0.5455535250893593
2,241,0.8231393902859243
2,242,0.6260491255664676
2,243,0.4666842528679608
2,244,0.6040823105934692
2,245,0.6023011422455073
2,246,0.557002112015922
2,247,0.504716038032892
2,248,0.48433277515359274
2,249,0.49039670360231463
2,250,0.5291813989646418
2,251,0.40771858306190073
2,252,0.8080130504695696
2,253,0.29023743332526314
2,254,0.25071999910929654
2,255,0.37424719524598365
2,256,0.5052388627651802
2,257,0.6491690298975133
2,258,0.8148441987373061
2,259,0.526756568094409
2,260,0.4523178165315367
2,261,0.5544171725784958
2,262,0.6948652359872148
2,263,0.35789887789570535
2,264,0.48466170004459036
2,265,0.5349697260867761
2,266,0.34179166215435336
2,267,0.42531537084779003
2,268,0.649979608316853
2,269,0.4598248761335722
2,270,0.6107279442213249
2,271,0.36884023795868004
2,272,0.38909295885831485
2,273,0.6662280275546056
2,274,0.5366908206023319
2,275,0.5870563185941201
2,276,0.49348913288816815
2,277,0.7079350137802273
2,278,0.36856818457058343
2,279,0.34249652403211217
2,280,0.5769729778473008
2,281,0.8026486613477082
2,282,0.4871058641207093
2,283,0.3465571991630103
2,284,0.344408297526285
2,285,0.5359786023695945
2,286,0.48424557612060526
2,287,0.5883699564389632
2,288,0.6761751042150793
2,289,0.6500954448998972
2,290,0.6163463979953749
2,291,0.5250349252157162
2,292,0.5060820425185765
2,293,0.6568081351121883
2,294,0.30847421851043033
2,295,0.31716280767925165
2,296,0.2786997553552938
2,297,0.5183111944007672
2,298,0.5952552596935239
2,299,0.5967423420096852
2,300,0.5272131893452194
2,301,0.5450838139579947
2,302,0.5397754998446489
2,303,0.5495194053523346
2,304,0.4610510922244946
2,305,0.5406145644762544
2,306,0.49276260796779237
2,307,0.30384922281674553
2,308,0.5924589902348181
2,309,0.5042405033285371
2,310,0.5276721967825282
2,311,0.5689591237499113
2,312,0.5261058590616701
2,313,0.5919443511177627
2,314,0.560081541368679
2,315,0.3689227476415712
2,316,0.4637150642685435
2,317,0.530133852410202
2,318,0.5632446143123235
2,319,0.5346728766939386
2,320,0.5560500732190058
2,321,0.6418525894263679
2,322,0.47761955428892094
2,323,0.5520132494726746
2,324,0.5601438902250535
2,325,0.598005075295095
2,326,0.4045560293835137
2,327,0.5132509680320504
2,328,0.5033670958719031
2,329,0.6945682451387197
2,330,0.5294608090905272
2,331,0.6883498842162691
2,332,0.6663859763693569
2,333,0.6823105548263269
2,334,0.3891530857532775
2,335,0.6582810708368968
2,336,0.6800715130360375
2,337,0.5906797951661998
2,338,0.5613480936857431
2,339,0.5653283314442007
2,340,0.48984761725999104
2,341,0.5005392175559835
2,342,0.5897299847798357
2,343,0.5093973180138224
2,344,0.5077790444341215
2,345,0.5266176436651038
2,346,0.5464080724968211
2,347,0.5426043949533785
2,348,0.8540204069141447
2,349,0.7678634261816492
2,350,0.5875986204954705
2,351,0.4007316733578185
2,352,0.7132224160291565
2,353,0.30739001872786853
2,354,0.6934512917475042
2,355,0.4885718754845081
2,356,0.6389668737266214
2,357,0.6352627146919029
2,358,0.48256195383674
2,359,0.2796433335916086
2,360,0.7227387035581387
2,361,0.49590021217240726
2,362,0.619018674764877
2,363,0.5851810649337615
2,364,0.8370794667832853
2,365,0.8500141499065739
2,366,0.25130503629166023
2,367,0.27409643828067337
2,368,0.3656693801626597
2,369,0.6089999471062391
2,370,0.6249890207825604
2,371,0.4283603022208727
2,372,0.35526230973164613
2,373,0.6448847495947212
2,374,0.592713334272281
2,375,0.5141480759564784
2,376,0.46015212126340643
2,377,0.44695410812439845
2,378,0.644333743290494
2,379,0.5637295631700805
2,380,0.6628546932856851
2,381,0.4192667407655934
2,382,0.6643413555866481
2,383,0.5515284716132286
2,384,0.5442043486530648
2,385,0.6405071100479351
2,386,0.509683257569001
2,387,0.4971916359103851
2,388,0.49613241256050455
2,389,0.6641626577649318
2,390,0.5295412301284793
2,391,0.5819491255798668
2,392,0.680685623309744
2,393,0.3266935707860452
2,394,0.7393788734919885
2,395,0.30923726993960265
2,396,0.7396280799787704
2,397,0.7532586678250263
2,398,0.5226911285840675
2,399,0.4810927221237708
2,400,0.5401775769377574
2,401,0.5666704634147672
2,402,0.5991642348347428
2,403,0.4904817665308704
2,404,0.3296674871135035
2,405,0.4674592400550811
2,406,0.27298526849341215
2,407,0.604354085107321
2,408,0.6229191605285898
2,409,0.650745819939981
2,410,0.6777123087928416
2,411,0.5608877618770277
2,412,0.5943611452601028
2,413,0.5672636722782537
2,414,0.6674264357255303
2,415,0.8019268040005991
2,416,0.2942482786337167
2,417,0.46790083730542337
2,418,0.5437283940755545
2,419,0.5321119035263046
2,420,0.6207454884810208
2,421,0.35179082407948875
2,422,0.5642456827254974
2,423,0.4251983057332556
2,424,0.37223649229483036
2,425,0.38222314826582104
2,426,0.43899023801690046
2,427,0.6387762319062139
2,428,0.3754581872868411
2,429,0.7038093251863017
2,430,0.3063633760148868
2,431,0.4834331714962276
2,432,0.5860553377990412
2,433,0.5948408004017259
2,434,0.429202288470975
2,435,0.44750906266431195
2,436,0.5928825095813175
2,437,0.6355499251066121
2,438,0.35270893051225166
2,439,0.6439904256850175
2,440,0.5347665180180047
2,441,0.6467690291509758
2,442,0.5717421856590921
2,443,0.6524328649380632
2,444,0.6355271040844737
2,445,0.6558791543018786
2,446,0.3765846756309828
2,447,0.5194586302676911
2,448,0.42555780984062264
2,449,0.5987248521205515
2,450,0.3435123378270128
2,451,0.4585044205262945
2,452,0.5915554459031854
2,453,0.5603387984800696
2,454,0.42725886401581303
2,455,0.5843196755340982
2,456,0.53441103833751
2,457,0.543156922554248
2,458,0.46370185221192484
2,459,0.6271384934670049
2,460,0.45890424389070966
2,461,0.5620958711735137
2,462,0.43453332277395224
2,463,0.5515104733182438
2,464,0.5627929537551306
2,465,0.5125312230402695
2,466,0.5694560207556265
2,467,0.5703425465741209
2,468,0.40532313313289087
2,469,0.45360996785290864
2,470,0.603179510647286
2,471,0.6680878921184304
2,472,0.6638056598044099
2,473,0.48649344276864276
2,474,0.6743426942257471
2,475,0.45869627726613565
2,476,0.6072289117708671
2,477,0.5029550451266096
2,478,0.5770051312141597
2,479,0.5970801136060163
2,480,0.41828455094469086
2,481,0.5029051590654873
2,482,0.618686435054284
2,483,0.7467694358444721
2,484,0.748492746540701
2,485,0.5879597322374319
2,486,0.5679548184152485
2,487,0.5452873448382523
2,488,0.31584125518571016
2,489,0.4157902834845822
2,490,0.6026642249582181
2,491,0.5708213010089441
2,492,0.5345346702605516
2,493,0.5539807874529403
2,494,0.5990760797729904
2,495,0.6781038238184202
2,496,0.38535084798068864
2,497,0.6666033387624494
2,498,0.4424494811261846
2,499,0.42198399588151236
2,500,0.657397596163639
2,501,0.5778367283119101
2,502,0.4857738291464662
2,503,0.4399127855166368
2,504,0.6074603487830577
2,505,0.44997536849048886
2,506,0.739680070095449
2,507,0.7771017149391436
2,508,0.7091368515290678
2,509,0.24351760844021997
2,510,0.7855224906919853
2,511,0.3016748425627206
2,512,0.3394568250795525
2,513,0.7313452843120603
2,514,0.31579216505025237
2,515,0.7353859080257091
2,516,0.7405146093728835
2,517,0.5314324194054468
2,518,0.7816871977275625
2,519,0.7145772346658329
2,520,0.3623798176230319
2,521,0.5245847401380657
2,522,0.49871722215180836
2,523,0.48965329887887254
2,524,0.6473637111666085
2,525,0.5717082095729484
2,526,0.4654750668671057
2,527,0.33498083184097427
2,528,0.5871699510970924
2,529,0.49088525905139635
2,530,0.5966317800216968
2,531,0.6595578908091856
2,532,0.36458005171014407
2,533,0.49501395359941924
2,534,0.6420012276404929
2,535,0.5898584143357903
2,536,0.7219066452914729
2,537,0.22417928286896258
2,538,0.3170226261548255
2,539,0.46929955228104214
2,540,0.4936947944105374
2,541,0.43765114391431303
2,542,0.5916980937705543
2,543,0.2877452493020706
2,544,0.279357164400248
2,545,0.5518728775349477
2,546,0.6190367135337503
2,547,0.4158033701937284
2,548,0.34930874016902064
2,549,0.7186215314518
2,550,0.7167848631751105
2,551,0.42026622878965497
2,552,0.5116729299382431
2,553,0.5198486460368898
2,554,0.5030359141531939
2,555,0.4895664868054051
2,556,0.6641881052363627
2,557,0.5036815955182518
2,558,0.6345245817475903
2,559,0.3897424389355361
2,560,0.7254225273758964
2,561,0.3579606153120303
2,562,0.6694213264890679
2,563,0.6357969514716704
2,564,0.48629248736792385
2,565,0.5736087292575079
2,566,0.5633597242875092
2,567,0.5177474066942317
2,568,0.6256399951294883
2,569,0.5416446378127646
2,570,0.607564159543827
2,571,0.4789799417087354
2,572,0.6797694906769262
2,573,0.33422216690318834
2,574,0.7366616229989625
2,575,0.6878243879998434
2,576,0.666019735274263
2,577,0.5682635953137568
2,578,0.5399771536017743
2,579,0.5812749166136717
2,580,0.46185519941611924
2,581,0.41490005198069885
2,582,0.7412674854327962
2,583,0.647309161685961
2,584,0.6460338919467172
2,585,0.635753553220383
2,586,0.3986270815267347
2,587,0.5167679819445798
2,588,0.7552804633209971
2,589,0.26254467441787027
2,590,0.2790613968194838
2,591,0.4992212164565789
2,592,0.7883435206542544
2,593,0.7585865041456736
2,594,0.6242227814594086
2,595,0.39279254379082784
2,596,0.68667514211067
2,597,0.3318344178344498
2,598,0.4718533961348361
2,599,0.5119331347464652
2,600,0.4698955131511917
2,601,0.34045417743128664
2,602,0.3724932368042876
2,603,0.4574388940527646
2,604,0.48776885611764853
2,605,0.6589109191239357
2,606,0.7115097153795125
2,607,0.6561959393527182
2,608,0.4453080188193035
2,609,0.43265445678558717
2,610,0.6136291318029821
2,611,0.5281487267844195
2,612,0.37736035057722617
2,613,0.6902519284753544
2,614,0.48724690304160084
2,615,0.4035564772775619
2,616,0.4559659124056637
2,617,0.6932169035016045
2,618,0.330376457646391
2,619,0.482044321171203
2,620,0.5188232002399779
2,621,0.6802561249783079
2,622,0.43007839422560434
2,623,0.6402809876402433
2,624,0.7067379011469511
2,625,0.6906319065632699
2,626,0.29491145060812457
2,627,0.8071350872483011
2,628,0.6246807637011016
2,629,0.5118772055307835
2,630,0.4018357158806502
2,631,0.31483360236711844
2,632,0.6041455929652366
2,633,0.46078367098704
2,634,0.3541319523585732
2,635,0.3725824143714401
2,636,0.6939325841035334
2,637,0.5802778527383362
2,638,0.562514210938386
2,639,0.6521938101045497
2,640,0.4308106508055573
2,641,0.6589125357715092
2,642,0.4279999569202603
2,643,0.28952538161209607
2,644,0.7473804613454643
2,645,0.34786586023037275
2,646,0.4579979476519705
2,647,0.5492777809159739
2,648,0.5680298258244958
2,649,0.61783473191752
2,650,0.49600344736219776
2,651,0.5192086055556104
2,652,0.4789878120854585
2,653,0.7071400458184501
2,654,0.3408608406228174
2,655,0.46324247926161577
2,656,0.5897219624479115
2,657,0.5501298739793952
2,658,0.6136955318326638
2,659,0.5852204783017397
2,660,0.6275545703323608
2,661,0.3963609379461316
2,662,0.5183947805340805
2,663,0.4864157759463032
2,664,0.5201121461304037
2,665,0.5860356812203702
2,666,0.6153291531639951
2,667,0.6246323827710603
2,668,0.4293068868474532
2,669,0.537041715416937
2,670,0.4541966147213761
2,671,0.5586751757353019
2,672,0.5145681125450731
2,673,0.6761517475484625
2,674,0.4654061765143614
2,675,0.5889937566208839
2,676,0.5870380862525196
2,677,0.5604246085711607
2,678,0.5082470276533865
2,679,0.6452321699623047
2,680,0.7671150886524604
2,681,0.7623563560626042
2,682,0.6155836846986423
2,683,0.479154894424143
2,684,0.6284200668149031
2,685,0.36806059819681225
2,686,0.39751624328101665
2,687,0.39061742821449186
2,688,0.30023272249635075
2,689,0.1825284386473029
2,690,0.32417895244590084
2,691,0.2712844661666611
2,692,0.7666404341148402
2,693,0.4454021483749371
2,694,0.5617344092928399
2,695,0.6753287183989509
2,696,0.7302580767531223
2,697,0.5391009944723312
2,698,0.5309402557798427
2,699,0.4645907386933376
2,700,0.6274401219529582
2,701,0.5507414445279816
2,702,0.5362882908703532
2,703,0.4446845820791184
2,704,0.5870279432771306
2,705,0.775567303250226
2,706,0.6804034003809277
2,707,0.4056126441466169
2,708,0.6532467247776256
2,709,0.4684300941133202
2,710,0.5860954827490356
2,711,0.44624698294133175
2,712,0.5656806305812948
2,713,0.4702356853979084
2,714,0.606852084104185
2,715,0.4786528421764667
2,716,0.6638697630689526
2,717,0.4641429974382457
2,718,0.5427171403013983
2,719,0.493046594055859
2,720,0.6674075018357937
2,721,0.49808106007109787
2,722,0.5844965185823437
2,723,0.6246611247509539
2,724,0.5532380680117763
2,725,0.647979911303522
2,726,0.49065601590772384
2,727,0.6544484003667517
2,728,0.5663785548296731
2,729,0.5777916506226702
2,730,0.37056836342642824
2,731,0.7231228577867649
2,732,0.5230798341352854
2,733,0.5681636013048521
2,734,0.44750188664799856
2,735,0.6426303560231633
2,736,0.4827820645644597
2,737,0.42388536463359855
2,738,0.7028813740026931
2,739,0.327541911972489
2,740,0.6470666813853567
2,741,0.32893857238875235
2,742,0.40471691865427806
2,743,0.6672168125832033
2,744,0.44078233769799174
2,745,0.5154326823926229
2,746,0.38024583237928794
2,747,0.7335412208781588
2,748,0.7882349315022145
2,749,0.38323892667990317
2,750,0.5905054518057209
2,751,0.5855167162709228
2,752,0.6169088647387111
2,753,0.40718616533177243
2,754,0.7368567767638554
2,755,0.4091972525021089
2,756,0.6493241367119164
2,757,0.6924028714177739
2,758,0.5373197003118587
2,759,0.6351120563850274
2,760,0.6669259948912026
2,761,0.398954374465775
2,762,0.5441945263182983
2,763,0.40701373544251834
2,764,0.4823513668150453
2,765,0.6266982308215778
2,766,0.4421155363339289
2,767,0.6984976501772131
2,768,0.6508058128655638
2,769,0.578960885805041
2,770,0.4743155358774787
2,771,0.5224298755804246
2,772,0.6235677768363774
2,773,0.4140121351944064
2,774,0.4617557505562093
2,775,0.6712910902283531
2,776,0.5534994724416609
2,777,0.5707259527003614
2,778,0.49331557989129804
2,779,0.5897165442391507
2,780,0.46703207458084084
2,781,0.6174771316068169
2,782,0.3763671138529031
2,783,0.3823293467681521
2,784,0.41453690283359534
2,785,0.5289386362011556
2,786,0.5769813925861417
2,787,0.4742086955359682
2,788,0.41585882301486476
2,789,0.2702751206537022
2,790,0.22036567884512598
2,791,0.32657736330666726
2,792,0.6323111972411322
2,793,0.403203971904125
2,794,0.7262091067971641
2,795,0.5724656438538132
2,796,0.41819283602289065
2,797,0.5622574539745774
2,798,0.5523462991578764
2,799,0.49796864992872114
2,800,0.6693063780980869
2,801,0.5838361128705795
2,802,0.5001501880222713
2,803,0.3165280726666612
2,804,0.5243280095999793
2,805,0.4309468657785475
2,806,0.42989616288186544
2,807,0.4410345246900803
2,808,0.5808870891929216
2,809,0.6737541186987547
2,810,0.3631189784942289
2,811,0.3181465036883507
2,812,0.5617792327002166
2,813,0.20715057386142025
2,814,0.2180098557321808
2,815,0.6708120542026096
2,816,0.39012170001520574
2,817,0.6123390228049413
2,818,0.5892350516820027
2,819,0.5771904544177392
2,820,0.46530415400430875
2,821,0.6324707329107163
2,822,0.5110024120492113
2,823,0.278697657215671
2,824,0.40405489869423455
2,825,0.555569159454619
2,826,0.47820402068581325
2,827,0.5927636765502607
2,828,0.6119470906154852
2,829,0.6206412227741948
2,830,0.6173842506550786
2,831,0.5239589643914209
2,832,0.4638442848232234
2,833,0.49128456168937823
2,834,0.4753837962563896
2,835,0.4025743516732153
2,836,0.5370284239888176
2,837,0.4843723530965193
2,838,0.4519366741739256
2,839,0.48230260472136843
2,840,0.332344573973797
2,841,0.36174311096573314
2,842,0.6314421642263036
2,843,0.5028483317451062
2,844,0.526284985781471
2,845,0.48925162225829444
2,846,0.5337966815082359
2,847,0.4766701425720693
2,848,0.6783232175763554
2,849,0.506077988107488
2,850,0.5593168412446876
2,851,0.4852474452371708
2,852,0.4957474152348428
2,853,0.6660541389857618
2,854,0.32957028536639454
2,855,0.3327304401566977
2,856,0.7693666603561704
2,857,0.6026141518374017
2,858,0.5165955118928104
2,859,0.5600399219627487
2,860,0.5183612668438868
2,861,0.6004619270868585
2,862,0.42551740828793566
2,863,0.3890524097146201
2,864,0.5720639696279517
2,865,0.4535887870523372
2,866,0.6008992811075436
2,867,0.7116088938258732
2,868,0.4720612305164417
2,869,0.6563994090197547
2,870,0.46343480087193606
2,871,0.521192145941684
2,872,0.606809887238705
2,873,0.4514149370371764
2,874,0.503477823181567
2,875,0.5898153090399636
2,876,0.604986698959664
2,877,0.5573334573554688
2,878,0.5832379010409753
2,879,0.4883056554559268
2,880,0.425431165620265
2,881,0.612707692515326
2,882,0.4573111288404643
2,883,0.5356448045483216
2,884,0.6761729413739197
2,885,0.4012450037277929
2,886,0.4877299176384217
2,887,0.600281151638554
2,888,0.6090018009122479
2,889,0.6456855712930958
2,890,0.39794120732840804
2,891,0.4241184885213212
2,892,0.6838378489325951
2,893,0.6128318244840272
2,894,0.20937529995335277
2,895,0.3172793809467221
2,896,0.23684247243833995
2,897,0.6277047620582078
2,898,0.7386258344124654
2,899,0.36210932044275496
2,900,0.7041891577489746
2,901,0.615385273630875
2,902,0.4651416417086723
2,903,0.6615002433960117
2,904,0.5274340378113169
2,905,0.4857340662836942
2,906,0.45657265973192707
2,907,0.4509971499567139
2,908,0.4634792779289805
2,909,0.4764839609151574
2,910,0.415333848132032
2,911,0.5960762163515488
2,912,0.48248093308876877
2,913,0.404717899260318
2,914,0.4427491469749801
2,915,0.2500379919165293
2,916,0.3424698697703391
2,917,0.33903390191545674
2,918,0.7311508282209206
2,919,0.24977713037092603
2,920,0.2695707522495893
2,921,0.5099476257365342
2,922,0.514470648659749
2,923,0.6013845431718498
2,924,0.7272512892314262
2,925,0.39963408983840887
2,926,0.4069449420569154
2,927,0.6460694434837247
2,928,0.44399561318388814
2,929,0.5726578037776969
2,930,0.4949470474535599
2,931,0.5856477075619491
2,932,0.5025087852919483
2,933,0.4147300347847107
2,934,0.47973545910639764
2,935,0.5389517277590998
2,936,0.537652600084561
2,937,0.41589171085417403
2,938,0.6301850637886229
2,939,0.45930892876415014
2,940,0.4634607658078139
2,941,0.5985474540469682
2,942,0.5504034048858952
2,943,0.30502065193330946
2,944,0.7165730886673297
2,945,0.3474449886664286
2,946,0.7424208708875475
2,947,0.3466424790695239
2,948,0.4893676545859126
2,949,0.46879071371672076
2,950,0.5860542018833785
2,951,0.48343106487203025
2,952,0.6131636067503161
2,953,0.7960843678403493
2,954,0.8518976863777615
2,955,0.6195564200602769
2,956,0.6743438413413707
2,957,0.5720910388395136
2,958,0.6360256344320561
2,959,0.6094281107569572
2,960,0.6107341957521831
2,961,0.6295946301358324
2,962,0.4981719130591021
2,963,0.460511388464445
2,964,0.2854691566351042
2,965,0.7922343379916934
2,966,0.6305869867724359
2,967,0.6402269909679021
2,968,0.6552555434948164
2,969,0.5773734441597361
2,970,0.5035126829957717
2,971,0.42152882437342737
2,972,0.571890132426125
2,973,0.6145617245695655
2,974,0.5577981168840995
2,975,0.5045997337053842
2,976,0.5768728917646498
2,977,0.5085244805771387
2,978,0.49595932879964666
2,979,0.32266975543858656
2,980,0.5575337409159171
2,981,0.5679187377534048
2,982,0.7082912037316951
2,983,0.35436607508001394
2,984,0.7307714898340195
2,985,0.5840679153002581
2,986,0.6346420993021107
2,987,0.3172173324983986
2,988,0.5717945460047826
2,989,0.5471068158566587
2,990,0.39615935944296654
2,991,0.48442301537660093
2,992,0.6115984669295111
2,993,0.6118372828934683
2,994,0.6698014173669732
2,995,0.44167140957705237
2,996,0.6429616159544926
2,997,0.6894907775129855
2,998,0.3540624200416996
2,999,0.43946255834411996
2,1000,0.4494440109419726
2,1001,0.5845696161046967
2,1002,0.6545719918959574
2,1003,0.6024327050467332
2,1004,0.5879425090095228
2,1005,0.5207367339790949
2,1006,0.49738222325843634
2,1007,0.4146785258483081
2,1008,0.43880913295895535
2,1009,0.4549497901815885
2,1010,0.6001931399198162
2,1011,0.6901939329562743
2,1012,0.7183475644037779
2,1013,0.6285871501036221
2,1014,0.5375144163904234
2,1015,0.5857634705231083
2,1016,0.44838595510258894
2,1017,0.6195137184611967
2,1018,0.5992136361838148
2,1019,0.544964801320604
2,1020,0.605859490015055
2,1021,0.5195629695637373
2,1022,0.6734835160598829
2,1023,0.6825182810821733
2,1024,0.4133000209095171
2,1025,0.7490070125156582
2,1026,0.3722636395391101
2,1027,0.6790212015400916
2,1028,0.5949947988548964
2,1029,0.5971616254212305
2,1030,0.5270052863134518
2,1031,0.4523740499632781
2,1032,0.6015754468523149
2,1033,0.2986393945913419
2,1034,0.5289132515453706
2,1035,0.47538284414973686
2,1036,0.48248609621252403
2,1037,0.5665681795725585
2,1038,0.4506834214293802
2,1039,0.4271499502419046
2,1040,0.6576490830770886
2,1041,0.46875834000592054
2,1042,0.583395629319128
2,1043,0.6798711579018007
2,1044,0.5476273847388398
2,1045,0.6881725027069906
2,1046,0.6321205339440003
2,1047,0.4514940130262494
2,1048,0.4578739212228916
2,1049,0.4150100886204526
2,1050,0.39722325048801693
2,1051,0.5175408113441009
2,1052,0.570359701653956
2,1053,0.47138778697970135
2,1054,0.7559650187100867
2,1055,0.5613585787391651
2,1056,0.46504749594002137
2,1057,0.5914709847299291
2,1058,0.5785268266222195
2,1059,0.49072200092022966
2,1060,0.4314151887399641
2,1061,0.6481340772594784
2,1062,0.44388672149124453
2,1063,0.5104203865914567
2,1064,0.5180465409569919
2,1065,0.6615110859145706
2,1066,0.4416915168067386
2,1067,0.5974241488294525
2,1068,0.4779742743709736
2,1069,0.5906720240771185
2,1070,0.2938129091242786
2,1071,0.39315122810968484
2,1072,0.7457016974060384
2,1073,0.3429142637481702
2,1074,0.5148922854764395
2,1075,0.5249205307824337
2,1076,0.49353469450538
2,1077,0.6435729545002289
2,1078,0.5650606215975724
2,1079,0.6463656752253861
2,1080,0.5724879600463311
2,1081,0.6000062064321514
2,1082,0.3834824830711631
2,1083,0.4155660059982047
2,1084,0.7678990171976571
2,1085,0.7047598481060875
2,1086,0.3558941380032075
2,1087,0.41223270981112975
2,1088,0.6452246353888722
2,1089,0.37832013390506497
2,1090,0.5392682191911004
2,1091,0.3687328324100355
2,1092,0.6279363139888949
2,1093,0.5639355032574576
2,1094,0.5705565160946446
2,1095,0.5280573574709998
2,1096,0.6177037489452095
2,1097,0.6330140204372715
2,1098,0.5049098345453898
2,1099,0.6868027795846877
2,1100,0.47916061410358063
2,1101,0.5008568126429951
2,1102,0.3601992793326465
2,1103,0.5151059150607895
2,1104,0.5335793273882264
2,1105,0.5445725899101439
2,1106,0.536778964855044
2,1107,0.5307826146946504
2,1108,0.35608847530415444
2,1109,0.3550026975645227
2,1110,0.6606516661135275
2,1111,0.4791133605380899
2,1112,0.4584349408097215
2,1113,0.46164383229767825
2,1114,0.5286131388245522
2,1115,0.5954899701829841
2,1116,0.2088420627950061
2,1117,0.3116133922863779
2,1118,0.35723057610682235
2,1119,0.7352028304104239
2,1120,0.6090775979154126
2,1121,0.492183573184995
2,1122,0.6384061804783577
2,1123,0.585693906368818
2,1124,0.47122328542590525
2,1125,0.4885463487980295
2,1126,0.5797839167020252
2,1127,0.5622775235998632
2,1128,0.5369046631720915
2,1129,0.5083912162786624
2,1130,0.5821633607690341
2,1131,0.5255402094169855
2,1132,0.5502878397992662
2,1133,0.5610581679167174
2,1134,0.48412787440690774
2,1135,0.49638311649599853
2,1136,0.2806241353525782
2,1137,0.733018811683401
2,1138,0.6011180404453537
2,1139,0.4396827159014462
2,1140,0.5950708906113638
2,1141,0.49125853653454893
2,1142,0.5230013238620916
2,1143,0.7411027129178881
2,1144,0.7064296059510861
2,1145,0.6275498885291395
2,1146,0.6113711272273774
2,1147,0.6335972919412288
2,1148,0.6755392805374183
2,1149,0.49187747907777635
2,1150,0.6154187251457391
2,1151,0.6621562652491085
2,1152,0.5156300491650792
2,1153,0.571267452963877
2,1154,0.49111523839250165
2,1155,0.477791007911815
2,1156,0.6362525386268878
2,1157,0.6185534294948883
2,1158,0.6284755540864679
2,1159,0.6448408011615987
2,1160,0.404226484238278
2,1161,0.7551961183469075
2,1162,0.6254117571935732
2,1163,0.6430170741376683
2,1164,0.4553483326188407
2,1165,0.3920666362687226
2,1166,0.7726642153375941
2,1167,0.18422123730857634
2,1168,0.7377384035814081
2,1169,0.7066114107716638
2,1170,0.4358349985332391
2,1171,0.6023984843697293
2,1172,0.5348927032435858
2,1173,0.5632514590111183
2,1174,0.7348340007444498
2,1175,0.5661329860239768
2,1176,0.48436381997080596
2,1177,0.4650999577719119
2,1178,0.6206146433267149
2,1179,0.48339884063043065
2,1180,0.5329246380040323
2,1181,0.5856789102127935
2,1182,0.4427556668096198
2,1183,0.6989399704459234
2,1184,0.44545375341967575
2,1185,0.590448004973944
2,1186,0.45810989806066316
2,1187,0.5454855323262622
2,1188,0.5004944725767527
2,1189,0.5530302274279031
2,1190,0.4452897166509328
2,1191,0.5119645823632146
2,1192,0.5798006579793968
2,1193,0.5992599958458452
2,1194,0.5742950268037283
2,1195,0.48698681278297534
2,1196,0.5446735026690774
2,1197,0.4519762272997376
2,1198,0.6676499696971928
2,1199,0.5202985931547028
2,1200,0.681323913528965
2,1201,0.5767099741342303
2,1202,0.48365451641491497
2,1203,0.677486300188845
2,1204,0.3620790684694465
2,1205,0.6180657910654476
2,1206,0.502178637642791
2,1207,0.5880584268526938
2,1208,0.4598542855881288
2,1209,0.43293442152302275
2,1210,0.39830102279645296
2,1211,0.4694938713855045
2,1212,0.5877636863557706
2,1213,0.6420982299692143
2,1214,0.5969318147605758
2,1215,0.38638993519548925
2,1216,0.33346771219511445
2,1217,0.6199866357726582
2,1218,0.3425016595700446
2,1219,0.43588866677597293
2,1220,0.5795829615702422
2,1221,0.5874347666762855
2,1222,0.5249030216405367
2,1223,0.4966211341413272
2,1224,0.5089643603404211
2,1225,0.37953959518520475
2,1226,0.7052452464572062
2,1227,0.6394041651932106
2,1228,0.4414844497001127
2,1229,0.4567640766397517
2,1230,0.6353822739024042
2,1231,0.5840760117736388
2,1232,0.6171717628547331
2,1233,0.4702856590021094
2,1234,0.6214244083319821
2,1235,0.39379965722427474
2,1236,0.3909335019456446
2,1237,0.5931164647531448
2,1238,0.47004438306794133
2,1239,0.4386636168297304
2,1240,0.6478768882903624
2,1241,0.6184725471870565
2,1242,0.7500327872260736
2,1243,0.7065682274066678
2,1244,0.21667039096192292
2,1245,0.8589999116125
2,1246,0.36542249338362603
2,1247,0.617932584893296
2,1248,0.538950342147738
2,1249,0.5464620843691108
2,1250,0.6244741494851163
2,1251,0.5687024199956008
2,1252,0.4958013722458891
2,1253,0.5368044552122997
2,1254,0.5968682351259769
2,1255,0.5392183112863683
2,1256,0.6108786410386206
2,1257,0.49832374590544976
2,1258,0.6680855949179931
2,1259,0.42005124498642327
2,1260,0.4867299740398531
2,1261,0.5003298579331057
2,1262,0.39585825739355046
2,1263,0.832630015389258
2,1264,0.5876409643533482
2,1265,0.5517586752023262
2,1266,0.6086595367935094
2,1267,0.45756797318357045
2,1268,0.5557308496093868
2,1269,0.5171254495779127
2,1270,0.7594160682899586
2,1271,0.6855792221400685
2,1272,0.457741510077691
2,1273,0.5788599875248446
2,1274,0.433598455461007
2,1275,0.5353614379883997
2,1276,0.6353418594237956
2,1277,0.39710347807411495
2,1278,0.3641936886869056
2,1279,0.7284951229685933
2,1280,0.6988958365452619
2,1281,0.5934509448181935
2,1282,0.42353310022941676
2,1283,0.6891875821190611
2,1284,0.7830220472802273
2,1285,0.5996721354005781
2,1286,0.523898168979845
2,1287,0.5664763625382847
2,1288,0.5548592118037312
2,1289,0.4503903662838121
2,1290,0.49989842997606243
2,1291,0.4973701234774318
2,1292,0.5248286896848756
2,1293,0.586002261810858
2,1294,0.47241405763970623
2,1295,0.6155959661296816
2,1296,0.3821667592687982
2,1297,0.6473514642955076
2,1298,0.454873591446411
2,1299,0.531409264315695
2,1300,0.43851062109538386
2,1301,0.4796259007583932
2,1302,0.6011087321243079
2,1303,0.5561357728396351
2,1304,0.36711232993978493
2,1305,0.5455693793916571
2,1306,0.6369276069888883
2,1307,0.6969980056524865
2,1308,0.510150400041266
2,1309,0.5591446129208374
2,1310,0.6415076597956726
2,1311,0.43380936272275106
2,1312,0.6999431619869089
2,1313,0.5641329405019944
2,1314,0.5827551951517997
2,1315,0.5112678643013528
2,1316,0.5101494938014177
2,1317,0.5253471036993673
2,1318,0.47582824525795864
2,1319,0.49046581257103217
2,1320,0.5467537708522212
2,1321,0.5118083153325379
2,1322,0.6087879500253531
2,1323,0.5332852592780889
2,1324,0.6022677176405319
2,1325,0.44068298490857466
2,1326,0.6005889260270822
2,1327,0.576932771808697
2,1328,0.5090625984981537
2,1329,0.6402539982227765
2,1330,0.5043935071651472
2,1331,0.49790750058442423
2,1332,0.4253080246792468
2,1333,0.6032107381243208
2,1334,0.45049999686517445
2,1335,0.6222275199286008
2,1336,0.5003941812382525
2,1337,0.5415842446455814
2,1338,0.42251061670246026
2,1339,0.6030494339987948
2,1340,0.4673135250023166
2,1341,0.5636094922847982
2,1342,0.3885272473038098
2,1343,0.6424863499047291
2,1344,0.3205951955771103
2,1345,0.3429297628299899
2,1346,0.489066002721691
2,1347,0.6102277454820807
2,1348,0.6395049567763212
2,1349,0.4679924667903999
2,1350,0.5620578064112983
2,1351,0.5732596289243836
2,1352,0.4733995671542295
2,1353,0.5298450225555406
2,1354,0.5175925664607609
2,1355,0.4538818803568791
2,1356,0.6042894947654912
2,1357,0.5921951657310404
2,1358,0.49469370652991324
2,1359,0.5415326956118637
2,1360,0.5350427710479098
2,1361,0.45586773768102606
2,1362,0.243418652603468
2,1363,0.4418931572106408
2,1364,0.39067289262736243
2,1365,0.35391498907373686
2,1366,0.6092654318381568
2,1367,0.6062251621798741
2,1368,0.41800037324059214
2,1369,0.38422184651215197
2,1370,0.41222415550403413
2,1371,0.4198926462263317
2,1372,0.2649727361166945
2,1373,0.7770268378872066
2,1374,0.40807649849025773
2,1375,0.5128219999669226
2,1376,0.5146432605752526
2,1377,0.6204186337327148
2,1378,0.3780480344464488
2,1379,0.646718058398421
2,1380,0.3780678849240375
2,1381,0.6779481077996233
2,1382,0.6204477551079213
2,1383,0.4079139081098337
2,1384,0.39305528862422684
2,1385,0.3971936473877549
2,1386,0.7575506845689609
2,1387,0.305742145692825
2,1388,0.7525102938962673
2,1389,0.4151598665856624
2,1390,0.3654211705686988
2,1391,0.5427090933292494
2,1392,0.46742593018224476
2,1393,0.6081875804031743
2,1394,0.6194570875276388
2,1395,0.7263647012828133
2,1396,0.7310742055591869
2,1397,0.36698102150423045
2,1398,0.45272206856186015
2,1399,0.4648415438604813
2,1400,0.6183846443289394
2,1401,0.5341880400921989
2,1402,0.5137560086816984
2,1403,0.7494068686816128
2,1404,0.7250494238768471
2,1405,0.34825328358827734
2,1406,0.6761659231559393
2,1407,0.39050487201948886
2,1408,0.5177544932566316
2,1409,0.5203101308708594
2,1410,0.5141149172077409
2,1411,0.5826547113726687
2,1412,0.5328198975424989
2,1413,0.5499333404102617
2,1414,0.6551849149943767
2,1415,0.5262635302609575
2,1416,0.3419326928315657
2,1417,0.3056643510010913
2,1418,0.6307752451617686
2,1419,0.663348323754134
2,1420,0.7801854060391088
2,1421,0.6141993831154202
2,1422,0.4424687341284071
2,1423,0.577059699124073
2,1424,0.44438406486994547
2,1425,0.4515044330731376
2,1426,0.7097377944537966
2,1427,0.7099801814902001
2,1428,0.7068994181231759
2,1429,0.3997138715284929
2,1430,0.5479359048536242
2,1431,0.49731240067174226
2,1432,0.49895126797754946
2,1433,0.3506297272706358
2,1434,0.6178572537870431
2,1435,0.7244541208811709
2,1436,0.6519061496354455
2,1437,0.6726946279847562
2,1438,0.5436729442268774
2,1439,0.6817401837904764
2,1440,0.6942823509463003
2,1441,0.42758453418266623
2,1442,0.5454966618882475
2,1443,0.5891079730881306
2,1444,0.5486912353995222
2,1445,0.7611568784136794
2,1446,0.31325996927839955
2,1447,0.4494392361305957
2,1448,0.45090671376827685
2,1449,0.5872439067440691
2,1450,0.4851038984364376
2,1451,0.5028996493541815
2,1452,0.661076910857366
2,1453,0.3537764286331692
2,1454,0.7853123493960813
2,1455,0.39243668412614463
2,1456,0.5553049015341414
2,1457,0.43613250891221345
2,1458,0.4987290140836287
2,1459,0.6976363462570294
2,1460,0.790718467781453
2,1461,0.7062752497829093
2,1462,0.40008208187824196
2,1463,0.6775257958881282
2,1464,0.4521718991912404
2,1465,0.6130997564187093
2,1466,0.7622925068652859
2,1467,0.319998140160879
2,1468,0.5663621106818991
2,1469,0.5467057065661965
2,1470,0.5381849905929128
2,1471,0.41308881758727395
2,1472,0.5210704682739798
2,1473,0.5471751098866134
2,1474,0.5076046351752359
2,1475,0.554526979982451
2,1476,0.5747240347472334
2,1477,0.6090567272125751
2,1478,0.5027065352721067
2,1479,0.491695525784772
2,1480,0.47622306383294927
2,1481,0.7175590072142151
2,1482,0.612408155537107
2,1483,0.6342404040046474
2,1484,0.4358763820467599
2,1485,0.42503543744870703
2,1486,0.518732802704972
2,1487,0.6058556987589304
2,1488,0.5203290163183086
2,1489,0.3994509173429873
2,1490,0.40053668776866796
2,1491,0.4889375614155688
2,1492,0.5925463508757736
2,1493,0.5833529467996834
2,1494,0.36952793779275817
2,1495,0.32081732998268114
2,1496,0.8337156274744627
2,1497,0.8808217469905212
2,1498,0.5370410560607952
2,1499,0.5557780728469948
2,1500,0.5810444843112155
2,1501,0.5424804975854397
2,1502,0.5121761272197612
2,1503,0.5610710438079006
2,1504,0.5269683047826255
2,1505,0.5717058126446792
2,1506,0.5006423291400903
2,1507,0.47805895209392835
2,1508,0.7107235105875036
2,1509,0.43725378931778586
2,1510,0.6594448418018036
2,1511,0.5360047293620408
2,1512,0.5859301167473737
2,1513,0.4788654603438494
2,1514,0.7098790599178448
2,1515,0.5192078883854968
2,1516,0.536672515452604
2,1517,0.5984401936985899
2,1518,0.37244810125764155
2,1519,0.5778957415868681
2,1520,0.3294686527626003
2,1521,0.6699414840705794
2,1522,0.3629925864178156
2,1523,0.40619945295883675
2,1524,0.378059922731042
2,1525,0.37426988869935224
2,1526,0.7151145127732127
2,1527,0.5937525538635343
2,1528,0.5969971467042725
2,1529,0.5444053531068456
2,1530,0.5454612057589405
2,1531,0.5374523423615257
2,1532,0.3898461158843252
2,1533,0.6694236044522337
2,1534,0.3864635094470074
2,1535,0.3525024881019363
2,1536,0.6763830245333868
2,1537,0.4812048651099169
2,1538,0.5890399954401827
2,1539,0.5111396897041296
2,1540,0.570095713503733
2,1541,0.3416375696521085
2,1542,0.4799847139685959
2,1543,0.4733660669994623
2,1544,0.5047265911947689
2,1545,0.20709501482975817
2,1546,0.24552405785764622
2,1547,0.8266794793261345
2,1548,0.6205983672992735
2,1549,0.4401641443323559
2,1550,0.6164308741121516
2,1551,0.7808673981311841
2,1552,0.23246153178260753
2,1553,0.34945406439557825
2,1554,0.27884992314132767
2,1555,0.40846593520438373
2,1556,0.4486926535662883
2,1557,0.39041719711422834
2,1558,0.4373679824958086
2,1559,0.604295288531602
2,1560,0.5713902691893353
2,1561,0.5370817353505263
2,1562,0.6701761284000195
2,1563,0.4116809256152246
2,1564,0.6601512117343424
2,1565,0.41371681650798153
2,1566,0.6457684271712407
2,1567,0.39112289217067187
2,1568,0.5717393578782035
2,1569,0.5033406792565579
2,1570,0.4757288799700607
2,1571,0.5732266573689981
2,1572,0.3163550547470792
2,1573,0.7637785771967404
2,1574,0.572415786652773
2,1575,0.5323906116551161
2,1576,0.4476851270198716
2,1577,0.6791655828417241
2,1578,0.4285953613155388
2,1579,0.5953435155742556
2,1580,0.6100395931245809
2,1581,0.6171699391155041
2,1582,0.6193123096122725
2,1583,0.46353362311528895
2,1584,0.5602532735516669
2,1585,0.5440124984925127
2,1586,0.6386281265936821
2,1587,0.7568260913214873
2,1588,0.4463446805491485
2,1589,0.4869452990470911
2,1590,0.6055818654718158
2,1591,0.5932266441209141
2,1592,0.4005057205171554
2,1593,0.4061051882417528
2,1594,0.4017405885088181
2,1595,0.4022410251176325
2,1596,0.570305747885523
2,1597,0.5009164693833202
2,1598,0.5244085386449784
2,1599,0.733919401673635
2,1600,0.47094987854894516
2,1601,0.35455855115020607
2,1602,0.39120738362589697
2,1603,0.6522902061020451
2,1604,0.5344316196364046
2,1605,0.508664303530745
2,1606,0.6116027688959838
2,1607,0.49348574854994004
2,1608,0.5886801116742354
2,1609,0.5618218228510145
2,1610,0.5954555097489875
2,1611,0.6005908939402717
2,1612,0.6666564645898645
2,1613,0.6736781639307408
2,1614,0.6071874683335055
2,1615,0.38901580238370886
2,1616,0.46290226254436284
2,1617,0.5709212199096262
2,1618,0.6380686175330842
2,1619,0.44224664831728655
2,1620,0.5644886709872833
2,1621,0.7212117370784052
2,1622,0.28801406125758927
2,1623,0.8004982131818167
2,1624,0.6352617368247555
2,1625,0.5756538133371285
2,1626,0.5359295844346778
2,1627,0.5258718866568298
2,1628,0.3921770914194116
2,1629,0.7988569455406349
2,1630,0.24533620701666226
2,1631,0.7211392374174768
2,1632,0.6360541584052104
2,1633,0.6757085247802521
2,1634,0.5439893771440755
2,1635,0.571579004550807
2,1636,0.5598913548451329
2,1637,0.5330031309939034
2,1638,0.5100584431296222
2,1639,0.4142470377100186
2,1640,0.7386773481857597
2,1641,0.31459643219375316
2,1642,0.5279025407775431
2,1643,0.6325338469939465
2,1644,0.581797509169244
2,1645,0.4842186542953407
2,1646,0.5993968768286143
2,1647,0.7443820551362758
2,1648,0.7146192451278955
2,1649,0.6769804883801327
2,1650,0.47617651092686764
2,1651,0.4630956538012468
2,1652,0.6778108267952077
2,1653,0.5357409497021326
2,1654,0.645776845402977
2,1655,0.5006833709710398
2,1656,0.5315068824165254
2,1657,0.5681451640488092
2,1658,0.4768574025662333
2,1659,0.7715753018001492
2,1660,0.5317258172219438
2,1661,0.6203751927749401
2,1662,0.4660728244296465
2,1663,0.3962192109452611
2,1664,0.6165617217898269
2,1665,0.6772955560591174
2,1666,0.5758868471122199
2,1667,0.5498724974565479
2,1668,0.5548713751852725
2,1669,0.5985621073236733
2,1670,0.5248364471300823
2,1671,0.47556611076602373
2,1672,0.610655545255201
2,1673,0.6732025318917977
2,1674,0.7137738949196973
2,1675,0.5096339011025274
2,1676,0.5060794717030905
2,1677,0.5449218226675497
2,1678,0.516831091956602
2,1679,0.5504303070501682
2,1680,0.43051804161787627
2,1681,0.4346700867424651
2,1682,0.7989281990787
2,1683,0.6251567175561815
2,1684,0.5431579079191429
2,1685,0.7002431381950459
2,1686,0.4917748660033408
2,1687,0.5635698740881934
2,1688,0.4919674134139023
2,1689,0.5553108581982987
2,1690,0.6950033896045095
2,1691,0.43919637622389723
2,1692,0.643544126372235
2,1693,0.4162941779668635
2,1694,0.5994661474910491
2,1695,0.3909570764965133
2,1696,0.42817024651528063
2,1697,0.4191868159413333
2,1698,0.5692950594144927
2,1699,0.5456059194802378
2,1700,0.5369699230411431
2,1701,0.5882219579301671
2,1702,0.5147901211645699
2,1703,0.4403781348338801
2,1704,0.6095435457546566
2,1705,0.48683471310529325
2,1706,0.6695922943411048
2,1707,0.4610616530466771
2,1708,0.7095072368880146
2,1709,0.6511855009413244
2,1710,0.46303457370322076
2,1711,0.5367561329711907
2,1712,0.5947307159175167
2,1713,0.5419464818289991
2,1714,0.5578525630887313
2,1715,0.5247288453237126
2,1716,0.5657560074963774
2,1717,0.640076460759586
2,1718,0.5005856034708122
2,1719,0.5833956358873663
2,1720,0.6100809084124437
2,1721,0.43735020194493496
2,1722,0.44223146112091927
2,1723,0.3583802632317509
2,1724,0.4722181731736169
2,1725,0.6232515329217807
2,1726,0.48163342089813566
2,1727,0.6737556098518458
2,1728,0.20296453026679928
2,1729,0.5635667186282809
2,1730,0.5733265653567229
2,1731,0.5231670241572781
2,1732,0.5035923594466388
2,1733,0.563443043419615
2,1734,0.6748176416497599
2,1735,0.5848452075528234
2,1736,0.5597471409213337
2,1737,0.6292851459098693
2,1738,0.4451673907018968
2,1739,0.5551448078492768
2,1740,0.6311183566878973
2,1741,0.4868515176183128
2,1742,0.4830428137358192
2,1743,0.5415214896251773
2,1744,0.5473552207207221
2,1745,0.5892962566181401
2,1746,0.686594031476893
2,1747,0.6951358539570924
2,1748,0.7508136691116188
2,1749,0.5745308325913361
2,1750,0.5654493152451607
2,1751,0.6046668638768778
2,1752,0.46971933316494935
2,1753,0.47578080567353026
2,1754,0.4403594556950309
2,1755,0.35983037378814836
2,1756,0.6822288206720468
2,1757,0.5556382373068872
2,1758,0.6173396422502497
2,1759,0.5244223379228589
2,1760,0.5333339860508868
2,1761,0.541899029987184
2,1762,0.5403480561294135
2,1763,0.5117197039548872
2,1764,0.63525345616317
2,1765,0.490571374937227
2,1766,0.4031308542976882
2,1767,0.603627280811741
2,1768,0.6050423081763219
2,1769,0.47674906865558137
2,1770,0.7300944361322286
2,1771,0.6766900445185385
2,1772,0.6028882795517575
2,1773,0.42611637373672834
2,1774,0.4727573837998251
2,1775,0.4368673951027035
2,1776,0.5507746783163701
2,1777,0.6754329285875399
2,1778,0.5981368597458997
2,1779,0.39941473029705765
2,1780,0.5103101595528129
2,1781,0.5351778206041016
2,1782,0.34377477707376275
2,1783,0.4510413137367831
2,1784,0.414380085186887
2,1785,0.4647851828260116
2,1786,0.5317890836145587
2,1787,0.5869952433353658
2,1788,0.6436935519861101
2,1789,0.4175947928730657
2,1790,0.6264948547600858
2,1791,0.4699930883466506
2,1792,0.5338355527904954
2,1793,0.5472875135915122
2,1794,0.7741594186691626
2,1795,0.3260056522063826
2,1796,0.6054287910123628
2,1797,0.6163917635793006
2,1798,0.40265785604366755
2,1799,0.4029699361629844
2,1800,0.4867392639636625
2,1801,0.38855560393485183
2,1802,0.6303935436269588
2,1803,0.5738304310483312
2,1804,0.3962711707265931
2,1805,0.6272529639291559
2,1806,0.6462446115933748
2,1807,0.5430832307208687
2,1808,0.5860085517249943
2,1809,0.5963261711769503
2,1810,0.4283959489393372
2,1811,0.346978442928083
2,1812,0.40960784096964037
2,1813,0.7391985949393624
2,1814,0.3753537881152822
2,1815,0.4185164719244945
2,1816,0.6705776276196428
2,1817,0.29119449094120115
2,1818,0.32604317082705836
2,1819,0.7466569528452263
2,1820,0.7304830662977004
2,1821,0.5396810895554456
2,1822,0.5271010218426974
2,1823,0.6055288826373003
2,1824,0.4331400712946278
2,1825,0.47815768681698245
2,1826,0.5796015284872122
2,1827,0.5174872632424051
2,1828,0.6163353075097295
2,1829,0.4104459611621614
2,1830,0.3518333796967347
2,1831,0.756387317430995
2,1832,0.3470079836919624
2,1833,0.3423602466536094
2,1834,0.4190475509824584
2,1835,0.4242970215704168
2,1836,0.6359359397891148
2,1837,0.5887966495124635
2,1838,0.49559877753280573
2,1839,0.644411689081381
2,1840,0.43056635983899505
2,1841,0.5507533872980276
2,1842,0.6970153438988047
2,1843,0.5635749926692993
2,1844,0.6940988873243137
2,1845,0.5394164147972254
2,1846,0.40396094530935284
2,1847,0.5985164882080166
2,1848,0.5830093612345597
2,1849,0.6048976809695212
2,1850,0.5528830857948582
2,1851,0.509282903672441
2,1852,0.5139760179232811
2,1853,0.5336497620344364
2,1854,0.5588885326731252
2,1855,0.5986249375236383
2,1856,0.6928207498026614
2,1857,0.48599384968198145
2,1858,0.4776442882569697
2,1859,0.631506106538175
2,1860,0.5950403109514667
2,1861,0.44381363178289057
2,1862,0.4272374054502364
2,1863,0.6800630357501305
2,1864,0.7297121653293845
2,1865,0.6449028237508109
2,1866,0.6797471333979701
2,1867,0.641662105517404
2,1868,0.4908373044149342
2,1869,0.8097966313939031
2,1870,0.5489387812000086
2,1871,0.5452596612984496
2,1872,0.5687819472793736
2,1873,0.5294575724317838
2,1874,0.4459256786329183
2,1875,0.5084467461801291
2,1876,0.7365152830353937
2,1877,0.5695603851641914
2,1878,0.6039759929795248
2,1879,0.5973727445114833
2,1880,0.3620897001791248
2,1881,0.549289083241449
2,1882,0.36190377217855985
2,1883,0.782929007412708
2,1884,0.659418809430549
2,1885,0.42647286155772707
2,1886,0.5182794598368249
2,1887,0.6231411175300958
2,1888,0.39349060301123184
2,1889,0.4913245862746132
2,1890,0.34261621553739235
2,1891,0.4810603052079252
2,1892,0.49313293472799546
2,1893,0.5628200437152896
2,1894,0.49433397817094504
2,1895,0.6209976000853192
2,1896,0.42712720033804874
2,1897,0.7051446602954269
2,1898,0.7240587710721941
2,1899,0.4925754014783406
2,1900,0.5493976074036075
2,1901,0.5665361242552864
2,1902,0.4920862735014291
2,1903,0.5140159955691421
2,1904,0.47017349867264985
2,1905,0.7714534793512584
2,1906,0.5071210518162932
2,1907,0.7834875426902219
2,1908,0.23383582884645177
2,1909,0.29909516628348054
2,1910,0.45085180025534144
2,1911,0.4529027625048379
2,1912,0.5803852350213844
2,1913,0.49857316790843
2,1914,0.6292373416725193
2,1915,0.45267253956281417
2,1916,0.48418872725703105
2,1917,0.5837346641608769
2,1918,0.37290330908228025
2,1919,0.5387711359346445
2,1920,0.46339650745306243
2,1921,0.48412776366874544
2,1922,0.5703320155577679
2,1923,0.5473750882795255
2,1924,0.3423227013670784
2,1925,0.6316226225873139
2,1926,0.6923563755155775
2,1927,0.632728742780473
2,1928,0.41918060499467436
2,1929,0.664197326730095
2,1930,0.47587647330771643
2,1931,0.6294192546742414
2,1932,0.4767873368772744
2,1933,0.5428693058371209
2,1934,0.5428693058371209
2,1935,0.5558637847428802
2,1936,0.41590979582561266
2,1937,0.6229390887985462
2,1938,0.5700753041389394
2,1939,0.5577819820899956
2,1940,0.5506939050094757
2,1941,0.3300265109732513
2,1942,0.5083413169618708
2,1943,0.5033379723662919
2,1944,0.5033379723662919
2,1945,0.41833977689440255
2,1946,0.6715677815452117
2,1947,0.49839870159425065
2,1948,0.49021708644368023
2,1949,0.44616373964801065
2,1950,0.6759310378173101
2,1951,0.5038873658590858
2,1952,0.7144218215389934
2,1953,0.3722279225325001
2,1954,0.3722279225325001
2,1955,0.3775206932915226
2,1956,0.7889951045515982
2,1957,0.3018696282521615
2,1958,0.2592319885683817
2,1959,0.32867506488715786
2,1960,0.34684750533805037
2,1961,0.7205659933721403
2,1962,0.33694352318528764
2,1963,0.6611769850603302
2,1964,0.60014893923029
2,1965,0.47742218793681707
2,1966,0.5136848926100988
2,1967,0.5646554154585883
2,1968,0.5970621275152521
2,1969,0.5688755250006617
2,1970,0.5026583953262311
2,1971,0.5567564271950247
2,1972,0.48149895262816306
2,1973,0.3848724985815256
2,1974,0.4693124780311777
2,1975,0.646432050211709
2,1976,0.5637777462154558
2,1977,0.5632717223794854
2,1978,0.4939005928946472
2,1979,0.4604499796202383
2,1980,0.35170723047511127
2,1981,0.7574354583304562
2,1982,0.771161365824045
2,1983,0.7552062225677302
2,1984,0.24546685079417216
2,1985,0.6995426143922455
2,1986,0.38303688379482104
2,1987,0.7275826291806702
2,1988,0.40838980256915103
2,1989,0.6497451071097545
2,1990,0.48497641415585496
2,1991,0.4048428488790024
2,1992,0.6985814780761962
2,1993,0.5865029174707241
2,1994,0.6594563558953559
2,1995,0.31761583974301133
2,1996,0.31453182082706094
2,1997,0.7484993523859987
2,1998,0.5941931554724249
2,1999,0.6079320799188077
2,2000,0.47659024701508235
2,2001,0.6515534155425664
2,2002,0.48034461450471105
2,2003,0.45739638933496585
2,2004,0.6226443993399677
2,2005,0.7248073037780511
2,2006,0.19777295729063557
2,2007,0.5716574534952067
2,2008,0.46772415256152655
2,2009,0.51195915752695
2,2010,0.4711418691999141
2,2011,0.5144162656832442
2,2012,0.5390425983840029
2,2013,0.5167546026062209
2,2014,0.5688955213280701
2,2015,0.5523615189464802
2,2016,0.5642531938113198
2,2017,0.5981492949555376
2,2018,0.6299428542504177
2,2019,0.4610174612142449
2,2020,0.6253277333365465
2,2021,0.3949596481405771
2,2022,0.6694465470701481
2,2023,0.27463218420314733
2,2024,0.3279163506059599
2,2025,0.439356919892957
2,2026,0.497620286986438
2,2027,0.5579575917404831
2,2028,0.3843789690966377
2,2029,0.61564356548453
2,2030,0.453469301345664
2,2031,0.5156148550000986
2,2032,0.6853460599272232
2,2033,0.5910824038429068
2,2034,0.591364457744431
2,2035,0.36118684461177875
2,2036,0.41789739586986874
2,2037,0.45422779520190404
2,2038,0.5281367803669337
2,2039,0.7270389415757721
2,2040,0.735866371486932
2,2041,0.7998779640969955
2,2042,0.7971067205364792
2,2043,0.21776582692730176
2,2044,0.8415044858960076
2,2045,0.6748392123260016
2,2046,0.591088741797084
2,2047,0.736145221356893
2,2048,0.6260937671365617
2,2049,0.31852719221791653
2,2050,0.6111532020510301
2,2051,0.6057573080078602
2,2052,0.6044042384647457
2,2053,0.434983696176081
2,2054,0.5594285609069466
2,2055,0.47647855413068246
2,2056,0.38709295243590264
2,2057,0.6781119758210161
2,2058,0.2813156678004774
2,2059,0.35426718498647164
2,2060,0.4475831270697415
2,2061,0.5497227961524881
2,2062,0.4914618816191038
2,2063,0.6132942301559744
2,2064,0.6225006740552737
2,2065,0.4473246541462224
2,2066,0.3910274751595607
2,2067,0.3183139893372566
2,2068,0.46773423389808294
2,2069,0.6079305994960711
2,2070,0.4377521294612047
2,2071,0.601639891586607
2,2072,0.6128957950967074
2,2073,0.5714897375773267
2,2074,0.6221528835562327
2,2075,0.4205251577504751
2,2076,0.7226537530025486
2,2077,0.5290194412153386
2,2078,0.6228712807297712
2,2079,0.4639382411777809
2,2080,0.43490258318597375
2,2081,0.8058496287236913
2,2082,0.8094360114417251
2,2083,0.25519858390853817
2,2084,0.7087389971164743
2,2085,0.5545733058543167
2,2086,0.3150678216635326
2,2087,0.5625934253575733
2,2088,0.5288966257941153
2,2089,0.5355051323509448
2,2090,0.5685149760730106
2,2091,0.5559379892373509
2,2092,0.6306147790585837
2,2093,0.3948566394227547
2,2094,0.5141419857901708
2,2095,0.7485163486069928
2,2096,0.801015876227148
2,2097,0.5510671515067925
2,2098,0.5055314607341168
2,2099,0.32122564898886286
2,2100,0.2959666039703697
2,2101,0.43264565714234676
2,2102,0.5429701867888156
2,2103,0.688739675347882
2,2104,0.6489818528700886
2,2105,0.6750253687608192
2,2106,0.4447530319664881
2,2107,0.7429674889676101
2,2108,0.5094234847715288
2,2109,0.14291938255698888
2,2110,0.4097918446846997
2,2111,0.6174012010158993
2,2112,0.3663738462726972
2,2113,0.6974685974445258
2,2114,0.7032361694308592
2,2115,0.43742954578778753
2,2116,0.45068948983869733
2,2117,0.5536326769531031
2,2118,0.4156739739301536
2,2119,0.66561132152082
2,2120,0.4112347470141354
2,2121,0.3621016845979989
2,2122,0.7144426783175586
2,2123,0.573361397978006
2,2124,0.41379996098341393
2,2125,0.6426407174504775
2,2126,0.3215239539134434
2,2127,0.7028299913400481
2,2128,0.4249748545797189
2,2129,0.4283303622427255
2,2130,0.6258671847705368
2,2131,0.648242382550217
2,2132,0.6568379212055474
2,2133,0.44004897723649833
2,2134,0.610237046892171
2,2135,0.6533025475719372
2,2136,0.6934905078198301
2,2137,0.37415806458562983
2,2138,0.5281603525790226
2,2139,0.7787109506165304
2,2140,0.3230860292535692
2,2141,0.6745684358748815
2,2142,0.511054242687676
2,2143,0.5760639898354659
2,2144,0.5492441985445311
2,2145,0.5828036699489448
2,2146,0.4286795885280746
2,2147,0.22210744827512993
2,2148,0.11322939034502591
2,2149,0.3467141185664559
2,2150,0.563640739649822
2,2151,0.5431548848612269
2,2152,0.6183111932445996
2,2153,0.45125057816572695
2,2154,0.5145065005352607
2,2155,0.5465281259739587
2,2156,0.3967199934783828
2,2157,0.20174577697910837
2,2158,0.8078625289429029
2,2159,0.7889445739394658
2,2160,0.8290758777238723
2,2161,0.6782821339031343
2,2162,0.7425516848229483
2,2163,0.6790087827417994
2,2164,0.5339070402306565
2,2165,0.4996417499715351
2,2166,0.6704478590343346
2,2167,0.5803893025340031
2,2168,0.5849800575275304
2,2169,0.5109302103369073
2,2170,0.4559388516731751
2,2171,0.5382380136745818
2,2172,0.47461436035174015
2,2173,0.5958717082246459
2,2174,0.592882104031893
2,2175,0.6950343169718701
2,2176,0.5755064799666617
2,2177,0.6986046574412902
2,2178,0.6318396533388818
2,2179,0.46293356765221516
2,2180,0.5687328114253999
2,2181,0.7388866427680703
2,2182,0.7306543166293857
2,2183,0.4424759111414555
2,2184,0.519495983912698
2,2185,0.519495983912698
2,2186,0.36799357101782576
2,2187,0.5829219623076265
2,2188,0.44696842184912927
2,2189,0.6145447287120598
2,2190,0.8465297300618174
2,2191,0.7780218586648181
2,2192,0.6393545980707237
2,2193,0.43581917574152174
2,2194,0.38021814327903986
2,2195,0.650934126549336
2,2196,0.30488873252792986
2,2197,0.3612836014238222
2,2198,0.4145269685720574
2,2199,0.6515584778165749
2,2200,0.38365983691917493
2,2201,0.3787441946249461
2,2202,0.551724910903456
2,2203,0.5377057004093492
2,2204,0.5439705292936716
2,2205,0.42472142292166404
2,2206,0.7698291872164768
2,2207,0.5779772209426396
2,2208,0.541919813499881
2,2209,0.5963122203512646
2,2210,0.37390173143077077
2,2211,0.6729863538827445
2,2212,0.6816756351721294
2,2213,0.7333784085128623
2,2214,0.6025331552261801
2,2215,0.6033567120245079
2,2216,0.5062238491866007
2,2217,0.5476962798420851
2,2218,0.64427504763186
2,2219,0.4614970508064685
2,2220,0.3288861531878719
2,2221,0.5582739294343857
2,2222,0.6765833148573203
2,2223,0.3637441945663394
2,2224,0.35024678879179194
2,2225,0.3464395587259091
2,2226,0.26278364338756005
2,2227,0.27056124947669974
2,2228,0.2606660577126666
2,2229,0.26816344915951185
2,2230,0.3454359512472441
2,2231,0.7717514357177461
2,2232,0.4739930091012777
2,2233,0.6103800512408089
2,2234,0.3554566122887599
2,2235,0.39826787027353233
2,2236,0.2893401615377662
2,2237,0.5127924854298859
2,2238,0.3875375916523715
2,2239,0.5609625792162637
2,2240,0.5838462354181566
2,2241,0.5606378534878678
2,2242,0.5506483796913193
2,2243,0.43853255691484866
2,2244,0.625812183324575
2,2245,0.4495340266094497
2,2246,0.4696327926262203
2,2247,0.5833271343972711
2,2248,0.6671850255625594
2,2249,0.7005575462652045
2,2250,0.5559555337975348
2,2251,0.43929020529640017
2,2252,0.5552386820031809
2,2253,0.6722435371022081
2,2254,0.4106521723986796
2,2255,0.5865323719371142
2,2256,0.5475454266843223
2,2257,0.4732978989405918
2,2258,0.605415432157605
2,2259,0.5412974167001051
2,2260,0.6185638676097535
2,2261,0.6285890470165876
2,2262,0.5953502170484684
2,2263,0.6203959639347153
2,2264,0.5182500798535451
2,2265,0.648118941385177
2,2266,0.3641395433531377
2,2267,0.4309889786556793
2,2268,0.49459399623749006
2,2269,0.599346761242598
2,2270,0.6490312266466709
2,2271,0.5803961705238022
2,2272,0.5330660444731479
2,2273,0.3460530724283862
2,2274,0.20245022400903798
2,2275,0.8162324833573409
2,2276,0.25277030860874733
2,2277,0.7480026518711036
2,2278,0.45897277084589033
2,2279,0.5471585169609868
2,2280,0.5579666017670354
2,2281,0.461179272519282
2,2282,0.6446314871542426
2,2283,0.38342988641539666
2,2284,0.30278586291789106
2,2285,0.4020923353968954
2,2286,0.41505726730109965
2,2287,0.6110095601118752
2,2288,0.4973875418371925
2,2289,0.5775195930380062
2,2290,0.4468557967505183
2,2291,0.6270929400981344
2,2292,0.6192517661966667
2,2293,0.3946631564374874
2,2294,0.3909182080611741
2,2295,0.5791924295396554
2,2296,0.5175383900330569
2,2297,0.5487670385018583
2,2298,0.34656148808993126
2,2299,0.5941239936680074
2,2300,0.5874173037979742
2,2301,0.47271482451192254
2,2302,0.515727796653886
2,2303,0.5082641667915822
2,2304,0.5994544190544305
2,2305,0.6354042384821789
2,2306,0.6137671271175564
2,2307,0.7208304316706499
2,2308,0.8275732207972046
2,2309,0.7056047977094071
2,2310,0.42107771312135855
2,2311,0.3033426597807944
2,2312,0.5703322020585843
2,2313,0.7105170545832935
2,2314,0.616172565183176
2,2315,0.438718502203611
2,2316,0.5174640920799624
2,2317,0.4140180092127867
2,2318,0.4273277898168942
2,2319,0.5728953343476734
2,2320,0.40625225501087164
2,2321,0.5919900147161059
2,2322,0.48740310008162907
2,2323,0.5692512109952289
2,2324,0.6102922818458764
2,2325,0.6229108927357853
2,2326,0.7537466558772832
2,2327,0.723958160621885
2,2328,0.41360110066895295
2,2329,0.4973929484411581
2,2330,0.5210676938039797
2,2331,0.4568973852063939
2,2332,0.5645634200407292
2,2333,0.3682500305438451
2,2334,0.6435757046631659
2,2335,0.4768638371527501
2,2336,0.6690087357672087
2,2337,0.5865956247517515
2,2338,0.5428427785439022
2,2339,0.63977984525406
2,2340,0.6536439154694639
2,2341,0.7912813564951836
2,2342,0.3473066730129309
2,2343,0.5140635207436327
2,2344,0.7118153411299729
2,2345,0.5659403940884499
2,2346,0.5030560423498887
2,2347,0.6329767176603263
2,2348,0.5874064390833156
2,2349,0.4130608934815601
2,2350,0.358846286774763
2,2351,0.620789492001508
2,2352,0.5923508248828331
2,2353,0.5177942551255329
2,2354,0.48079414828570355
2,2355,0.4729578668635307
2,2356,0.5541706588356218
2,2357,0.48512278953226984
2,2358,0.5470316063957675
2,2359,0.39341614923521556
2,2360,0.45483084598924706
2,2361,0.765864159625717
2,2362,0.4896375576714366
2,2363,0.32916693599412883
2,2364,0.7594500645565189
2,2365,0.6437678573021002
2,2366,0.3288289712585842
2,2367,0.6486718291421059
2,2368,0.30583434089452943
2,2369,0.58640572954765
2,2370,0.7016233489038959
2,2371,0.7217369757034211
2,2372,0.5480270702665602
2,2373,0.5599728804852766
2,2374,0.6488309873509609
2,2375,0.5474350602528427
2,2376,0.5427115111846241
2,2377,0.7379648321913882
2,2378,0.7155312104802017
2,2379,0.6995491584160481
2,2380,0.42227324144076595
2,2381,0.41605465089413474
2,2382,0.44885120978372733
2,2383,0.5672362836307291
2,2384,0.4233320236877288
2,2385,0.6410379828666314
2,2386,0.7017222195064532
2,2387,0.6820879365422164
2,2388,0.4077378045342311
2,2389,0.5134270931925377
2,2390,0.5732068709469827
2,2391,0.6065822636603243
2,2392,0.6268453208583237
2,2393,0.6027016306811347
2,2394,0.5697861940668044
2,2395,0.7180665566532695
2,2396,0.6989626689252606
2,2397,0.381770884886099
2,2398,0.4759066769207268
2,2399,0.44760867620413786
2,2400,0.45051170972543464
2,2401,0.5363792403868739
2,2402,0.5641164956615486
2,2403,0.5587017587611499
2,2404,0.5616265644096747
2,2405,0.37433253287826473
2,2406,0.6758198512453865
2,2407,0.684292937342709
2,2408,0.5522582964450949
2,2409,0.6551084927044664
2,2410,0.45433878355298996
2,2411,0.6286213581834674
2,2412,0.45025057009933733
2,2413,0.5262267074536641
2,2414,0.533587168315207
2,2415,0.40217947618320643
2,2416,0.4341200438837655
2,2417,0.7117302403224727
2,2418,0.4001381976467808
2,2419,0.516810047262545
2,2420,0.7542918242456544
2,2421,0.4176548732066944
2,2422,0.605797983565086
2,2423,0.44863278021227654
2,2424,0.6968924300084348
2,2425,0.5108164119179639
2,2426,0.605223741628739
2,2427,0.5402426515804943
2,2428,0.6074729821079015
2,2429,0.5579751022622403
2,2430,0.5367292850831398
2,2431,0.5166630116878078
2,2432,0.6447082191292764
2,2433,0.5958290547328577
2,2434,0.6752058787214633
2,2435,0.4422802664443438
2,2436,0.44259996697983717
2,2437,0.5644301991072386
2,2438,0.3911446563344166
2,2439,0.4585775121847195
2,2440,0.6092416594139758
2,2441,0.6316279681700852
2,2442,0.6295267451176053
2,2443,0.6776157460657393
2,2444,0.5756960229622226
2,2445,0.415852149176726
2,2446,0.6557205936772973
2,2447,0.5609223395585606
2,2448,0.61285341699719
2,2449,0.5601090970673386
2,2450,0.6003985652468748
2,2451,0.5269592801552866
2,2452,0.38774252550646676
2,2453,0.6306902774394562
2,2454,0.44223544426295835
2,2455,0.5397713929851649
2,2456,0.5362025691431865
2,2457,0.43544429535990614
2,2458,0.6375723346405595
2,2459,0.47327013026816694
2,2460,0.4632769034968845
2,2461,0.5454083952365321
2,2462,0.4821605571291883
2,2463,0.6243364806395063
2,2464,0.5920674373025
2,2465,0.549683939386047
2,2466,0.46902476984649405
2,2467,0.6981164192460082
2,2468,0.4311901889565319
2,2469,0.5531675595538068
2,2470,0.5060657205473403
2,2471,0.5048327738567713
2,2472,0.49941442574310063
2,2473,0.6543759888578
2,2474,0.7534671709913252
2,2475,0.7165832321849009
2,2476,0.6517989691405515
2,2477,0.6739712607641611
2,2478,0.43258909643277815
2,2479,0.5801941584531364
2,2480,0.2863485589550149
2,2481,0.261708990164953
2,2482,0.6004632128885741
2,2483,0.7026320995350247
2,2484,0.543926517307059
2,2485,0.5697006952618469
2,2486,0.5738439919963096
2,2487,0.3805063579310961
2,2488,0.48427032811637644
2,2489,0.42561647022182136
2,2490,0.4932301594735118
2,2491,0.6261040330401944
2,2492,0.4071609123778287
2,2493,0.6660132544654623
2,2494,0.4455749544012998
2,2495,0.5982795133607656
2,2496,0.3851858430015096
2,2497,0.5386005093699145
2,2498,0.723578739439132
2,2499,0.6651756347341916
2,2500,0.458537711300344
2,2501,0.3998423529820151
2,2502,0.39069958972519053
2,2503,0.4309147494947271
2,2504,0.6243901128939576
2,2505,0.4848248098368259
2,2506,0.28861681681718515
2,2507,0.48174581214714063
2,2508,0.6003826071660215
2,2509,0.8153315161807141
2,2510,0.2518999394002566
2,2511,0.3091567939747264
2,2512,0.4270171746556782
2,2513,0.599521502953461
2,2514,0.7787006060488463
2,2515,0.6739289125732765
2,2516,0.5221433320889605
2,2517,0.5086851476388714
2,2518,0.5139359765801267
2,2519,0.5055007204577893
2,2520,0.5181866446312424
2,2521,0.6033266634513403
2,2522,0.5995279509475269
2,2523,0.44542412051262703
2,2524,0.41032927496941457
2,2525,0.5450680955754698
2,2526,0.5557199927404743
2,2527,0.5775233747163063
2,2528,0.46608108576340185
2,2529,0.5001271008091991
2,2530,0.536924630497023
2,2531,0.31275844520630763
2,2532,0.6362672745732374
2,2533,0.43454900024882454
2,2534,0.68726799895589
2,2535,0.42143659967301256
2,2536,0.7901575078639181
2,2537,0.46596256447931916
2,2538,0.6552442012087974
2,2539,0.5685931592483795
2,2540,0.5605122061050691
2,2541,0.43092173230090236
2,2542,0.393577899648223
2,2543,0.6868003239009423
2,2544,0.5279745945606121
2,2545,0.5339103340370944
2,2546,0.5964984947010822
2,2547,0.5106513456968537
2,2548,0.422807722786803
2,2549,0.47699913185056186
2,2550,0.46190053379195767
2,2551,0.4605949907628509
2,2552,0.33086755155133274
2,2553,0.46701228515338555
2,2554,0.6412908309784766
2,2555,0.2696485148705742
2,2556,0.7884569235083586
2,2557,0.2619117580886874
2,2558,0.31569957749776995
2,2559,0.5011729393947676
2,2560,0.44026905006038985
2,2561,0.5595256566939634
2,2562,0.5496578457125787
2,2563,0.44527610111249566
2,2564,0.5005179770892317
2,2565,0.545059353540815
2,2566,0.6103250875081835
2,2567,0.6422281807363052
2,2568,0.6512021277860602
2,2569,0.45597706590950315
2,2570,0.6408557219767931
2,2571,0.6554291485104365
2,2572,0.7050219693590031
2,2573,0.4142132177043777
2,2574,0.6709552045840879
2,2575,0.7878771687469126
2,2576,0.5144264829498443
2,2577,0.5971109827582802
2,2578,0.671057316730314
2,2579,0.5421611674511906
2,2580,0.5796646390658631
2,2581,0.5158642911153271
2,2582,0.5733658641280909
2,2583,0.5792206151404671
2,2584,0.5355151341262837
2,2585,0.44858988038017106
2,2586,0.4819953721424712
2,2587,0.647202850064468
2,2588,0.6054314815516387
2,2589,0.4229265605350674
2,2590,0.4885494772099662
2,2591,0.6532405864583517
2,2592,0.6506496469300166
2,2593,0.5542934745306547
2,2594,0.5499844163044759
2,2595,0.5700197878229788
2,2596,0.47056225668136364
2,2597,0.48532878199718715
2,2598,0.6274668469281124
2,2599,0.6396340662898646
2,2600,0.6416103877376528
2,2601,0.6555455535326322
2,2602,0.637726956257579
2,2603,0.6728220687254413
2,2604,0.6958684914196475
2,2605,0.4497564021866691
2,2606,0.5270382382775286
2,2607,0.5234696504298717
2,2608,0.321809045299991
2,2609,0.30631440009716276
2,2610,0.7471041299688592
2,2611,0.38922123487122895
2,2612,0.477251344153579
2,2613,0.47641850879261055
2,2614,0.7882832681026702
2,2615,0.6959394193415834
2,2616,0.865346456401138
2,2617,0.5813083730802127
2,2618,0.5729223336248138
2,2619,0.6080681650120837
2,2620,0.5313070325938353
2,2621,0.5902532973034335
2,2622,0.3669178859889037
2,2623,0.6255696589717125
2,2624,0.4888058097158273
2,2625,0.511090786396034
2,2626,0.5025154157183824
2,2627,0.6116627959630473
2,2628,0.5475067075978359
2,2629,0.4916596028271165
2,2630,0.6050449215398771
2,2631,0.45682076399220933
2,2632,0.48642577356753935
2,2633,0.4995778156833217
2,2634,0.5695181967985058
2,2635,0.555840991894854
2,2636,0.49150786252902534
2,2637,0.5659538428770052
2,2638,0.6191940989236312
2,2639,0.44327968410966856
2,2640,0.6076685653002645
2,2641,0.4849273069927592
2,2642,0.6241911557869786
2,2643,0.4484178069193735
2,2644,0.46084420117014646
2,2645,0.284782791237965
2,2646,0.3352446172905806
2,2647,0.39128658753193213
2,2648,0.6983523567988941
2,2649,0.5212378304391041
2,2650,0.6194684168234754
2,2651,0.5324578413108921
2,2652,0.5730278869233114
2,2653,0.5273047532684519
2,2654,0.5569549306711782
2,2655,0.5970479500204284
2,2656,0.6201619919279724
2,2657,0.5856851235459339
2,2658,0.5631278724232283
2,2659,0.394276917092884
2,2660,0.4797082335900844
2,2661,0.6130123149724367
2,2662,0.5194045193963897
2,2663,0.5836216684249396
2,2664,0.4591890201549183
2,2665,0.6883625856379759
2,2666,0.4289581944164007
2,2667,0.2933136792790896
2,2668,0.4146727746195823
2,2669,0.5730441504303349
2,2670,0.545650488010757
2,2671,0.5026536503922034
2,2672,0.5754675257551868
2,2673,0.8136852244128862
2,2674,0.6518443322377064
2,2675,0.5827269877136715
2,2676,0.3988233191089814
2,2677,0.36972408251990624
2,2678,0.5029909660553094
2,2679,0.4241594597304452
2,2680,0.5572473561966755
2,2681,0.5155561114007763
2,2682,0.5738862424990687
2,2683,0.6513776654631155
2,2684,0.34639851543003175
2,2685,0.23978409132355866
2,2686,0.21762883525962085
2,2687,0.37717105240428095
2,2688,0.5612948301298626
2,2689,0.5650567881073792
2,2690,0.3726616006215818
2,2691,0.545195017694045
2,2692,0.4160684207825263
2,2693,0.7245208187147756
2,2694,0.7125921956294071
2,2695,0.5965378583384616
2,2696,0.5785772779277834
2,2697,0.5560120865702906
2,2698,0.5407857504731031
2,2699,0.5726787950796315
2,2700,0.616295809715496
2,2701,0.5120541769042981
2,2702,0.5849967663320432
2,2703,0.6319203052094826
2,2704,0.5999897949309196
2,2705,0.6462781895977808
2,2706,0.6844790568475158
2,2707,0.6971515934767192
2,2708,0.5286067547881553
2,2709,0.5243415714033931
2,2710,0.6599798445246131
2,2711,0.6085334676448669
2,2712,0.30438831357104
2,2713,0.6667733151383342
2,2714,0.522099109814728
2,2715,0.43339325022879605
2,2716,0.48381748843688327
2,2717,0.4992711673956689
2,2718,0.5840274006972015
2,2719,0.5102131387582152
2,2720,0.5173343654702579
2,2721,0.5733370199408713
2,2722,0.5026540790072396
2,2723,0.5959764625675953
2,2724,0.42869117337553647
2,2725,0.26814563963866
2,2726,0.5872697597456858
2,2727,0.570173690915068
2,2728,0.5566824375656514
2,2729,0.5671201879931196
2,2730,0.48437110139824413
2,2731,0.35661951184732593
2,2732,0.48962858910269896
2,2733,0.4854019521593126
2,2734,0.5851304380525741
2,2735,0.4677084385694322
2,2736,0.3654675780125858
2,2737,0.6868208471225734
2,2738,0.6147584669805721
2,2739,0.709461749528267
2,2740,0.6152886869533376
2,2741,0.4250186580471578
2,2742,0.6175799476266673
2,2743,0.6323821489972894
2,2744,0.5796132587072927
2,2745,0.6035301568954202
2,2746,0.555289202610798
2,2747,0.634224213404663
2,2748,0.5214029035670925
2,2749,0.5807358313728997
2,2750,0.49786917195100394
2,2751,0.4074343607976449
2,2752,0.518954023132679
2,2753,0.6042762080691974
2,2754,0.5956394302608624
2,2755,0.48910711408519203
2,2756,0.7164986135003856
2,2757,0.33752638988912065
2,2758,0.27334235431165294
2,2759,0.5227268692164646
2,2760,0.5799337446008926
2,2761,0.5189994007610732
2,2762,0.45489394674878103
2,2763,0.685886077550503
2,2764,0.7789100403623576
2,2765,0.4741450929130331
2,2766,0.425776422938462
2,2767,0.4983739573870036
2,2768,0.36530041478408154
2,2769,0.44547380531287956
2,2770,0.6844235003225191
2,2771,0.4107611960428091
2,2772,0.673320632926526
2,2773,0.5415825582229001
2,2774,0.4594167772868974
2,2775,0.7080866317336699
2,2776,0.5156518280622384
2,2777,0.59488233659641
2,2778,0.5783061231922932
2,2779,0.6098239765131942
2,2780,0.46889895838167206
2,2781,0.384580388742774
2,2782,0.5542330817172878
2,2783,0.4925417149934715
2,2784,0.482597976709753
2,2785,0.40140696666376824
2,2786,0.5053781144900804
2,2787,0.7323207544821351
2,2788,0.5118909890912788
2,2789,0.5983023222749771
2,2790,0.6313073959317973
2,2791,0.43513237150285233
2,2792,0.3328706886385841
2,2793,0.7485369682379306
2,2794,0.7431378301737807
2,2795,0.428100341332497
2,2796,0.32945998559512
2,2797,0.32868710222946035
2,2798,0.4322534327662714
2,2799,0.4746808555761268
2,2800,0.4192344194789162
2,2801,0.47717224609979764
2,2802,0.7100758698266705
2,2803,0.5150203133104875
2,2804,0.6612088989649264
2,2805,0.6973204968727285
2,2806,0.7713046628599854
2,2807,0.632225750622945
2,2808,0.2890579515890276
2,2809,0.6292003119483303
2,2810,0.43695503876217534
2,2811,0.4496195392720761
2,2812,0.5618988223761114
2,2813,0.6298045648862437
2,2814,0.6267003356614322
2,2815,0.45298005571102706
2,2816,0.5767208668255385
2,2817,0.5566075737098971
2,2818,0.704384237812838
2,2819,0.3415025100717916
2,2820,0.674340901212086
2,2821,0.6834964012418466
2,2822,0.4399039205170177
2,2823,0.39215923357866317
2,2824,0.5931373731468802
2,2825,0.5447641524205269
2,2826,0.5545825934450666
2,2827,0.478746294337111
2,2828,0.6072134955829543
2,2829,0.4669005709765943
2,2830,0.17113658004778434
2,2831,0.15637202634058855
2,2832,0.1365733695620943
2,2833,0.15949137280429276
2,2834,0.5955272666997969
2,2835,0.5855323302926536
2,2836,0.5385168268110484
2,2837,0.5681775375232505
2,2838,0.7651017879110269
2,2839,0.7384905366693393
2,2840,0.6333072936222814
2,2841,0.48343695085354504
2,2842,0.5183874890211125
2,2843,0.6356797782678328
2,2844,0.6181481499663707
2,2845,0.6595559293027492
2,2846,0.6781165778397816
2,2847,0.45860305175821636
2,2848,0.46465952025107415
2,2849,0.6431596084003067
2,2850,0.47834683829586216
2,2851,0.5228493087323427
2,2852,0.6305886869736901
2,2853,0.5348648765146139
2,2854,0.5330936878606173
2,2855,0.5107682387052297
2,2856,0.4510001627714787
2,2857,0.43503420992860303
2,2858,0.4852101898274726
2,2859,0.591049819447463
2,2860,0.557412101380051
2,2861,0.39676325649342503
2,2862,0.5808869198151291
2,2863,0.3625343940005169
2,2864,0.7228979341585056
2,2865,0.4505809345758026
2,2866,0.630192018942303
2,2867,0.598709821754122
2,2868,0.43343494176094327
2,2869,0.5143664964128072
2,2870,0.7351714011045692
2,2871,0.602229141044032
2,2872,0.4934676007158399
2,2873,0.6129392562989613
2,2874,0.6550942257094441
2,2875,0.6336067324692192
2,2876,0.49561625325599146
2,2877,0.44025739667392516
2,2878,0.47591917998088606
2,2879,0.6315594819150157
2,2880,0.4854779928778732
2,2881,0.4334794840305454
2,2882,0.4143903435230982
2,2883,0.7404091697798
2,2884,0.6587280235756098
2,2885,0.47341999764432596
2,2886,0.5121491004853063
2,2887,0.4801934922379009
2,2888,0.5771051031478518
2,2889,0.38954278007554866
2,2890,0.3848489428315593
2,2891,0.45385926664214465
2,2892,0.6851420623211788
2,2893,0.4995749435450522
2,2894,0.6497455960561054
2,2895,0.460926895378864
2,2896,0.5778564722232326
2,2897,0.6676246607245518
2,2898,0.6349463651745055
2,2899,0.5925665903568933
2,2900,0.4683473881596315
2,2901,0.6452405443174373
2,2902,0.6326528452870566
2,2903,0.7686675514839291
2,2904,0.7827194200113272
2,2905,0.7552897623324498
2,2906,0.35583675369619266
2,2907,0.47536186621107557
2,2908,0.6459470105129315
2,2909,0.48402235653623005
2,2910,0.6167691727327966
2,2911,0.6267925681704362
2,2912,0.6230591090921714
2,2913,0.613339861777326
2,2914,0.44588704491555925
2,2915,0.637391708486026
2,2916,0.5022581843486404
2,2917,0.42144669643031807
2,2918,0.4923910548441183
2,2919,0.46821719197341843
2,2920,0.5655590226042475
2,2921,0.6103109024103426
2,2922,0.4399940786859511
2,2923,0.6455563702609
2,2924,0.48083350069337716
2,2925,0.6003728912553377
2,2926,0.576871730597133
2,2927,0.3509673871117102
2,2928,0.3708092644749593
2,2929,0.5671593652560472
2,2930,0.5686415598443533
2,2931,0.5967084105698222
2,2932,0.6164447193285031
2,2933,0.8188059974114634
2,2934,0.7217886813405874
2,2935,0.7488617119714959
2,2936,0.7386338073593226
2,2937,0.3368014574451192
2,2938,0.7052579434504946
2,2939,0.5510682873534469
2,2940,0.5650966887827631
2,2941,0.5237258912587534
2,2942,0.5369029828932117
2,2943,0.39238741903717084
2,2944,0.34798805323064896
2,2945,0.5814632813827894
2,2946,0.6878194592270063
2,2947,0.38711248773268003
2,2948,0.45900401559163684
2,2949,0.6218758229317134
2,2950,0.4437723204325256
2,2951,0.559500603593747
2,2952,0.5778099870420336
2,2953,0.47379246337304876
2,2954,0.5042321978269843
2,2955,0.4795570492967496
2,2956,0.7364956324573461
2,2957,0.3603846766330539
2,2958,0.41404626892787316
2,2959,0.5191446781456299
2,2960,0.3620081639457329
2,2961,0.6305663397651883
2,2962,0.47485211392122684
2,2963,0.6254795164852329
2,2964,0.7590040722892669
2,2965,0.5676146101635466
2,2966,0.4570209319314633
2,2967,0.3778753840150077
2,2968,0.6620898562134414
2,2969,0.46508799154697833
2,2970,0.5627482358926532
2,2971,0.5344214934053076
2,2972,0.6582078983612702
2,2973,0.6853461008696217
2,2974,0.6959016571693196
2,2975,0.3137930346431643
2,2976,0.5317954704124443
2,2977,0.6537484744083889
2,2978,0.38816365195632124
2,2979,0.7075277352646911
2,2980,0.5316288129663417
2,2981,0.4353801201758983
2,2982,0.40209221945769746
2,2983,0.697134064674466
2,2984,0.6576855354441121
2,2985,0.42088766287142015
2,2986,0.37518291317777414
2,2987,0.5320504011439477
2,2988,0.4442715456740282
2,2989,0.6082542863277091
2,2990,0.5064559125383032
2,2991,0.406489351021532
2,2992,0.39491132447449184
2,2993,0.4777678219924379
2,2994,0.5308353279195496
2,2995,0.6292045573503992
2,2996,0.5607852440390628
2,2997,0.585037069137611
2,2998,0.4519352589118567
2,2999,0.3261400338139763
2,3000,0.5737001361239927
2,3001,0.6158915935945168
2,3002,0.7162937297458926
2,3003,0.6029227335455749
2,3004,0.624989668028993
2,3005,0.5826957346200202
2,3006,0.5976727711070615
2,3007,0.582024823571681
2,3008,0.5021053959543034
2,3009,0.5599580081580828
2,3010,0.5780736391291222
2,3011,0.48282901521898364
2,3012,0.5835543606549104
2,3013,0.5686770702009547
2,3014,0.7663666642348597
2,3015,0.43618853363099663
2,3016,0.7327606844740492
2,3017,0.7274620886438644
2,3018,0.7112673744208636
2,3019,0.4459907760568532
2,3020,0.598472061556548
2,3021,0.6306641947578595
2,3022,0.3201305001776609
2,3023,0.5323975382679247
2,3024,0.7737215384498177
2,3025,0.5608336265473831
2,3026,0.6419528289887905
2,3027,0.5762981444870399
2,3028,0.30156000486619483
2,3029,0.37496419894802185
2,3030,0.6150114103901682
2,3031,0.8593542222918744
2,3032,0.3517383943510416
2,3033,0.5247390067056179
2,3034,0.5954481930394816
2,3035,0.4167249607112677
2,3036,0.6267841209714244
2,3037,0.7533803952704408
2,3038,0.6736734322199501
2,3039,0.4914014349124049
2,3040,0.5486049393122127
2,3041,0.5119617623273399
2,3042,0.48585878878025857
2,3043,0.6865406804814128
2,3044,0.6295422816867748
2,3045,0.6299263623332036
2,3046,0.6578070414522209
2,3047,0.5134373669855277
2,3048,0.6838455115604706
2,3049,0.6699619895196849
2,3050,0.5298286679466597
2,3051,0.4753302510911755
2,3052,0.6080870464518364
2,3053,0.5063468092581849
2,3054,0.5856804274695722
2,3055,0.6271736484156104
2,3056,0.4046253997828857
2,3057,0.49094077132708414
2,3058,0.5821267908779456
2,3059,0.4517508430490676
2,3060,0.6392803392527219
2,3061,0.6348518897843378
2,3062,0.6171975958901008
2,3063,0.5486803554543881
2,3064,0.4742659376025892
2,3065,0.7217277307732501
2,3066,0.3612908744364983
2,3067,0.39701412784888
2,3068,0.5446658985004562
2,3069,0.5472576686384805
2,3070,0.42118573702513407
2,3071,0.5970936045421695
2,3072,0.4964841133040376
2,3073,0.6457915733527354
2,3074,0.6251923331128536
2,3075,0.5257657727607699
2,3076,0.4535217260208614
2,3077,0.48200695349084777
2,3078,0.5029593377618551
2,3079,0.5439463917574484
2,3080,0.7229866802049381
2,3081,0.4532783140527881
2,3082,0.499735270085537
2,3083,0.4038365555078211
2,3084,0.6976777722203827
2,3085,0.7137760953641439
2,3086,0.4599110157818072
2,3087,0.37537540905951783
2,3088,0.5290779642139508
2,3089,0.6250930924051334
2,3090,0.6900941611762371
2,3091,0.4164600983144304
2,3092,0.5332760349165169
2,3093,0.6780258977316649
2,3094,0.37416331521513796
2,3095,0.37264644420051957
2,3096,0.6755249425321942
2,3097,0.4186436250659781
2,3098,0.22114452674374616
2,3099,0.3550100012915675
2,3100,0.5824113064248508
2,3101,0.6600475382668999
2,3102,0.6187702178181683
2,3103,0.483366023756787
2,3104,0.5914908172505418
2,3105,0.5811496149234037
2,3106,0.4398678445339123
2,3107,0.5070410984940377
2,3108,0.5910523988559666
2,3109,0.477876165454846
2,3110,0.5222884422683598
2,3111,0.5462739696695887
2,3112,0.5737379618658471
2,3113,0.4753377210398461
2,3114,0.5954055525148112
2,3115,0.5527068546296471
2,3116,0.6043640445638272
2,3117,0.7535620748432532
2,3118,0.65851182861849
2,3119,0.49698165077569834
2,3120,0.5348186478355823
2,3121,0.4963935961451647
2,3122,0.585280684799632
2,3123,0.4815531982811414
2,3124,0.5528537345215027
2,3125,0.42819609173153633
2,3126,0.6684196350966707
2,3127,0.39933319049570776
2,3128,0.30485280607254
2,3129,0.4879105442601879
2,3130,0.5194434433712884
2,3131,0.5583185593840426
2,3132,0.40182425201994615
2,3133,0.5182512554205094
2,3134,0.634036932769782
2,3135,0.49013825490119295
2,3136,0.49213669049061015
2,3137,0.5963774413982111
2,3138,0.5621863884809288
2,3139,0.6314800502515399
2,3140,0.5031704652936404
2,3141,0.5580406264872564
2,3142,0.4202038334366811
2,3143,0.4465922730808154
2,3144,0.462096318653729
2,3145,0.6188570118782883
2,3146,0.692867548914694
2,3147,0.6128403070068607
2,3148,0.48157546619061786
2,3149,0.5175072134722236
2,3150,0.4577250510156789
2,3151,0.5791704553300009
2,3152,0.6221111718018832
2,3153,0.46891006184059864
2,3154,0.49788648345639047
2,3155,0.5604245711893647
2,3156,0.5604123935948383
2,3157,0.5814358355608079
2,3158,0.5975394636136947
2,3159,0.5409423970821763
2,3160,0.578360307294342
2,3161,0.323997806696955
2,3162,0.3292586764512646
2,3163,0.30749252081871453
2,3164,0.5521898297987488
2,3165,0.4870408906635938
2,3166,0.6176613998518028
2,3167,0.7495471432586602
2,3168,0.723839898417495
2,3169,0.5589948091675315
2,3170,0.567954150999683
2,3171,0.5174190873244042
2,3172,0.44850638877632076
2,3173,0.586037652486569
2,3174,0.5224590783666724
2,3175,0.5125033785461712
2,3176,0.5406062408132133
2,3177,0.4957117495936192
2,3178,0.6722220950731261
2,3179,0.3699334794760111
2,3180,0.30758561833154024
2,3181,0.41200157041212676
2,3182,0.7274649313393814
2,3183,0.7505924287719509
2,3184,0.7102228278979806
2,3185,0.4453831879254328
2,3186,0.41339836500820776
2,3187,0.6365461483617753
2,3188,0.47855846786216155
2,3189,0.7245964291238468
2,3190,0.24946683343859258
2,3191,0.8686299512830439
2,3192,0.869715615880081
2,3193,0.7231649069362956
2,3194,0.6143613318745335
2,3195,0.466588325324925
2,3196,0.49478619886939174
2,3197,0.49478619886939174
2,3198,0.5611208015207542
2,3199,0.8162626664020805
2,3200,0.6024360368208798
2,3201,0.7850263750129288
2,3202,0.8067637601402
2,3203,0.812502460174799
2,3204,0.33617484598234587
2,3205,0.5967132027868446
2,3206,0.4034855065321801
2,3207,0.6598407413526209
2,3208,0.4111946482479859
2,3209,0.7195559742777246
2,3210,0.697780431640803
2,3211,0.48616112764536756
2,3212,0.41791200983415716
2,3213,0.6570414258925548
2,3214,0.4776978796130175
2,3215,0.2889794000881027
2,3216,0.7833125034497385
2,3217,0.7714366275176393
2,3218,0.49803220006941024
2,3219,0.5816516473545067
2,3220,0.5861386517125691
2,3221,0.5551769250824733
2,3222,0.6687449876580047
2,3223,0.43228733764543836
2,3224,0.38563665983268114
2,3225,0.46030005343627234
2,3226,0.5427008945371606
2,3227,0.6267261479905555
2,3228,0.6267261479905555
2,3229,0.483560708472052
2,3230,0.7342025974408322
2,3231,0.5567576936353579
2,3232,0.49159245359312703
2,3233,0.35248520746489187
2,3234,0.5896462796321222
2,3235,0.6914418051820387
2,3236,0.12483489638920967
2,3237,0.3165342156005536
2,3238,0.6274878462817036
2,3239,0.5388913835847264
2,3240,0.5282210839497752
2,3241,0.5970872410645663
2,3242,0.6095835060483289
2,3243,0.29276377630216766
2,3244,0.34946340609673965
2,3245,0.7985110274029192
2,3246,0.3409279452868274
2,3247,0.45067566665124376
2,3248,0.4481069002556975
2,3249,0.6064133262706979
2,3250,0.40495877364954086
2,3251,0.43094328640660434
2,3252,0.6951358343776264
2,3253,0.5547883556454052
2,3254,0.5206161841563439
2,3255,0.5084492993134603
2,3256,0.636916514298588
2,3257,0.8433275792681407
2,3258,0.8596867777333741
2,3259,0.6889893377862493
2,3260,0.5226179060818875
2,3261,0.4540080433394023
2,3262,0.43155965050440037
2,3263,0.6480253734892537
2,3264,0.7297648004856457
2,3265,0.26390428051826703
2,3266,0.3430364512608623
2,3267,0.41362751256350483
2,3268,0.5181890170779239
2,3269,0.5685856398789721
2,3270,0.6700821097379777
2,3271,0.8433142667098642
2,3272,0.5352739393312275
2,3273,0.47087884109330025
2,3274,0.4198189934368753
2,3275,0.418556737009387
2,3276,0.3524119271015968
2,3277,0.6165454271415846
2,3278,0.478853465112526
2,3279,0.588030466599133
2,3280,0.6397393124480765
2,3281,0.6085874132236869
2,3282,0.6652900990593709
2,3283,0.27013983094239497
2,3284,0.5024670282567518
2,3285,0.5553284414455715
2,3286,0.5523798225501665
2,3287,0.5525649002260715
2,3288,0.24863280588063136
2,3289,0.2862356556370128
2,3290,0.4128887365755832
2,3291,0.6678244798028563
2,3292,0.366010666331094
2,3293,0.5390765895101586
2,3294,0.5513679741006161
2,3295,0.6269933438885628
2,3296,0.5050972374170901
2,3297,0.6369637500718217
2,3298,0.5221163780613526
2,3299,0.6277964631296583
2,3300,0.547613841119647
2,3301,0.5380523511549617
2,3302,0.446545934548303
2,3303,0.6510459181616478
2,3304,0.5864584012414663
2,3305,0.7543855616619237
2,3306,0.6874816562148872
2,3307,0.39311325143234976
2,3308,0.5711317450402548
2,3309,0.531794328535255
2,3310,0.5592133380919595
2,3311,0.5437043901571913
2,3312,0.33710370765109987
2,3313,0.7398881201098637
2,3314,0.7420019596253623
2,3315,0.6256449883394282
2,3316,0.4586451503068975
2,3317,0.5323578661205599
2,3318,0.5600068054777928
2,3319,0.5630076957682668
2,3320,0.5779196491337588
2,3321,0.5348217513961978
2,3322,0.5964713760164801
2,3323,0.4084997203931609
2,3324,0.5511284843696819
2,3325,0.7678704185517113
2,3326,0.34141750216613637
2,3327,0.5970348125968556
2,3328,0.5160273070849504
2,3329,0.5680767808376783
2,3330,0.3489335755647632
2,3331,0.6167493023091573
2,3332,0.7697959890215386
2,3333,0.40334134818962586
2,3334,0.46762694401830435
2,3335,0.5610155381753922
2,3336,0.3185887985325031
2,3337,0.36241460302987066
2,3338,0.39918859160124603
2,3339,0.5093886989859467
2,3340,0.6045714435496832
2,3341,0.5426321200373172
2,3342,0.644230187611668
2,3343,0.5747607272326786
2,3344,0.5622976613058825
2,3345,0.5230327016650655
2,3346,0.5878817647814406
2,3347,0.4826724239909225
2,3348,0.3538647413702047
2,3349,0.6523428489748927
2,3350,0.4493135106661925
2,3351,0.6200399421987034
2,3352,0.5985611009644881
2,3353,0.551257628581251
2,3354,0.6733106335460247
2,3355,0.4885021536666347
2,3356,0.41165121762244805
2,3357,0.7099236406526354
2,3358,0.8030989546546421
2,3359,0.3251098726309605
2,3360,0.3251098726309605
2,3361,0.3991680299896631
2,3362,0.5479935126272025
2,3363,0.34470094008000945
2,3364,0.32755992287355745
2,3365,0.33967977252356096
2,3366,0.6780797074342942
2,3367,0.7655533075810451
2,3368,0.5860261215807234
2,3369,0.5400009495393033
2,3370,0.5327662444931375
2,3371,0.3489011649595999
2,3372,0.5463601166393525
2,3373,0.5622670909636408
2,3374,0.46884988309547576
2,3375,0.5594787626233736
2,3376,0.5087236333441504
2,3377,0.6545091589587645
2,3378,0.45570643783677117
2,3379,0.635696448074223
2,3380,0.5640478989079637
2,3381,0.4103069180695809
2,3382,0.4232059011730362
2,3383,0.6769256223316235
2,3384,0.5184399626430313
2,3385,0.7925881667460697
2,3386,0.7761582792915067
2,3387,0.5389064548818824
2,3388,0.7068323773373237
2,3389,0.7068579441858293
2,3390,0.5391586254254753
2,3391,0.5969608457391897
2,3392,0.6627467897024298
2,3393,0.45292319842529066
2,3394,0.6433990643046273
2,3395,0.40471332983724395
2,3396,0.5583727400753593
2,3397,0.4700785066461038
2,3398,0.48024692090514115
2,3399,0.3973095657940558
2,3400,0.42071927104494183
2,3401,0.6149402733669723
2,3402,0.6319162837036882
2,3403,0.7307596304245453
2,3404,0.44698066168692363
2,3405,0.5148282299170116
2,3406,0.6217063073284874
2,3407,0.46024866789078894
2,3408,0.5272117902182113
2,3409,0.44719784769913395
2,3410,0.5244454271613926
2,3411,0.7044486801382572
2,3412,0.44863732180150495
2,3413,0.5482498531803787
2,3414,0.5328424528667003
2,3415,0.6105613580191868
2,3416,0.33730657032978245
2,3417,0.6338066741563457
2,3418,0.38245944421558986
2,3419,0.38877219813737196
2,3420,0.6616698558623926
2,3421,0.4329790319170346
2,3422,0.5546851862045131
2,3423,0.5769591646381267
2,3424,0.4567565402464892
2,3425,0.49237707992491786
2,3426,0.6012058249653792
2,3427,0.5934988888347829
2,3428,0.7029031710254857
2,3429,0.4786788194871118
2,3430,0.3689556975771466
2,3431,0.39231444755689887
2,3432,0.4416400589796124
2,3433,0.4845385003588867
2,3434,0.3089688383766152
2,3435,0.6273846927176883
2,3436,0.3856436562648366
2,3437,0.7583353429585508
2,3438,0.6616307602636927
2,3439,0.4944924097035618
2,3440,0.5059649584741452
2,3441,0.45977367238286576
2,3442,0.5590294861705769
2,3443,0.3946838743272173
2,3444,0.2887886990440994
2,3445,0.7293139287772787
2,3446,0.7151476872921911
2,3447,0.5032959239515937
2,3448,0.5172182489387245
2,3449,0.5431888681028182
2,3450,0.5893075816939685
2,3451,0.5316733731942452
2,3452,0.3813591304472903
2,3453,0.47241981589814924
2,3454,0.6357138602021394
2,3455,0.4612279977843107
2,3456,0.5859261251067232
2,3457,0.23187863144936138
2,3458,0.8301587110866245
2,3459,0.5182690192498179
2,3460,0.5569631325617177
2,3461,0.5525855967156813
2,3462,0.6855632543435993
2,3463,0.3895086727522722
2,3464,0.5663628568244689
2,3465,0.5675411033266112
2,3466,0.6741246355448871
2,3467,0.5104470937143354
2,3468,0.4507730087810246
2,3469,0.5503813378153184
2,3470,0.47905716794070585
2,3471,0.4817222086150538
2,3472,0.5325942850325156
2,3473,0.48650759390978116
2,3474,0.6384456936598633
2,3475,0.40603157701608755
2,3476,0.5489935227606934
2,3477,0.6788116679303265
2,3478,0.6392915072993594
2,3479,0.43140782107479575
2,3480,0.3860237589511669
2,3481,0.5509380075225799
2,3482,0.37902995816716073
2,3483,0.6554765551934226
2,3484,0.35108748251866406
2,3485,0.35627336107135427
2,3486,0.35664031212693026
2,3487,0.35338229557977363
2,3488,0.5408778776860261
2,3489,0.4971426309677451
2,3490,0.44692380478320093
2,3491,0.6468736596395258
2,3492,0.5085287524414155
2,3493,0.4695308647145706
2,3494,0.5899473693354117
2,3495,0.4814789941756997
2,3496,0.6297180975306348
2,3497,0.37832144795254574
2,3498,0.4862726143248452
2,3499,0.5103843020263341
2,3500,0.5946235651994033
2,3501,0.5549725544420543
2,3502,0.6700239653000952
2,3503,0.4626249870400756
2,3504,0.6209041979160844
2,3505,0.4268592252108035
2,3506,0.41438674468232173
2,3507,0.39566738040833327
2,3508,0.38430794286739073
2,3509,0.5683561172461443
2,3510,0.550569819887443
2,3511,0.5867138972201075
2,3512,0.38526458804085517
2,3513,0.7194983047428609
2,3514,0.3709592534080178
2,3515,0.6515269905736413
2,3516,0.6996292736885202
2,3517,0.412589792637758
2,3518,0.5713635722401471
2,3519,0.45779786130499256
2,3520,0.6338308963544848
2,3521,0.7747408878544969
2,3522,0.33065594644306284
2,3523,0.36568640393372925
2,3524,0.7192176833546933
2,3525,0.34401064362557393
2,3526,0.44892292655792465
2,3527,0.6100587787619303
2,3528,0.5537098619455622
2,3529,0.8067446907863856
2,3530,0.8387290077800016
2,3531,0.576226705755405
2,3532,0.3332294081894365
2,3533,0.35319778205069213
2,3534,0.5590159064895539
2,3535,0.48368637745150467
2,3536,0.6473473778501194
2,3537,0.5931648796250546
2,3538,0.7196512470566869
2,3539,0.5056372277080703
2,3540,0.4357915590530322
2,3541,0.6125756301291512
2,3542,0.46992461326822865
2,3543,0.5166764573448139
2,3544,0.44528523887212607
2,3545,0.39499328189261507
2,3546,0.6475492133557763
2,3547,0.49829436524257664
2,3548,0.49402537360797977
2,3549,0.5375446157077882
2,3550,0.5181906614554171
2,3551,0.6223904168096249
2,3552,0.5503300452185027
2,3553,0.43416447230553185
2,3554,0.44948787024918413
2,3555,0.3936942795085485
2,3556,0.4481204301791368
2,3557,0.4816368782653934
2,3558,0.5491591108671453
2,3559,0.5670572849778394
2,3560,0.4636008164529225
2,3561,0.43849300595820323
2,3562,0.6274234936033366
2,3563,0.767683295479261
2,3564,0.6156819930249428
2,3565,0.4416324510919484
2,3566,0.40959947635497174
2,3567,0.8095723674900478
2,3568,0.6593176472930063
2,3569,0.451514281519833
2,3570,0.38788265332872834
2,3571,0.6871108807489024
2,3572,0.7987045887702746
2,3573,0.6801909544065534
2,3574,0.4241549696850199
2,3575,0.31261209592539785
2,3576,0.3142559890545509
2,3577,0.5609168413756382
2,3578,0.7146017163681502
2,3579,0.4059562861348346
2,3580,0.6739430760191104
2,3581,0.6317390869419113
2,3582,0.48258771605292555
2,3583,0.502172925428409
2,3584,0.4472406687074545
2,3585,0.42407254720322385
2,3586,0.49524057319569575
2,3587,0.5388194597205168
2,3588,0.48768050105159727
2,3589,0.4777565861136831
2,3590,0.527963035538156
2,3591,0.5017778006546348
2,3592,0.5804931931920425
2,3593,0.3539255412633661
2,3594,0.5262928048371499
2,3595,0.49378754450162216
2,3596,0.45500433700793014
2,3597,0.5362956122577813
2,3598,0.5103619053322013
2,3599,0.41536804016920276
2,3600,0.41849273365790224
2,3601,0.6000709208621939
2,3602,0.7292071110798137
2,3603,0.5302665468509674
2,3604,0.5943220486706189
2,3605,0.47805542743629637
2,3606,0.5001216687437879
2,3607,0.8189722830052193
2,3608,0.5755512444551926
2,3609,0.4742890162705164
2,3610,0.6038794614737146
2,3611,0.448407774044433
2,3612,0.6382738706439274
2,3613,0.6265651652083839
2,3614,0.4925327180956793
2,3615,0.4999416363879646
2,3616,0.5092102142907674
2,3617,0.4893947568444936
2,3618,0.5631131174370673
2,3619,0.5712728846818302
2,3620,0.6379671557848915
2,3621,0.578127064587838
2,3622,0.5657092303168473
2,3623,0.5062990893645022
2,3624,0.5917965926426273
2,3625,0.575219826269208
2,3626,0.6272026959441205
2,3627,0.5620814680946746
2,3628,0.5341655417379488
2,3629,0.37397888649833927
2,3630,0.37763937450889384
2,3631,0.33157490268271467
2,3632,0.5319226292554555
2,3633,0.6739417311511114
2,3634,0.5971755231831599
2,3635,0.637426360917973
2,3636,0.6275342589054341
2,3637,0.5240043624307725
2,3638,0.7149033398185424
2,3639,0.5222966660037903
2,3640,0.5479071722310799
2,3641,0.8026290109413518
2,3642,0.3230559646952864
2,3643,0.46137694047519273
2,3644,0.5328640682066742
2,3645,0.43566112690756625
2,3646,0.38806232628671045
2,3647,0.6813853678123182
2,3648,0.6539978944946396
2,3649,0.5155048630255213
2,3650,0.4099667213570882
2,3651,0.33385992078578186
2,3652,0.7009140351857125
2,3653,0.6596336289141961
2,3654,0.5598950224950611
2,3655,0.5424339543956174
2,3656,0.46766144510713437
2,3657,0.6011675924335796
2,3658,0.6226604783658639
2,3659,0.44783871630964717
2,3660,0.5816709955847557
2,3661,0.5845363659220603
2,3662,0.6295824572712274
2,3663,0.7405587443589059
2,3664,0.6857394956305423
2,3665,0.5547883500389567
2,3666,0.5297775073642202
2,3667,0.4276039732833632
2,3668,0.44616596596173713
2,3669,0.49565343440980597
2,3670,0.4606054990209426
2,3671,0.6502361713627085
2,3672,0.5455027229338735
2,3673,0.4068774022900666
2,3674,0.662641930977478
2,3675,0.625368179154357
2,3676,0.5423429269681939
2,3677,0.5598700909290281
2,3678,0.5297559479698062
2,3679,0.5120575861852971
2,3680,0.39356605751701135
2,3681,0.6769133657579738
2,3682,0.5107822935098422
2,3683,0.5794256064321219
2,3684,0.6143409848810419
2,3685,0.7411174772859561
2,3686,0.3217975911219856
2,3687,0.8055339191631196
2,3688,0.26429550152685244
2,3689,0.7122424985758141
2,3690,0.6504117800383046
2,3691,0.5195460695513439
2,3692,0.5039635348503024
2,3693,0.46621785187348913
2,3694,0.44575493282716155
2,3695,0.5035409643214432
2,3696,0.5181437166025279
2,3697,0.5203784064193014
2,3698,0.6854837219681512
2,3699,0.51131649613748
2,3700,0.5750993368008368
2,3701,0.5938732229983947
2,3702,0.39978946106332935
2,3703,0.6879995720432721
2,3704,0.721734202421838
2,3705,0.5251252546023693
2,3706,0.6115193221648065
2,3707,0.6238393483253329
2,3708,0.433464632225226
2,3709,0.39121262162368237
2,3710,0.5771218795112344
2,3711,0.5394886010663421
2,3712,0.5296770412229883
2,3713,0.5333405742091558
2,3714,0.6397360755491033
2,3715,0.41778449020617947
2,3716,0.6073129350499108
2,3717,0.46467200034559974
2,3718,0.5785550441953318
2,3719,0.38780073861295017
2,3720,0.4657058070551742
2,3721,0.3391774330219436
2,3722,0.7040317100406126
2,3723,0.6999051375214395
2,3724,0.5110812958209753
2,3725,0.5397022966565375
2,3726,0.5110769542320333
2,3727,0.6687401388713239
2,3728,0.4892080277082694
2,3729,0.6053425163777414
2,3730,0.6271490843569091
2,3731,0.49905816277511295
2,3732,0.44947676900274675
2,3733,0.5416434650980757
2,3734,0.6247954759732074
2,3735,0.6216437072760961
2,3736,0.46522488400622863
2,3737,0.6197855595140312
2,3738,0.5500284396910536
2,3739,0.4958570018274505
2,3740,0.5612997720595609
2,3741,0.4700988527805136
2,3742,0.6710487285137163
2,3743,0.31420796637947146
2,3744,0.70338351300813
2,3745,0.42905874224302565
2,3746,0.4337154859608686
2,3747,0.43221433491944605
2,3748,0.592746000147912
2,3749,0.4078175979411953
2,3750,0.3897186818093885
2,3751,0.7381499041956099
2,3752,0.702987161079649
2,3753,0.6039649136588724
2,3754,0.4464707449251306
2,3755,0.44162089776669244
2,3756,0.5768373460516848
2,3757,0.6253230571145348
2,3758,0.5275572782348533
2,3759,0.24821017866528944
2,3760,0.4435893647446826
2,3761,0.7423906425645255
2,3762,0.6836707888519472
2,3763,0.40715011759416553
2,3764,0.5423481231619103
2,3765,0.4930472332043571
2,3766,0.5817767958286709
2,3767,0.4673950986401686
2,3768,0.5229707077435818
2,3769,0.4183726291964048
2,3770,0.5296528947000576
2,3771,0.5366938323529427
2,3772,0.5223374653912007
2,3773,0.5005676818592091
2,3774,0.6937577418418684
2,3775,0.6536677058551871
2,3776,0.46087221720926963
2,3777,0.568648339799707
2,3778,0.6834715483924444
2,3779,0.3841349061365187
2,3780,0.6884120632128157
2,3781,0.3815307970319152
2,3782,0.7931941664712575
2,3783,0.2873404941172434
2,3784,0.33636903888104025
2,3785,0.6789433008317853
2,3786,0.6522194782022801
2,3787,0.6109057353618698
2,3788,0.6210962922376875
2,3789,0.32805555953915033
2,3790,0.7688282215455196
2,3791,0.7651307305002671
2,3792,0.36950085856382703
2,3793,0.6132192167441107
2,3794,0.46069022057301334
2,3795,0.3368509378318504
2,3796,0.4457872356695018
2,3797,0.38458169990930274
2,3798,0.6383469436067664
2,3799,0.5723190473466058
2,3800,0.7494213289968871
2,3801,0.5932308240531683
2,3802,0.5776766387430825
2,3803,0.34000926244497276
2,3804,0.6049804048043164
2,3805,0.6196984601152862
2,3806,0.5670051012928518
2,3807,0.5554088011024275
2,3808,0.36538016644448873
2,3809,0.374270417534444
2,3810,0.521514749197839
2,3811,0.38795366205627463
2,3812,0.3216247323772133
2,3813,0.672920389728524
2,3814,0.38570453971558744
2,3815,0.6068291456544546
2,3816,0.6744356358586064
2,3817,0.7008771708421727
2,3818,0.7608792560589934
2,3819,0.3383461885945829
2,3820,0.7587329257600055
2,3821,0.6880134997129989
2,3822,0.5646766997292075
2,3823,0.4367345291728393
2,3824,0.8052782337992458
2,3825,0.21322196165832588
2,3826,0.40488236835217495
2,3827,0.7465338027811709
2,3828,0.6491721931597744
2,3829,0.49223483935536466
2,3830,0.6306382397351595
2,3831,0.5579602241192078
2,3832,0.7740019394602174
2,3833,0.22052356938249615
2,3834,0.6649947914701871
2,3835,0.5316520308374535
2,3836,0.4203383203680418
2,3837,0.4730915845585724
2,3838,0.6151254317550192
2,3839,0.5510143374501565
2,3840,0.4053411513838299
2,3841,0.48267660151086667
2,3842,0.6641766701522445
2,3843,0.33323825545505364
2,3844,0.49182880258767886
2,3845,0.555168741778454
2,3846,0.5296824659506795
2,3847,0.45006318614643903
2,3848,0.45301942760008346
2,3849,0.3460436115720679
2,3850,0.6044837104603721
2,3851,0.6751946763710137
2,3852,0.40678586611908757
2,3853,0.27971679323992715
2,3854,0.4161645029925847
2,3855,0.5512605841944087
2,3856,0.608191088483812
2,3857,0.5738538236858418
2,3858,0.562031878076244
2,3859,0.6439961443180379
2,3860,0.5101575096157245
2,3861,0.5247798891603173
2,3862,0.620159293797155
2,3863,0.6089236241533585
2,3864,0.5899780638812067
2,3865,0.4498678443572748
2,3866,0.5723499960153371
2,3867,0.5588206288243459
2,3868,0.4647785547040687
2,3869,0.5168590152380369
2,3870,0.5140782005659118
2,3871,0.3946081114154345
2,3872,0.46891003974036916
2,3873,0.3934687742636739
2,3874,0.5628729016953062
2,3875,0.5166735222800805
2,3876,0.526996980033122
2,3877,0.5640349776603678
2,3878,0.47508853813396174
2,3879,0.56476244016523
2,3880,0.636002426423314
2,3881,0.43331954132270334
2,3882,0.581857291588858
2,3883,0.4849008956180684
2,3884,0.7662621333242483
2,3885,0.6700767442365039
2,3886,0.6010368230743592
2,3887,0.5955447874611459
2,3888,0.683392218027771
2,3889,0.3873360771083068
2,3890,0.6144822633515994
2,3891,0.4728190437812622
2,3892,0.5530000676849988
2,3893,0.6558366544982064
2,3894,0.47753998919748347
2,3895,0.28517172694039583
2,3896,0.46547440717685096
2,3897,0.5053821188438983
2,3898,0.500380560916745
2,3899,0.5480326240877972
2,3900,0.5429438722057718
2,3901,0.4749255196885767
2,3902,0.3641920033479713
2,3903,0.6197110077426371
2,3904,0.40872946989944764
2,3905,0.723656896117503
2,3906,0.653768137863543
2,3907,0.5711763568215448
2,3908,0.5498193849227725
2,3909,0.4062417094479463
2,3910,0.3997690150517682
2,3911,0.5132876338007695
2,3912,0.47361010810245463
2,3913,0.6793875482016947
2,3914,0.362152302555061
2,3915,0.23815334401816188
2,3916,0.7938272129275175
2,3917,0.22443046162216965
2,3918,0.22476618689248096
2,3919,0.2131807339312139
2,3920,0.19312714791398164
2,3921,0.33688217037680573
2,3922,0.3008604288271576
2,3923,0.7684464968188657
2,3924,0.6640863105389959
2,3925,0.4214189106423541
2,3926,0.3755742189223954
2,3927,0.7855528183335584
2,3928,0.28587410740701014
2,3929,0.4229909631517004
2,3930,0.5422678580838037
2,3931,0.6193171561252597
2,3932,0.6625169256137708
2,3933,0.5139230698801922
2,3934,0.3016581291203538
2,3935,0.39536458154437804
2,3936,0.6546499194382125
2,3937,0.7956611515929358
2,3938,0.6704704614538992
2,3939,0.41513153100692135
2,3940,0.5707669602175267
2,3941,0.7507632078923575
2,3942,0.5187892047583815
2,3943,0.3913168298853458
2,3944,0.38979765283355855
2,3945,0.31359503358813373
2,3946,0.4585015755538052
2,3947,0.40185589642986125
2,3948,0.4910421498617032
2,3949,0.6995143349290361
2,3950,0.6889099159062926
2,3951,0.5058647373173408
2,3952,0.4738323423369353
2,3953,0.6329253837098048
2,3954,0.605843923739799
2,3955,0.43708983878027124
2,3956,0.6306191536578457
2,3957,0.42002825358414186
2,3958,0.6130028536875011
2,3959,0.44691439222770785
2,3960,0.6161768500317791
2,3961,0.46279814560433685
2,3962,0.46279814560433685
2,3963,0.4643196803522511
2,3964,0.41036004425615386
2,3965,0.5073466668130521
2,3966,0.5661187733223154
2,3967,0.5723520485245465
2,3968,0.6626240757775763
2,3969,0.34274713295156
2,3970,0.35434536452139503
2,3971,0.47971822494913463
2,3972,0.7507963700957718
2,3973,0.7157956148075185
2,3974,0.7182138964837677
2,3975,0.4363873770913989
2,3976,0.42338193356549547
2,3977,0.6204765659852464
2,3978,0.7681662732664428
2,3979,0.38681683743319345
2,3980,0.3924142894407777
2,3981,0.5000795098134629
2,3982,0.38036029882980016
2,3983,0.4818931363842411
2,3984,0.49007291960245036
2,3985,0.3460508386579264
2,3986,0.5796984751166635
2,3987,0.5814961658998601
2,3988,0.6825574974008264
2,3989,0.20903418090644216
2,3990,0.841759317616314
2,3991,0.6220397765599188
2,3992,0.6120340194134437
2,3993,0.4930576935788363
2,3994,0.5592018690308428
2,3995,0.645448219265358
2,3996,0.4675406550466946
2,3997,0.684943964751572
2,3998,0.5076233868795763
2,3999,0.4690060522828272
3,0,0.8085369350792733
3,1,0.6328945038047705
3,2,0.7324628471109572
3,3,0.7158059416858853
3,4,0.654267049599664
3,5,0.7195448050231981
3,6,0.5995916336401931
3,7,0.7042990911674271
3,8,0.6522668050264573
3,9,0.7569836763424344
3,10,0.4272253913728057
3,11,0.5488927961270714
3,12,0.8301017603917975
3,13,0.4704600365989903
3,14,0.4725602462077201
3,15,0.7459771149145278
3,16,0.7529186514747048
3,17,0.6801977126838595
3,18,0.8294201792328708
3,19,0.8842869249300308
3,20,0.60739407197448
3,21,0.8460579088924072
3,22,0.7024204799199609
3,23,0.679196583493362
3,24,0.7512375197396388
3,25,0.6516547557504733
3,26,0.4788332340456285
3,27,0.784226300221517
3,28,0.6472906971524149
3,29,0.709216098279372
3,30,0.5865830531702981
3,31,0.8648199279330395
3,32,0.7023707236985705
3,33,0.5837504937520402
3,34,0.47555434137907954
3,35,0.41476080228671963
3,36,0.773460996910234
3,37,0.4488446760240888
3,38,0.5175724057822951
3,39,0.7242279537358526
3,40,0.5969899270732081
3,41,0.6269579306485705
3,42,0.55629991694419
3,43,0.5880991713020205
3,44,0.46206300185368115
3,45,0.7086832605508547
3,46,0.7125728776043656
3,47,0.6395178175630372
3,48,0.6318212465390574
3,49,0.3844352502740505
3,50,0.6177031607178232
3,51,0.7001217102483182
3,52,0.517892516493754
3,53,0.6623016994494102
3,54,0.7904711154645799
3,55,0.8118583685462615
3,56,0.7779623256242632
3,57,0.426464925956935
3,58,0.4083507608438943
3,59,0.46091929135817356
3,60,0.5842904371410469
3,61,0.7691160159961663
3,62,0.7691160159961663
3,63,0.5672985858789777
3,64,0.49970607928952093
3,65,0.5913830203628802
3,66,0.713515300911848
3,67,0.6422292682200466
3,68,0.4096561774528983
3,69,0.43090711515215835
3,70,0.23619506583645367
3,71,0.4198494946743096
3,72,0.6638288669609551
3,73,0.5289700329435388
3,74,0.6508360384074253
3,75,0.7328539476448506
3,76,0.6889059534364046
3,77,0.6257968523999035
3,78,0.5640738057619618
3,79,0.6963807036388524
3,80,0.5776005558698311
3,81,0.6189774229215543
3,82,0.6588612753907317
3,83,0.5846381103284893
3,84,0.609575766375011
3,85,0.6515571778615175
3,86,0.715090613484626
3,87,0.81433167248221
3,88,0.7867724751676268
3,89,0.4849766442088654
3,90,0.7464315215824128
3,91,0.7151284799676288
3,92,0.7312416367823922
3,93,0.5438316384821895
3,94,0.6234339493835326
3,95,0.6999189106512675
3,96,0.4728559938246966
3,97,0.6919825715629779
3,98,0.5595494196792492
3,99,0.6703650712613491
3,100,0.440543600476683
3,101,0.677751635333801
3,102,0.6438062966649658
3,103,0.6425242912858933
3,104,0.7509374551837588
3,105,0.4989226530028047
3,106,0.7826510409106904
3,107,0.7889526668167254
3,108,0.4586388775818503
3,109,0.6839685741100596
3,110,0.7313395016146905
3,111,0.7975497548473773
3,112,0.8018058207658735
3,113,0.8804146533006667
3,114,0.40331029151170233
3,115,0.8216255036913178
3,116,0.8207241221751274
3,117,0.8735443721657069
3,118,0.8912788565758508
3,119,0.5807488354456285
3,120,0.8038918825459317
3,121,0.5779990534292874
3,122,0.6786452111859617
3,123,0.53920720186232
3,124,0.8041003142313352
3,125,0.5319117198640217
3,126,0.5319117198640217
3,127,0.7617289276883604
3,128,0.6739715352063165
3,129,0.6734218396021358
3,130,0.7654051471716313
3,131,0.6449234649974434
3,132,0.7132154680361898
3,133,0.6628565343189575
3,134,0.5089142628755686
3,135,0.7203938739083979
3,136,0.773868570686123
3,137,0.6589708062562648
3,138,0.7442203660385333
3,139,0.6719391234289274
3,140,0.7116287649203465
3,141,0.6733206482616729
3,142,0.6717730210412327
3,143,0.631192218123849
3,144,0.6334080611576439
3,145,0.7615718109463568
3,146,0.7551307228537578
3,147,0.5368718216161237
3,148,0.5448873244023891
3,149,0.7721671544769363
3,150,0.4862575775019423
3,151,0.7109957516278562
3,152,0.6969515540474984
3,153,0.6944114080028548
3,154,0.7693715762994301
3,155,0.7728667841562582
3,156,0.5588401611349704
3,157,0.6170140510033595
3,158,0.7562838021282113
3,159,0.614956896646952
3,160,0.670261654375386
3,161,0.6304917253218836
3,162,0.7142856667056513
3,163,0.7140490632218058
3,164,0.6805916594956463
3,165,0.5910831020479517
3,166,0.7658445167227951
3,167,0.6095204016481418
3,168,0.6976406822382664
3,169,0.7407002843883828
3,170,0.7103627614071745
3,171,0.6147181265780542
3,172,0.6961180990905202
3,173,0.7689999044941992
3,174,0.6148988723303307
3,175,0.7516798020918721
3,176,0.5039669966088833
3,177,0.4357579820325942
3,178,0.45119973838652655
3,179,0.5620688932838475
3,180,0.8751774625737475
3,181,0.7526298254770649
3,182,0.48981071712376545
3,183,0.7212909119214952
3,184,0.683696339775459
3,185,0.6922852843428854
3,186,0.6996355723531791
3,187,0.7362076836323573
3,188,0.7500503918001016
3,189,0.7259879915254926
3,190,0.6562129452581679
3,191,0.6562087089519322
3,192,0.5911511071832376
3,193,0.6676730648026948
3,194,0.6766828714390449
3,195,0.7056444095696833
3,196,0.599909752931985
3,197,0.5469669793575856
3,198,0.6913401333653814
3,199,0.4996158363019878
3,200,0.6327962966428622
3,201,0.7122112532577461
3,202,0.6850296681133867
3,203,0.5271463747892338
3,204,0.3356689246663118
3,205,0.6307533479869049
3,206,0.4729191775295266
3,207,0.567140455239158
3,208,0.8018461144446095
3,209,0.765138924768756
3,210,0.6341874219777784
3,211,0.7120649606142884
3,212,0.6187015121109188
3,213,0.414491995267438
3,214,0.7977096746222153
3,215,0.5922938300047288
3,216,0.6464343137332529
3,217,0.5455467515325213
3,218,0.7790594010532486
3,219,0.46219212312801194
3,220,0.824501758828486
3,221,0.4762549941892082
3,222,0.7841174569317253
3,223,0.48658352642713176
3,224,0.7149059361901685
3,225,0.5309450291570228
3,226,0.783317632750217
3,227,0.6309609425777345
3,228,0.6619254972098971
3,229,0.6262414728319566
3,230,0.8102120721610204
3,231,0.5913078808418677
3,232,0.7334675912408096
3,233,0.5467578868013875
3,234,0.6658562246798021
3,235,0.7451046910993823
3,236,0.7306930577616879
3,237,0.6926440129683344
3,238,0.7012091287522766
3,239,0.671502831176952
3,240,0.6294626666090329
3,241,0.4877779738167804
3,242,0.6328520574416198
3,243,0.7927790594399806
3,244,0.7900778715803706
3,245,0.65643783532587
3,246,0.7153560669561136
3,247,0.4449645337884174
3,248,0.7655543327851614
3,249,0.6794873641100962
3,250,0.6533428849075611
3,251,0.5808014251921453
3,252,0.7443882050787408
3,253,0.35622776878712553
3,254,0.3279808129252853
3,255,0.4049071447317563
3,256,0.7657190729070582
3,257,0.504510446146663
3,258,0.7843232255024708
3,259,0.6717784063365595
3,260,0.5611250735715202
3,261,0.713273817801065
3,262,0.731696087851045
3,263,0.485503798639794
3,264,0.6963691943631364
3,265,0.47954952660492534
3,266,0.41918255618658185
3,267,0.5537042625039578
3,268,0.82694757189976
3,269,0.5504200021329564
3,270,0.7032027896157443
3,271,0.48368176523426243
3,272,0.5530616245315814
3,273,0.7225135969416947
3,274,0.6292773609056498
3,275,0.7624996889572397
3,276,0.6293412603087783
3,277,0.8332318312484533
3,278,0.4053718703419111
3,279,0.43681592650472323
3,280,0.7543803294750013
3,281,0.8274806626872173
3,282,0.6085879348513766
3,283,0.532579532126062
3,284,0.5224275751189095
3,285,0.6519346487876796
3,286,0.5705850993151738
3,287,0.7019592839268343
3,288,0.7936237592805166
3,289,0.6546530918071252
3,290,0.6407977564317667
3,291,0.5432875978784781
3,292,0.7244473932199418
3,293,0.6059707167583868
3,294,0.49768593400042005
3,295,0.44407684179189943
3,296,0.5811595341994514
3,297,0.6443363963312668
3,298,0.5937361548400484
3,299,0.6590463368962027
3,300,0.6533929392871054
3,301,0.5424754164234926
3,302,0.6996557421248419
3,303,0.7260470876667632
3,304,0.7020437126491967
3,305,0.5799742600486045
3,306,0.677209109344699
3,307,0.5424217878399449
3,308,0.658442098997534
3,309,0.6890083034139313
3,310,0.6493650799978841
3,311,0.6671065877925078
3,312,0.7232254437422645
3,313,0.5354971169460199
3,314,0.5580460241610439
3,315,0.5408219076747556
3,316,0.5655740283531645
3,317,0.5809236128051838
3,318,0.8470266905858279
3,319,0.8095990156461408
3,320,0.753409447567736
3,321,0.7236438463634096
3,322,0.6313513620238763
3,323,0.6400331855431008
3,324,0.591796850921819
3,325,0.7375302142321349
3,326,0.5283952239915604
3,327,0.8281469665957605
3,328,0.40431620420589603
3,329,0.9074231160691623
3,330,0.36683366613660545
3,331,0.3872154214598334
3,332,0.4506695089969438
3,333,0.4685587987924809
3,334,0.720109377565871
3,335,0.5426849308430556
3,336,0.6097832280203468
3,337,0.43604982501045647
3,338,0.7452866789155628
3,339,0.7877105214150261
3,340,0.7542158352153581
3,341,0.7544853736370709
3,342,0.630589951272958
3,343,0.8076354530341765
3,344,0.7939018679177607
3,345,0.7934152335876
3,346,0.3558447157567929
3,347,0.2925149485348477
3,348,0.8396277930707337
3,349,0.7727727232456276
3,350,0.7481531829990746
3,351,0.5635678324249963
3,352,0.7908679675270324
3,353,0.6411869581200381
3,354,0.7593542764276544
3,355,0.6213695674341051
3,356,0.7138302957292944
3,357,0.6728983547187077
3,358,0.550326007536003
3,359,0.45287244034557617
3,360,0.7809664864540702
3,361,0.5975967019227096
3,362,0.6913063012612537
3,363,0.6577895410695025
3,364,0.8324263323722267
3,365,0.8137833088058003
3,366,0.3895458202847375
3,367,0.34402788102350357
3,368,0.5099309469049831
3,369,0.745651716663609
3,370,0.6833520694386871
3,371,0.6380828926225052
3,372,0.64693023053604
3,373,0.7211209393703505
3,374,0.6366245741735979
3,375,0.7264104357089014
3,376,0.6262172072169883
3,377,0.6513409509969171
3,378,0.7255313821413492
3,379,0.6544986389322663
3,380,0.7308259913824271
3,381,0.400171881218943
3,382,0.765555880102527
3,383,0.8148616545418815
3,384,0.7588786101758862
3,385,0.6846710488617674
3,386,0.5788263269293394
3,387,0.5278245393557657
3,388,0.645371110146542
3,389,0.7226321246343157
3,390,0.5412395518630401
3,391,0.7711683872806075
3,392,0.6918925659225068
3,393,0.7221378542047365
3,394,0.7476067429344142
3,395,0.45497493276198026
3,396,0.6748023562296772
3,397,0.5659825446427883
3,398,0.6964035035103303
3,399,0.6558009427418356
3,400,0.370387398041904
3,401,0.5247026491183502
3,402,0.6890356133120759
3,403,0.5971594744934661
3,404,0.45474715223567547
3,405,0.40968860009755204
3,406,0.22034627542803395
3,407,0.42332907405636555
3,408,0.5093486749311849
3,409,0.7243858821894321
3,410,0.7117188389562548
3,411,0.6305935614325634
3,412,0.7545727072143809
3,413,0.6926219831817132
3,414,0.5595732043549279
3,415,0.840817127909889
3,416,0.5474456210252902
3,417,0.6595608735275515
3,418,0.6740188619304234
3,419,0.6116381797574915
3,420,0.7356480366501331
3,421,0.5118333056230431
3,422,0.5577791346550233
3,423,0.5047460966885834
3,424,0.7048968749809384
3,425,0.7099701947074887
3,426,0.7226235769831582
3,427,0.6383768668907358
3,428,0.5873752498819185
3,429,0.7197489522258554
3,430,0.5649096040061835
3,431,0.45999891143535176
3,432,0.773127376877916
3,433,0.7047306189846201
3,434,0.5946786035958453
3,435,0.6090935255401667
3,436,0.595494470110072
3,437,0.7245550765975853
3,438,0.4273005638957043
3,439,0.7026189839097259
3,440,0.6287422844288392
3,441,0.6120874100241313
3,442,0.5947708917871944
3,443,0.6436194770566577
3,444,0.6450463832709641
3,445,0.6453305500167895
3,446,0.32982829609186404
3,447,0.5363997728472782
3,448,0.490085217169989
3,449,0.7013868104320051
3,450,0.5037075307073804
3,451,0.4568950517460199
3,452,0.7383103226244436
3,453,0.6801219197946967
3,454,0.4796641959589582
3,455,0.7606867987108926
3,456,0.6106880645477126
3,457,0.6427816194029752
3,458,0.6586324595065061
3,459,0.6546598588660237
3,460,0.6546498398206911
3,461,0.7116217787151697
3,462,0.7380832350302443
3,463,0.6747864909105336
3,464,0.7406981053851462
3,465,0.6700349782701669
3,466,0.6838981306593831
3,467,0.7079586927518202
3,468,0.5406682204292574
3,469,0.4788539992855498
3,470,0.7746128084129085
3,471,0.5871344986465333
3,472,0.6275136921245942
3,473,0.6316875933584946
3,474,0.6249356950748738
3,475,0.67729825400083
3,476,0.6459126462542712
3,477,0.6867799068481053
3,478,0.635541949369962
3,479,0.5472179651297423
3,480,0.6837152840514655
3,481,0.5282853686939903
3,482,0.8452337001384462
3,483,0.8744760835865912
3,484,0.8552771066122573
3,485,0.7510589231954519
3,486,0.7128616509660096
3,487,0.6701223007243782
3,488,0.4617661624565697
3,489,0.69866070126189
3,490,0.6414386206828203
3,491,0.6434627460550161
3,492,0.4873919669088091
3,493,0.4849996456147764
3,494,0.42303637934619187
3,495,0.4329785718990365
3,496,0.4679940041717377
3,497,0.8044192481877467
3,498,0.6087724731446141
3,499,0.7028279252931398
3,500,0.46643295971504434
3,501,0.6962104756544957
3,502,0.6172454653521303
3,503,0.6875194758876141
3,504,0.5927819006918496
3,505,0.591847950502962
3,506,0.8139065805502488
3,507,0.8036280912618998
3,508,0.7819031154837589
3,509,0.5729290238165259
3,510,0.6534099094721075
3,511,0.36161861799502887
3,512,0.4334283414246136
3,513,0.8835450085395035
3,514,0.4485146889405064
3,515,0.7461216889498714
3,516,0.7621837811114052
3,517,0.44197462385908626
3,518,0.5916919385103586
3,519,0.5090332806902023
3,520,0.8072047319761946
3,521,0.8649292571599375
3,522,0.867899691952622
3,523,0.8720100743074013
3,524,0.34156459894046504
3,525,0.30072096731007636
3,526,0.3298756897941934
3,527,0.42295328175224883
3,528,0.6604320871674048
3,529,0.564533177864742
3,530,0.6912059499395601
3,531,0.7352187715118313
3,532,0.5949586612831189
3,533,0.6021420862078307
3,534,0.7208672315575064
3,535,0.683745185640026
3,536,0.7907894542893018
3,537,0.4475737762105049
3,538,0.5947472979031411
3,539,0.7174882603563645
3,540,0.7441221422917367
3,541,0.7407695488028492
3,542,0.5205012895058537
3,543,0.5038048426500693
3,544,0.4970236935688382
3,545,0.7621424257896388
3,546,0.8249315414341033
3,547,0.4839489333395039
3,548,0.2791925409298001
3,549,0.7295624384667179
3,550,0.7209543685324754
3,551,0.4612926517462449
3,552,0.6305354612787748
3,553,0.6990269515686428
3,554,0.5513612809742383
3,555,0.574529664489263
3,556,0.6895811730213263
3,557,0.6403707734415288
3,558,0.6445260791942174
3,559,0.5691102718789197
3,560,0.7684232071734937
3,561,0.5773766438205414
3,562,0.6872551843236877
3,563,0.6456827347112302
3,564,0.6588738420263504
3,565,0.6709723851793093
3,566,0.6803857119253749
3,567,0.5859579129639347
3,568,0.6569137097671631
3,569,0.6446538091445412
3,570,0.7409528639068451
3,571,0.5862558297429398
3,572,0.7249976353944746
3,573,0.5380035278122207
3,574,0.8129212758877121
3,575,0.7165067084852034
3,576,0.7015783628362994
3,577,0.6160428444973715
3,578,0.6826653184480446
3,579,0.7861246206306307
3,580,0.693749496869771
3,581,0.49004521480458996
3,582,0.8306654067720947
3,583,0.7584014495406258
3,584,0.6813724736363201
3,585,0.5883097794148107
3,586,0.5393263274600839
3,587,0.7002861884158206
3,588,0.5974764306552323
3,589,0.5330015065089733
3,590,0.5776759774774439
3,591,0.6781304453182465
3,592,0.7875935446799135
3,593,0.7738337332649433
3,594,0.7611362144337102
3,595,0.8035454957518281
3,596,0.5212433906387972
3,597,0.6169185975741771
3,598,0.6215575123101758
3,599,0.6789978465802037
3,600,0.5438090321291107
3,601,0.443972142835182
3,602,0.4752365948828674
3,603,0.5246018023646433
3,604,0.7139993581386647
3,605,0.7468014057451677
3,606,0.6712497146886354
3,607,0.6243861028048501
3,608,0.6629725254604889
3,609,0.6197474346956251
3,610,0.7441392071588004
3,611,0.6327872040516339
3,612,0.5858084082865219
3,613,0.5566685214038996
3,614,0.5873342781302457
3,615,0.5648609100114673
3,616,0.7999069057939228
3,617,0.4882242712645315
3,618,0.6178067709907327
3,619,0.6744940536203251
3,620,0.678494647440172
3,621,0.7021331272174232
3,622,0.6533150823622659
3,623,0.7025562727358104
3,624,0.80712270580336
3,625,0.7890322383728722
3,626,0.30416237073973723
3,627,0.8068346709612377
3,628,0.742228486602986
3,629,0.6670657427745428
3,630,0.5561560123044578
3,631,0.5744620213012398
3,632,0.3837363866118829
3,633,0.2710948851618199
3,634,0.342939266408005
3,635,0.361954542852416
3,636,0.8471467235769046
3,637,0.7692423781637074
3,638,0.7225446214625364
3,639,0.7537114753154277
3,640,0.5051280765205853
3,641,0.6677115725956
3,642,0.6158039136628519
3,643,0.5027285456797849
3,644,0.6155849662729977
3,645,0.5620423714549182
3,646,0.5885882133453091
3,647,0.6969617284849638
3,648,0.5902711946087775
3,649,0.7440814505183426
3,650,0.652422087937431
3,651,0.8099875983645553
3,652,0.522148885476852
3,653,0.7491440459140357
3,654,0.5846781464141637
3,655,0.600261842655994
3,656,0.6219646334667273
3,657,0.45674062257504533
3,658,0.7526469276392094
3,659,0.688831097349375
3,660,0.6272772253634815
3,661,0.6372367386620267
3,662,0.6866042271228454
3,663,0.5696171324381584
3,664,0.6931727337723472
3,665,0.5395642727700672
3,666,0.546953742804091
3,667,0.8525779758269284
3,668,0.6351696332983948
3,669,0.6582671598459542
3,670,0.5599617792162461
3,671,0.6742211344919473
3,672,0.6579257576927977
3,673,0.8291059348158865
3,674,0.5542867357619364
3,675,0.7536883164701631
3,676,0.7769712785192312
3,677,0.5440016771106346
3,678,0.7563847520042594
3,679,0.7435155481304532
3,680,0.8366598415099876
3,681,0.7028426297198854
3,682,0.5689490514279814
3,683,0.7355318651343318
3,684,0.8531031742851913
3,685,0.3496946965431635
3,686,0.34171400852323086
3,687,0.34930920496032175
3,688,0.3741880133547497
3,689,0.24140366289644438
3,690,0.43902671207505134
3,691,0.3820640148215541
3,692,0.7498639917033711
3,693,0.6291904111782838
3,694,0.6456600266310764
3,695,0.6614316976202194
3,696,0.7918053338803798
3,697,0.5184469387856725
3,698,0.7712113913105313
3,699,0.7143297445792901
3,700,0.7591753803907234
3,701,0.5574746862995863
3,702,0.6864800605336264
3,703,0.5837711482149497
3,704,0.6425951639035372
3,705,0.7798217679643822
3,706,0.6742323081234652
3,707,0.583120564259129
3,708,0.778995026050439
3,709,0.7468106409185541
3,710,0.5541819442150459
3,711,0.4913541748291374
3,712,0.8295493431407133
3,713,0.6691051659875137
3,714,0.613490674679783
3,715,0.7459498137363034
3,716,0.5888010917156015
3,717,0.7810854456328126
3,718,0.5012601300446945
3,719,0.7386975598502631
3,720,0.6296157268680337
3,721,0.5636467332078517
3,722,0.6143656566669483
3,723,0.7230273562455964
3,724,0.7201206949696727
3,725,0.6607917855104621
3,726,0.5434389769600182
3,727,0.589346829445046
3,728,0.7993934226837314
3,729,0.5235722999286008
3,730,0.5721859167543661
3,731,0.6744805849743196
3,732,0.39081059059780016
3,733,0.543431445412624
3,734,0.7298396439047592
3,735,0.6465636599787771
3,736,0.5902164563034894
3,737,0.6334326079075429
3,738,0.6703264160516688
3,739,0.41532570222758364
3,740,0.7278957590069225
3,741,0.4295429201999722
3,742,0.5761187097158853
3,743,0.7966173609113683
3,744,0.5521612802767004
3,745,0.596334302819743
3,746,0.5841576903311672
3,747,0.8326483106175027
3,748,0.7441473685225719
3,749,0.4407396933373552
3,750,0.6578775959616188
3,751,0.6383090487377016
3,752,0.6729754828358325
3,753,0.5905945540250342
3,754,0.7240240823238189
3,755,0.5134246181483876
3,756,0.6919408252965723
3,757,0.5854236528905888
3,758,0.44859928405420274
3,759,0.8221721137620026
3,760,0.8207628357554968
3,761,0.6261479026255246
3,762,0.7596815780249953
3,763,0.722635809996878
3,764,0.6475616809738816
3,765,0.6434809124145704
3,766,0.6111120177470839
3,767,0.7117448161600476
3,768,0.6725901326013918
3,769,0.5867790550367035
3,770,0.596569764988938
3,771,0.5364226936063465
3,772,0.5360627633143026
3,773,0.5977815843795844
3,774,0.48499554174997866
3,775,0.7073805585975421
3,776,0.6752752756500716
3,777,0.6425324822733213
3,778,0.8088242672020982
3,779,0.49770039199049126
3,780,0.6054770342197616
3,781,0.6072364518190859
3,782,0.4217499774521114
3,783,0.48495498939141346
3,784,0.4565724556265588
3,785,0.5848669751721587
3,786,0.5926962278185469
3,787,0.6064521810877516
3,788,0.5310449890662052
3,789,0.4326368633876033
3,790,0.3085609698823726
3,791,0.4013576968950237
3,792,0.8097787292065715
3,793,0.3333976393450228
3,794,0.7467210788449328
3,795,0.597617794942661
3,796,0.6686024023289174
3,797,0.7113783725028061
3,798,0.6406742925571085
3,799,0.6778350383564606
3,800,0.688902440811578
3,801,0.6222651739209352
3,802,0.5872950837389322
3,803,0.594549478366004
3,804,0.5287319128230006
3,805,0.6013230529718967
3,806,0.4337200467787845
3,807,0.3885953685316061
3,808,0.5394728089856684
3,809,0.640460950658852
3,810,0.48930683445547996
3,811,0.16958144043787607
3,812,0.39494305976522676
3,813,0.29642613846833377
3,814,0.3063427252693845
3,815,0.7850207972916816
3,816,0.6161022321736815
3,817,0.7814895103439466
3,818,0.7854583637439218
3,819,0.7844748634952426
3,820,0.8035741893932257
3,821,0.7726812923320983
3,822,0.6446856497139555
3,823,0.4690146697483196
3,824,0.4085487104940909
3,825,0.8011697097908898
3,826,0.4699110671745538
3,827,0.8097590324995916
3,828,0.7083390275042463
3,829,0.7158514705439714
3,830,0.5217019878398891
3,831,0.7326127400672731
3,832,0.510951521351687
3,833,0.6515881650331029
3,834,0.6732153365251209
3,835,0.6861937896971314
3,836,0.46286723148584635
3,837,0.5725049342851101
3,838,0.41052403074847327
3,839,0.6611992615731632
3,840,0.5048975695624973
3,841,0.5270242988777789
3,842,0.6031752813850746
3,843,0.652035057408634
3,844,0.6706072044396013
3,845,0.7088593228765073
3,846,0.4928152180449803
3,847,0.732757935002429
3,848,0.676432026830086
3,849,0.5233718386006173
3,850,0.6971762229802604
3,851,0.7234947574251714
3,852,0.7611224002651986
3,853,0.538974135382195
3,854,0.49531489846533056
3,855,0.6225295066346047
3,856,0.6183623124506368
3,857,0.7344255857916888
3,858,0.6866924471146992
3,859,0.6599722214101734
3,860,0.5897334394752509
3,861,0.7759118174051777
3,862,0.6573462696166782
3,863,0.6228021687608278
3,864,0.6206944190137968
3,865,0.6129431777676095
3,866,0.6172426137135417
3,867,0.7918296741646198
3,868,0.7485079292281468
3,869,0.653730102695741
3,870,0.6930475372791506
3,871,0.6345673318958363
3,872,0.7207522955207828
3,873,0.5497771521462667
3,874,0.6619127286106428
3,875,0.6249689460768817
3,876,0.6264009413367352
3,877,0.6989444316213085
3,878,0.5837672025784465
3,879,0.5792014969791487
3,880,0.5710965925283169
3,881,0.6318210333941018
3,882,0.5609891897328063
3,883,0.7197324567565695
3,884,0.7758428647940336
3,885,0.5988589439673274
3,886,0.5612225058308702
3,887,0.8207535683358653
3,888,0.503560670748442
3,889,0.272105846123211
3,890,0.8445455636025005
3,891,0.7760418703661985
3,892,0.5401294173285487
3,893,0.5800174780694903
3,894,0.4610777795742632
3,895,0.49125522266553945
3,896,0.501094176946145
3,897,0.6284573492314937
3,898,0.7267780673351114
3,899,0.5378582882029453
3,900,0.8108122646091176
3,901,0.7048801678018782
3,902,0.6512295875659763
3,903,0.6634117509887356
3,904,0.4206624761942187
3,905,0.40951011857534403
3,906,0.29320108050584065
3,907,0.32236446565718113
3,908,0.5654082994093185
3,909,0.3811133512174115
3,910,0.8035611367937471
3,911,0.8794619920508142
3,912,0.4189884257212036
3,913,0.3698472462415611
3,914,0.3520646593862402
3,915,0.4555551218081759
3,916,0.5047726703340439
3,917,0.2578133469327757
3,918,0.7302389418429532
3,919,0.3825071691388157
3,920,0.3996672933929142
3,921,0.6557999700243191
3,922,0.5946307984997988
3,923,0.5492909609586717
3,924,0.8135124332662305
3,925,0.4759226935760922
3,926,0.5489343514742072
3,927,0.7677735787161261
3,928,0.6821112671619943
3,929,0.52781233917594
3,930,0.7237380697177478
3,931,0.5843535624439852
3,932,0.6475744640659825
3,933,0.6873500322961215
3,934,0.7263343756687455
3,935,0.7615322672855864
3,936,0.7136912152787178
3,937,0.6038859563936544
3,938,0.6306024921482618
3,939,0.5860640694237345
3,940,0.5599593185748889
3,941,0.6850789176152526
3,942,0.712040860488696
3,943,0.595460470143923
3,944,0.7898950614601009
3,945,0.4484432601261848
3,946,0.6871315621344337
3,947,0.39764798230699855
3,948,0.6096704251731901
3,949,0.28215585166242196
3,950,0.5972223448040099
3,951,0.6886594709120043
3,952,0.6307053134957088
3,953,0.7727082201857327
3,954,0.7948625148632225
3,955,0.5703222874285713
3,956,0.6809998173642683
3,957,0.7263009674897108
3,958,0.6442054399255741
3,959,0.663516601543675
3,960,0.6026019841737805
3,961,0.6542428920505069
3,962,0.6860990689217017
3,963,0.45344439717743157
3,964,0.303774906188288
3,965,0.8599705460689372
3,966,0.5867438503968173
3,967,0.5727846337161121
3,968,0.4923077513474061
3,969,0.7060158877770892
3,970,0.6331726783316675
3,971,0.5760211710627298
3,972,0.7807763119490302
3,973,0.7194566804951256
3,974,0.7256441765302072
3,975,0.6760054927862815
3,976,0.6184713844058946
3,977,0.6149086174973054
3,978,0.6158387262673147
3,979,0.4207759801853251
3,980,0.5305652424246277
3,981,0.627189510231274
3,982,0.7660309660194711
3,983,0.46934700164480536
3,984,0.8199209414290278
3,985,0.6312051114316148
3,986,0.7976997538102752
3,987,0.4692251608647722
3,988,0.688857205073064
3,989,0.7329258448911823
3,990,0.5897893059283097
3,991,0.565095818618054
3,992,0.6483081382969065
3,993,0.6586378744866931
3,994,0.7233308131606455
3,995,0.6915054129821804
3,996,0.6893684191012263
3,997,0.7610847090928831
3,998,0.6147110599556981
3,999,0.6821425963819076
3,1000,0.6561964550145095
3,1001,0.5415563748254827
3,1002,0.7614312148812583
3,1003,0.7265524081265802
3,1004,0.711958331818385
3,1005,0.7136356527350161
3,1006,0.5856307268365853
3,1007,0.7690242877724491
3,1008,0.8188236216437521
3,1009,0.8410523107647178
3,1010,0.7226008158196671
3,1011,0.7927087916755484
3,1012,0.800128202392664
3,1013,0.7314211532997242
3,1014,0.6890649071544918
3,1015,0.7948724166392063
3,1016,0.6760215894753899
3,1017,0.6117292312430278
3,1018,0.6642326847511727
3,1019,0.6849586706817313
3,1020,0.7714720089917902
3,1021,0.5923726886622667
3,1022,0.8107855217931922
3,1023,0.811500976414124
3,1024,0.5104167073704117
3,1025,0.8393536521998678
3,1026,0.4299988099709763
3,1027,0.7412842727377567
3,1028,0.6111729129250003
3,1029,0.7224265495938358
3,1030,0.6041516571114508
3,1031,0.6461752170317207
3,1032,0.5484768541170761
3,1033,0.342511124408549
3,1034,0.5035118085441302
3,1035,0.56763767818129
3,1036,0.5697247243632404
3,1037,0.5505808395024681
3,1038,0.6114967915351333
3,1039,0.6055218362381202
3,1040,0.8192278777290068
3,1041,0.5466456937323626
3,1042,0.4299516596211538
3,1043,0.4282630182608324
3,1044,0.5646028900648143
3,1045,0.729112159420925
3,1046,0.7717344153055116
3,1047,0.41506281741683765
3,1048,0.3712573664152277
3,1049,0.5808891515666594
3,1050,0.5678960246407925
3,1051,0.5543614328492541
3,1052,0.6753683545601555
3,1053,0.5935545824042561
3,1054,0.6770854920593252
3,1055,0.7862489226450694
3,1056,0.6635134604753676
3,1057,0.6747989872722086
3,1058,0.6162602703918825
3,1059,0.4696567289917264
3,1060,0.46423552788741146
3,1061,0.721589525975152
3,1062,0.6332710029403692
3,1063,0.5742957831260077
3,1064,0.6184420190180808
3,1065,0.6513565116570434
3,1066,0.7449336341297538
3,1067,0.3568181468565975
3,1068,0.296774971453221
3,1069,0.3114591153520864
3,1070,0.3722069196466948
3,1071,0.49898427546421287
3,1072,0.6791695159835394
3,1073,0.5991506158479695
3,1074,0.723534339089153
3,1075,0.7202841403405336
3,1076,0.632110286287594
3,1077,0.8113198414204974
3,1078,0.59480274002373
3,1079,0.6033453783441681
3,1080,0.49393290513996985
3,1081,0.6669197095611614
3,1082,0.5429178464461564
3,1083,0.5874822723992381
3,1084,0.8726609870539048
3,1085,0.5889321119882479
3,1086,0.641645138334375
3,1087,0.5944774889147818
3,1088,0.8570289920855058
3,1089,0.5080992721211721
3,1090,0.6182830158721759
3,1091,0.5360257051146412
3,1092,0.7532752027681607
3,1093,0.6999130488528366
3,1094,0.7634035556178552
3,1095,0.5000456688279814
3,1096,0.5527717819264243
3,1097,0.7607573824103192
3,1098,0.7296260517742065
3,1099,0.8472906906108075
3,1100,0.7488470832302373
3,1101,0.596366693100939
3,1102,0.6855555431652973
3,1103,0.8050819973890235
3,1104,0.6416642926696668
3,1105,0.39254986798008046
3,1106,0.7918518166963306
3,1107,0.6490926522834459
3,1108,0.6116570083792976
3,1109,0.7033005776372213
3,1110,0.731068036326007
3,1111,0.6168846262712886
3,1112,0.6812804675897023
3,1113,0.7237801858811708
3,1114,0.5943975099989229
3,1115,0.7532269129163105
3,1116,0.29227726855079295
3,1117,0.41347535261185553
3,1118,0.5771066846920538
3,1119,0.7621955220897626
3,1120,0.73022589631121
3,1121,0.6871138403901919
3,1122,0.7010541513147214
3,1123,0.725696102989779
3,1124,0.685700300421137
3,1125,0.7081929513314026
3,1126,0.5949708964338454
3,1127,0.6711725083250909
3,1128,0.689999371543528
3,1129,0.6841673596966668
3,1130,0.6134194062089412
3,1131,0.5930269995615493
3,1132,0.7166855018742527
3,1133,0.595466533643359
3,1134,0.6514677455318182
3,1135,0.506401211726097
3,1136,0.5300721427534189
3,1137,0.6659311625918497
3,1138,0.7424337237298473
3,1139,0.5494036182618769
3,1140,0.6602931019774573
3,1141,0.6867373927407415
3,1142,0.7341314046296806
3,1143,0.871522317009172
3,1144,0.8495907450904533
3,1145,0.8087401801584034
3,1146,0.5269223561381545
3,1147,0.8053846019961756
3,1148,0.9106446369039916
3,1149,0.43245182929063236
3,1150,0.6396550336735163
3,1151,0.671556718446228
3,1152,0.6864125935518781
3,1153,0.7957938517591725
3,1154,0.6295503798910245
3,1155,0.6781055825622477
3,1156,0.6300021896336686
3,1157,0.6088424516398553
3,1158,0.6807223845909425
3,1159,0.5889471072587067
3,1160,0.7561335678336089
3,1161,0.6692139999672921
3,1162,0.6051857566493083
3,1163,0.5886914123532448
3,1164,0.5874674169360182
3,1165,0.7254330792156977
3,1166,0.6808201436110425
3,1167,0.4176092202112093
3,1168,0.7968342523571887
3,1169,0.7900201250267772
3,1170,0.5485268861275782
3,1171,0.7540251774744913
3,1172,0.6360541112914789
3,1173,0.647808524543303
3,1174,0.6632791847250897
3,1175,0.6998623635709327
3,1176,0.47345586261000244
3,1177,0.574276719146296
3,1178,0.7756157534559891
3,1179,0.4738244638528074
3,1180,0.6451932901467715
3,1181,0.7310735629047425
3,1182,0.5391414438332416
3,1183,0.7694980229242835
3,1184,0.5264591055033956
3,1185,0.7355384453021724
3,1186,0.6926616358899307
3,1187,0.6067428583347088
3,1188,0.6311695448507196
3,1189,0.5641739642397181
3,1190,0.5025336120918286
3,1191,0.7184965007536763
3,1192,0.6355382354926669
3,1193,0.6932499569320173
3,1194,0.7607263256844958
3,1195,0.5786880458877648
3,1196,0.6741967647328955
3,1197,0.5311224606985897
3,1198,0.7676917478652595
3,1199,0.5957601949289433
3,1200,0.8031067969633615
3,1201,0.6762657905005033
3,1202,0.7530461540434659
3,1203,0.6049959413976399
3,1204,0.5377136211650626
3,1205,0.4915031377027789
3,1206,0.7736785576860351
3,1207,0.47213380202449956
3,1208,0.5258057133769458
3,1209,0.48879721250829455
3,1210,0.6430712790478955
3,1211,0.6405936279012482
3,1212,0.6835195703742922
3,1213,0.5272777632502821
3,1214,0.4784914314559763
3,1215,0.5575030051147256
3,1216,0.6291645121192676
3,1217,0.671877553911596
3,1218,0.5983632249815042
3,1219,0.574419911520583
3,1220,0.7387752381740712
3,1221,0.787336890515481
3,1222,0.7178795749821576
3,1223,0.6697453293006577
3,1224,0.6025703027412056
3,1225,0.4731617341748894
3,1226,0.72194732642707
3,1227,0.8138418810340096
3,1228,0.5107651299642495
3,1229,0.7170554222226749
3,1230,0.7508240341913909
3,1231,0.8001466630790086
3,1232,0.8387418660662054
3,1233,0.6006654617477516
3,1234,0.6767523034272598
3,1235,0.44599189028732217
3,1236,0.493171394116879
3,1237,0.5864623721210188
3,1238,0.6273458483060989
3,1239,0.6799791817240749
3,1240,0.6289090201970524
3,1241,0.6736669693091901
3,1242,0.6748639774172462
3,1243,0.7093121615918622
3,1244,0.5099279511701047
3,1245,0.839327443197575
3,1246,0.5762957545469789
3,1247,0.6222266313795486
3,1248,0.7687180199165191
3,1249,0.7027585865038891
3,1250,0.7486931477172927
3,1251,0.5500713248418804
3,1252,0.7136308434126031
3,1253,0.650919457859674
3,1254,0.5872108941266121
3,1255,0.7503019731885009
3,1256,0.7165951216236632
3,1257,0.6914302425848445
3,1258,0.641308467855043
3,1259,0.643374814910126
3,1260,0.6053970941972074
3,1261,0.6011643669160593
3,1262,0.6036995388627894
3,1263,0.8418554114924222
3,1264,0.698767881244444
3,1265,0.5533165575347959
3,1266,0.5808266397352678
3,1267,0.7496817493243528
3,1268,0.6159050093510622
3,1269,0.5980759032533564
3,1270,0.8327350353646406
3,1271,0.7164723571980219
3,1272,0.39674100344843616
3,1273,0.6914018919609246
3,1274,0.6228122712821348
3,1275,0.6670167362843087
3,1276,0.6792781732011692
3,1277,0.478715015865239
3,1278,0.5074597059918806
3,1279,0.7674682631911526
3,1280,0.697850336332492
3,1281,0.6851657179358095
3,1282,0.4392537416805083
3,1283,0.807148923492982
3,1284,0.8726366927582344
3,1285,0.7856537918418761
3,1286,0.7187274955922386
3,1287,0.5585104498106837
3,1288,0.723182758873582
3,1289,0.5783205699305876
3,1290,0.6524605787763614
3,1291,0.5703561121672192
3,1292,0.629495267989156
3,1293,0.6275464786601176
3,1294,0.6311682905069911
3,1295,0.7337586368862744
3,1296,0.5135917323009431
3,1297,0.7926478730049267
3,1298,0.6898628989879041
3,1299,0.5939404031192292
3,1300,0.3673918584600321
3,1301,0.42488513740194905
3,1302,0.5974304138271269
3,1303,0.40108700933870983
3,1304,0.4676441831650378
3,1305,0.5521436882735364
3,1306,0.8033890620121316
3,1307,0.5540764928926594
3,1308,0.6477608044350704
3,1309,0.7354474536250836
3,1310,0.6931306654825866
3,1311,0.5950286883925908
3,1312,0.8184352175772159
3,1313,0.6898060377896392
3,1314,0.6644095068858829
3,1315,0.7455623806111504
3,1316,0.7523772470359029
3,1317,0.5394055934230071
3,1318,0.5747878456989735
3,1319,0.4797627292123464
3,1320,0.5379991269242463
3,1321,0.5017470379133246
3,1322,0.8325798920922077
3,1323,0.6423625184177524
3,1324,0.701129485412686
3,1325,0.6337145480608544
3,1326,0.723390680396206
3,1327,0.6253567652304954
3,1328,0.4761149507049189
3,1329,0.62907549091066
3,1330,0.7702935069933454
3,1331,0.5145168578321713
3,1332,0.5720923817026177
3,1333,0.7263797884814598
3,1334,0.5205068013647982
3,1335,0.7196241471153749
3,1336,0.7550380199785196
3,1337,0.5243454014443218
3,1338,0.5607072300974191
3,1339,0.5430997615221901
3,1340,0.4266485492626092
3,1341,0.6821478207374395
3,1342,0.5366929288647395
3,1343,0.700029975612754
3,1344,0.39867093466900155
3,1345,0.4132447615319027
3,1346,0.8053712535107864
3,1347,0.7421690037850289
3,1348,0.7748850508571893
3,1349,0.49430618247520025
3,1350,0.6392900288209393
3,1351,0.656608495859089
3,1352,0.6921388237085493
3,1353,0.4396056089409772
3,1354,0.42374560125488475
3,1355,0.5100310753624323
3,1356,0.6765440101853987
3,1357,0.6833337675786176
3,1358,0.7007971661273782
3,1359,0.7203015755278421
3,1360,0.6198307304506174
3,1361,0.5855007744022143
3,1362,0.4641238158785209
3,1363,0.5801471014600557
3,1364,0.48691428330231096
3,1365,0.5367890812827949
3,1366,0.463241431526335
3,1367,0.6940048599890891
3,1368,0.5923515136348076
3,1369,0.5588714689759393
3,1370,0.567650000484797
3,1371,0.6268450558853434
3,1372,0.5199994242858688
3,1373,0.719926965026069
3,1374,0.6933217223674165
3,1375,0.5709766384090345
3,1376,0.6146567007177532
3,1377,0.6279209649639506
3,1378,0.5785790191413873
3,1379,0.5829119851882377
3,1380,0.590037455286774
3,1381,0.6779757620269266
3,1382,0.7391896363969622
3,1383,0.5541602777148394
3,1384,0.4865504328856156
3,1385,0.4400213039116618
3,1386,0.7181413917861865
3,1387,0.4997997259415778
3,1388,0.7353867244837269
3,1389,0.6484318128398023
3,1390,0.6655285413827334
3,1391,0.627818634233165
3,1392,0.5562855826782919
3,1393,0.700825963749648
3,1394,0.6785528281848688
3,1395,0.761975778059035
3,1396,0.7235477266896384
3,1397,0.581144794568679
3,1398,0.6827312990233514
3,1399,0.6010202306797658
3,1400,0.5993635042212135
3,1401,0.6405592623918062
3,1402,0.7407133132599482
3,1403,0.723653061222636
3,1404,0.7458433952379618
3,1405,0.5085349483716625
3,1406,0.6659925731953528
3,1407,0.5890159905921671
3,1408,0.6270646444478628
3,1409,0.6690797389425166
3,1410,0.5821990024483578
3,1411,0.7015977483876517
3,1412,0.5379757983414647
3,1413,0.6383080134655997
3,1414,0.5754334150445727
3,1415,0.3157491811294049
3,1416,0.2686392389691525
3,1417,0.2814381069770007
3,1418,0.5197542108101167
3,1419,0.7403000079487739
3,1420,0.7472563644083408
3,1421,0.6504030055442174
3,1422,0.5142996381002809
3,1423,0.7349317271221254
3,1424,0.4784211194923889
3,1425,0.5792353703031264
3,1426,0.6299053753949996
3,1427,0.6489197906180321
3,1428,0.6510111265366002
3,1429,0.6943299807287404
3,1430,0.6661098360292721
3,1431,0.60346488104086
3,1432,0.7406639037435734
3,1433,0.5904331024389834
3,1434,0.8094028432134548
3,1435,0.8492429959937576
3,1436,0.8153103081251701
3,1437,0.8177680289791937
3,1438,0.7806982192552836
3,1439,0.7971878644779521
3,1440,0.7770638646876348
3,1441,0.6331361634157956
3,1442,0.6804756030117742
3,1443,0.6781241737834821
3,1444,0.4632768805934021
3,1445,0.84727037861585
3,1446,0.4092970664282539
3,1447,0.36093301704356284
3,1448,0.35201577211939555
3,1449,0.47437429384038104
3,1450,0.5022759097241627
3,1451,0.49299766693247116
3,1452,0.6173916220508905
3,1453,0.6002057618531556
3,1454,0.751194061218649
3,1455,0.6748299330082596
3,1456,0.5939425827075236
3,1457,0.7022098765064084
3,1458,0.643790359534172
3,1459,0.7383157118805093
3,1460,0.7678996228909198
3,1461,0.8203884792325741
3,1462,0.439538896057238
3,1463,0.7814595082910721
3,1464,0.6576927750315543
3,1465,0.7069329476530446
3,1466,0.7967385602816226
3,1467,0.37880248025675095
3,1468,0.4971337960415311
3,1469,0.8265000591836523
3,1470,0.3670188723817409
3,1471,0.44832559643209696
3,1472,0.7875488842982593
3,1473,0.7740651583018214
3,1474,0.5934330265043808
3,1475,0.6980212753979078
3,1476,0.6600012428305811
3,1477,0.5482865671955034
3,1478,0.6453459527390277
3,1479,0.6311826750859417
3,1480,0.599685339436558
3,1481,0.7161858948753791
3,1482,0.6478986058428526
3,1483,0.6118567578777445
3,1484,0.7655768278549486
3,1485,0.5114839145509218
3,1486,0.7794328600544886
3,1487,0.7161556459259077
3,1488,0.6181905850583429
3,1489,0.5172378699100746
3,1490,0.40863681393233375
3,1491,0.3470520975335969
3,1492,0.46468972546412823
3,1493,0.4181166837455896
3,1494,0.7424607654531439
3,1495,0.7501955755726175
3,1496,0.6973283277378433
3,1497,0.8267317308776078
3,1498,0.5947674814290461
3,1499,0.7456341274777994
3,1500,0.6304408919295765
3,1501,0.7004554817983218
3,1502,0.7203559220160847
3,1503,0.6786258760981561
3,1504,0.650452395051016
3,1505,0.6691331752221088
3,1506,0.6756563773170688
3,1507,0.6858583833402624
3,1508,0.8172317293894432
3,1509,0.5444131923131997
3,1510,0.6817598680987289
3,1511,0.7232482800324245
3,1512,0.6084203495632067
3,1513,0.5854647775163575
3,1514,0.83562743481083
3,1515,0.7423627754825003
3,1516,0.6729931035556099
3,1517,0.6846816449658928
3,1518,0.5500101064998763
3,1519,0.47557037866549406
3,1520,0.4763239594031737
3,1521,0.8169309177863318
3,1522,0.3917023108448775
3,1523,0.44266934974585703
3,1524,0.6151354741523392
3,1525,0.5508293736096638
3,1526,0.6487715240205083
3,1527,0.5865833398739194
3,1528,0.6759934944853906
3,1529,0.7289363411946921
3,1530,0.7165226369303491
3,1531,0.7385868924395776
3,1532,0.48138232681744253
3,1533,0.6980636359693637
3,1534,0.6149547374417369
3,1535,0.5179512718691507
3,1536,0.8334684967822249
3,1537,0.4952208690540909
3,1538,0.6747276616668281
3,1539,0.6064954035555649
3,1540,0.7674933167203127
3,1541,0.5463829042601448
3,1542,0.8022870426617658
3,1543,0.7180419541798482
3,1544,0.3295804623921293
3,1545,0.5022199311254114
3,1546,0.6468008618283461
3,1547,0.7255503105053667
3,1548,0.5501947845113105
3,1549,0.6609839782855813
3,1550,0.5741131413330296
3,1551,0.7049549293124304
3,1552,0.43838834994554565
3,1553,0.535055496845613
3,1554,0.4390599862289837
3,1555,0.49220668156043595
3,1556,0.4845707161860433
3,1557,0.41875183279820744
3,1558,0.5368270616503732
3,1559,0.6700698105577652
3,1560,0.6261362894643941
3,1561,0.7764133309533269
3,1562,0.7670237911538554
3,1563,0.4983021814107438
3,1564,0.6962855523673448
3,1565,0.5810767727695727
3,1566,0.6522461636573662
3,1567,0.5314797753258975
3,1568,0.7123755446289113
3,1569,0.7262592066468226
3,1570,0.7456078971397779
3,1571,0.6605577914851425
3,1572,0.5515021783291122
3,1573,0.8119365978533752
3,1574,0.6995292737137646
3,1575,0.506406947867659
3,1576,0.3957640564674694
3,1577,0.78691747498564
3,1578,0.5434774827471345
3,1579,0.7196987335440955
3,1580,0.6986328381096227
3,1581,0.6956826052265532
3,1582,0.6572414331743099
3,1583,0.6590651032745709
3,1584,0.7425135154993499
3,1585,0.6108996697514448
3,1586,0.6453337065045917
3,1587,0.6344130521009653
3,1588,0.5961411815774665
3,1589,0.7128297730610432
3,1590,0.6487605139264038
3,1591,0.7433933024098675
3,1592,0.5991778369356684
3,1593,0.6389328337867383
3,1594,0.5222699121064794
3,1595,0.5073900112202681
3,1596,0.610186355192721
3,1597,0.7103797813011333
3,1598,0.8126538582124873
3,1599,0.8239376728229888
3,1600,0.5429730647451215
3,1601,0.530753860450538
3,1602,0.6346114374845931
3,1603,0.6763022515847794
3,1604,0.7142475663588825
3,1605,0.7078718573073511
3,1606,0.6595228732673456
3,1607,0.5587394357804887
3,1608,0.8116484320513537
3,1609,0.7973338109230088
3,1610,0.7730456086684265
3,1611,0.611215467210163
3,1612,0.8343200750376101
3,1613,0.797778395745553
3,1614,0.4040054617114951
3,1615,0.4903126846480501
3,1616,0.3578639214139386
3,1617,0.554013755900688
3,1618,0.6519973173679212
3,1619,0.41340763898468935
3,1620,0.5885932473965635
3,1621,0.7155306972168013
3,1622,0.4714301784095402
3,1623,0.8804563309232392
3,1624,0.7432049152676674
3,1625,0.7561177279755901
3,1626,0.7971690184302295
3,1627,0.7488613068947066
3,1628,0.3619174947434617
3,1629,0.7996678685474272
3,1630,0.3770087189476983
3,1631,0.6751585988669508
3,1632,0.7229857729387624
3,1633,0.728083873968113
3,1634,0.7160209407131087
3,1635,0.7618127549154643
3,1636,0.7374338479658323
3,1637,0.6165788671270243
3,1638,0.7451738394253221
3,1639,0.732805107322733
3,1640,0.6166933042286953
3,1641,0.5597315879274637
3,1642,0.6291485834067277
3,1643,0.758382349116146
3,1644,0.736185299744417
3,1645,0.5174933766570506
3,1646,0.6771150545220753
3,1647,0.7897823401441946
3,1648,0.7538245815654657
3,1649,0.6838132114364291
3,1650,0.7200668893542496
3,1651,0.6847655156652737
3,1652,0.7912344471327829
3,1653,0.47822871654378624
3,1654,0.5722182334006476
3,1655,0.7901374476860061
3,1656,0.7774919509762213
3,1657,0.5211508417557889
3,1658,0.7222469095021598
3,1659,0.8188273052646413
3,1660,0.6843098978914959
3,1661,0.7504369900435645
3,1662,0.46107232532568154
3,1663,0.6648345260160117
3,1664,0.6737374936780403
3,1665,0.8246318049808156
3,1666,0.6042210291228695
3,1667,0.5343089038456534
3,1668,0.23208733931224362
3,1669,0.3038114504842148
3,1670,0.3862928092386364
3,1671,0.40029960476989984
3,1672,0.6470183872225552
3,1673,0.8055173316911852
3,1674,0.79014219886965
3,1675,0.6936382868974179
3,1676,0.5953550576221213
3,1677,0.667564456770803
3,1678,0.5522099094515938
3,1679,0.5204782164931364
3,1680,0.6083415779667672
3,1681,0.6358089883016228
3,1682,0.9275440816315098
3,1683,0.8746504395370704
3,1684,0.8359562355136454
3,1685,0.703714290860868
3,1686,0.7016253771994317
3,1687,0.5910139354147511
3,1688,0.6207579987222879
3,1689,0.7411163188594969
3,1690,0.7808842396612746
3,1691,0.582246331443274
3,1692,0.6204347958722465
3,1693,0.7579264873353209
3,1694,0.7756137396069023
3,1695,0.5816130069314255
3,1696,0.5971013799005951
3,1697,0.7670930544640314
3,1698,0.7683910392617835
3,1699,0.6159687459143994
3,1700,0.6481296705496874
3,1701,0.7707501015289806
3,1702,0.6589094708755149
3,1703,0.5769286094011081
3,1704,0.7185610700141969
3,1705,0.538853010420917
3,1706,0.8059127727815681
3,1707,0.4699103691132281
3,1708,0.8738569567866077
3,1709,0.6308917091172893
3,1710,0.5465318361427586
3,1711,0.7261166353585708
3,1712,0.8440923302230782
3,1713,0.751779665235599
3,1714,0.7315572904085851
3,1715,0.6917695070560188
3,1716,0.6718482862548988
3,1717,0.6448396771135423
3,1718,0.5927246690423267
3,1719,0.7405482655104937
3,1720,0.7177632571888155
3,1721,0.6211050364373066
3,1722,0.5679939164018994
3,1723,0.6509227566358012
3,1724,0.530529350055909
3,1725,0.7698488605460699
3,1726,0.44620303281237594
3,1727,0.7785668929525661
3,1728,0.5012515526256943
3,1729,0.6868965708240603
3,1730,0.7423515686879499
3,1731,0.5232029758792948
3,1732,0.797338387750682
3,1733,0.770575437054943
3,1734,0.8307791195500691
3,1735,0.6442917346433876
3,1736,0.7086830929803596
3,1737,0.607366949710911
3,1738,0.6374514458534298
3,1739,0.47204325845282574
3,1740,0.6022045125800325
3,1741,0.6567184490582001
3,1742,0.6322451081710028
3,1743,0.7116378308682755
3,1744,0.696090329636922
3,1745,0.7196208608321567
3,1746,0.8039401412302338
3,1747,0.8277176480387785
3,1748,0.8022679428718638
3,1749,0.7582643414390624
3,1750,0.5242903672400151
3,1751,0.7032352782225775
3,1752,0.4989785220935236
3,1753,0.4321544196036278
3,1754,0.5483181121217265
3,1755,0.6490882816156845
3,1756,0.7178829047476446
3,1757,0.6489210535058905
3,1758,0.6442928554600209
3,1759,0.6800962283092635
3,1760,0.7243545884392739
3,1761,0.747570424712814
3,1762,0.6150506328975678
3,1763,0.5600254674905748
3,1764,0.7029660250404037
3,1765,0.6321991213483842
3,1766,0.37417981391258226
3,1767,0.8022666135996811
3,1768,0.7465007275957793
3,1769,0.46335086928978153
3,1770,0.6288703954653033
3,1771,0.6514765517225916
3,1772,0.5905751686559537
3,1773,0.6185177983187216
3,1774,0.675242220259126
3,1775,0.6601928845673586
3,1776,0.6913257901218047
3,1777,0.7853446920824658
3,1778,0.7167003732116222
3,1779,0.6232350637156296
3,1780,0.4782660825871777
3,1781,0.5440805729776678
3,1782,0.5168241906616193
3,1783,0.47330480305481465
3,1784,0.4959539762488351
3,1785,0.5895740725378638
3,1786,0.6724379660932176
3,1787,0.7014812061111712
3,1788,0.5806167098360513
3,1789,0.6569114596292702
3,1790,0.6227073361575725
3,1791,0.6882315371441584
3,1792,0.7367310162932147
3,1793,0.6221820311038069
3,1794,0.6765365440173812
3,1795,0.5587534032841044
3,1796,0.7212178459546202
3,1797,0.7552926278632852
3,1798,0.5914324820246205
3,1799,0.3956064474649061
3,1800,0.6491515957622294
3,1801,0.740487923446926
3,1802,0.5932575681302069
3,1803,0.7854923949681107
3,1804,0.7131197670127297
3,1805,0.7162937600070857
3,1806,0.6715947516073204
3,1807,0.6734286179784742
3,1808,0.566406604918994
3,1809,0.4735743308565059
3,1810,0.5916631349404784
3,1811,0.5884454525973896
3,1812,0.672850430261705
3,1813,0.6398309859981984
3,1814,0.7439851442453502
3,1815,0.7034710556320498
3,1816,0.7619866497578693
3,1817,0.4307325692768915
3,1818,0.4264631066850081
3,1819,0.5997307735688822
3,1820,0.6694801280150545
3,1821,0.49819244616709757
3,1822,0.5024523502961026
3,1823,0.7993604460014344
3,1824,0.4820211051086176
3,1825,0.6083414048235951
3,1826,0.6584174323612628
3,1827,0.630434094789219
3,1828,0.7044897639109582
3,1829,0.6645368980309884
3,1830,0.6819084714832403
3,1831,0.8196180525718949
3,1832,0.6421585578411905
3,1833,0.5854187975557064
3,1834,0.5895545336496265
3,1835,0.7225936055788655
3,1836,0.6671617261629763
3,1837,0.7659008429652472
3,1838,0.5742340441281978
3,1839,0.7709746580353094
3,1840,0.5744363929970229
3,1841,0.5204591399453286
3,1842,0.7391473254112745
3,1843,0.6728363289725903
3,1844,0.786063853700236
3,1845,0.6408010162310491
3,1846,0.6515722891474985
3,1847,0.5033367486541145
3,1848,0.47370692346215637
3,1849,0.4624037295898868
3,1850,0.49000277543580306
3,1851,0.627715185565249
3,1852,0.5438097005601161
3,1853,0.5124375044243479
3,1854,0.5971004826213662
3,1855,0.6472264360346994
3,1856,0.8033467079139914
3,1857,0.6378743616720386
3,1858,0.6521433208537066
3,1859,0.7106572673135215
3,1860,0.6617349073769047
3,1861,0.5767339509487854
3,1862,0.5871929677857195
3,1863,0.8307700521577394
3,1864,0.8926781584679047
3,1865,0.6585622365940215
3,1866,0.6675449026382526
3,1867,0.6430561675009681
3,1868,0.7090826048766742
3,1869,0.686408045084285
3,1870,0.5973733435789115
3,1871,0.7787435418416058
3,1872,0.7727895604002214
3,1873,0.7358418127510018
3,1874,0.7652974832130383
3,1875,0.4752939448167686
3,1876,0.7508144101791521
3,1877,0.5791398660263848
3,1878,0.6206787997557016
3,1879,0.668857315424262
3,1880,0.5055629233620463
3,1881,0.6147539943529223
3,1882,0.6301564431659966
3,1883,0.8613843244736572
3,1884,0.6916822087461465
3,1885,0.672124912264547
3,1886,0.5954010694584715
3,1887,0.7755475326054341
3,1888,0.6936719013234667
3,1889,0.8388354556269199
3,1890,0.5033840030571717
3,1891,0.5500327180280657
3,1892,0.7625363462964517
3,1893,0.5307585176170959
3,1894,0.5889948057672026
3,1895,0.7724611738446913
3,1896,0.4287250344150367
3,1897,0.8677076706568417
3,1898,0.866007819314685
3,1899,0.7873919657975628
3,1900,0.5720368148819989
3,1901,0.6452727988254815
3,1902,0.6057566262560448
3,1903,0.7355307559734122
3,1904,0.7848837723931518
3,1905,0.615340457469659
3,1906,0.8275811644189257
3,1907,0.6785838990785081
3,1908,0.5051957814866662
3,1909,0.5670946997161443
3,1910,0.5325481171153753
3,1911,0.48501813283637946
3,1912,0.743834521155464
3,1913,0.5200157791585184
3,1914,0.5155940023196416
3,1915,0.6504269877722246
3,1916,0.5760855543716552
3,1917,0.7498502910628266
3,1918,0.4303169611799509
3,1919,0.709103199367377
3,1920,0.6916375104592122
3,1921,0.5140636595722307
3,1922,0.6507400315429241
3,1923,0.5131230615015184
3,1924,0.41777218181266657
3,1925,0.7596457935652554
3,1926,0.7063682344582943
3,1927,0.748566231925315
3,1928,0.4382802476709266
3,1929,0.7459798687015037
3,1930,0.6264212464786815
3,1931,0.6776862242812279
3,1932,0.5589899214681372
3,1933,0.6610292229710053
3,1934,0.6610292229710053
3,1935,0.7491495231796569
3,1936,0.6729803982950534
3,1937,0.7650684397045173
3,1938,0.7556526709300644
3,1939,0.7208665042992709
3,1940,0.7317888900923993
3,1941,0.6950494477718834
3,1942,0.6137009678581513
3,1943,0.6740875347089038
3,1944,0.6740875347089038
3,1945,0.49433477001157505
3,1946,0.8220724291697342
3,1947,0.6129317198177251
3,1948,0.6560405335679742
3,1949,0.6397219785419463
3,1950,0.637228971319416
3,1951,0.7473366194058393
3,1952,0.807225105790249
3,1953,0.4704098585144245
3,1954,0.4704098585144245
3,1955,0.4984915881594049
3,1956,0.8619056108964266
3,1957,0.34515698327636746
3,1958,0.40496652639559205
3,1959,0.4402147951790714
3,1960,0.5189715945361736
3,1961,0.7805439690376827
3,1962,0.5075657464344462
3,1963,0.7644841949371002
3,1964,0.7454089223067838
3,1965,0.7125339461531647
3,1966,0.4751785173690622
3,1967,0.6637981426314642
3,1968,0.7172417380902883
3,1969,0.7609674197073953
3,1970,0.6708014551719428
3,1971,0.6036712546868772
3,1972,0.6044801330561884
3,1973,0.5870362169636191
3,1974,0.6548753043180358
3,1975,0.7923045638827945
3,1976,0.8395430348528872
3,1977,0.6138831932222683
3,1978,0.600501262409727
3,1979,0.5655882218699518
3,1980,0.48078229007688966
3,1981,0.8327463808434881
3,1982,0.8375983322577032
3,1983,0.8623042574278278
3,1984,0.5154725608975489
3,1985,0.739082266577938
3,1986,0.3629472036566282
3,1987,0.7360648040097065
3,1988,0.6309935187690722
3,1989,0.6679144142335239
3,1990,0.6973678227413167
3,1991,0.6949943050262443
3,1992,0.7040425196793243
3,1993,0.7498907014171438
3,1994,0.8145324561582626
3,1995,0.5718060199182534
3,1996,0.6943746124406186
3,1997,0.4914636541463472
3,1998,0.6477374770006562
3,1999,0.553284130760741
3,2000,0.5374791499119654
3,2001,0.6332211690949445
3,2002,0.5999878273553049
3,2003,0.5903430315720718
3,2004,0.8394556341656939
3,2005,0.9001994377584075
3,2006,0.3596532693566399
3,2007,0.6223571260501717
3,2008,0.4868578556943717
3,2009,0.6682557042898334
3,2010,0.5616915797109501
3,2011,0.5960567678506032
3,2012,0.7623507448705807
3,2013,0.6409843440626564
3,2014,0.5478891510414033
3,2015,0.8076292626271087
3,2016,0.5722068662476825
3,2017,0.5832820771451072
3,2018,0.703170132419582
3,2019,0.6674273257391323
3,2020,0.6658903465764119
3,2021,0.6460066215141014
3,2022,0.7406308177223291
3,2023,0.5324572797446216
3,2024,0.6427663667599639
3,2025,0.7717415670449396
3,2026,0.6198303587089133
3,2027,0.6890992348145384
3,2028,0.5131684148081791
3,2029,0.572097740173005
3,2030,0.8385182390218607
3,2031,0.5276522197170789
3,2032,0.7755677768420256
3,2033,0.6071923122968224
3,2034,0.6973105100512498
3,2035,0.48972750948607535
3,2036,0.5636643915582962
3,2037,0.6289854023179258
3,2038,0.6007673724835092
3,2039,0.6884349951960369
3,2040,0.6584922436368573
3,2041,0.6033734945022238
3,2042,0.6242434680334361
3,2043,0.4656361830774495
3,2044,0.7867421496153353
3,2045,0.6450919280349516
3,2046,0.49718318731936123
3,2047,0.5698856125734219
3,2048,0.5350972973149094
3,2049,0.4195697635461277
3,2050,0.7138331006145235
3,2051,0.7229725713580588
3,2052,0.8359921722387285
3,2053,0.675716744735837
3,2054,0.571842143262636
3,2055,0.5797454187552841
3,2056,0.5823454792069133
3,2057,0.677352940946363
3,2058,0.41515437196701066
3,2059,0.6138320402586814
3,2060,0.6911106431965852
3,2061,0.6921847224517095
3,2062,0.5049341117628439
3,2063,0.7067922887217782
3,2064,0.7112687098646003
3,2065,0.6271494943517858
3,2066,0.566211011627873
3,2067,0.5173398952865951
3,2068,0.6726824489921679
3,2069,0.7363229197928723
3,2070,0.6532109028838942
3,2071,0.6774246295538204
3,2072,0.6453966939968324
3,2073,0.5920198407681061
3,2074,0.7131525216193105
3,2075,0.5572811261522426
3,2076,0.7482871200742637
3,2077,0.5817019749647588
3,2078,0.681732985694552
3,2079,0.651271380671888
3,2080,0.5950919930228666
3,2081,0.8075662559967095
3,2082,0.7910225200977268
3,2083,0.3804379456802494
3,2084,0.8399055293494475
3,2085,0.7252692760424777
3,2086,0.5576506371973977
3,2087,0.5026995165503347
3,2088,0.7595220415054829
3,2089,0.6899174835368652
3,2090,0.7377204909895174
3,2091,0.6602509671513614
3,2092,0.6762746516121654
3,2093,0.573768345923907
3,2094,0.7098620008401665
3,2095,0.6649675383402774
3,2096,0.7401897326799179
3,2097,0.5593180975447796
3,2098,0.6967791260667107
3,2099,0.6393981406755305
3,2100,0.43138598860944594
3,2101,0.7008144342717167
3,2102,0.48352868265521487
3,2103,0.6711495202660027
3,2104,0.5709318537426983
3,2105,0.5424869733958115
3,2106,0.6844994472216823
3,2107,0.7606080805869196
3,2108,0.7462466594537992
3,2109,0.40541822146228756
3,2110,0.4775751515872285
3,2111,0.6853206963196836
3,2112,0.527257812112094
3,2113,0.7332197449589145
3,2114,0.7340156859784809
3,2115,0.6103855812985544
3,2116,0.6035315493627028
3,2117,0.7096385489064302
3,2118,0.6741437138138119
3,2119,0.7013745941603324
3,2120,0.544522472537101
3,2121,0.5779307012604493
3,2122,0.848018213178617
3,2123,0.4823323983421897
3,2124,0.667166558293082
3,2125,0.32442036680070774
3,2126,0.30110472740972416
3,2127,0.6774304600653023
3,2128,0.6509292456807481
3,2129,0.5522836518437864
3,2130,0.6806084553624124
3,2131,0.8260932355035268
3,2132,0.7992526190844975
3,2133,0.6163523881499205
3,2134,0.7551519725574561
3,2135,0.7181045352733124
3,2136,0.75463955473312
3,2137,0.6383322214367655
3,2138,0.7368981539654564
3,2139,0.7812798010663963
3,2140,0.46525245237067736
3,2141,0.7505886541973653
3,2142,0.4659158277433747
3,2143,0.7579798204504152
3,2144,0.676666383898047
3,2145,0.7530979173383859
3,2146,0.5356430131410886
3,2147,0.2696113049988269
3,2148,0.16884260399552278
3,2149,0.4347669082361348
3,2150,0.6566195517807419
3,2151,0.7376633799847678
3,2152,0.6920237976108761
3,2153,0.590579443095816
3,2154,0.5987319413104872
3,2155,0.4980266746685804
3,2156,0.48910167815486644
3,2157,0.5583875292040738
3,2158,0.7640377154069822
3,2159,0.7597100651183919
3,2160,0.8024762921766586
3,2161,0.6605494625488126
3,2162,0.6104869520921216
3,2163,0.8358393387792196
3,2164,0.5878294746520625
3,2165,0.8223944372846099
3,2166,0.8824865074670861
3,2167,0.8915388662887516
3,2168,0.6089056116254833
3,2169,0.6425786936354506
3,2170,0.4778566657165718
3,2171,0.506653957857827
3,2172,0.6060023788153569
3,2173,0.7990560798452931
3,2174,0.609366585645669
3,2175,0.730840627934017
3,2176,0.6477323485295272
3,2177,0.7832662981264396
3,2178,0.7117520157723866
3,2179,0.6607693449872204
3,2180,0.8529702969982904
3,2181,0.7580738780102331
3,2182,0.7230219655752089
3,2183,0.5122434382439883
3,2184,0.6851927341160817
3,2185,0.6851927341160817
3,2186,0.44109319702018035
3,2187,0.5770633145319749
3,2188,0.5804261871476523
3,2189,0.7559752789292179
3,2190,0.8546451961810068
3,2191,0.769432943591249
3,2192,0.5917739572211832
3,2193,0.5885602905489052
3,2194,0.3480167896726
3,2195,0.7258400788912318
3,2196,0.5888611874947106
3,2197,0.600003284953542
3,2198,0.6845014622274793
3,2199,0.7129514963203976
3,2200,0.5724567062746884
3,2201,0.5365519787473024
3,2202,0.6570653645552007
3,2203,0.6360204164267849
3,2204,0.6008788728738517
3,2205,0.530250453128104
3,2206,0.8113765204523112
3,2207,0.6278363408174962
3,2208,0.6642258226109442
3,2209,0.692210186687442
3,2210,0.6307200665629173
3,2211,0.7531246329399742
3,2212,0.7233255679204658
3,2213,0.770088956484158
3,2214,0.6188468065809485
3,2215,0.6395622809232363
3,2216,0.6445205531366283
3,2217,0.6763096587948457
3,2218,0.6931312289489737
3,2219,0.7035892410210108
3,2220,0.44359650136470624
3,2221,0.6180987570100243
3,2222,0.6683123845794158
3,2223,0.6710902837366103
3,2224,0.49732798361132186
3,2225,0.566682311367142
3,2226,0.4927457957885392
3,2227,0.50089553067513
3,2228,0.45008158518859465
3,2229,0.36508890898532054
3,2230,0.453639528484835
3,2231,0.8275554354782961
3,2232,0.6866599987651381
3,2233,0.6214519234086756
3,2234,0.6192122376987134
3,2235,0.5835141596877959
3,2236,0.47168018120516186
3,2237,0.6162140826886027
3,2238,0.574965119772937
3,2239,0.8430685938286653
3,2240,0.7743495675865192
3,2241,0.7458655319491804
3,2242,0.5550697642001754
3,2243,0.7266556440959933
3,2244,0.6528936323795194
3,2245,0.47055045810461127
3,2246,0.4998689176829142
3,2247,0.798785752645766
3,2248,0.631506084807131
3,2249,0.7031423639808955
3,2250,0.5926554215382259
3,2251,0.48794350191729946
3,2252,0.5966223444426282
3,2253,0.6443157332151658
3,2254,0.6642276464190624
3,2255,0.707078409782282
3,2256,0.6747090696239557
3,2257,0.6258749790719337
3,2258,0.6349891297175784
3,2259,0.7510807739835478
3,2260,0.7271857838140466
3,2261,0.7057888144320886
3,2262,0.6924054556639467
3,2263,0.7773528957424053
3,2264,0.5329445287390319
3,2265,0.7681018501927939
3,2266,0.5702589006477733
3,2267,0.6617600798300737
3,2268,0.6291757876243875
3,2269,0.7123595053751645
3,2270,0.7435539237722869
3,2271,0.6691384527116575
3,2272,0.6790533151208359
3,2273,0.6054913277011799
3,2274,0.31362464204258395
3,2275,0.7567707846365872
3,2276,0.5707539087705942
3,2277,0.6944408765843623
3,2278,0.5252655837914791
3,2279,0.6006161508204995
3,2280,0.4465191238033962
3,2281,0.8053621182849631
3,2282,0.4969597661647394
3,2283,0.43429621785296696
3,2284,0.3729785572578544
3,2285,0.529083097379969
3,2286,0.5135102567808065
3,2287,0.6103698571779538
3,2288,0.34658211658639987
3,2289,0.6091973327268689
3,2290,0.5197799549092145
3,2291,0.8598119836214174
3,2292,0.5799059343915414
3,2293,0.6902505999459161
3,2294,0.7661509664562369
3,2295,0.7583771988234397
3,2296,0.5930545703454275
3,2297,0.5279754681407758
3,2298,0.4562602142689227
3,2299,0.6686074762143918
3,2300,0.6724980255414059
3,2301,0.716365182849406
3,2302,0.8057907395107169
3,2303,0.8022082035745446
3,2304,0.4375946454920591
3,2305,0.5229389279494481
3,2306,0.4523988025512107
3,2307,0.5880810900328229
3,2308,0.7390497870695524
3,2309,0.7265242689183474
3,2310,0.552075806752667
3,2311,0.4357488499007632
3,2312,0.6172629176065121
3,2313,0.718242787790105
3,2314,0.7530215395294436
3,2315,0.4622825681122386
3,2316,0.40315610609981084
3,2317,0.3594012525859058
3,2318,0.5060294336688909
3,2319,0.8191362032968625
3,2320,0.4826237184758496
3,2321,0.7111123626566781
3,2322,0.6201072385484447
3,2323,0.7436128988817184
3,2324,0.719682615143723
3,2325,0.9078254418850608
3,2326,0.8366462727592697
3,2327,0.8557083052184072
3,2328,0.39693607947254966
3,2329,0.7499128843488649
3,2330,0.6709814674049227
3,2331,0.6506593238936863
3,2332,0.7056750624629459
3,2333,0.4241073037008903
3,2334,0.566955974969879
3,2335,0.5995256705689141
3,2336,0.6783450742186999
3,2337,0.6929432775768549
3,2338,0.6010460454495771
3,2339,0.7221852748957533
3,2340,0.7237672171064943
3,2341,0.8310832628797932
3,2342,0.26097779516869635
3,2343,0.5441074600978483
3,2344,0.6959475523884976
3,2345,0.5969673319251356
3,2346,0.6408519354108358
3,2347,0.7273671602118222
3,2348,0.584755315943686
3,2349,0.721592316366884
3,2350,0.7125363068057455
3,2351,0.7854901128810857
3,2352,0.7285146140529573
3,2353,0.5573821040934507
3,2354,0.4547706818182091
3,2355,0.7507604171259348
3,2356,0.5904109233278885
3,2357,0.6496651352535294
3,2358,0.6274074404957193
3,2359,0.6305993032399994
3,2360,0.6142535349101644
3,2361,0.7415544180661169
3,2362,0.61767144667774
3,2363,0.5668692530177184
3,2364,0.6710292203103043
3,2365,0.6476918762136612
3,2366,0.5755660396555287
3,2367,0.7048433153137943
3,2368,0.4555495658477956
3,2369,0.5709017221647913
3,2370,0.6952045798409074
3,2371,0.6812267556954158
3,2372,0.7564626706228929
3,2373,0.5894593956915939
3,2374,0.680629477634449
3,2375,0.6978062805604852
3,2376,0.732899128867163
3,2377,0.7931989166158687
3,2378,0.787446779822727
3,2379,0.7833032505267247
3,2380,0.5660841313515403
3,2381,0.5818038812606285
3,2382,0.6930669965369545
3,2383,0.49328704193770473
3,2384,0.4535173819418315
3,2385,0.7132260850265595
3,2386,0.7723903583611971
3,2387,0.7523431651947676
3,2388,0.4187032710013298
3,2389,0.6048471303504616
3,2390,0.7232108698249784
3,2391,0.5558036536307368
3,2392,0.618453815859995
3,2393,0.8078252902443522
3,2394,0.7336454841660345
3,2395,0.8597628690545429
3,2396,0.7460352713957185
3,2397,0.6579788220711632
3,2398,0.6752140951723167
3,2399,0.683435935765869
3,2400,0.6827179723223489
3,2401,0.7806766340170548
3,2402,0.7580795275512797
3,2403,0.645611738173075
3,2404,0.6916891572802396
3,2405,0.4850189421243755
3,2406,0.778161535773721
3,2407,0.7607324441925204
3,2408,0.5886950269622273
3,2409,0.8275006266152867
3,2410,0.46400926527726144
3,2411,0.7477463988005745
3,2412,0.6295654662639277
3,2413,0.6944191138433775
3,2414,0.7478135650966625
3,2415,0.6468569420710848
3,2416,0.5565361853973319
3,2417,0.6882958720736254
3,2418,0.4806088917843148
3,2419,0.6699491701309843
3,2420,0.8219124909061616
3,2421,0.5541814943670259
3,2422,0.7260331211205612
3,2423,0.6070655886128504
3,2424,0.7757473662901012
3,2425,0.6118265901804276
3,2426,0.7226991125788192
3,2427,0.6702147010470736
3,2428,0.7154522064316464
3,2429,0.6828315199461583
3,2430,0.6868371110926363
3,2431,0.6042678381870109
3,2432,0.6775761151312889
3,2433,0.6863485511253844
3,2434,0.7183531827014279
3,2435,0.5670249652430823
3,2436,0.4215041680577139
3,2437,0.46206474913910234
3,2438,0.39221242250516974
3,2439,0.6777394593058486
3,2440,0.6733214258586442
3,2441,0.6016482487633094
3,2442,0.5929292358367663
3,2443,0.8265379669822648
3,2444,0.6742575258759225
3,2445,0.6296488573639184
3,2446,0.6111561684812385
3,2447,0.7318281179802466
3,2448,0.6949495424070491
3,2449,0.7223340910227579
3,2450,0.6105208333683274
3,2451,0.6083049303861844
3,2452,0.609439012364891
3,2453,0.4988395340987554
3,2454,0.6228775146294607
3,2455,0.7098527746072811
3,2456,0.7102136096413494
3,2457,0.5786025272923955
3,2458,0.7383638931197698
3,2459,0.48831311638299346
3,2460,0.7601469944192394
3,2461,0.5218819248409138
3,2462,0.6360177023868441
3,2463,0.6980371876788017
3,2464,0.6883177799793685
3,2465,0.5282810881622743
3,2466,0.670398940641066
3,2467,0.7635352034525873
3,2468,0.5225951147232427
3,2469,0.6401102637489962
3,2470,0.7573397643397833
3,2471,0.7520553082326606
3,2472,0.634326922505668
3,2473,0.7023169821919103
3,2474,0.720451528844286
3,2475,0.7539328469656894
3,2476,0.7064970494237185
3,2477,0.7242957481674535
3,2478,0.6607985544721324
3,2479,0.6647168118231574
3,2480,0.36793614364451316
3,2481,0.48453821141348613
3,2482,0.45375733716561834
3,2483,0.7704790703105303
3,2484,0.5748238053749122
3,2485,0.7321132168849084
3,2486,0.6158429698076059
3,2487,0.5468482457895459
3,2488,0.646239780912577
3,2489,0.5026455332582084
3,2490,0.7288934247782642
3,2491,0.7059223716867828
3,2492,0.725047371869873
3,2493,0.5450709107392169
3,2494,0.6169187093981147
3,2495,0.6400748445401686
3,2496,0.558838831917866
3,2497,0.6928440871384467
3,2498,0.840992418895135
3,2499,0.7447637474419295
3,2500,0.5863659958942405
3,2501,0.5636420187979578
3,2502,0.5820434122477012
3,2503,0.6338908984903157
3,2504,0.7045328069538113
3,2505,0.4944675267559939
3,2506,0.5015050900781224
3,2507,0.704903469140299
3,2508,0.5810616023291691
3,2509,0.7950556569153827
3,2510,0.37632120511032646
3,2511,0.5275218516505603
3,2512,0.6953068687778095
3,2513,0.7046892607906277
3,2514,0.6807642316367668
3,2515,0.7834265469006628
3,2516,0.7625371164329695
3,2517,0.6627434439192428
3,2518,0.6799027353668522
3,2519,0.8524414288014658
3,2520,0.8549106274987688
3,2521,0.8637167530404246
3,2522,0.8494703787362636
3,2523,0.7869480418376046
3,2524,0.7630645265193834
3,2525,0.7275517026222716
3,2526,0.6419465356676054
3,2527,0.6272704425697587
3,2528,0.6423145083766072
3,2529,0.5512253647451001
3,2530,0.5226300312453583
3,2531,0.5612030349383725
3,2532,0.7195172680153076
3,2533,0.6479823174565287
3,2534,0.6610677854311017
3,2535,0.4534159349998133
3,2536,0.7029681664903263
3,2537,0.49809676154717963
3,2538,0.7418897248531077
3,2539,0.6737306912389296
3,2540,0.6960171569004856
3,2541,0.4877774902213943
3,2542,0.5010198102469566
3,2543,0.7986864516950796
3,2544,0.5505494468697165
3,2545,0.7492527471824124
3,2546,0.7340956537450698
3,2547,0.6466231409219878
3,2548,0.6794713292834366
3,2549,0.6183459715597137
3,2550,0.5242683687962607
3,2551,0.4976201354973938
3,2552,0.513980692075749
3,2553,0.47085148072624833
3,2554,0.8500879623523094
3,2555,0.3704354650583157
3,2556,0.6082144454519077
3,2557,0.3808399917423713
3,2558,0.27502410493571705
3,2559,0.34897592750022366
3,2560,0.49879400431269016
3,2561,0.7019245623486394
3,2562,0.6304712681185408
3,2563,0.629197162632445
3,2564,0.6527759024235428
3,2565,0.7177625416862553
3,2566,0.7103438161021731
3,2567,0.7113915268092338
3,2568,0.71774964085622
3,2569,0.564297263152551
3,2570,0.8430398753530618
3,2571,0.8336245892474258
3,2572,0.8480105859869789
3,2573,0.6439545327102141
3,2574,0.6443984876143037
3,2575,0.7476172245531026
3,2576,0.5730368745642432
3,2577,0.7690079814341364
3,2578,0.845024050952792
3,2579,0.6364603575543963
3,2580,0.6495174979852864
3,2581,0.7582103786423142
3,2582,0.7588496853077091
3,2583,0.7789459109439315
3,2584,0.8238670012451489
3,2585,0.8287227004493121
3,2586,0.7820690396235755
3,2587,0.5787877089453083
3,2588,0.5682457234444855
3,2589,0.44924719830036425
3,2590,0.4701374966810064
3,2591,0.6873771573551166
3,2592,0.6582198850724246
3,2593,0.7081094271566775
3,2594,0.5885031976525794
3,2595,0.6228480013713944
3,2596,0.5738068928115062
3,2597,0.70455926363083
3,2598,0.6661919816689542
3,2599,0.7636914343408641
3,2600,0.7563825158189962
3,2601,0.7373312190986466
3,2602,0.760798163246826
3,2603,0.7797785955732628
3,2604,0.7222929153627615
3,2605,0.592916274248296
3,2606,0.6464123998618241
3,2607,0.5784389610019137
3,2608,0.36363805284734013
3,2609,0.33613313675949247
3,2610,0.6481088720677468
3,2611,0.4678198163535236
3,2612,0.5185755976939795
3,2613,0.5984465619230862
3,2614,0.8206633704128892
3,2615,0.7448419063975077
3,2616,0.8301244271815925
3,2617,0.7744503187511566
3,2618,0.6297724634704797
3,2619,0.636398875254372
3,2620,0.5211063049886442
3,2621,0.7175900010739916
3,2622,0.7711580817515777
3,2623,0.8257185211563063
3,2624,0.699809690468117
3,2625,0.6291336309027779
3,2626,0.6207278080766369
3,2627,0.6677085939471648
3,2628,0.615634141877069
3,2629,0.6379751209131241
3,2630,0.6421508193337329
3,2631,0.5099051606857545
3,2632,0.6444497620425046
3,2633,0.6456034553506566
3,2634,0.6779587327522326
3,2635,0.6887154955454384
3,2636,0.5094028300023811
3,2637,0.7372921454400588
3,2638,0.64120751281299
3,2639,0.5639720663580199
3,2640,0.4839082029982418
3,2641,0.498276664173835
3,2642,0.7345015001130131
3,2643,0.584817052786322
3,2644,0.6464070473794822
3,2645,0.40217684925035385
3,2646,0.41577833562620464
3,2647,0.5778358289847707
3,2648,0.7428595065888092
3,2649,0.7248468018897278
3,2650,0.6430125113040359
3,2651,0.5845731249184624
3,2652,0.7134787854450548
3,2653,0.7086818676488207
3,2654,0.6987353086397331
3,2655,0.584832942153465
3,2656,0.4754708717835478
3,2657,0.4737269702507523
3,2658,0.7771188130365851
3,2659,0.6340728886559478
3,2660,0.7232293619697177
3,2661,0.5176220870388317
3,2662,0.7787055232385068
3,2663,0.7489857310006887
3,2664,0.38295831943970754
3,2665,0.8380780006997522
3,2666,0.5406016966078604
3,2667,0.6041859536354658
3,2668,0.5652042526992478
3,2669,0.6648042669959152
3,2670,0.7896716384639593
3,2671,0.7018992244347856
3,2672,0.5253553420180822
3,2673,0.8306442968573896
3,2674,0.7142336428813909
3,2675,0.5971883309670968
3,2676,0.6033728265227373
3,2677,0.5788292141160161
3,2678,0.5703453053877146
3,2679,0.5171724210093748
3,2680,0.6352026069627292
3,2681,0.7096217962522513
3,2682,0.6318103999381982
3,2683,0.6870429972852937
3,2684,0.5577108299326602
3,2685,0.6076700440120144
3,2686,0.6614818183539791
3,2687,0.6962350345089977
3,2688,0.694526050553913
3,2689,0.7541741747384004
3,2690,0.6618986406612315
3,2691,0.7197938030899937
3,2692,0.7062157051329542
3,2693,0.726618343851797
3,2694,0.7174026705080049
3,2695,0.7812838406747086
3,2696,0.7463602640264517
3,2697,0.6860022037247616
3,2698,0.7425058904886903
3,2699,0.7694574012184786
3,2700,0.7865980183325936
3,2701,0.5647440907210812
3,2702,0.5627474379569872
3,2703,0.5880929060288805
3,2704,0.6349162349394039
3,2705,0.5737742393351657
3,2706,0.6440369024598604
3,2707,0.8085142873536655
3,2708,0.5586884431737706
3,2709,0.699880723296046
3,2710,0.8022992496413558
3,2711,0.5842983513079584
3,2712,0.6196202400302591
3,2713,0.661561559063695
3,2714,0.4344942837338413
3,2715,0.42550701284425885
3,2716,0.48264534657685076
3,2717,0.5890736093022411
3,2718,0.7458116324471031
3,2719,0.7231280888728252
3,2720,0.7935222315180023
3,2721,0.6214057305252138
3,2722,0.6142395915970927
3,2723,0.6759786624135863
3,2724,0.6448923804807788
3,2725,0.48917602887326067
3,2726,0.6658280764445579
3,2727,0.6562589674121776
3,2728,0.5474913202179255
3,2729,0.3703613339537732
3,2730,0.5925733918681011
3,2731,0.7198172538675339
3,2732,0.7407008664695263
3,2733,0.6692116137703086
3,2734,0.7511012330104296
3,2735,0.6430377472729748
3,2736,0.5696628041589461
3,2737,0.7709717041258525
3,2738,0.668800875172319
3,2739,0.8340812708414235
3,2740,0.7530617011449692
3,2741,0.5010789364137593
3,2742,0.665342165827035
3,2743,0.7290024095832655
3,2744,0.6773195834330028
3,2745,0.6873456542197731
3,2746,0.47436906693124387
3,2747,0.6413256715329588
3,2748,0.7039513917958823
3,2749,0.6695381926924519
3,2750,0.6075687863919516
3,2751,0.5284634880112191
3,2752,0.5806531315612578
3,2753,0.6615614706103057
3,2754,0.7237825808327426
3,2755,0.7597152630016818
3,2756,0.7524906350332248
3,2757,0.2939528564587889
3,2758,0.24178918652389797
3,2759,0.586238356286387
3,2760,0.7506218971290523
3,2761,0.5730684666933157
3,2762,0.5548877800444765
3,2763,0.7779779570199582
3,2764,0.7764253064476762
3,2765,0.6171002180015179
3,2766,0.6200407023426998
3,2767,0.5124671054723131
3,2768,0.27947589191495714
3,2769,0.3277579270475333
3,2770,0.7731502076306259
3,2771,0.6227977670061541
3,2772,0.7037526536447044
3,2773,0.619085810512113
3,2774,0.6131201241928269
3,2775,0.5897292533409245
3,2776,0.6505401549996358
3,2777,0.4941402572543273
3,2778,0.6062659294158811
3,2779,0.6638546868024722
3,2780,0.7271341897406329
3,2781,0.5635731555155106
3,2782,0.6663267089259487
3,2783,0.6178743826871521
3,2784,0.5331515818285854
3,2785,0.7313323536580674
3,2786,0.4812535952427031
3,2787,0.8216346016637712
3,2788,0.8006351782585632
3,2789,0.64069365367665
3,2790,0.5423861331652838
3,2791,0.663119753351733
3,2792,0.538574040234696
3,2793,0.7832567569860994
3,2794,0.7734511977389781
3,2795,0.5678741417448755
3,2796,0.47323495919300446
3,2797,0.4573898238820449
3,2798,0.6938670620003269
3,2799,0.4584204175089667
3,2800,0.48857356679961556
3,2801,0.4125730936223467
3,2802,0.6794290577093842
3,2803,0.6278336917097338
3,2804,0.6824158915483393
3,2805,0.7605458978773353
3,2806,0.7948438907394165
3,2807,0.5056225729049361
3,2808,0.54591154474561
3,2809,0.7182610712639006
3,2810,0.684090687285722
3,2811,0.6853528137184542
3,2812,0.6750486601221789
3,2813,0.7777764724042664
3,2814,0.7955200148351439
3,2815,0.5798727919933832
3,2816,0.7497935497266673
3,2817,0.6384372326691674
3,2818,0.7716157820178423
3,2819,0.5580939689057444
3,2820,0.77467926507944
3,2821,0.7522300343555612
3,2822,0.5445343173556709
3,2823,0.5654648370708255
3,2824,0.7082136263885018
3,2825,0.6404906224709034
3,2826,0.6897459172696501
3,2827,0.5357919184341562
3,2828,0.6005880996692035
3,2829,0.7893562604493797
3,2830,0.3829161370710584
3,2831,0.3642194461298563
3,2832,0.42996928107611665
3,2833,0.383328408236648
3,2834,0.6358547079246885
3,2835,0.7030748510169493
3,2836,0.6634181263276071
3,2837,0.6436897675808891
3,2838,0.8056680107974502
3,2839,0.7490704495649476
3,2840,0.669247231694043
3,2841,0.6467635932495228
3,2842,0.6122586894703764
3,2843,0.7287300124099227
3,2844,0.6988399214000985
3,2845,0.7420676671921126
3,2846,0.7451832117112973
3,2847,0.6838149249457207
3,2848,0.6744562425198246
3,2849,0.6876096541638677
3,2850,0.3702127264846427
3,2851,0.4619351942333805
3,2852,0.7902096387481793
3,2853,0.591068117335659
3,2854,0.8213688496728454
3,2855,0.7400801481050159
3,2856,0.5269774925091191
3,2857,0.695995242163433
3,2858,0.6860218926936584
3,2859,0.6990554444338121
3,2860,0.679349133673073
3,2861,0.7040933152157376
3,2862,0.6951225488268521
3,2863,0.5110273014218959
3,2864,0.8153026789784302
3,2865,0.5167079590598251
3,2866,0.6997058482393886
3,2867,0.6629343025104044
3,2868,0.6310532911133333
3,2869,0.7347557863417462
3,2870,0.7723258673986503
3,2871,0.7231240485458645
3,2872,0.5801973642538046
3,2873,0.5552909366969284
3,2874,0.6560134373025488
3,2875,0.7674864708015977
3,2876,0.5032752600069302
3,2877,0.7412573005543658
3,2878,0.7283028483347647
3,2879,0.7516175109230778
3,2880,0.7848008035776445
3,2881,0.4405264805612807
3,2882,0.4824815156647152
3,2883,0.7989263362010233
3,2884,0.7101521636933769
3,2885,0.4673502245253247
3,2886,0.47525972309278974
3,2887,0.7180517970677008
3,2888,0.7257055023132589
3,2889,0.6244308990028016
3,2890,0.6232868662209128
3,2891,0.6868280142246745
3,2892,0.5500288477904843
3,2893,0.7886095505403913
3,2894,0.7298504357921598
3,2895,0.5156745042484179
3,2896,0.7079780406640616
3,2897,0.7398787941292291
3,2898,0.6859063244756125
3,2899,0.7353907358630929
3,2900,0.6587543226885195
3,2901,0.744155441463991
3,2902,0.5855939080478848
3,2903,0.8309985362285071
3,2904,0.8409888949403436
3,2905,0.9099850658021557
3,2906,0.4388518231933536
3,2907,0.43497023206293794
3,2908,0.7209654190173409
3,2909,0.6326025645350588
3,2910,0.6009117533888867
3,2911,0.43129187729469837
3,2912,0.45312294518065005
3,2913,0.5293353738653095
3,2914,0.7327300037974873
3,2915,0.5825272302257423
3,2916,0.5810298076615179
3,2917,0.4985525769878376
3,2918,0.4437265098569695
3,2919,0.7522250067496341
3,2920,0.8865925581228018
3,2921,0.767758909383574
3,2922,0.4444325727024857
3,2923,0.8436396558966669
3,2924,0.5774163001915793
3,2925,0.758942082342506
3,2926,0.4773494279266979
3,2927,0.5153857006865652
3,2928,0.54818256271059
3,2929,0.697442339532787
3,2930,0.7410623385774904
3,2931,0.6754664265333831
3,2932,0.6549648666296868
3,2933,0.7610969259359919
3,2934,0.6670219865799569
3,2935,0.6630700836788727
3,2936,0.6608823089255226
3,2937,0.6233646329611474
3,2938,0.6768744851899006
3,2939,0.6115105201071513
3,2940,0.6033418845718534
3,2941,0.38454127564152063
3,2942,0.47294993421976567
3,2943,0.6820549667004427
3,2944,0.44219479221430213
3,2945,0.6213504840101053
3,2946,0.628937944341674
3,2947,0.671830056531915
3,2948,0.8163484449326484
3,2949,0.6152622092222382
3,2950,0.5262311059100754
3,2951,0.5855055812565433
3,2952,0.5612702216261763
3,2953,0.7500353107592785
3,2954,0.6658622570364847
3,2955,0.4306509443096064
3,2956,0.64325752651416
3,2957,0.555859532352882
3,2958,0.6187775617716499
3,2959,0.6757948319972743
3,2960,0.5155094823221559
3,2961,0.7003156202363016
3,2962,0.5670022708955115
3,2963,0.765903162593535
3,2964,0.7336269560477293
3,2965,0.6259515976649603
3,2966,0.7034057725181684
3,2967,0.5185097113057472
3,2968,0.780386037407787
3,2969,0.44885205468921896
3,2970,0.48259044600880513
3,2971,0.5851830301212022
3,2972,0.7001467014328115
3,2973,0.7757197752417512
3,2974,0.7946539498660711
3,2975,0.590244905749568
3,2976,0.4428281635620459
3,2977,0.5141201419438343
3,2978,0.46474547469934363
3,2979,0.8115821263716619
3,2980,0.7093888003725652
3,2981,0.7076344576142148
3,2982,0.5514153023490848
3,2983,0.7388040200703588
3,2984,0.7792812538813604
3,2985,0.48781987405445165
3,2986,0.4243540914436326
3,2987,0.581410667025322
3,2988,0.736270282983518
3,2989,0.607803677150116
3,2990,0.5444938036369333
3,2991,0.5615373632019268
3,2992,0.49913567799932124
3,2993,0.5047393047472154
3,2994,0.7999529063093033
3,2995,0.8196155314713258
3,2996,0.7985728331465233
3,2997,0.7134102258621734
3,2998,0.49620920665364937
3,2999,0.33331733782489353
3,3000,0.6040062054143641
3,3001,0.7545856918565487
3,3002,0.7849875764387025
3,3003,0.7785937018561362
3,3004,0.770650061466533
3,3005,0.60507232376974
3,3006,0.6096207448065091
3,3007,0.6033512658067481
3,3008,0.779692096950451
3,3009,0.7959139316632656
3,3010,0.6116539981847718
3,3011,0.6489640046922593
3,3012,0.6401711016663497
3,3013,0.6716759288925812
3,3014,0.8070986162189591
3,3015,0.7062978134785514
3,3016,0.7341761698226168
3,3017,0.6243432104420238
3,3018,0.6316074617812555
3,3019,0.7251503267779139
3,3020,0.681569056100089
3,3021,0.7227025760038397
3,3022,0.2703730512076142
3,3023,0.7056179073911036
3,3024,0.6830169735370215
3,3025,0.6570754124726292
3,3026,0.8146942194695561
3,3027,0.770118402086447
3,3028,0.46431216442215323
3,3029,0.44193570862373743
3,3030,0.8486703299166036
3,3031,0.6755039963163508
3,3032,0.49373644693847196
3,3033,0.6801147494663279
3,3034,0.7860973951487976
3,3035,0.5854560592168413
3,3036,0.6327969679727419
3,3037,0.8313765538574348
3,3038,0.7492996935690123
3,3039,0.5895944388208196
3,3040,0.635710330659981
3,3041,0.6989201668560923
3,3042,0.605190399830902
3,3043,0.6445187466726309
3,3044,0.6277917729621977
3,3045,0.5834264716241276
3,3046,0.6727370681867213
3,3047,0.6708502933049441
3,3048,0.8218901641885418
3,3049,0.7858047086203924
3,3050,0.6542576780105809
3,3051,0.5273930445782059
3,3052,0.7279538841063176
3,3053,0.653283218144683
3,3054,0.7224101081594937
3,3055,0.6486337151527249
3,3056,0.4918082599470036
3,3057,0.4895505533968869
3,3058,0.6052872257698022
3,3059,0.7824274578554148
3,3060,0.5863581661512689
3,3061,0.8331704955697237
3,3062,0.7170506384673536
3,3063,0.5366737867609059
3,3064,0.6252756294890068
3,3065,0.6798925396840495
3,3066,0.6351515041476152
3,3067,0.6424128940691518
3,3068,0.7153209541845912
3,3069,0.6573004496095898
3,3070,0.6783800469827451
3,3071,0.702753156107359
3,3072,0.5511186621604439
3,3073,0.699827935015639
3,3074,0.6970029873929164
3,3075,0.7203641152058567
3,3076,0.718146141071591
3,3077,0.6999020012440588
3,3078,0.6983010399928887
3,3079,0.6006113132391495
3,3080,0.6913641260246765
3,3081,0.6238838266999778
3,3082,0.6214317882736481
3,3083,0.5009693840539603
3,3084,0.7771960186607684
3,3085,0.790246920199866
3,3086,0.5730714062079981
3,3087,0.36553020243995465
3,3088,0.5199110477215106
3,3089,0.6855775533311163
3,3090,0.6818032043486701
3,3091,0.5067129202127383
3,3092,0.5542618693431941
3,3093,0.7846839322601854
3,3094,0.404077770624112
3,3095,0.4500618930989471
3,3096,0.7659682612994585
3,3097,0.5685877838790456
3,3098,0.6112975288221805
3,3099,0.6821157109458365
3,3100,0.588238692483001
3,3101,0.6959262997236438
3,3102,0.6899054749555267
3,3103,0.6467000623632061
3,3104,0.6827486330297278
3,3105,0.6499771279493425
3,3106,0.7197336190352739
3,3107,0.6880325084074066
3,3108,0.5837853158646522
3,3109,0.5346999007639808
3,3110,0.5857281561929789
3,3111,0.6566434755480353
3,3112,0.6552874511926532
3,3113,0.638483815114551
3,3114,0.7302178079683233
3,3115,0.704363110391204
3,3116,0.6431543503764985
3,3117,0.8209967851902689
3,3118,0.7850111264512715
3,3119,0.6638510014565164
3,3120,0.4061771841043567
3,3121,0.6943376547601088
3,3122,0.7885880750863363
3,3123,0.6272962846386451
3,3124,0.6340825903595614
3,3125,0.7137094276235072
3,3126,0.7792362659760393
3,3127,0.4319033929769728
3,3128,0.47739957321547905
3,3129,0.7490500469205762
3,3130,0.7768465619717575
3,3131,0.7611749144402173
3,3132,0.5549326035067915
3,3133,0.7836725644140107
3,3134,0.553142542364194
3,3135,0.530290706196297
3,3136,0.6518587355972988
3,3137,0.7543483651240763
3,3138,0.6437687167020506
3,3139,0.5469055059274002
3,3140,0.7349966275746964
3,3141,0.5718209746784979
3,3142,0.5020592708484289
3,3143,0.5509071250696137
3,3144,0.6618879854854209
3,3145,0.5858990447053862
3,3146,0.7463274952065284
3,3147,0.6735375944812434
3,3148,0.5948321454587039
3,3149,0.5328387323482086
3,3150,0.6002412767211195
3,3151,0.7654441209692289
3,3152,0.7348476811238241
3,3153,0.4883528102680589
3,3154,0.6565525392606042
3,3155,0.7508319336622086
3,3156,0.7735337034630198
3,3157,0.8506893276469265
3,3158,0.5527521529654777
3,3159,0.6545684145043382
3,3160,0.7265669629514834
3,3161,0.4931081207836317
3,3162,0.4840856285803318
3,3163,0.5731815760292677
3,3164,0.7201492579468476
3,3165,0.6228367112197583
3,3166,0.676044933246289
3,3167,0.7717327243710239
3,3168,0.7511242729063297
3,3169,0.5842268006327275
3,3170,0.7023681797127102
3,3171,0.6988390137384685
3,3172,0.6975058921682193
3,3173,0.6281302967656903
3,3174,0.7642953644937455
3,3175,0.7123550118038849
3,3176,0.7021683507088918
3,3177,0.719202913258913
3,3178,0.8982513824442236
3,3179,0.3160538083716043
3,3180,0.35918693897030846
3,3181,0.49487814121601426
3,3182,0.7135693763979338
3,3183,0.8015399013201052
3,3184,0.8026998797273468
3,3185,0.6400894290838581
3,3186,0.34324968110521176
3,3187,0.8062662062624217
3,3188,0.4262175537754878
3,3189,0.847470203279374
3,3190,0.38448697050046304
3,3191,0.8047458560573325
3,3192,0.8358767016374814
3,3193,0.7302703660186965
3,3194,0.6853329406182561
3,3195,0.6894378277712457
3,3196,0.6083668112713776
3,3197,0.6083668112713776
3,3198,0.7172864313481147
3,3199,0.8285659337301188
3,3200,0.8043119751448206
3,3201,0.79563545444323
3,3202,0.864869173834571
3,3203,0.7926193211050974
3,3204,0.6238187416803649
3,3205,0.6631077728592649
3,3206,0.557991997111766
3,3207,0.7023512242439223
3,3208,0.7097726611719393
3,3209,0.7094882844324025
3,3210,0.7019554853065553
3,3211,0.4473218195144748
3,3212,0.4090277834944486
3,3213,0.8169915546127574
3,3214,0.7488380935487315
3,3215,0.5301312341524668
3,3216,0.7111586365872303
3,3217,0.851944607787967
3,3218,0.46689144428343443
3,3219,0.7828332002541979
3,3220,0.8140298892102489
3,3221,0.7705056371380062
3,3222,0.8478987513813602
3,3223,0.7205761324888419
3,3224,0.3913043370947981
3,3225,0.38665371884802213
3,3226,0.5204599042550944
3,3227,0.8168330212695658
3,3228,0.8168330212695658
3,3229,0.8036110676757064
3,3230,0.8652469742008501
3,3231,0.6915671921916801
3,3232,0.5966048567773425
3,3233,0.5470105182974224
3,3234,0.5939925861316235
3,3235,0.5907730006650329
3,3236,0.4945232680855413
3,3237,0.6829754985936383
3,3238,0.7154812971881436
3,3239,0.5614049971041175
3,3240,0.776232729716196
3,3241,0.5879786573943655
3,3242,0.6671055702247694
3,3243,0.6516237183865343
3,3244,0.6908106135745958
3,3245,0.6778974463153778
3,3246,0.5758199932352758
3,3247,0.6664407792117607
3,3248,0.5765710022337842
3,3249,0.6369025836387138
3,3250,0.6467183093302126
3,3251,0.6410667565829776
3,3252,0.6926627891791038
3,3253,0.6460160599273025
3,3254,0.7524033820262465
3,3255,0.7695100669434644
3,3256,0.6297659582533673
3,3257,0.7593469499292578
3,3258,0.751423911211839
3,3259,0.8072128390220996
3,3260,0.6003061130983156
3,3261,0.6183705667929023
3,3262,0.5893358252249358
3,3263,0.7751418486908537
3,3264,0.8423391600816998
3,3265,0.30267086840438123
3,3266,0.7060945087280527
3,3267,0.6283990338443843
3,3268,0.7399030822250783
3,3269,0.6303793653300683
3,3270,0.7615471570509704
3,3271,0.7835772988948213
3,3272,0.4761426285146404
3,3273,0.5369377530305808
3,3274,0.3728539430839815
3,3275,0.7079043084654661
3,3276,0.6428580723092459
3,3277,0.5995018845820299
3,3278,0.535151608552635
3,3279,0.6668072112000423
3,3280,0.6227006658835584
3,3281,0.6269934315635978
3,3282,0.5581826026248973
3,3283,0.6131551230163336
3,3284,0.5899979609867849
3,3285,0.6912707434068243
3,3286,0.7652336476118147
3,3287,0.6201361463230554
3,3288,0.27318581581743817
3,3289,0.5485239658894036
3,3290,0.5068888069988244
3,3291,0.759499375321767
3,3292,0.4451621714243786
3,3293,0.5626421241764289
3,3294,0.7826754676187686
3,3295,0.6115316644452495
3,3296,0.4833598803416144
3,3297,0.8196664403030769
3,3298,0.6459600893659143
3,3299,0.565632907293987
3,3300,0.7404094254290209
3,3301,0.6979515480905281
3,3302,0.7026499800272916
3,3303,0.7523217188891025
3,3304,0.7479010126497692
3,3305,0.7488975863571622
3,3306,0.7499911058536955
3,3307,0.6899566508966248
3,3308,0.7995281708872646
3,3309,0.7731236105869684
3,3310,0.6350343464572796
3,3311,0.6394002906472424
3,3312,0.4522131289293033
3,3313,0.8357297872092286
3,3314,0.5159777035550132
3,3315,0.8143103667511368
3,3316,0.4668965183150248
3,3317,0.652258507274639
3,3318,0.6635851978366427
3,3319,0.6424527755182138
3,3320,0.7096692594969215
3,3321,0.681953033144411
3,3322,0.7189607160589082
3,3323,0.5663641338848374
3,3324,0.7676295291231804
3,3325,0.7687645253175596
3,3326,0.5813725794396404
3,3327,0.7631957947123938
3,3328,0.7076545428588615
3,3329,0.6941438715930498
3,3330,0.5065875221511821
3,3331,0.7105002874056588
3,3332,0.7801263323929934
3,3333,0.5514475900522602
3,3334,0.6377783224712283
3,3335,0.6447364300134379
3,3336,0.46134284094296885
3,3337,0.4798015146999037
3,3338,0.5731112141607061
3,3339,0.7711952945003774
3,3340,0.49490402176734416
3,3341,0.7200165134199709
3,3342,0.6389053181327209
3,3343,0.5212828874978971
3,3344,0.7930845127339043
3,3345,0.536938225282939
3,3346,0.7562910807208559
3,3347,0.5451479738742513
3,3348,0.5073162661836347
3,3349,0.6843151709182476
3,3350,0.603622816910686
3,3351,0.7499743518810793
3,3352,0.7969190713722274
3,3353,0.4376406383400747
3,3354,0.8031535670786002
3,3355,0.5761593281718117
3,3356,0.5025349517348644
3,3357,0.6595528312305506
3,3358,0.8667206423977903
3,3359,0.5452595527934523
3,3360,0.5452595527934523
3,3361,0.5537562213033778
3,3362,0.5878343407101545
3,3363,0.5349554051757835
3,3364,0.5245138474180118
3,3365,0.5629596278541681
3,3366,0.7234183766785459
3,3367,0.7152730702955877
3,3368,0.6856473874554434
3,3369,0.5522562666487402
3,3370,0.5532047113670118
3,3371,0.3732997683391614
3,3372,0.6963122691608382
3,3373,0.616946988975424
3,3374,0.6275093203697863
3,3375,0.7774861810540786
3,3376,0.7342499921786543
3,3377,0.6617464091155009
3,3378,0.6474287726582546
3,3379,0.7996177568334294
3,3380,0.7666554643529745
3,3381,0.767764485924445
3,3382,0.5142673516844298
3,3383,0.7431913510148007
3,3384,0.6366341544239246
3,3385,0.8538680448627408
3,3386,0.839447729007611
3,3387,0.4309459135232593
3,3388,0.6372127105574541
3,3389,0.6540999522999567
3,3390,0.6770069161718671
3,3391,0.7307143218544689
3,3392,0.5338349654592011
3,3393,0.7842731094221467
3,3394,0.7560136215431066
3,3395,0.602022021854833
3,3396,0.7479723043485639
3,3397,0.7318555999033767
3,3398,0.5950480358872833
3,3399,0.6458505025289633
3,3400,0.49240574501050816
3,3401,0.6859627064030346
3,3402,0.6953389288432961
3,3403,0.7571892969573037
3,3404,0.7345847312153855
3,3405,0.6693419043480231
3,3406,0.7444876000175072
3,3407,0.5980209909569628
3,3408,0.7266103030708799
3,3409,0.5041813273418099
3,3410,0.6057477921890967
3,3411,0.7778087457555862
3,3412,0.7202229057288821
3,3413,0.7920334775878195
3,3414,0.4479935711640536
3,3415,0.7427935692556628
3,3416,0.5374239345933138
3,3417,0.7152288155166461
3,3418,0.634779843685342
3,3419,0.6214388580753305
3,3420,0.6139137177690466
3,3421,0.6812866382146661
3,3422,0.6728546497643877
3,3423,0.6282671261573616
3,3424,0.5408961034046297
3,3425,0.6906387280053052
3,3426,0.691142115110396
3,3427,0.6858029510554157
3,3428,0.8264308053969984
3,3429,0.7046939125289727
3,3430,0.6669548487262393
3,3431,0.6639670341455217
3,3432,0.6296040007611095
3,3433,0.6474951690418814
3,3434,0.3239693096681932
3,3435,0.812383816974854
3,3436,0.4035126210852551
3,3437,0.7921833514423758
3,3438,0.7179216035737479
3,3439,0.676233457719092
3,3440,0.5583280411962873
3,3441,0.6735298563134052
3,3442,0.7268740925386947
3,3443,0.4653157384982317
3,3444,0.3029064600976626
3,3445,0.4665185202641351
3,3446,0.8499802466467048
3,3447,0.4186072375620317
3,3448,0.489769323875093
3,3449,0.6268247613906818
3,3450,0.6880152507553378
3,3451,0.6574708578003567
3,3452,0.6365209805587659
3,3453,0.6829848920963492
3,3454,0.7094167062547551
3,3455,0.5412845682841871
3,3456,0.744858928988211
3,3457,0.4202835150851703
3,3458,0.766514818241037
3,3459,0.6378329152900413
3,3460,0.7576012727254862
3,3461,0.6662698983921546
3,3462,0.7538750474629239
3,3463,0.44759218371035603
3,3464,0.7049442966170698
3,3465,0.6967188343518578
3,3466,0.7965062359881334
3,3467,0.5669638896910236
3,3468,0.5706103194790716
3,3469,0.7416457590815784
3,3470,0.6243515763251176
3,3471,0.4715588376685978
3,3472,0.7085288149091731
3,3473,0.6885170920116572
3,3474,0.7608820559741012
3,3475,0.7076738019332531
3,3476,0.7423785905415162
3,3477,0.8980375317772971
3,3478,0.7584487067464627
3,3479,0.6107838325675471
3,3480,0.6909456752345782
3,3481,0.7210791035158828
3,3482,0.33031501601487995
3,3483,0.5754104373373625
3,3484,0.5504876148953471
3,3485,0.6093428423032577
3,3486,0.6184894194576896
3,3487,0.5458233554658458
3,3488,0.6988139936139627
3,3489,0.6601776413923439
3,3490,0.5848715285730518
3,3491,0.6497722214712705
3,3492,0.727028978832153
3,3493,0.6423445560765613
3,3494,0.6586483627250533
3,3495,0.5485662465930692
3,3496,0.6968671522111575
3,3497,0.5959843093101965
3,3498,0.7156370718634343
3,3499,0.740593120591165
3,3500,0.5159569324115583
3,3501,0.4495997641244019
3,3502,0.8294701442119093
3,3503,0.6192178993433168
3,3504,0.6443497119446987
3,3505,0.6190763965778537
3,3506,0.6111863733635163
3,3507,0.35175189690107933
3,3508,0.35571658340355294
3,3509,0.4339959479774582
3,3510,0.543732596127834
3,3511,0.6138204361142818
3,3512,0.5652416483431766
3,3513,0.7149046024061484
3,3514,0.5937448761804168
3,3515,0.7019692556045531
3,3516,0.698800676664108
3,3517,0.709042647283839
3,3518,0.4755963290093997
3,3519,0.7303841434358728
3,3520,0.762096687109306
3,3521,0.6671150088302189
3,3522,0.514727201072718
3,3523,0.4349830560247259
3,3524,0.6791263101702971
3,3525,0.6480708395323871
3,3526,0.6467205997663893
3,3527,0.6945535077035598
3,3528,0.5070083637034103
3,3529,0.8105519454657548
3,3530,0.8095062807444968
3,3531,0.6434380494415431
3,3532,0.6371112579615262
3,3533,0.7207712124402866
3,3534,0.6426055537832782
3,3535,0.6378905197053347
3,3536,0.6458580498787062
3,3537,0.6742612798208221
3,3538,0.6754889417513257
3,3539,0.5821410813683221
3,3540,0.5076435137190903
3,3541,0.7964132329841105
3,3542,0.7048996204931637
3,3543,0.6913474684589733
3,3544,0.600306548197492
3,3545,0.533861967106341
3,3546,0.7482306130068646
3,3547,0.5576668603096023
3,3548,0.5668547179491178
3,3549,0.6666098505810536
3,3550,0.7652579387976692
3,3551,0.7494933469423213
3,3552,0.6629381956089778
3,3553,0.6737731124449271
3,3554,0.7086388303924079
3,3555,0.7191235713573859
3,3556,0.7060300114927175
3,3557,0.571527358222023
3,3558,0.6812637255803818
3,3559,0.7192237188701565
3,3560,0.7123631079693094
3,3561,0.6321046755344871
3,3562,0.6758518150964613
3,3563,0.737952299231309
3,3564,0.7380213100999631
3,3565,0.6042731649661318
3,3566,0.603472732678199
3,3567,0.8309800680862444
3,3568,0.7162423443699457
3,3569,0.6287391824492223
3,3570,0.611530267325896
3,3571,0.7467644470229471
3,3572,0.7507569663262745
3,3573,0.7847113593270088
3,3574,0.7654401011378259
3,3575,0.3126250608717958
3,3576,0.29207811887194624
3,3577,0.5819485303957042
3,3578,0.6646639895371503
3,3579,0.726130915562355
3,3580,0.6453033530470642
3,3581,0.75273814743431
3,3582,0.7126231340937575
3,3583,0.41468508998357606
3,3584,0.3807086981368208
3,3585,0.5552386037491427
3,3586,0.5147958897418153
3,3587,0.6531409962331435
3,3588,0.49741717640151056
3,3589,0.7442967807161721
3,3590,0.6891172915537261
3,3591,0.664008828938561
3,3592,0.7126820201813274
3,3593,0.4882732807628845
3,3594,0.6386603927856945
3,3595,0.5390142888602664
3,3596,0.5246250434610553
3,3597,0.5404566246239872
3,3598,0.6130052688385981
3,3599,0.5392197735697083
3,3600,0.5907897203324001
3,3601,0.8150524789410833
3,3602,0.6405879961828523
3,3603,0.764180368328585
3,3604,0.7694360870212295
3,3605,0.44618648171379915
3,3606,0.6073295173200595
3,3607,0.823551988209376
3,3608,0.7394661919561597
3,3609,0.639423440682295
3,3610,0.6453974408066344
3,3611,0.7125502954695567
3,3612,0.6541072846130449
3,3613,0.6142886793872868
3,3614,0.7643111052633887
3,3615,0.6961410458554231
3,3616,0.6692528533671916
3,3617,0.6299391304367843
3,3618,0.5951916131870182
3,3619,0.7055121979353027
3,3620,0.6206522847889524
3,3621,0.6769108151044286
3,3622,0.6214145048518908
3,3623,0.6524011410721449
3,3624,0.6772447342998746
3,3625,0.7535598605272718
3,3626,0.6146600486616824
3,3627,0.6100485197391592
3,3628,0.5604294227905484
3,3629,0.6035637025213213
3,3630,0.5334137465949453
3,3631,0.5640105283091534
3,3632,0.28637523775909735
3,3633,0.9039477965992219
3,3634,0.6327356160808674
3,3635,0.7972789403838377
3,3636,0.7234332466060414
3,3637,0.6778496436546566
3,3638,0.7101258807639294
3,3639,0.6414133535668864
3,3640,0.6028710691482672
3,3641,0.828276905825103
3,3642,0.6169719047735842
3,3643,0.5091981174494933
3,3644,0.6589511418342499
3,3645,0.5907779502617023
3,3646,0.4659458343186064
3,3647,0.8291638815532081
3,3648,0.8085659308691571
3,3649,0.561021587334683
3,3650,0.5108131054347023
3,3651,0.41041804746006133
3,3652,0.7681693921970699
3,3653,0.774553102403033
3,3654,0.6801825837686307
3,3655,0.6179362001805424
3,3656,0.730503187244991
3,3657,0.5672999019430104
3,3658,0.6361166882080737
3,3659,0.6790821408454739
3,3660,0.41171012156699194
3,3661,0.7695037481434371
3,3662,0.7434938683551976
3,3663,0.7984890256374056
3,3664,0.7601491590673772
3,3665,0.6657803234503434
3,3666,0.4442286126375342
3,3667,0.49587545134508504
3,3668,0.5271005501851954
3,3669,0.5963460487123541
3,3670,0.4476330481748313
3,3671,0.4662472563755386
3,3672,0.40745998930608546
3,3673,0.5946745704758721
3,3674,0.69360789255478
3,3675,0.6080170678654084
3,3676,0.7112665152363817
3,3677,0.655739552005641
3,3678,0.6194586321636673
3,3679,0.5507903429371315
3,3680,0.6786496106779418
3,3681,0.5280692244195875
3,3682,0.5047197790182035
3,3683,0.6793051217712056
3,3684,0.6586650566802028
3,3685,0.6935732829845989
3,3686,0.5920454088415761
3,3687,0.6957301380899404
3,3688,0.5827689154182539
3,3689,0.7080692619428471
3,3690,0.618549406982155
3,3691,0.7762173417908929
3,3692,0.766554195881026
3,3693,0.7926795931675483
3,3694,0.5087928881734883
3,3695,0.8006496359946146
3,3696,0.7962034952244976
3,3697,0.8066085233328257
3,3698,0.8349066050452087
3,3699,0.7516257028149925
3,3700,0.577070609050627
3,3701,0.716968136108829
3,3702,0.7308708237839696
3,3703,0.7165991837831933
3,3704,0.7845224367994046
3,3705,0.5776923942553004
3,3706,0.654782131551853
3,3707,0.7237493209741274
3,3708,0.4731750517413207
3,3709,0.4053637474108362
3,3710,0.7861871745881874
3,3711,0.6415038597777201
3,3712,0.48162621584640425
3,3713,0.7320447526552917
3,3714,0.7218694529934756
3,3715,0.5414690471663326
3,3716,0.5451310584650404
3,3717,0.7552134978664918
3,3718,0.5746979116823073
3,3719,0.5573168821068077
3,3720,0.5388117287167614
3,3721,0.3063410207081477
3,3722,0.8112969714564588
3,3723,0.7279398851900947
3,3724,0.6065888517251259
3,3725,0.7054568572391098
3,3726,0.4879153789519603
3,3727,0.6682448356594713
3,3728,0.5866591397382469
3,3729,0.6269491351277228
3,3730,0.7391606495209356
3,3731,0.8389440669596262
3,3732,0.7895735866110508
3,3733,0.8149122908275973
3,3734,0.7412665192843971
3,3735,0.5953072871746696
3,3736,0.6535804333773488
3,3737,0.7657712096278826
3,3738,0.660598972775953
3,3739,0.5869040650160112
3,3740,0.672339729350274
3,3741,0.6850664681124254
3,3742,0.6260966541509289
3,3743,0.45220171502261053
3,3744,0.6610735776448486
3,3745,0.6612474881458122
3,3746,0.7775054526729868
3,3747,0.5400520239685652
3,3748,0.7143944049815659
3,3749,0.5014314195299167
3,3750,0.49173417208885395
3,3751,0.6685140859009127
3,3752,0.5954891381622699
3,3753,0.7509660532370981
3,3754,0.7932660362306423
3,3755,0.40663487223129996
3,3756,0.7052020974061379
3,3757,0.6485810589389583
3,3758,0.6651728005398486
3,3759,0.41611438377491206
3,3760,0.5635822130262479
3,3761,0.715873158432164
3,3762,0.7041772842724625
3,3763,0.5405420651082962
3,3764,0.6295828506230843
3,3765,0.7620983133703036
3,3766,0.7052034159465118
3,3767,0.6385836573539964
3,3768,0.7033041373185135
3,3769,0.6034127526873952
3,3770,0.5707140659938146
3,3771,0.714727337029382
3,3772,0.679184341639684
3,3773,0.5873183889372914
3,3774,0.46890036772967314
3,3775,0.6874382726762917
3,3776,0.6436361907483175
3,3777,0.5629897949231272
3,3778,0.7889615460649597
3,3779,0.5694144611004216
3,3780,0.7442557360448889
3,3781,0.5827160026778955
3,3782,0.6283912549948971
3,3783,0.5470211726800511
3,3784,0.5919767458081966
3,3785,0.5081591543061836
3,3786,0.5182040671754744
3,3787,0.6183529769647311
3,3788,0.7375730031509155
3,3789,0.6513987339534467
3,3790,0.7892424690752518
3,3791,0.6920878345384233
3,3792,0.697043032013222
3,3793,0.6973382944336237
3,3794,0.5760083123588849
3,3795,0.5834907086974703
3,3796,0.6547463113011773
3,3797,0.6474455084817973
3,3798,0.7693432508322822
3,3799,0.59466888021773
3,3800,0.8517823331643777
3,3801,0.6708583584452139
3,3802,0.6908618587430347
3,3803,0.6295942704007982
3,3804,0.7365342767957429
3,3805,0.5235229240909869
3,3806,0.6640401823452452
3,3807,0.6635067251263801
3,3808,0.4299017723653916
3,3809,0.44682744332070606
3,3810,0.7148268718164041
3,3811,0.501929035008557
3,3812,0.479875595725925
3,3813,0.6504596862444013
3,3814,0.6045186052673043
3,3815,0.7633700903294842
3,3816,0.6578227866166522
3,3817,0.7162347362162003
3,3818,0.8003608527725157
3,3819,0.4993948403394954
3,3820,0.8497964756542854
3,3821,0.7764919808546101
3,3822,0.5769775020918717
3,3823,0.5573881310655889
3,3824,0.7149874263723548
3,3825,0.2473382634852801
3,3826,0.3362513262759178
3,3827,0.7748320726537027
3,3828,0.5626544369839335
3,3829,0.7736933013242976
3,3830,0.7516036582815102
3,3831,0.674766656581516
3,3832,0.8092672659125525
3,3833,0.47582887403384244
3,3834,0.6866376806750977
3,3835,0.6351434519298927
3,3836,0.7268923527635386
3,3837,0.7124719116096493
3,3838,0.7234604497413096
3,3839,0.675917254024606
3,3840,0.5358749031572386
3,3841,0.6046558316814459
3,3842,0.7447908902439017
3,3843,0.3925822665480837
3,3844,0.31509670284759994
3,3845,0.44632141339807163
3,3846,0.5558585457554756
3,3847,0.41356499326491336
3,3848,0.2723686531554503
3,3849,0.4398040379845139
3,3850,0.7786072607688417
3,3851,0.7369087546780683
3,3852,0.578459546865246
3,3853,0.6570194753810833
3,3854,0.6314398917245904
3,3855,0.5601446008864528
3,3856,0.658388247687936
3,3857,0.6591631557288075
3,3858,0.5577120863180915
3,3859,0.5565659942066206
3,3860,0.5375405270097949
3,3861,0.5352504982067204
3,3862,0.816185642089856
3,3863,0.8073484048558309
3,3864,0.4785314625338516
3,3865,0.522296871274454
3,3866,0.7832705227406683
3,3867,0.6158846472215376
3,3868,0.5027242868883048
3,3869,0.5475252649333955
3,3870,0.5799670974859159
3,3871,0.3900994792156337
3,3872,0.7804459101125191
3,3873,0.35722999457955723
3,3874,0.47816154983976183
3,3875,0.5113260348345825
3,3876,0.5238207129484098
3,3877,0.771390804734881
3,3878,0.6559420715611622
3,3879,0.6860452474025177
3,3880,0.6724915645200144
3,3881,0.7033675947270103
3,3882,0.778669804158754
3,3883,0.660279577458841
3,3884,0.7759011131824685
3,3885,0.8085978708984911
3,3886,0.6082307586959635
3,3887,0.5811768394835884
3,3888,0.8582790719206751
3,3889,0.4651378097492252
3,3890,0.81109697272267
3,3891,0.5956306202774089
3,3892,0.7076255056538908
3,3893,0.606480829818883
3,3894,0.7373747811668713
3,3895,0.5413128403907425
3,3896,0.3725533436506282
3,3897,0.8696714584742812
3,3898,0.8099200415096229
3,3899,0.6480552844835511
3,3900,0.5837827027372386
3,3901,0.6727974437309776
3,3902,0.6434644026681418
3,3903,0.6358105741762337
3,3904,0.6304482591450625
3,3905,0.7607711581772776
3,3906,0.753554246944922
3,3907,0.7710900693098407
3,3908,0.8061497892146972
3,3909,0.7481112213546844
3,3910,0.6970596945443729
3,3911,0.7613168406589182
3,3912,0.6808516217876472
3,3913,0.7922088553646629
3,3914,0.37964688774418026
3,3915,0.40283346176122925
3,3916,0.7851508175385936
3,3917,0.4152065221346335
3,3918,0.45601225505470344
3,3919,0.44242349984645074
3,3920,0.41581365838693507
3,3921,0.530007806890486
3,3922,0.5682516814076208
3,3923,0.7590612483766326
3,3924,0.5187518648196818
3,3925,0.6665966074095026
3,3926,0.626048629680573
3,3927,0.7672086022832313
3,3928,0.5721632645215491
3,3929,0.5124597862892498
3,3930,0.5551043934167206
3,3931,0.593811499978581
3,3932,0.6070998679021606
3,3933,0.5245169860331463
3,3934,0.6213213755359092
3,3935,0.5865409385478364
3,3936,0.6895880924921204
3,3937,0.8046840726731149
3,3938,0.7306246818039145
3,3939,0.4971347549724188
3,3940,0.8152750072583749
3,3941,0.733088981060419
3,3942,0.6385762547816017
3,3943,0.5555707092419359
3,3944,0.7170606565703986
3,3945,0.7317661828178229
3,3946,0.7466497997505693
3,3947,0.6677974520876421
3,3948,0.742954022648655
3,3949,0.6822112294156847
3,3950,0.5922456919654419
3,3951,0.7217686670930554
3,3952,0.5085869220966078
3,3953,0.7153873395692469
3,3954,0.6221898279737944
3,3955,0.6526199610015323
3,3956,0.5263729960683555
3,3957,0.7971067568153442
3,3958,0.8093151550259525
3,3959,0.32958433739095316
3,3960,0.7572910242422816
3,3961,0.5475858947493356
3,3962,0.5475858947493356
3,3963,0.5615200494070225
3,3964,0.5846201045596929
3,3965,0.5566236344798243
3,3966,0.792541388468606
3,3967,0.7337921603151967
3,3968,0.6872706641759043
3,3969,0.4989897054596778
3,3970,0.6588385378007593
3,3971,0.6213952377907163
3,3972,0.5146055086762961
3,3973,0.522295700279646
3,3974,0.5846458759284808
3,3975,0.6455730209264566
3,3976,0.5248871288097915
3,3977,0.6597595134760236
3,3978,0.7062620920813416
3,3979,0.5018475420769477
3,3980,0.5119314343053573
3,3981,0.3809759525213126
3,3982,0.2729332581165817
3,3983,0.7225351389529127
3,3984,0.6948305793749386
3,3985,0.6465080141030377
3,3986,0.6652338072969279
3,3987,0.6865549644632781
3,3988,0.8271890645611578
3,3989,0.41084150542801734
3,3990,0.75270916483218
3,3991,0.7704311091220625
3,3992,0.7916817195873983
3,3993,0.7986564994362209
3,3994,0.8011101190399968
3,3995,0.8534644683197782
3,3996,0.8340130834159049
3,3997,0.8244651474226706
3,3998,0.6313097038445596
3,3999,0.643067537709128
4,0,0.8887968845637594
4,1,0.6888206243749823
4,2,0.8235318825812088
4,3,0.8165659029696092
4,4,0.7070923502036739
4,5,0.7972253796497323
4,6,0.6186715855978572
4,7,0.7523756227559221
4,8,0.6897290088941165
4,9,0.8372194849919721
4,10,0.3698646802281755
4,11,0.6346626017079012
4,12,0.86072549270422
4,13,0.5511660530965177
4,14,0.5432687862833628
4,15,0.7839147505731779
4,16,0.8553973349402876
4,17,0.7816468751866713
4,18,0.8687010825100165
4,19,0.9344778885381311
4,20,0.6686578251972212
4,21,0.914522590761328
4,22,0.7492508303762242
4,23,0.7640534436933298
4,24,0.7829064777521114
4,25,0.6783728516136472
4,26,0.4844654500064552
4,27,0.84860361523926
4,28,0.7332602758773846
4,29,0.7758709816192044
4,30,0.5999824229069803
4,31,0.9354793792595572
4,32,0.8107783128639798
4,33,0.6577811762986666
4,34,0.5909367441379041
4,35,0.47024545892061986
4,36,0.7984886219714622
4,37,0.4957106770212527
4,38,0.5941745733336679
4,39,0.7715517859717393
4,40,0.6239877845071783
4,41,0.6201290426259575
4,42,0.5078763202082294
4,43,0.565540340941498
4,44,0.4879843972045862
4,45,0.7781579166656335
4,46,0.7874974233611306
4,47,0.7083882665332355
4,48,0.668636438496906
4,49,0.44488036980272627
4,50,0.6829947771204415
4,51,0.7303082739431039
4,52,0.4257347447435655
4,53,0.7251196016747451
4,54,0.8514526704929897
4,55,0.8740968854508696
4,56,0.8274732331017091
4,57,0.47630753519399616
4,58,0.4448647027076943
4,59,0.5579810361271259
4,60,0.6565415215029775
4,61,0.8358421020052498
4,62,0.8358421020052498
4,63,0.7018747723026675
4,64,0.595960565185905
4,65,0.7230665582481088
4,66,0.7030751954787893
4,67,0.5634377775970437
4,68,0.2241521659020273
4,69,0.29635420683156993
4,70,0.29079345488518
4,71,0.3793889653860049
4,72,0.7677946767136855
4,73,0.5965146122054473
4,74,0.6734846283558742
4,75,0.7870870895747641
4,76,0.7431484806407248
4,77,0.6801514898368322
4,78,0.6640680006167469
4,79,0.7214095124474252
4,80,0.6216448932989141
4,81,0.6596610479388065
4,82,0.7063595007391654
4,83,0.5854470794256041
4,84,0.622257916719907
4,85,0.7192094211197598
4,86,0.7216585690965854
4,87,0.8824287070422121
4,88,0.8263489261515734
4,89,0.4951360017149756
4,90,0.8034167431843681
4,91,0.7402011612406253
4,92,0.7764085736339937
4,93,0.597395301000661
4,94,0.6422521836678063
4,95,0.8063723714031458
4,96,0.46503407188396206
4,97,0.7329647207264084
4,98,0.5384221272572879
4,99,0.7553482400953362
4,100,0.46832005157510365
4,101,0.6046329561815577
4,102,0.5825130958616178
4,103,0.6370198421994021
4,104,0.8627116518595869
4,105,0.4059510437630367
4,106,0.9028593488013988
4,107,0.8954089317667228
4,108,0.3718060231240491
4,109,0.7346805056834314
4,110,0.8122625817799303
4,111,0.8849052908011223
4,112,0.810025735973083
4,113,0.8786023647562698
4,114,0.4322414735908657
4,115,0.8716504640356
4,116,0.891872957179823
4,117,0.9365322750995513
4,118,0.9527238291214299
4,119,0.6523956362684085
4,120,0.8605131563684046
4,121,0.6669026231539651
4,122,0.7332428319455757
4,123,0.5606222772993306
4,124,0.8786225547476426
4,125,0.5670112649922949
4,126,0.5670112649922949
4,127,0.8429400509240136
4,128,0.7610766367688047
4,129,0.7231693755906644
4,130,0.8443132076000772
4,131,0.6991834990667695
4,132,0.7938162725647407
4,133,0.7469777225359243
4,134,0.43722749833906566
4,135,0.8627200457266611
4,136,0.782025283600815
4,137,0.701467056011171
4,138,0.7652896593333093
4,139,0.6798327961936185
4,140,0.7830338382563617
4,141,0.7520533686410195
4,142,0.7597495974978862
4,143,0.6662253863826724
4,144,0.671593513352103
4,145,0.7612460001781783
4,146,0.8107717610362293
4,147,0.6033507811939978
4,148,0.6528742284471869
4,149,0.8065090140339578
4,150,0.5185674531240497
4,151,0.8086443790854446
4,152,0.6763989864820313
4,153,0.7072807104379155
4,154,0.8098311785658001
4,155,0.8321537198929038
4,156,0.5786656882015077
4,157,0.6069593247545227
4,158,0.8621931185368688
4,159,0.6679516283895734
4,160,0.7142866157968779
4,161,0.69278958537682
4,162,0.8106435403388764
4,163,0.803799990269127
4,164,0.6946217794966582
4,165,0.6358135627456635
4,166,0.814942408482654
4,167,0.6823845704532508
4,168,0.7621358818598164
4,169,0.7928176548897934
4,170,0.7909499121192713
4,171,0.6687078268066342
4,172,0.7738654383876759
4,173,0.8454664295955715
4,174,0.6726858429740136
4,175,0.8094290027633061
4,176,0.5389436687552687
4,177,0.389449633196399
4,178,0.41247268252058117
4,179,0.5761299594414175
4,180,0.9302641794647125
4,181,0.8538481309463978
4,182,0.5165508984935524
4,183,0.7485017413985118
4,184,0.7832626750236518
4,185,0.7333647819101807
4,186,0.7336351888799163
4,187,0.774810446656221
4,188,0.7799440927451866
4,189,0.7327716695631677
4,190,0.6655090752242135
4,191,0.6537571789971062
4,192,0.7392858365183926
4,193,0.654909389130547
4,194,0.7975213281256103
4,195,0.7961822559147835
4,196,0.6232807876845856
4,197,0.5363408120961912
4,198,0.7403075449162848
4,199,0.47755147777146056
4,200,0.5839353633328681
4,201,0.649469691184182
4,202,0.827573081415262
4,203,0.4007037247020078
4,204,0.32572151289086504
4,205,0.6977064088881058
4,206,0.45102532524027006
4,207,0.646159488776798
4,208,0.8526805085848242
4,209,0.8191127754313672
4,210,0.6714355880977892
4,211,0.7321786931712173
4,212,0.69445402469698
4,213,0.4592534472720735
4,214,0.8213808743642487
4,215,0.5797923086958484
4,216,0.6002479217445947
4,217,0.6366419099951699
4,218,0.8049097190885709
4,219,0.5126992942874372
4,220,0.873669371082405
4,221,0.5623013345517741
4,222,0.8643501142649331
4,223,0.46602821827786606
4,224,0.7829072892533834
4,225,0.5247777183152006
4,226,0.8671248374961747
4,227,0.6719786753895405
4,228,0.7661259185734562
4,229,0.7312637697554043
4,230,0.8670979660813785
4,231,0.673824384937
4,232,0.8250125061360231
4,233,0.4888162468516617
4,234,0.7704467210561342
4,235,0.8006197795280985
4,236,0.7926418445970248
4,237,0.7709904014655494
4,238,0.7666989929342843
4,239,0.7493996109303965
4,240,0.673022159801785
4,241,0.28369331480919224
4,242,0.6365912182008281
4,243,0.8963634599336221
4,244,0.8611210676704851
4,245,0.6848087585188518
4,246,0.7865859481855936
4,247,0.4124885855601629
4,248,0.8667318793416053
4,249,0.7664086570522389
4,250,0.7149567102906944
4,251,0.6710247048021292
4,252,0.7037639726427604
4,253,0.395431691549152
4,254,0.3755145984087551
4,255,0.4222014066168434
4,256,0.861468645651595
4,257,0.422565647696681
4,258,0.7659466625439546
4,259,0.741357628235491
4,260,0.6194896702656119
4,261,0.7848929033953648
4,262,0.7508082988183302
4,263,0.5580161971398335
4,264,0.78967601231721
4,265,0.44903416849935573
4,266,0.4640347144379632
4,267,0.6227684590967355
4,268,0.889611309542438
4,269,0.5994831608676777
4,270,0.7484810886737919
4,271,0.5487526988443051
4,272,0.6411347797997283
4,273,0.7509954534009331
4,274,0.6770807248050055
4,275,0.8343623330487707
4,276,0.697729870351509
4,277,0.8817034011195193
4,278,0.42621812456013736
4,279,0.49150692582509653
4,280,0.8279199970876626
4,281,0.8401144406679125
4,282,0.6712753344715672
4,283,0.634909259422183
4,284,0.6213626453063434
4,285,0.7098872291801499
4,286,0.6168642602092108
4,287,0.7563530012728742
4,288,0.8435076779846671
4,289,0.6571610793496729
4,290,0.6540191273346433
4,291,0.5533335532521237
4,292,0.8157267316709219
4,293,0.5767589111817129
4,294,0.6063480624413302
4,295,0.5187842572085017
4,296,0.7377747970029834
4,297,0.7072965928932069
4,298,0.5928954196560171
4,299,0.6914178618151957
4,300,0.7159156583902494
4,301,0.5410321387939241
4,302,0.7729585009238076
4,303,0.8027696276244716
4,304,0.8049082697429434
4,305,0.6013406785315194
4,306,0.762546752628188
4,307,0.673167855217127
4,308,0.6926223125166723
4,309,0.7731104785210517
4,310,0.710070793516133
4,311,0.7162608081069393
4,312,0.8074969870194473
4,313,0.503793468533682
4,314,0.5569196780393127
4,315,0.6343622864442352
4,316,0.620125680983458
4,317,0.6083558266301784
4,318,0.9253362339968125
4,319,0.8976070739557669
4,320,0.8334041319058304
4,321,0.7635565465644923
4,322,0.7078653623982719
4,323,0.6853068015351061
4,324,0.6089944712814049
4,325,0.7997675904866067
4,326,0.5963528265645157
4,327,0.9177944903160244
4,328,0.3522352425380452
4,329,0.9564952940536707
4,330,0.28641417856294354
4,331,0.2403066915242033
4,332,0.33403459164375326
4,333,0.35018416412449477
4,334,0.8477201327129161
4,335,0.47583574852899296
4,336,0.5686300901100961
4,337,0.35383335026084445
4,338,0.8221383739288304
4,339,0.868852930522643
4,340,0.8536654480928242
4,341,0.8509729780820972
4,342,0.6524434873856152
4,343,0.9008972772161637
4,344,0.8886564104039694
4,345,0.8839885294631522
4,346,0.26414807771064946
4,347,0.1875498872715064
4,348,0.831188073821705
4,349,0.7754555807997924
4,350,0.8168347735233715
4,351,0.650110337720358
4,352,0.8266240446900358
4,353,0.7942411644346437
4,354,0.7913661118703242
4,355,0.6888073372813224
4,356,0.7509740845483989
4,357,0.6928262259982316
4,358,0.5871649380891328
4,359,0.5571459389811596
4,360,0.8091500846678129
4,361,0.6509442961574708
4,362,0.7278300727296707
4,363,0.6951960983500423
4,364,0.8298082074188438
4,365,0.7910159113623562
4,366,0.4765186813391905
4,367,0.3861003306481466
4,368,0.5905583961067884
4,369,0.8061605632647874
4,370,0.7134337960122961
4,371,0.7388771253021309
4,372,0.7807349331267193
4,373,0.7586760564330379
4,374,0.6600103223490092
4,375,0.8153442362810045
4,376,0.7088216716662079
4,377,0.7480528092042557
4,378,0.765125636134586
4,379,0.7006517019566755
4,380,0.7644602716484
4,381,0.3897385884229005
4,382,0.8115677237648735
4,383,0.8990706530774638
4,384,0.8432322928060834
4,385,0.7077886131152425
4,386,0.6159390292314848
4,387,0.5446876115539593
4,388,0.7187719588474146
4,389,0.7521243467208538
4,390,0.5476893008634212
4,391,0.8460291294602468
4,392,0.6979946208211635
4,393,0.8679622565835262
4,394,0.752081656614754
4,395,0.540893886099356
4,396,0.6356048982268226
4,397,0.4489682595724559
4,398,0.775402027506283
4,399,0.7394122140127334
4,400,0.2863923752512045
4,401,0.5013076928726701
4,402,0.7336587727250953
4,403,0.6530234897508845
4,404,0.5276070305293118
4,405,0.3786835208422112
4,406,0.1945441653746359
4,407,0.32865155138867486
4,408,0.44535161982800303
4,409,0.7607021914423698
4,410,0.7295764829369702
4,411,0.6671034881420179
4,412,0.8224366693292284
4,413,0.7524897509403029
4,414,0.4966659597013434
4,415,0.8595270422513974
4,416,0.6855370079938469
4,417,0.7499049972933322
4,418,0.7371321828304926
4,419,0.6534472096835782
4,420,0.7886726619745563
4,421,0.6014375527967154
4,422,0.5541949959997293
4,423,0.5488869738454788
4,424,0.8376928759466176
4,425,0.839662858208578
4,426,0.835148689933155
4,427,0.6381559628150733
4,428,0.6963023201687663
4,429,0.7283340286798
4,430,0.7021030509694789
4,431,0.4471102630542951
4,432,0.8470613423864717
4,433,0.7574234398297408
4,434,0.6798205066805802
4,435,0.6910976979683481
4,436,0.5969363992307304
4,437,0.7675384108437477
4,438,0.47026064797344264
4,439,0.7325256429493834
4,440,0.6772374885880088
4,441,0.5923851242048818
4,442,0.6073341286164892
4,443,0.6387037191967134
4,444,0.6502615814869879
4,445,0.6394358397833856
4,446,0.3052856085573941
4,447,0.5457336390288736
4,448,0.5260471480933363
4,449,0.7511596638350919
4,450,0.5941515090434241
4,451,0.45600556336719955
4,452,0.8031189973322395
4,453,0.7383326174436385
4,454,0.5089098549346825
4,455,0.8330772891323331
4,456,0.6508801286609104
4,457,0.6935125784140381
4,458,0.7504511114211978
4,459,0.669457147678318
4,460,0.7472999170781716
4,461,0.7798291600199548
4,462,0.8525213880012864
4,463,0.7348118578687536
4,464,0.8161293001828147
4,465,0.7450317523859075
4,466,0.739592064377227
4,467,0.7717976184544035
4,468,0.6142320868152352
4,469,0.4928671141789615
4,470,0.8436489823670078
4,471,0.5399232318497468
4,472,0.6067796474571513
4,473,0.7042524106655641
4,474,0.5963732225878389
4,475,0.7760648306515127
4,476,0.6665447842641378
4,477,0.7707734278557792
4,478,0.666379085663641
4,479,0.5191671042055829
4,480,0.7989141740762775
4,481,0.5422647444446855
4,482,0.9144171869611647
4,483,0.9180745995873075
4,484,0.8962211218905536
4,485,0.8202829013448599
4,486,0.7791782615930464
4,487,0.731094764929396
4,488,0.5472155319280038
4,489,0.8166697715537696
4,490,0.6621448186370767
4,491,0.6811784771948809
4,492,0.4613677798749113
4,493,0.4469345477562867
4,494,0.3309315745511237
4,495,0.3034730109827437
4,496,0.5147651923506873
4,497,0.8597203467144926
4,498,0.6930655079440416
4,499,0.8191703992168067
4,500,0.36142609990244995
4,501,0.7529314088914264
4,502,0.684294232752482
4,503,0.7954513661920616
4,504,0.5845921932653837
4,505,0.6655436017819856
4,506,0.847363604743774
4,507,0.8172379142377809
4,508,0.8160782604653449
4,509,0.7470637697426734
4,510,0.5663241233718702
4,511,0.3968740775104987
4,512,0.48802750033779274
4,513,0.9304214570051383
4,514,0.5266159525488769
4,515,0.7519330310335618
4,516,0.7736179940183776
4,517,0.3937249689154214
4,518,0.46774551589476626
4,519,0.38904729342324135
4,520,0.9266377968701004
4,521,0.9442304715558488
4,522,0.949129176675112
4,523,0.952697356498465
4,524,0.2050335752121824
4,525,0.18691696035317618
4,526,0.26421879298671913
4,527,0.4742061727382703
4,528,0.6980978183429105
4,529,0.6042661028084764
4,530,0.7378551671564714
4,531,0.7721139546204601
4,532,0.7118288715477197
4,533,0.6580375529361508
4,534,0.7595886607976335
4,535,0.7303588218326976
4,536,0.8230945883372909
4,537,0.5889419584346068
4,538,0.7349948778931038
4,539,0.8198566252502698
4,540,0.8418035929217743
4,541,0.8543527114688017
4,542,0.4805816863203015
4,543,0.6282674052077215
4,544,0.6237509060670374
4,545,0.8446428057049661
4,546,0.8946184219717773
4,547,0.5220536320429922
4,548,0.24435626121690357
4,549,0.7354957705384897
4,550,0.7232436006841783
4,551,0.48424172352176625
4,552,0.6908813903640816
4,553,0.7798314695704893
4,554,0.5777288611861979
4,555,0.6199916668115732
4,556,0.7031584671324436
4,557,0.708448044633924
4,558,0.650003170955702
4,559,0.6637369562033472
4,560,0.7900865169593602
4,561,0.6915922510202394
4,562,0.6968874751355257
4,563,0.6510965618365508
4,564,0.7412717285222163
4,565,0.7196253799192268
4,566,0.7373844690474045
4,567,0.6224673138152543
4,568,0.6736580670291531
4,569,0.6969125524842363
4,570,0.8006465701550718
4,571,0.642843718710844
4,572,0.7482302779606937
4,573,0.6496673547940854
4,574,0.8471764557114646
4,575,0.7316634971107161
4,576,0.7202760244318772
4,577,0.6415906447310983
4,578,0.7504497949545396
4,579,0.8629628047562833
4,580,0.7948439506434832
4,581,0.5320119535035749
4,582,0.8684940444457162
4,583,0.8085624210933372
4,584,0.7000824417041751
4,585,0.5612895210768508
4,586,0.6158924754096909
4,587,0.7825881655847404
4,588,0.4975515628638026
4,589,0.6848939905337219
4,590,0.7332630526771837
4,591,0.7611432194312303
4,592,0.7871780261143273
4,593,0.7819666120149986
4,594,0.820406439905138
4,595,0.9189612580039908
4,596,0.42511637606803077
4,597,0.7552762621371633
4,598,0.6969526301697873
4,599,0.7571307604246656
4,600,0.5840673909108716
4,601,0.5040350437950151
4,602,0.5335555968768112
4,603,0.561513132083246
4,604,0.8096622030192437
4,605,0.7884513015862299
4,606,0.6478044155754212
4,607,0.6063040722610333
4,608,0.7635272811794456
4,609,0.7126791268606335
4,610,0.8025200333989674
4,611,0.6862770749146427
4,612,0.6932242689553526
4,613,0.4776312223806966
4,614,0.6402224521990975
4,615,0.6504902022656747
4,616,0.9046128100877057
4,617,0.3719377271490833
4,618,0.7570240120179231
4,619,0.7633562720734569
4,620,0.7536501156266817
4,621,0.7138521114520044
4,622,0.7576195860087812
4,623,0.7341798754354393
4,624,0.8502477315164767
4,625,0.832636598922762
4,626,0.30934700254931474
4,627,0.8066684082741982
4,628,0.795866424414546
4,629,0.7413364443907648
4,630,0.6388260929494848
4,631,0.7101213903104667
4,632,0.27499687430621095
4,633,0.1901475374519007
4,634,0.33682369130554923
4,635,0.35613475274609496
4,636,0.900842497340597
4,637,0.8443145464171937
4,638,0.7936959623980591
4,639,0.8004864681877072
4,640,0.5463345927289708
4,641,0.6725275390347608
4,642,0.7095078160485355
4,643,0.6255824036476251
4,644,0.5328123464669261
4,645,0.6758726434920892
4,646,0.6568463407455778
4,647,0.7656750422147143
4,648,0.6024184682210606
4,649,0.8008826923263144
4,650,0.7284406785340707
4,651,0.901067082599921
4,652,0.5459137100239521
4,653,0.7705749662603524
4,654,0.7100757704669733
4,655,0.6710193561602099
4,656,0.6393594961756649
4,657,0.405973362999158
4,658,0.8133815059455389
4,659,0.7395654861437774
4,660,0.6271238363260357
4,661,0.7516626690753087
4,662,0.7644527457031703
4,663,0.6142760142534008
4,664,0.7722613794386349
4,665,0.5135161084635544
4,666,0.5081930575870632
4,667,0.9201037638283035
4,668,0.7346699799019265
4,669,0.7182904333131478
4,670,0.616769105164589
4,671,0.7308883916253087
4,672,0.7277997397919255
4,673,0.8854937059558767
4,674,0.6023301791479745
4,675,0.8231478004612199
4,676,0.8511607501909216
4,677,0.5348773052199998
4,678,0.8508354491394249
4,679,0.7895283809534409
4,680,0.8673463779486399
4,681,0.666490271214416
4,682,0.542570111819807
4,683,0.8367965525182898
4,684,0.9199233295872895
4,685,0.33972383285340363
4,686,0.31253791491940724
4,687,0.32736108560396143
4,688,0.418052252483989
4,689,0.2790679997412156
4,690,0.5063892249377226
4,691,0.4500958013829057
4,692,0.7402495223632779
4,693,0.719573057203016
4,694,0.6888063274897783
4,695,0.6536243646088716
4,696,0.821095777322286
4,697,0.5069949553870168
4,698,0.8603918973634082
4,699,0.8178308400622368
4,700,0.8167983356451521
4,701,0.5611888267531809
4,702,0.7570647880162623
4,703,0.6565961546219171
4,704,0.6718488604747593
4,705,0.7821492215588979
4,706,0.6707938132234482
4,707,0.6753433160920388
4,708,0.8328858613171322
4,709,0.8519129257116397
4,710,0.536324446738594
4,711,0.5164034865138696
4,712,0.9098090258646071
4,713,0.7612221267595439
4,714,0.6171435086432284
4,715,0.8481220948280781
4,716,0.5451768466772043
4,717,0.8864294532467205
4,718,0.4782931367830545
4,719,0.8360604549302041
4,720,0.6079800392980792
4,721,0.5991097103014661
4,722,0.6305339264290278
4,723,0.7700210311636051
4,724,0.7940345835029955
4,725,0.6677774933725723
4,726,0.5722854690762326
4,727,0.5517863044363627
4,728,0.8807191297404325
4,729,0.49326802595908237
4,730,0.6779761661941022
4,731,0.6457765195630361
4,732,0.3229081364289635
4,733,0.529655657143473
4,734,0.8402191770574364
4,735,0.6487300618254019
4,736,0.6467308259971184
4,737,0.7347920391780468
4,738,0.6515707036947505
4,739,0.46671110941622185
4,740,0.7672543015689152
4,741,0.48841281557206584
4,742,0.6659406586205316
4,743,0.8501226022593582
4,744,0.6122514606703041
4,745,0.6391859805072518
4,746,0.6895245444337328
4,747,0.8734448424499909
4,748,0.717326664389593
4,749,0.473337997567446
4,750,0.6927444904820675
4,751,0.6662113252547659
4,752,0.7020893026135872
4,753,0.6849724137022977
4,754,0.7167645093082966
4,755,0.5711375702581134
4,756,0.7142266437842821
4,757,0.5217979359406627
4,758,0.4005643442836398
4,759,0.8880828160489684
4,760,0.8785655199702795
4,761,0.7364296019494945
4,762,0.8441349268738998
4,763,0.844897579612175
4,764,0.7278534028351434
4,765,0.6526145242472596
4,766,0.6964627015349665
4,767,0.7189189922439897
4,768,0.6843306469610383
4,769,0.5910835294341661
4,770,0.6602375284820737
4,771,0.5441366371864264
4,772,0.48633490500943344
4,773,0.6915572333363349
4,774,0.4978799777084053
4,775,0.7263051729058688
4,776,0.7346192961061746
4,777,0.6798570178489275
4,778,0.9050566567097565
4,779,0.4464844933646272
4,780,0.6766030200731077
4,781,0.6015326504769025
4,782,0.44747784678157304
4,783,0.5428305359355726
4,784,0.4801238435178005
4,785,0.6149686582811731
4,786,0.6013068824456691
4,787,0.6745019940345578
4,788,0.5941085358609333
4,789,0.5320027743991759
4,790,0.3648576986905225
4,791,0.44504315101550235
4,792,0.8754212094054751
4,793,0.2975193788123954
4,794,0.7576172667008026
4,795,0.6113166177445174
4,796,0.7811762544404798
4,797,0.7794504309933321
4,798,0.6860779900218673
4,799,0.7612648475663808
4,800,0.699459591285116
4,801,0.6429045042611717
4,802,0.6335632601435944
4,803,0.7349927385307171
4,804,0.531165099422295
4,805,0.6882466106746696
4,806,0.43583782011741035
4,807,0.36059208700037637
4,808,0.5162991440573329
4,809,0.6214283089297618
4,810,0.5607566002905546
4,811,0.11450976987500343
4,812,0.31006996133414333
4,813,0.354303280536767
4,814,0.3628746750203663
4,815,0.8344775940808078
4,816,0.7274344214920296
4,817,0.8489297228254108
4,818,0.8600661003222625
4,819,0.8622601765407285
4,820,0.905903250016726
4,821,0.8320023423089534
4,822,0.7111214162719615
4,823,0.5825088798936225
4,824,0.4110401154419276
4,825,0.8850132636571484
4,826,0.465332452512453
4,827,0.8851129333736508
4,828,0.7551187743031874
4,829,0.7618192101988791
4,830,0.4676291724820302
4,831,0.8193868974860369
4,832,0.5369687329088676
4,833,0.7293755383389363
4,834,0.7643884991031644
4,835,0.8074088186231865
4,836,0.42235060832672155
4,837,0.6196714132094662
4,838,0.3881208969044555
4,839,0.7460235961774198
4,840,0.6025613847631882
4,841,0.618217700604189
4,842,0.5872308681782861
4,843,0.7249074774640948
4,844,0.7399755505720643
4,845,0.8030795604266733
4,846,0.470161424670605
4,847,0.8345216954383763
4,848,0.6753838398748168
4,849,0.5329128138345132
4,850,0.7619058771950951
4,851,0.8214712533194944
4,852,0.8592422606176776
4,853,0.4652681956443394
4,854,0.5898995473808062
4,855,0.7616404693671284
4,856,0.5208156024588757
4,857,0.7940329665091237
4,858,0.7652838269026639
4,859,0.7102138751572341
4,860,0.6278195964875183
4,861,0.8459889234821911
4,862,0.7645324297497197
4,863,0.7365801784720581
4,864,0.6466418673485599
4,865,0.6935629474048037
4,866,0.6261693935387093
4,867,0.8285360317546536
4,868,0.8526570959351241
4,869,0.6522499776894953
4,870,0.7934313326591752
4,871,0.6921316775159593
4,872,0.774265470643987
4,873,0.6030110436147267
4,874,0.7380028400897933
4,875,0.6438802738377171
4,876,0.6380381251381173
4,877,0.7650614332044146
4,878,0.5840597877971896
4,879,0.6276213182476312
4,880,0.6481258761528472
4,881,0.6422185566130918
4,882,0.6166589275235788
4,883,0.7998975585268143
4,884,0.8206907794195453
4,885,0.6992245971026467
4,886,0.6009341942884401
4,887,0.8945311569417038
4,888,0.44450551596270216
4,889,0.1347192800066294
4,890,0.9456894983758999
4,891,0.8908097246880949
4,892,0.45592518810132965
4,893,0.561544511698641
4,894,0.6206750063443637
4,895,0.5913111234569004
4,896,0.657858642108775
4,897,0.6288732120422743
4,898,0.7200850174545017
4,899,0.633833537563676
4,900,0.8557467948604909
4,901,0.7487907246983441
4,902,0.7401885515574887
4,903,0.6644663991545692
4,904,0.36406575476025593
4,905,0.36893271660596394
4,906,0.21923776469551473
4,907,0.26018926074672794
4,908,0.6200024327987349
4,909,0.33162347806237535
4,910,0.9150331502461463
4,911,0.9463963161263956
4,912,0.3848688535280989
4,913,0.35110895654853336
4,914,0.3057487015251738
4,915,0.5818898527727591
4,916,0.5963619356357381
4,917,0.21876511123755854
4,918,0.7297338936445711
4,919,0.4661482086428176
4,920,0.47984865317352926
4,921,0.7269230423299406
4,922,0.6371418350351817
4,923,0.5199377490483889
4,924,0.851345316617042
4,925,0.5188312142945096
4,926,0.6255522678866544
4,927,0.8211576684060429
4,928,0.7875197041757078
4,929,0.5027739983506079
4,930,0.81858270963467
4,931,0.5836374865060914
4,932,0.7189474728533851
4,933,0.8043634052574112
4,934,0.826449058124149
4,935,0.8477138831986439
4,936,0.7916634245296656
4,937,0.6990241925278713
4,938,0.6308332180622949
4,939,0.652530188137733
4,940,0.6118775431674865
4,941,0.7283183731498385
4,942,0.7848297280336657
4,943,0.74186463917602
4,944,0.8239988188384457
4,945,0.5067767030981315
4,946,0.6539460844339322
4,947,0.4269200873420259
4,948,0.6717286915451596
4,949,0.20084828122888546
4,950,0.6033553456728838
4,951,0.7806519946326768
4,952,0.6402617133714571
4,953,0.7589952263927228
4,954,0.7569517052416234
4,955,0.5424206914604498
4,956,0.6846488943681965
4,957,0.7949453853519889
4,958,0.6486927868971916
4,959,0.691777921676717
4,960,0.5980806529833937
4,961,0.6675338155533372
4,962,0.7717731339328393
4,963,0.44954468403095643
4,964,0.3141756592501738
4,965,0.8888030210295677
4,966,0.5618472010032411
4,967,0.5341146322794337
4,968,0.4006178686480264
4,969,0.7663881391294022
4,970,0.6984445824001374
4,971,0.6572169769037731
4,972,0.8596538334353756
4,973,0.7693321057559599
4,974,0.7993163454316253
4,975,0.756202060093256
4,976,0.6407881088173931
4,977,0.6699382731632593
4,978,0.6773895922607183
4,979,0.47844239806297784
4,980,0.5155661784495151
4,981,0.6585074431226019
4,982,0.7943460765284693
4,983,0.5352061929670404
4,984,0.8583713448817512
4,985,0.6562918748746968
4,986,0.861197397484612
4,987,0.5578560198823881
4,988,0.7454228556502592
4,989,0.8120240839523403
4,990,0.689314999739244
4,991,0.6085280215286643
4,992,0.6679080737403245
4,993,0.6833102650605541
4,994,0.750513853461485
4,995,0.7994840131845624
4,996,0.7135504145781852
4,997,0.7954648293001761
4,998,0.7422900863556462
4,999,0.7892528272332267
4,1000,0.7532458924057455
4,1001,0.5174613328716742
4,1002,0.8098153313753869
4,1003,0.7837612641382415
4,1004,0.7700727241435857
4,1005,0.797719894581199
4,1006,0.6325097302536606
4,1007,0.886799186769964
4,1008,0.9226178756035172
4,1009,0.936268163711477
4,1010,0.7793937261500741
4,1011,0.8375463209211518
4,1012,0.8370399496186558
4,1013,0.7798626806820318
4,1014,0.7599891607756964
4,1015,0.8712374435443683
4,1016,0.7784783883961571
4,1017,0.6074000463308037
4,1018,0.6978432833616951
4,1019,0.7514522896121976
4,1020,0.8391118101038935
4,1021,0.6311536494564468
4,1022,0.8652261925862459
4,1023,0.8633930517366741
4,1024,0.5642501700058745
4,1025,0.8768708813185698
4,1026,0.4628719224267579
4,1027,0.7721341695683737
4,1028,0.6200167291950788
4,1029,0.7803596761105938
4,1030,0.6449202181318084
4,1031,0.7390311465323082
4,1032,0.518553257987925
4,1033,0.3680437350947873
4,1034,0.48945032393561727
4,1035,0.6170933066511353
4,1036,0.616496459333145
4,1037,0.5416936617258754
4,1038,0.692930121270629
4,1039,0.6958795663671383
4,1040,0.8792876267474918
4,1041,0.5889880807222461
4,1042,0.3488290372261549
4,1043,0.296261504123173
4,1044,0.5739271640770888
4,1045,0.7502410389905677
4,1046,0.8309476966783481
4,1047,0.3952848049251863
4,1048,0.32635158429259203
4,1049,0.6674629144837004
4,1050,0.658130194185573
4,1051,0.5744931505766468
4,1052,0.7273008582525903
4,1053,0.6573293661130446
4,1054,0.6282262661917315
4,1055,0.8683260460498361
4,1056,0.7561818109143308
4,1057,0.7168690678776547
4,1058,0.6365686930550095
4,1059,0.4580505143708791
4,1060,0.48253562332126193
4,1061,0.7578986615653849
4,1062,0.7257093236992819
4,1063,0.6087110150938904
4,1064,0.670410613894357
4,1065,0.6456814089325557
4,1066,0.8574097379641324
4,1067,0.24356062882196805
4,1068,0.2156882195745614
4,1069,0.19236176056222504
4,1070,0.41898898751656594
4,1071,0.5581631146593721
4,1072,0.6387122635863836
4,1073,0.7278530077165282
4,1074,0.8116961177537174
4,1075,0.8043506687285464
4,1076,0.7015883014457028
4,1077,0.8741752079289472
4,1078,0.6109685176999092
4,1079,0.5788031772295243
4,1080,0.4503762950207651
4,1081,0.7013993423509474
4,1082,0.6294318259676442
4,1083,0.67647450740239
4,1084,0.9111165147331463
4,1085,0.5193083737600187
4,1086,0.7742763512655443
4,1087,0.687864769036214
4,1088,0.9205849560718847
4,1089,0.5805296259558614
4,1090,0.6596866094648302
4,1091,0.6274887205635502
4,1092,0.8090619303051586
4,1093,0.7636809012034306
4,1094,0.8405133728635077
4,1095,0.4845457041601901
4,1096,0.5159258998376279
4,1097,0.8168346109992002
4,1098,0.8221199955128297
4,1099,0.9026297207835398
4,1100,0.8510239114725386
4,1101,0.64663729298021
4,1102,0.8217207204821588
4,1103,0.8974498272253126
4,1104,0.6964290015723081
4,1105,0.31499586003295366
4,1106,0.880104292570882
4,1107,0.7082639031410917
4,1108,0.7375005391840043
4,1109,0.8416356608775191
4,1110,0.7657817445411647
4,1111,0.6869622304586978
4,1112,0.781058941451122
4,1113,0.8293356316503171
4,1114,0.629515248628015
4,1115,0.8204044059836574
4,1116,0.34595361636197774
4,1117,0.4738528837977885
4,1118,0.6916006279634126
4,1119,0.7762838082047572
4,1120,0.786032083248113
4,1121,0.7753759750835605
4,1122,0.7328798794060245
4,1123,0.7890850154986944
4,1124,0.7816229974672863
4,1125,0.8025333604964657
4,1126,0.6032928238691436
4,1127,0.7250290559069532
4,1128,0.7614698524314835
4,1129,0.7652785970627213
4,1130,0.6303261543411561
4,1131,0.6290471163042353
4,1132,0.7907818186751833
4,1133,0.6141187962787855
4,1134,0.7323290443475461
4,1135,0.5119388509588509
4,1136,0.6698570670859993
4,1137,0.6254663090471456
4,1138,0.8049069872113708
4,1139,0.6087223701712922
4,1140,0.6940703923411006
4,1141,0.7752589433086662
4,1142,0.8214764826129322
4,1143,0.9161802554038585
4,1144,0.9005370336367338
4,1145,0.8755133420897931
4,1146,0.4792304563880393
4,1147,0.8702071277814368
4,1148,0.9608226271914184
4,1149,0.40030232383249476
4,1150,0.6527653792309528
4,1151,0.6766967095245839
4,1152,0.7653050324701247
4,1153,0.875839699222097
4,1154,0.6991292620603201
4,1155,0.7696277899782171
4,1156,0.6265272118895672
4,1157,0.6034351451848196
4,1158,0.7078672606354075
4,1159,0.5569190512042012
4,1160,0.8778009703962505
4,1161,0.6157048285523885
4,1162,0.5938405205744248
4,1163,0.5575995008191484
4,1164,0.6565577266655022
4,1165,0.8521196313214696
4,1166,0.6224468902803753
4,1167,0.57597415339043
4,1168,0.8249725103007418
4,1169,0.8280243877897898
4,1170,0.6094712701145935
4,1171,0.8190409708730573
4,1172,0.6877604413027947
4,1173,0.6912009322322334
4,1174,0.6199179852390929
4,1175,0.7627196913259572
4,1176,0.46743469173976504
4,1177,0.6323105101503129
4,1178,0.8394265998811342
4,1179,0.4685382805499142
4,1180,0.7017597352567393
4,1181,0.7960300261811958
4,1182,0.5916525576312197
4,1183,0.8031844172247184
4,1184,0.5709269589930901
4,1185,0.7999901708921435
4,1186,0.7949081018895823
4,1187,0.6393479467300432
4,1188,0.6970311031708867
4,1189,0.5703087175446239
4,1190,0.5342535264809054
4,1191,0.8066916779584236
4,1192,0.664962819649427
4,1193,0.739564168391381
4,1194,0.8362624451999315
4,1195,0.6275389881591839
4,1196,0.7369675976681642
4,1197,0.5744715216643189
4,1198,0.8131400696062772
4,1199,0.6358400983041271
4,1200,0.8535850570822948
4,1201,0.7257123688704483
4,1202,0.854154979764759
4,1203,0.5625811927812223
4,1204,0.6336405632054707
4,1205,0.420934716547321
4,1206,0.8703488121539398
4,1207,0.40851919898342604
4,1208,0.562034654253322
4,1209,0.5198969623734391
4,1210,0.758111486638408
4,1211,0.7241336637300642
4,1212,0.7309814581486805
4,1213,0.4616830197616398
4,1214,0.41318286853540426
4,1215,0.6489709180819783
4,1216,0.7692112086612405
4,1217,0.6989524102662111
4,1218,0.7270447099225458
4,1219,0.6475570175038328
4,1220,0.8079776638255785
4,1221,0.8626309756679326
4,1222,0.8014313831309045
4,1223,0.7512795993504985
4,1224,0.651690966979559
4,1225,0.5261998510439609
4,1226,0.7309284283167953
4,1227,0.8780541175239193
4,1228,0.5490657836343802
4,1229,0.8234561259667774
4,1230,0.8031053351424405
4,1231,0.8772356610845448
4,1232,0.908592253383129
4,1233,0.6681356021502342
4,1234,0.7054543900216267
4,1235,0.4754496997293426
4,1236,0.5505132520855719
4,1237,0.5827693415611127
4,1238,0.7058211063088203
4,1239,0.7869695484636623
4,1240,0.6182434189197412
4,1241,0.7023445504250991
4,1242,0.6286666638269589
4,1243,0.7108228527531437
4,1244,0.684016851308476
4,1245,0.8275275283218686
4,1246,0.6862887785554166
4,1247,0.6245927905865526
4,1248,0.8555589909725791
4,1249,0.7743765962363448
4,1250,0.8044045671358169
4,1251,0.5397054966301338
4,1252,0.8064716009369385
4,1253,0.708075851267701
4,1254,0.5818415690983972
4,1255,0.8350231044342802
4,1256,0.7669515512308474
4,1257,0.7784464139033912
4,1258,0.6261019492746004
4,1259,0.7492565692526626
4,1260,0.6668603642875252
4,1261,0.6539546511445528
4,1262,0.708351090491129
4,1263,0.8467767311287919
4,1264,0.7522847360479641
4,1265,0.5541775140409001
4,1266,0.5652007728091685
4,1267,0.8578456218511153
4,1268,0.6478320485716064
4,1269,0.6409128119330858
4,1270,0.8649565995782684
4,1271,0.7327434452363415
4,1272,0.36422137071567545
4,1273,0.7458948826855798
4,1274,0.7163715632296673
4,1275,0.7311602282920373
4,1276,0.7023301619051517
4,1277,0.5246249917899517
4,1278,0.5876937632395508
4,1279,0.7872730836058974
4,1280,0.6972713623708441
4,1281,0.7307509422051853
4,1282,0.44800093195859514
4,1283,0.856048325269561
4,1284,0.9071200070270455
4,1285,0.8573804715715233
4,1286,0.802817857289042
4,1287,0.5540926018705838
4,1288,0.79729351705943
4,1289,0.6458004823047906
4,1290,0.7267855307943567
4,1291,0.6096328026175765
4,1292,0.6831261122547008
4,1293,0.6497748639275488
4,1294,0.7099950154581245
4,1295,0.7881738822836005
4,1296,0.5866312807143718
4,1297,0.8515184593007021
4,1298,0.7927555383403783
4,1299,0.6273785989367053
4,1300,0.3302160265146961
4,1301,0.395305431831536
4,1302,0.5953918068969805
4,1303,0.3214071943058599
4,1304,0.5249477832941084
4,1305,0.5557711763508019
4,1306,0.8670529461990546
4,1307,0.46919180003193245
4,1308,0.7157772174557652
4,1309,0.8109740717519287
4,1310,0.7198191879770911
4,1311,0.6780485870755724
4,1312,0.8664615795638223
4,1313,0.7499776233195778
4,1314,0.705978600154827
4,1315,0.8381606837337201
4,1316,0.8459745877944496
4,1317,0.5471535933606375
4,1318,0.6275164055149471
4,1319,0.4738519834409239
4,1320,0.5331479677477938
4,1321,0.49618270107037843
4,1322,0.9043414059342845
4,1323,0.6975633367383336
4,1324,0.7492720208772726
4,1325,0.7277247358496328
4,1326,0.7802886595038329
4,1327,0.6511562108479902
4,1328,0.4579677555938825
4,1329,0.622833759033672
4,1330,0.8663753065595767
4,1331,0.5236893071843649
4,1332,0.6496281348025071
4,1333,0.7832276398489614
4,1334,0.5590468526318193
4,1335,0.7663599404400824
4,1336,0.8516005729308752
4,1337,0.5147858556461529
4,1338,0.6345401991912212
4,1339,0.5092891114592923
4,1340,0.40454710679505007
4,1341,0.7397094392691898
4,1342,0.6175343619792739
4,1343,0.7294639337989345
4,1344,0.4444820494974394
4,1345,0.45391735996686855
4,1346,0.9028829903179026
4,1347,0.8012316878867002
4,1348,0.8323864167723029
4,1349,0.5088788113562762
4,1350,0.6793425227368106
4,1351,0.6991874754233726
4,1352,0.7886784213476911
4,1353,0.391006837951827
4,1354,0.37371260118048377
4,1355,0.5410598959993235
4,1356,0.7133820754027282
4,1357,0.7287213290146097
4,1358,0.7914078304298111
4,1359,0.7984987341815819
4,1360,0.6640705699559277
4,1361,0.65345039094884
4,1362,0.599601212375641
4,1363,0.6527803379141679
4,1364,0.5410241964976505
4,1365,0.636853543931068
4,1366,0.3835815530652559
4,1367,0.7375235334309602
4,1368,0.6820777616483079
4,1369,0.6520806702284208
4,1370,0.6499876277196843
4,1371,0.7279468324584955
4,1372,0.6656206366768445
4,1373,0.6847803975741781
4,1374,0.8134169446195497
4,1375,0.6024108343278892
4,1376,0.6665702792616277
4,1377,0.6320431974356838
4,1378,0.6829719817560265
4,1379,0.5462423882900849
4,1380,0.698608471948944
4,1381,0.6779910524140412
4,1382,0.7934824836728452
4,1383,0.6326900461685361
4,1384,0.539089318434611
4,1385,0.4641351688669647
4,1386,0.6947545274369602
4,1387,0.6111661408836121
4,1388,0.7255992383760451
4,1389,0.757699590653416
4,1390,0.7979665920457639
4,1391,0.6720100165654014
4,1392,0.6042645814658919
4,1393,0.7462639208308837
4,1394,0.7090609725907454
4,1395,0.7802457419918283
4,1396,0.7193306575509985
4,1397,0.6921093964041858
4,1398,0.7849876984122014
4,1399,0.6713183472843239
4,1400,0.5887120052769247
4,1401,0.694563060116178
4,1402,0.8319693094517379
4,1403,0.7087307311545955
4,1404,0.7568860894821449
4,1405,0.5985817333565373
4,1406,0.6602995875675051
4,1407,0.6910556587463879
4,1408,0.6830206051977713
4,1409,0.7404597193818532
4,1410,0.6187031364591022
4,1411,0.7582532439015377
4,1412,0.5408232512255386
4,1413,0.6838021883179214
4,1414,0.5292774444736411
4,1415,0.22112150642758371
4,1416,0.23266587202616737
4,1417,0.2685559821245211
4,1418,0.45677119395850035
4,1419,0.7775963706314378
4,1420,0.7277038369590652
4,1421,0.6697301417712771
4,1422,0.5539539608899297
4,1423,0.804059321846342
4,1424,0.4973482869410966
4,1425,0.6465639225712864
4,1426,0.5821202707962561
4,1427,0.6127588914049117
4,1428,0.6180893008623445
4,1429,0.817416916176116
4,1430,0.72435609435999
4,1431,0.6588237326340771
4,1432,0.8364435977683036
4,1433,0.7127446247730096
4,1434,0.8786903127022297
4,1435,0.8956703820003173
4,1436,0.8764258845347948
4,1437,0.8735903255019535
4,1438,0.867033554262329
4,1439,0.846115915184779
4,1440,0.8154056196600913
4,1441,0.7327705117079857
4,1442,0.7451759124285192
4,1443,0.7227172531319379
4,1444,0.416645366925137
4,1445,0.8828656249710733
4,1446,0.46612239211799505
4,1447,0.31539714107898037
4,1448,0.30181867395149853
4,1449,0.41234627414826097
4,1450,0.5117711608446901
4,1451,0.48752439949009657
4,1452,0.5923412782091885
4,1453,0.7239464345386708
4,1454,0.7308381999051954
4,1455,0.7982659700755144
4,1456,0.6148486304956406
4,1457,0.8136959008467843
4,1458,0.7154331519039019
4,1459,0.7592301679309146
4,1460,0.7545586232372795
4,1461,0.8668920641404995
4,1462,0.4617227694579141
4,1463,0.8275302213677238
4,1464,0.7540290909964953
4,1465,0.7526623033860464
4,1466,0.8141237903160772
4,1467,0.41305658065344325
4,1468,0.4587314869699581
4,1469,0.9105655998748238
4,1470,0.28271977996695286
4,1471,0.4680581277345903
4,1472,0.8795359874214084
4,1473,0.8590771148908296
4,1474,0.6388694589079467
4,1475,0.7649677331465573
4,1476,0.7034003993958748
4,1477,0.5139310880890033
4,1478,0.7157887243840173
4,1479,0.701143712074575
4,1480,0.6637949533438843
4,1481,0.715424928552827
4,1482,0.666870537823596
4,1483,0.599267455406447
4,1484,0.878735273308404
4,1485,0.5593213572013962
4,1486,0.8720174468901316
4,1487,0.7684314484724644
4,1488,0.6689262444132402
4,1489,0.5823869053783548
4,1490,0.4131373344006653
4,1491,0.2774758197285813
4,1492,0.39489599515063073
4,1493,0.33195638488878243
4,1494,0.8743127937252343
4,1495,0.8930614011480363
4,1496,0.5998056896517251
4,1497,0.7892945204539454
4,1498,0.6256968158371898
4,1499,0.8243696156732756
4,1500,0.6566929350463344
4,1501,0.7729393964924675
4,1502,0.8088402996798801
4,1503,0.7359474909745922
4,1504,0.7119165667584761
4,1505,0.7178829741558685
4,1506,0.7573576785337741
4,1507,0.7792207338227413
4,1508,0.8616188695967726
4,1509,0.6025556166978343
4,1510,0.6937574826019621
4,1511,0.804085227770056
4,1512,0.6206675281603927
4,1513,0.6417387323006627
4,1514,0.8839500123800642
4,1515,0.8321500704530936
4,1516,0.7387688385822835
4,1517,0.7278012709814645
4,1518,0.6456957092639509
4,1519,0.4193188988734401
4,1520,0.5611249045150658
4,1521,0.8733904682007353
4,1522,0.40791928970804003
4,1523,0.46313014698306715
4,1524,0.7317450547218962
4,1525,0.6458869017849568
4,1526,0.609224302310834
4,1527,0.5826032252374244
4,1528,0.716013486705449
4,1529,0.8081043667329685
4,1530,0.7923539319854455
4,1531,0.8219979730920967
4,1532,0.5329496076566672
4,1533,0.7132795438989614
4,1534,0.7276298978296725
4,1535,0.61010915350721
4,1536,0.8902443098664088
4,1537,0.5029754117832932
4,1538,0.7178935566730895
4,1539,0.6563709545436506
4,1540,0.8453345694499115
4,1541,0.657387921167649
4,1542,0.9019788094518653
4,1543,0.819149694675192
4,1544,0.24728120764895137
4,1545,0.6805098519258472
4,1546,0.8263923786622362
4,1547,0.656079246691112
4,1548,0.510188184803188
4,1549,0.7631167247009312
4,1550,0.5501958001673771
4,1551,0.6570073356050986
4,1552,0.5685133204403864
4,1553,0.6368521393904863
4,1554,0.5361736092835399
4,1555,0.5390063181775792
4,1556,0.5045013420209487
4,1557,0.43466532077586756
4,1558,0.5910798830655267
4,1559,0.7039429747176003
4,1560,0.655166767319655
4,1561,0.8642512973119115
4,1562,0.8112919045069122
4,1563,0.5465800448258057
4,1564,0.7153058806338203
4,1565,0.6683819870529992
4,1566,0.6558040589137809
4,1567,0.608384797910885
4,1568,0.7770679813574791
4,1569,0.8187418897198656
4,1570,0.8485955020611468
4,1571,0.7049084277485189
4,1572,0.6785533480088419
4,1573,0.8351417052693544
4,1574,0.7596969253765014
4,1575,0.4920158409842275
4,1576,0.36795809731206125
4,1577,0.8339871848224807
4,1578,0.6058184887586631
4,1579,0.7774518068813131
4,1580,0.7423605622767997
4,1581,0.7349617992661107
4,1582,0.67741651101527
4,1583,0.7510804264331062
4,1584,0.8191731445898506
4,1585,0.6463251081211774
4,1586,0.6490172653469953
4,1587,0.5568024092761824
4,1588,0.6734565822975407
4,1589,0.8085716658262543
4,1590,0.6716785674394335
4,1591,0.8089484125263927
4,1592,0.7000155501651527
4,1593,0.7495995368681951
4,1594,0.5887048564965949
4,1595,0.5658514099507858
4,1596,0.6316560297001119
4,1597,0.800801219965797
4,1598,0.9024425309528606
4,1599,0.8624237481629495
4,1600,0.5822266515582375
4,1601,0.6277360117137191
4,1602,0.7506023959736245
4,1603,0.689200761489594
4,1604,0.7935360678068882
4,1605,0.7949931035650416
4,1606,0.6847502413320988
4,1607,0.5941081724513144
4,1608,0.8879752792546105
4,1609,0.8797045971679456
4,1610,0.844160058895863
4,1611,0.6170457892859044
4,1612,0.8935159879144949
4,1613,0.849482107282827
4,1614,0.3005689693763263
4,1615,0.5472187473928851
4,1616,0.30455149434557705
4,1617,0.5446085268892848
4,1618,0.6595905627566395
4,1619,0.39770007219494435
4,1620,0.6017487661968731
4,1621,0.7123596990702358
4,1622,0.5799990346404575
4,1623,0.9115396600819807
4,1624,0.7930637081260459
4,1625,0.8304106511801629
4,1626,0.885531183924026
4,1627,0.8374507278111736
4,1628,0.34562776976909704
4,1629,0.8001152011723134
4,1630,0.46041209517409365
4,1631,0.6481209395081597
4,1632,0.765140115028136
4,1633,0.7546558725976534
4,1634,0.7922630793228875
4,1635,0.8383630922376484
4,1636,0.8131439274749869
4,1637,0.6602983085843448
4,1638,0.8380924439041709
4,1639,0.8529980544354698
4,1640,0.5408886723254916
4,1641,0.6907002190337634
4,1642,0.6811474892652517
4,1643,0.813966670522237
4,1644,0.8039424052798351
4,1645,0.5358444504666873
4,1646,0.7165091141520911
4,1647,0.8122153752367032
4,1648,0.7738815187609136
4,1649,0.6875576836359951
4,1650,0.8205283964614148
4,1651,0.7835497225430743
4,1652,0.8399515867451111
4,1653,0.44657786384286297
4,1654,0.5298914367675724
4,1655,0.8866826930268512
4,1656,0.8668179845958279
4,1657,0.49495000009593465
4,1658,0.8227742776933634
4,1659,0.8415002932364719
4,1660,0.756053402170804
4,1661,0.8081640232723205
4,1662,0.45831068159203925
4,1663,0.7852528101067904
4,1664,0.703382840934591
4,1665,0.8801749557962203
4,1666,0.6196052576925232
4,1667,0.5256725455799012
4,1668,0.12131543955618342
4,1669,0.18114690989144072
4,1670,0.3156438757198236
4,1671,0.3603979503351449
4,1672,0.6664462522051958
4,1673,0.8590388346222014
4,1674,0.8254316636265083
4,1675,0.7769052169587481
4,1676,0.6424962046696068
4,1677,0.7277160363664985
4,1678,0.5715702107529638
4,1679,0.5038393180108985
4,1680,0.69815015244421
4,1681,0.7331468528775477
4,1682,0.9607011087514853
4,1683,0.9390083917711906
4,1684,0.9193219904011606
4,1685,0.7056235789679158
4,1686,0.7934795074239978
4,1687,0.6059598496703528
4,1688,0.6863265415393509
4,1689,0.8191361897104231
4,1690,0.8202591277246202
4,1691,0.6571741039809714
4,1692,0.6074105114540385
4,1693,0.8764599549370975
4,1694,0.8459411120770454
4,1695,0.680624580972687
4,1696,0.683715845603324
4,1697,0.8840511570852468
4,1698,0.8465893045140102
4,1699,0.6530716263657254
4,1700,0.7040497758669808
4,1701,0.8436741850374699
4,1702,0.7290462147837755
4,1703,0.6488943547820499
4,1704,0.7701831337075334
4,1705,0.5673277691554489
4,1706,0.8606022199389738
4,1707,0.47481160611602213
4,1708,0.9249744124920044
4,1709,0.6194630810740631
4,1710,0.5918911988374849
4,1711,0.8073186384774713
4,1712,0.917648571599633
4,1713,0.8358752832195345
4,1714,0.8066431643437526
4,1715,0.7686422055018508
4,1716,0.724417753877035
4,1717,0.647461216211021
4,1718,0.6413959359305027
4,1719,0.8088505703640106
4,1720,0.7688760621170981
4,1721,0.7123489409225517
4,1722,0.6349088043966209
4,1723,0.7840891900481441
4,1724,0.5625175003375222
4,1725,0.8315664388582242
4,1726,0.42682167360462775
4,1727,0.8251385469685439
4,1728,0.6822460510099276
4,1729,0.7462487179402141
4,1730,0.8145723697244565
4,1731,0.5232228546533841
4,1732,0.8927525547617031
4,1733,0.8507374536711938
4,1734,0.8876831377662855
4,1735,0.6754670957069902
4,1736,0.7769141232034394
4,1737,0.5950528753874476
4,1738,0.7306878195827452
4,1739,0.42646109068348437
4,1740,0.5858906498025747
4,1741,0.7381706010867347
4,1742,0.7066132738483949
4,1743,0.7876467015140336
4,1744,0.7652963216473999
4,1745,0.7797355137541254
4,1746,0.8529234552843837
4,1747,0.8788554506328026
4,1748,0.8270793307778875
4,1749,0.8333021158059193
4,1750,0.5013531146750584
4,1751,0.7511635211804353
4,1752,0.5151727326322482
4,1753,0.40843334355097877
4,1754,0.6067373823182471
4,1755,0.7813671143628543
4,1756,0.7365193404082462
4,1757,0.6964390558564847
4,1758,0.6588246503211538
4,1759,0.7534661760519249
4,1760,0.806363964255446
4,1761,0.8310554282193767
4,1762,0.6543599136518802
4,1763,0.586312810316688
4,1764,0.7371123661600715
4,1765,0.7030828719097661
4,1766,0.3585361066156294
4,1767,0.87461017193845
4,1768,0.8086691668931855
4,1769,0.4559639830934215
4,1770,0.5667864632824648
4,1771,0.6371505693514778
4,1772,0.5837166893269319
4,1773,0.7140403543252998
4,1774,0.7679990503607944
4,1775,0.763464389702603
4,1776,0.7575841016737975
4,1777,0.8332820850541817
4,1778,0.7723191408581812
4,1779,0.7324596905373012
4,1780,0.4606075883607534
4,1781,0.5489914947320571
4,1782,0.6134949925359904
4,1783,0.4856664992418249
4,1784,0.541434512436987
4,1785,0.6548652600322259
4,1786,0.7401052335988346
4,1787,0.7562774278616731
4,1788,0.5444215211755982
4,1789,0.7672164034201986
4,1790,0.6206066088427656
4,1791,0.7851878759801947
4,1792,0.8209930904576658
4,1793,0.6614434551538149
4,1794,0.6141344831708805
4,1795,0.6831428399390203
4,1796,0.7754504583316931
4,1797,0.8157758132681326
4,1798,0.6883663600885068
4,1799,0.3915549408270506
4,1800,0.7280742817274691
4,1801,0.8674907120976327
4,1802,0.572225843026144
4,1803,0.8642629421431424
4,1804,0.8384683310801173
4,1805,0.7595979186445051
4,1806,0.6852050221592381
4,1807,0.736602454579493
4,1808,0.555474011923639
4,1809,0.40611585856893734
4,1810,0.6759808681934028
4,1811,0.7119523669072888
4,1812,0.7895098046635219
4,1813,0.5784255429351178
4,1814,0.8741612680655646
4,1815,0.8210373171784273
4,1816,0.8043916892836211
4,1817,0.5147027205119844
4,1818,0.48534820666130246
4,1819,0.5075680942775881
4,1820,0.6329279753034444
4,1821,0.47522607688380014
4,1822,0.4888104960083894
4,1823,0.8709808236163159
4,1824,0.5092586611477052
4,1825,0.6752806834655615
4,1826,0.6987902895136424
4,1827,0.6879808849195638
4,1828,0.7478238168612159
4,1829,0.7793324238304739
4,1830,0.8208379147198009
4,1831,0.8486834099033217
4,1832,0.7786201596749378
4,1833,0.7102922165011881
4,1834,0.677649095793896
4,1835,0.8396266326867262
4,1836,0.6838374145847023
4,1837,0.8378346616059278
4,1838,0.6163986579243744
4,1839,0.8258118786933324
4,1840,0.6503113514339203
4,1841,0.5036291659463719
4,1842,0.7607474203774237
4,1843,0.7267812824016563
4,1844,0.8274809312870035
4,1845,0.692438333072743
4,1846,0.7662316737581083
4,1847,0.45015317525198667
4,1848,0.41367688805317177
4,1849,0.384738962939642
4,1850,0.45524248871731604
4,1851,0.6879946640503528
4,1852,0.5601853777930731
4,1853,0.5006843746305841
4,1854,0.617763945381327
4,1855,0.6729150616766768
4,1856,0.8501513305545954
4,1857,0.7130367658991118
4,1858,0.7360338459713881
4,1859,0.749805637299691
4,1860,0.6962028505583241
4,1861,0.6468548209205064
4,1862,0.6702451014605014
4,1863,0.8863428590301501
4,1864,0.9393786148343
4,1865,0.6660052121341975
4,1866,0.6606987441168214
4,1867,0.6438259527554587
4,1868,0.8027903179068532
4,1869,0.6024079214753033
4,1870,0.6234212891552106
4,1871,0.8645691609902796
4,1872,0.8516869482903486
4,1873,0.8213763727947179
4,1874,0.8760504973427867
4,1875,0.4570371722431118
4,1876,0.7584947765337776
4,1877,0.5844116784021529
4,1878,0.6297957455342894
4,1879,0.7054934621547705
4,1880,0.5860562458000126
4,1881,0.6493943934631944
4,1882,0.757883952798693
4,1883,0.8935608399242363
4,1884,0.7087740069474839
4,1885,0.782198204792798
4,1886,0.6363394087066947
4,1887,0.8385418241062645
4,1888,0.8188404317029258
4,1889,0.9296214937778098
4,1890,0.5941970363465823
4,1891,0.587524925152231
4,1892,0.8613914706368114
4,1893,0.512903660733109
4,1894,0.6390619952327659
4,1895,0.8354916533141964
4,1896,0.42960916949597755
4,1897,0.9197316810629131
4,1898,0.9140831271213482
4,1899,0.8859111979422315
4,1900,0.584432628392552
4,1901,0.685921246434036
4,1902,0.6647432818381233
4,1903,0.8259851766433854
4,1904,0.8885580319163959
4,1905,0.5142290410354939
4,1906,0.9183509121101757
4,1907,0.6104803732742331
4,1908,0.6656295310437218
4,1909,0.7089285969404179
4,1910,0.5772565090656573
4,1911,0.50284620054532
4,1912,0.8139785184131808
4,1913,0.5318455526183332
4,1914,0.4512616227025335
4,1915,0.7444507388414824
4,1916,0.6251122141334087
4,1917,0.8202248372216356
4,1918,0.4629968730618495
4,1919,0.7854627405798419
4,1920,0.7917554218448897
4,1921,0.5305866633706736
4,1922,0.6920639774994078
4,1923,0.4941101398484585
4,1924,0.4614728077086442
4,1925,0.8159111407222677
4,1926,0.7139536003400051
4,1927,0.8011433579364761
4,1928,0.4489239321374479
4,1929,0.7851307154737523
4,1930,0.7018447830530907
4,1931,0.7029056080513496
4,1932,0.603368632950963
4,1933,0.7195297737899554
4,1934,0.7195297737899554
4,1935,0.8284897191480167
4,1936,0.787264399993929
4,1937,0.8257652705518359
4,1938,0.8316312388130317
4,1939,0.793310092559243
4,1940,0.8094126189013473
4,1941,0.8416917665989904
4,1942,0.6682755303441021
4,1943,0.7542078328977934
4,1944,0.7542078328977934
4,1945,0.536696406837547
4,1946,0.8788073813411263
4,1947,0.6720233947373931
4,1948,0.7358222757027665
4,1949,0.733247643878661
4,1950,0.6149992566749443
4,1951,0.8423066159329995
4,1952,0.8477300024593123
4,1953,0.5262210955190288
4,1954,0.5262210955190288
4,1955,0.5663914796000468
4,1956,0.8923037675459407
4,1957,0.37030523562470746
4,1958,0.49574268377941755
4,1959,0.5054349496927509
4,1960,0.6148790383697205
4,1961,0.8094815232036965
4,1962,0.6037954346798343
4,1963,0.8113489859699085
4,1964,0.8090327630439182
4,1965,0.811471832949282
4,1966,0.45398406779328154
4,1967,0.7135323759634565
4,1968,0.7734800898362275
4,1969,0.8382104372840039
4,1970,0.7501695104978481
4,1971,0.6288715046249163
4,1972,0.6681083889850692
4,1973,0.6911470727741368
4,1974,0.7432008140052142
4,1975,0.8513899305623644
4,1976,0.918938469330835
4,1977,0.6409168752946207
4,1978,0.6561976248061014
4,1979,0.6218562878243504
4,1980,0.5544601220527235
4,1981,0.8656679836295191
4,1982,0.8671263481818443
4,1983,0.902562845816035
4,1984,0.6719572208085269
4,1985,0.7594423989906853
4,1986,0.35203602832808883
4,1987,0.740681484868447
4,1988,0.7384736732331424
4,1989,0.677754399903598
4,1990,0.7907774797977375
4,1991,0.8163802523120137
4,1992,0.7070373547109909
4,1993,0.8193427215592932
4,1994,0.8735269520439262
4,1995,0.7051616526696646
4,1996,0.8462074785843023
4,1997,0.3416224060646261
4,1998,0.6759139404206822
4,1999,0.5224140913693248
4,2000,0.5707867564266331
4,2001,0.6229125789580637
4,2002,0.6621915899095889
4,2003,0.6596809754659083
4,2004,0.9082067538453643
4,2005,0.9468542507876644
4,2006,0.4696415709595883
4,2007,0.6493550209105377
4,2008,0.49745767327858414
4,2009,0.7428955716504657
4,2010,0.6104184315501494
4,2011,0.6392920180252774
4,2012,0.8485903169467441
4,2013,0.7033016210060987
4,2014,0.5361954085964836
4,2015,0.8920374309429259
4,2016,0.5765890115836831
4,2017,0.5749941418719985
4,2018,0.7398456133582529
4,2019,0.762805695678326
4,2020,0.6873509006372612
4,2021,0.7631395993631646
4,2022,0.7754280628031388
4,2023,0.6767625758441773
4,2024,0.7873419026702339
4,2025,0.8835542810074704
4,2026,0.6823040573377409
4,2027,0.7516126250172331
4,2028,0.5847370266014312
4,2029,0.5474838854952534
4,2030,0.9347022850375633
4,2031,0.5342951885271301
4,2032,0.8168633643891051
4,2033,0.6160032484802097
4,2034,0.7486809457385448
4,2035,0.5625388764880277
4,2036,0.6412680402639798
4,2037,0.7152990310458857
4,2038,0.6393006592841272
4,2039,0.6658565994477345
4,2040,0.6113753359726918
4,2041,0.4713847497453491
4,2042,0.5079205406373445
4,2043,0.6208735773856264
4,2044,0.751026475989919
4,2045,0.6281302190432255
4,2046,0.4449156385721302
4,2047,0.4674576986657358
4,2048,0.4833411832612296
4,2049,0.4791480015109104
4,2050,0.7630510128532645
4,2051,0.7776746452786973
4,2052,0.9084544837941667
4,2053,0.7832509629296557
4,2054,0.5786684157840561
4,2055,0.6345262092426386
4,2056,0.6835876246502077
4,2057,0.6769328437188649
4,2058,0.49660858158572496
4,2059,0.7410915007832284
4,2060,0.796888900792552
4,2061,0.7591610441437517
4,2062,0.5123815222645961
4,2063,0.7523815506759212
4,2064,0.7546352668162604
4,2065,0.7159528289035233
4,2066,0.6589595660299612
4,2067,0.6292099931061564
4,2068,0.7667600040759277
4,2069,0.7944965522759208
4,2070,0.7543010110875668
4,2071,0.7159053606366422
4,2072,0.6628284976029609
4,2073,0.6032399737592489
4,2074,0.7574187723921159
4,2075,0.6305702582727416
4,2076,0.7617672812915364
4,2077,0.6101269791930173
4,2078,0.7120797812956239
4,2079,0.7407575381546088
4,2080,0.6776004004907752
4,2081,0.8085104600771903
4,2082,0.7802929929933708
4,2083,0.4588143377224354
4,2084,0.8891728704596181
4,2085,0.8000053053051606
4,2086,0.6876336899239368
4,2087,0.4694378941469128
4,2088,0.8483842341560552
4,2089,0.7619267651092493
4,2090,0.8105327937288586
4,2091,0.712498239675062
4,2092,0.7002130370717393
4,2093,0.6676706273661969
4,2094,0.7954578448198247
4,2095,0.6133605118794042
4,2096,0.7017836007381808
4,2097,0.5638665827332601
4,2098,0.7824184724816609
4,2099,0.7863596452957677
4,2100,0.5125578720474028
4,2101,0.8133163151056751
4,2102,0.45075370262172176
4,2103,0.6612090811464985
4,2104,0.5259236206470388
4,2105,0.4651466556384005
4,2106,0.7900921818059005
4,2107,0.7699989116869421
4,2108,0.8394704935728995
4,2109,0.5976691454682257
4,2110,0.5155783363642636
4,2111,0.7199275857328713
4,2112,0.615948181448363
4,2113,0.7517927830582009
4,2114,0.7501336289496349
4,2115,0.6976814433559546
4,2116,0.6817796253289131
4,2117,0.7805144382341048
4,2118,0.7887266628943751
4,2119,0.7201760405666718
4,2120,0.6167374772194232
4,2121,0.6902231440628965
4,2122,0.8968438917976437
4,2123,0.43211496944210315
4,2124,0.7811669783871973
4,2125,0.18791591430594135
4,2126,0.2901371076448276
4,2127,0.6629095701321944
4,2128,0.7567366977506277
4,2129,0.6190638372101895
4,2130,0.70897320160175
4,2131,0.8891158279332826
4,2132,0.8565093032654273
4,2133,0.7046360445806236
4,2134,0.8177465858871217
4,2135,0.7505940426977188
4,2136,0.7847009898882369
4,2137,0.7625500411368563
4,2138,0.8230324623954304
4,2139,0.7826909541188106
4,2140,0.5480443525029084
4,2141,0.7871625289012883
4,2142,0.44114817792605354
4,2143,0.8324838443696265
4,2144,0.738379282740156
4,2145,0.8244791434920251
4,2146,0.5940191461534213
4,2147,0.2984719366513435
4,2148,0.20798481048154804
4,2149,0.48569326410767044
4,2150,0.7037437033225968
4,2151,0.8190357781129095
4,2152,0.7291913633542413
4,2153,0.6630908123152774
4,2154,0.6432196096020866
4,2155,0.47116600631538125
4,2156,0.5409217407179711
4,2157,0.7548897456318802
4,2158,0.7370127215918605
4,2159,0.7424005152645967
4,2160,0.7864800969485511
4,2161,0.6505435298636059
4,2162,0.5280002467951675
4,2163,0.8921863240979544
4,2164,0.6168459394089002
4,2165,0.9153593564334224
4,2166,0.9392496595255129
4,2167,0.956560940149348
4,2168,0.6219211973918404
4,2169,0.7082151969652082
4,2170,0.49001791627204894
4,2171,0.48915105427745664
4,2172,0.673661504205615
4,2173,0.8731360823953354
4,2174,0.6183778874127426
4,2175,0.7494585638168542
4,2176,0.6851589313491542
4,2177,0.8220624058998867
4,2178,0.7512070800856685
4,2179,0.7535265344621678
4,2180,0.929380264883456
4,2181,0.7682622237646461
4,2182,0.7187449729964919
4,2183,0.5507896564591225
4,2184,0.7621739626693032
4,2185,0.7621739626693032
4,2186,0.482862816691166
4,2187,0.573814435729387
4,2188,0.6506043961151989
4,2189,0.8172823556895282
4,2190,0.8589776707271807
4,2191,0.7645849818700604
4,2192,0.56464128128803
4,2193,0.6679026209979457
4,2194,0.33076961839971186
4,2195,0.7626755602216801
4,2196,0.7337224132760864
4,2197,0.720056258288396
4,2198,0.8011856164749532
4,2199,0.7439727712169345
4,2200,0.6715901767538568
4,2201,0.6227161808589172
4,2202,0.7099151982610058
4,2203,0.6863670659400574
4,2204,0.6313112069061161
4,2205,0.5880496944748359
4,2206,0.8317547795732688
4,2207,0.6543500829799482
4,2208,0.7244115908637734
4,2209,0.739408723919053
4,2210,0.7533092934663668
4,2211,0.7913355459371053
4,2212,0.7448530458264048
4,2213,0.788804024654918
4,2214,0.6277558804458546
4,2215,0.6589487271901263
4,2216,0.7130594362110119
4,2217,0.7385578928552494
4,2218,0.7184738410435941
4,2219,0.8065516400765553
4,2220,0.5106247901340408
4,2221,0.6498183866437455
4,2222,0.6636937000812599
4,2223,0.8048048501566494
4,2224,0.5805640281170128
4,2225,0.6830135867708415
4,2226,0.6283893875818457
4,2227,0.6350511941073381
4,2228,0.5659439383884031
4,2229,0.4245350969503677
4,2230,0.516145706844732
4,2231,0.853462760183159
4,2232,0.7817555362092504
4,2233,0.6275208237898531
4,2234,0.7472722384461724
4,2235,0.679584388971479
4,2236,0.5795086266703826
4,2237,0.6697442767975603
4,2238,0.6731052379589809
4,2239,0.9223952110039277
4,2240,0.8491063088691131
4,2241,0.8230626011995579
4,2242,0.5575107995211808
4,2243,0.8395622024974259
4,2244,0.6674662095439711
4,2245,0.48222097074013365
4,2246,0.5166020413417998
4,2247,0.8759941558237619
4,2248,0.611111089569578
4,2249,0.7045660447719938
4,2250,0.6125393009992132
4,2251,0.5150037953751537
4,2252,0.6189658832565685
4,2253,0.62842565518543
4,2254,0.7788806721050615
4,2255,0.7640780456344854
4,2256,0.7364277624884551
4,2257,0.7022827753934597
4,2258,0.6509297900120153
4,2259,0.8352755684953231
4,2260,0.7781921321177885
4,2261,0.7441989812701161
4,2262,0.7401080135245813
4,2263,0.8415791375122056
4,2264,0.5410467281890486
4,2265,0.8208487884046548
4,2266,0.6786477048465762
4,2267,0.7677876928170041
4,2268,0.6969815918451028
4,2269,0.7659567298253375
4,2270,0.7880478675644235
4,2271,0.7138884872571676
4,2272,0.7484882561285834
4,2273,0.7344229401169995
4,2274,0.38741253203663256
4,2275,0.7187415519895419
4,2276,0.7391957039873283
4,2277,0.6622455719223425
4,2278,0.5616896898220537
4,2279,0.629258005709745
4,2280,0.38644745454306945
4,2281,0.9081650465417243
4,2282,0.41382634108774685
4,2283,0.4631030386313949
4,2284,0.41447326135665613
4,2285,0.5987450883080765
4,2286,0.5679893058864923
4,2287,0.6100159813060636
4,2288,0.2731037686502552
4,2289,0.6263434420579351
4,2290,0.5599399104235302
4,2291,0.9261639308492706
4,2292,0.5576706678998586
4,2293,0.8147038522630914
4,2294,0.8897382989738049
4,2295,0.8319638196760412
4,2296,0.6332162749333387
4,2297,0.5164326350549364
4,2298,0.5195568333651128
4,2299,0.7066779372365282
4,2300,0.7154479094194662
4,2301,0.8174556310900799
4,2302,0.8979683458657592
4,2303,0.8962340544343992
4,2304,0.3514628412848832
4,2305,0.45895554183487747
4,2306,0.3652408610232262
4,2307,0.5070995843268363
4,2308,0.6790413395650691
4,2309,0.7376849505463994
4,2310,0.6226202328551662
4,2311,0.5145947016659835
4,2312,0.6423606708083239
4,2313,0.7224603802990657
4,2314,0.8129777428556422
4,2315,0.47539153746162144
4,2316,0.3434614982454312
4,2317,0.3306024896873433
4,2318,0.5496688326115179
4,2319,0.8987427249098005
4,2320,0.5254396981338069
4,2321,0.7672896372546982
4,2322,0.6875755650369126
4,2323,0.8174934388923897
4,2324,0.771399116976334
4,2325,0.9635470585903968
4,2326,0.8719293608499018
4,2327,0.9030197139478076
4,2328,0.38782047845792667
4,2329,0.8469809129455323
4,2330,0.7426979378629414
4,2331,0.7429574714006849
4,2332,0.7710756940896
4,2333,0.4559492444284266
4,2334,0.5229059466157582
4,2335,0.663247260918969
4,2336,0.6834475079349254
4,2337,0.7446881447342988
4,2338,0.6321477585253458
4,2339,0.7624120969586006
4,2340,0.7585341843124176
4,2341,0.8503628974324087
4,2342,0.21966985152460808
4,2343,0.5605968671439078
4,2344,0.6869658207269392
4,2345,0.6138120516064067
4,2346,0.7094032679187122
4,2347,0.7725116820061857
4,2348,0.5832873039311534
4,2349,0.8420062381720994
4,2350,0.8494838351296234
4,2351,0.8510792805050349
4,2352,0.7902233455669464
4,2353,0.5789944296776772
4,2354,0.4404777513091001
4,2355,0.8547364518901112
4,2356,0.6100611144395851
4,2357,0.7294738823895235
4,2358,0.6692777092601506
4,2359,0.7445772782253162
4,2360,0.6947968583781841
4,2361,0.7274269895494672
4,2362,0.6830506917968407
4,2363,0.6924376549636173
4,2364,0.6156937762203678
4,2365,0.6498531067419033
4,2366,0.7042313167818176
4,2367,0.7335517807331966
4,2368,0.5439799488547702
4,2369,0.5622668699034118
4,2370,0.6916223473971526
4,2371,0.657533960006659
4,2372,0.839365661765254
4,2373,0.6055054766780995
4,2374,0.697538477967667
4,2375,0.7675230997652038
4,2376,0.8134832917822102
4,2377,0.8198183189462602
4,2378,0.8210826504403896
4,2379,0.8217485043913905
4,2380,0.6424992633274763
4,2381,0.6682300786325074
4,2382,0.7987312762580132
4,2383,0.4523162742811515
4,2384,0.4703705754900757
4,2385,0.7491818104835701
4,2386,0.8060307730016174
4,2387,0.7864131812704717
4,2388,0.42480184100625656
4,2389,0.6528031840271945
4,2390,0.7905791944655224
4,2391,0.5271445477559963
4,2392,0.6137829814370208
4,2393,0.8807438554905993
4,2394,0.8050349478041711
4,2395,0.9087970621965318
4,2396,0.76988025781532
4,2397,0.782895201186223
4,2398,0.7667167487274289
4,2399,0.7877557882816947
4,2400,0.7858033743870213
4,2401,0.8688719159286192
4,2402,0.8363249128414609
4,2403,0.6901932825320976
4,2404,0.7535832580236712
4,2405,0.5475907965592742
4,2406,0.8238579340149149
4,2407,0.7971446890289646
4,2408,0.608458038718401
4,2409,0.8889714771687757
4,2410,0.46936850578525824
4,2411,0.8016198270676376
4,2412,0.7178861358134427
4,2413,0.7714791785770971
4,2414,0.8339129120661523
4,2415,0.7611679643682557
4,2416,0.6222846102293441
4,2417,0.6749009724900091
4,2418,0.525817943974785
4,2419,0.7431132868379025
4,2420,0.8525575526085654
4,2421,0.6275420792987467
4,2422,0.7817483828728442
4,2423,0.6877302370696626
4,2424,0.8125906682504442
4,2425,0.6643304504549957
4,2426,0.777521665756079
4,2427,0.7334256498165161
4,2428,0.7668050769151047
4,2429,0.7430739800920981
4,2430,0.7573582859735445
4,2431,0.6503225748114014
4,2432,0.6950473109566371
4,2433,0.7313543042193883
4,2434,0.7406542626068531
4,2435,0.6334611537352329
4,2436,0.40995642891839157
4,2437,0.40627253974026395
4,2438,0.392803268856874
4,2439,0.7766552297515379
4,2440,0.7063206599507129
4,2441,0.5847217255999382
4,2442,0.5722119578729832
4,2443,0.8822420544529389
4,2444,0.7233320017559851
4,2445,0.7334226831394344
4,2446,0.5856357966855433
4,2447,0.8059021077026929
4,2448,0.7358776480926409
4,2449,0.7943126261543875
4,2450,0.6160777450599134
4,2451,0.6511061422118506
4,2452,0.7198203352104696
4,2453,0.42479335281815467
4,2454,0.7125011964779795
4,2455,0.7860387190062041
4,2456,0.7878262041030362
4,2457,0.6538309927229269
4,2458,0.7856362929880443
4,2459,0.4966417214880417
4,2460,0.866764998029061
4,2461,0.5088248057977665
4,2462,0.7122213849950635
4,2463,0.7350546483694724
4,2464,0.7358207519857688
4,2465,0.5163968411912223
4,2466,0.7633552070664844
4,2467,0.7952289146790471
4,2468,0.5728799337979821
4,2469,0.6848619338040515
4,2470,0.85246331988186
4,2471,0.8471539588378093
4,2472,0.7019683953010968
4,2473,0.7271111189184601
4,2474,0.7010775142467693
4,2475,0.7731054060879813
4,2476,0.7344814671876708
4,2477,0.7499586788862733
4,2478,0.7659511795883223
4,2479,0.707628091201907
4,2480,0.4169436619508731
4,2481,0.6171275842416094
4,2482,0.37441265445364
4,2483,0.8030051059797554
4,2484,0.5916758238828261
4,2485,0.8031506218443345
4,2486,0.6383859854144703
4,2487,0.6367680488998595
4,2488,0.7252236834093236
4,2489,0.5454194084250606
4,2490,0.8250362282370798
4,2491,0.7455058218208966
4,2492,0.8472932544789322
4,2493,0.47479431935564637
4,2494,0.7028297005378116
4,2495,0.6623473297418456
4,2496,0.6515229439009436
4,2497,0.7645318625634224
4,2498,0.8864049970378755
4,2499,0.7830352245820934
4,2500,0.6533573695312996
4,2501,0.6506826120318453
4,2502,0.6813512901981297
4,2503,0.7322869763230905
4,2504,0.7443018575783935
4,2505,0.4998015259806266
4,2506,0.6243740855774151
4,2507,0.8010102240985717
4,2508,0.5702665712258518
4,2509,0.7831548501234642
4,2510,0.45446153288958036
4,2511,0.6492455569442276
4,2512,0.8090460761553714
4,2513,0.7553841611443967
4,2514,0.6178338774381106
4,2515,0.8313527700676114
4,2516,0.8535482273067388
4,2517,0.7368893653831283
4,2518,0.7575018823589136
4,2519,0.9377012283674099
4,2520,0.9378542711277841
4,2521,0.9331200586221229
4,2522,0.9215914877366306
4,2523,0.895696081915056
4,2524,0.8825430195534135
4,2525,0.8061830756394885
4,2526,0.6863017146679666
4,2527,0.6537320814944232
4,2528,0.7279524472434962
4,2529,0.5790896368114615
4,2530,0.514708625219172
4,2531,0.6936823467016744
4,2532,0.7601986816435913
4,2533,0.7489775971089749
4,2534,0.6461319261489228
4,2535,0.4712824646058376
4,2536,0.646728311325953
4,2537,0.5158885930168031
4,2538,0.7832198696096122
4,2539,0.7257908155069749
4,2540,0.7598683991301912
4,2541,0.5194471299095333
4,2542,0.5610355945906819
4,2543,0.8463089025462683
4,2544,0.5629489625293304
4,2545,0.8354522147014857
4,2546,0.795900700244114
4,2547,0.7139741887891929
4,2548,0.792307363024263
4,2549,0.6900279124328648
4,2550,0.5585542235852825
4,2551,0.5181298415376332
4,2552,0.6168684402455238
4,2553,0.4729758078468419
4,2554,0.9147881674011451
4,2555,0.4322564498459765
4,2556,0.48888546355410467
4,2557,0.4546668159058903
4,2558,0.2539843354181757
4,2559,0.2746980614615791
4,2560,0.5312719520239082
4,2561,0.7681283067366124
4,2562,0.6724846262877595
4,2563,0.7196390558234751
4,2564,0.7269423071001876
4,2565,0.7940579305110368
4,2566,0.7585920458067744
4,2567,0.7460184857221113
4,2568,0.7510428410873146
4,2569,0.6222808375152512
4,2570,0.9080723534177186
4,2571,0.8953953176940163
4,2572,0.89915158750437
4,2573,0.752474471965862
4,2574,0.6293103714644813
4,2575,0.7232925440145928
4,2576,0.6046881223174602
4,2577,0.8389171888722825
4,2578,0.9037580613173726
4,2579,0.6848656454641339
4,2580,0.6857496811758147
4,2581,0.8506535593304542
4,2582,0.8343547987445611
4,2583,0.8556064988830211
4,2584,0.9102862386089494
4,2585,0.928406454548653
4,2586,0.8833064579613702
4,2587,0.539422786021099
4,2588,0.5473202341822154
4,2589,0.4639335448017144
4,2590,0.45998849845143297
4,2591,0.7054429456170817
4,2592,0.6623716594572687
4,2593,0.7782818062136676
4,2594,0.6093753730197286
4,2595,0.6509336862470302
4,2596,0.6287893108392179
4,2597,0.7993309886682155
4,2598,0.6867169787045331
4,2599,0.8182253051321916
4,2600,0.8080494683898837
4,2601,0.7767859461689816
4,2602,0.8151981046243196
4,2603,0.8270467744637799
4,2604,0.7362813585666017
4,2605,0.6671798811782885
4,2606,0.7062073211569793
4,2607,0.6081046506550222
4,2608,0.3877358959578738
4,2609,0.35321999069040144
4,2610,0.5864919171540253
4,2611,0.5122407662841179
4,2612,0.5413524213688298
4,2613,0.6619082062179138
4,2614,0.8368377623436003
4,2615,0.769553397395424
4,2616,0.8076873462409168
4,2617,0.8499584081310364
4,2618,0.6598303397168431
4,2619,0.6516805815131447
4,2620,0.5154578765317283
4,2621,0.7766660003006239
4,2622,0.8991850656198648
4,2623,0.8939669403672448
4,2624,0.7923504575745371
4,2625,0.6891597347299946
4,2626,0.6812388621452651
4,2627,0.6968825502984675
4,2628,0.6516117493000654
4,2629,0.7106038941796804
4,2630,0.6619899971023463
4,2631,0.5392380351987396
4,2632,0.721839789118704
4,2633,0.7175486770696086
4,2634,0.7313053587377815
4,2635,0.7519787649035917
4,2636,0.5192901339974298
4,2637,0.8108907791112235
4,2638,0.6531354070963152
4,2639,0.6284468275329677
4,2640,0.4153448764926946
4,2641,0.5056602317836105
4,2642,0.7857832769268737
4,2643,0.6562205385290324
4,2644,0.7356805488095576
4,2645,0.47342157457959866
4,2646,0.4626493617064053
4,2647,0.6752009176444939
4,2648,0.765543279073846
4,2649,0.8111071117460491
4,2650,0.6557483413176409
4,2651,0.6126711546230507
4,2652,0.77801245310967
4,2653,0.7891969925554377
4,2654,0.764936530877965
4,2655,0.578032797942907
4,2656,0.39566564254239034
4,2657,0.4122304584387165
4,2658,0.8580480017440036
4,2659,0.7485898471678942
4,2660,0.822963243355298
4,2661,0.463854258011271
4,2662,0.8711163352505678
4,2663,0.8192062734156454
4,2664,0.34292173894213557
4,2665,0.8923362595898059
4,2666,0.6013178007908556
4,2667,0.7582321215682242
4,2668,0.645184070475255
4,2669,0.7110924891792496
4,2670,0.8757950808907757
4,2671,0.7898459951252428
4,2672,0.4973592328063636
4,2673,0.839481628344088
4,2674,0.7456919940291118
4,2675,0.60511421295636
4,2676,0.7064951591480073
4,2677,0.6875562270006518
4,2678,0.6066539046214318
4,2679,0.5685053673600202
4,2680,0.6757012707517425
4,2681,0.7946527248328356
4,2682,0.6623866959046439
4,2683,0.7058848467023411
4,2684,0.670655248052448
4,2685,0.7887590562051465
4,2686,0.8516770160994731
4,2687,0.8271253737632946
4,2688,0.7575459107408287
4,2689,0.8314766808275199
4,2690,0.7910364363210388
4,2691,0.7965491570791737
4,2692,0.8248336849698565
4,2693,0.7277738473239375
4,2694,0.7200414852171882
4,2695,0.8533232849037176
4,2696,0.8176976331891205
4,2697,0.7482316194101364
4,2698,0.8255195653941593
4,2699,0.8468076529374546
4,2700,0.8536914717575571
4,2701,0.5933370059165074
4,2702,0.5503297387253624
4,2703,0.5631950450863908
4,2704,0.6536606200906294
4,2705,0.5320490622729879
4,2706,0.6207115478590031
4,2707,0.8551777399531552
4,2708,0.575152602927898
4,2709,0.7792042092523775
4,2710,0.8591838117323476
4,2711,0.5707126172912214
4,2712,0.7711338211476053
4,2713,0.6586627889937606
4,2714,0.3874211621759465
4,2715,0.42116240874720956
4,2716,0.48199731234852783
4,2717,0.636656252838205
4,2718,0.815167994515887
4,2719,0.8127946171429359
4,2720,0.8861839905126213
4,2721,0.6470569616817881
4,2722,0.6718369938175712
4,2723,0.7164686697371514
4,2724,0.7475098285679231
4,2725,0.619617855008776
4,2726,0.7058972402974139
4,2727,0.7001460788074877
4,2728,0.5423949014197614
4,2729,0.2741947123158558
4,2730,0.6493830225448654
4,2731,0.8571165851497962
4,2732,0.8392856543887975
4,2733,0.7551971662502953
4,2734,0.8212835141007067
4,2735,0.7282050079798758
4,2736,0.6771310809091091
4,2737,0.8101126256448945
4,2738,0.6969743454191584
4,2739,0.8822678970187362
4,2740,0.8133425177267327
4,2741,0.5433411526760299
4,2742,0.6904341272487086
4,2743,0.7750052526846313
4,2744,0.7258912921545915
4,2745,0.7292785935484355
4,2746,0.42992944421622686
4,2747,0.645226085719693
4,2748,0.7854580056254965
4,2749,0.7143036583497753
4,2750,0.6645207666193197
4,2751,0.5948657717778983
4,2752,0.613836697972496
4,2753,0.6914281738593248
4,2754,0.7827522164428156
4,2755,0.8595679614109815
4,2756,0.7710256175492887
4,2757,0.271324330815121
4,2758,0.2254436334037957
4,2759,0.6202943670177823
4,2760,0.8224308470082304
4,2761,0.6023132169219763
4,2762,0.6088217037609752
4,2763,0.8198659646238049
4,2764,0.77504290554883
4,2765,0.689628877511728
4,2766,0.7162403562884113
4,2767,0.52025259582354
4,2768,0.2377115198361932
4,2769,0.2700320857314855
4,2770,0.8139852119800691
4,2771,0.7267532849542855
4,2772,0.719855097942664
4,2773,0.6597162678161277
4,2774,0.6910429257055622
4,2775,0.5183709818190803
4,2776,0.7171535201825965
4,2777,0.4381115470514365
4,2778,0.621444338796744
4,2779,0.6920832600783866
4,2780,0.8307501717342837
4,2781,0.6585884605618272
4,2782,0.7218412092022584
4,2783,0.6819475812663622
4,2784,0.5608802757824949
4,2785,0.8552085471717373
4,2786,0.46794462265350045
4,2787,0.8600321797251701
4,2788,0.8940400430156981
4,2789,0.6632682010162353
4,2790,0.49163606388268644
4,2791,0.7678075166569321
4,2792,0.6512421730758055
4,2793,0.8009070638801055
4,2794,0.7890894984847412
4,2795,0.642071681889641
4,2796,0.5563874419909189
4,2797,0.5323394771961827
4,2798,0.8055685022759148
4,2799,0.44946514695818135
4,2800,0.5272778431618459
4,2801,0.3779668713903994
4,2802,0.6617703154735045
4,2803,0.6854324491855643
4,2804,0.6938317033081018
4,2805,0.7913733559740251
4,2806,0.8070658327011239
4,2807,0.43422371050011216
4,2808,0.6864586994131481
4,2809,0.7615019338958644
4,2810,0.7924957054282258
4,2811,0.7893043176992761
4,2812,0.7306167768616744
4,2813,0.8391109848691697
4,2814,0.8609534817120302
4,2815,0.6467395426592145
4,2816,0.8224922309352356
4,2817,0.6807539043952903
4,2818,0.8038507884901983
4,2819,0.6738301545335145
4,2820,0.8198428128558186
4,2821,0.7856498729101058
4,2822,0.6013113732801744
4,2823,0.657307340718721
4,2824,0.7628908089932293
4,2825,0.6894474907144327
4,2826,0.7538926349124113
4,2827,0.5670306639845785
4,2828,0.5969086654792947
4,2829,0.8932917700327742
4,2830,0.5327680993585937
4,2831,0.5166986202687265
4,2832,0.6414683991226321
4,2833,0.5450401333330286
4,2834,0.6573984451133555
4,2835,0.7590629615044999
4,2836,0.7248017084308526
4,2837,0.682804944045824
4,2838,0.8257062802433452
4,2839,0.7547967936896701
4,2840,0.6883334850977718
4,2841,0.7262993465443973
4,2842,0.6612161939387234
4,2843,0.7732569635351332
4,2844,0.7390201711502943
4,2845,0.7816636471814322
4,2846,0.7780644923353955
4,2847,0.7840859701881142
4,2848,0.7702043843441683
4,2849,0.7108423889174734
4,2850,0.31493254072632676
4,2851,0.4286213023631123
4,2852,0.8536856947798409
4,2853,0.6212451004470321
4,2854,0.9085393058674645
4,2855,0.8321784184692296
4,2856,0.56867891190971
4,2857,0.8070254492714678
4,2858,0.7766884438924389
4,2859,0.7512273428982471
4,2860,0.7385356964267868
4,2861,0.8288994857057388
4,2862,0.7501490880128925
4,2863,0.5940116195924691
4,2864,0.8551602412316387
4,2865,0.553169132899437
4,2866,0.7347556023754045
4,2867,0.6961807772531836
4,2868,0.7274297724864297
4,2869,0.8249829846856532
4,2870,0.7912270696661793
4,2871,0.7792837509755144
4,2872,0.6264348359985521
4,2873,0.5226565591689291
4,2874,0.6565211986860449
4,2875,0.8251470625183531
4,2876,0.507509744222526
4,2877,0.8541155368279447
4,2878,0.8298462400811246
4,2879,0.8055756679588282
4,2880,0.8850771895343744
4,2881,0.44443349692442385
4,2882,0.5205794505293434
4,2883,0.8267683993745935
4,2884,0.7365266646364665
4,2885,0.4639980784179118
4,2886,0.45495214722631583
4,2887,0.8169082508258232
4,2888,0.7923264459571012
4,2889,0.7384454748122972
4,2890,0.7390953322690674
4,2891,0.7894990930670532
4,2892,0.4705096244288538
4,2893,0.8854896825468367
4,2894,0.7688332625161867
4,2895,0.5458690289596312
4,2896,0.7688168443368354
4,2897,0.7751619189731148
4,2898,0.7123595605630415
4,2899,0.7990240496050801
4,2900,0.7486714207592039
4,2901,0.7903903353026542
4,2902,0.5588241060927437
4,2903,0.8592923469917517
4,2904,0.8673744886844498
4,2905,0.9511754889121281
4,2906,0.4866051206248642
4,2907,0.4129674839993585
4,2908,0.7579856529841839
4,2909,0.706658690318678
4,2910,0.5920495820627489
4,2911,0.3282305870864926
4,2912,0.3612545410233768
4,2913,0.4818391790875167
4,2914,0.843738819647213
4,2915,0.5511904925778625
4,2916,0.6231213331809992
4,2917,0.5414542908693726
4,2918,0.4172159519156583
4,2919,0.8575323473296462
4,2920,0.9546792182527084
4,2921,0.8332426121635285
4,2922,0.4468906194183097
4,2923,0.9077147964987223
4,2924,0.6288298485674476
4,2925,0.8257766138459768
4,2926,0.42258416725285164
4,2927,0.607195603971504
4,2928,0.6439591784458716
4,2929,0.759051605782008
4,2930,0.8145911975571363
4,2931,0.7153884345767666
4,2932,0.6754569479885394
4,2933,0.7242038277827977
4,2934,0.6345427798199689
4,2935,0.6099822174650981
4,2936,0.613424613387857
4,2937,0.7608068125083408
4,2938,0.6605833801622757
4,2939,0.6436331620737467
4,2940,0.6239894213155387
4,2941,0.3136984573665855
4,2942,0.43783333013799663
4,2943,0.8064393926756704
4,2944,0.4966251459278778
4,2945,0.6427564604930693
4,2946,0.5945095211787244
4,2947,0.7968447302365175
4,2948,0.9174006483802865
4,2949,0.6115867797312293
4,2950,0.5715012834901727
4,2951,0.5996920746659502
4,2952,0.5520635946376652
4,2953,0.8537574284918646
4,2954,0.742964131179971
4,2955,0.4041187205468883
4,2956,0.5859334111409806
4,2957,0.6605292095903111
4,2958,0.7199464235313962
4,2959,0.749938728896255
4,2960,0.6010149084496088
4,2961,0.735460700225293
4,2962,0.6164212886743408
4,2963,0.8259425356678818
4,2964,0.718885752997466
4,2965,0.6568119270311131
4,2966,0.8078899731794935
4,2967,0.5964533096323947
4,2968,0.8316093260241185
4,2969,0.43991902522317716
4,2970,0.43838848291316596
4,2971,0.6125616076051413
4,2972,0.7220262225867613
4,2973,0.8170661772793403
4,2974,0.8380370711413622
4,2975,0.7309456521512905
4,2976,0.3948156819666399
4,2977,0.43445771829440544
4,2978,0.5080617066942561
4,2979,0.8556127798074927
4,2980,0.7884847881721915
4,2981,0.8200074558495627
4,2982,0.6317867557756995
4,2983,0.7601873300908147
4,2984,0.831729478330523
4,2985,0.5251744503347557
4,2986,0.45226914936291596
4,2987,0.608082268079105
4,2988,0.847886996833624
4,2989,0.607554441744291
4,2990,0.5653335610738078
4,2991,0.6441643259455053
4,2992,0.5573897140267583
4,2993,0.519650919627906
4,2994,0.8893460357877212
4,2995,0.8867885925589198
4,2996,0.8812057216328265
4,2997,0.7731803799434704
4,2998,0.5207599793448727
4,2999,0.33731960629022684
4,3000,0.6204421386708625
4,3001,0.8150586756588472
4,3002,0.8174111532326398
4,3003,0.8483682828862159
4,3004,0.8319769971876972
4,3005,0.61726489995083
4,3006,0.6161721266406974
4,3007,0.61498229516723
4,3008,0.8763220740909212
4,3009,0.8787035742237012
4,3010,0.6297976045279942
4,3011,0.7295324443863213
4,3012,0.6699824693921572
4,3013,0.7228591841273292
4,3014,0.827188024799261
4,3015,0.8182536550916177
4,3016,0.7349567811872888
4,3017,0.5612082338561243
4,3018,0.5838797214278976
4,3019,0.8356904992413541
4,3020,0.723340441686396
4,3021,0.7670465789972462
4,3022,0.2450497834759568
4,3023,0.7834373524194392
4,3024,0.6253552173398196
4,3025,0.7057095065343295
4,3026,0.878335499766759
4,3027,0.8464967826830629
4,3028,0.5602893165184091
4,3029,0.4800661364600855
4,3030,0.9182326964030665
4,3031,0.5343993886099391
4,3032,0.5742364468035349
4,3033,0.7533603025991411
4,3034,0.8590603251819612
4,3035,0.6730483853696121
4,3036,0.6361041459782292
4,3037,0.8653084705277324
4,3038,0.7857482320959579
4,3039,0.6414423970972374
4,3040,0.6806632345968372
4,3041,0.7826808657192804
4,3042,0.6669902617542683
4,3043,0.620235229701149
4,3044,0.6268224154339764
4,3045,0.5570032041063208
4,3046,0.6808469720102677
4,3047,0.7457386880274488
4,3048,0.8752465549664598
4,3049,0.835765043866444
4,3050,0.7159419864083396
4,3051,0.5559980721874656
4,3052,0.7834028037730081
4,3053,0.7250693586350812
4,3054,0.7848081366878266
4,3055,0.6602530305059596
4,3056,0.5405778612543874
4,3057,0.48878192466657105
4,3058,0.6179002582752522
4,3059,0.8903769526393922
4,3060,0.5561259810318114
4,3061,0.899502392553152
4,3062,0.7649332693431973
4,3063,0.5300157548131499
4,3064,0.7010014905215729
4,3065,0.6553903534582478
4,3066,0.7642204282456746
4,3067,0.7578396386278146
4,3068,0.7911334029287279
4,3069,0.7122979329700111
4,3070,0.791632297110105
4,3071,0.7537480076023662
4,3072,0.580889268880477
4,3073,0.7275916519459958
4,3074,0.7331748353196553
4,3075,0.8041526557559977
4,3076,0.8257107986590039
4,3077,0.7949270788895352
4,3078,0.7852803649302322
4,3079,0.6309204290788116
4,3080,0.6730483553904532
4,3081,0.7087920663791373
4,3082,0.6835782768778281
4,3083,0.5551228713027443
4,3084,0.8142456078481767
4,3085,0.8255721069247252
4,3086,0.6332140507341103
4,3087,0.36013374613363086
4,3088,0.5148362019677254
4,3089,0.7166443184525945
4,3090,0.6771684632152384
4,3091,0.5568080924556963
4,3092,0.5657879109213603
4,3093,0.8315195564852224
4,3094,0.4209458551440545
4,3095,0.49419323253128655
4,3096,0.8078083991050898
4,3097,0.6480100945307158
4,3098,0.8020676623722581
4,3099,0.8199239427356122
4,3100,0.5914503631566066
4,3101,0.7148205982782009
4,3102,0.7259244891550682
4,3103,0.7262447197557964
4,3104,0.7282100143067393
4,3105,0.6856990079154816
4,3106,0.8317773993456099
4,3107,0.7707759676324526
4,3108,0.5797512013303402
4,3109,0.5658299704467955
4,3110,0.6197538780546413
4,3111,0.7118197459092809
4,3112,0.6970438191952786
4,3113,0.7186717052520522
4,3114,0.79128171295167
4,3115,0.7740266159110464
4,3116,0.6638583129255287
4,3117,0.8516096695642938
4,3118,0.8386377583821911
4,3119,0.7433495699628996
4,3120,0.33918575034119647
4,3121,0.7828108534017613
4,3122,0.8645792310466522
4,3123,0.700426411797101
4,3124,0.6762128641610932
4,3125,0.8289879341393622
4,3126,0.8279204755916533
4,3127,0.4501880196694354
4,3128,0.5781773790207178
4,3129,0.8487661948337479
4,3130,0.8692196566883327
4,3131,0.8416396442765829
4,3132,0.637054982443485
4,3133,0.876375625202926
4,3134,0.5068697830046818
4,3135,0.5523580386540832
4,3136,0.7293688210697882
4,3137,0.8214842051463558
4,3138,0.6858324646060747
4,3139,0.49860747698695174
4,3140,0.8288034127652005
4,3141,0.579394418993562
4,3142,0.5475560601564156
4,3143,0.6072808551609363
4,3144,0.7553085480055982
4,3145,0.5673187318119158
4,3146,0.7731102685715001
4,3147,0.7048986258612515
4,3148,0.6540886156093083
4,3149,0.5412913307783835
4,3150,0.67369519772805
4,3151,0.840259571585437
4,3152,0.787069075005088
4,3153,0.49912227346365423
4,3154,0.7332013383042673
4,3155,0.8290160138922007
4,3156,0.8548686590394116
4,3157,0.9255594618428749
4,3158,0.5275656049518849
4,3159,0.7113293272626857
4,3160,0.792964532485393
4,3161,0.5899712024866359
4,3162,0.5731083028958467
4,3163,0.7123410109478314
4,3164,0.7944536858521185
4,3165,0.6916040310536965
4,3166,0.7062451866413817
4,3167,0.7833906574173906
4,3168,0.7654143199668474
4,3169,0.5979997885130849
4,3170,0.7653281739767
4,3171,0.7805164570593236
4,3172,0.8040325858211349
4,3173,0.6506390156665312
4,3174,0.8553413635701903
4,3175,0.7990899176519524
4,3176,0.775886955154569
4,3177,0.8130627358126011
4,3178,0.9518944250979351
4,3179,0.2881523615538495
4,3180,0.3892851827565524
4,3181,0.5411218542599183
4,3182,0.7057066472077504
4,3183,0.826152961543132
4,3184,0.8433640847408215
4,3185,0.7340728901045426
4,3186,0.3070124523443653
4,3187,0.8704006147439438
4,3188,0.3978969661162238
4,3189,0.8936161916170849
4,3190,0.46961383554048175
4,3191,0.7603988373952884
4,3192,0.8143079157965329
4,3193,0.7341494572152962
4,3194,0.7213756685100523
4,3195,0.787924481387995
4,3196,0.66719480124285
4,3197,0.66719480124285
4,3198,0.7875100906221403
4,3199,0.835083519034589
4,3200,0.8770950084577571
4,3201,0.8013322888742362
4,3202,0.8901776798911828
4,3203,0.780974995456309
4,3204,0.7616349679814768
4,3205,0.6974055344239493
4,3206,0.6406151955839964
4,3207,0.7244928182438706
4,3208,0.8302324532750366
4,3209,0.7038308432294871
4,3210,0.7042497023540668
4,3211,0.4260890652132616
4,3212,0.4041404016887021
4,3213,0.8769495197550387
4,3214,0.8514249822781772
4,3215,0.6649038122777604
4,3216,0.665668758035009
4,3217,0.8854334319319975
4,3218,0.4497674014439269
4,3219,0.8592447116795465
4,3220,0.8909354755670039
4,3221,0.8530000656723218
4,3222,0.9071926259127372
4,3223,0.8350451278971331
4,3224,0.39445092214933536
4,3225,0.3478433541098887
4,3226,0.5081215202737116
4,3227,0.8844397825406084
4,3228,0.8844397825406084
4,3229,0.9024266374058022
4,3230,0.9110060674963323
4,3231,0.7554417325583095
4,3232,0.6516543746706912
4,3233,0.6522940351329228
4,3234,0.5963895400498231
4,3235,0.5309687315325129
4,3236,0.7393842899184199
4,3237,0.8344447777810332
4,3238,0.7583615322580901
4,3239,0.5737517978667684
4,3240,0.8663569847409054
4,3241,0.5829158022382719
4,3242,0.6970128236861144
4,3243,0.8115491103250584
4,3244,0.830899023258456
4,3245,0.5972889295009078
4,3246,0.6982768769289832
4,3247,0.7657165968676763
4,3248,0.6444194979741074
4,3249,0.653317224181769
4,3250,0.7598334461545893
4,3251,0.7416215564812898
4,3252,0.6912905818393567
4,3253,0.6926497392868851
4,3254,0.8429597797504672
4,3255,0.8645309132558198
4,3256,0.625787377554881
4,3257,0.7013602266712311
4,3258,0.6716353320686274
4,3259,0.8561899034347836
4,3260,0.6414313589269309
4,3261,0.7008846745911675
4,3262,0.6711252167660411
4,3263,0.829823744156443
4,3264,0.8862510400423509
4,3265,0.3254335801309061
4,3266,0.8481832099784796
4,3267,0.7327868283332696
4,3268,0.8296698857520036
4,3269,0.6629279216889918
4,3270,0.8039947217412735
4,3271,0.7441059437170575
4,3272,0.44362709507844983
4,3273,0.5730600796681911
4,3274,0.3478210694154023
4,3275,0.8258430729362745
4,3276,0.7771671287232527
4,3277,0.5899706107587458
4,3278,0.5659906456426362
4,3279,0.7069555395517678
4,3280,0.6131444536447455
4,3281,0.6370186766393339
4,3282,0.4958044266357469
4,3283,0.7798579353428029
4,3284,0.6363933385090053
4,3285,0.755634492846728
4,3286,0.8479553296392575
4,3287,0.6557569524715788
4,3288,0.28739375772113246
4,3289,0.6915988258709077
4,3290,0.5590842562109251
4,3291,0.802124738652153
4,3292,0.4904388679344587
4,3293,0.5755587609782542
4,3294,0.8671278507309804
4,3295,0.6028827653298228
4,3296,0.4713623205940464
4,3297,0.8849754388755989
4,3298,0.7078313252386382
4,3299,0.5302133053346851
4,3300,0.8208321978659969
4,3301,0.7714211231101559
4,3302,0.8106320267341974
4,3303,0.7990759734478413
4,3304,0.8169130069927903
4,3305,0.7458283324082691
4,3306,0.7807565433295931
4,3307,0.8149234247902432
4,3308,0.8797270055178277
4,3309,0.8621819537609076
4,3310,0.67448709437403
4,3311,0.6883789054578773
4,3312,0.5190309244566754
4,3313,0.8752579510975557
4,3314,0.381111085942344
4,3315,0.8820170699532482
4,3316,0.4714670482895627
4,3317,0.7119962139480573
4,3318,0.7153607954942661
4,3319,0.6835117763620864
4,3320,0.7710455402440259
4,3321,0.7516396507179104
4,3322,0.7760182533940787
4,3323,0.6500735046876236
4,3324,0.8509707800582833
4,3325,0.7692578711109135
4,3326,0.7054250490376427
4,3327,0.8320177743403228
4,3328,0.7920559525244631
4,3329,0.7542149279439272
4,3330,0.5952719378907896
4,3331,0.7560558004764629
4,3332,0.7856936080904547
4,3333,0.6311657046716004
4,3334,0.7211650682908032
4,3335,0.6878084509025774
4,3336,0.5448211311343308
4,3337,0.546568487514913
4,3338,0.6645173825049524
4,3339,0.866013148089923
4,3340,0.4337902926668863
4,3341,0.797750229670273
4,3342,0.6359462001854644
4,3343,0.4914218171101065
4,3344,0.8752333014100074
4,3345,0.5446038341954853
4,3346,0.8266703836974658
4,3347,0.5792151292372543
4,3348,0.5934792660821873
4,3349,0.7012953649950389
4,3350,0.6825745392757766
4,3351,0.8076912122317822
4,3352,0.8701411941402392
4,3353,0.3767996073908483
4,3354,0.8561572673132002
4,3355,0.6229823664571223
4,3356,0.5531046667996592
4,3357,0.6299670936423554
4,3358,0.8938047868992565
4,3359,0.665024474438675
4,3360,0.665024474438675
4,3361,0.6367595288262888
4,3362,0.6094129657088542
4,3363,0.6393860049267507
4,3364,0.6341559839623112
4,3365,0.6815103146817059
4,3366,0.7467216069897421
4,3367,0.6848464217220795
4,3368,0.7347531181365206
4,3369,0.5590064379774033
4,3370,0.5644335127084352
4,3371,0.38708216007678514
4,3372,0.7659871348080365
4,3373,0.6460465350137767
4,3374,0.7065966157637737
4,3375,0.8594417252781479
4,3376,0.826201052788294
4,3377,0.6657161198474675
4,3378,0.7392409562211522
4,3379,0.8630997975764423
4,3380,0.8461615650238832
4,3381,0.8866968777175716
4,3382,0.5645998093315198
4,3383,0.7757707788977084
4,3384,0.6963673097541456
4,3385,0.8808054880010024
4,3386,0.86775097964249
4,3387,0.3733366063452001
4,3388,0.5958345559742847
4,3389,0.6230967745062193
4,3390,0.7431608678244356
4,3391,0.791338549502574
4,3392,0.45932926089712434
4,3393,0.8917622179428981
4,3394,0.8068970242125796
4,3395,0.7018475938443657
4,3396,0.8262996458587869
4,3397,0.8355510341087486
4,3398,0.6550685306664031
4,3399,0.7619641437483214
4,3400,0.5323703056375289
4,3401,0.7220155696529855
4,3402,0.727633451280754
4,3403,0.7710247300473237
4,3404,0.8453527617360292
4,3405,0.7431370968063445
4,3406,0.7999609130858711
4,3407,0.6692888342461346
4,3408,0.8111859389964975
4,3409,0.5357377199790333
4,3410,0.6485866849397951
4,3411,0.8123682326950991
4,3412,0.8295448787331645
4,3413,0.8775653333721829
4,3414,0.40204153310426954
4,3415,0.8019151392409266
4,3416,0.6470984934419824
4,3417,0.7552464020712154
4,3418,0.7546093939135781
4,3419,0.7349560883032542
4,3420,0.5864632354930687
4,3421,0.790655084468554
4,3422,0.7307485053230917
4,3423,0.6555186591399186
4,3424,0.5867356101354997
4,3425,0.7797194664054351
4,3426,0.7357232653593396
4,3427,0.7316315090137336
4,3428,0.8751463821161499
4,3429,0.8018425206985572
4,3430,0.7982163747118416
4,3431,0.7857580685732187
4,3432,0.721823863420062
4,3433,0.7268032463429481
4,3434,0.3324241825045782
4,3435,0.8795158393124723
4,3436,0.4135073466932271
4,3437,0.809338301542847
4,3438,0.7464809944798257
4,3439,0.7605943800291
4,3440,0.5868071151303186
4,3441,0.7709682671870632
4,3442,0.8004122712743383
4,3443,0.5051684257218844
4,3444,0.3108778461567303
4,3445,0.31944453008050605
4,3446,0.8988483417198737
4,3447,0.37345620015238895
4,3448,0.4746077991007137
4,3449,0.6703170566450133
4,3450,0.7366213235232454
4,3451,0.7195908498212716
4,3452,0.7572389396309516
4,3453,0.7778142213968098
4,3454,0.7461525510051572
4,3455,0.584909241104923
4,3456,0.8133350697976215
4,3457,0.5406172590264683
4,3458,0.7248520913847235
4,3459,0.6981471347258819
4,3460,0.8379622755756725
4,3461,0.7225011274891857
4,3462,0.7870685975009852
4,3463,0.48044307982830153
4,3464,0.76939282549056
4,3465,0.7579193770761061
4,3466,0.8477684012506824
4,3467,0.5975738321065415
4,3468,0.6343198102790744
4,3469,0.8213939363065529
4,3470,0.6974807232223608
4,3471,0.46594874562517224
4,3472,0.7870441602044903
4,3473,0.7793062645715618
4,3474,0.8150466624320983
4,3475,0.8296714690318646
4,3476,0.8227170388783801
4,3477,0.9509584620296663
4,3478,0.811596455384516
4,3479,0.7010775088113311
4,3480,0.8184669318855299
4,3481,0.7960770961308306
4,3482,0.30479089585596997
4,3483,0.5290631797457889
4,3484,0.6579863648862933
4,3485,0.7344773172490208
4,3486,0.7458316787252421
4,3487,0.6501111390817123
4,3488,0.7714334153519032
4,3489,0.7383867516246602
4,3490,0.65705235717354
4,3491,0.651370211617801
4,3492,0.8179304690000498
4,3493,0.7264728408309227
4,3494,0.6941468207164523
4,3495,0.5850688193037682
4,3496,0.7308789082105737
4,3497,0.7064799719290596
4,3498,0.8120833143320055
4,3499,0.8328746309586629
4,3500,0.4718593925579304
4,3501,0.39264263804896865
4,3502,0.8874454793726184
4,3503,0.6980227923565997
4,3504,0.6570302538940737
4,3505,0.714448179807515
4,3506,0.7096390003821816
4,3507,0.3284538828935928
4,3508,0.34032412253237915
4,3509,0.3624967104949499
4,3510,0.5399448163779762
4,3511,0.6285223521450956
4,3512,0.6605960284669943
4,3513,0.71234526843155
4,3514,0.7070904184993106
4,3515,0.7279773078273002
4,3516,0.6983419604803871
4,3517,0.8290049857098548
4,3518,0.42296058225080735
4,3519,0.8376943634829068
4,3520,0.8182523093019306
4,3521,0.5978512561046528
4,3522,0.6180894704635042
4,3523,0.47461429088283014
4,3524,0.6557127189768984
4,3525,0.7866881346585951
4,3526,0.7412264367437396
4,3527,0.7365775643330976
4,3528,0.48108031016407926
4,3529,0.8126322988232768
4,3530,0.7916854608103253
4,3531,0.6784823608149572
4,3532,0.7786104842117167
4,3533,0.859018513580855
4,3534,0.6856699979149564
4,3535,0.7141030242008642
4,3536,0.6450333335785216
4,3537,0.7153072350705012
4,3538,0.6495846798043705
4,3539,0.6230315550892491
4,3540,0.5474278171159502
4,3541,0.8658685943171656
4,3542,0.8051501127891654
4,3543,0.7712580124220705
4,3544,0.6798635020970226
4,3545,0.609787284305196
4,3546,0.7949639009562474
4,3547,0.589907859181239
4,3548,0.6061124563898711
4,3549,0.7296442958092991
4,3550,0.857525713773604
4,3551,0.8062106352653555
4,3552,0.7188436233770122
4,3553,0.7812222398232027
4,3554,0.816426336524439
4,3555,0.8453651427445703
4,3556,0.8139383576463556
4,3557,0.6196374893712624
4,3558,0.744693114352898
4,3559,0.7877638749383548
4,3560,0.8159258911447196
4,3561,0.7265650531216753
4,3562,0.7011701006889139
4,3563,0.720496542615538
4,3564,0.7937716749005003
4,3565,0.6871963224322007
4,3566,0.7014741186011092
4,3567,0.8419701736929279
4,3568,0.7451253798623292
4,3569,0.7161977024490462
4,3570,0.722500987996417
4,3571,0.7763332707609216
4,3572,0.721172525039314
4,3573,0.830783994810484
4,3574,0.8814014394842119
4,3575,0.3126322297385106
4,3576,0.2802182661263043
4,3577,0.5934559789450967
4,3578,0.635279369824477
4,3579,0.8487382673971483
4,3580,0.6289919131331432
4,3581,0.8069672440000798
4,3582,0.8098191278516652
4,3583,0.36818897176445514
4,3584,0.34559918696937675
4,3585,0.6256906818043392
4,3586,0.5255930639207466
4,3587,0.7102874137848216
4,3588,0.5028022150544623
4,3589,0.8466308252271255
4,3590,0.7639063193744944
4,3591,0.7415311572109469
4,3592,0.7740221469073637
4,3593,0.5646151081221814
4,3594,0.6955664218247286
4,3595,0.563795606897136
4,3596,0.5628843067573316
4,3597,0.5427550018782419
4,3598,0.6662715414706726
4,3599,0.6066199295421085
4,3600,0.6796534890383661
4,3601,0.8888374517210281
4,3602,0.5865519548235825
4,3603,0.8530613436303848
4,3604,0.8402838399808332
4,3605,0.42873648396654845
4,3606,0.6630611799032852
4,3607,0.8260449217406329
4,3608,0.8102483204991008
4,3609,0.7204173872730046
4,3610,0.667490193226429
4,3611,0.8211666726182119
4,3612,0.6627202605444704
4,3613,0.6074365282023075
4,3614,0.8633601522391738
4,3615,0.7837224773846244
4,3616,0.7453845919750379
4,3617,0.7004728963876491
4,3618,0.6126038113415753
4,3619,0.7681792894581837
4,3620,0.610941455523965
4,3621,0.7259842929259401
4,3622,0.6509889657656027
4,3623,0.7238839876494888
4,3624,0.7202254487759017
4,3625,0.8275065553666211
4,3626,0.6076576403841641
4,3627,0.6357448631371957
4,3628,0.5748170388708927
4,3629,0.7186178943599618
4,3630,0.6187158049350647
4,3631,0.6872845514222715
4,3632,0.18413012475168636
4,3633,0.9560610963439349
4,3634,0.6518213078131475
4,3635,0.8599138013320288
4,3636,0.7693762758767784
4,3637,0.7506544156305808
4,3638,0.7074640258011122
4,3639,0.7013404668167159
4,3640,0.6322719793336319
4,3641,0.8412857511830232
4,3642,0.7593913539236795
4,3643,0.5356237815856507
4,3644,0.721116525416993
4,3645,0.6711305658396941
4,3646,0.5099931302648906
4,3647,0.8842061294199829
4,3648,0.8682197882351675
4,3649,0.5858037612080342
4,3650,0.5667253421918008
4,3651,0.4549781610831883
4,3652,0.8005141647523049
4,3653,0.8250259783330455
4,3654,0.738608594194809
4,3655,0.6575888070242355
4,3656,0.8348189608711513
4,3657,0.548277892840406
4,3658,0.6434681547934248
4,3659,0.7824156036538727
4,3660,0.3237680006289341
4,3661,0.8433401159356742
4,3662,0.7956545849089314
4,3663,0.826100768727249
4,3664,0.7957375901186621
4,3665,0.7208245682212825
4,3666,0.3979959748777383
4,3667,0.533856254875556
4,3668,0.5715152747925757
4,3669,0.6492322165026602
4,3670,0.4404895018199102
4,3671,0.36520499065670675
4,3672,0.3357137252729473
4,3673,0.6907591287972069
4,3674,0.7100301717757183
4,3675,0.5983014216595367
4,3676,0.786869826834578
4,3677,0.7042462400993793
4,3678,0.6661399738144718
4,3679,0.5719752105065672
4,3680,0.8021821289467502
4,3681,0.4416620186025625
4,3682,0.5013669073205163
4,3683,0.7287781288214088
4,3684,0.6820867176571033
4,3685,0.6652971870230981
4,3686,0.7292022076855244
4,3687,0.622105333004005
4,3688,0.7474359689194934
4,3689,0.705746536361111
4,3690,0.6004625931865968
4,3691,0.8685522660269177
4,3692,0.862664754919022
4,3693,0.8963723902994191
4,3694,0.5436570943851597
4,3695,0.8957904559669476
4,3696,0.8885569984861095
4,3697,0.8977692464755168
4,3698,0.8895568679776026
4,3699,0.8448191505940245
4,3700,0.5781595410786423
4,3701,0.7743943271408606
4,3702,0.855218323472969
4,3703,0.7317137307495677
4,3704,0.8145331460376982
4,3705,0.6060953367759584
4,3706,0.6776966480571601
4,3707,0.7713536048496829
4,3708,0.4953118270213609
4,3709,0.4132580600521189
4,3710,0.8641410605032779
4,3711,0.6934135635523807
4,3712,0.45514609085870955
4,3713,0.8156096548741675
4,3714,0.7619882160747482
4,3715,0.6086621461688433
4,3716,0.5100014680522108
4,3717,0.861502071340085
4,3718,0.5725612353936814
4,3719,0.647954321503686
4,3720,0.5787252833043781
4,3721,0.28896869742689346
4,3722,0.8564034716216139
4,3723,0.7427173528209391
4,3724,0.6565372320357751
4,3725,0.7804629961558498
4,3726,0.475124486521515
4,3727,0.6679708063536766
4,3728,0.6382242547919327
4,3729,0.6386880748424759
4,3730,0.7908444284704144
4,3731,0.9285768467235433
4,3732,0.8971228897810691
4,3733,0.9011009221805499
4,3734,0.7945523669836618
4,3735,0.5804950092405048
4,3736,0.7432371626240829
4,3737,0.8276975975510603
4,3738,0.7156890344126523
4,3739,0.6351846980986405
4,3740,0.7271008445604253
4,3741,0.7812696097332296
4,3742,0.6002111283148766
4,3743,0.5333889988839485
4,3744,0.6364641221002612
4,3745,0.7679301995778817
4,3746,0.8899746444882689
4,3747,0.5987306518424271
4,3748,0.7713999999577662
4,3749,0.5535766530004845
4,3750,0.5490016200558416
4,3751,0.6262806801170544
4,3752,0.5309951374803386
4,3753,0.8146839318022262
4,3754,0.9008867402434493
4,3755,0.38766595857430775
4,3756,0.7655152334016255
4,3757,0.6611526323502851
4,3758,0.7320349979133898
4,3759,0.5216617539827288
4,3760,0.6277097095908615
4,3761,0.7005244071763412
4,3762,0.715178655326517
4,3763,0.6130521305238883
4,3764,0.6747681461199159
4,3765,0.8609653115582782
4,3766,0.7634993945683187
4,3767,0.7223561726366715
4,3768,0.7840569750268446
4,3769,0.6971877885594462
4,3770,0.5930430914776129
4,3771,0.7933104470983386
4,3772,0.7531162967190325
4,3773,0.6333835337566268
4,3774,0.34398382740077754
4,3775,0.7053179997521871
4,3776,0.7319978158474799
4,3777,0.5598538500568135
4,3778,0.8350962253106676
4,3779,0.6670759575479782
4,3780,0.7721585757361485
4,3781,0.6869013896867979
4,3782,0.5181141584935735
4,3783,0.6889461259702248
4,3784,0.7218467247530662
4,3785,0.4101330911965328
4,3786,0.44162726227238613
4,3787,0.6224472872304578
4,3788,0.7910930715412211
4,3789,0.7969486643458329
4,3790,0.7999489841348485
4,3791,0.6467295634763972
4,3792,0.8305394504804122
4,3793,0.7391076891569444
4,3794,0.637135706696107
4,3795,0.7105503072382694
4,3796,0.7529122099225959
4,3797,0.769213782572181
4,3798,0.8258503139667461
4,3799,0.6068665730987604
4,3800,0.8918501909747586
4,3801,0.7103643292807102
4,3802,0.7456587210915372
4,3803,0.7668355829629322
4,3804,0.7958850928397389
4,3805,0.46910103307781953
4,3806,0.7127951335639806
4,3807,0.7173441560651131
4,3808,0.46678625532507656
4,3809,0.48815890932831113
4,3810,0.7989016398123768
4,3811,0.5656382108674811
4,3812,0.5714052934788668
4,3813,0.637739527189865
4,3814,0.7142857868302565
4,3815,0.8290474025555781
4,3816,0.6484647421044565
4,3817,0.7245189259771703
4,3818,0.8199935236590217
4,3819,0.5907526772042319
4,3820,0.8867254649774033
4,3821,0.8170730487549319
4,3822,0.5837392691702417
4,3823,0.6221626168350365
4,3824,0.6555056548615701
4,3825,0.26770861756524145
4,3826,0.3008834134629258
4,3827,0.7894860625578033
4,3828,0.5127404619030436
4,3829,0.8728250639712549
4,3830,0.8059001003723631
4,3831,0.7319612951638513
4,3832,0.8268834544343794
4,3833,0.6336437992797036
4,3834,0.698272237875323
4,3835,0.6879952292431599
4,3836,0.8452588176616187
4,3837,0.8128648327985332
4,3838,0.7745472326563173
4,3839,0.7365848209601626
4,3840,0.6071015953091609
4,3841,0.6677830880851163
4,3842,0.7834935824622091
4,3843,0.4269492247799627
4,3844,0.23368491313754033
4,3845,0.38763981948134635
4,3846,0.5702094477358454
4,3847,0.3937583928742601
4,3848,0.19438663070008078
4,3849,0.4940464566738781
4,3850,0.84791936418219
4,3851,0.7676057683562952
4,3852,0.6681953112471922
4,3853,0.8223672461556792
4,3854,0.7356122304434668
4,3855,0.5650407411034554
4,3856,0.6847693205695435
4,3857,0.7026010837949588
4,3858,0.555319735513634
4,3859,0.5062826562723339
4,3860,0.5525953440125989
4,3861,0.541027319328697
4,3862,0.8853317854776828
4,3863,0.8787153240276665
4,3864,0.41711280704349674
4,3865,0.5621387629833892
4,3866,0.8622496426546716
4,3867,0.6462200497762519
4,3868,0.523720249507972
4,3869,0.5643428283040788
4,3870,0.6153577546975966
4,3871,0.38761449505873347
4,3872,0.884768638706897
4,3873,0.33784339342975356
4,3874,0.43154784197428003
4,3875,0.5083680431465171
4,3876,0.5220636073110188
4,3877,0.8514775698292273
4,3878,0.7421535932081199
4,3879,0.7445727509848494
4,3880,0.6918389045656931
4,3881,0.8159496249586617
4,3882,0.854556180502065
4,3883,0.7437195475136674
4,3884,0.7811080581113569
4,3885,0.8636437035813744
4,3886,0.6121886446293973
4,3887,0.573171139771484
4,3888,0.9146288568526616
4,3889,0.5091555421398473
4,3890,0.8813302914664272
4,3891,0.6596229773349253
4,3892,0.7781540677269047
4,3893,0.5781496898986509
4,3894,0.8392835880821402
4,3895,0.6825094706692757
4,3896,0.3245307757211068
4,3897,0.9495808801361136
4,3898,0.9046608515707703
4,3899,0.6987819762905002
4,3900,0.6059155517544731
4,3901,0.764040226385927
4,3902,0.7729430620810513
4,3903,0.644586295580023
4,3904,0.7376205416799642
4,3905,0.7797675771697585
4,3906,0.7996616322284219
4,3907,0.8490924705864609
4,3908,0.8911614935930182
4,3909,0.8699274755609437
4,3910,0.8203676817568496
4,3911,0.8546901330154442
4,3912,0.7747030326215657
4,3913,0.8406466168466895
4,3914,0.38945960886228254
4,3915,0.5079042261452084
4,3916,0.7802407612596086
4,3917,0.5383747222030271
4,3918,0.6012412729748658
4,3919,0.5897200767754717
4,3920,0.5652807783537267
4,3921,0.6367027114215821
4,3922,0.7094798195206138
4,3923,0.7537616088918071
4,3924,0.435285206209929
4,3925,0.7775030137933345
4,3926,0.7467451255602935
4,3927,0.7566069804110437
4,3928,0.7226459735944863
4,3929,0.5619555455593924
4,3930,0.562171798293959
4,3931,0.5794784155029492
4,3932,0.575119456102802
4,3933,0.5303658579189579
4,3934,0.7743590301390192
4,3935,0.6852340123350104
4,3936,0.7080471415932738
4,3937,0.8095420890767677
4,3938,0.7607419695150925
4,3939,0.5428303500321479
4,3940,0.8954814893890434
4,3941,0.7229809596603334
4,3942,0.6989572866468372
4,3943,0.6435709155240891
4,3944,0.8444763766526072
4,3945,0.8799201665874687
4,3946,0.8545125056428964
4,3947,0.7865480488364408
4,3948,0.8413176332949599
4,3949,0.6724189705928302
4,3950,0.5349543202995409
4,3951,0.8126563822249687
4,3952,0.5277897355022622
4,3953,0.7558572462114655
4,3954,0.6311127509110821
4,3955,0.7538259921146095
4,3956,0.4671038197991284
4,3957,0.9091498808376929
4,3958,0.879800728473033
4,3959,0.27193469133926723
4,3960,0.8183675062070338
4,3961,0.5936128057169815
4,3962,0.5936128057169815
4,3963,0.6137592050610726
4,3964,0.6750617960111565
4,3965,0.583460642468602
4,3966,0.8737264921998288
4,3967,0.8043078300364194
4,3968,0.700468275251494
4,3969,0.5875206755751509
4,3970,0.7947461986826554
4,3971,0.6930295063426155
4,3972,0.37307249139872906
4,3973,0.4080197761039389
4,3974,0.5033935261110699
4,3975,0.745101449732521
4,3976,0.58066986424685
4,3977,0.680611043570438
4,3978,0.6681833521285316
4,3979,0.5661645300535701
4,3980,0.5783143070065981
4,3981,0.31995436575556524
4,3982,0.22240468443533257
4,3983,0.8214691397942471
4,3984,0.785786724310928
4,3985,0.7840548295306107
4,3986,0.7086054845079857
4,3987,0.7380245255991384
4,3988,0.8816698239470533
4,3989,0.5438881897548877
4,3990,0.6909217171410669
4,3991,0.8326783202487478
4,3992,0.8607151945966184
4,3993,0.8961509097577615
4,3994,0.8841226119965891
4,3995,0.9172128217176215
4,3996,0.9294881803377556
4,3997,0.8779144514123454
4,3998,0.6938894608497798
4,3999,0.7276742582827935
