medium_index,sample,mu
0,0,0.7915653057355746
0,1,0.921167185913564
0,2,0.8496541434772682
0,3,0.9706158693823933
0,4,0.9110276818667001
0,5,0.966495894434835
0,6,0.8645317720369313
0,7,0.7503823983213562
0,8,0.7309144560225463
0,9,0.6361971139158676
0,10,0.5046542096356862
0,11,0.9857805285158735
0,12,0.8856703282519413
0,13,0.7844291122076784
0,14,0.844355454970919
0,15,0.8596664872486012
0,16,0.39109778986381266
0,17,0.5766143824594394
0,18,0.8197000597369112
0,19,0.8686890879502919
0,20,0.9197451200189917
0,21,0.9476720669740196
0,22,0.9695758104717044
0,23,0.6673908389892215
0,24,0.5697497673546729
0,25,0.7352953496859009
0,26,0.957095312808773
0,27,0.9558516617178316
0,28,0.8372222677369747
0,29,0.8752389363302453
0,30,0.7776265620013747
0,31,0.712165902500294
0,32,0.8787856189473999
0,33,0.8606864651715894
0,34,0.8937301022819725
0,35,0.7221621242368373
0,36,0.7777376966835264
0,37,0.9413657215000175
0,38,0.8149379013793582
0,39,0.9092836756713587
0,40,0.6852189648082839
0,41,0.8455832101848281
0,42,0.9498586455238864
0,43,0.6776616351268111
0,44,0.2432987450754664
0,45,0.24485673970881378
0,46,0.9838029448384528
0,47,0.7454551996294703
0,48,0.8941694524549952
0,49,0.8688103439397696
0,50,0.8093898130348033
0,51,0.607991621453531
0,52,0.9084545477455122
0,53,0.8089880491864249
0,54,0.9548927373581736
0,55,0.93256483043346
0,56,0.7663727531555996
0,57,0.7992075665504613
0,58,0.799846722342013
0,59,0.8514621062726069
0,60,0.8008216168066022
0,61,0.9361223169396988
0,62,0.6645525083861474
0,63,0.9312835887911788
0,64,0.7873312608531314
0,65,0.7908168997444938
0,66,0.839910565316843
0,67,0.5863626725261774
0,68,0.547835462246003
0,69,0.8630463768347336
0,70,0.774761917960654
0,71,0.7764799788399033
0,72,0.8602302000449288
0,73,0.9168777988880144
0,74,0.9170108035464727
0,75,0.9140280866034962
0,76,0.7504159808037559
0,77,0.9482913862529949
0,78,0.6811140909035399
0,79,0.8086987007273516
0,80,0.852536713859626
0,81,0.8710826680834187
0,82,0.7431334793979786
0,83,0.9089465457288933
0,84,0.9319718495975696
0,85,0.8690366864204553
0,86,0.7980380175693497
0,87,0.597804083400242
0,88,0.7316891379541587
0,89,0.7002313146631495
0,90,0.8831594644768554
0,91,0.24671935459647362
0,92,0.6324788776389038
0,93,0.9820002858202467
0,94,0.9012073074551258
0,95,0.8163940449757735
0,96,0.8444979288432732
0,97,0.7076924102703014
0,98,0.7607492843144478
0,99,0.6095524862877583
0,100,0.7383196209293027
0,101,0.49928887888299944
0,102,0.904774656092762
0,103,0.5725138153394594
0,104,0.9011549168358202
0,105,0.8972504428999479
0,106,0.9560522747494403
0,107,0.7245158421904668
0,108,0.862225346289301
0,109,0.6430826509787215
0,110,0.861203808143983
0,111,0.8936986096757538
0,112,0.8781745533522592
0,113,0.8934380587107147
0,114,0.8929600292224215
0,115,0.8180119676661203
0,116,0.4273320131299069
0,117,0.9105787862610946
0,118,0.9001266255092965
0,119,0.9135478169549808
0,120,0.706054683437411
0,121,0.8599065534442236
0,122,0.8362766684166338
0,123,0.9319109942430053
0,124,0.9613253076200906
0,125,0.7740681706927882
0,126,0.9458593896347779
0,127,0.956520962501785
0,128,0.5980035406606783
0,129,0.935960332131698
0,130,0.7993815227856041
0,131,0.7356957419458937
0,132,0.9269500121847585
0,133,0.9167807587304876
0,134,0.8278690227152489
0,135,0.8026824794384673
0,136,0.7230850889194842
0,137,0.9113900652168834
0,138,0.8147172322788796
0,139,0.8039098436305439
0,140,0.8618853000308566
0,141,0.9225634222179523
0,142,0.7073051861076731
0,143,0.8121338659384586
0,144,0.8724617275379027
0,145,0.8208273413744809
0,146,0.8042768953068964
0,147,0.8897230265091113
0,148,0.8862748972877222
0,149,0.7352488349898936
0,150,0.9229970399819695
0,151,0.8492613985438292
0,152,0.8581658219434575
0,153,0.5793157095448592
0,154,0.4906004076658486
0,155,0.759467131279999
0,156,0.7975829134743244
0,157,0.584028240812006
0,158,0.9622369877214385
0,159,0.5804422733100999
0,160,0.8647353156371947
0,161,0.6634342880952346
0,162,0.6829305784971365
0,163,0.9420407907495347
0,164,0.9637898630948342
0,165,0.9637898630948342
0,166,0.5628413513349312
0,167,0.7127335967263255
0,168,0.7246391851427194
0,169,0.912744054393667
0,170,0.9568458513921614
0,171,0.9436781831579547
0,172,0.9522726752356045
0,173,0.9704500758027923
0,174,0.8874749675906113
0,175,0.8338050996610153
0,176,0.9301890148700687
0,177,0.9324122240012481
0,178,0.7381296797781421
0,179,0.6664207805922896
0,180,0.9201498223114197
0,181,0.9042910007361201
0,182,0.7805584868421681
0,183,0.8081890716784725
0,184,0.7276640957323367
0,185,0.8203253722673698
0,186,0.805925403469978
0,187,0.7876397382862962
0,188,0.5494463049381875
0,189,0.398388999692043
0,190,0.5875324359168536
0,191,0.9682779334603743
0,192,0.9786138635653217
0,193,0.987221320269451
0,194,0.6312635153541908
0,195,0.5262485149629791
0,196,0.9374375579322843
0,197,0.7889042483656219
0,198,0.8047586503680639
0,199,0.8172274142123195
0,200,0.8423927903070888
0,201,0.7933333050994182
0,202,0.8587072266009289
0,203,0.9624242991837916
0,204,0.9834251412295267
0,205,0.9180591028329217
0,206,0.9574460206619005
0,207,0.7878285452076513
0,208,0.8986384724512988
0,209,0.7259699560143132
0,210,0.6505862183382041
0,211,0.6236907848675326
0,212,0.7152804512347779
0,213,0.80907873534491
0,214,0.6368327824552028
0,215,0.591606663238882
0,216,0.5993291571282364
0,217,0.8952954268593382
0,218,0.6990517350009793
0,219,0.8432962933945304
0,220,0.5827339881235295
0,221,0.5754583135389483
0,222,0.6723741386269194
0,223,0.5639290292383601
0,224,0.3823346531979762
0,225,0.6334417997369804
0,226,0.7999755722365224
0,227,0.7040725664815249
0,228,0.7332215110562995
0,229,0.7895349033746716
0,230,0.9142496774551754
0,231,0.632955165953566
0,232,0.5959654388052509
0,233,0.9070806451952317
0,234,0.8472987776988739
0,235,0.7659036888917641
0,236,0.7879224841819429
0,237,0.7622358192324415
0,238,0.8120666779947633
0,239,0.9189975698624153
0,240,0.9731147319639051
0,241,0.7079624239924953
0,242,0.8036515037452232
0,243,0.9151234572704939
0,244,0.8109312425867277
0,245,0.5886806499176621
0,246,0.5259501186751436
0,247,0.7775929578581267
0,248,0.8655050801037035
0,249,0.8804388716285255
0,250,0.840236354633693
0,251,0.5559960498668184
0,252,0.8270801095141447
0,253,0.8917155481744208
0,254,0.9165164278191216
0,255,0.6078670955641985
0,256,0.3385921683370942
0,257,0.6469395080788163
0,258,0.8100756876407115
0,259,0.7526528293454272
0,260,0.7526505500912238
0,261,0.9651083764615619
0,262,0.9414967802030361
0,263,0.7859033220565232
0,264,0.8037323655914473
0,265,0.8175850997723542
0,266,0.9318962652637782
0,267,0.5735338540705364
0,268,0.8296455535793669
0,269,0.9718767982688901
0,270,0.9893434066917945
0,271,0.8238054754801565
0,272,0.9835717003683874
0,273,0.6065801253776784
0,274,0.8021211105441206
0,275,0.794921202067234
0,276,0.7689427266685342
0,277,0.8049086859993767
0,278,0.9059748166765864
0,279,0.8326519049390144
0,280,0.9698097740970856
0,281,0.5149248888614222
0,282,0.5285534786060837
0,283,0.9341209010889099
0,284,0.8982148298520766
0,285,0.8304059659093045
0,286,0.9739152883447454
0,287,0.8417051294302849
0,288,0.9667077218054667
0,289,0.9459934295164715
0,290,0.7300050732037616
0,291,0.4769157063633906
0,292,0.5496546080408045
0,293,0.677777226095715
0,294,0.9579706955381835
0,295,0.9843409924268989
0,296,0.7967145845646694
0,297,0.9125396185288099
0,298,0.8580153350078156
0,299,0.5668968585630203
0,300,0.8987791605217598
0,301,0.9126639450034345
0,302,0.9494040606964629
0,303,0.9665428325155079
0,304,0.8081114850500813
0,305,0.9411896066591365
0,306,0.7982828862223694
0,307,0.8981830249282257
0,308,0.6948628711609344
0,309,0.8796839828413471
0,310,0.6753431702163463
0,311,0.35543515535624526
0,312,0.7229902227880887
0,313,0.6412965191173889
0,314,0.36015000163213473
0,315,0.3734358505923641
0,316,0.9732444556160135
0,317,0.5372279601247248
0,318,0.7054174233683158
0,319,0.6956349945589467
0,320,0.6600127457003248
0,321,0.7872915232745421
0,322,0.9134534417654967
0,323,0.7924345678971075
0,324,0.9073761967202896
0,325,0.707484936071088
0,326,0.7913332277920793
0,327,0.8305612680173788
0,328,0.9244695479324867
0,329,0.9647159070089343
0,330,0.9174931360582744
0,331,0.825048916694444
0,332,0.8099518783692312
0,333,0.9762954821498265
0,334,0.8345642125197148
0,335,0.7451505207251754
0,336,0.9734186968566348
0,337,0.8762551213275293
0,338,0.9201218333974128
0,339,0.6615096492564416
0,340,0.9677650583263636
0,341,0.8435402846095358
0,342,0.8556824407017946
0,343,0.710161591764658
0,344,0.6816065662224228
0,345,0.7493228233314748
0,346,0.7585516963237086
0,347,0.745452179286384
0,348,0.7678898977607775
0,349,0.6984950085549823
0,350,0.4884678941168844
0,351,0.5062617529475498
0,352,0.7126722161470083
0,353,0.7303778641682352
0,354,0.9149568890730636
0,355,0.5488034205035345
0,356,0.6368012350835248
0,357,0.8066015684477822
0,358,0.4574880397802544
0,359,0.15256919747700698
0,360,0.2284072750196218
0,361,0.8257010948135983
0,362,0.5099917347826546
0,363,0.2963106164601467
0,364,0.5752822704010677
0,365,0.917885891684987
0,366,0.8781902351619286
0,367,0.8820604542080788
0,368,0.8451942597723248
0,369,0.6435595458630083
0,370,0.7244403374739391
0,371,0.750255152086382
0,372,0.8325649385571636
0,373,0.8294487976196754
0,374,0.8196616736184317
0,375,0.5185051803914554
0,376,0.7054979628386245
0,377,0.9317857519085005
0,378,0.7735523538206709
0,379,0.8495240520522988
0,380,0.9561033428518958
0,381,0.901843956320408
0,382,0.7120193117323256
0,383,0.6836757188481801
0,384,0.7011491812413521
0,385,0.8099968799691672
0,386,0.9062803182625414
0,387,0.7329607447967553
0,388,0.820232667181363
0,389,0.823735256182613
0,390,0.9514006663879396
0,391,0.8474762693976294
0,392,0.6293897325074018
0,393,0.8384366654903563
0,394,0.7822317514485261
0,395,0.7936876682086376
0,396,0.9786415524998311
0,397,0.6631140380026839
0,398,0.6039241435619574
0,399,0.8672472948145609
0,400,0.6330963393599852
0,401,0.4721186311364422
0,402,0.5451996300003029
0,403,0.9614813564196008
0,404,0.7856414845283584
0,405,0.7655429259328439
0,406,0.7334720762865133
0,407,0.8585673734886535
0,408,0.9296563064896639
0,409,0.7815295944394067
0,410,0.8548691738670553
0,411,0.9269289615342501
0,412,0.6856118843643559
0,413,0.9156342919976252
0,414,0.9851809635829287
0,415,0.9770069388840183
0,416,0.9508431493933587
0,417,0.9707969494619054
0,418,0.9930597111855531
0,419,0.6434995163246174
0,420,0.9430210410260329
0,421,0.7126275592116343
0,422,0.9146854672862629
0,423,0.897752900417648
0,424,0.8592358545604092
0,425,0.8460586035862746
0,426,0.5608921705206233
0,427,0.7198384173812038
0,428,0.5300991289420333
0,429,0.6934258563480155
0,430,0.7071851799081109
0,431,0.41917133719235333
0,432,0.9529978882290963
0,433,0.8402872940425605
0,434,0.8989731635553962
0,435,0.846749488180627
0,436,0.7725539120729094
0,437,0.7933689437326501
0,438,0.8864127567830522
0,439,0.7027692012393495
0,440,0.6673909970676466
0,441,0.9730435871755981
0,442,0.9243391978520418
0,443,0.7828004584375721
0,444,0.9337576963681854
0,445,0.8015958474624177
0,446,0.8754836602970167
0,447,0.7631711182217543
0,448,0.8816320015082703
0,449,0.7040061799552491
0,450,0.680424618731321
0,451,0.6660362598625627
0,452,0.8251867010580242
0,453,0.9601422887708669
0,454,0.5548396714560346
0,455,0.822031916187326
0,456,0.7488190046240835
0,457,0.9209031710024391
0,458,0.8143219010345996
0,459,0.6024470400404912
0,460,0.9218585771063625
0,461,0.46803745234711075
0,462,0.6437835735798971
0,463,0.6918852692970452
0,464,0.9040359662693322
0,465,0.6529602670465381
0,466,0.7379919651725838
0,467,0.7853909031727369
0,468,0.8655875387442945
0,469,0.8649995362030855
0,470,0.7326910601357454
0,471,0.6601101577825927
0,472,0.6222279909241513
0,473,0.4020895075050331
0,474,0.5788594972585438
0,475,0.2775775540506964
0,476,0.6845321418330332
0,477,0.642450432594898
0,478,0.5433049190838792
0,479,0.5611295476421976
0,480,0.8114834246446998
0,481,0.8221095108161005
0,482,0.9155084693923359
0,483,0.8378533541408422
0,484,0.7184655530421225
0,485,0.7261729535398992
0,486,0.8509457605967397
0,487,0.490269327029385
0,488,0.7204998723686441
0,489,0.8189649756295295
0,490,0.8927640160225063
0,491,0.9379129667867182
0,492,0.9198231183642246
0,493,0.61355729562564
0,494,0.714417854409533
0,495,0.8805334301829038
0,496,0.917650212639341
0,497,0.772896755500356
0,498,0.7355825963307765
0,499,0.9680975008058545
0,500,0.9243371715408885
0,501,0.92032346388712
0,502,0.8713433364129882
0,503,0.7710985904960029
0,504,0.8826426411121693
0,505,0.6640091074346665
0,506,0.6368665817630692
0,507,0.7401538461448973
0,508,0.9841133904123336
0,509,0.8775361868087912
0,510,0.7058399211385689
0,511,0.8928926004481974
0,512,0.6994886090403624
0,513,0.769891689935107
0,514,0.9791881843199058
0,515,0.9637976524751515
0,516,0.911182332064261
0,517,0.9200681806659239
0,518,0.9081282925640888
0,519,0.9559230367120906
0,520,0.9505553495557869
0,521,0.9799617023866684
0,522,0.8154246639410663
0,523,0.8025297604774546
0,524,0.9500366008195875
0,525,0.9605951915922114
0,526,0.9765321784958311
0,527,0.8545643222833377
0,528,0.8795193201432916
0,529,0.8624454022904048
0,530,0.671878192060121
0,531,0.9057247006839232
0,532,0.8588305780566999
0,533,0.9465640185030638
0,534,0.8686483035141325
0,535,0.8792637463753818
0,536,0.7916607581363742
0,537,0.6740644325234912
0,538,0.7390991346686532
0,539,0.7713665733596253
0,540,0.5917333644890632
0,541,0.744585925220548
0,542,0.7263657757840417
0,543,0.8561139887443264
0,544,0.6814577773899039
0,545,0.6034926740119702
0,546,0.8898630008641594
0,547,0.8032082812703214
0,548,0.9330283161571176
0,549,0.7369422239562539
0,550,0.6969231935441044
0,551,0.9229084856966259
0,552,0.7123332301883155
0,553,0.9282852153929729
0,554,0.871083418160685
0,555,0.7882953005510259
0,556,0.8948980084093507
0,557,0.9095339641642584
0,558,0.9834508199681381
0,559,0.7904546377132704
0,560,0.9713252188072683
0,561,0.8969076483967598
0,562,0.8555554804057218
0,563,0.9731475055400577
0,564,0.961886385059396
0,565,0.783479526511313
0,566,0.5558329980814362
0,567,0.8572416201056642
0,568,0.8685889350963419
0,569,0.6793408901150505
0,570,0.9351008252851319
0,571,0.7874026258298475
0,572,0.9299713260695732
0,573,0.9365306528724576
0,574,0.5985799361856475
0,575,0.6938534164998958
0,576,0.89206715299222
0,577,0.5755078056330813
0,578,0.766948073960198
0,579,0.7648263300475077
0,580,0.9464145480139737
0,581,0.9114788370921036
0,582,0.8342655289822379
0,583,0.655328807111129
0,584,0.7886511995180103
0,585,0.9604578735774641
0,586,0.8988056952315412
0,587,0.9129672564752809
0,588,0.9860107087637334
0,589,0.8892257672568314
0,590,0.9493310633130144
0,591,0.8736524421280224
0,592,0.5765338901667583
0,593,0.8607967575490224
0,594,0.7023371962739889
0,595,0.5981228349552289
0,596,0.6324930952997923
0,597,0.9373651192535395
0,598,0.9378289726872043
0,599,0.8806472282042097
0,600,0.9306783471136075
0,601,0.7779407832609123
0,602,0.6402712433641177
0,603,0.9470547462271904
0,604,0.7030844884499428
0,605,0.8943805049469342
0,606,0.6773067258760049
0,607,0.9254684097320682
0,608,0.7508545680676006
0,609,0.5430241582447854
0,610,0.6245765940264146
0,611,0.6541114565384637
0,612,0.9140635639411449
0,613,0.36012914241923727
0,614,0.9624945556633727
0,615,0.7923575338043489
0,616,0.9733596344656601
0,617,0.9594401113313803
0,618,0.7133109405423116
0,619,0.9471389510515531
0,620,0.9191411944597486
0,621,0.6287425668557978
0,622,0.6733018267079109
0,623,0.6113846966666846
0,624,0.6187765160481253
0,625,0.9460238296714161
0,626,0.8673302761094052
0,627,0.8429817492363461
0,628,0.7483491115816402
0,629,0.6192903012689565
0,630,0.9632561399971576
0,631,0.9494248179386678
0,632,0.7793720527268048
0,633,0.916329820449901
0,634,0.8841048815148368
0,635,0.9542363205010151
0,636,0.9863865128664379
0,637,0.7836292293149208
0,638,0.8781056328467929
0,639,0.8206213296361329
0,640,0.6523171535066524
0,641,0.9074375792540249
0,642,0.7253119237023453
0,643,0.9321150108139125
0,644,0.6261053051221662
0,645,0.6867024906040724
0,646,0.7214755862221626
0,647,0.861113638331522
0,648,0.6684422434284337
0,649,0.9608214531953498
0,650,0.9617483086870403
0,651,0.7552679309179876
0,652,0.7827940678770607
0,653,0.8745303038698972
0,654,0.8723579139618539
0,655,0.9884895842058236
0,656,0.8019693634251501
0,657,0.6098423003638972
0,658,0.933677793980829
0,659,0.7680605344759022
0,660,0.7560244821656839
0,661,0.9149501150554046
0,662,0.894279962611813
0,663,0.5983667882751422
0,664,0.7826534434442475
0,665,0.8457911737227859
0,666,0.909362821041023
0,667,0.929644298679046
0,668,0.5164401908635591
0,669,0.5560428576656048
0,670,0.6879920147069228
0,671,0.6952906801397474
0,672,0.9134148499107775
0,673,0.8219536720815307
0,674,0.8937865306202334
0,675,0.9216118912552613
0,676,0.8697500165539093
0,677,0.95260280998918
0,678,0.781659946509407
0,679,0.8603861485552571
0,680,0.5398839249283645
0,681,0.840997354690996
0,682,0.6842934068617731
0,683,0.9365349305313155
0,684,0.7322820341453001
0,685,0.7562964425013777
0,686,0.949406284257003
0,687,0.6079161790492951
0,688,0.37141415150805374
0,689,0.9877985166527583
0,690,0.9910768814637638
0,691,0.9320376102362331
0,692,0.459760478445608
0,693,0.9553688885336431
0,694,0.9807971168954427
0,695,0.7880543996084426
0,696,0.33013488470979546
0,697,0.552369860981727
0,698,0.955944727279047
0,699,0.741130180787412
0,700,0.9941858705930935
0,701,0.993027890357409
0,702,0.9891666286183656
0,703,0.6792037250723735
0,704,0.8777678780622962
0,705,0.9253845307931248
0,706,0.8598667140696974
0,707,0.741189205920192
0,708,0.9382684911983602
0,709,0.8324677865363492
0,710,0.7752322730806436
0,711,0.7922504624757614
0,712,0.5536198788527373
0,713,0.6373947896434843
0,714,0.6020041691817802
0,715,0.8485495756189151
0,716,0.8964484424041852
0,717,0.9439895203306704
0,718,0.7810632311845203
0,719,0.7551698061170312
0,720,0.9481692347873396
0,721,0.8191748459390932
0,722,0.9645481092719318
0,723,0.9816749931585805
0,724,0.5913344935430946
0,725,0.6842957202526538
0,726,0.7695313316238173
0,727,0.8326404219407115
0,728,0.7675762449395335
0,729,0.854072631464574
0,730,0.7614742808830741
0,731,0.7968842203508811
0,732,0.814730057803262
0,733,0.9347552214045936
0,734,0.6809583941716373
0,735,0.58723574575019
0,736,0.5932437860115044
0,737,0.5758944237690014
0,738,0.9256775676587656
0,739,0.9821639475205738
0,740,0.4452952207773784
0,741,0.3161668649411548
0,742,0.6463080938614545
0,743,0.9780959926172287
0,744,0.8958063040092273
0,745,0.722935056735963
0,746,0.9138657332931647
0,747,0.8087616854120873
0,748,0.8361281464535236
0,749,0.9679566096350959
0,750,0.9576431534131219
0,751,0.812406766786464
0,752,0.9275879129947168
0,753,0.8768764999305567
0,754,0.4564925990756374
0,755,0.8527824436248508
0,756,0.8044384699682019
0,757,0.9705463257526592
0,758,0.974198637751619
0,759,0.9469293793878869
0,760,0.9014599895559963
0,761,0.9457002744699743
0,762,0.9482459819265302
0,763,0.9399847570132694
0,764,0.8882927196646538
0,765,0.8523208455095884
0,766,0.8814921740838259
0,767,0.8783858700114522
0,768,0.8766530042050584
0,769,0.8593965512069487
0,770,0.8332435949649488
0,771,0.5027407416618855
0,772,0.9824590441138847
0,773,0.9960248943356974
0,774,0.892348423238442
0,775,0.5657668565514331
0,776,0.9006742475260004
0,777,0.9453691908787676
0,778,0.8204372509575679
0,779,0.6976845622126563
0,780,0.7802187490177411
0,781,0.8939365758469849
0,782,0.771179087678844
0,783,0.6213145646941934
0,784,0.8683780141569656
0,785,0.7765541710696553
0,786,0.8935609540186573
0,787,0.8359282224765446
0,788,0.7890828559671269
0,789,0.7925827467416204
0,790,0.7421891081577029
0,791,0.811511187743334
0,792,0.6686643799687241
0,793,0.6688174930790332
0,794,0.7839621173075014
0,795,0.8497825100657747
0,796,0.754119613609535
0,797,0.5809627107636378
0,798,0.9319183738872994
0,799,0.5440343595230488
0,800,0.5234091627803595
0,801,0.6416554860020086
0,802,0.45735943687527597
0,803,0.8277407491825736
0,804,0.43683342975991524
0,805,0.874297886327891
0,806,0.8883018405311126
0,807,0.7201116208657675
0,808,0.6513732520664129
0,809,0.5372355863382939
0,810,0.6242734437995326
0,811,0.7788143170791337
0,812,0.6187506614593661
0,813,0.890000712050724
0,814,0.7256972639570655
0,815,0.4298366618472161
0,816,0.7240882460473679
0,817,0.5829807666635288
0,818,0.9749219908800277
0,819,0.8247230348229174
0,820,0.6916575629301632
0,821,0.6052905097554553
0,822,0.7912881540733935
0,823,0.8012934712922944
0,824,0.7858938915251279
0,825,0.9148561076457722
0,826,0.631518446056745
0,827,0.6089903496306706
0,828,0.9941436049042517
0,829,0.8299905542825349
0,830,0.844020704167414
0,831,0.8151140033455171
0,832,0.7691812671675844
0,833,0.8325377594381644
0,834,0.8951664749103955
0,835,0.9231011110267465
0,836,0.8596413275547997
0,837,0.8966880234938891
0,838,0.7015069814406348
0,839,0.9202951159021578
0,840,0.6809959279989465
0,841,0.8176686552561677
0,842,0.5921909597166093
0,843,0.979077576218167
0,844,0.9786364134389264
0,845,0.9580584892477456
0,846,0.6400694067383373
0,847,0.8004713413202793
0,848,0.8572495380026209
0,849,0.8953195560426942
0,850,0.8364445534232233
0,851,0.694702424844339
0,852,0.9750906563568322
0,853,0.6025885993462999
0,854,0.9006683334359653
0,855,0.9874766623319043
0,856,0.5223315040976966
0,857,0.5933874600930473
0,858,0.6483642967634237
0,859,0.9497279811010214
0,860,0.9821391671827888
0,861,0.9821391671827888
0,862,0.9629874306453865
0,863,0.9069337024162366
0,864,0.9243007490116101
0,865,0.8151099009395287
0,866,0.9234223617356269
0,867,0.7723146962692126
0,868,0.7159950135232698
0,869,0.943349882718115
0,870,0.9074079811715223
0,871,0.6903446316846856
0,872,0.7247281981585649
0,873,0.8346572962267433
0,874,0.5324826910092334
0,875,0.6431670482403123
0,876,0.6647330985858408
0,877,0.9084122332312868
0,878,0.9298370853445571
0,879,0.563567793995395
0,880,0.7391913250513213
0,881,0.564576791229004
0,882,0.6562079906434927
0,883,0.77144601533863
0,884,0.6140090411494312
0,885,0.9522969728500602
0,886,0.9542092484988441
0,887,0.9725354293756342
0,888,0.9617892825272991
0,889,0.8036865017553088
0,890,0.8353565178184731
0,891,0.8673674286110636
0,892,0.8454071132993376
0,893,0.695151060606664
0,894,0.695560465179997
0,895,0.79826608501069
0,896,0.798513059998909
0,897,0.6527839866129578
0,898,0.8145587120805576
0,899,0.7031332321336647
0,900,0.8812084820076265
0,901,0.31069298731514716
0,902,0.9381923900646278
0,903,0.9721921005069571
0,904,0.944326901175682
0,905,0.9575141032366898
0,906,0.5706305401864489
0,907,0.5403477278816929
0,908,0.7266282610375646
0,909,0.978670093719495
0,910,0.9744730012656889
0,911,0.917798539780662
0,912,0.7480586434664193
0,913,0.9196164666181618
0,914,0.8409341981936497
0,915,0.7058566636456642
0,916,0.9882446057768971
0,917,0.970837816731102
0,918,0.862117140968466
0,919,0.8023603708697608
0,920,0.3343283221988086
0,921,0.3029354571965642
0,922,0.966998728300631
0,923,0.7724765011523406
0,924,0.8906003680546077
0,925,0.8117110549737048
0,926,0.9472143419671748
0,927,0.8930819214817092
0,928,0.9490641203096146
0,929,0.8184759814512432
0,930,0.9170805317052036
0,931,0.810789696623302
0,932,0.8357717812127836
0,933,0.5995250876120238
0,934,0.9925268439775047
0,935,0.8737705414447323
0,936,0.8360230670000539
0,937,0.9169580946026384
0,938,0.9132955940334198
0,939,0.9548617618385365
0,940,0.7940685779886132
0,941,0.8262046897258906
0,942,0.784233428632893
0,943,0.5685179311988643
0,944,0.9088277354377329
0,945,0.8915048246789893
0,946,0.9302041209991622
0,947,0.5317145681876075
0,948,0.8780042048150539
0,949,0.8760499863643997
0,950,0.871226605779883
0,951,0.8973972951748537
0,952,0.9251645125486156
0,953,0.7885381353362119
0,954,0.9468831627264719
0,955,0.9491665561115367
0,956,0.7812194972488412
0,957,0.623986531498813
0,958,0.8221368520273862
0,959,0.9609463356754289
0,960,0.9752949479276273
0,961,0.8207627251402374
0,962,0.8425063203667655
0,963,0.818879589344772
0,964,0.828713521258347
0,965,0.8572829061209971
0,966,0.6281715662202947
0,967,0.5759963385306148
0,968,0.8631770960195407
0,969,0.8740345793779478
0,970,0.6348125712298728
0,971,0.9142748102561976
0,972,0.9748373131970643
0,973,0.7519494679856971
0,974,0.9548092515072155
0,975,0.9387854112940155
0,976,0.9285251497261297
0,977,0.7596094795110522
0,978,0.5564239715235835
0,979,0.7040302943501274
0,980,0.7114684503536046
0,981,0.34937423801344764
0,982,0.9165201823496809
0,983,0.7414005245121547
0,984,0.9448857315237943
0,985,0.973967348857526
0,986,0.9370775340727877
0,987,0.8426404252881101
0,988,0.8100301593201681
0,989,0.6464881049395227
0,990,0.6482401255697918
0,991,0.9791313491277511
0,992,0.7403010544413475
0,993,0.9062874943739875
0,994,0.68747912009449
0,995,0.7858821937063711
0,996,0.8152150102104269
0,997,0.6757472577719782
0,998,0.968599330885908
0,999,0.7663809511185368
0,1000,0.9468641747560349
0,1001,0.7498265313963802
0,1002,0.9268254244955904
0,1003,0.42349976830434527
0,1004,0.5501438932712405
0,1005,0.789922316103795
0,1006,0.9018412219152434
0,1007,0.8240109341976535
0,1008,0.9790352527453573
0,1009,0.9837918113777722
0,1010,0.7725244789820546
0,1011,0.7853963471232508
0,1012,0.4832551752110991
0,1013,0.6555510700676415
0,1014,0.9735106680531594
0,1015,0.8129444355077157
0,1016,0.8705472064806536
0,1017,0.9014887571565048
0,1018,0.719669572900031
0,1019,0.7497680687432632
0,1020,0.6948757944999863
0,1021,0.926607383836768
0,1022,0.7853686061448084
0,1023,0.9817024979653532
0,1024,0.9033628186774525
0,1025,0.9562673031544265
0,1026,0.7761973981103556
0,1027,0.9094666823941813
0,1028,0.9113749813800182
0,1029,0.9020397628751641
0,1030,0.9510797836984505
0,1031,0.8063082261933124
0,1032,0.8851670831574953
0,1033,0.5275286464596771
0,1034,0.6650917854460351
0,1035,0.7181727285289892
0,1036,0.9299996368344178
0,1037,0.5991806153602137
0,1038,0.3653311998175917
0,1039,0.7313338032321561
0,1040,0.6410445472916407
0,1041,0.45190602779021555
0,1042,0.9850587304713138
0,1043,0.8906884154236266
0,1044,0.9411021366067708
0,1045,0.8076081350951207
0,1046,0.6680049091206082
0,1047,0.8834719724292437
0,1048,0.6077523375185567
0,1049,0.8317532015247346
0,1050,0.7035848670637995
0,1051,0.7718574564952014
0,1052,0.7030829154043764
0,1053,0.5382444651718538
0,1054,0.8278905698221048
0,1055,0.5523325169709383
0,1056,0.7862044627060573
0,1057,0.6493606876018538
0,1058,0.893152754669824
0,1059,0.8086933198386405
0,1060,0.9557447084558135
0,1061,0.6898650104539819
0,1062,0.8076170943146727
0,1063,0.7496339538699329
0,1064,0.9577640680030688
0,1065,0.9867571271029995
0,1066,0.885871068221046
0,1067,0.4749442019432387
0,1068,0.8931068544604124
0,1069,0.7062335226645716
0,1070,0.8249118611307578
0,1071,0.8593663004049075
0,1072,0.8940852814682723
0,1073,0.8225488220635593
0,1074,0.7202917743208362
0,1075,0.6038315786399783
0,1076,0.825973017179599
0,1077,0.8489704583091576
0,1078,0.9045564052678094
0,1079,0.8527373968395214
0,1080,0.8539599802545973
0,1081,0.7345522382558821
0,1082,0.8031867239040189
0,1083,0.9137541808598371
0,1084,0.7650151795391996
0,1085,0.4264614038431988
0,1086,0.864154109944484
0,1087,0.9219197170542621
0,1088,0.9431053817562307
0,1089,0.8571630344948977
0,1090,0.4874789257188342
0,1091,0.7955921203325859
0,1092,0.6343098773778592
0,1093,0.9356559523805942
0,1094,0.900487498317817
0,1095,0.5444440705848456
0,1096,0.8363944128730129
0,1097,0.8397537623015
0,1098,0.6708693061352811
0,1099,0.5189161237409959
0,1100,0.45481375752960634
0,1101,0.46620424207439926
0,1102,0.42344302875599515
0,1103,0.3881092173766271
0,1104,0.43388168511508973
0,1105,0.7584498082360608
0,1106,0.40554246422054174
0,1107,0.615048690678784
0,1108,0.510015692148893
0,1109,0.789009444739186
0,1110,0.9568934679187612
0,1111,0.8853735556891426
0,1112,0.8326287104089495
0,1113,0.6265037163967306
0,1114,0.5575064863877761
0,1115,0.632792743756745
0,1116,0.9718160225170254
0,1117,0.5117558876420846
0,1118,0.5203895050581204
0,1119,0.6493393672154996
0,1120,0.6195358274645392
0,1121,0.270339977737788
0,1122,0.8467966737074348
0,1123,0.8018622886969621
0,1124,0.7212674302615412
0,1125,0.9641059243552514
0,1126,0.9069797439278534
0,1127,0.44756484865872687
0,1128,0.7239724403816574
0,1129,0.8703799323566377
0,1130,0.8131599927578023
0,1131,0.6727826324752417
0,1132,0.8567940088646926
0,1133,0.8929610986568164
0,1134,0.862286454329629
0,1135,0.9380616908384194
0,1136,0.9644615022144549
0,1137,0.9833863373311699
0,1138,0.9244454980849742
0,1139,0.7010747329917184
0,1140,0.9749036234062035
0,1141,0.7475764077936198
0,1142,0.9353703985089505
0,1143,0.7157713192857397
0,1144,0.8428274401976901
0,1145,0.5984322277410482
0,1146,0.7919809099210483
0,1147,0.879169377675947
0,1148,0.68373789100357
0,1149,0.7149799721771634
0,1150,0.8595073133218696
0,1151,0.7295618833653897
0,1152,0.6898477036104342
0,1153,0.7053052612742704
0,1154,0.5566182892634608
0,1155,0.9374230173552742
0,1156,0.7094524630854048
0,1157,0.8649553043007912
0,1158,0.80734289322118
0,1159,0.5325383592449456
0,1160,0.9956033332284264
0,1161,0.8388775366551852
0,1162,0.951139665435472
0,1163,0.9849832387124318
0,1164,0.9465985928303412
0,1165,0.9431354408800855
0,1166,0.8575704438624933
0,1167,0.879300456154386
0,1168,0.7214964479201453
0,1169,0.8199238702471865
0,1170,0.7948067096046428
0,1171,0.9161119873725154
0,1172,0.9307715362576418
0,1173,0.8693342571140942
0,1174,0.9249534387552134
0,1175,0.9285690360975952
0,1176,0.868284289531908
0,1177,0.9128814942666525
0,1178,0.9609143327754973
0,1179,0.8958355597384768
0,1180,0.9629302772878544
0,1181,0.8547018283292684
0,1182,0.8429177510545794
0,1183,0.8620721605066618
0,1184,0.8311665902855021
0,1185,0.8565533398081857
0,1186,0.8397488530310304
0,1187,0.7186641597538564
0,1188,0.7602605769397962
0,1189,0.9067101487673154
0,1190,0.9359347929339175
0,1191,0.9149280877471949
0,1192,0.8376327569221824
0,1193,0.9684987037975483
0,1194,0.9703631537024255
0,1195,0.9197553427781712
0,1196,0.8288244922193685
0,1197,0.701234091648706
0,1198,0.5981183287057497
0,1199,0.5984576731486146
0,1200,0.3668761483861612
0,1201,0.8963021666036398
0,1202,0.8947008886202221
0,1203,0.8190576915878568
0,1204,0.9028723751203532
0,1205,0.8450858301737976
0,1206,0.7170682124019406
0,1207,0.9123615816731733
0,1208,0.7825585409850812
0,1209,0.8796052258652332
0,1210,0.900321523591594
0,1211,0.9330518364862362
0,1212,0.9240120730037553
0,1213,0.8854575960732753
0,1214,0.8835698756297928
0,1215,0.5447296974951532
0,1216,0.4548731964598812
0,1217,0.36802857097605846
0,1218,0.9311988011568776
0,1219,0.8085787707508992
0,1220,0.7441862314688032
0,1221,0.7005969418393941
0,1222,0.7671844600557324
0,1223,0.9885038612025994
0,1224,0.995015707716653
0,1225,0.9230339134405813
0,1226,0.8545379174983168
0,1227,0.6873092701021564
0,1228,0.7580355305023396
0,1229,0.9489003852841951
0,1230,0.36690843077938823
0,1231,0.5855398646515303
0,1232,0.5454993748395042
0,1233,0.8042144707496056
0,1234,0.8430264850476673
0,1235,0.7817183777380459
0,1236,0.9069412446340556
0,1237,0.9595674155874673
0,1238,0.9016747185048638
0,1239,0.8261711937691062
0,1240,0.7527462734888146
0,1241,0.9778919852771902
0,1242,0.9846635541908562
0,1243,0.9156665810384399
0,1244,0.8195076253743304
0,1245,0.7395000796365852
0,1246,0.8211545007795821
0,1247,0.7708133256558827
0,1248,0.7228182039075218
0,1249,0.8349211567951914
0,1250,0.9154803463368242
0,1251,0.9723867190645432
0,1252,0.9646748767968587
0,1253,0.9423139281963893
0,1254,0.7495702254623196
0,1255,0.7317956471375818
0,1256,0.7189576436548489
0,1257,0.6971521541911232
0,1258,0.9569491812491407
0,1259,0.7857645571099424
0,1260,0.9384721937349088
0,1261,0.6996923852608612
0,1262,0.7248223202959064
0,1263,0.8978861467902324
0,1264,0.5955229235178129
0,1265,0.6612094131648877
0,1266,0.6582962580055262
0,1267,0.9341948265541574
0,1268,0.9583698566055134
0,1269,0.9683884273517325
0,1270,0.5342750404073188
0,1271,0.9353684696651356
0,1272,0.917642427370013
0,1273,0.6776493266911591
0,1274,0.9679159088622197
0,1275,0.9486843772780146
0,1276,0.9375365498810182
0,1277,0.8266867907241798
0,1278,0.7362181995305616
0,1279,0.9743806274129743
0,1280,0.9098232186267935
0,1281,0.9340100071242262
0,1282,0.9648103975893366
0,1283,0.7277791313916823
0,1284,0.8058206436949348
0,1285,0.8362403494734181
0,1286,0.8992925919372378
0,1287,0.8947030315626242
0,1288,0.9957749898049323
0,1289,0.9971599796154861
0,1290,0.7914430514074218
0,1291,0.9710417426592656
0,1292,0.9767787003096511
0,1293,0.9063371829626817
0,1294,0.7886872893024133
0,1295,0.6678055978799661
0,1296,0.6678055978799661
0,1297,0.8070719919113181
0,1298,0.6628710673135305
0,1299,0.8674632121803629
0,1300,0.952473451912734
0,1301,0.9633830271042634
0,1302,0.8637279358716569
0,1303,0.7317275725325957
0,1304,0.8047103971554311
0,1305,0.850259966875561
0,1306,0.8355575196906021
0,1307,0.8306609019385928
0,1308,0.9304831545760718
0,1309,0.8195652130921551
0,1310,0.4638295391405876
0,1311,0.9217949642489968
0,1312,0.7804862058191118
0,1313,0.8384482672433121
0,1314,0.8072316809577538
0,1315,0.8156809856013846
0,1316,0.8434292198839631
0,1317,0.7642613309229416
0,1318,0.812345161547913
0,1319,0.8509810844967112
0,1320,0.8896213470657364
0,1321,0.8128638130047773
0,1322,0.8809474851248803
0,1323,0.8392212822369479
0,1324,0.6465999302835101
0,1325,0.9097942048547207
0,1326,0.7101466791383417
0,1327,0.7039095142397994
0,1328,0.7026570775101899
0,1329,0.9192921597861218
0,1330,0.6709060832814485
0,1331,0.8651041498734697
0,1332,0.7138194320967546
0,1333,0.5891517216381386
0,1334,0.4659153132039662
0,1335,0.6591628194219856
0,1336,0.738507532959419
0,1337,0.9083548334354955
0,1338,0.30223813269984906
0,1339,0.5962901308501235
0,1340,0.5807532931490899
0,1341,0.7733169952397606
0,1342,0.8069537415848953
0,1343,0.8355384633105998
0,1344,0.920187889961882
0,1345,0.9030063430926346
0,1346,0.9332146232263796
0,1347,0.9571890564544742
0,1348,0.8764005938103092
0,1349,0.682119483522393
0,1350,0.8014921850955546
0,1351,0.8481003101811839
0,1352,0.6662929489603288
0,1353,0.9004990047922603
0,1354,0.8039753398906944
0,1355,0.9089308698957631
0,1356,0.8473219389723812
0,1357,0.7117855007746077
0,1358,0.8131538080319705
0,1359,0.6229832933991557
0,1360,0.33553541553155414
0,1361,0.6594377680050161
0,1362,0.916742469010607
0,1363,0.7981613709840021
0,1364,0.8717154671789195
0,1365,0.535587556347327
0,1366,0.8653059537579074
0,1367,0.8401855751783026
0,1368,0.6610237439493277
0,1369,0.6921218956647442
0,1370,0.7167498516768974
0,1371,0.9156179793643443
0,1372,0.7206418107811624
0,1373,0.7919870666036679
0,1374,0.9324236508964787
0,1375,0.8436326430947236
0,1376,0.6074512122897325
0,1377,0.814945433604759
0,1378,0.7340669644618157
0,1379,0.9471355033607369
0,1380,0.7876957963704755
0,1381,0.754059266372779
0,1382,0.8197079853693671
0,1383,0.9487894925935053
0,1384,0.955565916475775
0,1385,0.9518505255022564
0,1386,0.9491195560984204
0,1387,0.8564071443639354
0,1388,0.8332356898277877
0,1389,0.5882045604140761
0,1390,0.8446400242950011
0,1391,0.3998772956862552
0,1392,0.7957359522546393
0,1393,0.5298074220419879
0,1394,0.4645466278489302
0,1395,0.9720790774501372
0,1396,0.8819371887641241
0,1397,0.7837207500053256
0,1398,0.8418326538209021
0,1399,0.7465203547904793
0,1400,0.7316151888823937
0,1401,0.7142085336628579
0,1402,0.6185746591123285
0,1403,0.7772107494552724
0,1404,0.8379210536162812
0,1405,0.8698403018215382
0,1406,0.48143115433788586
0,1407,0.9038000020681043
0,1408,0.7815875138165375
0,1409,0.7103797806372056
0,1410,0.9132112298965249
0,1411,0.809118584705693
0,1412,0.38624241339610965
0,1413,0.72902756905596
0,1414,0.784965468741313
0,1415,0.842670217512182
0,1416,0.886993472282986
0,1417,0.8396589130899959
0,1418,0.9589218529162179
0,1419,0.518586416566723
0,1420,0.5190695063477282
0,1421,0.9681484822440612
0,1422,0.721756380716992
0,1423,0.6357700046334503
0,1424,0.7459076828463203
0,1425,0.6672484668474167
0,1426,0.8367425133341032
0,1427,0.7104314944388658
0,1428,0.741302662510319
0,1429,0.5146099470823097
0,1430,0.6936866336452087
0,1431,0.9571563809629325
0,1432,0.8403785145400446
0,1433,0.7949196326468301
0,1434,0.857558947140454
0,1435,0.7961957994915012
0,1436,0.925622942912695
0,1437,0.6086339788736568
0,1438,0.9580521943150884
0,1439,0.9807263371496098
0,1440,0.5066640786363029
0,1441,0.895176735118355
0,1442,0.8170252353715723
0,1443,0.879823164833958
0,1444,0.8555282806449904
0,1445,0.7732817009961408
0,1446,0.7799705804113717
0,1447,0.8896591827101803
0,1448,0.7966458483588085
0,1449,0.7414425422031474
0,1450,0.5023573067217465
0,1451,0.9491234325862303
0,1452,0.8830182608290339
0,1453,0.989437607275959
0,1454,0.620687282624039
0,1455,0.6140987879651106
0,1456,0.9391045619399251
0,1457,0.9504192199408387
0,1458,0.8931293068601502
0,1459,0.7385275374182062
0,1460,0.9198726852532437
0,1461,0.9368018661147365
0,1462,0.8680651260838007
0,1463,0.7855589079615847
0,1464,0.7280230005893228
0,1465,0.7591431980388665
0,1466,0.8584020839726473
0,1467,0.9753649410414392
0,1468,0.9907660781613699
0,1469,0.9535593505164873
0,1470,0.8769841526382064
0,1471,0.9759509300356628
0,1472,0.7463042195041248
0,1473,0.7936675267462799
0,1474,0.9245688234506076
0,1475,0.8087287400880886
0,1476,0.9684239657931958
0,1477,0.7043658577704895
0,1478,0.6536839940376143
0,1479,0.7186554208007511
0,1480,0.7811650358815208
0,1481,0.6852528178317598
0,1482,0.5802340054175896
0,1483,0.5671084056892822
0,1484,0.5931529474138486
0,1485,0.8956159553245936
0,1486,0.7841826148721507
0,1487,0.7282970618401169
0,1488,0.9407726305571766
0,1489,0.6518417411427395
0,1490,0.8327254609289452
0,1491,0.905399919445625
0,1492,0.6301733481980383
0,1493,0.46127024577720666
0,1494,0.7457350993939145
0,1495,0.8315877222577152
0,1496,0.7829920755083878
0,1497,0.6483368107424108
0,1498,0.8240312925376552
0,1499,0.5923925746696201
0,1500,0.9520028381312076
0,1501,0.8309066301223099
0,1502,0.8783561940365803
0,1503,0.983181373699805
0,1504,0.9496741717348518
0,1505,0.9310217993869013
0,1506,0.93302016295176
0,1507,0.7781923835411431
0,1508,0.9242310303367859
0,1509,0.9941151460990678
0,1510,0.8066155781115469
0,1511,0.5923855866050789
0,1512,0.8516506730711216
0,1513,0.9065977967439733
0,1514,0.4108994688085794
0,1515,0.4297809018082118
0,1516,0.6248099628352226
0,1517,0.9585899601886915
0,1518,0.8086632104044043
0,1519,0.8177287373640489
0,1520,0.8850728383484674
0,1521,0.6158268345500818
0,1522,0.8238963385450468
0,1523,0.8792566159550091
0,1524,0.8435736570387107
0,1525,0.8448322711900229
0,1526,0.8514568443813113
0,1527,0.8343679421793155
0,1528,0.8503217097729615
0,1529,0.8285515828230139
0,1530,0.6080099483292601
0,1531,0.7214187862938178
0,1532,0.9393344128239471
0,1533,0.9355652935965516
0,1534,0.93519934510664
0,1535,0.643941370609996
0,1536,0.7249098618094744
0,1537,0.8316184897166936
0,1538,0.8754797394052919
0,1539,0.8664270198137958
0,1540,0.7566300432844342
0,1541,0.7690169719479774
0,1542,0.8403659455130988
0,1543,0.9438098466698375
0,1544,0.7092967483436345
0,1545,0.9554595249898464
0,1546,0.7074520842367286
0,1547,0.7804235429225411
0,1548,0.5492883273374354
0,1549,0.932928045976056
0,1550,0.9183340637599234
0,1551,0.6731551460562982
0,1552,0.711012371353154
0,1553,0.8685538011389833
0,1554,0.5497990381269614
0,1555,0.7907607659862655
0,1556,0.8922565146847773
0,1557,0.9264112397142521
0,1558,0.9167858145151138
0,1559,0.8862005791011807
0,1560,0.7109783538060366
0,1561,0.9375578282805853
0,1562,0.9414393184725205
0,1563,0.937749235914056
0,1564,0.370192786661294
0,1565,0.8118619622836901
0,1566,0.7193169751025661
0,1567,0.5360916375881256
0,1568,0.7938457751302286
0,1569,0.7347458590705824
0,1570,0.8852036126949464
0,1571,0.5460071169063672
0,1572,0.6590287138828609
0,1573,0.7809291951793104
0,1574,0.5243517116134281
0,1575,0.5642880091331793
0,1576,0.9835300315215025
0,1577,0.9780964478551902
0,1578,0.9771844795675588
0,1579,0.9833741347518181
0,1580,0.9956596821230261
0,1581,0.5169361139314101
0,1582,0.12508037240196324
0,1583,0.28258350734225723
0,1584,0.6932186291989644
0,1585,0.5803233514739039
0,1586,0.7284641891788908
0,1587,0.4454397501087263
0,1588,0.9498372441536687
0,1589,0.7020066331459436
0,1590,0.7764766872222003
0,1591,0.6684773523877918
0,1592,0.7911523632945019
0,1593,0.7459437738921959
0,1594,0.7813584230140348
0,1595,0.764384261477347
0,1596,0.8977727834304288
0,1597,0.784123728980175
0,1598,0.7332719362603974
0,1599,0.950861984389588
0,1600,0.8801406046644509
0,1601,0.7280632712927405
0,1602,0.8927762027505763
0,1603,0.8008610161860454
0,1604,0.6785651172422943
0,1605,0.8236358138928688
0,1606,0.9507099918585565
0,1607,0.8620133256635906
0,1608,0.6966027098570445
0,1609,0.8814517848745951
0,1610,0.6941608721521273
0,1611,0.9982101153466172
0,1612,0.9977953985850425
0,1613,0.5311149823358666
0,1614,0.507037551770451
0,1615,0.9686967076063187
0,1616,0.8775599247475127
0,1617,0.9895000093394347
0,1618,0.7137304828410682
0,1619,0.49912550089091356
0,1620,0.6008853814546375
0,1621,0.9608259035212094
0,1622,0.946162789721896
0,1623,0.847673186312552
0,1624,0.8303746462585077
0,1625,0.9503135688200616
0,1626,0.932746877243772
0,1627,0.8703094309419649
0,1628,0.8987912682774337
0,1629,0.8772579435553765
0,1630,0.8160721266163289
0,1631,0.970411386424283
0,1632,0.9343156696608931
0,1633,0.516543235006794
0,1634,0.8812489594370608
0,1635,0.9700893278997059
0,1636,0.9597245109500927
0,1637,0.869760886984298
0,1638,0.7012455854358912
0,1639,0.8324173038799536
0,1640,0.8119143686407176
0,1641,0.46951823702619633
0,1642,0.9192572310315802
0,1643,0.6654735354631534
0,1644,0.5637602452085001
0,1645,0.829090499176097
0,1646,0.9863406776131234
0,1647,0.9825421669635255
0,1648,0.4786112927907044
0,1649,0.7818382717385493
0,1650,0.9189564591113021
0,1651,0.8491989530795415
0,1652,0.9882552667596167
0,1653,0.9427143409773017
0,1654,0.5473352229896634
0,1655,0.928099603574099
0,1656,0.914548310937603
0,1657,0.3892047168328387
0,1658,0.6018150266094131
0,1659,0.7225258771518385
0,1660,0.6944215072450365
0,1661,0.9246460397720385
0,1662,0.9177947277166483
0,1663,0.7286373635857412
0,1664,0.7592040066326857
0,1665,0.8505672647859253
0,1666,0.7990529404571522
0,1667,0.8540109572126897
0,1668,0.9047909004110941
0,1669,0.9707693168001202
0,1670,0.6119576050352586
0,1671,0.9036756755431259
0,1672,0.937247556962299
0,1673,0.8053878644269332
0,1674,0.8612285498146807
0,1675,0.9211022124362426
0,1676,0.8199903119175684
0,1677,0.8829091070730325
0,1678,0.8789136516381713
0,1679,0.7914281529049623
0,1680,0.8739775999931899
0,1681,0.8578429386838747
0,1682,0.9542738398981655
0,1683,0.805887542514524
0,1684,0.8285242833963571
0,1685,0.733101953940389
0,1686,0.6200172119805311
0,1687,0.7866637178563628
0,1688,0.699025489041319
0,1689,0.5357412799376641
0,1690,0.990414003829365
0,1691,0.9972450079064342
0,1692,0.9472737303015474
0,1693,0.7004866738226809
0,1694,0.8572650905802776
0,1695,0.7099408836786697
0,1696,0.6117500083030964
0,1697,0.8257973988948483
0,1698,0.7810995894109647
0,1699,0.6093648631375048
0,1700,0.5793043575254138
0,1701,0.883274733596585
0,1702,0.9766705883038693
0,1703,0.5592401746143323
0,1704,0.9038653457790723
0,1705,0.8454504046212686
0,1706,0.8524570774806084
0,1707,0.7627878817645912
0,1708,0.5999413258931748
0,1709,0.7486867849058734
0,1710,0.7004682206336693
0,1711,0.8575124953024585
0,1712,0.7804676451241213
0,1713,0.5943391824116264
0,1714,0.5188198575374584
0,1715,0.7304718982220137
0,1716,0.5900112250593298
0,1717,0.6811886212555931
0,1718,0.8223894874129536
0,1719,0.8902298421305613
0,1720,0.15282195774669954
0,1721,0.5476630946563448
0,1722,0.5398572936590939
0,1723,0.6474331125862924
0,1724,0.9327067894350418
0,1725,0.9303242278978607
0,1726,0.8241981520052503
0,1727,0.9260542885203026
0,1728,0.9084669176590265
0,1729,0.8853067788117293
0,1730,0.747891426552181
0,1731,0.6826456020824896
0,1732,0.8517060708595812
0,1733,0.7943440014534358
0,1734,0.9153037199726288
0,1735,0.7373410508379458
0,1736,0.7167502813735047
0,1737,0.9358005947423466
0,1738,0.6897243136246382
0,1739,0.9502478056620842
0,1740,0.9223944888343435
0,1741,0.7754956394661081
0,1742,0.5879410818169443
0,1743,0.8034084192556693
0,1744,0.4221999833398509
0,1745,0.7411479023450278
0,1746,0.9642883481043026
0,1747,0.9773797227388707
0,1748,0.7971663481291014
0,1749,0.9026237120230961
0,1750,0.9805373388124814
0,1751,0.9541935960660713
0,1752,0.8720047385938468
0,1753,0.9542144690910498
0,1754,0.8760464053132391
0,1755,0.5908384953436031
0,1756,0.7976187120540613
0,1757,0.9479431007977587
0,1758,0.8854035642029899
0,1759,0.8178034376586044
0,1760,0.9355966006940328
0,1761,0.8336607951484668
0,1762,0.7079591379193718
0,1763,0.5686990086850294
0,1764,0.8076305564317535
0,1765,0.7976619204795747
0,1766,0.7316405512283733
0,1767,0.7408112797039962
0,1768,0.9251327283318422
0,1769,0.7553954731044357
0,1770,0.7038500682149139
0,1771,0.7732498078736504
0,1772,0.6455117539268128
0,1773,0.7396328490359275
0,1774,0.947890018404463
0,1775,0.8651250110550325
0,1776,0.9465159793108943
0,1777,0.8716567870498566
0,1778,0.8774569054027058
0,1779,0.9608236204256811
0,1780,0.9851083137666301
0,1781,0.9495124462637857
0,1782,0.9761117730335197
0,1783,0.4805291302899506
0,1784,0.9485359262423608
0,1785,0.28213118057776626
0,1786,0.3127383563456912
0,1787,0.8797108722540471
0,1788,0.8926335512905623
0,1789,0.809958682782388
0,1790,0.8842522481019807
0,1791,0.9546861935834469
0,1792,0.9824980329773837
0,1793,0.9528168167043113
0,1794,0.7232370376183987
0,1795,0.7700195890647622
0,1796,0.8447381986444206
0,1797,0.9445675419421085
0,1798,0.7198862246795165
0,1799,0.7875281859191549
0,1800,0.9639723386629864
0,1801,0.9249464852287301
0,1802,0.9461342743494047
0,1803,0.7970946493178623
0,1804,0.8029984225577061
0,1805,0.7509615144625031
0,1806,0.5787010155306498
0,1807,0.9090394300130646
0,1808,0.5725089621980155
0,1809,0.87800483586176
0,1810,0.7192407338326908
0,1811,0.6910832061891363
0,1812,0.7424854059223484
0,1813,0.9545974371761624
0,1814,0.9088925179598517
0,1815,0.9285245999719527
0,1816,0.9463049156635481
0,1817,0.9099312564107037
0,1818,0.938592031645429
0,1819,0.9695238548508288
0,1820,0.9341492694447004
0,1821,0.8303250971538109
0,1822,0.9260356885643565
0,1823,0.9195136618372675
0,1824,0.8081410999109607
0,1825,0.8536373185930336
0,1826,0.9067743177228037
0,1827,0.8911307885797916
0,1828,0.5850138210988307
0,1829,0.47312983322340196
0,1830,0.7741455572680149
0,1831,0.8598590926500748
0,1832,0.6512365214067957
0,1833,0.7801637600284546
0,1834,0.5425465429451992
0,1835,0.6008384134536331
0,1836,0.47553116986294663
0,1837,0.596113959966896
0,1838,0.8710226457031018
0,1839,0.8857204936003157
0,1840,0.9288330228789833
0,1841,0.9145670840595773
0,1842,0.9399486783735256
0,1843,0.9302764663559085
0,1844,0.7786249336417175
0,1845,0.9396106210017818
0,1846,0.4795655679907144
0,1847,0.7255011958857779
0,1848,0.9327528942884621
0,1849,0.8599624808260853
0,1850,0.7006335108641158
0,1851,0.9063447132125789
0,1852,0.2134229635045341
0,1853,0.9897719911886615
0,1854,0.8632290537361871
0,1855,0.6643503969740253
0,1856,0.9242914768278861
0,1857,0.7251907942525468
0,1858,0.8898754338953904
0,1859,0.9093087531210944
0,1860,0.5734595390613257
0,1861,0.901160604039708
0,1862,0.7179645865810841
0,1863,0.6226513568037542
0,1864,0.7599177688462642
0,1865,0.8847126450559654
0,1866,0.9240477356046762
0,1867,0.5891605503808149
0,1868,0.9502991949116514
0,1869,0.5316809910920961
0,1870,0.5453725323929056
0,1871,0.6116875817319797
0,1872,0.8385541774623234
0,1873,0.7972184930502358
0,1874,0.8422573397994064
0,1875,0.7673770277262377
0,1876,0.8712473479920514
0,1877,0.9313035428472851
0,1878,0.8669793077573383
0,1879,0.8272698008759657
0,1880,0.6650059593522816
0,1881,0.714783382748129
0,1882,0.7446983490007425
0,1883,0.8604082434618117
0,1884,0.8257602513561699
0,1885,0.9152567916668171
0,1886,0.9337711958642773
0,1887,0.8408816184125255
0,1888,0.4348633046857912
0,1889,0.7106261185983263
0,1890,0.41929125508022136
0,1891,0.6896408840199948
0,1892,0.9704569851700244
0,1893,0.7733063544147412
0,1894,0.6031554443396268
0,1895,0.5079059196546134
0,1896,0.907454031683008
0,1897,0.7936952414920165
0,1898,0.5757200768527515
0,1899,0.13491357455543526
0,1900,0.4830602607690005
0,1901,0.4575448254947784
0,1902,0.4665028606170921
0,1903,0.2994689174150682
0,1904,0.49681339101226174
0,1905,0.8153000727736112
0,1906,0.8439578701414114
0,1907,0.5583401922394907
0,1908,0.5852423152574867
0,1909,0.9540675827951914
0,1910,0.9846318101224245
0,1911,0.9311040090034661
0,1912,0.9303562188974553
0,1913,0.808871224704276
0,1914,0.9414054805641475
0,1915,0.8604743797241089
0,1916,0.8490873606987174
0,1917,0.8665175812838098
0,1918,0.9021456379647654
0,1919,0.9050042659167498
0,1920,0.8344090912282035
0,1921,0.6730494974488989
0,1922,0.7028599929483818
0,1923,0.8105483522789063
0,1924,0.7890868812396119
0,1925,0.7883703376998051
0,1926,0.7980287277194532
0,1927,0.9785417474181256
0,1928,0.8157811116474385
0,1929,0.9181671877189823
0,1930,0.8208029502849332
0,1931,0.7747279510720994
0,1932,0.5586519410805295
0,1933,0.8762124708179652
0,1934,0.9430388896945507
0,1935,0.797984517252477
0,1936,0.9706024288455896
0,1937,0.9505867977915468
0,1938,0.7794819030815843
0,1939,0.9189998567042482
0,1940,0.7479818122417221
0,1941,0.9253586336442884
0,1942,0.7833868908885463
0,1943,0.5706107505503543
0,1944,0.9626597233690652
0,1945,0.9823156901986022
0,1946,0.7338883059297152
0,1947,0.8899116094952655
0,1948,0.6954475324788971
0,1949,0.48806691497514565
0,1950,0.9693799769401725
0,1951,0.8963345899353593
0,1952,0.7299173280148402
0,1953,0.5187205960972959
0,1954,0.7091761593033098
0,1955,0.8069049555952569
0,1956,0.9098530736158672
0,1957,0.8378624254921722
0,1958,0.8550814579512407
0,1959,0.8493203402843806
0,1960,0.8424629065047775
0,1961,0.4728726853662089
0,1962,0.7100809655353738
0,1963,0.7223549882202285
0,1964,0.8923298120294095
0,1965,0.9086764643436909
0,1966,0.7474407661120752
0,1967,0.9138479815540889
0,1968,0.8952508768811026
0,1969,0.9688270158122184
0,1970,0.727753076025598
0,1971,0.7874270211820789
0,1972,0.7101502923354889
0,1973,0.5451569575474253
0,1974,0.7974061844011049
0,1975,0.6702767670933107
0,1976,0.8561410438936172
0,1977,0.9372394207375772
0,1978,0.8395941068619491
0,1979,0.7524808824145395
0,1980,0.7800534067614961
0,1981,0.746824035541156
0,1982,0.7717934986001699
0,1983,0.5870971765619514
0,1984,0.8842876124802317
0,1985,0.9651656754615001
0,1986,0.7726465523062344
0,1987,0.9540395202941799
0,1988,0.8095248160274241
0,1989,0.5204024488371495
0,1990,0.9480193031746509
0,1991,0.9383605558512235
0,1992,0.49981620545652966
0,1993,0.79619211049638
0,1994,0.9654338846062772
0,1995,0.790512792503373
0,1996,0.8925698677309504
0,1997,0.8544941769063934
0,1998,0.6140466799164952
0,1999,0.6435469204352494
0,2000,0.6572632004905337
0,2001,0.7123391534692772
0,2002,0.6985357273757328
0,2003,0.7640362360640128
0,2004,0.6649689312454231
0,2005,0.9801971783224647
0,2006,0.9329816506697768
0,2007,0.48769523998904163
0,2008,0.6985028462685422
0,2009,0.7572714878480827
0,2010,0.7246177395278574
0,2011,0.8515586988396366
0,2012,0.9362162444880548
0,2013,0.7567303625042124
0,2014,0.8365269856430625
0,2015,0.7438879053697298
0,2016,0.9009041913369247
0,2017,0.6682417963020509
0,2018,0.8178806945179662
0,2019,0.7499353839875728
0,2020,0.7753512667241643
0,2021,0.8227013299269614
0,2022,0.9300494158791698
0,2023,0.8652649109724952
0,2024,0.9331393946141789
0,2025,0.7336046001421139
0,2026,0.9148030617498395
0,2027,0.7602187483598845
0,2028,0.9452932080449838
0,2029,0.9523151505393932
0,2030,0.8668282366599626
0,2031,0.9142341710834583
0,2032,0.6721736739602203
0,2033,0.29777399733708537
0,2034,0.6485709787331079
0,2035,0.6577409904096878
0,2036,0.9032988312841028
0,2037,0.8878544842622176
0,2038,0.7784549106819495
0,2039,0.45940702656429716
0,2040,0.5747638109807219
0,2041,0.7688199906866722
0,2042,0.8483105650393455
0,2043,0.5099831658513586
0,2044,0.557753839093444
0,2045,0.7834360283596563
0,2046,0.81768775847966
0,2047,0.7470403328742586
0,2048,0.8364231749361569
0,2049,0.9806905343974736
0,2050,0.8857633617589193
0,2051,0.8326369246509919
0,2052,0.6933741810557351
0,2053,0.9313130075374548
0,2054,0.9005775640834569
0,2055,0.7883458688486711
0,2056,0.6830826806175757
0,2057,0.7059566356315514
0,2058,0.8491955253306125
0,2059,0.8464082725076956
0,2060,0.798163235674792
0,2061,0.9232838460095942
0,2062,0.8391686122210789
0,2063,0.7113866466136531
0,2064,0.6039345558223095
0,2065,0.33407685492841305
0,2066,0.6703889425876988
0,2067,0.8385075878803013
0,2068,0.8401954333084114
0,2069,0.710249473509019
0,2070,0.6784949341937417
0,2071,0.7294749334015931
0,2072,0.8257996341055651
0,2073,0.8566416642387416
0,2074,0.5421336673900122
0,2075,0.5502600525430326
0,2076,0.5073941505652869
0,2077,0.9107889100897281
0,2078,0.6957111951369196
0,2079,0.63515911490512
0,2080,0.8984491026395753
0,2081,0.8410801849030821
0,2082,0.8247168754060077
0,2083,0.7697861876000474
0,2084,0.893350653736322
0,2085,0.8982953842437507
0,2086,0.7947630018850907
0,2087,0.7617423404523024
0,2088,0.8423586375791441
0,2089,0.8786695202231023
0,2090,0.8741076477118603
0,2091,0.9420626898617025
0,2092,0.8595968335269291
0,2093,0.8254826837529464
0,2094,0.750232160154959
0,2095,0.6279152098309828
0,2096,0.7365036613454641
0,2097,0.7495148729891029
0,2098,0.826043831490683
0,2099,0.8162293989838271
0,2100,0.8094090724831211
0,2101,0.8892746974917228
0,2102,0.8965058467838329
0,2103,0.8048817008971172
0,2104,0.8219735872557001
0,2105,0.9313266379688852
0,2106,0.8988930718501725
0,2107,0.7646059865724881
0,2108,0.75207237833699
0,2109,0.8985131516285008
0,2110,0.8561322392452173
0,2111,0.8125626776310159
0,2112,0.8186992214512208
0,2113,0.4903527905795268
0,2114,0.15422376126523513
0,2115,0.8013629955780069
0,2116,0.8303650916412848
0,2117,0.11144527354412034
0,2118,0.8283322685065355
0,2119,0.9451809292543208
0,2120,0.9574031028512814
0,2121,0.7556061701016479
0,2122,0.857323709041558
0,2123,0.9506025754379971
0,2124,0.7898786707813718
0,2125,0.7006376146473724
0,2126,0.8524400814955385
0,2127,0.7816981718021268
0,2128,0.7381518665193859
0,2129,0.7994468207553878
0,2130,0.655156774638315
0,2131,0.5287116711398385
0,2132,0.4514132829012083
0,2133,0.9260681027344475
0,2134,0.915283540580788
0,2135,0.8874793271875633
0,2136,0.8995085464690007
0,2137,0.7669718354629572
0,2138,0.6917634064553231
0,2139,0.444033368166884
0,2140,0.6073921466876115
0,2141,0.900398918295361
0,2142,0.8230064599943291
0,2143,0.6477406392859589
0,2144,0.7986860610617239
0,2145,0.7505090431550927
0,2146,0.9470961806955718
0,2147,0.9625100845051086
0,2148,0.5754196756478938
0,2149,0.9407372221842841
0,2150,0.8571055538917794
0,2151,0.9128699212562422
0,2152,0.6598523649569675
0,2153,0.9210003611865016
0,2154,0.7119412542348829
0,2155,0.7146681366364046
0,2156,0.9040632775390706
0,2157,0.8667944836301396
0,2158,0.8223920434921635
0,2159,0.8460219972800007
0,2160,0.8740337352304862
0,2161,0.9875751523809666
0,2162,0.7509662253005303
0,2163,0.7452645432566014
0,2164,0.8799347545142086
0,2165,0.4865357544837603
0,2166,0.5383195961756545
0,2167,0.656753630652196
0,2168,0.5739603664636318
0,2169,0.727951185989783
0,2170,0.8235210620198844
0,2171,0.7649623254497788
0,2172,0.7914954180392764
0,2173,0.7582955256456405
0,2174,0.6806095561852452
0,2175,0.7286234746351139
0,2176,0.5275232764508884
0,2177,0.3747797005719438
0,2178,0.4269320947790962
0,2179,0.9110349110487898
0,2180,0.8823992315990762
0,2181,0.8799607762414136
0,2182,0.9152969311664944
0,2183,0.624572567283198
0,2184,0.7493882083567215
0,2185,0.7199280594308534
0,2186,0.9016498759771162
0,2187,0.8540549924520084
0,2188,0.9459916915342783
0,2189,0.9794001463179253
0,2190,0.8762767201735426
0,2191,0.9179464683747718
0,2192,0.7406103264126263
0,2193,0.751348215508778
0,2194,0.8478357724554209
0,2195,0.8726274397505357
0,2196,0.744757573669278
0,2197,0.6498171433198328
0,2198,0.6895757434008654
0,2199,0.7761136233348584
0,2200,0.9849117809560618
0,2201,0.9789282563953214
0,2202,0.6313435003890647
0,2203,0.33556232141394526
0,2204,0.5264164415693393
0,2205,0.664173390320024
0,2206,0.8096552674575098
0,2207,0.7813695410945938
0,2208,0.4982006036346296
0,2209,0.6927694400281202
0,2210,0.982903873665503
0,2211,0.9733554124731109
0,2212,0.9048982915202394
0,2213,0.9911247624515825
0,2214,0.989966658403526
0,2215,0.880918726212015
0,2216,0.9883935188121007
0,2217,0.9472504800602438
0,2218,0.9541534603023357
0,2219,0.9722034851733115
0,2220,0.9840288873661
0,2221,0.9480019303923033
0,2222,0.9462538376292632
0,2223,0.9562647126661954
0,2224,0.7459652254534959
0,2225,0.7454718627597854
0,2226,0.7525058104360588
0,2227,0.8743537025828859
0,2228,0.9506844472467524
0,2229,0.9298246889782669
0,2230,0.4244145100537531
0,2231,0.8735413157399025
0,2232,0.844354535093061
0,2233,0.754261434421934
0,2234,0.7056825303730551
0,2235,0.6116777269401061
0,2236,0.9407000192890835
0,2237,0.8619536576270007
0,2238,0.8985957808352516
0,2239,0.9078794608748609
0,2240,0.8223416130836214
0,2241,0.48958501975316654
0,2242,0.456627691022152
0,2243,0.887850112240889
0,2244,0.9150722315450096
0,2245,0.6119288132702202
0,2246,0.8921927360500589
0,2247,0.7993606637001832
0,2248,0.8385238060337592
0,2249,0.5632892975241087
0,2250,0.7159341319107753
0,2251,0.637044815208455
0,2252,0.6043381387008807
0,2253,0.7615161454046051
0,2254,0.8314480506171898
0,2255,0.74200223514513
0,2256,0.8391220987855366
0,2257,0.7910363125687916
0,2258,0.744656896444985
0,2259,0.7333800544299885
0,2260,0.6998940806915926
0,2261,0.5311795930726101
0,2262,0.7667975971145689
0,2263,0.8640219806921442
0,2264,0.9251532788175212
0,2265,0.914403119861238
0,2266,0.9482849204870764
0,2267,0.9733321952700121
0,2268,0.6635791435001612
0,2269,0.949840852050334
0,2270,0.8845042472004667
0,2271,0.9334977028732828
0,2272,0.9494955599781922
0,2273,0.9143328987682781
0,2274,0.8270837685273315
0,2275,0.8578533993469895
0,2276,0.5403101960505562
0,2277,0.8332966034793273
0,2278,0.9157623814217161
0,2279,0.8826032234827643
0,2280,0.8571094991866312
0,2281,0.9557432093176659
0,2282,0.7708241976527991
0,2283,0.9100855134310027
0,2284,0.7978298541005019
0,2285,0.989507418929061
0,2286,0.9885233053417749
0,2287,0.9500805187549605
0,2288,0.9689755083637104
0,2289,0.8895088447359326
0,2290,0.6470777406863053
0,2291,0.7386121799563995
0,2292,0.5704563241582817
0,2293,0.6454479930224711
0,2294,0.40480623536139765
0,2295,0.7737278005731272
0,2296,0.9094864669112508
0,2297,0.92710116796478
0,2298,0.9865096260122157
0,2299,0.9923440575350724
0,2300,0.9483751677248068
0,2301,0.8117363129401943
0,2302,0.9310142912199805
0,2303,0.8344050157688074
0,2304,0.9628607914706385
0,2305,0.913386004617733
0,2306,0.9354058230610661
0,2307,0.718396906900131
0,2308,0.6096298203313876
0,2309,0.9290167932629024
0,2310,0.8382219230765469
0,2311,0.8411996755322918
0,2312,0.9632109528519218
0,2313,0.897723337803011
0,2314,0.9393268758746358
0,2315,0.9194978875349379
0,2316,0.9550586544440633
0,2317,0.7014107517763378
0,2318,0.8063618357773246
0,2319,0.7374207807313198
0,2320,0.8645579440858987
0,2321,0.8803553197442092
0,2322,0.4201915121839205
0,2323,0.9689676826445804
0,2324,0.8191265447087885
0,2325,0.9906381766746905
0,2326,0.9804841484955642
0,2327,0.9466032039531848
0,2328,0.8376114857180474
0,2329,0.7480979638820373
0,2330,0.7190959181917971
0,2331,0.4727943118020521
0,2332,0.6239936252579869
0,2333,0.5485982229824032
0,2334,0.668404352026979
0,2335,0.9326827213336826
0,2336,0.7811195762647993
0,2337,0.8236057876227955
0,2338,0.8619974882487703
0,2339,0.7166996464327134
0,2340,0.8531269865143014
0,2341,0.6070894706129355
0,2342,0.9409030091554004
0,2343,0.6478122862361535
0,2344,0.4536441737151507
0,2345,0.94557431990506
0,2346,0.5394236344586096
0,2347,0.9845421908053926
0,2348,0.7009583492987356
0,2349,0.9753490046839141
0,2350,0.8852712064870976
0,2351,0.9694692659832248
0,2352,0.9480243507268182
0,2353,0.4812891018737751
0,2354,0.4758439176416676
0,2355,0.9512110783155403
0,2356,0.5403152453120327
0,2357,0.35790522117494195
0,2358,0.8091073916278579
0,2359,0.9525184685179088
0,2360,0.9448442427427306
0,2361,0.8814314054968698
0,2362,0.9181535945595916
0,2363,0.9571614189374623
0,2364,0.7507625346498632
0,2365,0.6404204686473677
0,2366,0.8834377485180013
0,2367,0.8726540181674335
0,2368,0.9084999085221321
0,2369,0.9493968702604572
0,2370,0.7425654835260953
0,2371,0.6242252172732823
0,2372,0.5708674356576573
0,2373,0.697682706456768
0,2374,0.812240896237291
0,2375,0.7880334876891498
0,2376,0.8695799255560651
0,2377,0.892085097033252
0,2378,0.9008201201890135
0,2379,0.9385153806045261
0,2380,0.7999295757713938
0,2381,0.5874144835522757
0,2382,0.9023523781959432
0,2383,0.9194051589174782
0,2384,0.8066566285427798
0,2385,0.9249076046822382
0,2386,0.9421746181460633
0,2387,0.9805093815635763
0,2388,0.7344809338719135
0,2389,0.7699597732363863
0,2390,0.830374268698051
0,2391,0.9183961347992163
0,2392,0.9378646365988669
0,2393,0.9698463003182585
0,2394,0.8858961428443103
0,2395,0.7916423790818794
0,2396,0.8231200491475532
0,2397,0.9454597729285464
0,2398,0.6362819835242157
0,2399,0.9579200336517578
0,2400,0.9486864676299795
0,2401,0.7132920301494258
0,2402,0.7129112933951586
0,2403,0.9421502063936725
0,2404,0.7947683697310686
0,2405,0.7052585149319515
0,2406,0.6693091498628877
0,2407,0.9102473567851314
0,2408,0.9536539170953493
0,2409,0.675877188020005
0,2410,0.9589439263428066
0,2411,0.8369172342354718
0,2412,0.8979481101901313
0,2413,0.7472282056519904
0,2414,0.7510809410865438
0,2415,0.7790597717561341
0,2416,0.9570324098045564
0,2417,0.8200789844236542
0,2418,0.7939877074793121
0,2419,0.9319434101045317
0,2420,0.970308594296404
0,2421,0.8371989525060853
0,2422,0.8923298802682424
0,2423,0.5741990318739377
0,2424,0.4418166347486504
0,2425,0.9283188950561856
0,2426,0.7603405629465906
0,2427,0.6899333767633559
0,2428,0.7094110579309251
0,2429,0.6804723923186486
0,2430,0.9010707999771979
0,2431,0.6254078047981219
0,2432,0.9822872275421218
0,2433,0.9906579614206341
0,2434,0.9899722357593312
0,2435,0.9931470930266727
0,2436,0.9907692178085347
0,2437,0.8926896647518127
0,2438,0.9361569924141737
0,2439,0.9010318949986955
0,2440,0.9698588600685423
0,2441,0.9480686045768895
0,2442,0.88216651534689
0,2443,0.9502837383166788
0,2444,0.9271899882647446
0,2445,0.9574570366650972
0,2446,0.8720096228670006
0,2447,0.5557168554380915
0,2448,0.5574723581674221
0,2449,0.452839464642818
0,2450,0.7392856976756169
0,2451,0.6125889252593807
0,2452,0.6931718299243154
0,2453,0.890043595483812
0,2454,0.8807060041352248
0,2455,0.7528147622710925
0,2456,0.7999726527351972
0,2457,0.9530468706838328
0,2458,0.7048514240136374
0,2459,0.7660975981574581
0,2460,0.8808657300618707
0,2461,0.9681456888172323
0,2462,0.5752033840568253
0,2463,0.8294825961577974
0,2464,0.857192406737184
0,2465,0.9154002093470605
0,2466,0.9265806857176648
0,2467,0.5495888480157338
0,2468,0.33772019462490144
0,2469,0.6510257988396606
0,2470,0.589874172115441
0,2471,0.8746694250846451
0,2472,0.892466286455739
0,2473,0.8635795032265997
0,2474,0.7450489946201757
0,2475,0.8375536949059301
0,2476,0.8562311565471936
0,2477,0.957420434002071
0,2478,0.8519340195092141
0,2479,0.6991840237991781
0,2480,0.9150394620659567
0,2481,0.7333715675462229
0,2482,0.8971872415824197
0,2483,0.8577928621472346
0,2484,0.8506959000854681
0,2485,0.8620414384908954
0,2486,0.9640616242919999
0,2487,0.8671450504887883
0,2488,0.8866327915695507
0,2489,0.8784217869973248
0,2490,0.8831327705404503
0,2491,0.945836471290538
0,2492,0.7765724166012324
0,2493,0.7147773578413752
0,2494,0.8704496203058578
0,2495,0.840001253040758
0,2496,0.8987580541535872
0,2497,0.7619760249099756
0,2498,0.9833722505121886
0,2499,0.4958597145474947
0,2500,0.9070082382805935
0,2501,0.41573753270221886
0,2502,0.5446833163471958
0,2503,0.8820990403047961
0,2504,0.5401567947248818
0,2505,0.9556016412936157
0,2506,0.9886765614560002
0,2507,0.9851173756274343
0,2508,0.9630571314404073
0,2509,0.9601747321863812
0,2510,0.9538517585543037
0,2511,0.9248719479747788
0,2512,0.9784948105182483
0,2513,0.9197261659658986
0,2514,0.9439232297533815
0,2515,0.5855501211399633
0,2516,0.9798557886370942
0,2517,0.9850082572026986
0,2518,0.7957323185626696
0,2519,0.9023897783055163
0,2520,0.9183833548607583
0,2521,0.8888890839003584
0,2522,0.8926211163976969
0,2523,0.8439064281070139
0,2524,0.8782671791082843
0,2525,0.7476708726843141
0,2526,0.7060068137317722
0,2527,0.6961087117944248
0,2528,0.5767623884881556
0,2529,0.8415063715352901
0,2530,0.7683453388794083
0,2531,0.5695234879810476
0,2532,0.9362776442723645
0,2533,0.8870249354395854
0,2534,0.9145754674591972
0,2535,0.9035506956990218
0,2536,0.9627237425401529
0,2537,0.8546164261849782
0,2538,0.8030305125541397
0,2539,0.7169578545330948
0,2540,0.8271492534145903
0,2541,0.7463578189377568
0,2542,0.8065407187265979
0,2543,0.6630293687381837
0,2544,0.45082666738711563
0,2545,0.6087987938930871
0,2546,0.9521847340592691
0,2547,0.749812213350366
0,2548,0.9727975456777207
0,2549,0.9241702756333001
0,2550,0.6374357363823041
0,2551,0.501982989713938
0,2552,0.38697800495637297
0,2553,0.7365103305220789
0,2554,0.8264501515203645
0,2555,0.9189212645675171
0,2556,0.9035170719483011
0,2557,0.6657582337955271
0,2558,0.9275270151992655
0,2559,0.8997032094341761
0,2560,0.850813251874067
0,2561,0.8129760053026311
0,2562,0.8678850331215746
0,2563,0.548433242444844
0,2564,0.9762596729479692
0,2565,0.9140739332899345
0,2566,0.9086783929475493
0,2567,0.8862070856241222
0,2568,0.8260957068502939
0,2569,0.7516011560570782
0,2570,0.8526655237845239
0,2571,0.8950240972808752
0,2572,0.8796412274760307
0,2573,0.7610687380411657
0,2574,0.5308278843010806
0,2575,0.9366977045186174
0,2576,0.8672240864365804
0,2577,0.8701120058599903
0,2578,0.7183592049001577
0,2579,0.8295789540371876
0,2580,0.6792127309423573
0,2581,0.4222516429002677
0,2582,0.9135436541715631
0,2583,0.7932364424891617
0,2584,0.8751040989973142
0,2585,0.7338476293145119
0,2586,0.7714546604452525
0,2587,0.8869286376038433
0,2588,0.7148426607426747
0,2589,0.540240211915287
0,2590,0.7463906157786098
0,2591,0.6175843695251765
0,2592,0.49477830737694206
0,2593,0.8659789684229778
0,2594,0.8780946953062408
0,2595,0.9006855078836735
0,2596,0.9457265074258772
0,2597,0.9771752094722548
0,2598,0.9878428312713222
0,2599,0.984568508982784
0,2600,0.9573035829251556
0,2601,0.931643910770179
0,2602,0.8644620969174596
0,2603,0.8780012293971632
0,2604,0.9411620621723493
0,2605,0.9488727729942975
0,2606,0.8345457379610691
0,2607,0.7020537067846592
0,2608,0.8967330931197137
0,2609,0.8930643363291039
0,2610,0.9425211832329595
0,2611,0.9530682023366335
0,2612,0.864027486860309
0,2613,0.8237300530504309
0,2614,0.7756481055588279
0,2615,0.5788897694134234
0,2616,0.7432255933102275
0,2617,0.8677187751770038
0,2618,0.9524568143427279
0,2619,0.8928438582454247
0,2620,0.3288473189817075
0,2621,0.5844732035838179
0,2622,0.5662140898786765
0,2623,0.9789627550094728
0,2624,0.884567956834873
0,2625,0.9299509352138301
0,2626,0.7150739149168244
0,2627,0.9011437561474466
0,2628,0.8635378806013542
0,2629,0.7107378074983473
0,2630,0.6561078715705825
0,2631,0.8914806242489111
0,2632,0.7622001519720322
0,2633,0.49968933450088027
0,2634,0.2551388507757624
0,2635,0.9860723541856038
0,2636,0.9835580496614698
0,2637,0.9802098088187303
0,2638,0.9367117431506916
0,2639,0.913084336450762
0,2640,0.8699261761469937
0,2641,0.902259031557925
0,2642,0.4455112734339782
0,2643,0.5418751645609772
0,2644,0.9148365589458507
0,2645,0.5145236080074977
0,2646,0.908982690268002
0,2647,0.8383758863781378
0,2648,0.9190466428300986
0,2649,0.7467316463993001
0,2650,0.8931452698322875
0,2651,0.8230853258138071
0,2652,0.9569376467855482
0,2653,0.8896905741958012
0,2654,0.8681198336540014
0,2655,0.727504009837391
0,2656,0.7546349196596338
0,2657,0.8991372608569509
0,2658,0.9031561540838018
0,2659,0.6893131560439699
0,2660,0.7734363492486361
0,2661,0.8611466617904248
0,2662,0.8966179502577372
0,2663,0.7997176016578634
0,2664,0.9373602872992076
0,2665,0.5832352943129447
0,2666,0.8290756252892084
0,2667,0.8669290187934691
0,2668,0.8922970365182626
0,2669,0.8700388947858705
0,2670,0.7537357304816493
0,2671,0.9489618849987447
0,2672,0.9816261685362316
0,2673,0.40374096158782385
0,2674,0.9377131620777334
0,2675,0.8277439987582258
0,2676,0.8808077711101467
0,2677,0.5143814740278646
0,2678,0.8252081058891575
0,2679,0.7952466345854788
0,2680,0.9664342068096579
0,2681,0.8596165085069113
0,2682,0.8093554662864331
0,2683,0.7986107906555379
0,2684,0.9413843997259755
0,2685,0.7998948024550729
0,2686,0.8531617339121567
0,2687,0.9058427878010037
0,2688,0.9704039252093913
0,2689,0.4971584752019424
0,2690,0.46153443346150863
0,2691,0.6071355013516775
0,2692,0.7562986019257751
0,2693,0.3157038824386211
0,2694,0.5550595535160417
0,2695,0.7731167407390092
0,2696,0.8514672106170565
0,2697,0.919712744876826
0,2698,0.8400578878270385
0,2699,0.6545749568262249
0,2700,0.8906503411031055
0,2701,0.9058166904462592
0,2702,0.8506773759849167
0,2703,0.8902226712286173
0,2704,0.9037565549716169
0,2705,0.9422988401843706
0,2706,0.967857225976375
0,2707,0.9811611056345101
0,2708,0.8831775226205486
0,2709,0.8583215662745727
0,2710,0.7780031789068177
0,2711,0.9194262478063219
0,2712,0.885635880130786
0,2713,0.9177212116024103
0,2714,0.932990164575469
0,2715,0.9795935909000568
0,2716,0.9574810880093118
0,2717,0.7164813239194805
0,2718,0.8044413898665048
0,2719,0.9157561636130284
0,2720,0.6827858084536467
0,2721,0.7303781882412446
0,2722,0.602337491820597
0,2723,0.7583914966076905
0,2724,0.7396009216284471
0,2725,0.6373369105184153
0,2726,0.7333791268367443
0,2727,0.8711275809662554
0,2728,0.7187682879031096
0,2729,0.7403506656708432
0,2730,0.9405695320445192
0,2731,0.9617988884562719
0,2732,0.5259789175891735
0,2733,0.865959431013196
0,2734,0.9435420792978878
0,2735,0.8693441223553006
0,2736,0.7427026685513154
0,2737,0.8362245682323266
0,2738,0.8537209481295551
0,2739,0.8046161435828584
0,2740,0.964717070048298
0,2741,0.8108839885053825
0,2742,0.8648195074142955
0,2743,0.5771976544327007
0,2744,0.632294439352308
0,2745,0.6571407542146535
0,2746,0.6739278452097782
0,2747,0.600278156731864
0,2748,0.6037788896908592
0,2749,0.8882837718188739
0,2750,0.21723079145379212
0,2751,0.08592336176987561
0,2752,0.6371803150683559
0,2753,0.8335964785526939
0,2754,0.9239107907320195
0,2755,0.9435238469898991
0,2756,0.9150020967538749
0,2757,0.7235001049243526
0,2758,0.5419217764118879
0,2759,0.7288362908113984
0,2760,0.6202659346947454
0,2761,0.25072860834409283
0,2762,0.5160958823224451
0,2763,0.8362439406492767
0,2764,0.7802381479528906
0,2765,0.5196204633737259
0,2766,0.5483365121452609
0,2767,0.5684799439030895
0,2768,0.5885372280023445
0,2769,0.6882307643015416
0,2770,0.8493174896628438
0,2771,0.861247466334931
0,2772,0.8135809331158806
0,2773,0.6804132409150405
0,2774,0.7847264854946309
0,2775,0.5135839049643511
0,2776,0.3813630649300422
0,2777,0.5598825724673295
0,2778,0.5936381594400414
0,2779,0.4877550467346613
0,2780,0.4672857170227166
0,2781,0.9411837887321594
0,2782,0.9750188694084739
0,2783,0.9874565554233612
0,2784,0.9875673173877106
0,2785,0.9932756889777218
0,2786,0.9901690594597714
0,2787,0.9673536620599369
0,2788,0.9795025097549623
0,2789,0.994127002492881
0,2790,0.595069856364281
0,2791,0.9849635508445094
0,2792,0.9506048095562224
0,2793,0.7338357415365405
0,2794,0.45053445443855944
0,2795,0.7035580687384833
0,2796,0.9243295271671148
0,2797,0.927810301322088
0,2798,0.887493480962362
0,2799,0.8848245214820066
0,2800,0.9809384844844887
0,2801,0.8777123536724012
0,2802,0.8105797987274328
0,2803,0.7927961107967687
0,2804,0.9080616946292613
0,2805,0.6580506966713404
0,2806,0.7886494996311714
0,2807,0.7242160138851089
0,2808,0.7990285673257688
0,2809,0.807604734260868
0,2810,0.8902095198590975
0,2811,0.8652710287202048
0,2812,0.845661836643397
0,2813,0.857840037443793
0,2814,0.9061004728075679
0,2815,0.9940833649253572
0,2816,0.9795162048694915
0,2817,0.9820306120733082
0,2818,0.944583935162149
0,2819,0.7710422112287163
0,2820,0.739417000267673
0,2821,0.7987088299684876
0,2822,0.9227842861652424
0,2823,0.8122221281512674
0,2824,0.7719189660723816
0,2825,0.7640101835771725
0,2826,0.7205020665772426
0,2827,0.7066106726013214
0,2828,0.9739072468061972
0,2829,0.8287288998161628
0,2830,0.8231812015430625
0,2831,0.93651737765412
0,2832,0.9643388483918044
0,2833,0.4149764650191326
0,2834,0.8391886836668129
0,2835,0.9554924049751506
0,2836,0.8183273238510783
0,2837,0.9264000435253074
0,2838,0.8640419920209567
0,2839,0.8620965965970835
0,2840,0.8282166065583788
0,2841,0.9550601669695402
0,2842,0.9190402281381065
0,2843,0.9841400940746866
0,2844,0.681921499631738
0,2845,0.9478782164287712
0,2846,0.7161980474815298
0,2847,0.7710498202679538
0,2848,0.860519317740937
0,2849,0.9605237557705726
0,2850,0.8791229999433401
0,2851,0.9226523254099134
0,2852,0.7931455197273078
0,2853,0.8291432044738939
0,2854,0.6688586229680399
0,2855,0.8250647747571888
0,2856,0.5830884770086068
0,2857,0.693876092042598
0,2858,0.9191562564340735
0,2859,0.78648951059303
0,2860,0.5883982392451215
0,2861,0.27094435268315037
0,2862,0.3757735576283607
0,2863,0.3816981584239553
0,2864,0.7870258935140936
0,2865,0.9016092973015488
0,2866,0.5034685173776725
0,2867,0.542442551520539
0,2868,0.7195371754494826
0,2869,0.9568156349798498
0,2870,0.621264352925031
0,2871,0.6638612129537164
0,2872,0.9624699154633325
0,2873,0.8970401848248153
0,2874,0.7849272902656695
0,2875,0.7599639259916982
0,2876,0.6627269558088839
0,2877,0.9126481518195306
0,2878,0.8977894337521045
0,2879,0.8816388442279093
0,2880,0.7434867103877333
0,2881,0.39839448386679643
0,2882,0.8219884848777138
0,2883,0.8142061991246362
0,2884,0.26613734912622505
0,2885,0.831722201401019
0,2886,0.9581698045763699
0,2887,0.8808008804742586
0,2888,0.9557982335953669
0,2889,0.9198431658637513
0,2890,0.7193586966059772
0,2891,0.5897389123786345
0,2892,0.6548208584763288
0,2893,0.9412732606668165
0,2894,0.8581918191490981
0,2895,0.9804134184574924
0,2896,0.649482959166914
0,2897,0.7034413142187124
0,2898,0.8310929115046556
0,2899,0.834023635729156
0,2900,0.8831407597202225
0,2901,0.9395780214903355
0,2902,0.7554443091755937
0,2903,0.799984040448127
0,2904,0.7880406089711856
0,2905,0.6428878815270297
0,2906,0.8409303001105912
0,2907,0.8631320185895657
0,2908,0.9860131298521111
0,2909,0.9900645735860961
0,2910,0.8739258786964389
0,2911,0.5313784634036144
0,2912,0.6638744022750718
0,2913,0.8521485032821469
0,2914,0.8369168348962873
0,2915,0.721645922182771
0,2916,0.7811008344893297
0,2917,0.8601772191168978
0,2918,0.7947269843130736
0,2919,0.736630536521904
0,2920,0.9021923699995936
0,2921,0.9546740876529272
0,2922,0.5450912299324469
0,2923,0.8008507797743728
0,2924,0.7801281741231746
0,2925,0.7868450642975744
0,2926,0.9213133225863108
0,2927,0.6818602327020322
0,2928,0.9665997892257273
0,2929,0.7084697602604175
0,2930,0.8662398769554529
0,2931,0.9610953956217347
0,2932,0.9329338113921586
0,2933,0.8133737405508356
0,2934,0.9503356392444459
0,2935,0.87629487543817
0,2936,0.9680309950468714
0,2937,0.9811308762166724
0,2938,0.9915488201926488
0,2939,0.5958509423757468
0,2940,0.9310602857241685
0,2941,0.8675453592290553
0,2942,0.9241233176036304
0,2943,0.918801168812979
0,2944,0.834206345358198
0,2945,0.9665636814773156
0,2946,0.9761953626934039
0,2947,0.8179610200885393
0,2948,0.9058363825113764
0,2949,0.7710132620123348
0,2950,0.6911362442535224
0,2951,0.8418032913849651
0,2952,0.9032377371062502
0,2953,0.7689360926683262
0,2954,0.8567367642192263
0,2955,0.7366252198044475
0,2956,0.9121907480845689
0,2957,0.8318419995132355
0,2958,0.36412565940082453
0,2959,0.4367879397637091
0,2960,0.5288693671170739
0,2961,0.6404923840394963
0,2962,0.7318323398785532
0,2963,0.7198634850198196
0,2964,0.8486757227799122
0,2965,0.8561239429856442
0,2966,0.6969186604509833
0,2967,0.8356925608313271
0,2968,0.9495009010331343
0,2969,0.9671179354247744
0,2970,0.5945253371474231
0,2971,0.4206559984706706
0,2972,0.7679956064700613
0,2973,0.7329777951678003
0,2974,0.9493262983508592
0,2975,0.7748680964558257
0,2976,0.8800927836795492
0,2977,0.7171008630727026
0,2978,0.5405956002739535
0,2979,0.8016579059246165
0,2980,0.7782701027478384
0,2981,0.6037598612850947
0,2982,0.7561974324210369
0,2983,0.8845846762389499
0,2984,0.965876653585749
0,2985,0.9886770846178269
0,2986,0.9829028545836063
0,2987,0.9668064518427422
0,2988,0.8136190921873978
0,2989,0.975326146804287
0,2990,0.9613976124873885
0,2991,0.7151880023320587
0,2992,0.691688525102966
0,2993,0.6614145063099047
0,2994,0.6613211582163474
0,2995,0.9396044131772168
0,2996,0.8106181350646164
0,2997,0.8171089892739286
0,2998,0.8803734400088514
0,2999,0.8667964797914111
0,3000,0.945869105688531
0,3001,0.8495214018378636
0,3002,0.7955772732186465
0,3003,0.9664586412594958
0,3004,0.8822478067576931
0,3005,0.9374838947402642
0,3006,0.8138576712307308
0,3007,0.7079355749030489
0,3008,0.8422425985558109
0,3009,0.8151247149600226
0,3010,0.9394577947258035
0,3011,0.7973085331320237
0,3012,0.9131283332196772
0,3013,0.9060041218317186
0,3014,0.8928682485535299
0,3015,0.946247124143661
0,3016,0.8735076896035946
0,3017,0.8997086212363987
0,3018,0.9852932500761042
0,3019,0.9703398521196029
0,3020,0.9024551357604362
0,3021,0.7532812090410832
0,3022,0.9319983350406915
0,3023,0.7068846357339033
0,3024,0.8230642293632687
0,3025,0.9775306664401257
0,3026,0.9260765467835769
0,3027,0.9545262479202014
0,3028,0.935962339227128
0,3029,0.9538996796537412
0,3030,0.8467772386021846
0,3031,0.9659147087496244
0,3032,0.9257031926200543
0,3033,0.7532305975806269
0,3034,0.8270642728843303
0,3035,0.8520429439607323
0,3036,0.9385647246043735
0,3037,0.8988340574283913
0,3038,0.9557209130288291
0,3039,0.892345136939978
0,3040,0.9462851400984819
0,3041,0.8053591265800687
0,3042,0.8264470801773401
0,3043,0.8382034081880271
0,3044,0.82735641067589
0,3045,0.8014485997204736
0,3046,0.572616922486929
0,3047,0.7511777983717682
0,3048,0.47073971594668895
0,3049,0.7924947172186186
0,3050,0.7939655562870911
0,3051,0.8489113582592543
0,3052,0.9183798074364224
0,3053,0.9003789100542092
0,3054,0.692557884273898
0,3055,0.8575708629501594
0,3056,0.5819021707484697
0,3057,0.7145641102168204
0,3058,0.9134111404489348
0,3059,0.8309061248213321
0,3060,0.8638864787987136
0,3061,0.7101937346022542
0,3062,0.7388068019143531
0,3063,0.7393837575853857
0,3064,0.7932043571576219
0,3065,0.8568008998605176
0,3066,0.718305763346303
0,3067,0.9136909414378867
0,3068,0.8448482068954278
0,3069,0.8594354781577193
0,3070,0.8592351472524676
0,3071,0.905443292959617
0,3072,0.8854897573671373
0,3073,0.8130613289716656
0,3074,0.7151039555100206
0,3075,0.43203420413462834
0,3076,0.9536991168101789
0,3077,0.6355694725684767
0,3078,0.8511685529120625
0,3079,0.8415617075177003
0,3080,0.8115260521915519
0,3081,0.8963479261444155
0,3082,0.9679686009631903
0,3083,0.5566195609124192
0,3084,0.5395448681676959
0,3085,0.5559830839312772
0,3086,0.3306219555333341
0,3087,0.9111056553324568
0,3088,0.7971204906441448
0,3089,0.598449235107287
0,3090,0.7159173586152816
0,3091,0.9450498145943607
0,3092,0.5988204794919245
0,3093,0.95884189057213
0,3094,0.6491585396655195
0,3095,0.6466257824131652
0,3096,0.9098996467909487
0,3097,0.7792491875719811
0,3098,0.9179114549731999
0,3099,0.9909048411532955
0,3100,0.9695992067841946
0,3101,0.8384048425241613
0,3102,0.8475631582628018
0,3103,0.9659933100037316
0,3104,0.9193019317716571
0,3105,0.8699631969160748
0,3106,0.5603371383644854
0,3107,0.9453911646227112
0,3108,0.7010613959634222
0,3109,0.7688415466616905
0,3110,0.8560727093691958
0,3111,0.936235616302995
0,3112,0.8078596882664332
0,3113,0.8843641648863758
0,3114,0.643344498772394
0,3115,0.7272338543837742
0,3116,0.6403508114178231
0,3117,0.9598755932592283
0,3118,0.7994895531194672
0,3119,0.9243899779564573
0,3120,0.9142048573841701
0,3121,0.9459418948683754
0,3122,0.9782664332762031
0,3123,0.9792368737337588
0,3124,0.8244311270001495
0,3125,0.9543802855249226
0,3126,0.9736372368398869
0,3127,0.9554868981166155
0,3128,0.9619823666451895
0,3129,0.8033653831139933
0,3130,0.9495007686801448
0,3131,0.917964287051735
0,3132,0.8366870717595118
0,3133,0.7683741855098644
0,3134,0.7944917175769656
0,3135,0.6985713419036393
0,3136,0.5647964724488248
0,3137,0.9248050996119513
0,3138,0.9524245324332566
0,3139,0.9717547043689789
0,3140,0.8866737978083455
0,3141,0.8275882708159601
0,3142,0.41493552789245974
0,3143,0.6483254662763609
0,3144,0.9004046339330157
0,3145,0.9371548484282202
0,3146,0.6052940708783028
0,3147,0.9301765015181963
0,3148,0.731036209286425
0,3149,0.9283976141552053
0,3150,0.7451288627188094
0,3151,0.9261311940698936
0,3152,0.5298253932825538
0,3153,0.7627317897505362
0,3154,0.7633200051851575
0,3155,0.8909669809314589
0,3156,0.9131790978840278
0,3157,0.9242918151294057
0,3158,0.8567946024381412
0,3159,0.9189297408698055
0,3160,0.8589614252813313
0,3161,0.9757909198856792
0,3162,0.8721017612610112
0,3163,0.9003886128033494
0,3164,0.698518224670019
0,3165,0.9042950527937458
0,3166,0.9488845703123516
0,3167,0.9034573475393362
0,3168,0.9239545996330915
0,3169,0.9268651425774317
0,3170,0.7940473791826144
0,3171,0.8608925622149107
0,3172,0.951273068885114
0,3173,0.9524759315257112
0,3174,0.7819663084507791
0,3175,0.6697233904393332
0,3176,0.7453159092723286
0,3177,0.8910526689833834
0,3178,0.8653023074584707
0,3179,0.9362748444810218
0,3180,0.8509995187940721
0,3181,0.9205739990655541
0,3182,0.8730222286857326
0,3183,0.7853934259722021
0,3184,0.9181385888353524
0,3185,0.9540902727760588
0,3186,0.586997765451319
0,3187,0.5305180743829242
0,3188,0.897768884464272
0,3189,0.6631297460291444
0,3190,0.6921004508122467
0,3191,0.7955996251571992
0,3192,0.8552348272475093
0,3193,0.6812963345588254
0,3194,0.786529522861046
0,3195,0.46765606958225076
0,3196,0.847756305147892
0,3197,0.586756962562083
0,3198,0.9082052985003339
0,3199,0.9551522630480688
0,3200,0.7637863547917395
0,3201,0.9440964585305474
0,3202,0.8513534676585062
0,3203,0.8530011543987494
0,3204,0.9681643404028462
0,3205,0.9627790386480203
0,3206,0.9559532438575776
0,3207,0.937743991399662
0,3208,0.9121919461855523
0,3209,0.8748746178789202
0,3210,0.7904616044172309
0,3211,0.9079925957089765
0,3212,0.9596535553430013
0,3213,0.8918432986333678
0,3214,0.8418482616673285
0,3215,0.7946102852183521
0,3216,0.7156697236547706
0,3217,0.7633580358410088
0,3218,0.79643366376453
0,3219,0.804510051112595
0,3220,0.7137179247855494
0,3221,0.9065982924196031
0,3222,0.9322029799310793
0,3223,0.7951173310050094
0,3224,0.9142019860238897
0,3225,0.8703102056115609
0,3226,0.7378659695030473
0,3227,0.9108763919532342
0,3228,0.7455598432535261
0,3229,0.7164496441039062
0,3230,0.9135539214524575
0,3231,0.8597917615932483
0,3232,0.7386760343460432
0,3233,0.7568736047918068
0,3234,0.872835409564432
0,3235,0.9070181343782345
0,3236,0.6508200994766855
0,3237,0.5385443858417299
0,3238,0.547118987203185
0,3239,0.6670981885428344
0,3240,0.7160424395790201
0,3241,0.8526442750646254
0,3242,0.7120379871916301
0,3243,0.8883449096331023
0,3244,0.9806652399691809
0,3245,0.9567347650088808
0,3246,0.9381232222626512
0,3247,0.9844091750708024
0,3248,0.6463369216902052
0,3249,0.6022844397296713
0,3250,0.7039445722012552
0,3251,0.6647006016853928
0,3252,0.3854044837993906
0,3253,0.8607851713378984
0,3254,0.878437589157766
0,3255,0.7068699613435887
0,3256,0.46876019488909787
0,3257,0.8921918028354096
0,3258,0.5843484073854388
0,3259,0.720855698687069
0,3260,0.8399179213729666
0,3261,0.9433410045616781
0,3262,0.8379296376016003
0,3263,0.9079139720613213
0,3264,0.5686214740241138
0,3265,0.8570767960935747
0,3266,0.31161509464141524
0,3267,0.9744057839264999
0,3268,0.5543390419809101
0,3269,0.6907092614473034
0,3270,0.5561465579744047
0,3271,0.6913484770805864
0,3272,0.7745908996351444
0,3273,0.8991702674853714
0,3274,0.8938095174006234
0,3275,0.8065437111739908
0,3276,0.9886299996125305
0,3277,0.957888819673009
0,3278,0.9753699496861198
0,3279,0.8654003474702133
0,3280,0.5197879024583884
0,3281,0.9848461998124394
0,3282,0.9515559987801808
0,3283,0.9913954289251754
0,3284,0.9827439919222167
0,3285,0.9742817964925733
0,3286,0.976829747927664
0,3287,0.9521325477256454
0,3288,0.9609196614271225
0,3289,0.6681211493007446
0,3290,0.9368274772965668
0,3291,0.9626475030320184
0,3292,0.9587757857382869
0,3293,0.888721781477948
0,3294,0.620137891562123
0,3295,0.7766314915311207
0,3296,0.727425334116114
0,3297,0.6587409339006133
0,3298,0.26920217462532325
0,3299,0.2616511818122978
0,3300,0.6686169555240589
0,3301,0.7884198215803686
0,3302,0.382269528486219
0,3303,0.3960396511762492
0,3304,0.6417842241420249
0,3305,0.910586449187323
0,3306,0.6644720400762426
0,3307,0.9487569475305004
0,3308,0.9681397746768886
0,3309,0.8561817704037137
0,3310,0.6984217368498098
0,3311,0.5734663633272675
0,3312,0.7896767125082003
0,3313,0.8976262521792031
0,3314,0.8395493066511113
0,3315,0.6062930717470801
0,3316,0.7647301412680917
0,3317,0.6035351561213126
0,3318,0.7993189600739553
0,3319,0.9010926152575319
0,3320,0.9316244717900574
0,3321,0.9338752398054632
0,3322,0.7313587049205168
0,3323,0.8632197681590963
0,3324,0.7309310030706272
0,3325,0.8456524549527853
0,3326,0.6767041592506123
0,3327,0.8579562014201201
0,3328,0.9259593608921489
0,3329,0.7841275041347665
0,3330,0.961738818038158
0,3331,0.8466822046195643
0,3332,0.7746659583623229
0,3333,0.42779317706887365
0,3334,0.6919888610207936
0,3335,0.8114833646918425
0,3336,0.6667757814762583
0,3337,0.7903789471773054
0,3338,0.7816369525125133
0,3339,0.9177216271361756
0,3340,0.8815561677015522
0,3341,0.7224073815229771
0,3342,0.7466205636911114
0,3343,0.8312141715309783
0,3344,0.7708278392091187
0,3345,0.9408491961928521
0,3346,0.8424988964929729
0,3347,0.6229557578175668
0,3348,0.8383057576575944
0,3349,0.6842224855748302
0,3350,0.9351134398121708
0,3351,0.8134568277949746
0,3352,0.8772529917837525
0,3353,0.508813009979131
0,3354,0.7460338251574955
0,3355,0.9536108474807689
0,3356,0.8404367430023207
0,3357,0.6751379989980427
0,3358,0.7380468523246297
0,3359,0.7061786046715324
0,3360,0.6677488597979108
0,3361,0.6081358080329904
0,3362,0.9843716488826888
0,3363,0.9882667171643925
0,3364,0.7428545385813882
0,3365,0.9027818168065049
0,3366,0.9391856344602584
0,3367,0.9264745973793972
0,3368,0.6086507425120533
0,3369,0.28126013119055243
0,3370,0.8439501242620128
0,3371,0.44759033101488843
0,3372,0.9154837063582335
0,3373,0.6547864168250106
0,3374,0.9607478787312055
0,3375,0.3866750234629486
0,3376,0.5493327805305116
0,3377,0.9585694225657425
0,3378,0.9080634674909623
0,3379,0.8867380218998289
0,3380,0.6513824059340726
0,3381,0.7649306008071706
0,3382,0.6861125040525876
0,3383,0.4075136944387713
0,3384,0.683170627477484
0,3385,0.5805633845534749
0,3386,0.7839151270368266
0,3387,0.9467421246676001
0,3388,0.9684169391449405
0,3389,0.41427346723962577
0,3390,0.9670669480344419
0,3391,0.6529014842096708
0,3392,0.49051648379246165
0,3393,0.5521904165993442
0,3394,0.7672287761610858
0,3395,0.9688625848300481
0,3396,0.7216958581710451
0,3397,0.7881026116488099
0,3398,0.8265464047138031
0,3399,0.6434976424680056
0,3400,0.6044876766044195
0,3401,0.9374858171923826
0,3402,0.8983976503635497
0,3403,0.7261400279284762
0,3404,0.9014115850289167
0,3405,0.9416717217430169
0,3406,0.8402508190988467
0,3407,0.6217646664266459
0,3408,0.8283577393789924
0,3409,0.7080049499851646
0,3410,0.429846151202741
0,3411,0.7945197662953497
0,3412,0.8479349441602105
0,3413,0.3829693913012234
0,3414,0.9729711473192114
0,3415,0.8102258024938459
0,3416,0.7487647224940414
0,3417,0.8225953158530203
0,3418,0.8829086707596305
0,3419,0.8853237627146907
0,3420,0.8577578466902452
0,3421,0.9527700210703677
0,3422,0.2881843521797065
0,3423,0.5200845110756788
0,3424,0.8695633772085738
0,3425,0.866908584715972
0,3426,0.51043775098309
0,3427,0.7408514699227357
0,3428,0.11827445897871146
0,3429,0.9792700718310438
0,3430,0.9345999050230193
0,3431,0.5803741869051693
0,3432,0.9205371111078842
0,3433,0.582325344334352
0,3434,0.4397540066802691
0,3435,0.3561247202490955
0,3436,0.9673689700178381
0,3437,0.8530680816873253
0,3438,0.842061505555743
0,3439,0.6904153394794168
0,3440,0.674979138340174
0,3441,0.7732108452522943
0,3442,0.8493509736642098
0,3443,0.7921276563253172
0,3444,0.9101425670956734
0,3445,0.8079148683222817
0,3446,0.9285138563481131
0,3447,0.7878380520004042
0,3448,0.43619398373242785
0,3449,0.2892776614658987
0,3450,0.22996209225584785
0,3451,0.8419317364248518
0,3452,0.8490761824877634
0,3453,0.668017062596041
0,3454,0.9582625640980297
0,3455,0.9125275378970015
0,3456,0.8116268932099984
0,3457,0.7603940319779525
0,3458,0.8034380828131793
0,3459,0.43708842281958155
0,3460,0.6628461411897295
0,3461,0.7308375693308062
0,3462,0.9420388022790355
0,3463,0.9118202566099126
0,3464,0.7576182410037484
0,3465,0.7546873054116517
0,3466,0.9443836458393208
0,3467,0.8405379230674948
0,3468,0.8998553220667522
0,3469,0.9073386310076718
0,3470,0.8190069624214035
0,3471,0.9387309052226008
0,3472,0.979822175708438
0,3473,0.6892751771317607
0,3474,0.5251775144454461
0,3475,0.9285840826475892
0,3476,0.9236092043920935
0,3477,0.8637911814565532
0,3478,0.807090543438056
0,3479,0.8375598960132837
0,3480,0.9323044476300046
0,3481,0.8396925457458304
0,3482,0.7913517586213087
0,3483,0.7624564062808722
0,3484,0.9367849569247131
0,3485,0.8247757231510906
0,3486,0.5885336990075712
0,3487,0.9400740878030626
0,3488,0.8481596044262402
0,3489,0.862678734509515
0,3490,0.7883058822992397
0,3491,0.8430873670811573
0,3492,0.9823072563286342
0,3493,0.9882026612582172
0,3494,0.8482863809814388
0,3495,0.3843701623601361
0,3496,0.9539762092729799
0,3497,0.9822087461078748
0,3498,0.9075172684213214
0,3499,0.879766952003639
0,3500,0.9041858892688592
0,3501,0.8434663883448711
0,3502,0.8811783440178595
0,3503,0.9336843334823101
0,3504,0.9248055299252279
0,3505,0.9404664080870988
0,3506,0.9270195403555409
0,3507,0.8632814039816155
0,3508,0.9410577831761795
0,3509,0.5873855073919719
0,3510,0.7841611622651962
0,3511,0.9024758733165217
0,3512,0.8712408944778129
0,3513,0.8150101056406502
0,3514,0.8791389373738472
0,3515,0.9286754319073857
0,3516,0.7618061433809233
0,3517,0.9098551120027797
0,3518,0.9044726758717555
0,3519,0.9753203349775881
0,3520,0.5958055345212907
0,3521,0.7700559329715305
0,3522,0.7368828370781587
0,3523,0.791694047196852
0,3524,0.7073800084283446
0,3525,0.7891889458022521
0,3526,0.7968797768263318
0,3527,0.8476627548956966
0,3528,0.8921672980823183
0,3529,0.8008999621275936
0,3530,0.874086408973341
0,3531,0.9569396307644892
0,3532,0.8851829952706306
0,3533,0.7959451905535259
0,3534,0.9680362259130156
0,3535,0.9671466544016056
0,3536,0.979357614678953
0,3537,0.986612473428571
0,3538,0.7781644683522367
0,3539,0.7704748027479945
0,3540,0.6743783681346611
0,3541,0.8000106695843545
0,3542,0.8145779248818829
0,3543,0.7681030350848563
0,3544,0.8684438422246898
0,3545,0.7701850539644498
0,3546,0.7799027240998453
0,3547,0.8139244188353271
0,3548,0.9492765454343365
0,3549,0.6483076065304436
0,3550,0.7575236389922763
0,3551,0.949682185662806
0,3552,0.9400393196254587
0,3553,0.9129340513083739
0,3554,0.983647971601771
0,3555,0.9536080337113809
0,3556,0.8405752872957442
0,3557,0.9199724774139278
0,3558,0.9503563694653855
0,3559,0.7360810240678969
0,3560,0.9671022539803419
0,3561,0.9424987040188536
0,3562,0.9279637482968238
0,3563,0.8987165585034053
0,3564,0.7017865371871082
0,3565,0.8130380120289247
0,3566,0.846376944692464
0,3567,0.8772156237459416
0,3568,0.8795088289853874
0,3569,0.9133162572108956
0,3570,0.8620336735960101
0,3571,0.508553688398045
0,3572,0.6602642185680224
0,3573,0.7351253850350593
0,3574,0.8170798230654917
0,3575,0.7621146796015905
0,3576,0.9039989966538634
0,3577,0.87846407248243
0,3578,0.9280661928845563
0,3579,0.9463948044885473
0,3580,0.8143688485215906
0,3581,0.6961990960547941
0,3582,0.5847592061361258
0,3583,0.6791528699754049
0,3584,0.9494092552246267
0,3585,0.8919190790252078
0,3586,0.9478121942498134
0,3587,0.9824095147060065
0,3588,0.8422783021554062
0,3589,0.9944225546522748
0,3590,0.8117273712256395
0,3591,0.9760315275096424
0,3592,0.8727126994331873
0,3593,0.8838269571662484
0,3594,0.7768195073980594
0,3595,0.880623843701237
0,3596,0.8668372316129352
0,3597,0.6922569223376982
0,3598,0.9689851919154001
0,3599,0.9595290889466157
0,3600,0.9099435704434945
0,3601,0.9395992468448823
0,3602,0.7844316488373977
0,3603,0.8103108812894229
0,3604,0.5848718440841952
0,3605,0.5412726348197826
0,3606,0.8730753736219024
0,3607,0.9796664282017379
0,3608,0.8222971334208978
0,3609,0.8389935965924956
0,3610,0.9007230343970125
0,3611,0.8081879801202779
0,3612,0.8789089530571829
0,3613,0.9448872377815442
0,3614,0.8788311391072499
0,3615,0.6540660322711729
0,3616,0.7906853568006046
0,3617,0.8475879656152793
0,3618,0.7492505055024944
0,3619,0.8383542141814996
0,3620,0.3816285261286267
0,3621,0.6017159174288546
0,3622,0.7436421054709126
0,3623,0.7216024101422551
0,3624,0.7187214489421015
0,3625,0.9591489025357217
0,3626,0.8197578464373149
0,3627,0.727146766432374
0,3628,0.9503038618004147
0,3629,0.9623382420108737
0,3630,0.951303686868162
0,3631,0.6235391835554576
0,3632,0.8437182094188258
0,3633,0.8689430166324542
0,3634,0.8822993897820017
0,3635,0.7005560577330769
0,3636,0.9612553409591833
0,3637,0.9916951176399431
0,3638,0.9282460735042799
0,3639,0.5289370642447079
0,3640,0.722986678988112
0,3641,0.580918134016002
0,3642,0.8411851618785948
0,3643,0.9317491206054328
0,3644,0.9521123105682602
0,3645,0.9649483960235092
0,3646,0.4705566222078159
0,3647,0.619572930317208
0,3648,0.6705610881092938
0,3649,0.8471953484309452
0,3650,0.8016184848403239
0,3651,0.9065732942815738
0,3652,0.9303936141319576
0,3653,0.8163338135870063
0,3654,0.9383675469424777
0,3655,0.9483466226449123
0,3656,0.6611260090389522
0,3657,0.7120670590734628
0,3658,0.740196471075536
0,3659,0.7423100138535786
0,3660,0.8407711605614351
0,3661,0.9596603637323018
0,3662,0.9088517681289402
0,3663,0.9423199924857292
0,3664,0.6655158064616365
0,3665,0.5821018060785836
0,3666,0.9198880897006284
0,3667,0.7596353299123864
0,3668,0.7098193145556673
0,3669,0.9334632764219218
0,3670,0.7969591035747183
0,3671,0.684144553544876
0,3672,0.6541249662074475
0,3673,0.7373842232861099
0,3674,0.7089790708215672
0,3675,0.712384930424315
0,3676,0.7548056703741799
0,3677,0.9279716649896113
0,3678,0.9010902339532945
0,3679,0.9785693357145772
0,3680,0.9718381671143699
0,3681,0.7727792260969117
0,3682,0.980574060169679
0,3683,0.9330696205574099
0,3684,0.7367555700894304
0,3685,0.8320143996519348
0,3686,0.7635686257835036
0,3687,0.569905261521738
0,3688,0.7760206296635711
0,3689,0.9285171809208619
0,3690,0.9490736544974777
0,3691,0.9366658742757361
0,3692,0.9116222804010875
0,3693,0.9976499894855795
0,3694,0.7408137492836934
0,3695,0.2316104472342548
0,3696,0.7116906149185482
0,3697,0.7136492441080906
0,3698,0.5253560995217247
0,3699,0.5362252458663465
0,3700,0.620775926112379
0,3701,0.5649014270034602
0,3702,0.9430268218621827
0,3703,0.9912268073006656
0,3704,0.9358474014104894
0,3705,0.9710875158696906
0,3706,0.9933743239346368
0,3707,0.9953882023031512
0,3708,0.9853395784344205
0,3709,0.982435953243559
0,3710,0.9716045560023782
0,3711,0.6144235584862314
0,3712,0.6619211057353431
0,3713,0.7457105668088316
0,3714,0.9421012291551916
0,3715,0.9341056661519579
0,3716,0.86077001852808
0,3717,0.711645221521299
0,3718,0.686222264675402
0,3719,0.8094911160281476
0,3720,0.7365390269451879
0,3721,0.8521104188852321
0,3722,0.9243245090935155
0,3723,0.9708951913654452
0,3724,0.9871131330988488
0,3725,0.7377471393367201
0,3726,0.7363734616927541
0,3727,0.9629487654160042
0,3728,0.8183285601993799
0,3729,0.7575956492782849
0,3730,0.9579956591558417
0,3731,0.7449170164679724
0,3732,0.8927419543945888
0,3733,0.7625889686477776
0,3734,0.943628039622998
0,3735,0.9243474265216686
0,3736,0.7078514347678215
0,3737,0.8541806446942996
0,3738,0.7302210965573899
0,3739,0.6404773560539445
0,3740,0.802478860396004
0,3741,0.9181026577210826
0,3742,0.9313571842189533
0,3743,0.9310932009608469
0,3744,0.8881298260752956
0,3745,0.928612839890869
0,3746,0.6914599606213142
0,3747,0.8515780544299472
0,3748,0.9568433012687225
0,3749,0.8801947549332783
0,3750,0.7769315856751259
0,3751,0.7582184805163368
0,3752,0.7733101459683859
0,3753,0.7272645629737711
0,3754,0.8705631120890863
0,3755,0.8907343734391441
0,3756,0.9515196950583854
0,3757,0.9359112183676789
0,3758,0.8661339851483273
0,3759,0.9370450031963505
0,3760,0.5315915529358659
0,3761,0.7601598739148112
0,3762,0.8983739135775731
0,3763,0.8476591255971101
0,3764,0.8660117624490453
0,3765,0.6994494264901653
0,3766,0.9638467200642252
0,3767,0.8532350822570042
0,3768,0.9070716729808447
0,3769,0.7376286390793545
0,3770,0.5408297999915204
0,3771,0.8499226260916487
0,3772,0.8840910788148999
0,3773,0.6458453521094307
0,3774,0.7603054302496688
0,3775,0.7673405218648727
0,3776,0.9717678575888238
0,3777,0.9767473720181029
0,3778,0.9716780729445909
0,3779,0.8110580453505886
0,3780,0.6658030222473357
0,3781,0.5585535409185461
0,3782,0.669598003812042
0,3783,0.4614613353640378
0,3784,0.6819801892358729
0,3785,0.717417150275655
0,3786,0.8946869520455756
0,3787,0.8672907950855363
0,3788,0.9617211925715302
0,3789,0.546463604011356
0,3790,0.9295742690719629
0,3791,0.9591395577656868
0,3792,0.9660874834922083
0,3793,0.9787135652094427
0,3794,0.8564321174778384
0,3795,0.8680415341554084
0,3796,0.9273433331846692
0,3797,0.9515618150211597
0,3798,0.8881890172945736
0,3799,0.9547061883926654
0,3800,0.9814812706958091
0,3801,0.9251226473753897
0,3802,0.8706869759591268
0,3803,0.8998816259089728
0,3804,0.7653135783783743
0,3805,0.8949127859512908
0,3806,0.9538585910618314
0,3807,0.8991191940115995
0,3808,0.9746241202992791
0,3809,0.9123638233269156
0,3810,0.5743112967852226
0,3811,0.5927867635895592
0,3812,0.6516356695226424
0,3813,0.2532537979362835
0,3814,0.6841694188564805
0,3815,0.920649959527211
0,3816,0.3376169869672483
0,3817,0.42354591996225616
0,3818,0.5726999501744723
0,3819,0.506531527496175
0,3820,0.35774249288428633
0,3821,0.6966837589262143
0,3822,0.3618329670137393
0,3823,0.9302015595804234
0,3824,0.8135347448690157
0,3825,0.7507965224723366
0,3826,0.7531661672135206
0,3827,0.6784041439392554
0,3828,0.7992871465066506
0,3829,0.9502257964584565
0,3830,0.9830775886804795
0,3831,0.8179093200274159
0,3832,0.9342989784925471
0,3833,0.9499700322479121
0,3834,0.8998989202762064
0,3835,0.8894805290435681
0,3836,0.8623525270446054
0,3837,0.9112263226944844
0,3838,0.8507168685374266
0,3839,0.8460624524222531
0,3840,0.8675742762315327
0,3841,0.854164385247997
0,3842,0.8880817417962708
0,3843,0.6584493422660865
0,3844,0.9566487482327829
0,3845,0.9904594300778472
0,3846,0.9882758997874461
0,3847,0.6010949161373781
0,3848,0.9285190829506403
0,3849,0.8537427551058041
0,3850,0.8218808411937769
0,3851,0.842629254977847
0,3852,0.687820934373476
0,3853,0.9427167295216201
0,3854,0.8107553783482631
0,3855,0.960286283173978
0,3856,0.7265260752971074
0,3857,0.8163642218894916
0,3858,0.529933666648268
0,3859,0.6929920386365287
0,3860,0.35072973710813593
0,3861,0.833731468620193
0,3862,0.9146994578580799
0,3863,0.8009770609930895
0,3864,0.9624150964384504
0,3865,0.8709777254094404
0,3866,0.8472289475079959
0,3867,0.9078592761834691
0,3868,0.8170923443650282
0,3869,0.637198771846005
0,3870,0.9025184452313502
0,3871,0.6422715996732205
0,3872,0.5503555690470092
0,3873,0.9164491337984756
0,3874,0.9181183370388825
0,3875,0.8382874035622607
0,3876,0.8379568664636136
0,3877,0.8329599867349649
0,3878,0.8348609123658159
0,3879,0.7258777937539581
0,3880,0.37702417822589757
0,3881,0.6569663711368627
0,3882,0.9063314357555782
0,3883,0.8042766060113955
0,3884,0.86323291353736
0,3885,0.7938453215411501
0,3886,0.7841347977930875
0,3887,0.9475131749697894
0,3888,0.9169930207559387
0,3889,0.9019888314880139
0,3890,0.9507726557025977
0,3891,0.9402739477623365
0,3892,0.6348758538401472
0,3893,0.7211349859355476
0,3894,0.7190915320654457
0,3895,0.6651544297010149
0,3896,0.8063323062433301
0,3897,0.8627804485299441
0,3898,0.9439557206642817
0,3899,0.7766491014701382
0,3900,0.7781769000357289
0,3901,0.8948147902318278
0,3902,0.7835019475806958
0,3903,0.9122214956044221
0,3904,0.7787421297085326
0,3905,0.5394594738328241
0,3906,0.7763062479263595
0,3907,0.8813244783104035
0,3908,0.6730467346607496
0,3909,0.912967151685057
0,3910,0.5962712919739297
0,3911,0.8782245458565474
0,3912,0.922877840830755
0,3913,0.7402825771368694
0,3914,0.8864813365126547
0,3915,0.9631160200273924
0,3916,0.889052156525441
0,3917,0.6259190113281543
0,3918,0.9435158884868207
0,3919,0.7556409572002082
0,3920,0.94453953667712
0,3921,0.9120952128160555
0,3922,0.7533032026057155
0,3923,0.8666054378250264
0,3924,0.8959755729269222
0,3925,0.9045466226641454
0,3926,0.3983426198234845
0,3927,0.8096655788936679
0,3928,0.7867082010902454
0,3929,0.3504182397478999
0,3930,0.9169207173094449
0,3931,0.8359948527757406
0,3932,0.9246663959406416
0,3933,0.8608462196801178
0,3934,0.9032022881747436
0,3935,0.9042193685611186
0,3936,0.7270185689046562
0,3937,0.7067903691464177
0,3938,0.8057501822743675
0,3939,0.7227559475053602
0,3940,0.86860197285944
0,3941,0.8221166572663555
0,3942,0.42017870432016585
0,3943,0.3180029614426836
0,3944,0.40879532591029166
0,3945,0.6458799139696904
0,3946,0.9378897502162282
0,3947,0.8935737301590038
0,3948,0.9381595034846254
0,3949,0.8297905715062132
0,3950,0.8348483423632191
0,3951,0.9336926401054225
0,3952,0.8652177437358894
0,3953,0.801768593344921
0,3954,0.9545286522196605
0,3955,0.9432058460889584
0,3956,0.8938160954973146
0,3957,0.9109190692923115
0,3958,0.9064430894799703
0,3959,0.43642109354864805
0,3960,0.9223447516536994
0,3961,0.9504216775039585
0,3962,0.7058238574933372
0,3963,0.5436302620129418
0,3964,0.6329392849725725
0,3965,0.7699575403237713
0,3966,0.990476170052228
0,3967,0.9137097307070863
0,3968,0.8164879113287401
0,3969,0.5944711294601501
0,3970,0.6436581139352949
0,3971,0.8023578451152692
0,3972,0.8194193931381645
0,3973,0.8673696045945433
0,3974,0.8822227083767102
0,3975,0.9341392239807522
0,3976,0.9216816203984732
0,3977,0.841629358229851
0,3978,0.9623605367659599
0,3979,0.9004137159765097
0,3980,0.8581044495237754
0,3981,0.6044361430088655
0,3982,0.7896857482499705
0,3983,0.8968033359671287
0,3984,0.884908067135254
0,3985,0.9666076574087226
0,3986,0.7631500371089103
0,3987,0.828877553003529
0,3988,0.7704556713071342
0,3989,0.5884534941496344
0,3990,0.4384387358579049
0,3991,0.962342822846351
0,3992,0.9056000382253173
0,3993,0.973429127639582
0,3994,0.6954312454621413
0,3995,0.7719120122642558
0,3996,0.7232244712633193
0,3997,0.6608107233838287
0,3998,0.7815549244830409
0,3999,0.8324491681345457
1,0,0.25490884833270405
1,1,0.49866834542093547
1,2,0.34116621192507063
1,3,0.4798268429349984
1,4,0.3182855922263594
1,5,0.5187643416835152
1,6,0.23208448559411293
1,7,0.5716763325217334
1,8,0.5544537996405923
1,9,0.6817163707566626
1,10,0.5429483481471792
1,11,0.2895510032378036
1,12,0.296867926607922
1,13,0.5787478519557812
1,14,0.5642589871296897
1,15,0.42724471026428285
1,16,0.26380447666383616
1,17,0.40370001662935406
1,18,0.3614028857881384
1,19,0.6598548626356525
1,20,0.6294643023986766
1,21,0.7081551925592896
1,22,0.7976057238779873
1,23,0.519212615112093
1,24,0.4854465564374277
1,25,0.5637132285688817
1,26,0.3767597484785901
1,27,0.4175042405124529
1,28,0.3790313299052125
1,29,0.3228535876962517
1,30,0.36399245820989157
1,31,0.4685773213882407
1,32,0.37611853426170844
1,33,0.5085160391226342
1,34,0.44071417783455974
1,35,0.49894718093806795
1,36,0.4612587871285398
1,37,0.49370068372343606
1,38,0.5825170913922367
1,39,0.41031889741228905
1,40,0.45658685701081936
1,41,0.4196201198555367
1,42,0.5649282660476507
1,43,0.7576367165958541
1,44,0.3976701253395488
1,45,0.32866496044040805
1,46,0.5133681779206227
1,47,0.8360372375508155
1,48,0.5308651416190361
1,49,0.43250895853509563
1,50,0.3818911239697771
1,51,0.39253607018385783
1,52,0.4704677235156915
1,53,0.3915635298189361
1,54,0.2830054588493737
1,55,0.23290881767831534
1,56,0.6059996170103176
1,57,0.34969582512867414
1,58,0.516377344147219
1,59,0.39400280037226676
1,60,0.6553456676293147
1,61,0.6921527540585569
1,62,0.1377271458860944
1,63,0.6483923681235405
1,64,0.3986245708392868
1,65,0.4000030101820643
1,66,0.5215363985104662
1,67,0.37095990939646883
1,68,0.32197617744589224
1,69,0.6421168853452857
1,70,0.5282211139001978
1,71,0.43889372967395157
1,72,0.5237570777294982
1,73,0.2849608603092445
1,74,0.5681234230268131
1,75,0.6137521029673488
1,76,0.3942606855314715
1,77,0.473409766498492
1,78,0.13714196439966392
1,79,0.26667310030262886
1,80,0.3356840376183757
1,81,0.5525110480716583
1,82,0.3373726427138141
1,83,0.27984742641704546
1,84,0.5395502897044945
1,85,0.7168101853832122
1,86,0.6615616628954855
1,87,0.6730563698804023
1,88,0.841250380470519
1,89,0.8169230566233935
1,90,0.9054925344480466
1,91,0.476408419793937
1,92,0.6403093082297656
1,93,0.461902524749037
1,94,0.5178001798641234
1,95,0.4178952330975671
1,96,0.48473539487897305
1,97,0.5076384820456532
1,98,0.4693561184077693
1,99,0.5807967870443589
1,100,0.4967553969039855
1,101,0.3057156974020195
1,102,0.6800726368644557
1,103,0.3272019682855756
1,104,0.6159364185285495
1,105,0.6956339601996455
1,106,0.5815538027210825
1,107,0.20975166089466862
1,108,0.3585088161774296
1,109,0.42092566495204203
1,110,0.5765757967277718
1,111,0.5494664068264664
1,112,0.5402500845099051
1,113,0.3621638578513005
1,114,0.4018934646698906
1,115,0.46066224358531926
1,116,0.27429638595242156
1,117,0.4532044490830974
1,118,0.4168210379145072
1,119,0.3414547701737795
1,120,0.5750489649068361
1,121,0.4450414353304492
1,122,0.5137463691999392
1,123,0.703105753644791
1,124,0.6846300437485211
1,125,0.39565068197628206
1,126,0.35520275123865735
1,127,0.4632648195767077
1,128,0.43030837294075985
1,129,0.45099376609831315
1,130,0.6489417374542418
1,131,0.246508392417299
1,132,0.5622974243805168
1,133,0.4040537889602813
1,134,0.3912247859458439
1,135,0.43677896546213113
1,136,0.3450661246797582
1,137,0.3736853675684575
1,138,0.5179133015255116
1,139,0.5394563668718774
1,140,0.4010164574889427
1,141,0.43569895903154554
1,142,0.36614507026637827
1,143,0.39721156115583917
1,144,0.5313770448969256
1,145,0.37235732764184776
1,146,0.5519198709627504
1,147,0.4792478317950056
1,148,0.4600824834905206
1,149,0.49430236334528194
1,150,0.3967902877323891
1,151,0.5605345330446493
1,152,0.621421900222003
1,153,0.7289315697109747
1,154,0.6488202061237197
1,155,0.5235590919378296
1,156,0.5181680272337492
1,157,0.3304728456594066
1,158,0.5495217324775419
1,159,0.7947817379842297
1,160,0.5119945203831961
1,161,0.3663342344900332
1,162,0.4641281194057688
1,163,0.35941312984664564
1,164,0.2680880759297118
1,165,0.2680880759297118
1,166,0.6410582636247173
1,167,0.8241327241663038
1,168,0.31364435859044504
1,169,0.5800543517461118
1,170,0.5858217027205864
1,171,0.44568661846978663
1,172,0.4382829361439364
1,173,0.5361193460865316
1,174,0.25742006485436686
1,175,0.4616323315560167
1,176,0.47018107890065286
1,177,0.4728438135854886
1,178,0.7288521985526689
1,179,0.4228987508177568
1,180,0.5274686816285038
1,181,0.4038743096974019
1,182,0.45319112555702984
1,183,0.473357979747267
1,184,0.5472857265111133
1,185,0.41157956314221894
1,186,0.3432697387361611
1,187,0.5177771810120833
1,188,0.29728629005854385
1,189,0.19427309244480734
1,190,0.3102399274750495
1,191,0.7782726058715709
1,192,0.7338389038983781
1,193,0.8037707450023021
1,194,0.35522119920775735
1,195,0.45707605216809266
1,196,0.2828857204440209
1,197,0.4268487547347595
1,198,0.44937905437395176
1,199,0.5095050141031712
1,200,0.4015302948970117
1,201,0.4495358022821501
1,202,0.462306852588418
1,203,0.5692434730692584
1,204,0.6752905827019741
1,205,0.30817699056249714
1,206,0.4819401909899987
1,207,0.5005274041254849
1,208,0.5208490820073369
1,209,0.29743613925041384
1,210,0.31064814007574143
1,211,0.26525362836011046
1,212,0.7651644246822087
1,213,0.618518826216492
1,214,0.5709026926994825
1,215,0.5485381007331388
1,216,0.3983404675795822
1,217,0.5498653308788878
1,218,0.5788184616719093
1,219,0.5817067289788009
1,220,0.37108173077859385
1,221,0.30973687732688315
1,222,0.47504913389966097
1,223,0.4013463874521256
1,224,0.7074241609838341
1,225,0.6710282078203402
1,226,0.5573680692230434
1,227,0.5523316794150502
1,228,0.49784348120238314
1,229,0.6207522279633894
1,230,0.41789306747916033
1,231,0.5599407206820627
1,232,0.4115536067590051
1,233,0.5978091376970913
1,234,0.5122963413552983
1,235,0.670102460578429
1,236,0.5438799114332441
1,237,0.3830737733770262
1,238,0.6793116270195683
1,239,0.5059454028093143
1,240,0.2770374941582042
1,241,0.7005395996305681
1,242,0.292930822026351
1,243,0.4646527792477094
1,244,0.5560579643593183
1,245,0.5124376080771016
1,246,0.4951844982176292
1,247,0.4486479680000312
1,248,0.3985248535554259
1,249,0.4829304313511923
1,250,0.45817038229781576
1,251,0.5089464747315463
1,252,0.34700801754631594
1,253,0.4282625249216013
1,254,0.37708692760995566
1,255,0.5059977682968657
1,256,0.28542412013924895
1,257,0.37996078418607465
1,258,0.5706459803266342
1,259,0.5135178501147863
1,260,0.536287454826552
1,261,0.36800395837108985
1,262,0.28327770788170037
1,263,0.48210871200291733
1,264,0.4538141686826135
1,265,0.46280981620827616
1,266,0.6145829761314067
1,267,0.380832656537397
1,268,0.7394468370454447
1,269,0.47927522384287297
1,270,0.6522192390619398
1,271,0.17551061109146038
1,272,0.6488083876891361
1,273,0.36861244807444443
1,274,0.5497105384291746
1,275,0.5570104657445316
1,276,0.5974961374811771
1,277,0.4828559658649454
1,278,0.5934098583199302
1,279,0.1858352102854668
1,280,0.4238619494766156
1,281,0.6555531154305002
1,282,0.48457218740472574
1,283,0.5672632078858463
1,284,0.5724472491448477
1,285,0.34210605006461764
1,286,0.4217977570022741
1,287,0.3812763600167052
1,288,0.3475469347627741
1,289,0.2830371808205887
1,290,0.6564976738065339
1,291,0.3338749946783307
1,292,0.3339296431623118
1,293,0.3386127399632052
1,294,0.45218339545015535
1,295,0.4522298625159642
1,296,0.3369759639874309
1,297,0.23939984160268804
1,298,0.5683009644317001
1,299,0.5376736897413249
1,300,0.37329220181757
1,301,0.48705615601700225
1,302,0.36685149329336997
1,303,0.5361891387659666
1,304,0.30767621189546
1,305,0.21401336086541925
1,306,0.4770692947411132
1,307,0.47142283106992805
1,308,0.5066125224322856
1,309,0.5123758999293124
1,310,0.34260656308116605
1,311,0.5447670927761512
1,312,0.9070172648175078
1,313,0.881050645381385
1,314,0.7274869259908056
1,315,0.71620979082745
1,316,0.46676192982494974
1,317,0.5649300109033654
1,318,0.30377176089489716
1,319,0.4149973508696297
1,320,0.6125202369303616
1,321,0.5088746991812304
1,322,0.3611289816783926
1,323,0.4939186824380752
1,324,0.3804405450986571
1,325,0.4083243700404472
1,326,0.4663470815713851
1,327,0.337435350201689
1,328,0.3786081132273257
1,329,0.5274415330966181
1,330,0.3601418609785476
1,331,0.554465800875466
1,332,0.5295055071496146
1,333,0.4578659136566396
1,334,0.5233681102663115
1,335,0.4973636215364598
1,336,0.4087684104939408
1,337,0.40242514586282846
1,338,0.4522749289000538
1,339,0.5644887920454341
1,340,0.4260482164562669
1,341,0.5681606448037005
1,342,0.5464093570780624
1,343,0.3970696962925698
1,344,0.6376929456880268
1,345,0.5572630789531762
1,346,0.41967226875145247
1,347,0.4723354940354617
1,348,0.612150128711055
1,349,0.7254262819045265
1,350,0.5521844998838209
1,351,0.5270892913355391
1,352,0.5666319725765416
1,353,0.49084675518462084
1,354,0.3422497020207262
1,355,0.5316507996110591
1,356,0.4096015999686671
1,357,0.4378006926845225
1,358,0.9196599786208581
1,359,0.8436351858991623
1,360,0.4913230843251703
1,361,0.5831468001642159
1,362,0.5316479536505635
1,363,0.5072655762500337
1,364,0.5821458709730524
1,365,0.34937163435475466
1,366,0.4693187374033704
1,367,0.6069781650199989
1,368,0.6266755547256184
1,369,0.6214230067613159
1,370,0.7475815737046999
1,371,0.5175570791854045
1,372,0.5218667426573547
1,373,0.529494870471307
1,374,0.4287431079082402
1,375,0.4217396855040147
1,376,0.33169808279025076
1,377,0.6377517477822539
1,378,0.47116029877181875
1,379,0.6309483082534089
1,380,0.4475002562936118
1,381,0.331292834125545
1,382,0.47812828326019624
1,383,0.4735487571804005
1,384,0.47990900064452263
1,385,0.48632771734643043
1,386,0.5956297771678195
1,387,0.2857390308465736
1,388,0.6148347524011507
1,389,0.4351019804219697
1,390,0.41359756883916876
1,391,0.22932934815418748
1,392,0.5352447649777694
1,393,0.706003937954531
1,394,0.6382248433493799
1,395,0.3379225254950946
1,396,0.2931333417461718
1,397,0.5582128060337068
1,398,0.4354662734767204
1,399,0.3994100738886
1,400,0.5715057698663779
1,401,0.7522896061657995
1,402,0.7882179394159305
1,403,0.16512191995716652
1,404,0.3203319434509468
1,405,0.3264744371724591
1,406,0.2371884787869834
1,407,0.3679519123308884
1,408,0.46209044940354266
1,409,0.4047823101170283
1,410,0.5409646447579486
1,411,0.30117051955794477
1,412,0.5986134491077058
1,413,0.31078254156384333
1,414,0.4300284631614017
1,415,0.25202251806339143
1,416,0.1656301890722406
1,417,0.25133041557139807
1,418,0.4877606541501442
1,419,0.34470604766672375
1,420,0.40714169917607235
1,421,0.40548822552056657
1,422,0.7542072860266844
1,423,0.7012835859506608
1,424,0.502465114783512
1,425,0.7593208343152859
1,426,0.4919237229363719
1,427,0.6864939640617777
1,428,0.6762539143798137
1,429,0.4460259012234244
1,430,0.44357446961589686
1,431,0.8025840553766743
1,432,0.5558483224456489
1,433,0.229584471140282
1,434,0.4562075035464785
1,435,0.29487941426164876
1,436,0.23295551449298754
1,437,0.2504522682978579
1,438,0.31944126445686416
1,439,0.13684369530221122
1,440,0.05254721191670686
1,441,0.4088382467520001
1,442,0.24513733966258175
1,443,0.2223907141349181
1,444,0.4116601854506782
1,445,0.38688803194731136
1,446,0.3704740294367909
1,447,0.5432136238364296
1,448,0.5995132230549092
1,449,0.5548381749246382
1,450,0.4070130938569461
1,451,0.40915902939563775
1,452,0.5286713821352931
1,453,0.311277501492373
1,454,0.5430715990961832
1,455,0.39270539493017403
1,456,0.41569318199951727
1,457,0.6880142851488469
1,458,0.49948895351098
1,459,0.24147563077342737
1,460,0.40015340249562587
1,461,0.49612138068907585
1,462,0.6525499690642521
1,463,0.6492816720657796
1,464,0.3584433667910873
1,465,0.3858853845249923
1,466,0.5771204423139071
1,467,0.27466988768289374
1,468,0.48837198437564716
1,469,0.5371026030030246
1,470,0.39220080619294234
1,471,0.37030302138733534
1,472,0.4725201052683346
1,473,0.5923025238504036
1,474,0.7454486723310445
1,475,0.6012618261490676
1,476,0.6310773792557423
1,477,0.7404261688949959
1,478,0.6039532462405267
1,479,0.5289466056642174
1,480,0.3669104457083511
1,481,0.41703753924707043
1,482,0.47638624521999406
1,483,0.3266915528768889
1,484,0.5627997931252955
1,485,0.6956621368936022
1,486,0.7905127768703233
1,487,0.44513194651053856
1,488,0.6286227366988544
1,489,0.546307936358425
1,490,0.40408673663838557
1,491,0.3336746764642344
1,492,0.5774280898647375
1,493,0.34857379435203456
1,494,0.4240527346495908
1,495,0.3929377878043596
1,496,0.3684752431079165
1,497,0.40379153000356843
1,498,0.5367834888110111
1,499,0.39795077505353094
1,500,0.5793236163311754
1,501,0.613641063735722
1,502,0.32812537276257864
1,503,0.3520979699544881
1,504,0.6097455661318127
1,505,0.4466563073037134
1,506,0.3912366762247017
1,507,0.6282113680628175
1,508,0.5575753099698239
1,509,0.4652347424767292
1,510,0.2417733469867581
1,511,0.4159637073655131
1,512,0.40805768236789475
1,513,0.4169931768493451
1,514,0.4568044129770065
1,515,0.5345162507053911
1,516,0.43547991601687075
1,517,0.4573032732831149
1,518,0.4287610235790195
1,519,0.5878006995530506
1,520,0.5533494875372325
1,521,0.4646610379895208
1,522,0.6391721100051784
1,523,0.570615288960486
1,524,0.2868625752384205
1,525,0.30591209250560364
1,526,0.42768581001597816
1,527,0.3523936331052879
1,528,0.41880568320840783
1,529,0.537378232189427
1,530,0.39942106008248984
1,531,0.47110100294027457
1,532,0.25382104760482554
1,533,0.23755424627004693
1,534,0.42491620611568504
1,535,0.5096313056497098
1,536,0.38159486531852976
1,537,0.3577029380035808
1,538,0.4226522526367321
1,539,0.5986264324052865
1,540,0.42685805643545993
1,541,0.6601443877914902
1,542,0.7306898272540372
1,543,0.8403175641938312
1,544,0.6864968884186651
1,545,0.4159298060231486
1,546,0.65498904013937
1,547,0.5033438841781281
1,548,0.5530268069078705
1,549,0.39749067368577923
1,550,0.334802462143434
1,551,0.6223723365136328
1,552,0.3302485808686088
1,553,0.40849316102573713
1,554,0.4399961485085124
1,555,0.42846635833139085
1,556,0.4694955339478345
1,557,0.42688496456541253
1,558,0.5424897025083344
1,559,0.20112669383561846
1,560,0.5665825684732727
1,561,0.5851512473240661
1,562,0.6907911937674744
1,563,0.5041095186704303
1,564,0.42535090490323824
1,565,0.4230733497997314
1,566,0.4139419456706686
1,567,0.17125752411596498
1,568,0.2012337930541107
1,569,0.2668525745497652
1,570,0.7319238322742168
1,571,0.5357515402340289
1,572,0.4628291739651296
1,573,0.4035923833304776
1,574,0.4259715426453933
1,575,0.278246958840307
1,576,0.540326002050666
1,577,0.37050009081461144
1,578,0.5391431209873223
1,579,0.5427783610571012
1,580,0.5318605641268787
1,581,0.407286411125016
1,582,0.37136460835673785
1,583,0.5400579961705981
1,584,0.35913040668757923
1,585,0.37996763246675636
1,586,0.38133589670818746
1,587,0.4068954106922961
1,588,0.6086102519702525
1,589,0.19022563582463214
1,590,0.31001503378573525
1,591,0.38455981127762384
1,592,0.15068390741715387
1,593,0.6430266258912858
1,594,0.5357983752452463
1,595,0.7541368023606013
1,596,0.24527888700853423
1,597,0.5768248780331614
1,598,0.6218736261514781
1,599,0.4650304799093489
1,600,0.44967990825416143
1,601,0.5289774214422687
1,602,0.4330900113516376
1,603,0.4603387628156966
1,604,0.2823409885628902
1,605,0.5111708005926211
1,606,0.3565888660532301
1,607,0.42040233804163174
1,608,0.16160867433072698
1,609,0.33537750640013086
1,610,0.4155276422237155
1,611,0.6487971154805455
1,612,0.7748306631011601
1,613,0.28670459802406545
1,614,0.46591123241710686
1,615,0.3146877108482743
1,616,0.42254778974106183
1,617,0.40844977114231273
1,618,0.5276143492376666
1,619,0.41769070930172286
1,620,0.3393760620470789
1,621,0.33113611707252333
1,622,0.39237100758266596
1,623,0.4105844742764511
1,624,0.5915170401441243
1,625,0.3954223131791728
1,626,0.3261141044512418
1,627,0.29702609796453977
1,628,0.29823290266883334
1,629,0.42297272857041646
1,630,0.46601550059285973
1,631,0.34289200652852464
1,632,0.4181585182633867
1,633,0.3204309947451882
1,634,0.327580411351451
1,635,0.5460038225483651
1,636,0.49397546811298276
1,637,0.6219608415775454
1,638,0.6385695176311014
1,639,0.5254194379815502
1,640,0.48937584497451536
1,641,0.6124172803995408
1,642,0.33549964315241754
1,643,0.528532382458252
1,644,0.5171945731899399
1,645,0.24072760646546643
1,646,0.4616340389525159
1,647,0.355870345770615
1,648,0.6042414065921409
1,649,0.25877848635981576
1,650,0.3161730298380303
1,651,0.20142849834977516
1,652,0.27995879758500025
1,653,0.5434264057564212
1,654,0.5675011347604401
1,655,0.4657339957978599
1,656,0.5848857864806408
1,657,0.3511562060892102
1,658,0.7828109540589397
1,659,0.5346755312774625
1,660,0.3538156295988859
1,661,0.5331144727288931
1,662,0.24019351889470508
1,663,0.3097106981096851
1,664,0.4256750527899988
1,665,0.4946629354243543
1,666,0.6078061285401732
1,667,0.30962586261252883
1,668,0.4082608831088648
1,669,0.4223840236368969
1,670,0.5941530898292051
1,671,0.47538036839026593
1,672,0.3738395366794828
1,673,0.4273938049083546
1,674,0.38382521422038657
1,675,0.2517941886846409
1,676,0.1689810429035299
1,677,0.33164715071526213
1,678,0.5778742938129935
1,679,0.6794523346243189
1,680,0.36523182733075205
1,681,0.5744927992658913
1,682,0.33270683755712166
1,683,0.4292617548135679
1,684,0.47694233948018494
1,685,0.3742297818778064
1,686,0.7192052339561197
1,687,0.4580633143264551
1,688,0.4425066925389734
1,689,0.29496554467777714
1,690,0.4998659519547451
1,691,0.44130977383405645
1,692,0.5823648646493054
1,693,0.22831860331640116
1,694,0.5163873311451955
1,695,0.23300897863595557
1,696,0.583629636307004
1,697,0.7501359155777547
1,698,0.5660302280457199
1,699,0.1959487540521003
1,700,0.5221709362572333
1,701,0.46647685871731387
1,702,0.3700296531828318
1,703,0.4891029167938636
1,704,0.3649952223494327
1,705,0.5172243336290744
1,706,0.257914525875483
1,707,0.7727612775744207
1,708,0.693898008589254
1,709,0.24900624607921878
1,710,0.6017508644527042
1,711,0.6233854365194847
1,712,0.4799741236075714
1,713,0.42782395871617873
1,714,0.3633997050097099
1,715,0.3973920857447256
1,716,0.3120365313979328
1,717,0.5467372821230454
1,718,0.18762995931632134
1,719,0.6947542698720732
1,720,0.4811263819988285
1,721,0.37614539682452003
1,722,0.2660331695965712
1,723,0.39797737047350684
1,724,0.6275083200053138
1,725,0.7454449664090311
1,726,0.34933454418834703
1,727,0.6044549206667366
1,728,0.5741370367358363
1,729,0.5202991786622168
1,730,0.6092601610985027
1,731,0.549279508384581
1,732,0.15660262673904546
1,733,0.32455604301440527
1,734,0.538428649870459
1,735,0.3654884944961642
1,736,0.3338432210025493
1,737,0.3136341976258875
1,738,0.266379499521797
1,739,0.5734074457968884
1,740,0.29750168905473684
1,741,0.5604488604279962
1,742,0.6562098460352606
1,743,0.4517052860800578
1,744,0.3708644360930851
1,745,0.32924376511295694
1,746,0.6194493223580091
1,747,0.4911018478365145
1,748,0.4581819621268478
1,749,0.47283212234084077
1,750,0.4058702627484099
1,751,0.27532978990343265
1,752,0.46707661211163687
1,753,0.36625453955589876
1,754,0.24596322854937777
1,755,0.5947896952339498
1,756,0.6056866264978308
1,757,0.4592494110895558
1,758,0.43446150360029206
1,759,0.43977157815899526
1,760,0.28468258608064567
1,761,0.2765309776640571
1,762,0.3196296654227219
1,763,0.38463299932544964
1,764,0.40687809370898737
1,765,0.45617334764416423
1,766,0.444226018857723
1,767,0.4365364853190575
1,768,0.43509398185439463
1,769,0.45218286920792516
1,770,0.3978092612109289
1,771,0.6122131396432821
1,772,0.38819142095364895
1,773,0.3745412228946322
1,774,0.3539745226008426
1,775,0.1506444477762429
1,776,0.5879706542809721
1,777,0.6055773516144723
1,778,0.19044683551333325
1,779,0.29606762644580814
1,780,0.394814078102108
1,781,0.5761968440184956
1,782,0.4580983256282901
1,783,0.5443540882734801
1,784,0.45081121979362465
1,785,0.4034196672970994
1,786,0.46344952248955135
1,787,0.4793498011889246
1,788,0.40721136064045277
1,789,0.6328031589893963
1,790,0.31874949857918133
1,791,0.49338568308393843
1,792,0.5242256244487442
1,793,0.5294058478947161
1,794,0.38587890872110686
1,795,0.48324010401185646
1,796,0.44471423306173774
1,797,0.5327326983765037
1,798,0.4852850944625735
1,799,0.546942267123678
1,800,0.6292266261967194
1,801,0.5789916710893981
1,802,0.5817532742359611
1,803,0.4090732846596223
1,804,0.2616168067610818
1,805,0.3219370751340356
1,806,0.3861764782479382
1,807,0.4662294480679141
1,808,0.30680342745836653
1,809,0.45256495974871686
1,810,0.40779338570753076
1,811,0.5677506315081887
1,812,0.5017075654637176
1,813,0.321116874242979
1,814,0.4041558469764665
1,815,0.46517646326494044
1,816,0.3159921490728972
1,817,0.26717797107505714
1,818,0.558207887259796
1,819,0.3043068871878389
1,820,0.646542103372038
1,821,0.6550474405961266
1,822,0.38640943172124326
1,823,0.2962682660870623
1,824,0.08500010935840172
1,825,0.290409488200902
1,826,0.6442680544518844
1,827,0.5284932398622628
1,828,0.3993096524683972
1,829,0.6295427043795426
1,830,0.6478360112103992
1,831,0.3919270924736914
1,832,0.376081957833433
1,833,0.49761700469049974
1,834,0.4549348974218207
1,835,0.39744827514334047
1,836,0.2826667018234052
1,837,0.41626120856485266
1,838,0.36913026544239247
1,839,0.6594742122563112
1,840,0.3130948611972046
1,841,0.540464886439021
1,842,0.4474717444101108
1,843,0.4108371497971791
1,844,0.32805113093082683
1,845,0.16995133705471901
1,846,0.38987588397215395
1,847,0.24884941355545057
1,848,0.34299374893458745
1,849,0.4267212140550766
1,850,0.35599010517005236
1,851,0.15358792253712092
1,852,0.5911573403289963
1,853,0.48671011935166125
1,854,0.3599118119435747
1,855,0.4351529509930122
1,856,0.4905090310513247
1,857,0.306474654696674
1,858,0.5392526691023566
1,859,0.2914240094053752
1,860,0.3576887017506002
1,861,0.3576887017506002
1,862,0.30115479383219457
1,863,0.3943732953020624
1,864,0.44545793035224857
1,865,0.3730106024308022
1,866,0.4989482286528479
1,867,0.5621121002617353
1,868,0.4789866252424714
1,869,0.33328503404337084
1,870,0.5733323360567827
1,871,0.46322719256463724
1,872,0.8168496038236204
1,873,0.43710739135784143
1,874,0.4731729174694634
1,875,0.5871202906744302
1,876,0.5925876627998125
1,877,0.4127619515157682
1,878,0.5687550427404056
1,879,0.23126244928238127
1,880,0.5381215786908967
1,881,0.4172785145896856
1,882,0.35358197670550146
1,883,0.5971144408138022
1,884,0.4239719367925896
1,885,0.4372092229319261
1,886,0.4578989652964448
1,887,0.6029139405459011
1,888,0.4947478313667495
1,889,0.6482311678444638
1,890,0.34347868365100104
1,891,0.43545962957528667
1,892,0.4781831818918798
1,893,0.5092919992267009
1,894,0.4848952838699052
1,895,0.6205132262068358
1,896,0.6248819818037392
1,897,0.4930275287479587
1,898,0.3353248270477727
1,899,0.5320111890706577
1,900,0.3881280406511587
1,901,0.5213486097870057
1,902,0.314444865231332
1,903,0.6025764605994985
1,904,0.47208006358311955
1,905,0.5248889992236361
1,906,0.48316721423954984
1,907,0.23332881437990152
1,908,0.3689734832017548
1,909,0.3742794336701052
1,910,0.34646127394304904
1,911,0.2992207779847342
1,912,0.42830163456234777
1,913,0.3991859646037072
1,914,0.4942891990837693
1,915,0.5564642233143924
1,916,0.4307404631699981
1,917,0.22842036901257592
1,918,0.3104299160851609
1,919,0.33621186217637067
1,920,0.424623800101065
1,921,0.43016106375640584
1,922,0.3935039751288985
1,923,0.5128633579941261
1,924,0.2981228843530982
1,925,0.19599689826160827
1,926,0.5115531858886236
1,927,0.19366903004956967
1,928,0.2766269615516993
1,929,0.4748086977809739
1,930,0.49263332540980487
1,931,0.31055641240825893
1,932,0.327376930678213
1,933,0.4968386367421087
1,934,0.44235383262456945
1,935,0.23786831752163434
1,936,0.37137741603586744
1,937,0.3866834148762118
1,938,0.40824770194867316
1,939,0.35487416319915005
1,940,0.41250784138904706
1,941,0.4053824238256256
1,942,0.3568071072599228
1,943,0.5576365010578432
1,944,0.8522223283886032
1,945,0.8391657093045211
1,946,0.7181286367376191
1,947,0.16271402253591974
1,948,0.5401356607474782
1,949,0.44849503964488263
1,950,0.35604410727545527
1,951,0.27596699185867873
1,952,0.548308265259845
1,953,0.3441703938152705
1,954,0.47357761601281817
1,955,0.4587143084218698
1,956,0.31840666902130577
1,957,0.25092309477987707
1,958,0.7466176127228196
1,959,0.7077742248648893
1,960,0.29589128383510266
1,961,0.323080811190204
1,962,0.4199128757086606
1,963,0.44911226546132565
1,964,0.3923275095124885
1,965,0.48078596221831
1,966,0.2602226358395569
1,967,0.3211028177715505
1,968,0.38425705173211466
1,969,0.431922377769409
1,970,0.2817057529161746
1,971,0.3346738387847661
1,972,0.39230680177832483
1,973,0.6133647959507523
1,974,0.4706324441691689
1,975,0.32572003249608766
1,976,0.36987804102573996
1,977,0.5239767500565061
1,978,0.4587904606145215
1,979,0.4956175526673877
1,980,0.8122742575656544
1,981,0.43552016455465914
1,982,0.5062389503479808
1,983,0.33290533234320874
1,984,0.23979315198250803
1,985,0.2779841738918762
1,986,0.3300415012645554
1,987,0.16077746317129268
1,988,0.47373464013764977
1,989,0.3345026299874713
1,990,0.27034498882816504
1,991,0.47272668502274884
1,992,0.1819410440875412
1,993,0.33979306823496763
1,994,0.4548508711899962
1,995,0.4882665260906603
1,996,0.5240006743708651
1,997,0.42684747179691146
1,998,0.5328410910993248
1,999,0.5417716286290588
1,1000,0.558445680763934
1,1001,0.36997248020614365
1,1002,0.4225993533762494
1,1003,0.4376093019801352
1,1004,0.4716051545935978
1,1005,0.29471122896239654
1,1006,0.5456053152359835
1,1007,0.3884363338690396
1,1008,0.2691578053493985
1,1009,0.2557075949831855
1,1010,0.5791285904589142
1,1011,0.5979482725454367
1,1012,0.5146213727673165
1,1013,0.6449014837956824
1,1014,0.5990831977683014
1,1015,0.3469217953187512
1,1016,0.5342270024290535
1,1017,0.5991982072778124
1,1018,0.2616300312024823
1,1019,0.28474282749816193
1,1020,0.4166134808065957
1,1021,0.4816265570259932
1,1022,0.21883951448053687
1,1023,0.5754923737438498
1,1024,0.4980512971933635
1,1025,0.2969565872741236
1,1026,0.5538239900698655
1,1027,0.4234233881509396
1,1028,0.34677145916300506
1,1029,0.3957564070461822
1,1030,0.3375224511860002
1,1031,0.3663276433064169
1,1032,0.46348279878791865
1,1033,0.35013277112348984
1,1034,0.4076158643239014
1,1035,0.3661690244925405
1,1036,0.6206217582411802
1,1037,0.244164754848661
1,1038,0.31195190957684255
1,1039,0.6484495633267856
1,1040,0.5599737357954303
1,1041,0.401393761627234
1,1042,0.5575876362942913
1,1043,0.19911967571174125
1,1044,0.43236274397243457
1,1045,0.49187837179010396
1,1046,0.33827969911307804
1,1047,0.5440312397343532
1,1048,0.35833855753734223
1,1049,0.6177932226906266
1,1050,0.6444289287911188
1,1051,0.30374468949094036
1,1052,0.2631129775072472
1,1053,0.47999325694525286
1,1054,0.606636196936354
1,1055,0.47297002115652487
1,1056,0.426961920620208
1,1057,0.47487688326100874
1,1058,0.5865099534821032
1,1059,0.378294170582761
1,1060,0.4271993468101711
1,1061,0.5726671483714183
1,1062,0.45500980151098
1,1063,0.4511355254191821
1,1064,0.4578811456872678
1,1065,0.5310546456974288
1,1066,0.6604839768579158
1,1067,0.28356668619836917
1,1068,0.6632067876545273
1,1069,0.5002961903560526
1,1070,0.5840386892006565
1,1071,0.3268663222714832
1,1072,0.511053994812649
1,1073,0.5056592862061258
1,1074,0.7032124553029349
1,1075,0.8147934717589101
1,1076,0.7006877972039669
1,1077,0.46251966939531447
1,1078,0.5298970452441478
1,1079,0.5800475384569033
1,1080,0.583903170332107
1,1081,0.4558170443907479
1,1082,0.4663848507053772
1,1083,0.34727074101521666
1,1084,0.17706086764567555
1,1085,0.3819383896144326
1,1086,0.2564492826355491
1,1087,0.37191748763811694
1,1088,0.5641889316494789
1,1089,0.3936444125036623
1,1090,0.4080423494566767
1,1091,0.5704356350925596
1,1092,0.4039981982919328
1,1093,0.5826177150900399
1,1094,0.4884337403180046
1,1095,0.2994558087954652
1,1096,0.5328237337898691
1,1097,0.5378971033229497
1,1098,0.47812622524519177
1,1099,0.6232485746217039
1,1100,0.5788125395522664
1,1101,0.6829653595105454
1,1102,0.47972310585887723
1,1103,0.6338911979872099
1,1104,0.536740435541212
1,1105,0.7151255707984413
1,1106,0.5431926399648914
1,1107,0.6631398651481726
1,1108,0.6560801298436715
1,1109,0.22536560347974327
1,1110,0.5695540981622523
1,1111,0.656134453030315
1,1112,0.612040941903579
1,1113,0.592312163492713
1,1114,0.6706629967909524
1,1115,0.6541128015456024
1,1116,0.21498388434665994
1,1117,0.5469062221335939
1,1118,0.7273041820236075
1,1119,0.6757621645689305
1,1120,0.4457777105880223
1,1121,0.4317445093746752
1,1122,0.7467872933473616
1,1123,0.7646648119263711
1,1124,0.6081501428137095
1,1125,0.41748705062463204
1,1126,0.33706168035201106
1,1127,0.3546869664655296
1,1128,0.5806028092276116
1,1129,0.45966155069917153
1,1130,0.5605147592463344
1,1131,0.4053405568353038
1,1132,0.25156459305282913
1,1133,0.4125430521497558
1,1134,0.244379762270583
1,1135,0.38008239097103436
1,1136,0.398209116895264
1,1137,0.44553214051296647
1,1138,0.31544558176820636
1,1139,0.4425774660423402
1,1140,0.45823633149879467
1,1141,0.4870564735594728
1,1142,0.473079963013955
1,1143,0.47062963910444355
1,1144,0.547486092704785
1,1145,0.449036559243842
1,1146,0.6684309054027467
1,1147,0.6539657060609019
1,1148,0.6006225293300913
1,1149,0.39910173716380876
1,1150,0.580773677406567
1,1151,0.45833452858497714
1,1152,0.6164662874761614
1,1153,0.6434309632427752
1,1154,0.46150830691090494
1,1155,0.15768913393041653
1,1156,0.30167974136227516
1,1157,0.3854278274965849
1,1158,0.10511139125985887
1,1159,0.6501832478419342
1,1160,0.5568925597204938
1,1161,0.6343415752354057
1,1162,0.32596958443592716
1,1163,0.5654474623126666
1,1164,0.28424596419041914
1,1165,0.6097291823797665
1,1166,0.6596963449315034
1,1167,0.5696395518132805
1,1168,0.36858435017657626
1,1169,0.4678924742383294
1,1170,0.3530201241777263
1,1171,0.42927110353808695
1,1172,0.44159641355243956
1,1173,0.4498153284883555
1,1174,0.543150112889177
1,1175,0.5091819229682119
1,1176,0.4030284230154957
1,1177,0.3346176575261289
1,1178,0.26849743166540346
1,1179,0.37593677218097293
1,1180,0.6220749525569659
1,1181,0.21508994823435162
1,1182,0.3943163527120509
1,1183,0.2500570817072866
1,1184,0.47081168964141473
1,1185,0.44558958311856794
1,1186,0.5159977514777871
1,1187,0.3871187138001743
1,1188,0.4024634137882838
1,1189,0.4300415643488069
1,1190,0.2882101862718727
1,1191,0.4930304974942252
1,1192,0.4313848770042829
1,1193,0.7279690758743769
1,1194,0.7274741947490811
1,1195,0.5428336482491146
1,1196,0.3127883888376962
1,1197,0.36618646615748035
1,1198,0.367533231909271
1,1199,0.6191411159753719
1,1200,0.5320716281483509
1,1201,0.506931962071096
1,1202,0.49090536332001394
1,1203,0.45532434233354685
1,1204,0.5468969511956624
1,1205,0.5327665022579066
1,1206,0.6672393037681223
1,1207,0.44734062313086503
1,1208,0.3441391358271053
1,1209,0.5719132287351575
1,1210,0.5614603070671894
1,1211,0.6363159051767738
1,1212,0.6849159803065787
1,1213,0.6817751389017258
1,1214,0.23769970401875884
1,1215,0.26206419548689885
1,1216,0.30415284667242415
1,1217,0.3624836899611621
1,1218,0.4880445350611509
1,1219,0.3159331045863092
1,1220,0.515316823399335
1,1221,0.3398506737654744
1,1222,0.6281810780523299
1,1223,0.2960394963313499
1,1224,0.3876246019304743
1,1225,0.5661625656186025
1,1226,0.5741719625477261
1,1227,0.4735355179504634
1,1228,0.6281078440539485
1,1229,0.6477016131838399
1,1230,0.3683106498741659
1,1231,0.5573461239287595
1,1232,0.3877198834251816
1,1233,0.5241114110406003
1,1234,0.6108630148004763
1,1235,0.5512679004355349
1,1236,0.43296586084825
1,1237,0.4195814852727968
1,1238,0.3268547767570241
1,1239,0.4176216525397966
1,1240,0.4473949117583238
1,1241,0.47419137104747355
1,1242,0.5203468047931205
1,1243,0.6661809956907538
1,1244,0.5951973017881904
1,1245,0.5843850364677383
1,1246,0.5065145590836558
1,1247,0.5866679625707862
1,1248,0.5685691315271962
1,1249,0.6846723370648172
1,1250,0.45966062709276007
1,1251,0.1495742108837425
1,1252,0.12085417092886645
1,1253,0.3507418406954364
1,1254,0.41236919106658554
1,1255,0.45367801520930606
1,1256,0.42933147945452904
1,1257,0.3862573779237942
1,1258,0.4319762167445887
1,1259,0.6082722397260042
1,1260,0.3381776542906369
1,1261,0.259178098617474
1,1262,0.3935284944992755
1,1263,0.6367457089394514
1,1264,0.31203530380027467
1,1265,0.31854610815395307
1,1266,0.3186071951284707
1,1267,0.4072893971222092
1,1268,0.3981293054724269
1,1269,0.40067759393777136
1,1270,0.6454538244088963
1,1271,0.2951233657593054
1,1272,0.3453482047411626
1,1273,0.40128305766143463
1,1274,0.4504881511859248
1,1275,0.43081755276236056
1,1276,0.26004641316287386
1,1277,0.6494627845222019
1,1278,0.2978180893214729
1,1279,0.38407365839684215
1,1280,0.5722321588691173
1,1281,0.6613204942640956
1,1282,0.5069872871153149
1,1283,0.5389668674559258
1,1284,0.3884019639997002
1,1285,0.4220937957475418
1,1286,0.6065579951364174
1,1287,0.5993504916630573
1,1288,0.42275739222301656
1,1289,0.41546114044518095
1,1290,0.3213286540603812
1,1291,0.1948202953221989
1,1292,0.3948336582840895
1,1293,0.22734344789461008
1,1294,0.6879915070465752
1,1295,0.5111649782536501
1,1296,0.5111649782536501
1,1297,0.5989369532847885
1,1298,0.37856489632453766
1,1299,0.49682247123342677
1,1300,0.37798621289626305
1,1301,0.485976107698879
1,1302,0.5016599559255964
1,1303,0.31871093120022126
1,1304,0.7837169996435335
1,1305,0.6603378552191653
1,1306,0.6574722004734522
1,1307,0.6608899882017742
1,1308,0.24643705983265027
1,1309,0.6003140367862638
1,1310,0.571252325719807
1,1311,0.4910067652038003
1,1312,0.5205251972335911
1,1313,0.444581882160394
1,1314,0.4141399230147157
1,1315,0.43998280736719003
1,1316,0.6546261524904037
1,1317,0.5904097573292872
1,1318,0.3808828422919136
1,1319,0.4489608290079637
1,1320,0.3415087539721548
1,1321,0.32496760429597615
1,1322,0.3245275170530756
1,1323,0.277048154431012
1,1324,0.1461569433906311
1,1325,0.3802520528983026
1,1326,0.49897476207079017
1,1327,0.2216790287257678
1,1328,0.3255749147423828
1,1329,0.6255959705556711
1,1330,0.24620739466297223
1,1331,0.44909024640989986
1,1332,0.45455650172793327
1,1333,0.6224314765513481
1,1334,0.524749123227073
1,1335,0.5180316334561328
1,1336,0.37909909459594987
1,1337,0.34893282343461585
1,1338,0.5145090538298398
1,1339,0.37019260794869746
1,1340,0.48317034095838146
1,1341,0.38913634863436636
1,1342,0.34176801762626635
1,1343,0.5464478977098606
1,1344,0.5481380809332529
1,1345,0.3589883963896167
1,1346,0.37131286579693695
1,1347,0.4306301950150665
1,1348,0.5256358557119484
1,1349,0.7305385633141193
1,1350,0.8150945118870867
1,1351,0.7748702682880322
1,1352,0.41932425059855
1,1353,0.718413784333633
1,1354,0.22092735951210435
1,1355,0.4631017630059821
1,1356,0.5699332231541452
1,1357,0.2835606467673747
1,1358,0.5268315959028759
1,1359,0.4533392894564248
1,1360,0.2345292041982017
1,1361,0.4639011138204018
1,1362,0.2987297143331293
1,1363,0.35321135422194927
1,1364,0.6878211721863107
1,1365,0.33592358794808874
1,1366,0.6012204411916817
1,1367,0.6603874487707475
1,1368,0.620397865645247
1,1369,0.678416618856664
1,1370,0.5195511749077872
1,1371,0.5399629124119754
1,1372,0.38912633916634537
1,1373,0.6618532997081257
1,1374,0.6282008347625242
1,1375,0.47552641220124253
1,1376,0.3126513985342148
1,1377,0.2565900270289697
1,1378,0.3742268754494434
1,1379,0.5389686396374055
1,1380,0.3949774681353316
1,1381,0.37308844712955913
1,1382,0.18745221013207095
1,1383,0.3501267678771223
1,1384,0.534139753739394
1,1385,0.5670700596802475
1,1386,0.5891561850935133
1,1387,0.34803781408884826
1,1388,0.6418538319722694
1,1389,0.46947928446702203
1,1390,0.6064441325207951
1,1391,0.4687354748253686
1,1392,0.715011282181702
1,1393,0.37491023297977777
1,1394,0.23889106033408844
1,1395,0.6496626598282288
1,1396,0.5454888171889412
1,1397,0.294900482951745
1,1398,0.3525553319887251
1,1399,0.5469145605544116
1,1400,0.48654260953731804
1,1401,0.5020440913051757
1,1402,0.5088737165708703
1,1403,0.5633866469525364
1,1404,0.3969484958294712
1,1405,0.5746947682315725
1,1406,0.2990003599580477
1,1407,0.5116897809059675
1,1408,0.44292700586850514
1,1409,0.45371115349892766
1,1410,0.5581889669155233
1,1411,0.4160166623403871
1,1412,0.640732085358468
1,1413,0.576313046813819
1,1414,0.40005874819884885
1,1415,0.523754530888931
1,1416,0.37303839588634846
1,1417,0.14600405650103085
1,1418,0.35604487221695763
1,1419,0.7440313762995315
1,1420,0.8279185850563626
1,1421,0.5558918893084348
1,1422,0.46912008798376187
1,1423,0.6069644275649465
1,1424,0.5849605963159773
1,1425,0.6070502524342534
1,1426,0.4106425327868782
1,1427,0.5331543505395245
1,1428,0.46835741714135676
1,1429,0.720331928522408
1,1430,0.7643798903815351
1,1431,0.3294458937786253
1,1432,0.4469449028848555
1,1433,0.3759177369813463
1,1434,0.38530418139843825
1,1435,0.5974318234896867
1,1436,0.437173642044227
1,1437,0.2808075824966354
1,1438,0.31903407336483275
1,1439,0.4081034028868276
1,1440,0.45408497650135365
1,1441,0.3691603148136616
1,1442,0.5149250227618138
1,1443,0.36371896466356085
1,1444,0.37746535199795556
1,1445,0.39079003876990326
1,1446,0.4324864515405483
1,1447,0.5375643750599074
1,1448,0.37079624035905545
1,1449,0.35960239324256177
1,1450,0.4111844685312132
1,1451,0.277842202078244
1,1452,0.1971746526256395
1,1453,0.6946770908447619
1,1454,0.16979401334258454
1,1455,0.1856707335983599
1,1456,0.3574556733630334
1,1457,0.505982488289201
1,1458,0.4123351581502113
1,1459,0.21656914515901712
1,1460,0.6845920205122099
1,1461,0.47382238966712603
1,1462,0.38062086219520463
1,1463,0.6368052762580958
1,1464,0.4535649635265468
1,1465,0.554157468898454
1,1466,0.5785747788564275
1,1467,0.40691458280605974
1,1468,0.4800110738566075
1,1469,0.4861169051731825
1,1470,0.2788091054627233
1,1471,0.5926644233259203
1,1472,0.22050308251688902
1,1473,0.4619344125953815
1,1474,0.4818849889409996
1,1475,0.46344871619426764
1,1476,0.43450276003989147
1,1477,0.7068086136097362
1,1478,0.7835306722783899
1,1479,0.8007155267022371
1,1480,0.4322381845701374
1,1481,0.6216074486956326
1,1482,0.40301729912374795
1,1483,0.431110233803791
1,1484,0.4377899820579167
1,1485,0.3342598613639307
1,1486,0.4400603090461779
1,1487,0.5517776828664278
1,1488,0.3116626732262981
1,1489,0.44483169515076704
1,1490,0.3790902136220989
1,1491,0.6583458986029389
1,1492,0.5476020448238378
1,1493,0.4268783806698281
1,1494,0.5380807151951281
1,1495,0.4399291598162542
1,1496,0.3940858279432412
1,1497,0.615892740620188
1,1498,0.4769932881237394
1,1499,0.5478098596508195
1,1500,0.4920726302591548
1,1501,0.3719895973681151
1,1502,0.3213879802787225
1,1503,0.3112134106806637
1,1504,0.2914978250238837
1,1505,0.27595676297298444
1,1506,0.4452445973707061
1,1507,0.2703598503705229
1,1508,0.5754604412407939
1,1509,0.6225229428111332
1,1510,0.09050898435487718
1,1511,0.10431733497896074
1,1512,0.26174621805909404
1,1513,0.3780096133170508
1,1514,0.8500758724036919
1,1515,0.8651355759488272
1,1516,0.6644177103594611
1,1517,0.3258800001347345
1,1518,0.5163296353924473
1,1519,0.4031424697077846
1,1520,0.5211379990681266
1,1521,0.1867539029049974
1,1522,0.39436878257820535
1,1523,0.47234343408409946
1,1524,0.4737662089523594
1,1525,0.47532225663007854
1,1526,0.4923742690495586
1,1527,0.4075349754394864
1,1528,0.4316551482251751
1,1529,0.4873238416003883
1,1530,0.43366127127426785
1,1531,0.5789852266165268
1,1532,0.4459654059756184
1,1533,0.6011819269149726
1,1534,0.3170264370707063
1,1535,0.4141167312304473
1,1536,0.48607599706653337
1,1537,0.5756348796120712
1,1538,0.4522311583149846
1,1539,0.4334405423710944
1,1540,0.28336211442226544
1,1541,0.29748254168030197
1,1542,0.42615426553434604
1,1543,0.467763174143828
1,1544,0.12602825096696302
1,1545,0.47308436558125194
1,1546,0.2678247238260159
1,1547,0.38286320240513855
1,1548,0.4150497333616639
1,1549,0.3095995519578105
1,1550,0.47171431065775343
1,1551,0.40675825869701493
1,1552,0.4067368346025748
1,1553,0.5500960060613794
1,1554,0.40725758591452743
1,1555,0.4278856218788316
1,1556,0.42989555118976913
1,1557,0.540080960664094
1,1558,0.5707171073971972
1,1559,0.5841870794760071
1,1560,0.34835470138177055
1,1561,0.45199479409216403
1,1562,0.270857460076933
1,1563,0.36193026781932786
1,1564,0.5880870157788833
1,1565,0.484114787738155
1,1566,0.38213349123418516
1,1567,0.5118947414623992
1,1568,0.548379191187991
1,1569,0.470292890246029
1,1570,0.5990288229868543
1,1571,0.40435658660387364
1,1572,0.5254136393889102
1,1573,0.6986130277567288
1,1574,0.3890428421022136
1,1575,0.37274710869590366
1,1576,0.4389342346744191
1,1577,0.3115372274847038
1,1578,0.29920745824177913
1,1579,0.211165230395288
1,1580,0.5023383431962949
1,1581,0.34595954823378516
1,1582,0.29711422399782117
1,1583,0.41753290168027374
1,1584,0.5965713885595603
1,1585,0.4577015593111594
1,1586,0.6920197666574517
1,1587,0.31135104581723994
1,1588,0.6459998665704277
1,1589,0.22864806829574927
1,1590,0.37767444609845613
1,1591,0.4473976193458867
1,1592,0.31280234135966895
1,1593,0.43086247044756576
1,1594,0.6444695678113136
1,1595,0.16420007009317597
1,1596,0.3132514954075611
1,1597,0.18333075446241917
1,1598,0.1387746364695686
1,1599,0.4071337451526359
1,1600,0.2933904365306634
1,1601,0.6435773027395133
1,1602,0.5487644129277408
1,1603,0.5469120531899553
1,1604,0.27735841125553645
1,1605,0.23484203298523326
1,1606,0.4097926281591206
1,1607,0.6351705628456733
1,1608,0.44176168793978177
1,1609,0.25743222363142587
1,1610,0.21867568653021938
1,1611,0.44203408181577863
1,1612,0.37610884787753784
1,1613,0.35226274040698946
1,1614,0.34129791046434227
1,1615,0.5830401966451184
1,1616,0.2704075442136386
1,1617,0.794296431468446
1,1618,0.6685483232837087
1,1619,0.461208702122046
1,1620,0.5678962058108806
1,1621,0.3887489117813364
1,1622,0.37988125209911355
1,1623,0.5000040609147851
1,1624,0.38042427297463294
1,1625,0.5392669496721686
1,1626,0.5205942529322548
1,1627,0.5306067933658509
1,1628,0.3174114745838181
1,1629,0.28047841341603946
1,1630,0.44180735665595244
1,1631,0.42391931847120934
1,1632,0.3350639734877456
1,1633,0.3339645872775886
1,1634,0.5846584109694536
1,1635,0.21766115998461158
1,1636,0.17974649876422039
1,1637,0.22619736365805518
1,1638,0.4870804447701729
1,1639,0.39628630128888526
1,1640,0.5251218390020181
1,1641,0.48800770596159
1,1642,0.1774784037657406
1,1643,0.1575678149540117
1,1644,0.36435685240014654
1,1645,0.3527621694127598
1,1646,0.45957156615322076
1,1647,0.33769343432666904
1,1648,0.5257985740285428
1,1649,0.5002817671228111
1,1650,0.6763273213598495
1,1651,0.4417638728164766
1,1652,0.5028873302986689
1,1653,0.2306427128091598
1,1654,0.6269418148698532
1,1655,0.405792849660791
1,1656,0.3152238485919397
1,1657,0.2204147557247483
1,1658,0.31920426006718844
1,1659,0.5989841876043471
1,1660,0.4462031755828858
1,1661,0.4041771601439095
1,1662,0.2730891850091013
1,1663,0.7098092283471651
1,1664,0.48526727389763674
1,1665,0.419856062918683
1,1666,0.42367994624947747
1,1667,0.3230004748735941
1,1668,0.29425509497209357
1,1669,0.27037632103053977
1,1670,0.18797658909737253
1,1671,0.43988715829928005
1,1672,0.509571150174816
1,1673,0.27488547697008986
1,1674,0.35255217963653473
1,1675,0.4722755767789522
1,1676,0.5046199184152452
1,1677,0.48314377078480697
1,1678,0.5491803723767881
1,1679,0.414731936646875
1,1680,0.4768232605931981
1,1681,0.2895794568044022
1,1682,0.3547553981218511
1,1683,0.5340631652987423
1,1684,0.5876085692094699
1,1685,0.6395010019105857
1,1686,0.6710912937810607
1,1687,0.3883743580389512
1,1688,0.5348718223069254
1,1689,0.5731116143364434
1,1690,0.30765143062303485
1,1691,0.3594735049390121
1,1692,0.692368835633364
1,1693,0.3331948783859128
1,1694,0.5210016676959853
1,1695,0.3811752368154503
1,1696,0.42365454791139207
1,1697,0.29069930305325664
1,1698,0.47455878166150073
1,1699,0.5490540807778759
1,1700,0.6334311823937929
1,1701,0.45411092366909356
1,1702,0.4869172026889029
1,1703,0.5280659757487263
1,1704,0.42429135685784547
1,1705,0.48055445993344004
1,1706,0.5275474382008063
1,1707,0.42045396259394974
1,1708,0.7811505056315878
1,1709,0.4266206464521258
1,1710,0.49212241164961784
1,1711,0.5494880939116246
1,1712,0.40841515455853106
1,1713,0.5180236940195694
1,1714,0.5052377429976516
1,1715,0.44346954623426404
1,1716,0.5658130720718216
1,1717,0.48895800033741055
1,1718,0.46762085515585644
1,1719,0.5566193414080864
1,1720,0.3314447463724238
1,1721,0.7439747427459065
1,1722,0.7047437216897625
1,1723,0.4320177429628822
1,1724,0.5557967809184425
1,1725,0.5702938693982353
1,1726,0.3577520451611298
1,1727,0.5479293361899104
1,1728,0.4493337777852315
1,1729,0.41605902161112157
1,1730,0.4811257691764872
1,1731,0.5154840559736557
1,1732,0.45214174785896477
1,1733,0.6629515290209251
1,1734,0.31272308925571407
1,1735,0.36520021902376076
1,1736,0.48926008352163375
1,1737,0.37878532785728714
1,1738,0.42154024852141836
1,1739,0.27771205040325875
1,1740,0.4258937112213445
1,1741,0.521363050792886
1,1742,0.2938667323466747
1,1743,0.6161763597188454
1,1744,0.2785448625492063
1,1745,0.6403061785941876
1,1746,0.3346233784052737
1,1747,0.3643082393116832
1,1748,0.7029058641976494
1,1749,0.17355423997630462
1,1750,0.43178058096622496
1,1751,0.4123883282065758
1,1752,0.23675617033079535
1,1753,0.5226245191352034
1,1754,0.3205067144754374
1,1755,0.4122529365284547
1,1756,0.26800826616712703
1,1757,0.37371339722445246
1,1758,0.46613385850070005
1,1759,0.4547129778571607
1,1760,0.6927034841815541
1,1761,0.4737385644944361
1,1762,0.48754685557864536
1,1763,0.5958967331737717
1,1764,0.41053533392117075
1,1765,0.46142712097202554
1,1766,0.44504953979348316
1,1767,0.4611047978158266
1,1768,0.26018644623775306
1,1769,0.12408956247213652
1,1770,0.8542838508410302
1,1771,0.7272470526761892
1,1772,0.2264344975849694
1,1773,0.38725054066869713
1,1774,0.5359575903886238
1,1775,0.27872921937045214
1,1776,0.4320988059368302
1,1777,0.41202058048315304
1,1778,0.33089380778722793
1,1779,0.41678531951990305
1,1780,0.6036973830947757
1,1781,0.36153471339115445
1,1782,0.5121519183894371
1,1783,0.26691822894050615
1,1784,0.6438519498766706
1,1785,0.5063377483956738
1,1786,0.5671143786765108
1,1787,0.2695167270074307
1,1788,0.3499091232464012
1,1789,0.3568982656792599
1,1790,0.2840784476012848
1,1791,0.2565470047090778
1,1792,0.43234972707625424
1,1793,0.5145298210261235
1,1794,0.7044741912320754
1,1795,0.6897583980415561
1,1796,0.3760667966607674
1,1797,0.5245603614217148
1,1798,0.5211996374505365
1,1799,0.553517852960335
1,1800,0.5204633112694677
1,1801,0.3597162653842628
1,1802,0.4902702381050334
1,1803,0.38529467860750244
1,1804,0.3992818179421482
1,1805,0.4761486626431399
1,1806,0.3075843798196116
1,1807,0.343876605902806
1,1808,0.33196209796459814
1,1809,0.6426477854540426
1,1810,0.35066313644036234
1,1811,0.664691054767735
1,1812,0.5903783645474927
1,1813,0.6509856323183835
1,1814,0.374323616973231
1,1815,0.5172910025900286
1,1816,0.4292589161037833
1,1817,0.4826246833212613
1,1818,0.47835487200724613
1,1819,0.39773550946573394
1,1820,0.358411700611295
1,1821,0.48180922494290557
1,1822,0.5324432158165394
1,1823,0.5007269499607666
1,1824,0.30317271337869783
1,1825,0.4633473982098123
1,1826,0.40662933941391877
1,1827,0.4563918647006623
1,1828,0.6561741299822786
1,1829,0.544596998168527
1,1830,0.4746714825607877
1,1831,0.4931292798234228
1,1832,0.8373162280117059
1,1833,0.7350650970032506
1,1834,0.8630055792945778
1,1835,0.5133407002614165
1,1836,0.6588516734044741
1,1837,0.5200448075591373
1,1838,0.5789423481379322
1,1839,0.6098094274376032
1,1840,0.33174056043680394
1,1841,0.47304961985097477
1,1842,0.54489878031116
1,1843,0.31332614730016184
1,1844,0.48907359922184074
1,1845,0.38820563206715086
1,1846,0.15055815914616075
1,1847,0.29891211702702986
1,1848,0.3562833030127864
1,1849,0.33026753561512023
1,1850,0.40098274379325455
1,1851,0.6629182058913645
1,1852,0.09393461266208601
1,1853,0.8574362532429343
1,1854,0.42471874543879884
1,1855,0.5151367116602975
1,1856,0.5862769971718172
1,1857,0.2866607955860885
1,1858,0.5057772804595079
1,1859,0.33898044128460636
1,1860,0.33703822345281464
1,1861,0.7374695268954933
1,1862,0.6008476561008769
1,1863,0.5050660931626145
1,1864,0.3781866761980548
1,1865,0.2521283971420494
1,1866,0.5371610569799513
1,1867,0.4691688730859007
1,1868,0.4141214138134113
1,1869,0.4842019242373719
1,1870,0.37993510737993746
1,1871,0.45295008654271635
1,1872,0.2964097323426523
1,1873,0.507522552539046
1,1874,0.5354997191047827
1,1875,0.45693563823053956
1,1876,0.6226112857563606
1,1877,0.6183883997255059
1,1878,0.6038970216612501
1,1879,0.45558521940928104
1,1880,0.4396021438148057
1,1881,0.3877971332402789
1,1882,0.4151804386768809
1,1883,0.5461675026994488
1,1884,0.546896118594722
1,1885,0.4200192701084384
1,1886,0.31381829368164976
1,1887,0.7989255513950758
1,1888,0.3664126163951661
1,1889,0.6021166457019002
1,1890,0.3947163590442065
1,1891,0.5775335558623832
1,1892,0.315663881520302
1,1893,0.7484663918081905
1,1894,0.8036110265396297
1,1895,0.5000926362098571
1,1896,0.38640961061751383
1,1897,0.2824068604892057
1,1898,0.2420917850635845
1,1899,0.6585222029985907
1,1900,0.8257558920252334
1,1901,0.7485437051924938
1,1902,0.6768592053234411
1,1903,0.705447293941374
1,1904,0.6961945406859912
1,1905,0.8504908498424831
1,1906,0.7305963740769068
1,1907,0.6848908527308167
1,1908,0.7064826064285438
1,1909,0.27719234838541873
1,1910,0.4053830324113749
1,1911,0.46884715942006805
1,1912,0.3856030077120164
1,1913,0.42544929182219376
1,1914,0.5057903861147591
1,1915,0.5554996682005378
1,1916,0.5573509415787136
1,1917,0.5655918063737558
1,1918,0.35187791259989565
1,1919,0.47256676305625267
1,1920,0.5007169055212854
1,1921,0.42512829252498374
1,1922,0.5206684306610883
1,1923,0.4486274342454399
1,1924,0.592286286671839
1,1925,0.43424250458856983
1,1926,0.5778719208057304
1,1927,0.4817827624790005
1,1928,0.45972682257363295
1,1929,0.7759008133608103
1,1930,0.74568012646889
1,1931,0.7829887464745173
1,1932,0.3912675981220056
1,1933,0.6463994258682751
1,1934,0.6179049139895264
1,1935,0.5865553188461696
1,1936,0.6782307508815808
1,1937,0.606106808961757
1,1938,0.28783544771076464
1,1939,0.547567036983395
1,1940,0.3837569146950485
1,1941,0.3477510183409954
1,1942,0.6134009176336717
1,1943,0.3906606781939157
1,1944,0.4798143957611444
1,1945,0.24845702455056495
1,1946,0.6049649095653759
1,1947,0.3732782835649654
1,1948,0.6453437894797079
1,1949,0.5110100127401758
1,1950,0.4527650320597694
1,1951,0.450910641442654
1,1952,0.24022178726702542
1,1953,0.2653355567310458
1,1954,0.4470348382583463
1,1955,0.26013111436850866
1,1956,0.5859965715688396
1,1957,0.4878275996359256
1,1958,0.48172616704304083
1,1959,0.46249722370957774
1,1960,0.4519127374882303
1,1961,0.5977896898517207
1,1962,0.4033699438215376
1,1963,0.5222043770971742
1,1964,0.3130460177868349
1,1965,0.3859651986179372
1,1966,0.42530750806423595
1,1967,0.6252451727823982
1,1968,0.2870585036939168
1,1969,0.3716079366189132
1,1970,0.4469888884903803
1,1971,0.588334714820982
1,1972,0.6003385553840118
1,1973,0.44954231403521916
1,1974,0.3220855189548625
1,1975,0.6033562260522789
1,1976,0.31509000577561047
1,1977,0.43041758612810266
1,1978,0.4956694404553737
1,1979,0.4777237185545679
1,1980,0.4665224798862311
1,1981,0.30580043262538725
1,1982,0.30727037477879565
1,1983,0.21878386646372483
1,1984,0.2533972997642717
1,1985,0.4518934533981093
1,1986,0.5058225720932993
1,1987,0.6108386455772534
1,1988,0.3109986768416534
1,1989,0.4309139446689554
1,1990,0.5079285258020861
1,1991,0.232392766875353
1,1992,0.32438716311788535
1,1993,0.5878297448935206
1,1994,0.5239599272545212
1,1995,0.35452546792222916
1,1996,0.3910829255825363
1,1997,0.45025561364387684
1,1998,0.45768828159807734
1,1999,0.4207217174848917
1,2000,0.4232875638757376
1,2001,0.43845098430764823
1,2002,0.5501969413182254
1,2003,0.5817128707957306
1,2004,0.5856077925448326
1,2005,0.39633479695508733
1,2006,0.32541711009730906
1,2007,0.48614456904785214
1,2008,0.6601521826174225
1,2009,0.5185437540397613
1,2010,0.4451428203317253
1,2011,0.4455818873832545
1,2012,0.3168442318164216
1,2013,0.5138666739722152
1,2014,0.5295928824969475
1,2015,0.47262606072928726
1,2016,0.5145760780913853
1,2017,0.54439489315042
1,2018,0.4610284019884679
1,2019,0.4560575389166911
1,2020,0.49550566464296253
1,2021,0.5260818102423203
1,2022,0.6924519446845514
1,2023,0.5188059840570031
1,2024,0.41861703596740457
1,2025,0.3414025799832577
1,2026,0.6237943011356638
1,2027,0.31336872179065683
1,2028,0.6363523434433311
1,2029,0.6609526000465253
1,2030,0.44839624893675406
1,2031,0.4615377805088317
1,2032,0.6932176178910068
1,2033,0.3209307101493797
1,2034,0.5751273028872492
1,2035,0.6152871028567848
1,2036,0.6002692853769893
1,2037,0.2764359993885969
1,2038,0.6060171807065281
1,2039,0.6514434191732079
1,2040,0.663621456917268
1,2041,0.45502585218117986
1,2042,0.37191868655543414
1,2043,0.7427641300874354
1,2044,0.6273193383855546
1,2045,0.4387069873499192
1,2046,0.18054103749666642
1,2047,0.13903040818399345
1,2048,0.20302059004975717
1,2049,0.6042082424860286
1,2050,0.20263783228277799
1,2051,0.24521298728421723
1,2052,0.31507013614816404
1,2053,0.4305514445135727
1,2054,0.40878478152559505
1,2055,0.5385703633168231
1,2056,0.43854495316301845
1,2057,0.4798014398158932
1,2058,0.49275031979274064
1,2059,0.42197572946194106
1,2060,0.3369738109012418
1,2061,0.565242727419413
1,2062,0.47582199311535084
1,2063,0.6193960320636365
1,2064,0.49678902262019936
1,2065,0.2711624364017977
1,2066,0.6538855993933225
1,2067,0.5497077713059749
1,2068,0.44241521734463807
1,2069,0.4639528617328217
1,2070,0.42997948691350824
1,2071,0.44733290299107525
1,2072,0.4753960096870181
1,2073,0.5594845385230847
1,2074,0.6862309731713813
1,2075,0.56082218262727
1,2076,0.5605095862096114
1,2077,0.4768982921134888
1,2078,0.234401825691278
1,2079,0.32624276546865744
1,2080,0.6747230270393889
1,2081,0.36318508176945363
1,2082,0.5994958706501223
1,2083,0.428282005853611
1,2084,0.48390001991263404
1,2085,0.3719563846011897
1,2086,0.4286437871302814
1,2087,0.5022521883152399
1,2088,0.48857483686106723
1,2089,0.5177699556020311
1,2090,0.25654454323461784
1,2091,0.25702619794822246
1,2092,0.4135674856303185
1,2093,0.5172587518777404
1,2094,0.6182226592356508
1,2095,0.3787861461348897
1,2096,0.44671904643933286
1,2097,0.46686197313213557
1,2098,0.44650984347898726
1,2099,0.4813262542575442
1,2100,0.45993111634102124
1,2101,0.47465220754671156
1,2102,0.45368986557997554
1,2103,0.341753485101024
1,2104,0.2008417017634075
1,2105,0.5443400427139558
1,2106,0.21447185061066804
1,2107,0.30066944710204785
1,2108,0.3923405048143492
1,2109,0.4750377470262424
1,2110,0.26313358451294533
1,2111,0.9591850540490383
1,2112,0.8455541210544869
1,2113,0.1299560255923627
1,2114,0.33717715336307236
1,2115,0.8082844044269806
1,2116,0.8250597095539002
1,2117,0.31015877336269654
1,2118,0.8741401590167185
1,2119,0.3194688384444284
1,2120,0.26629020501259226
1,2121,0.3989925167849459
1,2122,0.3515701215922847
1,2123,0.36935863648365364
1,2124,0.6449173076098076
1,2125,0.41427144931424953
1,2126,0.43093735326796617
1,2127,0.4979976989895494
1,2128,0.5156295987477143
1,2129,0.6157239945494811
1,2130,0.7047247195881607
1,2131,0.7413500445464544
1,2132,0.48804823540449777
1,2133,0.26926680946639125
1,2134,0.3207547247682869
1,2135,0.5681054434423243
1,2136,0.5570876836886498
1,2137,0.436342183408023
1,2138,0.2896568933332734
1,2139,0.5596352370400882
1,2140,0.4762270297644978
1,2141,0.40127326825521437
1,2142,0.5051675513282522
1,2143,0.3186087847242385
1,2144,0.46488522104920227
1,2145,0.44234617467370924
1,2146,0.3317100448700526
1,2147,0.3424512301832517
1,2148,0.7382062440619376
1,2149,0.3325238007136095
1,2150,0.3442871549233399
1,2151,0.41923374918447304
1,2152,0.2702980743767945
1,2153,0.36859691042312803
1,2154,0.3941679134591234
1,2155,0.3815620125673472
1,2156,0.5977053283094085
1,2157,0.3634504354158544
1,2158,0.38687174939977725
1,2159,0.27563565075599544
1,2160,0.37410530730566477
1,2161,0.31599432749078615
1,2162,0.4516474921262426
1,2163,0.49765665783149243
1,2164,0.6703204514748377
1,2165,0.7239567866930434
1,2166,0.7225961896090916
1,2167,0.43779048882847704
1,2168,0.49131585845792664
1,2169,0.6768263962929674
1,2170,0.604112747418699
1,2171,0.5211061087279952
1,2172,0.3914182460628535
1,2173,0.30098256537928914
1,2174,0.37582277600335107
1,2175,0.41749404572746
1,2176,0.42125477593787447
1,2177,0.30739007848279426
1,2178,0.3481398153641903
1,2179,0.2971250123126833
1,2180,0.3313843464903617
1,2181,0.32167012976968806
1,2182,0.2969987295155818
1,2183,0.6795780947625628
1,2184,0.632823256214697
1,2185,0.3702169794588808
1,2186,0.4179618747199998
1,2187,0.4462520635677346
1,2188,0.6421517882356439
1,2189,0.4658253153431888
1,2190,0.7284664179315585
1,2191,0.46544265432163867
1,2192,0.23324137741915973
1,2193,0.2463748136891247
1,2194,0.342014962545088
1,2195,0.5099445785817744
1,2196,0.3470402626581032
1,2197,0.6625314408548411
1,2198,0.5877041475467483
1,2199,0.6741092098155279
1,2200,0.41874277935842924
1,2201,0.3378904864547482
1,2202,0.5975885916305396
1,2203,0.36147194523376514
1,2204,0.5185934277065506
1,2205,0.5143536563713761
1,2206,0.6741259907976436
1,2207,0.6007247927092055
1,2208,0.39988238779073637
1,2209,0.623513790879435
1,2210,0.36199376111116327
1,2211,0.3999659092974382
1,2212,0.18064851359403084
1,2213,0.5593679892218915
1,2214,0.5186504434948803
1,2215,0.09985081519453201
1,2216,0.36268368121686484
1,2217,0.15041812704701837
1,2218,0.1069031155566855
1,2219,0.15625901658027677
1,2220,0.24863106365815876
1,2221,0.1393160822146251
1,2222,0.49611335922942945
1,2223,0.4074165731136992
1,2224,0.522618158479173
1,2225,0.4379209272733617
1,2226,0.43562035301612784
1,2227,0.3962604948255973
1,2228,0.4057911395194567
1,2229,0.35677285220394944
1,2230,0.6921071065451105
1,2231,0.46699890296756236
1,2232,0.4417745158930926
1,2233,0.4262169775598575
1,2234,0.6419566766578811
1,2235,0.5590551497522028
1,2236,0.4943521698403763
1,2237,0.442561702453358
1,2238,0.4579283453639056
1,2239,0.36860609724101584
1,2240,0.4254642611958465
1,2241,0.5871904423523581
1,2242,0.868284445244868
1,2243,0.8635186896437652
1,2244,0.7425481620139254
1,2245,0.3986772505001225
1,2246,0.4808467647461334
1,2247,0.32976111100547406
1,2248,0.5067105542850833
1,2249,0.3276899782788595
1,2250,0.6335836388458769
1,2251,0.3559730092664931
1,2252,0.5204767974680121
1,2253,0.3830156973647954
1,2254,0.40207133032679443
1,2255,0.3933523889728899
1,2256,0.48097461850706974
1,2257,0.3299077635728988
1,2258,0.3843666688877082
1,2259,0.45750099567163033
1,2260,0.6032301887902787
1,2261,0.45509421403322736
1,2262,0.2917748339738903
1,2263,0.3890627053063706
1,2264,0.5236574601118978
1,2265,0.4584130104728928
1,2266,0.440148297027519
1,2267,0.6754729345874463
1,2268,0.3154015269572706
1,2269,0.7411121538815905
1,2270,0.5963520447278097
1,2271,0.29199785068762946
1,2272,0.36606588246261845
1,2273,0.41584550988830704
1,2274,0.3723911439067114
1,2275,0.41644773043377153
1,2276,0.34891868871217147
1,2277,0.6236780572235535
1,2278,0.42004201074406167
1,2279,0.5567429268544228
1,2280,0.6748929993340249
1,2281,0.3990101984087229
1,2282,0.5918614484219868
1,2283,0.5432047711451345
1,2284,0.3353995622917338
1,2285,0.3988755220864499
1,2286,0.35494308892918097
1,2287,0.2275005691518032
1,2288,0.39588908482868523
1,2289,0.403935507425987
1,2290,0.630496558680296
1,2291,0.6469749886729625
1,2292,0.6104123035374027
1,2293,0.46557458592081497
1,2294,0.28867101327184935
1,2295,0.6047842790428093
1,2296,0.5078090685396272
1,2297,0.5877562648657957
1,2298,0.6257647310621423
1,2299,0.26636894474566253
1,2300,0.32756667821581303
1,2301,0.5065570536241579
1,2302,0.33717961246563727
1,2303,0.2825000409239937
1,2304,0.41436021535956835
1,2305,0.40767511239201876
1,2306,0.36063038670233705
1,2307,0.5301730556458424
1,2308,0.5394381183859457
1,2309,0.47364080391017777
1,2310,0.3721128677930101
1,2311,0.40811265380317147
1,2312,0.3995273707425603
1,2313,0.2936525103152719
1,2314,0.45377699046322384
1,2315,0.39032860021937127
1,2316,0.47494348918705276
1,2317,0.26815095534462624
1,2318,0.40110094668579155
1,2319,0.4850498298766047
1,2320,0.600872894943848
1,2321,0.6074659005530932
1,2322,0.6349801159977252
1,2323,0.43172110107863904
1,2324,0.4313569454754673
1,2325,0.29977992074185045
1,2326,0.29314120719531617
1,2327,0.15326467728741494
1,2328,0.4175280013099661
1,2329,0.3642693067911033
1,2330,0.3400837222291748
1,2331,0.6850407109489635
1,2332,0.5021610343433147
1,2333,0.5763039218520346
1,2334,0.5648324860569217
1,2335,0.4880830549788635
1,2336,0.2693659401219585
1,2337,0.3035499092162443
1,2338,0.4435208754164798
1,2339,0.5809056870355795
1,2340,0.7246585095135267
1,2341,0.5675742273248137
1,2342,0.46444779274804804
1,2343,0.32921218296018634
1,2344,0.17047887204972414
1,2345,0.7083005538570926
1,2346,0.19505058960280927
1,2347,0.6238009217979761
1,2348,0.411938938894321
1,2349,0.4851530218768104
1,2350,0.3682818066403358
1,2351,0.4703478752279178
1,2352,0.6238797863289832
1,2353,0.2594549326258085
1,2354,0.1253162339039271
1,2355,0.7493288041982604
1,2356,0.1704914092933967
1,2357,0.3275170625860599
1,2358,0.6992570901546334
1,2359,0.21848099029505905
1,2360,0.43936767874923144
1,2361,0.513151942940736
1,2362,0.583976086122701
1,2363,0.32665158801663957
1,2364,0.5120696286966381
1,2365,0.4327775935151651
1,2366,0.5009911716614454
1,2367,0.5119824276964444
1,2368,0.3626668578796271
1,2369,0.397592309650411
1,2370,0.503279576284111
1,2371,0.3957872481333856
1,2372,0.16569687163130195
1,2373,0.2486058836054511
1,2374,0.35877851622629126
1,2375,0.5162148162613625
1,2376,0.36313367586307366
1,2377,0.4197158924094217
1,2378,0.5786938264517553
1,2379,0.5544538130342179
1,2380,0.27017567540575216
1,2381,0.3600762441028883
1,2382,0.5375482910246293
1,2383,0.4939601054317401
1,2384,0.31222173347334126
1,2385,0.38937215700936906
1,2386,0.4068151024881179
1,2387,0.44374397659755355
1,2388,0.4215523804451842
1,2389,0.44423611774338184
1,2390,0.2618490175306479
1,2391,0.5155178744799995
1,2392,0.5369940668038721
1,2393,0.5779204791489967
1,2394,0.4610398748584874
1,2395,0.36790853521356165
1,2396,0.4090226280361555
1,2397,0.6614798026629229
1,2398,0.2983230019493752
1,2399,0.5370737138520393
1,2400,0.49087296224749233
1,2401,0.26046285655213103
1,2402,0.36358613296099157
1,2403,0.6273880940431072
1,2404,0.35524162184497315
1,2405,0.2504588876427405
1,2406,0.7134961937008727
1,2407,0.43909746011692535
1,2408,0.5487162256530507
1,2409,0.37058692153300277
1,2410,0.46871855606679835
1,2411,0.476319227749156
1,2412,0.5802244499323963
1,2413,0.3074829040073101
1,2414,0.30012278978766277
1,2415,0.3117041365473607
1,2416,0.3397403528649431
1,2417,0.6584076348659251
1,2418,0.3014289432486657
1,2419,0.28393177098874656
1,2420,0.17423382847273208
1,2421,0.3258045092310737
1,2422,0.70033729677583
1,2423,0.5604349568208559
1,2424,0.4211760471070435
1,2425,0.5414593929157135
1,2426,0.3686232431666399
1,2427,0.21360125795115636
1,2428,0.1888839771746191
1,2429,0.5314174803293689
1,2430,0.39167892980164193
1,2431,0.41923692569070214
1,2432,0.4767840131529419
1,2433,0.3074192507232661
1,2434,0.32852313427826635
1,2435,0.25328669508942697
1,2436,0.3301575301152937
1,2437,0.4207545691447944
1,2438,0.6179760824201939
1,2439,0.739397676254441
1,2440,0.5226710500050804
1,2441,0.4105697800336597
1,2442,0.32493840509868044
1,2443,0.4407169367861378
1,2444,0.30073264162460567
1,2445,0.4000047999968263
1,2446,0.2210476215858885
1,2447,0.13000778873689212
1,2448,0.13169671281813947
1,2449,0.7147974685505577
1,2450,0.31541850225904033
1,2451,0.22094307072779332
1,2452,0.252349058456706
1,2453,0.25173640345430004
1,2454,0.31548836477815456
1,2455,0.4222409129238268
1,2456,0.26849546922367523
1,2457,0.6472020086324354
1,2458,0.30510384331167156
1,2459,0.4502404285269913
1,2460,0.4083783713518495
1,2461,0.36046335511790306
1,2462,0.40272196061820015
1,2463,0.4945738185122097
1,2464,0.548661089815759
1,2465,0.4658648036791764
1,2466,0.3547035196310258
1,2467,0.6562904814817254
1,2468,0.5846474904296134
1,2469,0.7265067806070453
1,2470,0.6920113180770678
1,2471,0.6363260378503286
1,2472,0.30078832958888485
1,2473,0.4806186261065796
1,2474,0.5302709033894815
1,2475,0.27599472987805446
1,2476,0.412002862597434
1,2477,0.44375815913561134
1,2478,0.5161508002330896
1,2479,0.3598227795689169
1,2480,0.2956077331737482
1,2481,0.4229136196470272
1,2482,0.3910599152152729
1,2483,0.47443304884553056
1,2484,0.6603385620606965
1,2485,0.6786970171601557
1,2486,0.4238840035345942
1,2487,0.4697684541910684
1,2488,0.29563410423691167
1,2489,0.5065445357883008
1,2490,0.5002694827675005
1,2491,0.27255232733141266
1,2492,0.40787483977185685
1,2493,0.2806223721207177
1,2494,0.5580754909141807
1,2495,0.265489402244412
1,2496,0.500393966884258
1,2497,0.29912493398564943
1,2498,0.4866974448224542
1,2499,0.2799147619446244
1,2500,0.6902471046669348
1,2501,0.4360278192781827
1,2502,0.3498499146986932
1,2503,0.7117369234391626
1,2504,0.3688268415748001
1,2505,0.3695920992111214
1,2506,0.3665362310203329
1,2507,0.27416783748602414
1,2508,0.4072267756333796
1,2509,0.4405976733168082
1,2510,0.42710208968116
1,2511,0.271203217727689
1,2512,0.5173925814790656
1,2513,0.2731687108750828
1,2514,0.6423312558957358
1,2515,0.26984834189802226
1,2516,0.4448893317703574
1,2517,0.46603113312145633
1,2518,0.6452871845007639
1,2519,0.3306415131185735
1,2520,0.5026530363055601
1,2521,0.610350610549036
1,2522,0.5956897616806408
1,2523,0.17023558170522343
1,2524,0.17832286367060893
1,2525,0.18348379261493167
1,2526,0.2257897682694975
1,2527,0.20680653961149634
1,2528,0.3150877125932081
1,2529,0.5404547330387649
1,2530,0.6260990090179395
1,2531,0.37715066877056586
1,2532,0.6110072465113119
1,2533,0.4576864116237093
1,2534,0.5729979802301902
1,2535,0.3359010297009727
1,2536,0.5864557688457628
1,2537,0.18025459626904242
1,2538,0.2898919660389565
1,2539,0.6230057990683593
1,2540,0.3619329606862133
1,2541,0.601008596165929
1,2542,0.5538302721687672
1,2543,0.6901383925977327
1,2544,0.5067942308462029
1,2545,0.5941471146559917
1,2546,0.3444355455602571
1,2547,0.6971812919307734
1,2548,0.5563462443560974
1,2549,0.35306094195900006
1,2550,0.6442454618216115
1,2551,0.36474121623947686
1,2552,0.5993194217366881
1,2553,0.46303608955333014
1,2554,0.4061334226148273
1,2555,0.5927586807704623
1,2556,0.5983109150507926
1,2557,0.29848367990118546
1,2558,0.5617391596480694
1,2559,0.47912512531541174
1,2560,0.4900749286438403
1,2561,0.41620311764197343
1,2562,0.6751200837588203
1,2563,0.7575704295559256
1,2564,0.6822518793523709
1,2565,0.4189213435910794
1,2566,0.4570146602470289
1,2567,0.5109333691041177
1,2568,0.5560420812724919
1,2569,0.5134112795092665
1,2570,0.4637636256749558
1,2571,0.5306035892716021
1,2572,0.38146211282316955
1,2573,0.2574365849129236
1,2574,0.3181146916450907
1,2575,0.3818766267757389
1,2576,0.24374402717291072
1,2577,0.3735003635005344
1,2578,0.21731713389761448
1,2579,0.42759577276956906
1,2580,0.3766278477272292
1,2581,0.3396692309749866
1,2582,0.6358596650496706
1,2583,0.3752726798752401
1,2584,0.3335901330070592
1,2585,0.21493923861804332
1,2586,0.24966367064760123
1,2587,0.8026022205664864
1,2588,0.6304742370047753
1,2589,0.48037752966630765
1,2590,0.6577657133760542
1,2591,0.5902162114537288
1,2592,0.7700996603987464
1,2593,0.33028877278606
1,2594,0.6903421434698673
1,2595,0.12357699471830878
1,2596,0.2140823620802501
1,2597,0.32196328936238716
1,2598,0.3951160243005753
1,2599,0.3698316847183468
1,2600,0.29328191286349015
1,2601,0.3978547469861875
1,2602,0.32646161998969253
1,2603,0.33203727240475517
1,2604,0.41610891706851016
1,2605,0.49916600584587806
1,2606,0.527882046490376
1,2607,0.47884312868240286
1,2608,0.6045299341971638
1,2609,0.5726461513932465
1,2610,0.5711041961720497
1,2611,0.6273334217852781
1,2612,0.35110008137971616
1,2613,0.566294901713876
1,2614,0.5563534128419936
1,2615,0.40459293798169366
1,2616,0.5037586066493478
1,2617,0.6148795080166579
1,2618,0.5280577704546461
1,2619,0.7860066538168666
1,2620,0.2985129290176866
1,2621,0.4884493811925135
1,2622,0.4624777950751058
1,2623,0.26659300505831446
1,2624,0.545547831803299
1,2625,0.807050192876492
1,2626,0.4695171897149486
1,2627,0.5054406896590273
1,2628,0.44871002904482105
1,2629,0.5061528524477089
1,2630,0.46331485550276125
1,2631,0.45595495802072966
1,2632,0.35076635226349107
1,2633,0.2327810145451483
1,2634,0.21276986975185827
1,2635,0.7253085739348257
1,2636,0.6833856547294503
1,2637,0.6572094338952623
1,2638,0.41384662398140293
1,2639,0.5391661439348142
1,2640,0.29403642117101764
1,2641,0.545208784322015
1,2642,0.1509845197361763
1,2643,0.19725145490862714
1,2644,0.5953538838144565
1,2645,0.5199861839604766
1,2646,0.6563677970673014
1,2647,0.5312633122427173
1,2648,0.27791639334416096
1,2649,0.19466813917523706
1,2650,0.44135317965221965
1,2651,0.27059261390521466
1,2652,0.5668866404505325
1,2653,0.6307855128432294
1,2654,0.5891248884175191
1,2655,0.4141710706899183
1,2656,0.5768060885953448
1,2657,0.23018248170256944
1,2658,0.4827917652909796
1,2659,0.3712982591928294
1,2660,0.5663166415642816
1,2661,0.503514917166932
1,2662,0.4296563056192645
1,2663,0.41560796138220724
1,2664,0.38429530835610215
1,2665,0.28234962198132496
1,2666,0.493967141277696
1,2667,0.4214600177853407
1,2668,0.46395995793745437
1,2669,0.4927245157867067
1,2670,0.2251274170651453
1,2671,0.42856206482855597
1,2672,0.45463066872215135
1,2673,0.42998711019222563
1,2674,0.6190620757957923
1,2675,0.6146578974436502
1,2676,0.7089000591062181
1,2677,0.4420414195627682
1,2678,0.7029613330600463
1,2679,0.5723037966078771
1,2680,0.5173769544047276
1,2681,0.21680364062363225
1,2682,0.4887922611961164
1,2683,0.46478015272137746
1,2684,0.3443552598547479
1,2685,0.2678858596811502
1,2686,0.2820940032046401
1,2687,0.44807370692600484
1,2688,0.6409842907016561
1,2689,0.6425017445088013
1,2690,0.6910641556896423
1,2691,0.7979720809344857
1,2692,0.7408553292558587
1,2693,0.34995365814668083
1,2694,0.5488836246451703
1,2695,0.6098047242733537
1,2696,0.4208227586649638
1,2697,0.5920691781858558
1,2698,0.4229760947537143
1,2699,0.45604028289425713
1,2700,0.4520609127245147
1,2701,0.39748152729017144
1,2702,0.3684328292593917
1,2703,0.44286290214950236
1,2704,0.2672442029706902
1,2705,0.40600370740001324
1,2706,0.5424380583723772
1,2707,0.36485704986040673
1,2708,0.5225967443434125
1,2709,0.5140307946452705
1,2710,0.2684144505866143
1,2711,0.2619559163373824
1,2712,0.5895876196673699
1,2713,0.5382723379350255
1,2714,0.2681490183006939
1,2715,0.4557695144161437
1,2716,0.3053108253348555
1,2717,0.2523541784685949
1,2718,0.3375901571025753
1,2719,0.3856738827808117
1,2720,0.6269266331860188
1,2721,0.4880740539635192
1,2722,0.5789605452901188
1,2723,0.31068753493788537
1,2724,0.4938582392348794
1,2725,0.5328315986695794
1,2726,0.4235822409824412
1,2727,0.311062717078838
1,2728,0.4709785317896293
1,2729,0.4819438085307742
1,2730,0.6078072573232771
1,2731,0.3841136115070596
1,2732,0.35947585800989773
1,2733,0.35678707054431247
1,2734,0.5569461546264539
1,2735,0.3703028065988217
1,2736,0.4605670248487163
1,2737,0.3494605330207736
1,2738,0.3483165767179794
1,2739,0.32397212052203983
1,2740,0.47022027289868523
1,2741,0.4967283068740789
1,2742,0.39184245428954306
1,2743,0.5997279238194696
1,2744,0.43336817987254783
1,2745,0.844135872768632
1,2746,0.5333467659468399
1,2747,0.5709015968861694
1,2748,0.5998504258054304
1,2749,0.8701252263387416
1,2750,0.38963887130443314
1,2751,0.2557828934210427
1,2752,0.7693572318035828
1,2753,0.24746003094887556
1,2754,0.5886177726054033
1,2755,0.614043510163903
1,2756,0.5063121537877316
1,2757,0.6048529000845646
1,2758,0.5714382862055045
1,2759,0.48882916331029286
1,2760,0.6603674735973423
1,2761,0.520891497973401
1,2762,0.7219227876981376
1,2763,0.5887537029725082
1,2764,0.6552335827108333
1,2765,0.4498359117408104
1,2766,0.5713797982968601
1,2767,0.7311230104171397
1,2768,0.7750399797011416
1,2769,0.26123682674163257
1,2770,0.29929808645945083
1,2771,0.2709569248437562
1,2772,0.30928485241024
1,2773,0.3246867001586129
1,2774,0.48597646864757804
1,2775,0.6628881828123337
1,2776,0.48094122755282365
1,2777,0.6123381792000341
1,2778,0.5335442606904603
1,2779,0.5422979616638153
1,2780,0.7069346853852578
1,2781,0.30872769573602055
1,2782,0.303735621448525
1,2783,0.3458524713888212
1,2784,0.36833827436717836
1,2785,0.3491643013806392
1,2786,0.28184035526601736
1,2787,0.3785060220281002
1,2788,0.27953651962396486
1,2789,0.26633518960274877
1,2790,0.7834742586385722
1,2791,0.11059802423511875
1,2792,0.1757936752488092
1,2793,0.6846449396979406
1,2794,0.4732527649596745
1,2795,0.3122195817557423
1,2796,0.5577662333246195
1,2797,0.5651823628214436
1,2798,0.3236590894730593
1,2799,0.3211780344497328
1,2800,0.4588497300764393
1,2801,0.3098900914629179
1,2802,0.40498463707045945
1,2803,0.3909305399876822
1,2804,0.3974951073270891
1,2805,0.5463567836800154
1,2806,0.39629629932326943
1,2807,0.4560879728385404
1,2808,0.5991072119391311
1,2809,0.5660068046566925
1,2810,0.6930023502397269
1,2811,0.2677015912432986
1,2812,0.12934719910682843
1,2813,0.18688013720073024
1,2814,0.14840857591688797
1,2815,0.4650103290594717
1,2816,0.31298907204473453
1,2817,0.5133060017613498
1,2818,0.44260183042531964
1,2819,0.4424371812205508
1,2820,0.24257356186985252
1,2821,0.20190898163939103
1,2822,0.37772637355719735
1,2823,0.5131165726999565
1,2824,0.6178471046988512
1,2825,0.47595968000706657
1,2826,0.5844809170893169
1,2827,0.5454702719607954
1,2828,0.6766786002633925
1,2829,0.3893119226571657
1,2830,0.47007633544636634
1,2831,0.43105736331739297
1,2832,0.4427930061304807
1,2833,0.5648974881449202
1,2834,0.3047433029657343
1,2835,0.5410224019156616
1,2836,0.5002025813389237
1,2837,0.5397494904934157
1,2838,0.6481597103548175
1,2839,0.574716320493391
1,2840,0.6560883890981191
1,2841,0.5825014683029164
1,2842,0.304724458335076
1,2843,0.6185446447411242
1,2844,0.21797964782644044
1,2845,0.6204731527584659
1,2846,0.24603135872688442
1,2847,0.28826431688278636
1,2848,0.37605161738393483
1,2849,0.31493146395018584
1,2850,0.4314227409161047
1,2851,0.5111908860216331
1,2852,0.3836257421673235
1,2853,0.6683016967602773
1,2854,0.4786995895466862
1,2855,0.5492973452713219
1,2856,0.36850940004360466
1,2857,0.26077887526562077
1,2858,0.5853154189463144
1,2859,0.3238113760487887
1,2860,0.3940767443607179
1,2861,0.5102458360934915
1,2862,0.5141526527631607
1,2863,0.48008157775539545
1,2864,0.4823258338966196
1,2865,0.5382516068577202
1,2866,0.6855734994116325
1,2867,0.6696234274603557
1,2868,0.47003725749790887
1,2869,0.560228462344817
1,2870,0.6425719774400243
1,2871,0.580149077147425
1,2872,0.5411380624154758
1,2873,0.6408665242910514
1,2874,0.5811974557909347
1,2875,0.46993701533837584
1,2876,0.5180623420191094
1,2877,0.49570527271731113
1,2878,0.41332032448486117
1,2879,0.550076347547752
1,2880,0.6335931061631018
1,2881,0.43190360419360635
1,2882,0.7661764096452452
1,2883,0.7472593127807499
1,2884,0.23271721663230638
1,2885,0.7768302375523951
1,2886,0.6093789593045095
1,2887,0.43392949300401645
1,2888,0.47861639212968204
1,2889,0.5261585870780687
1,2890,0.630444630777957
1,2891,0.630001175205658
1,2892,0.3277167993556006
1,2893,0.7107260376453501
1,2894,0.08007237504857238
1,2895,0.3243386433542436
1,2896,0.510336431452553
1,2897,0.5503683991386744
1,2898,0.44324854880519476
1,2899,0.3260306265658621
1,2900,0.5015585861728006
1,2901,0.46252069975577964
1,2902,0.4119770929678255
1,2903,0.38365528381588626
1,2904,0.40088191425010095
1,2905,0.46437240806326135
1,2906,0.6771897975228756
1,2907,0.6030244201975068
1,2908,0.4718130490630087
1,2909,0.5481009457850191
1,2910,0.6539578782499536
1,2911,0.6421128503481501
1,2912,0.5387707194788417
1,2913,0.7810409237375582
1,2914,0.6896884459615978
1,2915,0.4406463162132146
1,2916,0.42380914538656833
1,2917,0.4816402364423166
1,2918,0.3141970979364148
1,2919,0.26134429954912
1,2920,0.6285507730935178
1,2921,0.5232928500848135
1,2922,0.4608373861929661
1,2923,0.5308001327758416
1,2924,0.5427016811324394
1,2925,0.5070130860323745
1,2926,0.5783321772431442
1,2927,0.37347042905409206
1,2928,0.43218455133542105
1,2929,0.5814318326894993
1,2930,0.1887169100597156
1,2931,0.45544305207129065
1,2932,0.5028633772744177
1,2933,0.21574447581282902
1,2934,0.4137379787095488
1,2935,0.2558755861963781
1,2936,0.3865091816010548
1,2937,0.3024393674888272
1,2938,0.48490918375565634
1,2939,0.4563790258250701
1,2940,0.24167155157566328
1,2941,0.4381129858047942
1,2942,0.3657247810018741
1,2943,0.5055955730484099
1,2944,0.5212945910388398
1,2945,0.5606288626841366
1,2946,0.6240524096630745
1,2947,0.2861730761617286
1,2948,0.563772271233589
1,2949,0.3100622086079914
1,2950,0.2621015079422949
1,2951,0.3479468046747815
1,2952,0.453276843542773
1,2953,0.3984973768152286
1,2954,0.6500491156690921
1,2955,0.4929496916870487
1,2956,0.6724093147043001
1,2957,0.5360615351816321
1,2958,0.58027339866696
1,2959,0.5339392955629463
1,2960,0.7693804208636912
1,2961,0.4495461406237492
1,2962,0.33215833435911774
1,2963,0.3295673902936292
1,2964,0.40727073412844284
1,2965,0.2880226967323991
1,2966,0.4745212675701175
1,2967,0.5354748756896021
1,2968,0.34080822520243303
1,2969,0.4510360895336677
1,2970,0.45181535933780104
1,2971,0.5446096758504051
1,2972,0.5633178563278531
1,2973,0.525711732735795
1,2974,0.3797558409586705
1,2975,0.5306482417723836
1,2976,0.6553195008431301
1,2977,0.727695424312684
1,2978,0.45083778529047375
1,2979,0.3557608565624622
1,2980,0.39044280839962425
1,2981,0.5168031955892591
1,2982,0.6737826778181693
1,2983,0.8073919337704568
1,2984,0.6459141753665896
1,2985,0.5960319170184992
1,2986,0.5449228427360742
1,2987,0.4144479905367738
1,2988,0.37822182455429393
1,2989,0.6544914628623706
1,2990,0.6723226416532947
1,2991,0.7921147451252303
1,2992,0.805528560857482
1,2993,0.7760718696642168
1,2994,0.26223652089188204
1,2995,0.7085753094576294
1,2996,0.41980408552427795
1,2997,0.40599124442070256
1,2998,0.4639623991915936
1,2999,0.45953241198044714
1,3000,0.5140693267292646
1,3001,0.3677536585003158
1,3002,0.553902091692483
1,3003,0.43696157978383504
1,3004,0.1973994317353193
1,3005,0.31939777465809177
1,3006,0.45810227326144887
1,3007,0.5470569306774253
1,3008,0.4852552515257979
1,3009,0.4960050351386726
1,3010,0.3508336977387651
1,3011,0.16696701643609935
1,3012,0.2988960229955321
1,3013,0.24471605875973476
1,3014,0.33984565024634805
1,3015,0.51450267410052
1,3016,0.43615070901329545
1,3017,0.43142077394282474
1,3018,0.8053431491767488
1,3019,0.7110432755277113
1,3020,0.6477183519973709
1,3021,0.28569979146270014
1,3022,0.5014532677216273
1,3023,0.3418705568248469
1,3024,0.24525034049983874
1,3025,0.6270632788091018
1,3026,0.4473967879530405
1,3027,0.5411036377579983
1,3028,0.28482202562807196
1,3029,0.3762749584441028
1,3030,0.25993880643943135
1,3031,0.508468727913916
1,3032,0.24703439292223975
1,3033,0.2128264746455472
1,3034,0.3297020644699652
1,3035,0.3915071590834068
1,3036,0.24045841290247114
1,3037,0.3894491665524487
1,3038,0.5010820885779427
1,3039,0.31266114747171275
1,3040,0.4292022803122681
1,3041,0.568676910521348
1,3042,0.5656043817373496
1,3043,0.3599945098333478
1,3044,0.6032203613609025
1,3045,0.5349289623910203
1,3046,0.47057968438198594
1,3047,0.63595986887116
1,3048,0.47016923072592215
1,3049,0.4545631551825323
1,3050,0.42495916750595747
1,3051,0.39815252428236286
1,3052,0.5097477454589234
1,3053,0.4627579535785736
1,3054,0.39766449780016483
1,3055,0.6515008970096153
1,3056,0.4106594321294798
1,3057,0.35691317098335196
1,3058,0.39541976050225064
1,3059,0.38005371000601074
1,3060,0.4877951085698641
1,3061,0.4734901321716357
1,3062,0.4714251148419829
1,3063,0.33074686502767575
1,3064,0.3595649159422955
1,3065,0.45525373984437006
1,3066,0.3265452743360837
1,3067,0.5460480516494675
1,3068,0.4136859452614699
1,3069,0.5219312556661883
1,3070,0.48510651831265544
1,3071,0.5453362441077556
1,3072,0.3902993009552833
1,3073,0.35471078417338947
1,3074,0.28022241291372435
1,3075,0.5369629506770711
1,3076,0.35279024141781373
1,3077,0.42954588828963874
1,3078,0.6536471438652309
1,3079,0.3659911633223578
1,3080,0.5034156041294083
1,3081,0.22501931671666858
1,3082,0.3362218640123522
1,3083,0.4510011887096516
1,3084,0.5285629031819289
1,3085,0.5749302994834458
1,3086,0.4667486349369085
1,3087,0.42506345408765656
1,3088,0.40635664696785134
1,3089,0.28834703115619603
1,3090,0.25456504865076374
1,3091,0.7095997097465204
1,3092,0.2223566574877788
1,3093,0.7281084387454884
1,3094,0.46546430979574765
1,3095,0.6807517213256863
1,3096,0.5133888742235209
1,3097,0.19241522231355232
1,3098,0.43287177082453576
1,3099,0.4310601281436873
1,3100,0.20842959551262502
1,3101,0.5134950366707808
1,3102,0.28424032093250595
1,3103,0.40464449300164673
1,3104,0.24793295871388032
1,3105,0.2461325428962514
1,3106,0.16600261336273198
1,3107,0.6353201976370373
1,3108,0.1933633329717708
1,3109,0.1969749365783251
1,3110,0.7651448915791486
1,3111,0.8033847570223877
1,3112,0.7694852325897094
1,3113,0.4818305540280509
1,3114,0.48533683672237005
1,3115,0.44159233853509794
1,3116,0.6693701022239025
1,3117,0.4320631351436232
1,3118,0.36937878697844917
1,3119,0.42413175149505633
1,3120,0.4580081615930794
1,3121,0.39578826964605024
1,3122,0.35684573117068824
1,3123,0.35361369327433145
1,3124,0.4212516755029822
1,3125,0.6596511776780213
1,3126,0.7501769906361603
1,3127,0.7049657763893994
1,3128,0.7299664651134439
1,3129,0.39129146816575355
1,3130,0.47780297182524134
1,3131,0.38025938254635006
1,3132,0.27627807776648367
1,3133,0.30293056032640764
1,3134,0.39108471469446204
1,3135,0.5895328928367801
1,3136,0.48744116530753756
1,3137,0.39518610342541616
1,3138,0.3728626354485135
1,3139,0.46962734123914546
1,3140,0.6531806886229752
1,3141,0.35704651559645906
1,3142,0.42841928463771706
1,3143,0.3247303935329217
1,3144,0.186594779514392
1,3145,0.5205925209266344
1,3146,0.1956261776918422
1,3147,0.663274385540668
1,3148,0.3199279856213041
1,3149,0.28804279014875367
1,3150,0.32049584949102744
1,3151,0.4701995107160484
1,3152,0.34424161235277195
1,3153,0.4750564061494916
1,3154,0.4131436539703749
1,3155,0.4425009065746279
1,3156,0.43314402323521917
1,3157,0.4129715207907284
1,3158,0.46125505673320355
1,3159,0.35846475529264227
1,3160,0.47805282333838134
1,3161,0.4539948443038372
1,3162,0.4282020580821233
1,3163,0.4846662883976213
1,3164,0.7407913266033033
1,3165,0.5626928837082064
1,3166,0.4590031508734103
1,3167,0.3281326922433958
1,3168,0.4170581946221192
1,3169,0.4916774886480411
1,3170,0.3997383863165851
1,3171,0.5518721565155742
1,3172,0.7607785301637919
1,3173,0.6750339508211114
1,3174,0.2814766967810416
1,3175,0.3224852361292309
1,3176,0.41153506833961284
1,3177,0.40065309114997794
1,3178,0.2916423344708273
1,3179,0.4674928961617393
1,3180,0.27918235139599606
1,3181,0.23528590769557367
1,3182,0.43597324466649306
1,3183,0.6308813798687979
1,3184,0.4726022141158169
1,3185,0.5906836800457959
1,3186,0.1099788622980609
1,3187,0.24492129586772443
1,3188,0.6248342712831518
1,3189,0.385536411310633
1,3190,0.5448462667894481
1,3191,0.501583572746478
1,3192,0.47360875030238414
1,3193,0.4235908545994895
1,3194,0.41322394470396967
1,3195,0.31052180872211327
1,3196,0.7209506470006957
1,3197,0.27703451172843796
1,3198,0.43137965572679193
1,3199,0.5626609000798083
1,3200,0.3759562211138334
1,3201,0.46768296222566236
1,3202,0.1986367195503143
1,3203,0.2725754168544289
1,3204,0.5741441882738083
1,3205,0.400979002122528
1,3206,0.360879929066426
1,3207,0.23336950218836017
1,3208,0.40676744856190966
1,3209,0.34393373404335337
1,3210,0.34219176203821694
1,3211,0.3287816723018814
1,3212,0.339561747061626
1,3213,0.31144306450407716
1,3214,0.37478652753772934
1,3215,0.3105571493162171
1,3216,0.4337588551693546
1,3217,0.593636547669366
1,3218,0.5808438645311904
1,3219,0.577264389784221
1,3220,0.47562620957199164
1,3221,0.38406344885387433
1,3222,0.20869182074344475
1,3223,0.45913851259074717
1,3224,0.3804274372140079
1,3225,0.5773894204897885
1,3226,0.2904263094358573
1,3227,0.3736158277868941
1,3228,0.6137374097595247
1,3229,0.4871286433859646
1,3230,0.476212157847371
1,3231,0.38088147021975916
1,3232,0.35890406818398685
1,3233,0.40901658900940413
1,3234,0.2988206349164548
1,3235,0.23847576376645013
1,3236,0.29649613850101136
1,3237,0.27973145817008166
1,3238,0.37950328936518
1,3239,0.4785365866403564
1,3240,0.4469297605522732
1,3241,0.4339876136698984
1,3242,0.24500487808207472
1,3243,0.6448416922316831
1,3244,0.42768277842524305
1,3245,0.3996947549099677
1,3246,0.4451659035685439
1,3247,0.7530575488358205
1,3248,0.1815056205084408
1,3249,0.16476384979148367
1,3250,0.32022527620363084
1,3251,0.5236815133658674
1,3252,0.5739792570934227
1,3253,0.19929634784500494
1,3254,0.23622509225040048
1,3255,0.32938666150738416
1,3256,0.36924023860238286
1,3257,0.5311358147861329
1,3258,0.625918292262164
1,3259,0.545797086593009
1,3260,0.6854925981071913
1,3261,0.3198914688330876
1,3262,0.44951609192096936
1,3263,0.3919420415090071
1,3264,0.4456510613279192
1,3265,0.6054336403994519
1,3266,0.40459350787149456
1,3267,0.49762258193207204
1,3268,0.32652227487410324
1,3269,0.44822823706384785
1,3270,0.5377043840962533
1,3271,0.6444529399595315
1,3272,0.4367649045903966
1,3273,0.3623013590178926
1,3274,0.4121096791903282
1,3275,0.46674919876354265
1,3276,0.5075241836857909
1,3277,0.32496893205698335
1,3278,0.40636454080965795
1,3279,0.4564183749365075
1,3280,0.41364138197503175
1,3281,0.4383792839309271
1,3282,0.4487887322771709
1,3283,0.4381464334688906
1,3284,0.39802170728250014
1,3285,0.28633373596524886
1,3286,0.32032173136340525
1,3287,0.22068294473548614
1,3288,0.33906082370275276
1,3289,0.5068413678584561
1,3290,0.4589788948261104
1,3291,0.4498075992040551
1,3292,0.5474226143556903
1,3293,0.6884443664074715
1,3294,0.42804336643755786
1,3295,0.6766188741090838
1,3296,0.6237475885429641
1,3297,0.7519624782944164
1,3298,0.6361117224089952
1,3299,0.6502036677990931
1,3300,0.6073577674924552
1,3301,0.60626120721005
1,3302,0.33241367458492077
1,3303,0.3416535472722942
1,3304,0.21496405286217152
1,3305,0.7512041019516578
1,3306,0.47056315396921156
1,3307,0.28855454268612984
1,3308,0.3341877449616685
1,3309,0.5596321745893521
1,3310,0.35594502774767756
1,3311,0.3449697959596227
1,3312,0.5544813434126735
1,3313,0.5751168038141378
1,3314,0.549526705559458
1,3315,0.3362923652550653
1,3316,0.5853257647151302
1,3317,0.4187573463707604
1,3318,0.4639840899384983
1,3319,0.7629165873364313
1,3320,0.6465421229134912
1,3321,0.7345741781818917
1,3322,0.36896700701848834
1,3323,0.5769457084066322
1,3324,0.45062399006190346
1,3325,0.4868044971723287
1,3326,0.28977832903153394
1,3327,0.3511615447845709
1,3328,0.6621651640686627
1,3329,0.26380144579351905
1,3330,0.6800826233012675
1,3331,0.35857712183222124
1,3332,0.41880124454408146
1,3333,0.6043306625613348
1,3334,0.44911529532399397
1,3335,0.7056525826396108
1,3336,0.6517287609744123
1,3337,0.7136113401407214
1,3338,0.698005294442051
1,3339,0.24490418756595303
1,3340,0.604922971650134
1,3341,0.2895256649562135
1,3342,0.43129856307556497
1,3343,0.6683574074659876
1,3344,0.26103219730154326
1,3345,0.6372803186833798
1,3346,0.41693516699523925
1,3347,0.5357357045808463
1,3348,0.4093553749157643
1,3349,0.2780842215497598
1,3350,0.5187436114863427
1,3351,0.44131110874144397
1,3352,0.5718743656020377
1,3353,0.3986784707590946
1,3354,0.8056141766434742
1,3355,0.590931444405579
1,3356,0.3425770324144487
1,3357,0.3630406045975847
1,3358,0.45875879096583744
1,3359,0.4680339244845678
1,3360,0.5618525329025097
1,3361,0.6150459754818148
1,3362,0.387421504000383
1,3363,0.3559670738225349
1,3364,0.22868449172655378
1,3365,0.3967180177453097
1,3366,0.3325638016222012
1,3367,0.24879297766700956
1,3368,0.1592545700234797
1,3369,0.3429941564605744
1,3370,0.8040920087515767
1,3371,0.4079163438582803
1,3372,0.735043353788348
1,3373,0.48478840657598965
1,3374,0.8709207757916112
1,3375,0.2084181115364951
1,3376,0.32386495187121944
1,3377,0.7953513870006027
1,3378,0.6501154510798538
1,3379,0.5601843777140852
1,3380,0.3576404184306588
1,3381,0.6468768856385053
1,3382,0.6347957923766051
1,3383,0.49682089988297085
1,3384,0.7120199321468568
1,3385,0.6617198036218456
1,3386,0.7722273952788579
1,3387,0.22416985101136877
1,3388,0.363943486706068
1,3389,0.34109162711904123
1,3390,0.8065156038878681
1,3391,0.5534950541248791
1,3392,0.3224720699799338
1,3393,0.4676001837870231
1,3394,0.29103697226361
1,3395,0.46003885572994957
1,3396,0.4304495603630091
1,3397,0.6238293385620832
1,3398,0.5816688242387409
1,3399,0.36115330475355195
1,3400,0.3226241560358853
1,3401,0.5872456001341979
1,3402,0.4779586930412149
1,3403,0.534791588969373
1,3404,0.2637998713760719
1,3405,0.3022307131111235
1,3406,0.3461343003167634
1,3407,0.5419883310171545
1,3408,0.5019658497078187
1,3409,0.3638689995607738
1,3410,0.34740539556469313
1,3411,0.7865026356622452
1,3412,0.5579005152946309
1,3413,0.6453816654180882
1,3414,0.4011274229255338
1,3415,0.37999168516394033
1,3416,0.4028500024688781
1,3417,0.341562096589484
1,3418,0.628187514716793
1,3419,0.5482052801693348
1,3420,0.34478629618190854
1,3421,0.5710102947511038
1,3422,0.6172185320710404
1,3423,0.8385030812094936
1,3424,0.7933420832147108
1,3425,0.7830425290662119
1,3426,0.38464233525298047
1,3427,0.8389186024394949
1,3428,0.2805685939782216
1,3429,0.6450437291164978
1,3430,0.7245132790509123
1,3431,0.3019943653516416
1,3432,0.6230720988317173
1,3433,0.2714175760363575
1,3434,0.28105600209062687
1,3435,0.22917872481786958
1,3436,0.7255560554161969
1,3437,0.5968992934214223
1,3438,0.2991285675612984
1,3439,0.48093850041160213
1,3440,0.4674762237387181
1,3441,0.5773777572579493
1,3442,0.4045034453962027
1,3443,0.5491154716391096
1,3444,0.6502153266491812
1,3445,0.5243111064152137
1,3446,0.5085723771170642
1,3447,0.6081103315211217
1,3448,0.5286717218642534
1,3449,0.40605418314655284
1,3450,0.5176697721113966
1,3451,0.4372265291098982
1,3452,0.32159615038870876
1,3453,0.19245542436086693
1,3454,0.5628124474365895
1,3455,0.6116670368757375
1,3456,0.5962161923398083
1,3457,0.5065951732403553
1,3458,0.22246883929766864
1,3459,0.5050865560527343
1,3460,0.637241388220423
1,3461,0.4190331063783594
1,3462,0.7963385505943057
1,3463,0.7268347426033492
1,3464,0.24816126066761438
1,3465,0.2968120917220306
1,3466,0.5278930115816305
1,3467,0.6657740920656544
1,3468,0.7683365737897836
1,3469,0.7049679710037318
1,3470,0.4561566550031432
1,3471,0.5654193613297153
1,3472,0.535346317620635
1,3473,0.43250671639343763
1,3474,0.5905943312103161
1,3475,0.4615712177484912
1,3476,0.48542753419969137
1,3477,0.4015450559447567
1,3478,0.32346609225692824
1,3479,0.16127836411089128
1,3480,0.5322389309863826
1,3481,0.42927843975370145
1,3482,0.44822575627829064
1,3483,0.49348885241306834
1,3484,0.35037852830061045
1,3485,0.3988457353322415
1,3486,0.5867275207427696
1,3487,0.5592543927387229
1,3488,0.6412011480232175
1,3489,0.6020023787466889
1,3490,0.5606083877415438
1,3491,0.5921780352704038
1,3492,0.3800960218934187
1,3493,0.38796613294287996
1,3494,0.6011552479534251
1,3495,0.4259983732508368
1,3496,0.38994836301528996
1,3497,0.45352531796196605
1,3498,0.2689905859797683
1,3499,0.5711096554195758
1,3500,0.32860649475025394
1,3501,0.4051190727901655
1,3502,0.45610811839353876
1,3503,0.3277745728080693
1,3504,0.4212403876774333
1,3505,0.4413341011903704
1,3506,0.3974535622456194
1,3507,0.23943637330273002
1,3508,0.40276260230905003
1,3509,0.3217407311489798
1,3510,0.22290883520506727
1,3511,0.2779257916095535
1,3512,0.3958079415882824
1,3513,0.2739016387836427
1,3514,0.7816642416850055
1,3515,0.6695185107439423
1,3516,0.3057020920124849
1,3517,0.5070465074710734
1,3518,0.4751081127131603
1,3519,0.4471445709773887
1,3520,0.4454944464487881
1,3521,0.3588322690421855
1,3522,0.32929301280128964
1,3523,0.42832950127024694
1,3524,0.3542203745131166
1,3525,0.3439426405081152
1,3526,0.5561593088257059
1,3527,0.370299777770374
1,3528,0.258924963782648
1,3529,0.6298930339178751
1,3530,0.6782656406166672
1,3531,0.6546559720682916
1,3532,0.4450984663624238
1,3533,0.35859861345977306
1,3534,0.3837838372893756
1,3535,0.4656372205726546
1,3536,0.5707715090048336
1,3537,0.6769471767749332
1,3538,0.28792291481251775
1,3539,0.26750200201636704
1,3540,0.23774840375446882
1,3541,0.31494939929532395
1,3542,0.13973434630954068
1,3543,0.20482547977845067
1,3544,0.5657226950997262
1,3545,0.5014701979380242
1,3546,0.5318309752791293
1,3547,0.5237699799467702
1,3548,0.5960539920108061
1,3549,0.22569373043911745
1,3550,0.2542285281978386
1,3551,0.5484557815518392
1,3552,0.47991000356731695
1,3553,0.3258336628011277
1,3554,0.619761213501692
1,3555,0.6955337079595574
1,3556,0.39287762681857236
1,3557,0.2965174099930658
1,3558,0.3948770848159738
1,3559,0.3260348775311149
1,3560,0.48679179052870786
1,3561,0.46155669805025434
1,3562,0.48082084835453753
1,3563,0.5730611661374655
1,3564,0.6107249535649261
1,3565,0.6317546492604249
1,3566,0.7358822529830736
1,3567,0.5062203189888238
1,3568,0.45158417892020525
1,3569,0.46426805220412587
1,3570,0.442886951920433
1,3571,0.551121159852557
1,3572,0.34915308071160855
1,3573,0.6818974279701873
1,3574,0.4430587311365693
1,3575,0.5558458112209164
1,3576,0.3596780805685568
1,3577,0.34856317918856566
1,3578,0.458225152472328
1,3579,0.5138274693719714
1,3580,0.2314466685396073
1,3581,0.2138937136437628
1,3582,0.1454577467866079
1,3583,0.2864647797968996
1,3584,0.2929840681968822
1,3585,0.20362691746477313
1,3586,0.3408330985105459
1,3587,0.292625820049223
1,3588,0.31395288209299943
1,3589,0.6520857351284914
1,3590,0.12686802192566882
1,3591,0.5437332520434128
1,3592,0.4842293200371278
1,3593,0.43548519977036376
1,3594,0.632310422765955
1,3595,0.5204256903506097
1,3596,0.5435761061506434
1,3597,0.3482091287766111
1,3598,0.3831690375963828
1,3599,0.35896838524834124
1,3600,0.23167723119688188
1,3601,0.2614942239110383
1,3602,0.4768382046604143
1,3603,0.39771775754258354
1,3604,0.4860031031664326
1,3605,0.34499742403997125
1,3606,0.28152489549183046
1,3607,0.6338628212895249
1,3608,0.6437978302076423
1,3609,0.696884058516314
1,3610,0.5866072879493517
1,3611,0.37186479920043236
1,3612,0.46326393903201857
1,3613,0.5642889774872749
1,3614,0.5007473559952672
1,3615,0.4876802821197244
1,3616,0.6543233862598727
1,3617,0.6490768771322751
1,3618,0.5268258375211954
1,3619,0.8267045098009452
1,3620,0.3291670977269915
1,3621,0.5903067287292378
1,3622,0.6251871742867826
1,3623,0.4159982436591598
1,3624,0.26993395252493735
1,3625,0.6100488054194454
1,3626,0.46415648050765407
1,3627,0.35798412113397293
1,3628,0.44902216214316004
1,3629,0.43566885581180986
1,3630,0.47708180297374336
1,3631,0.35186106947381535
1,3632,0.5652622074073302
1,3633,0.6185170673749989
1,3634,0.6469499660722282
1,3635,0.4157535663066138
1,3636,0.4000434214182768
1,3637,0.6423738791498387
1,3638,0.6045336043270375
1,3639,0.34787204364200913
1,3640,0.3005351451929567
1,3641,0.4153543129931541
1,3642,0.5822594020502359
1,3643,0.6007026754772553
1,3644,0.3349158540429022
1,3645,0.29081914356380156
1,3646,0.4044522992088152
1,3647,0.38674053976026923
1,3648,0.3720365237728167
1,3649,0.20354157525921393
1,3650,0.4773868125341251
1,3651,0.3616106362786782
1,3652,0.42489341048484297
1,3653,0.4790914350792855
1,3654,0.6548629334504216
1,3655,0.6720290636491014
1,3656,0.7473092709444954
1,3657,0.5653312450924778
1,3658,0.48319435599851474
1,3659,0.5703460594196449
1,3660,0.6738244173983956
1,3661,0.5848197646443534
1,3662,0.3088199499870765
1,3663,0.6217394297609806
1,3664,0.30028463361173713
1,3665,0.36988378002494543
1,3666,0.34264579988251026
1,3667,0.2802391500325069
1,3668,0.36818318285510176
1,3669,0.6106136726762307
1,3670,0.3283046675591758
1,3671,0.460992505553701
1,3672,0.6168921912159244
1,3673,0.4817256415380123
1,3674,0.5545760666502411
1,3675,0.5376468302642989
1,3676,0.3545418667734086
1,3677,0.5929001817100914
1,3678,0.34278159634664446
1,3679,0.27636531658006225
1,3680,0.28225503538574126
1,3681,0.4155837425853392
1,3682,0.5132274950319812
1,3683,0.23465898389179426
1,3684,0.3983560343117381
1,3685,0.5502781370238775
1,3686,0.509922402827894
1,3687,0.5526049914793326
1,3688,0.6656806321323345
1,3689,0.3788419325677357
1,3690,0.4200730526110616
1,3691,0.5804148763021142
1,3692,0.561750704217858
1,3693,0.3784917175361651
1,3694,0.8498967297006786
1,3695,0.5392861323630509
1,3696,0.7117000150139429
1,3697,0.3813363148496297
1,3698,0.418128103678239
1,3699,0.5600442638705584
1,3700,0.6817911282584022
1,3701,0.6884479102456668
1,3702,0.5197536130155193
1,3703,0.650069852464223
1,3704,0.19948548209734696
1,3705,0.32675611392356607
1,3706,0.275766994344177
1,3707,0.39169004226660714
1,3708,0.38701452836190836
1,3709,0.3559337816242139
1,3710,0.35175569118904
1,3711,0.41220750115750154
1,3712,0.4417853688177566
1,3713,0.4561920472317688
1,3714,0.5439515374121575
1,3715,0.4525239004160731
1,3716,0.5951108422519759
1,3717,0.4514976944834463
1,3718,0.470389952619973
1,3719,0.36055837117098805
1,3720,0.29677918166883366
1,3721,0.4300986133306021
1,3722,0.31865113134174333
1,3723,0.49965431295022683
1,3724,0.4619377511590823
1,3725,0.17427564542131804
1,3726,0.29796017968127514
1,3727,0.718871571810534
1,3728,0.46374752266887376
1,3729,0.4511762638731102
1,3730,0.3564230535941265
1,3731,0.2689311265630185
1,3732,0.2762937369119395
1,3733,0.5523555748949467
1,3734,0.18652291202810223
1,3735,0.31374150456769756
1,3736,0.5136176859243035
1,3737,0.48019528760521146
1,3738,0.2905109572193159
1,3739,0.28534245556445237
1,3740,0.43121971624752964
1,3741,0.3619335392631561
1,3742,0.5425207925252232
1,3743,0.5444231799478673
1,3744,0.6894570612357933
1,3745,0.7624004921736061
1,3746,0.5415591417777718
1,3747,0.5145478760777908
1,3748,0.4260441874655764
1,3749,0.5163334416121591
1,3750,0.3657924516298548
1,3751,0.4567197947283981
1,3752,0.5695520497535621
1,3753,0.3618401160013701
1,3754,0.5397303882616928
1,3755,0.24476361677399192
1,3756,0.4648257398444566
1,3757,0.47407373623550964
1,3758,0.5459159422860829
1,3759,0.4640429745497118
1,3760,0.4989780205417862
1,3761,0.27793631778919864
1,3762,0.5817780379271122
1,3763,0.5831246534647333
1,3764,0.612044086237018
1,3765,0.4256752040586388
1,3766,0.5280893461136476
1,3767,0.22402368186038227
1,3768,0.5240399119347928
1,3769,0.3892550109759785
1,3770,0.23382583994807365
1,3771,0.463023459631248
1,3772,0.5244108387295485
1,3773,0.43442573516534916
1,3774,0.5090935467353922
1,3775,0.19277760635021024
1,3776,0.6029986502263056
1,3777,0.3947595621767783
1,3778,0.44632719345227806
1,3779,0.33069128405803955
1,3780,0.37268232626341047
1,3781,0.5493993028254699
1,3782,0.5106327438129742
1,3783,0.5890416321694116
1,3784,0.39622436357161545
1,3785,0.44217534194808666
1,3786,0.6403598967535682
1,3787,0.6866926968700325
1,3788,0.7719957828986815
1,3789,0.205086130255545
1,3790,0.6113072294087023
1,3791,0.7129489233253476
1,3792,0.7354647614938978
1,3793,0.6910127420123663
1,3794,0.4519523277630471
1,3795,0.5275276950896974
1,3796,0.5227975637619038
1,3797,0.46926687308080167
1,3798,0.32876877147543165
1,3799,0.4863953531533255
1,3800,0.5645524865861442
1,3801,0.5003281311984404
1,3802,0.42382596746892137
1,3803,0.5299588730397481
1,3804,0.237287776239223
1,3805,0.7697662948149113
1,3806,0.49349805890509013
1,3807,0.32556255810529305
1,3808,0.5286798956470214
1,3809,0.6420043318702522
1,3810,0.46803941612437905
1,3811,0.19761904779684653
1,3812,0.7581300563828426
1,3813,0.47385441248612076
1,3814,0.8480588243774849
1,3815,0.8922560847731366
1,3816,0.444525765300638
1,3817,0.49933860801794777
1,3818,0.6338226465492172
1,3819,0.6351131537733751
1,3820,0.4948856016533713
1,3821,0.6802744615728653
1,3822,0.39442806473534847
1,3823,0.41093023488919933
1,3824,0.5902607120921691
1,3825,0.6104820005811572
1,3826,0.364716941661476
1,3827,0.4260490700422944
1,3828,0.40284806691904357
1,3829,0.39948629986114337
1,3830,0.5973359054118216
1,3831,0.18218408870568803
1,3832,0.47373505306804975
1,3833,0.5002892112469051
1,3834,0.5146013393277837
1,3835,0.6826080680410124
1,3836,0.638164458871046
1,3837,0.6198276383309911
1,3838,0.5697719080390147
1,3839,0.4599046262707294
1,3840,0.4310728659672059
1,3841,0.3379771738898066
1,3842,0.3472823305604577
1,3843,0.25149487056985237
1,3844,0.20201220472429499
1,3845,0.5377964385924497
1,3846,0.4287437069385664
1,3847,0.5525051954071172
1,3848,0.4217584695231777
1,3849,0.31811163187231584
1,3850,0.4938836528917814
1,3851,0.5568764576046569
1,3852,0.36917491112424106
1,3853,0.5795415754697781
1,3854,0.38386467114144573
1,3855,0.6454224776112628
1,3856,0.3217196442227928
1,3857,0.48604263320804236
1,3858,0.31748441165856256
1,3859,0.444192783022062
1,3860,0.4299167980761933
1,3861,0.2709280896391404
1,3862,0.24368224991408644
1,3863,0.13293943688586027
1,3864,0.5867898348474742
1,3865,0.32223986184444575
1,3866,0.5628387222763378
1,3867,0.4484371171344854
1,3868,0.5087828336726322
1,3869,0.6039970940300837
1,3870,0.3790144081765761
1,3871,0.5405980465750523
1,3872,0.6376913214585554
1,3873,0.4023910677266391
1,3874,0.4453320107950329
1,3875,0.5145698629293576
1,3876,0.5138806275987694
1,3877,0.5366012884046537
1,3878,0.4124640803236336
1,3879,0.4403366449920952
1,3880,0.33983710720931765
1,3881,0.5649345267302575
1,3882,0.41281878606849914
1,3883,0.6884970401846472
1,3884,0.6630796031847199
1,3885,0.5199054719042103
1,3886,0.3297385404356642
1,3887,0.3409321140680606
1,3888,0.4046173011166448
1,3889,0.432601772113447
1,3890,0.6200812353358037
1,3891,0.5947561887191309
1,3892,0.2045413232562787
1,3893,0.28977414593650025
1,3894,0.5489181827779847
1,3895,0.4063823523471126
1,3896,0.3717593627020461
1,3897,0.4409661332583244
1,3898,0.7167302295696782
1,3899,0.362420770147891
1,3900,0.3570995214775065
1,3901,0.31828181583569143
1,3902,0.5868164135293562
1,3903,0.5537705876449603
1,3904,0.3417581286473419
1,3905,0.4793740139935293
1,3906,0.2898920231163247
1,3907,0.42902134292311983
1,3908,0.4912113992071421
1,3909,0.3222716655921091
1,3910,0.43603826060671375
1,3911,0.45865766194140817
1,3912,0.5600434713726105
1,3913,0.3376023836075637
1,3914,0.3385357175433257
1,3915,0.5959943484381178
1,3916,0.5628923236742077
1,3917,0.5009103401343806
1,3918,0.623883639519213
1,3919,0.7134393114705783
1,3920,0.5663081209095011
1,3921,0.4710086150935457
1,3922,0.3661562618530586
1,3923,0.27898854240012516
1,3924,0.33645367043804775
1,3925,0.24464758110615933
1,3926,0.48163107466450866
1,3927,0.4529816266418438
1,3928,0.4030089197863458
1,3929,0.4164440711131756
1,3930,0.40477835514362004
1,3931,0.3915507960380077
1,3932,0.49374167043444045
1,3933,0.43396577308300466
1,3934,0.31470341594185197
1,3935,0.598819086360191
1,3936,0.6316954098005054
1,3937,0.3261502702435137
1,3938,0.4230018325561662
1,3939,0.4841730531187274
1,3940,0.5081639021785512
1,3941,0.5506510656620937
1,3942,0.5283891140654989
1,3943,0.4471604047454926
1,3944,0.5758724235270979
1,3945,0.7289823496706621
1,3946,0.37931676252858587
1,3947,0.47139033759412796
1,3948,0.19723753761189602
1,3949,0.1979619321570809
1,3950,0.7357154813521426
1,3951,0.5806528936149596
1,3952,0.37626684237558156
1,3953,0.34569792790967263
1,3954,0.3246016596576338
1,3955,0.27053758542708145
1,3956,0.5211949251283475
1,3957,0.5376740344917343
1,3958,0.5128220894997477
1,3959,0.22661906249994745
1,3960,0.6214031597489886
1,3961,0.34898971053300215
1,3962,0.5627474878770341
1,3963,0.4144319695970856
1,3964,0.36658944684120287
1,3965,0.5147117864665118
1,3966,0.3218857619833739
1,3967,0.45678988919449437
1,3968,0.5209912806160379
1,3969,0.30675753046740056
1,3970,0.36373196421448123
1,3971,0.4143936175694088
1,3972,0.7289562851585382
1,3973,0.5237822599677654
1,3974,0.5057862503726432
1,3975,0.3126443144729604
1,3976,0.3179032622782424
1,3977,0.29279200466409017
1,3978,0.574443402526754
1,3979,0.35510852198907544
1,3980,0.47758360716846804
1,3981,0.2433053531128297
1,3982,0.565484523611621
1,3983,0.27263297883371096
1,3984,0.2964105039710634
1,3985,0.5420506504320175
1,3986,0.25341286318752687
1,3987,0.3909822247985406
1,3988,0.3590979834181318
1,3989,0.5667977205879489
1,3990,0.3375428658608626
1,3991,0.43362255203569483
1,3992,0.3043253324230778
1,3993,0.34858925144893554
1,3994,0.365314299267786
1,3995,0.38379766840262186
1,3996,0.289537981058772
1,3997,0.25006817188986186
1,3998,0.39247335128521704
1,3999,0.3959374955367556
2,0,0.26701517443580663
2,1,0.4961285025719294
2,2,0.34425452610865487
2,3,0.41175629978995953
2,4,0.3084166901003524
2,5,0.4976544929528248
2,6,0.22586708193483704
2,7,0.5861965017402467
2,8,0.5698664703924728
2,9,0.6947735297360952
2,10,0.5129110414018391
2,11,0.2828086012820131
2,12,0.29832559663656194
2,13,0.6115501760020742
2,14,0.5624294227278265
2,15,0.4058487332769978
2,16,0.2645276451957604
2,17,0.39765430250676304
2,18,0.33816461032978123
2,19,0.6333270914970387
2,20,0.6304353666595406
2,21,0.7050751984337775
2,22,0.7916674989829501
2,23,0.5493408933533876
2,24,0.522043923512133
2,25,0.5322192667581909
2,26,0.3438689639793685
2,27,0.3915127461391049
2,28,0.38657128725619755
2,29,0.31431834143953885
2,30,0.35659279565099805
2,31,0.4885359715882316
2,32,0.3713786618600741
2,33,0.4947008284224696
2,34,0.415372112622995
2,35,0.5092334782061732
2,36,0.44965700892993826
2,37,0.47193780493381277
2,38,0.5661013046639466
2,39,0.42429667003498667
2,40,0.46134565783768594
2,41,0.4302993146096179
2,42,0.5226450597191362
2,43,0.7486607072477246
2,44,0.4018396022626069
2,45,0.37494029373015325
2,46,0.49727434421056216
2,47,0.8250896753672954
2,48,0.46584033304948125
2,49,0.3680232181828404
2,50,0.44387653858800474
2,51,0.43650578429943593
2,52,0.4929804767753804
2,53,0.4111500805174448
2,54,0.29034068516017836
2,55,0.24135727552194472
2,56,0.6005731319904234
2,57,0.36155547956232564
2,58,0.5047216237486655
2,59,0.3652154653147517
2,60,0.6482890034741506
2,61,0.6963810717582071
2,62,0.1474051798969951
2,63,0.6388351544057876
2,64,0.3989487151669018
2,65,0.40725907804154177
2,66,0.527106124928755
2,67,0.3764151313172344
2,68,0.3272528968384261
2,69,0.6326286145203173
2,70,0.5223397091644701
2,71,0.4306754342565363
2,72,0.5147325633740559
2,73,0.2878564767472916
2,74,0.5469995109765667
2,75,0.5980856649016084
2,76,0.38298829489443786
2,77,0.46168991074833926
2,78,0.1406028188096967
2,79,0.27520912502889083
2,80,0.3422119493865542
2,81,0.5679645035922533
2,82,0.358594093240077
2,83,0.2682377725960898
2,84,0.5304055932862044
2,85,0.6871733964520563
2,86,0.6273944088394451
2,87,0.6790984759000332
2,88,0.8392370898434863
2,89,0.8209690736141118
2,90,0.9038857226818284
2,91,0.5017922611547562
2,92,0.6554456418275874
2,93,0.4326474386729564
2,94,0.5121845922519481
2,95,0.4106136078529763
2,96,0.4783425812631065
2,97,0.5170480672401956
2,98,0.48240201850978126
2,99,0.5765525956871013
2,100,0.4859668407307449
2,101,0.29903945438995594
2,102,0.6673961640232942
2,103,0.3295119608051704
2,104,0.6099208601028856
2,105,0.6942292327484278
2,106,0.5659564549833025
2,107,0.21163756836130868
2,108,0.35515812901572014
2,109,0.4266479327695506
2,110,0.5657534721196374
2,111,0.5355375505063051
2,112,0.4868732841811952
2,113,0.3706071170033335
2,114,0.3907564137668241
2,115,0.4742606166354587
2,116,0.3290968023475832
2,117,0.4309478966677137
2,118,0.39344220301536154
2,119,0.329786330400405
2,120,0.5497713845560201
2,121,0.4396636827531873
2,122,0.4988570906157504
2,123,0.6839079356647987
2,124,0.6716964703123166
2,125,0.3882708998552225
2,126,0.35782019696235723
2,127,0.451606946775793
2,128,0.45388955117420193
2,129,0.42999345510750087
2,130,0.6573553788043663
2,131,0.2588105710835307
2,132,0.569650123644658
2,133,0.407824839902488
2,134,0.38378460530081476
2,135,0.48306127754597555
2,136,0.38584851028586353
2,137,0.3588162873359807
2,138,0.540666226799435
2,139,0.5551049124726403
2,140,0.4383876775028364
2,141,0.45217822186697326
2,142,0.36548262906657575
2,143,0.35811165759804336
2,144,0.5170288777815258
2,145,0.3749343972609588
2,146,0.5283083140300335
2,147,0.46057495795892145
2,148,0.41739342538583624
2,149,0.5103053446480039
2,150,0.37036057696178104
2,151,0.5534920159049307
2,152,0.5971015398840327
2,153,0.7378260573266315
2,154,0.6652546007818227
2,155,0.5285078074484291
2,156,0.5038770894825597
2,157,0.32704039158507137
2,158,0.5105493763882952
2,159,0.7950049646531576
2,160,0.5044627871401998
2,161,0.4017092029717646
2,162,0.48911131787216283
2,163,0.3579881609675266
2,164,0.2608199677321746
2,165,0.2608199677321746
2,166,0.6465547972683686
2,167,0.8176309327478207
2,168,0.30360618733647055
2,169,0.5829535692170934
2,170,0.5704027528878992
2,171,0.42837847756038483
2,172,0.4175248773672552
2,173,0.5105001685493336
2,174,0.2472704555680242
2,175,0.48277783207273234
2,176,0.4813660164567269
2,177,0.48285611198961786
2,178,0.713333600712764
2,179,0.4293453956177657
2,180,0.4984885777066579
2,181,0.3896517079420307
2,182,0.45062135785020485
2,183,0.471644163037694
2,184,0.5320561455691647
2,185,0.4149965241345235
2,186,0.3493115030797785
2,187,0.5006931092442093
2,188,0.28988826979378796
2,189,0.19030924259921467
2,190,0.29885839304172496
2,191,0.7537553656641521
2,192,0.7061360283848824
2,193,0.7765620000515872
2,194,0.3582986639557701
2,195,0.46475277470111753
2,196,0.2645566037135654
2,197,0.4157267588389353
2,198,0.4461134373377977
2,199,0.5082212746332231
2,200,0.37941375482836115
2,201,0.4702996424192501
2,202,0.47403022772496883
2,203,0.5328325855055926
2,204,0.6416268883738945
2,205,0.28487359412325786
2,206,0.4525600622327833
2,207,0.5151817550154446
2,208,0.520504639209727
2,209,0.305125952829852
2,210,0.3322670848673811
2,211,0.28345781340579373
2,212,0.7559414549177996
2,213,0.5728128365222264
2,214,0.5655106105408565
2,215,0.5445356356827682
2,216,0.40748628493301486
2,217,0.5252536949291103
2,218,0.6073370360295111
2,219,0.54836187388448
2,220,0.3818147563966131
2,221,0.3169735325531547
2,222,0.4752139482950909
2,223,0.40597616107956525
2,224,0.6894955649935613
2,225,0.6516167098749392
2,226,0.5433638652589303
2,227,0.5470359960383444
2,228,0.49104015116104244
2,229,0.592785099172101
2,230,0.42229467894311795
2,231,0.5775464410073345
2,232,0.44009464891782574
2,233,0.5649657344124601
2,234,0.48869246452317894
2,235,0.6560036775312075
2,236,0.5363043613581758
2,237,0.37141486310913585
2,238,0.6758290192999002
2,239,0.5028148033188788
2,240,0.27270070803595936
2,241,0.6912310108862707
2,242,0.28548667991847987
2,243,0.47258437401918707
2,244,0.534208433145989
2,245,0.5191901641332648
2,246,0.5190114609671278
2,247,0.44788180665250865
2,248,0.3959635924947003
2,249,0.47765932117266047
2,250,0.47387674704175753
2,251,0.5329132996081463
2,252,0.35696442773927856
2,253,0.42239427864552653
2,254,0.3623233111672526
2,255,0.512144019501915
2,256,0.2977168125320123
2,257,0.38870906677261907
2,258,0.5424371531584273
2,259,0.5213647826121148
2,260,0.5611139157734272
2,261,0.3577093981925112
2,262,0.2869858934090215
2,263,0.45492684376458825
2,264,0.41980812063240913
2,265,0.42733323095275155
2,266,0.5799940136245927
2,267,0.3738133468597707
2,268,0.7213205034565943
2,269,0.43163542391721604
2,270,0.5909771934131649
2,271,0.15546155970516282
2,272,0.5991666035120286
2,273,0.3943737414499146
2,274,0.5155069739757682
2,275,0.5209713710310682
2,276,0.5577255685807365
2,277,0.47387865098733295
2,278,0.5751220497938657
2,279,0.1946541216938965
2,280,0.360738296245688
2,281,0.6693623121626745
2,282,0.48276358950821735
2,283,0.5539470515580798
2,284,0.5577202380006336
2,285,0.36960160838861794
2,286,0.39088618284869453
2,287,0.3984139278686022
2,288,0.3243555637880155
2,289,0.24405178040237407
2,290,0.6757351773211533
2,291,0.36684642467166734
2,292,0.3695995439803963
2,293,0.3594836335481754
2,294,0.44920317052272507
2,295,0.4307360465719123
2,296,0.33294450934685277
2,297,0.22189932551362054
2,298,0.5441405890759325
2,299,0.5129560159785547
2,300,0.338808409406164
2,301,0.45572974258930876
2,302,0.3492225045002245
2,303,0.5655428800548546
2,304,0.2828036552829055
2,305,0.19208080496408256
2,306,0.46799468070100275
2,307,0.4375996902224352
2,308,0.5126189978577964
2,309,0.4993312917694988
2,310,0.39006249159800993
2,311,0.5962125921563897
2,312,0.9143191645509098
2,313,0.891536191469415
2,314,0.7533297989279436
2,315,0.7341936442822811
2,316,0.45176230845237914
2,317,0.5639539230187446
2,318,0.32162920316054855
2,319,0.4120684858779956
2,320,0.6265149717390343
2,321,0.4811270273191598
2,322,0.3544290733906253
2,323,0.48902696976116355
2,324,0.38743252449418636
2,325,0.41641514886631165
2,326,0.47254953772914965
2,327,0.3510904163987965
2,328,0.3895092921946938
2,329,0.537504608105307
2,330,0.37700682047711964
2,331,0.5822592315332763
2,332,0.5581276991212555
2,333,0.4421559929125633
2,334,0.5120384247744584
2,335,0.496901396258623
2,336,0.3743278671597278
2,337,0.38437819038293536
2,338,0.41819710111992914
2,339,0.5798960261614458
2,340,0.4031038290355545
2,341,0.5624679662295606
2,342,0.5398740220626544
2,343,0.39961697516184075
2,344,0.6233115117439183
2,345,0.5195980594209334
2,346,0.4280272848950719
2,347,0.5031276575638266
2,348,0.5895732006793842
2,349,0.7192073132376665
2,350,0.5621881562660602
2,351,0.5408076232740419
2,352,0.5718666526502817
2,353,0.5132642851169554
2,354,0.33017131326528687
2,355,0.5393014834012334
2,356,0.4121304477295513
2,357,0.4444333798081995
2,358,0.9158478462402719
2,359,0.8444481749635914
2,360,0.46688799161151817
2,361,0.5756478464137528
2,362,0.5485539193065404
2,363,0.5424225471783757
2,364,0.5824438802268793
2,365,0.34827241221355415
2,366,0.4564673103216239
2,367,0.5870614978428694
2,368,0.5917932226858605
2,369,0.6087737324908304
2,370,0.7241032050131703
2,371,0.5055518372075377
2,372,0.507766435077277
2,373,0.49980732505021663
2,374,0.40304269914058355
2,375,0.4434000833132402
2,376,0.3157796557433848
2,377,0.6012251867023011
2,378,0.44637258564111726
2,379,0.6042230669231431
2,380,0.407806781854824
2,381,0.32504155962633535
2,382,0.5139963989404566
2,383,0.5100924338130327
2,384,0.5136717656117578
2,385,0.49667370469036487
2,386,0.5977419614448364
2,387,0.2936206209404023
2,388,0.6210590763760346
2,389,0.4242335792042091
2,390,0.3977401733127606
2,391,0.21999174321904966
2,392,0.5465573455081993
2,393,0.6798647179663122
2,394,0.6189145185622817
2,395,0.3527368860334218
2,396,0.2660531198188433
2,397,0.5908599106154808
2,398,0.46065180693712526
2,399,0.3705883806243513
2,400,0.561013927565894
2,401,0.7469747508987393
2,402,0.7979746976915438
2,403,0.15088375315285882
2,404,0.339905963973798
2,405,0.335750672057525
2,406,0.2393822150865611
2,407,0.36492353442498326
2,408,0.45709840068570023
2,409,0.41158833270743744
2,410,0.5455540280959308
2,411,0.31117400100680453
2,412,0.587244714801149
2,413,0.2991902018875699
2,414,0.4168726378995574
2,415,0.24321120982939068
2,416,0.16152286537105617
2,417,0.2012511999990305
2,418,0.4400421884263722
2,419,0.35798553172023134
2,420,0.40453598318046724
2,421,0.3663884073114713
2,422,0.7138216392244613
2,423,0.6579484598567495
2,424,0.4898777744352507
2,425,0.7561613929879563
2,426,0.4996555933810821
2,427,0.6870436238611267
2,428,0.6548992460373191
2,429,0.4373421725826607
2,430,0.39110030765503584
2,431,0.8111952545573344
2,432,0.5212778480276475
2,433,0.24910095955708755
2,434,0.48652711465041515
2,435,0.3031967771857759
2,436,0.23999793698841063
2,437,0.25689234899972346
2,438,0.2947742741382401
2,439,0.1269626711759022
2,440,0.054252858990279686
2,441,0.3915595234237337
2,442,0.24108053831210488
2,443,0.23694510116723094
2,444,0.42077052240218704
2,445,0.38339711934695603
2,446,0.37672754807601205
2,447,0.5320580914176906
2,448,0.5755529675738332
2,449,0.5675967478462786
2,450,0.44851426356306057
2,451,0.4400978425573126
2,452,0.5365343676304418
2,453,0.3028568324653407
2,454,0.5553921434522096
2,455,0.39004201786231113
2,456,0.4139628342324522
2,457,0.6779415893213854
2,458,0.49705582486556754
2,459,0.25321777743811297
2,460,0.39415666841662406
2,461,0.49800303941733143
2,462,0.6554645194333484
2,463,0.6523928234759303
2,464,0.34374626216971793
2,465,0.40383614944783935
2,466,0.6011121897314042
2,467,0.28118360349271854
2,468,0.5086485392868682
2,469,0.5401525882696308
2,470,0.4119318107500033
2,471,0.37972811013112523
2,472,0.43455960008594036
2,473,0.5856853557789238
2,474,0.7345753088139484
2,475,0.6293436865882203
2,476,0.5886780282836959
2,477,0.7120645902290343
2,478,0.5713442155484669
2,479,0.5197568772827613
2,480,0.3584955623471181
2,481,0.4059562466941663
2,482,0.45990197591758036
2,483,0.3177633677743026
2,484,0.5405577779894457
2,485,0.6629784953491972
2,486,0.7621488343042122
2,487,0.41900383629380594
2,488,0.59677330830101
2,489,0.5017950998578072
2,490,0.3605914301599583
2,491,0.30355430698768715
2,492,0.5565745604495017
2,493,0.3557523938640296
2,494,0.4285900263910621
2,495,0.3892800824574924
2,496,0.36450533146466013
2,497,0.4026948672483476
2,498,0.5312101585329906
2,499,0.37193247968841237
2,500,0.5645803829223591
2,501,0.6028335524554177
2,502,0.31962241876723757
2,503,0.36229796894946953
2,504,0.5901847563621256
2,505,0.45566160779019416
2,506,0.40046188587123105
2,507,0.6486457692595442
2,508,0.5077425583401679
2,509,0.47780642168259874
2,510,0.2565399112110276
2,511,0.4231599753652077
2,512,0.4212624057006795
2,513,0.4202093517286986
2,514,0.4301898738785683
2,515,0.5009599387897293
2,516,0.4086369955920549
2,517,0.42792266481294594
2,518,0.40516898942495827
2,519,0.5575797323590428
2,520,0.5226056096460849
2,521,0.41689934422640973
2,522,0.6748261891453925
2,523,0.6095176365896234
2,524,0.2757958763393799
2,525,0.29409373037801656
2,526,0.4085269510137114
2,527,0.3480293582900491
2,528,0.4155781231315574
2,529,0.5322937684125829
2,530,0.4438413570490932
2,531,0.48075963406868266
2,532,0.2968117239312498
2,533,0.24509950233696715
2,534,0.4403709065314565
2,535,0.4848221073362575
2,536,0.36776598052888965
2,537,0.3656188248204243
2,538,0.42862228460628915
2,539,0.5980694676335706
2,540,0.41766769446266055
2,541,0.6457846892722726
2,542,0.728377423855334
2,543,0.8341443304497057
2,544,0.6716129920313183
2,545,0.4151396838580696
2,546,0.6409131716708947
2,547,0.49366244101967754
2,548,0.5322884325799935
2,549,0.3876459509523974
2,550,0.33577752055105664
2,551,0.6004872598798006
2,552,0.3219674210504133
2,553,0.39523449054840715
2,554,0.4328093415804369
2,555,0.42149701243917714
2,556,0.4596228805440448
2,557,0.4535532370898503
2,558,0.509582256058119
2,559,0.2096055617767077
2,560,0.5301483214443178
2,561,0.5604012728540785
2,562,0.6911952082649626
2,563,0.4684734914600989
2,564,0.3939797995988087
2,565,0.41633123919664056
2,566,0.43579151559733575
2,567,0.15901229920241877
2,568,0.18789673435919838
2,569,0.28795751536559083
2,570,0.7039812635338156
2,571,0.5160021874139722
2,572,0.4739518872429979
2,573,0.3873023802324995
2,574,0.45008133855932214
2,575,0.2935527677591469
2,576,0.5483786165439538
2,577,0.39301001740851166
2,578,0.5549943878224046
2,579,0.5600323477487718
2,580,0.5288528259176809
2,581,0.3788863213297755
2,582,0.3538209873547748
2,583,0.564275731399785
2,584,0.3834695325355579
2,585,0.35741677729802246
2,586,0.3793851938907333
2,587,0.40204785390664083
2,588,0.5786468966836226
2,589,0.1837734093290156
2,590,0.296001129734186
2,591,0.41295321309108296
2,592,0.1737905043688479
2,593,0.653379293594274
2,594,0.5622513886966302
2,595,0.7580611391070521
2,596,0.2110506492586784
2,597,0.4963490444426046
2,598,0.5488954256039961
2,599,0.4401137212519622
2,600,0.41372669626774483
2,601,0.5132133743097127
2,602,0.4066194388445782
2,603,0.47727601447556767
2,604,0.2671781851389158
2,605,0.5222179600691086
2,606,0.3588248929598758
2,607,0.44436521477902363
2,608,0.16360385681068138
2,609,0.348442250415276
2,610,0.4256280325498055
2,611,0.6339011828338991
2,612,0.7550121309031063
2,613,0.2913589740101543
2,614,0.43341942048831844
2,615,0.34527262876537884
2,616,0.40647840395875245
2,617,0.40508228886840986
2,618,0.547017865355997
2,619,0.3952396582518469
2,620,0.3247416861196243
2,621,0.34078107914166766
2,622,0.39810534354107124
2,623,0.40903022801712857
2,624,0.5865342794331552
2,625,0.36166204600530416
2,626,0.3116625587230664
2,627,0.32134061447008766
2,628,0.31449264656903897
2,629,0.4462197288333579
2,630,0.4548784821764793
2,631,0.33025249096460435
2,632,0.4192443213671209
2,633,0.2941906784225938
2,634,0.3151121444104983
2,635,0.5361123405429938
2,636,0.46865814234738157
2,637,0.6354590836901416
2,638,0.6181120336737264
2,639,0.5057102099056803
2,640,0.47969768997073725
2,641,0.5840934067152931
2,642,0.32384185962847417
2,643,0.4967749981149138
2,644,0.5368960590115349
2,645,0.26171643137926404
2,646,0.48069158590659417
2,647,0.36333115678817723
2,648,0.5965226183994481
2,649,0.2668722935882676
2,650,0.3298242450799148
2,651,0.20888205124624853
2,652,0.27934900348663366
2,653,0.521808843160573
2,654,0.587862652157719
2,655,0.4450791475643877
2,656,0.604105466425403
2,657,0.35033754445012977
2,658,0.770655845681351
2,659,0.529491210667848
2,660,0.3370023757488223
2,661,0.5289173346901522
2,662,0.24374969299178043
2,663,0.3510713279339852
2,664,0.42457723433693967
2,665,0.47168005438048904
2,666,0.5819216647597951
2,667,0.2797058738712537
2,668,0.43664049263705773
2,669,0.4392355523175757
2,670,0.6085142742620767
2,671,0.4822823184182163
2,672,0.3711013104061671
2,673,0.4429976116382086
2,674,0.3477259017329684
2,675,0.24878269408722398
2,676,0.18934603750830806
2,677,0.35564023784387194
2,678,0.5540964777992228
2,679,0.6534521418021918
2,680,0.38257756480766636
2,681,0.5621707948577672
2,682,0.37218325381106165
2,683,0.4283972454908188
2,684,0.4847682654126379
2,685,0.3416304030814534
2,686,0.678328459313491
2,687,0.4925495146165786
2,688,0.47243100018307504
2,689,0.2551268068954045
2,690,0.4449916570178581
2,691,0.40788604933425143
2,692,0.5908019068078
2,693,0.22471825295030484
2,694,0.4793954091961998
2,695,0.2253276865872646
2,696,0.5846740607159615
2,697,0.7468878716452617
2,698,0.5424268911481214
2,699,0.2238088122694235
2,700,0.4676926655611944
2,701,0.4149434464403277
2,702,0.3276024118357715
2,703,0.5030123078414049
2,704,0.37448547115219727
2,705,0.5012673477705516
2,706,0.25141729561083814
2,707,0.7705637205787093
2,708,0.6699906817473545
2,709,0.24975454831982985
2,710,0.5978678881208699
2,711,0.6147677463617542
2,712,0.47781059378770924
2,713,0.41462918232962875
2,714,0.37425122323506743
2,715,0.4214905053878167
2,716,0.31634285527447914
2,717,0.5423134007961493
2,718,0.19046966183786165
2,719,0.6958926273090636
2,720,0.47428392106280515
2,721,0.40996080204132795
2,722,0.2782402175713812
2,723,0.4112142674814569
2,724,0.6242715739872295
2,725,0.7242945331598486
2,726,0.34289502960888846
2,727,0.5958989527340132
2,728,0.5571419874233173
2,729,0.5054806724124069
2,730,0.6022768789044101
2,731,0.5444933624708396
2,732,0.1693739805137567
2,733,0.3369749857822833
2,734,0.5629653221590964
2,735,0.4075110527983383
2,736,0.36577719820549737
2,737,0.3447605412486613
2,738,0.2471572456027325
2,739,0.514594540827637
2,740,0.3482601094144138
2,741,0.6031015036564233
2,742,0.6694795292159009
2,743,0.41764717554895003
2,744,0.3567346045577879
2,745,0.3425273960198074
2,746,0.597710971651182
2,747,0.47982267016426744
2,748,0.4451420822710318
2,749,0.4235144969218899
2,750,0.3710209973432827
2,751,0.29499653923703323
2,752,0.480478415439879
2,753,0.3622068030197427
2,754,0.24233579612036452
2,755,0.5760997021160082
2,756,0.584901015029514
2,757,0.4527494177508921
2,758,0.40321902568548
2,759,0.4072326158848424
2,760,0.300993141436379
2,761,0.29928064937808485
2,762,0.34339316633558903
2,763,0.3959144929785327
2,764,0.41702448946628645
2,765,0.4660386464696051
2,766,0.4373299043944754
2,767,0.429208522708975
2,768,0.4261957671674886
2,769,0.4429589684945315
2,770,0.3924712586206066
2,771,0.6387458059005595
2,772,0.3623563463806952
2,773,0.3202336926296658
2,774,0.38424353252650484
2,775,0.16807659679486076
2,776,0.5776600563613642
2,777,0.6004972010667008
2,778,0.18430226156894156
2,779,0.3211804981422353
2,780,0.37289505049740473
2,781,0.5456266362220126
2,782,0.4574898457120821
2,783,0.5402444073210717
2,784,0.42490985863779407
2,785,0.4154916346329818
2,786,0.43125463948754655
2,787,0.46627711212073225
2,788,0.39269587649169024
2,789,0.6400294219325576
2,790,0.3299210851239344
2,791,0.4739092848095393
2,792,0.5073200848681777
2,793,0.5265351076584913
2,794,0.3542193362008161
2,795,0.44710289866106084
2,796,0.43233506603457267
2,797,0.5322123273066166
2,798,0.4492057727486252
2,799,0.5374913314377244
2,800,0.6734446042452356
2,801,0.6202769661801542
2,802,0.620709189538148
2,803,0.4262363179248377
2,804,0.24385874409058497
2,805,0.31830328835265725
2,806,0.3799314754164808
2,807,0.4692081261642174
2,808,0.3077252119677722
2,809,0.42184908898988105
2,810,0.4005235233064541
2,811,0.5675434729834195
2,812,0.5138748450201436
2,813,0.32053197563739644
2,814,0.373961694400816
2,815,0.484864222234833
2,816,0.2998764567538606
2,817,0.27030748985948316
2,818,0.5208869110052399
2,819,0.27852836168065276
2,820,0.6401644142024318
2,821,0.6649906219693007
2,822,0.37952951384185085
2,823,0.28499762334527834
2,824,0.07982080169625821
2,825,0.27705389615906667
2,826,0.6493023995672427
2,827,0.5295410477601272
2,828,0.3580523699287798
2,829,0.631029485428975
2,830,0.617074033653067
2,831,0.3991827178577467
2,832,0.39334582844835303
2,833,0.5009548002422682
2,834,0.45197574458915296
2,835,0.3797875036189369
2,836,0.2754567807852343
2,837,0.4132607264897388
2,838,0.3600107635471822
2,839,0.6337936661696604
2,840,0.29872467906591194
2,841,0.5457467414579316
2,842,0.45604427741197434
2,843,0.3859901075266237
2,844,0.3349492940270689
2,845,0.17856825129949455
2,846,0.4058209447212465
2,847,0.24072215581229675
2,848,0.3319161360127691
2,849,0.4353587336454279
2,850,0.337810111172259
2,851,0.14485096733698744
2,852,0.5576835427472461
2,853,0.5226014649269105
2,854,0.3858331556991127
2,855,0.42154686984906353
2,856,0.5037187094142115
2,857,0.31475151344851104
2,858,0.5225771506846864
2,859,0.2921816215631902
2,860,0.3462977989622631
2,861,0.3462977989622631
2,862,0.2945491712322877
2,863,0.38380543508411874
2,864,0.4326719462397673
2,865,0.3721830391239527
2,866,0.49810140079824095
2,867,0.5633337499364055
2,868,0.48102772721913417
2,869,0.3090522870161024
2,870,0.5324839849581995
2,871,0.43921309884071175
2,872,0.8073964297619763
2,873,0.41613116945071565
2,874,0.4703938050470016
2,875,0.5878891406535258
2,876,0.5903662058096136
2,877,0.3959779113999697
2,878,0.5465551777999168
2,879,0.22975715466833366
2,880,0.5382214197132741
2,881,0.42164327268171753
2,882,0.3437946060559864
2,883,0.596833066964405
2,884,0.42895759759723223
2,885,0.4297242613731531
2,886,0.42547154745777066
2,887,0.5678776258578813
2,888,0.47304339980225635
2,889,0.6349542143454469
2,890,0.3244203322105691
2,891,0.4137259995433832
2,892,0.46221519970044406
2,893,0.5145119723787137
2,894,0.49170349827163573
2,895,0.6214517691540435
2,896,0.619076533497617
2,897,0.49209670640725567
2,898,0.3551773689346622
2,899,0.5450238669354709
2,900,0.3960966787220426
2,901,0.5515075383807555
2,902,0.28292179579469456
2,903,0.567973247394353
2,904,0.4587874816644305
2,905,0.5089007374653355
2,906,0.48085372201087023
2,907,0.24176822484345425
2,908,0.37170911713519916
2,909,0.34716113386211267
2,910,0.32646754074795903
2,911,0.30317371786965847
2,912,0.4419045489735868
2,913,0.3899362156644718
2,914,0.45387229002724155
2,915,0.5632092015607932
2,916,0.4026924525987231
2,917,0.2182036461510924
2,918,0.2975583455996617
2,919,0.32397794744896596
2,920,0.4536339229012811
2,921,0.4581945295768039
2,922,0.356970089266109
2,923,0.526323238460613
2,924,0.30203693770888085
2,925,0.2027587429274017
2,926,0.5173131433557332
2,927,0.2082701366451974
2,928,0.2834840636934707
2,929,0.5012555243503051
2,930,0.48985431669343443
2,931,0.31447209079454214
2,932,0.32803424946701115
2,933,0.5015125366596109
2,934,0.3839320622885554
2,935,0.2562739332686963
2,936,0.3940849109458798
2,937,0.39531830015822267
2,938,0.4023004338980166
2,939,0.33893131704788726
2,940,0.38984598666807774
2,941,0.37607809667543085
2,942,0.3307876263673023
2,943,0.5399773665447977
2,944,0.8302533082918001
2,945,0.8270426777897641
2,946,0.7195651775120041
2,947,0.18028860036976324
2,948,0.5235522469949451
2,949,0.4661052909018736
2,950,0.35791307691178864
2,951,0.25521136447661436
2,952,0.5397747483188328
2,953,0.34751045731434066
2,954,0.4807938770894682
2,955,0.4651947185059285
2,956,0.30627876389445147
2,957,0.2501026431205939
2,958,0.7239067049672346
2,959,0.6523506602431073
2,960,0.28944931673574453
2,961,0.3421024006426145
2,962,0.43461611573566716
2,963,0.4279983345099949
2,964,0.36983621232486696
2,965,0.455303714902011
2,966,0.24788905934630492
2,967,0.33168011605802356
2,968,0.39655158803241475
2,969,0.43925005014002255
2,970,0.3015232315295198
2,971,0.3396472955823425
2,972,0.3759766581637089
2,973,0.6286262791443468
2,974,0.4538586503191121
2,975,0.31490088315835263
2,976,0.3602604529828362
2,977,0.5197584103746199
2,978,0.4585480649931912
2,979,0.5030986294869115
2,980,0.8098449758335832
2,981,0.4520647735744845
2,982,0.48918764540000537
2,983,0.3250052177776237
2,984,0.24055008824727764
2,985,0.27034607359687396
2,986,0.340552873546756
2,987,0.17390287530682957
2,988,0.4437981440080523
2,989,0.34992503041777717
2,990,0.27218127489119814
2,991,0.4822654074094049
2,992,0.22183347180530497
2,993,0.3429876232322674
2,994,0.45394482145643295
2,995,0.47845123714283655
2,996,0.5232368337310029
2,997,0.42304167045921814
2,998,0.48680792443269544
2,999,0.5637265993416086
2,1000,0.5300570694899762
2,1001,0.3916313649634524
2,1002,0.4280190684294102
2,1003,0.44559132681601
2,1004,0.4551694812867461
2,1005,0.31395354802343445
2,1006,0.5202264732602321
2,1007,0.3795644153703283
2,1008,0.26748985760750404
2,1009,0.2525258620783183
2,1010,0.5397388610096636
2,1011,0.5551303194982697
2,1012,0.5059816095537703
2,1013,0.6415005473551804
2,1014,0.551706179915787
2,1015,0.33886346429702524
2,1016,0.5295828897712125
2,1017,0.582576924997145
2,1018,0.26458305070515437
2,1019,0.27031995254924684
2,1020,0.4413493047335979
2,1021,0.4756423830596748
2,1022,0.2208031099977404
2,1023,0.5792198168008401
2,1024,0.5171567295716969
2,1025,0.29155469282335483
2,1026,0.5640976612816891
2,1027,0.4285939566943955
2,1028,0.339565791256224
2,1029,0.3953839216713501
2,1030,0.3259339691376632
2,1031,0.3781929411777719
2,1032,0.46742378488647324
2,1033,0.38001151919710574
2,1034,0.45079170892373427
2,1035,0.41138198865642106
2,1036,0.6285259066740306
2,1037,0.26565816733945236
2,1038,0.32029314245437857
2,1039,0.6463796895157801
2,1040,0.5647558128277812
2,1041,0.41239860671715134
2,1042,0.5420113685563582
2,1043,0.20051791270632824
2,1044,0.4127114954360886
2,1045,0.4847885748252637
2,1046,0.3388998658714517
2,1047,0.5314028405107843
2,1048,0.3496530812078991
2,1049,0.619005567263967
2,1050,0.6376551444749562
2,1051,0.2915584551156803
2,1052,0.25423045598397964
2,1053,0.49171286130939174
2,1054,0.581663548568477
2,1055,0.47745944734038054
2,1056,0.41461186804599204
2,1057,0.46246832898645973
2,1058,0.5504534242726484
2,1059,0.3426050855358671
2,1060,0.4312622433390919
2,1061,0.5720549606072048
2,1062,0.42887950144888337
2,1063,0.43670567309956604
2,1064,0.4389238547228408
2,1065,0.49558661455340436
2,1066,0.6620409522084938
2,1067,0.30139393649217217
2,1068,0.659535901910553
2,1069,0.49721179710926316
2,1070,0.5876084573599939
2,1071,0.3228240180143125
2,1072,0.517632017747525
2,1073,0.4833521145337259
2,1074,0.6890393551887882
2,1075,0.8086198775224743
2,1076,0.6365251552494079
2,1077,0.43298183937387213
2,1078,0.5095419452014267
2,1079,0.569977765054486
2,1080,0.5755426833332492
2,1081,0.44023851536378605
2,1082,0.44622307932244604
2,1083,0.37705461405993024
2,1084,0.20447533765120154
2,1085,0.40946428390465345
2,1086,0.24811899213076466
2,1087,0.349007170404863
2,1088,0.5163441277304189
2,1089,0.4343495669791073
2,1090,0.44747768330468124
2,1091,0.6160045274068509
2,1092,0.45332636293811385
2,1093,0.5467119000817177
2,1094,0.48879396549411214
2,1095,0.31691113803594073
2,1096,0.5471049037931663
2,1097,0.5465819566704381
2,1098,0.47324601311338993
2,1099,0.6236651605259117
2,1100,0.5603663251781484
2,1101,0.6644904239876563
2,1102,0.4850115773719939
2,1103,0.648965017952943
2,1104,0.530393904084654
2,1105,0.6953751626327841
2,1106,0.5311778881995262
2,1107,0.6463176796244635
2,1108,0.6559994986123745
2,1109,0.22507304378302204
2,1110,0.5637379359396175
2,1111,0.6395152612452879
2,1112,0.5925334753964244
2,1113,0.5848477032803483
2,1114,0.6510579932677634
2,1115,0.6167506280275227
2,1116,0.2356055777903094
2,1117,0.5642246497058151
2,1118,0.739862348411569
2,1119,0.6919104251739183
2,1120,0.4597381334087299
2,1121,0.4722648272189352
2,1122,0.7464736906103233
2,1123,0.7489589192620174
2,1124,0.6150096890144168
2,1125,0.411605017026953
2,1126,0.3326115424940038
2,1127,0.385687847933516
2,1128,0.5977053025665613
2,1129,0.4386363237762329
2,1130,0.561623059719987
2,1131,0.440197037126539
2,1132,0.26911777075956095
2,1133,0.4359531006457156
2,1134,0.2560675323368451
2,1135,0.35536061213701053
2,1136,0.3654916890477051
2,1137,0.40953490760910266
2,1138,0.2982205685558714
2,1139,0.45128878277385875
2,1140,0.46126373967929996
2,1141,0.45368701601279404
2,1142,0.46667644910439343
2,1143,0.4543477723039019
2,1144,0.5330672891730782
2,1145,0.47150740785971507
2,1146,0.6742464989600295
2,1147,0.6304659548040559
2,1148,0.602764268165253
2,1149,0.4237578652135411
2,1150,0.5675288691658285
2,1151,0.4558869344899496
2,1152,0.5944732951143689
2,1153,0.6280730712759192
2,1154,0.4586861590178542
2,1155,0.14698941010215427
2,1156,0.30024579323017064
2,1157,0.3634676100676879
2,1158,0.1123648913438033
2,1159,0.6310547191568673
2,1160,0.5264622310378381
2,1161,0.6547359472863891
2,1162,0.3000484992846612
2,1163,0.5258299505509554
2,1164,0.25662329519475074
2,1165,0.582140419122949
2,1166,0.652456543628643
2,1167,0.5620098416462712
2,1168,0.3683947001860276
2,1169,0.46147085046316494
2,1170,0.36178871816474817
2,1171,0.40830381098523394
2,1172,0.44000291791066437
2,1173,0.4574123657989228
2,1174,0.5246745970189252
2,1175,0.5236122021238203
2,1176,0.42822772559872196
2,1177,0.31283311402299147
2,1178,0.25873484640012273
2,1179,0.3818347861560293
2,1180,0.6207020584932219
2,1181,0.2074634146484792
2,1182,0.35449427770330993
2,1183,0.25664249783726506
2,1184,0.4880639425645286
2,1185,0.4603895136812111
2,1186,0.5291603703766596
2,1187,0.4057520159281596
2,1188,0.4249749310007313
2,1189,0.4138064870724807
2,1190,0.27144363338855204
2,1191,0.474081140953139
2,1192,0.3971494414528615
2,1193,0.6899191222976407
2,1194,0.6886359755501097
2,1195,0.5065296565628776
2,1196,0.3249906091464435
2,1197,0.38526596957698866
2,1198,0.38588857129747456
2,1199,0.6382327074944941
2,1200,0.5650375184818113
2,1201,0.5003296130902868
2,1202,0.48346416233219924
2,1203,0.45855104676892405
2,1204,0.5284282525215681
2,1205,0.5436416728936031
2,1206,0.6538411093666029
2,1207,0.4340915882792703
2,1208,0.3561405005317904
2,1209,0.554223086059407
2,1210,0.5380889034542272
2,1211,0.6107582481971039
2,1212,0.6473901919769172
2,1213,0.6678122311476392
2,1214,0.22153713864593216
2,1215,0.2717717047945681
2,1216,0.32471906018693253
2,1217,0.3831169838587072
2,1218,0.4799566659728822
2,1219,0.3146970103159172
2,1220,0.5280423202408903
2,1221,0.2945153437347985
2,1222,0.6598945400166827
2,1223,0.2749309103871942
2,1224,0.3472594374068195
2,1225,0.5925483166385018
2,1226,0.5464689240663015
2,1227,0.44910867687611666
2,1228,0.6022963711548551
2,1229,0.5984806044738478
2,1230,0.3811257821657983
2,1231,0.5583511053362443
2,1232,0.39104434173365843
2,1233,0.51245076424702
2,1234,0.594761827012055
2,1235,0.5349299373177587
2,1236,0.4262739561601521
2,1237,0.4227079022216048
2,1238,0.33739404720366695
2,1239,0.38828155963309763
2,1240,0.42131636357431823
2,1241,0.4365279058509912
2,1242,0.47778108160883753
2,1243,0.6444073969410047
2,1244,0.5786576041217167
2,1245,0.5747814811523276
2,1246,0.4950743208828802
2,1247,0.6072726770822316
2,1248,0.5570238270338301
2,1249,0.669294651577644
2,1250,0.47364235595497983
2,1251,0.16747662921122236
2,1252,0.1370937262194577
2,1253,0.33419658283886283
2,1254,0.44048504153271073
2,1255,0.4715624370949662
2,1256,0.454027433935528
2,1257,0.3929837931408524
2,1258,0.4236180837205416
2,1259,0.6080079707099992
2,1260,0.30633048465451546
2,1261,0.293907171650617
2,1262,0.4174304031523958
2,1263,0.6514949711731725
2,1264,0.33659953132536213
2,1265,0.30268808691697197
2,1266,0.30863391205638224
2,1267,0.4139126216144803
2,1268,0.40279347755510564
2,1269,0.39917890682374413
2,1270,0.6574916891800241
2,1271,0.2909933985238786
2,1272,0.33928315232898865
2,1273,0.4508186767753207
2,1274,0.4258061732871805
2,1275,0.41553158022653464
2,1276,0.24839139495257428
2,1277,0.6246893767324356
2,1278,0.30573532747231175
2,1279,0.3812572228076196
2,1280,0.5703842315330129
2,1281,0.671683537591545
2,1282,0.4785756231313642
2,1283,0.5799531298100652
2,1284,0.3392568735210017
2,1285,0.36846412671736606
2,1286,0.5485263967258652
2,1287,0.5424543012553233
2,1288,0.40209081476350433
2,1289,0.3851147324922632
2,1290,0.3396431526129682
2,1291,0.18773228830740119
2,1292,0.3957369744882589
2,1293,0.23355300321378744
2,1294,0.6792697113634557
2,1295,0.4837990163651467
2,1296,0.4837990163651467
2,1297,0.5730975893564776
2,1298,0.3874908047100801
2,1299,0.4878367885013189
2,1300,0.3574296417016913
2,1301,0.46258202051359854
2,1302,0.5130324606040977
2,1303,0.3192104988858313
2,1304,0.7580571162353482
2,1305,0.6528548259378122
2,1306,0.650528386706957
2,1307,0.6598346975062627
2,1308,0.23507748666448958
2,1309,0.5856287858434868
2,1310,0.6112352621280707
2,1311,0.46547572738443516
2,1312,0.5130130044746403
2,1313,0.45810273848689775
2,1314,0.40657279236687605
2,1315,0.4389709329854914
2,1316,0.6506115407637045
2,1317,0.5920685240077213
2,1318,0.3811021243213736
2,1319,0.45038395342580284
2,1320,0.34674292338828094
2,1321,0.34480520584684665
2,1322,0.3434189725043731
2,1323,0.29728444367284007
2,1324,0.16325144547659645
2,1325,0.385387342844591
2,1326,0.5231813583715326
2,1327,0.21084838282374171
2,1328,0.33760741606410516
2,1329,0.626512423239397
2,1330,0.2538956743489829
2,1331,0.4479592902218252
2,1332,0.4492404761029882
2,1333,0.617647020080984
2,1334,0.5240531679169977
2,1335,0.4855955743752913
2,1336,0.3494713628198686
2,1337,0.32348731063636343
2,1338,0.5272265488098419
2,1339,0.35609760050609823
2,1340,0.47838395467607475
2,1341,0.3673709812383727
2,1342,0.33014260259495826
2,1343,0.5517993949108373
2,1344,0.534879009518802
2,1345,0.3638247369555306
2,1346,0.34278046960827957
2,1347,0.396487412489352
2,1348,0.506436388688758
2,1349,0.7084893396076488
2,1350,0.7949329624230881
2,1351,0.7341150770989926
2,1352,0.42148574187441856
2,1353,0.7100074719777634
2,1354,0.2125411576405789
2,1355,0.4530861155766257
2,1356,0.5683740085498882
2,1357,0.3103366092379497
2,1358,0.5643752425335233
2,1359,0.4868920190721727
2,1360,0.26706573243631393
2,1361,0.49592105955861787
2,1362,0.28104180106593496
2,1363,0.35441917400187967
2,1364,0.6899623862108858
2,1365,0.34654733893400974
2,1366,0.6157398854473418
2,1367,0.6284934996272519
2,1368,0.6203673899148249
2,1369,0.6787761679101704
2,1370,0.49092408791170317
2,1371,0.531909031861342
2,1372,0.38767127975017773
2,1373,0.6501650518268551
2,1374,0.6080504074298585
2,1375,0.4854270089370257
2,1376,0.35188529179370054
2,1377,0.27393603803831496
2,1378,0.3742257194424884
2,1379,0.5210813878146734
2,1380,0.4002847764589937
2,1381,0.3729772736421713
2,1382,0.198912892202667
2,1383,0.3326223439756324
2,1384,0.5187472429514942
2,1385,0.5500098407730916
2,1386,0.5619124259408041
2,1387,0.32798067954092525
2,1388,0.62442978459886
2,1389,0.45976234955147466
2,1390,0.5983799748529816
2,1391,0.49223003774763685
2,1392,0.7307292942686906
2,1393,0.4099927934135609
2,1394,0.27643002705839015
2,1395,0.6012842215123827
2,1396,0.5493279807382243
2,1397,0.301192549548656
2,1398,0.34043490182965447
2,1399,0.5603851091525894
2,1400,0.4982867652096503
2,1401,0.5020965637869031
2,1402,0.5571905212490385
2,1403,0.5624834229965991
2,1404,0.39219775358322007
2,1405,0.5626769683512634
2,1406,0.2973526339499292
2,1407,0.46682546402221503
2,1408,0.4610759117314763
2,1409,0.4735352833300304
2,1410,0.5503203634931114
2,1411,0.4190573780234153
2,1412,0.6597132594708719
2,1413,0.5568292585337552
2,1414,0.3882557869070502
2,1415,0.5079867918904415
2,1416,0.3623406151797488
2,1417,0.12977004004608214
2,1418,0.31269153867634664
2,1419,0.7433798557892105
2,1420,0.8325265562328376
2,1421,0.5173399933471595
2,1422,0.44897475123517816
2,1423,0.5792479177160472
2,1424,0.5525892598077773
2,1425,0.5896235320826552
2,1426,0.42582293420071027
2,1427,0.5465836690222865
2,1428,0.46235643873367366
2,1429,0.7135986901132549
2,1430,0.7539024851097371
2,1431,0.2927698478667576
2,1432,0.42161570542710974
2,1433,0.3930069104560907
2,1434,0.3716056193747398
2,1435,0.5852034196171572
2,1436,0.43476103120139686
2,1437,0.30527311781683997
2,1438,0.299362594438406
2,1439,0.37987660942475665
2,1440,0.4756862178803131
2,1441,0.3591235538567623
2,1442,0.5143807730013061
2,1443,0.3394591048488455
2,1444,0.35392320569933056
2,1445,0.3796158874483226
2,1446,0.4198705807187139
2,1447,0.5302063546008708
2,1448,0.3423548488626395
2,1449,0.3683427236329544
2,1450,0.4188398893194016
2,1451,0.24864757247653096
2,1452,0.1791757968958957
2,1453,0.6520678888146868
2,1454,0.1753774077440484
2,1455,0.18737649707974735
2,1456,0.3208678157072477
2,1457,0.4741018879764597
2,1458,0.3828350031561105
2,1459,0.20215028962988107
2,1460,0.6858912322606644
2,1461,0.4572127319015476
2,1462,0.3620785416418496
2,1463,0.6288586478914928
2,1464,0.47087794773981456
2,1465,0.557282873073774
2,1466,0.5910043653544019
2,1467,0.397082265636227
2,1468,0.4442691183740409
2,1469,0.4610072406797288
2,1470,0.2687467480426498
2,1471,0.5648379560009485
2,1472,0.21533166535499987
2,1473,0.4842999740777069
2,1474,0.4462738332130287
2,1475,0.49982304430478486
2,1476,0.4224165370084146
2,1477,0.6888216956689794
2,1478,0.7708257879328273
2,1479,0.7957252463593137
2,1480,0.4396683518557118
2,1481,0.6175067806956916
2,1482,0.42969869140872324
2,1483,0.46121919807138767
2,1484,0.4593027204320662
2,1485,0.31320492575940295
2,1486,0.42877460755542823
2,1487,0.5369722751006807
2,1488,0.2840040244457214
2,1489,0.4336238980466944
2,1490,0.384602990125433
2,1491,0.6408873051132716
2,1492,0.5523450435195177
2,1493,0.4379621272852164
2,1494,0.5361747689098298
2,1495,0.42907003358092977
2,1496,0.38657876979419575
2,1497,0.6009279054160078
2,1498,0.48692158294418686
2,1499,0.5713726248752797
2,1500,0.47835132121268376
2,1501,0.38019320525208133
2,1502,0.32382885345267715
2,1503,0.28087626544295585
2,1504,0.297500754261125
2,1505,0.2823104967767816
2,1506,0.43996202920343863
2,1507,0.2961705888191852
2,1508,0.6001067115315721
2,1509,0.6053886539473972
2,1510,0.0921917724969988
2,1511,0.09838248380350084
2,1512,0.2402193854148084
2,1513,0.35184241200907945
2,1514,0.8425858580810242
2,1515,0.8604453680289547
2,1516,0.6524482865336657
2,1517,0.32895679688779045
2,1518,0.4920647484508293
2,1519,0.3781900770624451
2,1520,0.522777482880197
2,1521,0.1913457714344986
2,1522,0.4016310539872919
2,1523,0.4780397508856004
2,1524,0.4903320760343685
2,1525,0.49451674589829364
2,1526,0.5100134743677173
2,1527,0.40909187398632646
2,1528,0.43160641456344867
2,1529,0.4819662702707297
2,1530,0.4439010080379706
2,1531,0.5739005417935623
2,1532,0.42356002068528764
2,1533,0.5695026488595428
2,1534,0.29744421774655566
2,1535,0.4317125831828297
2,1536,0.4988937254836222
2,1537,0.5433085903648076
2,1538,0.4092850277292203
2,1539,0.4031815875302743
2,1540,0.30160493183972087
2,1541,0.3161823287518866
2,1542,0.4596476758841661
2,1543,0.4399441803519306
2,1544,0.1388230404926099
2,1545,0.48721232764758926
2,1546,0.23010469896338057
2,1547,0.39835250299554825
2,1548,0.4189808919791232
2,1549,0.3010360293546752
2,1550,0.4459456319277092
2,1551,0.39468534396636756
2,1552,0.38639323209764975
2,1553,0.5532112235789263
2,1554,0.41291318195137156
2,1555,0.44417370085226304
2,1556,0.4346912755976226
2,1557,0.5443056668802769
2,1558,0.5450695121252845
2,1559,0.5718002307071024
2,1560,0.3527472236597962
2,1561,0.44688742560651873
2,1562,0.2557484488628077
2,1563,0.3479659952926488
2,1564,0.6049999041327733
2,1565,0.4561509917125408
2,1566,0.36639403400716636
2,1567,0.5148041162244545
2,1568,0.5287420709638048
2,1569,0.4536207692396678
2,1570,0.5728101594706326
2,1571,0.4086002698926623
2,1572,0.5250495561414851
2,1573,0.6903933732502251
2,1574,0.38657508562803483
2,1575,0.39882136157101805
2,1576,0.41870676085702796
2,1577,0.29297912661075304
2,1578,0.27924105980995306
2,1579,0.20112969250882132
2,1580,0.4768634510463359
2,1581,0.31432324992993305
2,1582,0.32340407849478753
2,1583,0.39945067078850754
2,1584,0.5651314922191786
2,1585,0.4845018297721762
2,1586,0.7055728188889527
2,1587,0.3351073432806493
2,1588,0.6078785067947369
2,1589,0.2536533732246543
2,1590,0.38428661341261744
2,1591,0.46315248114314456
2,1592,0.3023909838069865
2,1593,0.4527464739777556
2,1594,0.6248025061461372
2,1595,0.16603542035481644
2,1596,0.30816217263526374
2,1597,0.18378767351397476
2,1598,0.1439641039536739
2,1599,0.3996355496687281
2,1600,0.29419442591059863
2,1601,0.6158716140601105
2,1602,0.5341805359407583
2,1603,0.5572734807198474
2,1604,0.2914839574383922
2,1605,0.24803147842453896
2,1606,0.4166280202136702
2,1607,0.6289940869558653
2,1608,0.44269921050840605
2,1609,0.25355349192562443
2,1610,0.2320330372852614
2,1611,0.42867144116907396
2,1612,0.36401001979562114
2,1613,0.3876743352051339
2,1614,0.3942840450468121
2,1615,0.5235702608826543
2,1616,0.2412698491318317
2,1617,0.753851596438732
2,1618,0.6478067125109368
2,1619,0.4596773522806696
2,1620,0.5637369651654656
2,1621,0.38500179940172724
2,1622,0.38548168594975957
2,1623,0.490379098844349
2,1624,0.35408969880952534
2,1625,0.5109113930690727
2,1626,0.4839342600197276
2,1627,0.534181322372852
2,1628,0.291326834135274
2,1629,0.2577084515690142
2,1630,0.41996990357516684
2,1631,0.37350567721821554
2,1632,0.3151608280894299
2,1633,0.37751658079365014
2,1634,0.541212450992277
2,1635,0.205608509922604
2,1636,0.17080268792403197
2,1637,0.22224890191089522
2,1638,0.49263661642848816
2,1639,0.42448368213161314
2,1640,0.5001724675246428
2,1641,0.4807858124871546
2,1642,0.17489954865495622
2,1643,0.1692936405926242
2,1644,0.37388327843455715
2,1645,0.3435048219925913
2,1646,0.44050249022466975
2,1647,0.3342359693136772
2,1648,0.5335988075761537
2,1649,0.4890553644364078
2,1650,0.6574717181711294
2,1651,0.4493412498875487
2,1652,0.4705894414046719
2,1653,0.21909311217613284
2,1654,0.6447310457517688
2,1655,0.3881323961934613
2,1656,0.29970164867392896
2,1657,0.23936069641675684
2,1658,0.33430153532413
2,1659,0.5717283222008314
2,1660,0.4922714237956738
2,1661,0.42179542033164164
2,1662,0.2946821398551933
2,1663,0.6870818574284805
2,1664,0.5041468190656977
2,1665,0.4107313549240821
2,1666,0.4305077920852783
2,1667,0.289313556916911
2,1668,0.28224072371459297
2,1669,0.25079907283517766
2,1670,0.21536228798992257
2,1671,0.4557306186559721
2,1672,0.5157108719863283
2,1673,0.3086496999312412
2,1674,0.3873508090326826
2,1675,0.42971144620004337
2,1676,0.4794875158562869
2,1677,0.4521334108054394
2,1678,0.5185354847916328
2,1679,0.43327945966970305
2,1680,0.47021125589203544
2,1681,0.31273730163853153
2,1682,0.35061818297174824
2,1683,0.4961902760423221
2,1684,0.5497516942954069
2,1685,0.6043027586122265
2,1686,0.669520173102547
2,1687,0.41085195634575433
2,1688,0.5630727584417693
2,1689,0.596645460019295
2,1690,0.2840360842386611
2,1691,0.3250814504412662
2,1692,0.6713500844577697
2,1693,0.3108081931320711
2,1694,0.4890584344031198
2,1695,0.3814867306861267
2,1696,0.44188822214481926
2,1697,0.3110868175272047
2,1698,0.46624513320924454
2,1699,0.5506223997618269
2,1700,0.6433793571292269
2,1701,0.4256555737761335
2,1702,0.4229109930804625
2,1703,0.5637978005636043
2,1704,0.40285521258889007
2,1705,0.4779022614258372
2,1706,0.5223307820984605
2,1707,0.4235006115519446
2,1708,0.7661961238012923
2,1709,0.4493296446475232
2,1710,0.5058757258087226
2,1711,0.5490951613189875
2,1712,0.4127093201763568
2,1713,0.5258236574006458
2,1714,0.532733079798785
2,1715,0.4182314070325332
2,1716,0.5822016499890942
2,1717,0.4931967151249551
2,1718,0.44804577987611893
2,1719,0.5154862459971347
2,1720,0.36643228859051113
2,1721,0.7619091311777099
2,1722,0.7187412808324445
2,1723,0.415484935339387
2,1724,0.5480827470210811
2,1725,0.5713477942594059
2,1726,0.3657389512496952
2,1727,0.5487015550078737
2,1728,0.4296581462841509
2,1729,0.3998461050483607
2,1730,0.49887271082451473
2,1731,0.5435693399947993
2,1732,0.43100910932641995
2,1733,0.6209776448362625
2,1734,0.33312036495633945
2,1735,0.4027893862151146
2,1736,0.5214212542477713
2,1737,0.3460502440159761
2,1738,0.428465500366184
2,1739,0.2701916802978689
2,1740,0.4317953897402964
2,1741,0.5492269586464915
2,1742,0.31766362583027974
2,1743,0.6321445180865458
2,1744,0.30565225214067704
2,1745,0.6553357716520047
2,1746,0.3216882553717171
2,1747,0.3510817782523119
2,1748,0.6962240556888577
2,1749,0.16814123234295072
2,1750,0.43306793443975544
2,1751,0.39596014085644465
2,1752,0.22224138270701557
2,1753,0.5040167778693957
2,1754,0.3096177865295944
2,1755,0.443284099877769
2,1756,0.28472462571496654
2,1757,0.3744874409066819
2,1758,0.4636425721385492
2,1759,0.46054691370632356
2,1760,0.6925488878679941
2,1761,0.47926501631347385
2,1762,0.48764096272287294
2,1763,0.5876227360610414
2,1764,0.4166869770626379
2,1765,0.4780524345894095
2,1766,0.4576262275732009
2,1767,0.4798982063722227
2,1768,0.2684069339554666
2,1769,0.1282773318921117
2,1770,0.8382795415172597
2,1771,0.7077152351942031
2,1772,0.25038499192333774
2,1773,0.4041318626051013
2,1774,0.5228727006892145
2,1775,0.2737863617758562
2,1776,0.40628943778095755
2,1777,0.4050897096627069
2,1778,0.3296810514545449
2,1779,0.3933543005756195
2,1780,0.5724727104313477
2,1781,0.34132067683187617
2,1782,0.48361847419309417
2,1783,0.3010086287975346
2,1784,0.6141564414504357
2,1785,0.5184592304962771
2,1786,0.5550678444689082
2,1787,0.2986352928500085
2,1788,0.3826645561031209
2,1789,0.3934491349263555
2,1790,0.28726779040737266
2,1791,0.25068611484156866
2,1792,0.41670963856923826
2,1793,0.487679211113079
2,1794,0.7150833923398953
2,1795,0.6990753470776365
2,1796,0.38146406622128265
2,1797,0.5362994740425264
2,1798,0.5048003469944666
2,1799,0.538629269295396
2,1800,0.46407097667726405
2,1801,0.3166221417381117
2,1802,0.4750494504878048
2,1803,0.4044253161014786
2,1804,0.41390619785584254
2,1805,0.5113008799199609
2,1806,0.34420596989193153
2,1807,0.34650948050119884
2,1808,0.331106888116334
2,1809,0.6258244920148706
2,1810,0.36452150350021273
2,1811,0.6504899215782358
2,1812,0.5677669061164772
2,1813,0.6258163582897125
2,1814,0.33946924308257664
2,1815,0.47995975455984313
2,1816,0.40016330117176446
2,1817,0.4523699773346849
2,1818,0.4634594563608072
2,1819,0.3907586790619857
2,1820,0.38690319738712725
2,1821,0.4984009512697477
2,1822,0.5280826678607572
2,1823,0.4806878352510954
2,1824,0.2943039191257023
2,1825,0.46697999784232413
2,1826,0.4008229041128422
2,1827,0.4232122392595141
2,1828,0.6462431476871551
2,1829,0.5381528560020011
2,1830,0.478219613906093
2,1831,0.5177984284366239
2,1832,0.8320154781097794
2,1833,0.710927453232982
2,1834,0.8570478119237499
2,1835,0.49250622964673213
2,1836,0.6605208873217734
2,1837,0.5222736129970346
2,1838,0.5391807968901514
2,1839,0.5611347987057974
2,1840,0.28426024863999727
2,1841,0.4785071748027464
2,1842,0.5615394077744661
2,1843,0.3173705675838669
2,1844,0.4977651938564983
2,1845,0.36931592606571506
2,1846,0.1532966531667883
2,1847,0.29552972120140897
2,1848,0.36438342010958485
2,1849,0.3520911019349447
2,1850,0.40576913432825834
2,1851,0.6588295155215406
2,1852,0.10117178809045557
2,1853,0.841433215437739
2,1854,0.4168668270151171
2,1855,0.5277429695544039
2,1856,0.5751069296014061
2,1857,0.2874634612877137
2,1858,0.49822401060630683
2,1859,0.35106417738839485
2,1860,0.322466987548465
2,1861,0.7141681090638784
2,1862,0.5838094963372593
2,1863,0.5017951940628346
2,1864,0.4010382957340531
2,1865,0.27214722550929943
2,1866,0.5523029636422355
2,1867,0.5015770845750234
2,1868,0.4060123998719115
2,1869,0.4697188090536297
2,1870,0.4088490717064223
2,1871,0.48447265125474265
2,1872,0.2981856440925312
2,1873,0.518683207689872
2,1874,0.5387928807155
2,1875,0.4608918603039832
2,1876,0.6232560505602597
2,1877,0.5905086987569512
2,1878,0.5696833512895596
2,1879,0.4740627035067081
2,1880,0.4805965075406713
2,1881,0.41883224464393487
2,1882,0.4076665118368868
2,1883,0.5390650292383821
2,1884,0.5650032975411566
2,1885,0.38307837451711135
2,1886,0.31639530763131846
2,1887,0.7732891250884696
2,1888,0.3572773121701688
2,1889,0.5845555172228817
2,1890,0.39110619009619274
2,1891,0.568935578551538
2,1892,0.29625716275534625
2,1893,0.7413116472969606
2,1894,0.8076818779230742
2,1895,0.5137730288056925
2,1896,0.389858548926622
2,1897,0.3076620134619552
2,1898,0.22966243373903564
2,1899,0.673383465329655
2,1900,0.8269308211078361
2,1901,0.7497291887028164
2,1902,0.6825630137861995
2,1903,0.7168115786261648
2,1904,0.6809744330321162
2,1905,0.8290247559921148
2,1906,0.7235200563631184
2,1907,0.6898320291513971
2,1908,0.7102823693615514
2,1909,0.2605690826485522
2,1910,0.37292000672511455
2,1911,0.47661493831611756
2,1912,0.37590460252197017
2,1913,0.41733594985992756
2,1914,0.5010451199133891
2,1915,0.5618787878437802
2,1916,0.5605610941524514
2,1917,0.5718332113942677
2,1918,0.3396978662749566
2,1919,0.4417081993837874
2,1920,0.4876077514846086
2,1921,0.4114697494673231
2,1922,0.5231606482507672
2,1923,0.42581240490666505
2,1924,0.6071015154903768
2,1925,0.4561720489915019
2,1926,0.589208541207217
2,1927,0.4394135719445056
2,1928,0.4497404805752663
2,1929,0.7528503199556403
2,1930,0.7380781369843312
2,1931,0.778656924481336
2,1932,0.41709802886403713
2,1933,0.6558588110386123
2,1934,0.5889161831371511
2,1935,0.6136821366937814
2,1936,0.6310028065470755
2,1937,0.569050668807114
2,1938,0.2691703786670592
2,1939,0.5452226940423991
2,1940,0.39898648134714076
2,1941,0.3210726851805338
2,1942,0.6216629168164116
2,1943,0.40758849782195844
2,1944,0.4637159364898903
2,1945,0.23520549609678787
2,1946,0.6338616420123632
2,1947,0.3552147281462459
2,1948,0.6417967310782636
2,1949,0.5295274607591904
2,1950,0.41727888306547556
2,1951,0.4580384531130298
2,1952,0.23764239193237835
2,1953,0.28011887616150827
2,1954,0.46248990722459643
2,1955,0.2657865037976721
2,1956,0.5754126556262475
2,1957,0.48436332589666115
2,1958,0.47568504538417755
2,1959,0.4573814009993813
2,1960,0.45789729758478825
2,1961,0.620702724930952
2,1962,0.40893672461946157
2,1963,0.5045035263024433
2,1964,0.31118251185279583
2,1965,0.38610920134204424
2,1966,0.44693910113717356
2,1967,0.5937214554164174
2,1968,0.28344587375378943
2,1969,0.33728871065669136
2,1970,0.44973046429403074
2,1971,0.5725894886294367
2,1972,0.6015369674642955
2,1973,0.4564306623165675
2,1974,0.32683898948746276
2,1975,0.6184112177637554
2,1976,0.3133946680490678
2,1977,0.4216115173929603
2,1978,0.49369436754361085
2,1979,0.46459972938938426
2,1980,0.4446045812977768
2,1981,0.30868428846196166
2,1982,0.3050589198334491
2,1983,0.24418482089963062
2,1984,0.2471844038491516
2,1985,0.42688302659792987
2,1986,0.5016332980481902
2,1987,0.5754442583200043
2,1988,0.2900853064312687
2,1989,0.413283439467895
2,1990,0.5106101194713801
2,1991,0.2162000984293605
2,1992,0.3451186490528408
2,1993,0.5984644703774795
2,1994,0.4955606316201581
2,1995,0.3479393087453703
2,1996,0.39294678695991336
2,1997,0.4350771653246491
2,1998,0.4601184316690626
2,1999,0.4301086600800117
2,2000,0.4236423688451594
2,2001,0.4560835104053504
2,2002,0.5695055682986973
2,2003,0.5891986699179899
2,2004,0.6104947894226986
2,2005,0.3614406377003473
2,2006,0.3218274244187779
2,2007,0.48085133604789
2,2008,0.6493230704939293
2,2009,0.49395112294236493
2,2010,0.43242566065650323
2,2011,0.46526419396962915
2,2012,0.2980933642833783
2,2013,0.5060014329531988
2,2014,0.5075130548659743
2,2015,0.46557747049800974
2,2016,0.48447047881607547
2,2017,0.5522669520825763
2,2018,0.4697867361966692
2,2019,0.47092745268320113
2,2020,0.47317457473940616
2,2021,0.5039568934637104
2,2022,0.6527774141776579
2,2023,0.48042810684913423
2,2024,0.38342640561173075
2,2025,0.34740437394922574
2,2026,0.6216410262021871
2,2027,0.30063492640796396
2,2028,0.6117961296100972
2,2029,0.634647898561424
2,2030,0.42910900805802094
2,2031,0.4342770488732154
2,2032,0.7108027682483735
2,2033,0.3502640498014477
2,2034,0.5930693296796385
2,2035,0.6385357665955546
2,2036,0.5877837463852595
2,2037,0.25871982278888617
2,2038,0.5874804739387549
2,2039,0.6487563125255754
2,2040,0.6631095356167884
2,2041,0.48232261362525763
2,2042,0.3796867383406614
2,2043,0.7572783660982145
2,2044,0.6330441584390831
2,2045,0.43754138655398017
2,2046,0.1735074124125679
2,2047,0.1350294843355937
2,2048,0.19365104526611984
2,2049,0.574275378913526
2,2050,0.19234828613560193
2,2051,0.23008199417249955
2,2052,0.3226700776927205
2,2053,0.4152465524586509
2,2054,0.41370801154902237
2,2055,0.5437677649640914
2,2056,0.44849509954433625
2,2057,0.4697842335287182
2,2058,0.48011095384958635
2,2059,0.42386517431908854
2,2060,0.34324651754767954
2,2061,0.5607878532368259
2,2062,0.48862584797265546
2,2063,0.6452565962684308
2,2064,0.5202389655953005
2,2065,0.31159180892505683
2,2066,0.6622843905421386
2,2067,0.5435651786624293
2,2068,0.45455249462143177
2,2069,0.4765061395471539
2,2070,0.4168344765725359
2,2071,0.43446912987202735
2,2072,0.46878006723932475
2,2073,0.5277240908445493
2,2074,0.6932538573024898
2,2075,0.5678684407173978
2,2076,0.5551664146699331
2,2077,0.4849562965550517
2,2078,0.2523893812275148
2,2079,0.3156095821554622
2,2080,0.650711658811839
2,2081,0.3489491608105259
2,2082,0.5875645398904662
2,2083,0.41584238088397785
2,2084,0.4683582069188807
2,2085,0.3873420854706567
2,2086,0.44250004482284955
2,2087,0.5012305419644986
2,2088,0.4910616749367332
2,2089,0.5155611132477743
2,2090,0.266199649490117
2,2091,0.2463375816245869
2,2092,0.40781177836669286
2,2093,0.5069556717395275
2,2094,0.6196974326050794
2,2095,0.3848866270074778
2,2096,0.45737820046224786
2,2097,0.48607246275471255
2,2098,0.4560780523235642
2,2099,0.4591242794000218
2,2100,0.44416294636982256
2,2101,0.4541035733703329
2,2102,0.44849890827433353
2,2103,0.3426605545340258
2,2104,0.21038427822053038
2,2105,0.5594309700061089
2,2106,0.19970382940300904
2,2107,0.30056173458568014
2,2108,0.3936379922346468
2,2109,0.4646752283402966
2,2110,0.2619270756282369
2,2111,0.9521473285033539
2,2112,0.8614624721902638
2,2113,0.13122852574053917
2,2114,0.3565164422163862
2,2115,0.8070502954633393
2,2116,0.822788225343375
2,2117,0.3192822320424698
2,2118,0.865499324357283
2,2119,0.32362251476836645
2,2120,0.27465670321714564
2,2121,0.46346291246414845
2,2122,0.4048202658570069
2,2123,0.39462667188222406
2,2124,0.617983459208266
2,2125,0.41824170909491204
2,2126,0.41583605883395824
2,2127,0.4931622717150464
2,2128,0.5066938094012607
2,2129,0.573861118144262
2,2130,0.6987816429764673
2,2131,0.7455389938774745
2,2132,0.499743762887155
2,2133,0.2605124139492421
2,2134,0.31078917363137176
2,2135,0.5553488457370537
2,2136,0.5418354785553984
2,2137,0.4360680124417944
2,2138,0.3087581897401295
2,2139,0.5746715680343347
2,2140,0.47091573022009287
2,2141,0.3799072789118636
2,2142,0.5259829501067661
2,2143,0.3433715111884577
2,2144,0.4867328315806165
2,2145,0.4572798611112992
2,2146,0.3257411473070362
2,2147,0.3160188769726048
2,2148,0.7463039939651032
2,2149,0.32027870491779314
2,2150,0.3599094878868623
2,2151,0.4321269126055344
2,2152,0.2943778263134036
2,2153,0.368195762911713
2,2154,0.406541731841613
2,2155,0.39833968294012445
2,2156,0.5948878281228116
2,2157,0.371819465446838
2,2158,0.389766041061619
2,2159,0.29778395031750077
2,2160,0.3641597658455134
2,2161,0.2859815736152792
2,2162,0.46527924767904094
2,2163,0.514320286341341
2,2164,0.6783363360160527
2,2165,0.6986036691078834
2,2166,0.6875365324437039
2,2167,0.4392615328916289
2,2168,0.49072723979584765
2,2169,0.66655445810794
2,2170,0.5855282446515886
2,2171,0.49748738782624113
2,2172,0.3843414656564171
2,2173,0.29542217700782425
2,2174,0.3863157670135577
2,2175,0.4285458766107508
2,2176,0.43081422735015135
2,2177,0.3213892249114699
2,2178,0.36205273084135564
2,2179,0.27525949682799017
2,2180,0.3186309152770529
2,2181,0.3309643307012339
2,2182,0.2882344565420608
2,2183,0.6904043036268043
2,2184,0.6456539293141784
2,2185,0.37102818772720264
2,2186,0.39873747512337715
2,2187,0.42677121176937266
2,2188,0.6099293748897507
2,2189,0.450515824170866
2,2190,0.7241716435009282
2,2191,0.45627633340257046
2,2192,0.23586397954297417
2,2193,0.250245347293331
2,2194,0.3416773453185557
2,2195,0.4968478640926052
2,2196,0.34329451509658027
2,2197,0.6685485931640669
2,2198,0.6041197220607653
2,2199,0.6860441747462275
2,2200,0.376028131999803
2,2201,0.30303189664101726
2,2202,0.6171860772206276
2,2203,0.3890704868224183
2,2204,0.5417121418409279
2,2205,0.5381298529363591
2,2206,0.6635799452958622
2,2207,0.5944834665889431
2,2208,0.41282791872674734
2,2209,0.6239719002922428
2,2210,0.3261602819293535
2,2211,0.36208887777556437
2,2212,0.1570416636181304
2,2213,0.5062450771466106
2,2214,0.4666280132927793
2,2215,0.10024414705772057
2,2216,0.33485428158488645
2,2217,0.13643471227934845
2,2218,0.09644783773284457
2,2219,0.13953057217768827
2,2220,0.22598705503479904
2,2221,0.12982530419500843
2,2222,0.4727178243417392
2,2223,0.3841935809793331
2,2224,0.5078524994008873
2,2225,0.4320682109830181
2,2226,0.4279960723876273
2,2227,0.4159767751263874
2,2228,0.3920413505101812
2,2229,0.3553336911505015
2,2230,0.6830383747575078
2,2231,0.4189471824911423
2,2232,0.4153719936517665
2,2233,0.4107367102301491
2,2234,0.6354719944977592
2,2235,0.5555202219623927
2,2236,0.498772051136569
2,2237,0.4559598921166714
2,2238,0.46827385187218007
2,2239,0.3726017339036392
2,2240,0.43817567248251565
2,2241,0.5737437151723609
2,2242,0.8539541656957989
2,2243,0.8393657766225924
2,2244,0.7422584994007599
2,2245,0.41074046767328604
2,2246,0.4466762521823731
2,2247,0.32449187240305993
2,2248,0.4765264514642441
2,2249,0.31927326068068873
2,2250,0.6293319202765131
2,2251,0.36174255320757237
2,2252,0.5241101525118909
2,2253,0.37540288369964275
2,2254,0.3977562619156204
2,2255,0.4280392402792173
2,2256,0.4476928836146363
2,2257,0.3094899868005185
2,2258,0.3882802470837158
2,2259,0.4428157032462611
2,2260,0.606205897262717
2,2261,0.4650032570402175
2,2262,0.2796829526714502
2,2263,0.3610037086162525
2,2264,0.49109478506212106
2,2265,0.4263066757048567
2,2266,0.4090820298253225
2,2267,0.6329634503779743
2,2268,0.3116881342131145
2,2269,0.7252911829592568
2,2270,0.5835255117350957
2,2271,0.27244340234791886
2,2272,0.34796964057133767
2,2273,0.40873811031075363
2,2274,0.39463880012776364
2,2275,0.43822599141553065
2,2276,0.3855355757916091
2,2277,0.6419718280130359
2,2278,0.4146086548161317
2,2279,0.5312047866582672
2,2280,0.6464992771576491
2,2281,0.4062467430225823
2,2282,0.5888699235599724
2,2283,0.5294607013217387
2,2284,0.32565284784817133
2,2285,0.3716448253135021
2,2286,0.34200728492118254
2,2287,0.22857862248474342
2,2288,0.37817631288583575
2,2289,0.39116752376815755
2,2290,0.6121284320952523
2,2291,0.6092868648498537
2,2292,0.6318417272091987
2,2293,0.48650772051170926
2,2294,0.3168440827189347
2,2295,0.6254463447506439
2,2296,0.517059200829417
2,2297,0.543704530282915
2,2298,0.5617348441416451
2,2299,0.23307662599405665
2,2300,0.34122044164404947
2,2301,0.484448389085639
2,2302,0.3287790580572492
2,2303,0.2859137611724199
2,2304,0.41918452405401974
2,2305,0.39893444300532444
2,2306,0.36261718589006353
2,2307,0.5383903188346824
2,2308,0.5493572373641814
2,2309,0.4555279900834747
2,2310,0.35382978948673266
2,2311,0.38617059705650786
2,2312,0.3793796466535042
2,2313,0.2865532661587921
2,2314,0.449281444567777
2,2315,0.3892910457723991
2,2316,0.467476554747408
2,2317,0.2957174023745247
2,2318,0.43227870761601483
2,2319,0.4709496856576654
2,2320,0.5841554311690963
2,2321,0.5900117217058122
2,2322,0.6149378653711954
2,2323,0.3864389656770565
2,2324,0.44465672249736343
2,2325,0.2728341910800699
2,2326,0.2950828812747175
2,2327,0.1585674549855801
2,2328,0.43222768230510417
2,2329,0.3629729009527496
2,2330,0.33967072852380065
2,2331,0.7079323254598127
2,2332,0.5078692809117321
2,2333,0.5539119275893485
2,2334,0.5298084636502022
2,2335,0.48552754141198234
2,2336,0.2734602628363959
2,2337,0.3096259923984386
2,2338,0.4602751086480883
2,2339,0.5823934692687476
2,2340,0.7189383020435196
2,2341,0.5604590822954034
2,2342,0.46075705469698647
2,2343,0.34224001040510194
2,2344,0.16669716955979696
2,2345,0.6851140206991767
2,2346,0.19331490063556797
2,2347,0.56891550201998
2,2348,0.40320150672707483
2,2349,0.433931903844832
2,2350,0.37130843456033524
2,2351,0.4366641770452745
2,2352,0.616995491160683
2,2353,0.27669198238334464
2,2354,0.13515241030999575
2,2355,0.7479029583868834
2,2356,0.1811436974954773
2,2357,0.3342454174906882
2,2358,0.6901352915570645
2,2359,0.21550036264071018
2,2360,0.44366747801961265
2,2361,0.49666963932429925
2,2362,0.5727928779500053
2,2363,0.3068460955419189
2,2364,0.5342600983470189
2,2365,0.4390140435585032
2,2366,0.48700120064746233
2,2367,0.5157875261657932
2,2368,0.36342257855990207
2,2369,0.38676339657924497
2,2370,0.5048853143334348
2,2371,0.4022310005371266
2,2372,0.1754145678305094
2,2373,0.2624670912028294
2,2374,0.3735030830185512
2,2375,0.5215685107608184
2,2376,0.35121269291021656
2,2377,0.4065972610960275
2,2378,0.5660374227027853
2,2379,0.5327586940821716
2,2380,0.27523425706964355
2,2381,0.3660000748010991
2,2382,0.5365493802531542
2,2383,0.48628490632834537
2,2384,0.30857788454989143
2,2385,0.3734359426097331
2,2386,0.3880431381303626
2,2387,0.4082962076595614
2,2388,0.4308852085545974
2,2389,0.45380176965485314
2,2390,0.26641629749395573
2,2391,0.5287028376283863
2,2392,0.5482671360350649
2,2393,0.569317395518137
2,2394,0.4824285155609468
2,2395,0.35926560277961284
2,2396,0.3848859295816416
2,2397,0.631845948118884
2,2398,0.3009662902459437
2,2399,0.5359890123044191
2,2400,0.49088596608778545
2,2401,0.3040653857514285
2,2402,0.34983406105825166
2,2403,0.608695993678174
2,2404,0.348033580712102
2,2405,0.2460081706939649
2,2406,0.7163730870248851
2,2407,0.4203727946706742
2,2408,0.4894414966200332
2,2409,0.3575422495263324
2,2410,0.4715225606072905
2,2411,0.49790502317525953
2,2412,0.5965764974466373
2,2413,0.32875551848433215
2,2414,0.3248070704369351
2,2415,0.33438497162156483
2,2416,0.33989152250283045
2,2417,0.6415179457597079
2,2418,0.3015067734435612
2,2419,0.2819306341654594
2,2420,0.1519680675006357
2,2421,0.29745488162882433
2,2422,0.654320072564997
2,2423,0.5683485817423669
2,2424,0.41816965839861464
2,2425,0.5276326341415309
2,2426,0.36762560033264324
2,2427,0.2258208977987642
2,2428,0.19225314619274275
2,2429,0.5537891029865423
2,2430,0.39941628696713644
2,2431,0.4398585825464867
2,2432,0.45768634848391815
2,2433,0.2856711461211679
2,2434,0.30647180423741455
2,2435,0.2253909056210642
2,2436,0.29726463560185695
2,2437,0.40852083017328694
2,2438,0.6110771669008369
2,2439,0.7334254024023049
2,2440,0.49301944119383095
2,2441,0.3972532104711478
2,2442,0.3474893396006403
2,2443,0.4053769529547273
2,2444,0.28258233656460846
2,2445,0.37451434348153856
2,2446,0.2114303636298978
2,2447,0.14123320114407786
2,2448,0.14277637058299045
2,2449,0.6996675814395361
2,2450,0.3294352653767479
2,2451,0.23870671695523427
2,2452,0.2568658308558221
2,2453,0.24411674463291644
2,2454,0.3142161090927797
2,2455,0.42755725461961236
2,2456,0.26481519379179796
2,2457,0.6162522607237514
2,2458,0.3000820725178219
2,2459,0.44606668377620234
2,2460,0.4010941518842199
2,2461,0.36429202709841524
2,2462,0.4172671737158661
2,2463,0.4865913417885693
2,2464,0.5553341061337613
2,2465,0.45031162849250206
2,2466,0.35789308140088094
2,2467,0.6348197662412935
2,2468,0.5623913584783985
2,2469,0.7082371465716223
2,2470,0.7043117510558681
2,2471,0.6325924890053962
2,2472,0.299096850364104
2,2473,0.474341119785148
2,2474,0.5055438474821065
2,2475,0.28375147792025435
2,2476,0.42303405848662856
2,2477,0.414415178147199
2,2478,0.5380746988615526
2,2479,0.3979294004960472
2,2480,0.29088527965587424
2,2481,0.430388632076398
2,2482,0.40270539872755273
2,2483,0.4704876499220529
2,2484,0.6378068794682452
2,2485,0.6561106395508753
2,2486,0.42921613042958184
2,2487,0.4984824102099258
2,2488,0.27524657196195634
2,2489,0.48056060670524664
2,2490,0.47527285179969303
2,2491,0.2821917431236693
2,2492,0.42262337652424586
2,2493,0.2907289634270338
2,2494,0.5662694387820285
2,2495,0.26240505671783065
2,2496,0.514552762802966
2,2497,0.32840106460250384
2,2498,0.45895016158800717
2,2499,0.2777983068163179
2,2500,0.6687017870179898
2,2501,0.41254119647674986
2,2502,0.3551311219247593
2,2503,0.7037633053806827
2,2504,0.38293536433524555
2,2505,0.3595273427250097
2,2506,0.34210192483282725
2,2507,0.2617538729970014
2,2508,0.40640607471163154
2,2509,0.43209371885628656
2,2510,0.4263062231097291
2,2511,0.27102185388175704
2,2512,0.5052976867885011
2,2513,0.2732960851412343
2,2514,0.6245491738631602
2,2515,0.28927095408091047
2,2516,0.43813667292662417
2,2517,0.447495463983204
2,2518,0.6681805464323497
2,2519,0.3148022632948411
2,2520,0.47592205558217243
2,2521,0.5911405086922001
2,2522,0.5910880803032533
2,2523,0.16889963951032394
2,2524,0.16449651877983149
2,2525,0.18070715322945616
2,2526,0.2220627911964327
2,2527,0.2018282751891226
2,2528,0.324335734015785
2,2529,0.5360069685591984
2,2530,0.6222734307599359
2,2531,0.3785242088327063
2,2532,0.5919703934196948
2,2533,0.44696408239078667
2,2534,0.54274782640962
2,2535,0.3227952323902071
2,2536,0.5566111716696776
2,2537,0.1930941174013427
2,2538,0.28046203098108585
2,2539,0.6153714142169877
2,2540,0.36076725607532123
2,2541,0.5881891127560682
2,2542,0.539854883154948
2,2543,0.7013720192633524
2,2544,0.5236039470730668
2,2545,0.6054364830648492
2,2546,0.34997598332965696
2,2547,0.7079217933269059
2,2548,0.5199872680060157
2,2549,0.3278171409168302
2,2550,0.6488626698916496
2,2551,0.392221716675085
2,2552,0.5831404999873449
2,2553,0.46626279253983427
2,2554,0.398330379383151
2,2555,0.5779752857467345
2,2556,0.6006214537366469
2,2557,0.31182644475546795
2,2558,0.5476303449959153
2,2559,0.4765022413865586
2,2560,0.5264545284912955
2,2561,0.41386388019559106
2,2562,0.6713363544871351
2,2563,0.7826513928508689
2,2564,0.6547555558675187
2,2565,0.4011585682400706
2,2566,0.445663201128437
2,2567,0.4962800705321563
2,2568,0.5445734307673652
2,2569,0.5262003006200009
2,2570,0.4503169931748251
2,2571,0.5129987832579161
2,2572,0.40108986763128435
2,2573,0.27560465085186825
2,2574,0.3442183074504258
2,2575,0.3894938050007407
2,2576,0.25546785915813575
2,2577,0.34167710733027484
2,2578,0.20267420818293277
2,2579,0.39772825487757274
2,2580,0.36620902502022845
2,2581,0.3501662911184299
2,2582,0.6332306350811425
2,2583,0.3683456487490119
2,2584,0.320524482929178
2,2585,0.21080518097378176
2,2586,0.24384804972545338
2,2587,0.7817483619829244
2,2588,0.6086701594875932
2,2589,0.4592999453025955
2,2590,0.6248907687679313
2,2591,0.5590418570407637
2,2592,0.7502859885724591
2,2593,0.3398955695775941
2,2594,0.6635878553498477
2,2595,0.13106299318647793
2,2596,0.2122645359647704
2,2597,0.31034783164762364
2,2598,0.39452882420309576
2,2599,0.343383405046344
2,2600,0.28594312059399357
2,2601,0.42256246366332395
2,2602,0.3497466502482777
2,2603,0.351213598927805
2,2604,0.39794923161241885
2,2605,0.47797244108192005
2,2606,0.5234180050636028
2,2607,0.48051938376551734
2,2608,0.5865778176827514
2,2609,0.578252269836357
2,2610,0.550638883587203
2,2611,0.6051869030613743
2,2612,0.3347419158194018
2,2613,0.5688206609024752
2,2614,0.5670302769321873
2,2615,0.39882500847008384
2,2616,0.5063815897461857
2,2617,0.5827481373795347
2,2618,0.49442425668702866
2,2619,0.7794126746721014
2,2620,0.31230276341456836
2,2621,0.4953245128178994
2,2622,0.46617111951851653
2,2623,0.25187490098012993
2,2624,0.5264074238647448
2,2625,0.793291126259093
2,2626,0.46624465042026186
2,2627,0.49456792489457163
2,2628,0.43144506727051457
2,2629,0.5295395300899688
2,2630,0.48949870395904216
2,2631,0.43070349917410955
2,2632,0.3529064973202703
2,2633,0.2680548945682949
2,2634,0.26573665698993626
2,2635,0.6663058170716679
2,2636,0.6177595362460996
2,2637,0.5914983728651283
2,2638,0.4081477656067086
2,2639,0.5355305916865007
2,2640,0.28317534243509507
2,2641,0.5478818215918286
2,2642,0.16273413152773478
2,2643,0.20892392330011125
2,2644,0.6032875481055547
2,2645,0.4985744526129799
2,2646,0.6213828347692266
2,2647,0.5000465632369583
2,2648,0.25950585191372433
2,2649,0.19042888129802382
2,2650,0.4407582213867111
2,2651,0.272472665234474
2,2652,0.5544013355455547
2,2653,0.6076665345779765
2,2654,0.5668999488162131
2,2655,0.4013205105609057
2,2656,0.6100364027905647
2,2657,0.22907255259404183
2,2658,0.5072510560674903
2,2659,0.381259457113234
2,2660,0.5641571027801279
2,2661,0.4826657537743279
2,2662,0.4105770700049266
2,2663,0.4332128806380377
2,2664,0.3581048229167645
2,2665,0.29955310456657097
2,2666,0.49303824715666095
2,2667,0.40913077557030886
2,2668,0.45211423997426675
2,2669,0.47339316224735234
2,2670,0.234826672831097
2,2671,0.40551926669179084
2,2672,0.4055590081611841
2,2673,0.4314123623508547
2,2674,0.5958144520192152
2,2675,0.6027065112775024
2,2676,0.6920827503450865
2,2677,0.45542765009599223
2,2678,0.70317375293374
2,2679,0.5727580974428055
2,2680,0.4693126846161764
2,2681,0.2086191547719183
2,2682,0.47260986475947875
2,2683,0.45589995874678285
2,2684,0.2899493063567298
2,2685,0.30187691456548366
2,2686,0.2966102135760482
2,2687,0.47434722489763487
2,2688,0.6485757635307876
2,2689,0.6117726894571117
2,2690,0.664778908172305
2,2691,0.7730225463632551
2,2692,0.7302743401314519
2,2693,0.3527014876189251
2,2694,0.5428908560743649
2,2695,0.5901485745568428
2,2696,0.42700221224127743
2,2697,0.572128355582658
2,2698,0.4118999671132502
2,2699,0.4670338304226244
2,2700,0.4282056288549985
2,2701,0.3522045708018144
2,2702,0.3259833520457456
2,2703,0.40585597043855265
2,2704,0.2614754674451191
2,2705,0.3964090289568915
2,2706,0.5313417278811161
2,2707,0.3301541887212057
2,2708,0.4963147832158953
2,2709,0.5241720297969591
2,2710,0.27327960709723365
2,2711,0.25524370045253425
2,2712,0.579136160664359
2,2713,0.5065298134195403
2,2714,0.26219111885981555
2,2715,0.42404302169262575
2,2716,0.2911036258745403
2,2717,0.2768090698844323
2,2718,0.3472530359804069
2,2719,0.3640115440378672
2,2720,0.6331607900074477
2,2721,0.4510633588763844
2,2722,0.5551363331594071
2,2723,0.30326277312130456
2,2724,0.4886056726106058
2,2725,0.5358756152971413
2,2726,0.4432084410904314
2,2727,0.3112320340979517
2,2728,0.46905379252580265
2,2729,0.48012615229050687
2,2730,0.5691020648056376
2,2731,0.3878226224830267
2,2732,0.3976434964722543
2,2733,0.3407761525099629
2,2734,0.5337256222628757
2,2735,0.35433762559630794
2,2736,0.45616192921226956
2,2737,0.36277718300087347
2,2738,0.38013495199590325
2,2739,0.36079942575596025
2,2740,0.4840569900317408
2,2741,0.5551994720810911
2,2742,0.40872256855600436
2,2743,0.6131664638881209
2,2744,0.4449280480078477
2,2745,0.8361821973950587
2,2746,0.530739689721365
2,2747,0.5662312915567429
2,2748,0.5885031856512282
2,2749,0.8595010353548425
2,2750,0.39779001324770347
2,2751,0.2928915283719763
2,2752,0.7857643769005818
2,2753,0.2511518916917672
2,2754,0.5647344270700898
2,2755,0.5845541784710151
2,2756,0.4777599989778762
2,2757,0.6130929486962724
2,2758,0.5831582571436011
2,2759,0.4744363111591728
2,2760,0.655218004564526
2,2761,0.5519311783656168
2,2762,0.7457182734761467
2,2763,0.5374953384187117
2,2764,0.6154235254020168
2,2765,0.422576214019146
2,2766,0.5790588949045359
2,2767,0.7314378432218732
2,2768,0.7743814722547216
2,2769,0.26917966627057377
2,2770,0.2950868863371394
2,2771,0.2684139468839237
2,2772,0.3054113816228191
2,2773,0.33883018187633496
2,2774,0.48943753458876726
2,2775,0.6832559285886719
2,2776,0.5023093805868887
2,2777,0.5964329875874594
2,2778,0.5397811257780689
2,2779,0.5570783576515743
2,2780,0.7150874254196264
2,2781,0.29880799992309853
2,2782,0.2839114192134737
2,2783,0.31620745035990877
2,2784,0.33844176743461024
2,2785,0.30175226892461876
2,2786,0.24836146874410794
2,2787,0.3472751850917042
2,2788,0.26791082475688177
2,2789,0.23756440116710587
2,2790,0.7800874785277084
2,2791,0.10450714325206947
2,2792,0.17390156798392928
2,2793,0.6944730302465808
2,2794,0.496858972834001
2,2795,0.3014623322040293
2,2796,0.5303611161089012
2,2797,0.5385739481729078
2,2798,0.30069020352368103
2,2799,0.2989065833975749
2,2800,0.4316059253012515
2,2801,0.32873256349142393
2,2802,0.42947687611483815
2,2803,0.41798356735618714
2,2804,0.4124565597590333
2,2805,0.545477337487056
2,2806,0.38574602392660867
2,2807,0.4491570917902537
2,2808,0.5912581706047397
2,2809,0.5386299046584209
2,2810,0.6772297463586886
2,2811,0.2503269218263004
2,2812,0.12177086551990998
2,2813,0.1935867524146416
2,2814,0.14563303520880796
2,2815,0.40296869292045345
2,2816,0.27560616550331424
2,2817,0.4731144758889017
2,2818,0.4215148423926111
2,2819,0.43670751624300264
2,2820,0.2384048324932365
2,2821,0.2035607406457896
2,2822,0.3687026904986608
2,2823,0.5255210474041387
2,2824,0.6034081888874586
2,2825,0.4609201729324949
2,2826,0.582475555285892
2,2827,0.5263068103608954
2,2828,0.6244221353512409
2,2829,0.37762137578242727
2,2830,0.49680662006422194
2,2831,0.4372860989650069
2,2832,0.43952697950787667
2,2833,0.5574635868024361
2,2834,0.2904277969762128
2,2835,0.5220507308106657
2,2836,0.5097020476363993
2,2837,0.5135993106846315
2,2838,0.6385841977496051
2,2839,0.5515125403916418
2,2840,0.6368873049544683
2,2841,0.5493918471780884
2,2842,0.27653132460027363
2,2843,0.5712217181500466
2,2844,0.2389561292034092
2,2845,0.6339700934427226
2,2846,0.26922784659570165
2,2847,0.3113988467191975
2,2848,0.39012869415303925
2,2849,0.3166462478386759
2,2850,0.4182810437462331
2,2851,0.4843067080247028
2,2852,0.36971454541814674
2,2853,0.6343450626679742
2,2854,0.4735072909242377
2,2855,0.5237905703276515
2,2856,0.3749754664189653
2,2857,0.2575503845601142
2,2858,0.5871387316576331
2,2859,0.3372644194417055
2,2860,0.4105924898422791
2,2861,0.5294110158186732
2,2862,0.5007545401145391
2,2863,0.4713428696971969
2,2864,0.43798977603984734
2,2865,0.479742643386831
2,2866,0.710157404785951
2,2867,0.6905483951082361
2,2868,0.45316319946976197
2,2869,0.5298902418595732
2,2870,0.6543252366899459
2,2871,0.5649560910561664
2,2872,0.5365952588905345
2,2873,0.6422971152967762
2,2874,0.616632683853853
2,2875,0.5060919806173021
2,2876,0.5572598232143128
2,2877,0.4968165274597017
2,2878,0.4158515393274798
2,2879,0.5226300796126915
2,2880,0.646065834958954
2,2881,0.42004852926557895
2,2882,0.7454775082511557
2,2883,0.7264623784668863
2,2884,0.22691228001025693
2,2885,0.7596689704341119
2,2886,0.598537875474039
2,2887,0.43349219353536633
2,2888,0.46726828533852716
2,2889,0.5173655805617038
2,2890,0.6211181601929846
2,2891,0.6295518268162978
2,2892,0.30892048299945907
2,2893,0.6800539746551598
2,2894,0.07591403804422674
2,2895,0.2953012739609241
2,2896,0.5399948100319857
2,2897,0.5627763711792131
2,2898,0.4393511971473674
2,2899,0.35625454321990346
2,2900,0.4673996154311523
2,2901,0.44020049108915527
2,2902,0.4153876204115634
2,2903,0.4028982691078449
2,2904,0.41242524361737576
2,2905,0.4721514544389081
2,2906,0.6774521624136703
2,2907,0.6215784196963811
2,2908,0.4513050044986516
2,2909,0.5250300758435827
2,2910,0.62633139676701
2,2911,0.634273421202266
2,2912,0.5523930492860771
2,2913,0.7517821426221772
2,2914,0.6473622613205211
2,2915,0.46590420346833433
2,2916,0.4364745939839055
2,2917,0.46341135830449387
2,2918,0.30238113658761584
2,2919,0.25267668547387256
2,2920,0.6276466909516818
2,2921,0.5341675797187382
2,2922,0.4846759373156123
2,2923,0.5204002217546729
2,2924,0.5608235698502235
2,2925,0.5164729078617859
2,2926,0.5414050042943475
2,2927,0.4051779060260141
2,2928,0.41585164212108744
2,2929,0.6152124322178726
2,2930,0.19156763171651064
2,2931,0.451781927828028
2,2932,0.5023260833267146
2,2933,0.2220381604705153
2,2934,0.4247633217397933
2,2935,0.2718641180818206
2,2936,0.3804933236748996
2,2937,0.2665911876911555
2,2938,0.43551740685293233
2,2939,0.44973932986931336
2,2940,0.24276720333067894
2,2941,0.44526935762277586
2,2942,0.3668293329121256
2,2943,0.4964668284810931
2,2944,0.5171383243310554
2,2945,0.5720273214107073
2,2946,0.6113213882264568
2,2947,0.3036197818838111
2,2948,0.5564032159979133
2,2949,0.2974796909932721
2,2950,0.2531111941293446
2,2951,0.35266714454175613
2,2952,0.45895906853566804
2,2953,0.41554111584418774
2,2954,0.6597062213441308
2,2955,0.5101183390456037
2,2956,0.6845583399638362
2,2957,0.5557009863122185
2,2958,0.6067973175082164
2,2959,0.5325305930049096
2,2960,0.7686200917132103
2,2961,0.4171256868731581
2,2962,0.33617823779963246
2,2963,0.3496830409415094
2,2964,0.412966209788905
2,2965,0.2798448401300411
2,2966,0.485866617220504
2,2967,0.5339148117982233
2,2968,0.3546137829104582
2,2969,0.3966790236055244
2,2970,0.4834225539112372
2,2971,0.5547941858194935
2,2972,0.5456711757166332
2,2973,0.5090476785887034
2,2974,0.3331560375965879
2,2975,0.5219318525120773
2,2976,0.6418623523322193
2,2977,0.7431030577314566
2,2978,0.45354707431166763
2,2979,0.3350441734667741
2,2980,0.38757273223491107
2,2981,0.5049330113756021
2,2982,0.6616422420632564
2,2983,0.7941861838096271
2,2984,0.6356451255190216
2,2985,0.5709398171032407
2,2986,0.5238801247848494
2,2987,0.39911612088523724
2,2988,0.42134773047821755
2,2989,0.5832013898446919
2,2990,0.607470385498306
2,2991,0.7928618243020404
2,2992,0.8073143981848198
2,2993,0.7826139660987007
2,2994,0.2545867841085165
2,2995,0.6867988749418854
2,2996,0.42072335755597373
2,2997,0.41937499116163307
2,2998,0.4498974490568788
2,2999,0.44857251429410994
2,3000,0.47515249828157313
2,3001,0.3708406729981431
2,3002,0.5955699759125016
2,3003,0.4280904928115228
2,3004,0.19957995157822792
2,3005,0.3167126183884412
2,3006,0.4585454796123482
2,3007,0.5633694043130207
2,3008,0.48902344717288304
2,3009,0.49903251603378096
2,3010,0.37530169769985394
2,3011,0.18902238326876983
2,3012,0.32668300516785614
2,3013,0.25763675142535825
2,3014,0.36860045079050563
2,3015,0.5378175708571766
2,3016,0.4060076898542886
2,3017,0.3922269430627402
2,3018,0.7671681334856016
2,3019,0.6689470270334053
2,3020,0.6316680157101727
2,3021,0.29674424823110496
2,3022,0.5007078376056161
2,3023,0.3587814301307697
2,3024,0.24147937320478985
2,3025,0.6009804443994191
2,3026,0.43257105236515875
2,3027,0.5184806427624218
2,3028,0.28194839713802233
2,3029,0.3860947109515545
2,3030,0.25762118037279713
2,3031,0.4925258645906087
2,3032,0.24052006553530178
2,3033,0.2327102921750557
2,3034,0.332396443051939
2,3035,0.39772910934591815
2,3036,0.23093833336244754
2,3037,0.3702537009488543
2,3038,0.4756702459800926
2,3039,0.2944665445700032
2,3040,0.4384033721649434
2,3041,0.5553743322105802
2,3042,0.5537658968517576
2,3043,0.35254740470187773
2,3044,0.5852686012858578
2,3045,0.512848149820744
2,3046,0.5014731739755997
2,3047,0.6485433207612165
2,3048,0.4978652803824275
2,3049,0.47058068291068283
2,3050,0.42430839871294745
2,3051,0.41659589117468254
2,3052,0.5234908507585287
2,3053,0.4645846758656645
2,3054,0.40888233136857843
2,3055,0.6539990895566518
2,3056,0.41623329191033814
2,3057,0.37335550614407154
2,3058,0.38051150045939525
2,3059,0.35186564719502417
2,3060,0.45943962731964333
2,3061,0.4802232019395912
2,3062,0.4915681488994281
2,3063,0.33787122290106164
2,3064,0.37498765547989277
2,3065,0.4547806483069374
2,3066,0.33255259043687396
2,3067,0.5135395608677877
2,3068,0.4210776066709487
2,3069,0.5119532786698896
2,3070,0.46958793813942085
2,3071,0.5055049445283343
2,3072,0.3923407583675963
2,3073,0.3634803498021968
2,3074,0.291712660641782
2,3075,0.5588323913955209
2,3076,0.34051201217840693
2,3077,0.44217018398891383
2,3078,0.6562502827847012
2,3079,0.36747540072068585
2,3080,0.49549368441843417
2,3081,0.2135549495037909
2,3082,0.31352600943319303
2,3083,0.501390681569249
2,3084,0.5850757844610103
2,3085,0.6059717844476354
2,3086,0.5163263287902407
2,3087,0.4164224209587819
2,3088,0.4126341925083288
2,3089,0.3006878129991156
2,3090,0.26388524310227
2,3091,0.6971774542600158
2,3092,0.22063338509885982
2,3093,0.711183917029379
2,3094,0.4699635305338876
2,3095,0.6567518422943385
2,3096,0.49149992478722415
2,3097,0.20287932873035472
2,3098,0.4391683084125586
2,3099,0.42580189957209463
2,3100,0.20022209777269895
2,3101,0.5390856804852098
2,3102,0.30935810873433944
2,3103,0.4032405471849165
2,3104,0.25315391583220875
2,3105,0.24548107272557934
2,3106,0.17832697479526924
2,3107,0.637439193318317
2,3108,0.23154861686425465
2,3109,0.18790769228611257
2,3110,0.742582317808875
2,3111,0.7628394849151123
2,3112,0.7529973646621857
2,3113,0.4923180015531546
2,3114,0.47776284718305606
2,3115,0.4443789446178244
2,3116,0.6557638626492559
2,3117,0.4047048866158543
2,3118,0.36890601348322744
2,3119,0.404142648976389
2,3120,0.43422233218762996
2,3121,0.4000066968720955
2,3122,0.30983388363768566
2,3123,0.325179661199777
2,3124,0.42909785173660037
2,3125,0.6528366867494955
2,3126,0.7410437313801744
2,3127,0.6942850959191911
2,3128,0.7182481619738977
2,3129,0.39026807646615563
2,3130,0.49541996370028185
2,3131,0.4007888819718734
2,3132,0.3023770150825229
2,3133,0.34953978931053953
2,3134,0.4026855384531881
2,3135,0.6222671372777362
2,3136,0.5313524085477197
2,3137,0.3958637877293273
2,3138,0.34829938893731316
2,3139,0.4192129159422971
2,3140,0.6483726720651465
2,3141,0.3104065596642833
2,3142,0.4344747363305537
2,3143,0.3149922439196714
2,3144,0.182431430542682
2,3145,0.5239892893508119
2,3146,0.19525719524495103
2,3147,0.6531319626917094
2,3148,0.3228012164690818
2,3149,0.2768113664412186
2,3150,0.34169884141121265
2,3151,0.4591206213306251
2,3152,0.35168750315206876
2,3153,0.4588600910975432
2,3154,0.4217955791425554
2,3155,0.4228647481598003
2,3156,0.4080654089957129
2,3157,0.3785836171248946
2,3158,0.47546726277149864
2,3159,0.3628351954352893
2,3160,0.4635295521133337
2,3161,0.3985741047595119
2,3162,0.4116401859928353
2,3163,0.47224301136685587
2,3164,0.7317893047974087
2,3165,0.5263640951500899
2,3166,0.40733619073841115
2,3167,0.29999729925560004
2,3168,0.3834264882103416
2,3169,0.44874786584945703
2,3170,0.41678712736221996
2,3171,0.5480672662600856
2,3172,0.7515476285179655
2,3173,0.6548075418710678
2,3174,0.27527081730797365
2,3175,0.31729636262816313
2,3176,0.4037675154383323
2,3177,0.3909642032466943
2,3178,0.28506988479126305
2,3179,0.45354647446614316
2,3180,0.2722122000037299
2,3181,0.22516688566620222
2,3182,0.4159777566200173
2,3183,0.6383865548174232
2,3184,0.45927613859700867
2,3185,0.5771005013706637
2,3186,0.1142590067935285
2,3187,0.23821882757259388
2,3188,0.6030568510549921
2,3189,0.3746165042133378
2,3190,0.5371503196709289
2,3191,0.4714809124471561
2,3192,0.4519281749046977
2,3193,0.4328785725979037
2,3194,0.418068753916981
2,3195,0.3282245507475506
2,3196,0.7020060615661571
2,3197,0.29426135394591985
2,3198,0.4428559659865899
2,3199,0.5015197488807095
2,3200,0.37925382991571066
2,3201,0.4832339914906519
2,3202,0.21872789767898032
2,3203,0.29821015687564756
2,3204,0.5319839391209715
2,3205,0.3449316720340379
2,3206,0.31392896025104466
2,3207,0.22687003268917594
2,3208,0.4134869454601226
2,3209,0.35151036277166003
2,3210,0.3371283750996596
2,3211,0.3078068951119298
2,3212,0.31148096550152476
2,3213,0.29162234021156036
2,3214,0.3508456513010579
2,3215,0.31454733069723756
2,3216,0.43220665930434315
2,3217,0.5921611197341573
2,3218,0.5836208206327287
2,3219,0.5626340801741601
2,3220,0.4648894705456912
2,3221,0.3806740509582057
2,3222,0.19569445783700756
2,3223,0.45962273659263075
2,3224,0.4107348591114976
2,3225,0.5493996309804549
2,3226,0.308133192009988
2,3227,0.35071231190125823
2,3228,0.60163950328804
2,3229,0.46769600144162354
2,3230,0.46331311405631176
2,3231,0.37911828467863734
2,3232,0.35495739833405626
2,3233,0.4055911203498228
2,3234,0.28011351383586786
2,3235,0.2432573811552657
2,3236,0.3032695910702731
2,3237,0.2934208039739933
2,3238,0.3979685897888807
2,3239,0.4928940697343239
2,3240,0.4494261116280719
2,3241,0.41353203965711466
2,3242,0.24400824518592762
2,3243,0.6359600618751918
2,3244,0.37654913729301037
2,3245,0.33515948022693043
2,3246,0.40521620724329344
2,3247,0.7124165287082266
2,3248,0.16993815786746955
2,3249,0.15587967089472524
2,3250,0.3153844440175565
2,3251,0.5289659213403229
2,3252,0.5810277700345228
2,3253,0.2135015014530496
2,3254,0.2593845287282831
2,3255,0.3420986123090021
2,3256,0.38082185732091933
2,3257,0.5030522186035525
2,3258,0.6240919878252043
2,3259,0.5392577969566013
2,3260,0.6743828188806881
2,3261,0.3092953546669518
2,3262,0.42053054839185927
2,3263,0.3663007167210223
2,3264,0.5036599983766283
2,3265,0.6238360469598617
2,3266,0.4562969460402565
2,3267,0.49218324390641705
2,3268,0.33164089726654505
2,3269,0.44506077772815306
2,3270,0.5442814028083346
2,3271,0.6408006533075626
2,3272,0.432507448520928
2,3273,0.3408090157823478
2,3274,0.38930275167289774
2,3275,0.4915392290281015
2,3276,0.4774289468935444
2,3277,0.31169111821122086
2,3278,0.36519043982287125
2,3279,0.43611815197919285
2,3280,0.4359216427895401
2,3281,0.40807767534184447
2,3282,0.45206980164065536
2,3283,0.42345084245534886
2,3284,0.422046725214194
2,3285,0.3109537751333157
2,3286,0.32464757857132376
2,3287,0.22540074363755888
2,3288,0.32405667889834067
2,3289,0.5032870516464526
2,3290,0.4483144312989065
2,3291,0.4566093552141139
2,3292,0.5442026372579644
2,3293,0.686797120791772
2,3294,0.4396234198852261
2,3295,0.688227638058936
2,3296,0.6385581093718877
2,3297,0.7632433643728745
2,3298,0.6574933167065118
2,3299,0.6742022486475115
2,3300,0.5807635534124416
2,3301,0.5746146290824922
2,3302,0.31955034772353536
2,3303,0.3287669542507732
2,3304,0.20749123629572674
2,3305,0.7296683935372326
2,3306,0.4788493162655453
2,3307,0.29119142407872495
2,3308,0.3327042726118661
2,3309,0.5516736849630373
2,3310,0.34584199578817104
2,3311,0.3512932527034528
2,3312,0.5513131831885757
2,3313,0.5597429357334824
2,3314,0.53352879239272
2,3315,0.33914402070718674
2,3316,0.5799192455337635
2,3317,0.40699259902155194
2,3318,0.4514146685291344
2,3319,0.7468326550610093
2,3320,0.6250053769324634
2,3321,0.6980564612860585
2,3322,0.34384749948293675
2,3323,0.5598675549780745
2,3324,0.47336057739902054
2,3325,0.5044227649650154
2,3326,0.3040877523286408
2,3327,0.3361058319165527
2,3328,0.6547667106827145
2,3329,0.24343048407083867
2,3330,0.63964067294573
2,3331,0.32915853332577144
2,3332,0.39280884226002155
2,3333,0.5873671737738804
2,3334,0.42606541032055745
2,3335,0.6968123604417524
2,3336,0.6508065750850387
2,3337,0.7057958119471441
2,3338,0.6897383488370789
2,3339,0.24844188879904486
2,3340,0.6119187004190306
2,3341,0.3028223123655053
2,3342,0.4099652242353566
2,3343,0.6835998391436963
2,3344,0.24996696327828807
2,3345,0.6154891101993649
2,3346,0.40360678347522644
2,3347,0.5495416588721327
2,3348,0.4160019749888556
2,3349,0.2905022058773887
2,3350,0.5024747823125391
2,3351,0.4290582760837822
2,3352,0.5746286267986189
2,3353,0.3882567470966871
2,3354,0.8016130311601388
2,3355,0.5682237998096862
2,3356,0.3359398572916575
2,3357,0.36827711794179835
2,3358,0.49240501959617644
2,3359,0.5043272367939314
2,3360,0.5845855395256966
2,3361,0.6348858674877444
2,3362,0.359713047330115
2,3363,0.3167114350217474
2,3364,0.2640882892781568
2,3365,0.43634231389929373
2,3366,0.33686216950911946
2,3367,0.24617764630964858
2,3368,0.14536066581665852
2,3369,0.3258819073508413
2,3370,0.7767302796558898
2,3371,0.3900287857497383
2,3372,0.7011816088629643
2,3373,0.4798573500519479
2,3374,0.8510052529134076
2,3375,0.19895735143505128
2,3376,0.3079157678052067
2,3377,0.7688268333714043
2,3378,0.6190516955382058
2,3379,0.5515984100379843
2,3380,0.3662004398597676
2,3381,0.6643915071451071
2,3382,0.631290227239179
2,3383,0.49005283350388024
2,3384,0.7042898371826869
2,3385,0.6434118773205291
2,3386,0.7360017273003063
2,3387,0.23115709153627026
2,3388,0.3619658904619577
2,3389,0.35580267113226377
2,3390,0.7466703997539134
2,3391,0.500818050290436
2,3392,0.3616312253776198
2,3393,0.4810112254498772
2,3394,0.28657893772069315
2,3395,0.4462013948262431
2,3396,0.43243612116699476
2,3397,0.6457419329467979
2,3398,0.6017033810704802
2,3399,0.38686937177957237
2,3400,0.36449373746399155
2,3401,0.5556370869142865
2,3402,0.44939859362801826
2,3403,0.49889773032452095
2,3404,0.26165274779343817
2,3405,0.29084369436286156
2,3406,0.35339197937503936
2,3407,0.522294832045836
2,3408,0.5107844023754066
2,3409,0.37800091162680177
2,3410,0.3570419770159072
2,3411,0.786664904522595
2,3412,0.5271391014297547
2,3413,0.6704571904428601
2,3414,0.37455367708089293
2,3415,0.3936058204622161
2,3416,0.4426625837847059
2,3417,0.3636590945920556
2,3418,0.6119276565814237
2,3419,0.5324846556813035
2,3420,0.31956980053111517
2,3421,0.5335736760623196
2,3422,0.6230667885051087
2,3423,0.8404976123280912
2,3424,0.7511528505945915
2,3425,0.7385850097305605
2,3426,0.3370179788718817
2,3427,0.8255253620988139
2,3428,0.28532409416695936
2,3429,0.6362270665591457
2,3430,0.7031802774160625
2,3431,0.2910342159251761
2,3432,0.6317999331756873
2,3433,0.2947421091879078
2,3434,0.30111632709730296
2,3435,0.24939739720256515
2,3436,0.6877271739934355
2,3437,0.5673667527636226
2,3438,0.266672777884417
2,3439,0.4728220388319014
2,3440,0.46864599065691764
2,3441,0.5772820073341707
2,3442,0.40959878223872054
2,3443,0.5483991728574317
2,3444,0.6267606866624685
2,3445,0.4907285640088505
2,3446,0.47393940982808225
2,3447,0.5672246027410178
2,3448,0.5634399910231468
2,3449,0.44453573591127177
2,3450,0.5467672547581459
2,3451,0.4260376964884779
2,3452,0.3086543580143331
2,3453,0.2115325282457988
2,3454,0.5341956012427799
2,3455,0.6354592183886549
2,3456,0.5722588572520534
2,3457,0.484599168298677
2,3458,0.21883001404926425
2,3459,0.5333468259366493
2,3460,0.6531230964987212
2,3461,0.4064071852397627
2,3462,0.7792421273646547
2,3463,0.7100058760951236
2,3464,0.26147899428435517
2,3465,0.31497401684062054
2,3466,0.49095917392512806
2,3467,0.6532802918260491
2,3468,0.7551859646122775
2,3469,0.6930043333507833
2,3470,0.4438389973534848
2,3471,0.5404489123136147
2,3472,0.4937871069033959
2,3473,0.44341200704314465
2,3474,0.5806302642501516
2,3475,0.4629634383383578
2,3476,0.5007174645571989
2,3477,0.41111879925015177
2,3478,0.3356314696034916
2,3479,0.1721542471153886
2,3480,0.5224999405116676
2,3481,0.4158267413310512
2,3482,0.45595241608921383
2,3483,0.49505180447511654
2,3484,0.34101498616861353
2,3485,0.4005709146094772
2,3486,0.5675299639940664
2,3487,0.5426664977691039
2,3488,0.6356998709886853
2,3489,0.5605027678531279
2,3490,0.5426324043361754
2,3491,0.551220777071066
2,3492,0.3741301864407688
2,3493,0.37730730563423565
2,3494,0.6203038408550153
2,3495,0.4415576435749415
2,3496,0.38273508775434806
2,3497,0.4672307732182848
2,3498,0.29304253936449987
2,3499,0.5578572573980198
2,3500,0.3140551587593561
2,3501,0.4056067668657265
2,3502,0.4573734628282131
2,3503,0.3295638659215635
2,3504,0.43421104071188243
2,3505,0.45772324751690413
2,3506,0.3725361666328175
2,3507,0.2613711864670207
2,3508,0.4177546682736979
2,3509,0.3777374210931334
2,3510,0.25431849838714377
2,3511,0.3016178696051432
2,3512,0.418236378720128
2,3513,0.29471482916957475
2,3514,0.8032090472337754
2,3515,0.6897733633048801
2,3516,0.3287187355126723
2,3517,0.4908557928757399
2,3518,0.46173582775345984
2,3519,0.41178951377502715
2,3520,0.5077320231415746
2,3521,0.3989232433133896
2,3522,0.3696844184172826
2,3523,0.42803104798883435
2,3524,0.39058013324796803
2,3525,0.3744315178446854
2,3526,0.5959551005874278
2,3527,0.381879071389712
2,3528,0.2653732199986736
2,3529,0.6345339678024444
2,3530,0.6788944552618869
2,3531,0.6090986417213006
2,3532,0.4093642873149586
2,3533,0.36041641029067184
2,3534,0.35658557606184166
2,3535,0.4267332979217973
2,3536,0.5343559339934538
2,3537,0.6326225175576613
2,3538,0.2732845591407379
2,3539,0.25993276158710127
2,3540,0.23582811075829926
2,3541,0.3160585270286609
2,3542,0.1388321286654266
2,3543,0.19840621984967038
2,3544,0.5758434613795934
2,3545,0.4963031831025001
2,3546,0.5209188948567676
2,3547,0.5100379700682185
2,3548,0.572241437694802
2,3549,0.22792616486095205
2,3550,0.2324196366070975
2,3551,0.5199685581460257
2,3552,0.4527854503906294
2,3553,0.27799766029599565
2,3554,0.5556945219118744
2,3555,0.6707738536363926
2,3556,0.3813874112189393
2,3557,0.2796706173547944
2,3558,0.3726919769197486
2,3559,0.3534671431150958
2,3560,0.47367562846784006
2,3561,0.46057063860844605
2,3562,0.4985538176847346
2,3563,0.5864923144222068
2,3564,0.6267255932547954
2,3565,0.6044404474531359
2,3566,0.7185002631265323
2,3567,0.48795900632637423
2,3568,0.43859049772213465
2,3569,0.45733552333167615
2,3570,0.4397611166516464
2,3571,0.5724147771282962
2,3572,0.3393075060931671
2,3573,0.6895835018817733
2,3574,0.41367822945164373
2,3575,0.5486280828634972
2,3576,0.35449938283503174
2,3577,0.3561721017169727
2,3578,0.46216320288473983
2,3579,0.51906705521957
2,3580,0.24278589033551984
2,3581,0.2377140005294808
2,3582,0.17334093086717867
2,3583,0.3132473507989382
2,3584,0.27624128461152797
2,3585,0.20628296309760785
2,3586,0.3299437010378041
2,3587,0.2643646206529779
2,3588,0.3518840663704258
2,3589,0.5961349891744985
2,3590,0.11738723032026223
2,3591,0.5034048649064028
2,3592,0.47347298897847645
2,3593,0.41635318198975957
2,3594,0.6311596016736746
2,3595,0.5055397989454457
2,3596,0.5527596138915954
2,3597,0.36249226367569803
2,3598,0.37968654900946747
2,3599,0.3857211460350589
2,3600,0.25425583513145655
2,3601,0.2821313617636419
2,3602,0.48114629316300145
2,3603,0.40069784276938314
2,3604,0.5033661273356609
2,3605,0.3701669734542813
2,3606,0.27857398735404965
2,3607,0.6164968527639633
2,3608,0.6430479548505902
2,3609,0.6948393802603304
2,3610,0.5806917166457937
2,3611,0.37073365643445616
2,3612,0.4642205833942211
2,3613,0.5637975121505588
2,3614,0.48333159021998595
2,3615,0.49732465464154013
2,3616,0.6104497138198072
2,3617,0.5910235091668606
2,3618,0.4717631664005862
2,3619,0.8021773017551909
2,3620,0.3300590024110386
2,3621,0.5820789744634745
2,3622,0.6117345173671717
2,3623,0.39493842773703836
2,3624,0.26624670943432666
2,3625,0.5795663697615682
2,3626,0.463000057212057
2,3627,0.36081094256081875
2,3628,0.4556488441461359
2,3629,0.43802848950298096
2,3630,0.47914912225587203
2,3631,0.37481635970205285
2,3632,0.5803331325410034
2,3633,0.6293943668953671
2,3634,0.635933740889345
2,3635,0.4127351602431467
2,3636,0.3464254256283138
2,3637,0.5762170027086236
2,3638,0.5640561843151446
2,3639,0.3334224565910855
2,3640,0.31150407147392034
2,3641,0.40265273100530685
2,3642,0.5776886623777132
2,3643,0.5852499140167174
2,3644,0.30206553053038965
2,3645,0.25542391588029534
2,3646,0.440495518397074
2,3647,0.3990683486891012
2,3648,0.38265359596966897
2,3649,0.22100347658294417
2,3650,0.48289446058045954
2,3651,0.35813127400801514
2,3652,0.4147244670284312
2,3653,0.5001317292058371
2,3654,0.6241775845447983
2,3655,0.6442273341011118
2,3656,0.7401222580262862
2,3657,0.5626782146812447
2,3658,0.4739315244288149
2,3659,0.5640183643161746
2,3660,0.664390512828267
2,3661,0.5303926006567817
2,3662,0.28595104859821774
2,3663,0.5936204816352343
2,3664,0.31092330930484996
2,3665,0.37795729818075213
2,3666,0.3158554256332383
2,3667,0.27744846050276273
2,3668,0.3493815379052303
2,3669,0.592194427408424
2,3670,0.31800201677522344
2,3671,0.468815566378041
2,3672,0.6065956675229232
2,3673,0.4507986519726623
2,3674,0.58343163572123
2,3675,0.5586865551261305
2,3676,0.35606294521612547
2,3677,0.5594789421182272
2,3678,0.3774058156230373
2,3679,0.2835464590304907
2,3680,0.29407039510986765
2,3681,0.3854006696084679
2,3682,0.5051824599329411
2,3683,0.22851309350191837
2,3684,0.4161981216063428
2,3685,0.5573615361795491
2,3686,0.49742273797654796
2,3687,0.5540942348160526
2,3688,0.6533247813990674
2,3689,0.3846174392128794
2,3690,0.4228213149645958
2,3691,0.5348657211023174
2,3692,0.5188597577284662
2,3693,0.3505534406802378
2,3694,0.8476459310571608
2,3695,0.5527600756244471
2,3696,0.6953191199903125
2,3697,0.38367044104328113
2,3698,0.4385384008995356
2,3699,0.5787141813901737
2,3700,0.6986270099461552
2,3701,0.7251312642468825
2,3702,0.4386593623272822
2,3703,0.6040809712629687
2,3704,0.17888494291257265
2,3705,0.2923028071935858
2,3706,0.24951654021684483
2,3707,0.35726986826778717
2,3708,0.3590151442611972
2,3709,0.3400958496654731
2,3710,0.3450876510961248
2,3711,0.40815849971213436
2,3712,0.4408290045419979
2,3713,0.45075625885219023
2,3714,0.5278790301712687
2,3715,0.4282777729161082
2,3716,0.576405668720264
2,3717,0.46815979523043927
2,3718,0.48985971892831404
2,3719,0.38362192555837604
2,3720,0.321125939756212
2,3721,0.45284745312957564
2,3722,0.3261864289696057
2,3723,0.5054078256149029
2,3724,0.4524877059171511
2,3725,0.1829598261196564
2,3726,0.2882683860218912
2,3727,0.6972405511470254
2,3728,0.45592289440901035
2,3729,0.44933578802710683
2,3730,0.33817962459958195
2,3731,0.26211244372046755
2,3732,0.2857335121563232
2,3733,0.5368360825266424
2,3734,0.18482393012073867
2,3735,0.3035662041296573
2,3736,0.5670336370364865
2,3737,0.5160517793453473
2,3738,0.29345081188761507
2,3739,0.2976561912817355
2,3740,0.4390851916659409
2,3741,0.3469811823056688
2,3742,0.5210271608820289
2,3743,0.5240246776755634
2,3744,0.652767889271591
2,3745,0.7265674156207542
2,3746,0.5516870014083517
2,3747,0.5183295105190194
2,3748,0.41691863454751715
2,3749,0.5236579440062675
2,3750,0.3776232313113849
2,3751,0.46539499624634406
2,3752,0.5709635629870022
2,3753,0.35685116821587615
2,3754,0.54688933162856
2,3755,0.22008696299342898
2,3756,0.4321288188521561
2,3757,0.45704438908266143
2,3758,0.554051152711922
2,3759,0.43280083279861337
2,3760,0.48806423715911973
2,3761,0.2799423461553494
2,3762,0.5784842251557453
2,3763,0.5887155964117265
2,3764,0.6167255173952783
2,3765,0.42825808075003896
2,3766,0.4988954794340141
2,3767,0.23827079319795474
2,3768,0.49397789883472865
2,3769,0.40816288926408417
2,3770,0.2540746122420725
2,3771,0.46953726546026087
2,3772,0.5289085529510765
2,3773,0.44915836697990774
2,3774,0.5043564391075357
2,3775,0.20714708743030844
2,3776,0.5797251298620333
2,3777,0.3892096299294345
2,3778,0.4249323255491237
2,3779,0.3289072385366531
2,3780,0.3875282040596998
2,3781,0.5563200726071371
2,3782,0.5226381359867935
2,3783,0.584047094300134
2,3784,0.3742589165668913
2,3785,0.4286501503344867
2,3786,0.6219750279299434
2,3787,0.6728186119460443
2,3788,0.756053055628738
2,3789,0.20900300036384895
2,3790,0.5952819156103306
2,3791,0.6475209442997334
2,3792,0.6715992380837821
2,3793,0.6370056768468149
2,3794,0.4242554342236663
2,3795,0.5337694583389175
2,3796,0.4991836858100439
2,3797,0.4284381197069196
2,3798,0.32103842650697095
2,3799,0.4678224230271934
2,3800,0.5254323709552464
2,3801,0.43335476230476283
2,3802,0.38648454652470204
2,3803,0.5537387811271673
2,3804,0.2419683287907703
2,3805,0.7484341021926455
2,3806,0.49815276667974884
2,3807,0.3324243244379852
2,3808,0.523537987658325
2,3809,0.6182241647517618
2,3810,0.45248086132360543
2,3811,0.18253996151716956
2,3812,0.7585599845343796
2,3813,0.4874135557632312
2,3814,0.8338667454984974
2,3815,0.8854096504548937
2,3816,0.45532175697078936
2,3817,0.5096504621995007
2,3818,0.6343233663296336
2,3819,0.6409680241760908
2,3820,0.506485630518915
2,3821,0.6937440013001973
2,3822,0.4218328812400881
2,3823,0.36522357690664853
2,3824,0.5661286447965594
2,3825,0.5929504729543261
2,3826,0.3613053930456243
2,3827,0.41187966263601516
2,3828,0.4055663374616473
2,3829,0.3904283467224636
2,3830,0.5766835230560232
2,3831,0.1798447459826672
2,3832,0.45562633103469097
2,3833,0.5023696579757344
2,3834,0.5315234049737712
2,3835,0.6500527744748089
2,3836,0.6274622477500359
2,3837,0.5948869092757023
2,3838,0.5527345572875767
2,3839,0.47357450975222687
2,3840,0.40833420662805076
2,3841,0.3349392949149332
2,3842,0.31275868382997324
2,3843,0.2322367329807932
2,3844,0.17171281587573842
2,3845,0.4814171283474793
2,3846,0.43274934908852675
2,3847,0.5231697694060921
2,3848,0.4370016093559055
2,3849,0.32729700092549513
2,3850,0.46821913234090656
2,3851,0.5523769313295074
2,3852,0.36396184017599337
2,3853,0.5386708779874222
2,3854,0.3507455251225571
2,3855,0.606095120596478
2,3856,0.3192625522771052
2,3857,0.4866830269801289
2,3858,0.31876397068941453
2,3859,0.43607559508614574
2,3860,0.4417393721420365
2,3861,0.24284897348965448
2,3862,0.2195270555579572
2,3863,0.12224536172132013
2,3864,0.5610447563129105
2,3865,0.3079798735362658
2,3866,0.5825767979416819
2,3867,0.427952273093419
2,3868,0.5205827847431415
2,3869,0.616218844519389
2,3870,0.3612227747683672
2,3871,0.5609554376855654
2,3872,0.6347226658441094
2,3873,0.39825956056965506
2,3874,0.41584910362237026
2,3875,0.5170259412891018
2,3876,0.5169123450624621
2,3877,0.5405841631884137
2,3878,0.38613555705964037
2,3879,0.42970606242226744
2,3880,0.3676665413276724
2,3881,0.5878164482853389
2,3882,0.40589159715646034
2,3883,0.6434335157142139
2,3884,0.619936784115435
2,3885,0.4901891150503798
2,3886,0.353569614942258
2,3887,0.32749736593182693
2,3888,0.3972261991050616
2,3889,0.421095191582822
2,3890,0.6072091598530615
2,3891,0.5863491807068323
2,3892,0.21215286504779285
2,3893,0.30131603149269154
2,3894,0.5569461646129371
2,3895,0.4216438075184244
2,3896,0.38355724752222264
2,3897,0.449123254240024
2,3898,0.6751627944295052
2,3899,0.33130098309990136
2,3900,0.32445333604705184
2,3901,0.3200582736601794
2,3902,0.5747061754637508
2,3903,0.5351751696564652
2,3904,0.33292177129785633
2,3905,0.4913256995604114
2,3906,0.3054320365124638
2,3907,0.43950104799099127
2,3908,0.5357214629491674
2,3909,0.32110825603225324
2,3910,0.429513343289137
2,3911,0.41810431974518963
2,3912,0.5143135605100261
2,3913,0.3785216152517949
2,3914,0.3681480915497762
2,3915,0.6190980259939407
2,3916,0.5261432625365597
2,3917,0.4772288535034845
2,3918,0.5825102392276035
2,3919,0.7171324312583539
2,3920,0.5087482309887994
2,3921,0.41473221990970865
2,3922,0.4095508819270217
2,3923,0.2964647349415837
2,3924,0.3488052087192366
2,3925,0.2557732025837489
2,3926,0.5280843618515316
2,3927,0.3982002731813654
2,3928,0.35952854165945225
2,3929,0.4256059296219261
2,3930,0.3857867484780535
2,3931,0.39688204286096246
2,3932,0.46070258523474616
2,3933,0.4328663088914146
2,3934,0.32473265995834727
2,3935,0.580657883298297
2,3936,0.655889644901441
2,3937,0.3576091112799361
2,3938,0.45099868660211556
2,3939,0.47516215932857053
2,3940,0.49355314062230027
2,3941,0.5529554454974768
2,3942,0.5287440113137353
2,3943,0.4508986717692719
2,3944,0.5676096592848779
2,3945,0.7183368342132044
2,3946,0.3422791344887861
2,3947,0.44698520913740575
2,3948,0.18387158952171234
2,3949,0.1865189217770806
2,3950,0.7395812681348557
2,3951,0.5495267483258395
2,3952,0.34340259668903816
2,3953,0.3232806957152386
2,3954,0.32614416903253324
2,3955,0.2730399575523822
2,3956,0.5067375025858183
2,3957,0.5194459378302565
2,3958,0.499535495191835
2,3959,0.2573742183305367
2,3960,0.6128991252727017
2,3961,0.3478801769361406
2,3962,0.5383225446526557
2,3963,0.39507659639894477
2,3964,0.375087067525061
2,3965,0.5234106293117098
2,3966,0.27677147652748757
2,3967,0.43769305940114184
2,3968,0.5130718992755524
2,3969,0.30656590258245336
2,3970,0.37568384211509204
2,3971,0.4146654271951281
2,3972,0.6997358581730355
2,3973,0.5456782721133483
2,3974,0.5187864503397178
2,3975,0.3061659683995415
2,3976,0.31229183448778325
2,3977,0.298887982650001
2,3978,0.5403461163970096
2,3979,0.34858359172395326
2,3980,0.46011051306496115
2,3981,0.23986829938837687
2,3982,0.5904785925503717
2,3983,0.2713298287210223
2,3984,0.2897844553960743
2,3985,0.5225561525435709
2,3986,0.2626775751964187
2,3987,0.3996484705565226
2,3988,0.382606873969312
2,3989,0.5753998250287042
2,3990,0.34962591653148
2,3991,0.43329073269478713
2,3992,0.30746497185434735
2,3993,0.3244220572889092
2,3994,0.4060830314605781
2,3995,0.4051190449066988
2,3996,0.3207924138849793
2,3997,0.2806583602698099
2,3998,0.43376849473574114
2,3999,0.3774734484589135
3,0,0.31791485702489386
3,1,0.5522227260242376
3,2,0.397140080644493
3,3,0.4688251245977619
3,4,0.3687901664621513
3,5,0.5659049524507272
3,6,0.2766151193138142
3,7,0.6095411377189491
3,8,0.5930586992609815
3,9,0.6954800252599919
3,10,0.49836814051262096
3,11,0.38568508810126906
3,12,0.35836106196222584
3,13,0.6442639836448574
3,14,0.5942067728729221
3,15,0.445803864669654
3,16,0.27547812126509075
3,17,0.4110820499550617
3,18,0.37398206486344077
3,19,0.6498017193441552
3,20,0.671046659383484
3,21,0.7413276770433435
3,22,0.8199350281208035
3,23,0.5743624496284996
3,24,0.5431617097032725
3,25,0.5383802880430536
3,26,0.41024713289513665
3,27,0.4591654020664871
3,28,0.437295716404657
3,29,0.3671243620999113
3,30,0.39323026420561646
3,31,0.5197681550514258
3,32,0.42490552146091815
3,33,0.5311239214060832
3,34,0.4601882094788494
3,35,0.5352031429033332
3,36,0.4779322739368936
3,37,0.5289875803697401
3,38,0.5861950379026095
3,39,0.4908924207637343
3,40,0.48512418855623785
3,41,0.4808493124673633
3,42,0.5689297320660063
3,43,0.7382791996991598
3,44,0.3873870536739761
3,45,0.3833501813925417
3,46,0.584707564066768
3,47,0.8132649502283701
3,48,0.48875593991124444
3,49,0.3922441181221765
3,50,0.511719277995262
3,51,0.4730299004629595
3,52,0.5569829266366076
3,53,0.46145271754185185
3,54,0.3750133472352348
3,55,0.31571698551537575
3,56,0.6153717790954815
3,57,0.41003272471990254
3,58,0.531082372539636
3,59,0.40247657687354377
3,60,0.6614486707427549
3,61,0.7333146228222903
3,62,0.18356716621503624
3,63,0.6770850897985303
3,64,0.43792759946573695
3,65,0.4493893997061594
3,66,0.5652817921010738
3,67,0.39775346805388795
3,68,0.3486753308259244
3,69,0.655938794044558
3,70,0.5461393222621472
3,71,0.46187692203651803
3,72,0.5512546476204527
3,73,0.3561283277333386
3,74,0.5878400817690279
3,75,0.6341700880076707
3,76,0.4128920740702237
3,77,0.5273260615015127
3,78,0.17387420814625096
3,79,0.32634952329229217
3,80,0.39736632364625596
3,81,0.6116579352236584
3,82,0.40467681804744804
3,83,0.32666206922474544
3,84,0.5834081952449922
3,85,0.6952596361418132
3,86,0.629968490205504
3,87,0.6746794333682916
3,88,0.8299663761824846
3,89,0.8134744271930179
3,90,0.9013533377311393
3,91,0.48732051007457056
3,92,0.660178751014021
3,93,0.5178644766275192
3,94,0.5595388348864224
3,95,0.4494292743083869
3,96,0.5167028757480229
3,97,0.5402206599013506
3,98,0.5168647968394194
3,99,0.5777115037202459
3,100,0.5064201611912227
3,101,0.31271004244963035
3,102,0.6930693096914106
3,103,0.35149278678278256
3,104,0.6454648200495561
3,105,0.7195164869354876
3,106,0.6219050339715603
3,107,0.2501292864111534
3,108,0.4067621424014721
3,109,0.4495011659530398
3,110,0.5961199905503652
3,111,0.5747538881795287
3,112,0.5095159561000979
3,113,0.43382083498744267
3,114,0.44346455177535193
3,115,0.5177677861091252
3,116,0.3649033053147119
3,117,0.4805461395152349
3,118,0.442064569022098
3,119,0.3897893534800631
3,120,0.5536986730863267
3,121,0.4846501162756356
3,122,0.5299890981889549
3,123,0.7113264297691235
3,124,0.7151931011242058
3,125,0.4225945285286355
3,126,0.43546437421950196
3,127,0.522360593510659
3,128,0.47821864969995675
3,129,0.4886216859569983
3,130,0.67620845463436
3,131,0.30374076877386263
3,132,0.6234141473621204
3,133,0.4729520507781369
3,134,0.42605330514515277
3,135,0.5384468227469619
3,136,0.4373290047646551
3,137,0.4159613897640019
3,138,0.5810782374522224
3,139,0.5892081415076122
3,140,0.5038911069678284
3,141,0.5216408858994998
3,142,0.39657611658149666
3,143,0.3847386995431168
3,144,0.5533280770562163
3,145,0.4213524287072481
3,146,0.5475149258643514
3,147,0.5040799282329603
3,148,0.45237321634120864
3,149,0.540297664019762
3,150,0.42512277434053936
3,151,0.5847679580104805
3,152,0.617123852584203
3,153,0.7289112454181312
3,154,0.6576538570570256
3,155,0.5546369901894559
3,156,0.5287917985881496
3,157,0.3474733048025727
3,158,0.5664765006221893
3,159,0.7790677664820055
3,160,0.5435746772119697
3,161,0.44277474861081434
3,162,0.5193774315039517
3,163,0.4320034843441246
3,164,0.34136542951238635
3,165,0.34136542951238635
3,166,0.6415877315411457
3,167,0.8061526380757134
3,168,0.33521319150824364
3,169,0.6288559235280426
3,170,0.6262367631764141
3,171,0.49199728259588626
3,172,0.484320216048799
3,173,0.5782225425310364
3,174,0.30099153676705476
3,175,0.5314809951441144
3,176,0.5481999065391223
3,177,0.5498055895405455
3,178,0.7084621216881772
3,179,0.4546847056497343
3,180,0.5420322989215492
3,181,0.4438265276257531
3,182,0.48334895387470167
3,183,0.5068640615491236
3,184,0.5448137609976327
3,185,0.45910222691122266
3,186,0.3965564524652369
3,187,0.5232370650935763
3,188,0.30776662151471645
3,189,0.20367950213352495
3,190,0.317510287285795
3,191,0.7807061796975234
3,192,0.7479198032799778
3,193,0.8113367809828715
3,194,0.38401190674981645
3,195,0.4739686868704833
3,196,0.3277978310860969
3,197,0.4484031206913596
3,198,0.48231576439509305
3,199,0.5415541882796419
3,200,0.41747960612671886
3,201,0.5138148095393863
3,202,0.5236911532930908
3,203,0.5874019525288752
3,204,0.69828329573189
3,205,0.3403879482209976
3,206,0.5156405554350395
3,207,0.5507661514375937
3,208,0.5686903684292636
3,209,0.3453910825537372
3,210,0.3705040129745787
3,211,0.3202793926427217
3,212,0.7479959346921596
3,213,0.5777144132852058
3,214,0.5698402176143421
3,215,0.5471264911618818
3,216,0.4292750279963381
3,217,0.5611373992925082
3,218,0.6290032884011185
3,219,0.5671684977332742
3,220,0.40488164818560163
3,221,0.3423643511035985
3,222,0.49426890161322473
3,223,0.42248183405407835
3,224,0.6547947128519392
3,225,0.640877300795776
3,226,0.5647896131640133
3,227,0.5601832635276556
3,228,0.5122366891337126
3,229,0.6010449588673692
3,230,0.48596400994129646
3,231,0.5907570588163521
3,232,0.46781243236492587
3,233,0.5955587847811457
3,234,0.5187324260202462
3,235,0.6607915315835882
3,236,0.559696153512134
3,237,0.4032950646161841
3,238,0.68892124718931
3,239,0.5572713645138458
3,240,0.36206276139854016
3,241,0.6885112233328338
3,242,0.32786867007053055
3,243,0.5339128416126878
3,244,0.5546016359884591
3,245,0.5287997097522711
3,246,0.5305250681933952
3,247,0.48127218266446326
3,248,0.44644700637113166
3,249,0.5236547847335616
3,250,0.5220296415284728
3,251,0.5459700098189657
3,252,0.40888875335443214
3,253,0.4752665799083211
3,254,0.42087114055296404
3,255,0.523989892011194
3,256,0.30715267521887524
3,257,0.4164092497577641
3,258,0.5589302561754013
3,259,0.5486707806769396
3,260,0.5919591603905645
3,261,0.4395668989052734
3,262,0.36374692437708306
3,263,0.4767385222909486
3,264,0.44379550946849206
3,265,0.4521710450681483
3,266,0.6153868399012732
3,267,0.3883844279557614
3,268,0.7246496801212509
3,269,0.4978921229250448
3,270,0.6537269013831408
3,271,0.18871847663194205
3,272,0.656546087743068
3,273,0.42580759259678064
3,274,0.5308245532343691
3,275,0.5338616818174615
3,276,0.561564294348099
3,277,0.505083153260632
3,278,0.610797587003975
3,279,0.24732579847161867
3,280,0.4211690470630132
3,281,0.6623020187195855
3,282,0.4861894524378685
3,283,0.6030317965576873
3,284,0.5951374586869558
3,285,0.4299826564078863
3,286,0.46885684866195504
3,287,0.4537208666853386
3,288,0.4012402229405591
3,289,0.2991022464693784
3,290,0.6895421047019131
3,291,0.3923610362091964
3,292,0.40268932031622595
3,293,0.3982209511246441
3,294,0.5249679446736076
3,295,0.5229438552866098
3,296,0.37478369128970707
3,297,0.2758049630425755
3,298,0.5702625234883818
3,299,0.5066752779514945
3,300,0.38403508406495196
3,301,0.49985684611366193
3,302,0.418882345040782
3,303,0.6469989594581053
3,304,0.31750258796773545
3,305,0.24832703156410124
3,306,0.4987108781889002
3,307,0.4780749370345081
3,308,0.533257594016813
3,309,0.5395450268476121
3,310,0.43931728465968173
3,311,0.5973156559326419
3,312,0.9070214906290427
3,313,0.8820949370813675
3,314,0.7351414120708216
3,315,0.7139865019179436
3,316,0.5326141843738792
3,317,0.5610376372727054
3,318,0.36404073726898223
3,319,0.43754136499174556
3,320,0.6359908537771245
3,321,0.5005728346669169
3,322,0.4162070562810972
3,323,0.5189083937889858
3,324,0.452622928828321
3,325,0.4479754127129141
3,326,0.5088739196031016
3,327,0.4056728943978345
3,328,0.46159798208952274
3,329,0.6135193775332214
3,330,0.4504779187534606
3,331,0.6217727271394148
3,332,0.5985167467438935
3,333,0.5263554647705923
3,334,0.5432090265632268
3,335,0.5218790852836916
3,336,0.45074912269667833
3,337,0.43045154544318426
3,338,0.46607857300812167
3,339,0.594697160879872
3,340,0.479183942810388
3,341,0.5923673333997004
3,342,0.5740215903427581
3,343,0.430172331615869
3,344,0.6223012244641539
3,345,0.5258627273308142
3,346,0.46480812092286355
3,347,0.5417810104448162
3,348,0.5978820004436486
3,349,0.7144372442945633
3,350,0.5599775572075296
3,351,0.5438688893039334
3,352,0.5882465271823906
3,353,0.5453020353634636
3,354,0.39036748402621824
3,355,0.5436759055256867
3,356,0.4340757229086576
3,357,0.4856273522078609
3,358,0.8934574418947017
3,359,0.7986894985382048
3,360,0.4309037287697012
3,361,0.6003741113478572
3,362,0.5526941726685586
3,363,0.534552503072347
3,364,0.5819163411293021
3,365,0.4142512675593414
3,366,0.500375724249235
3,367,0.6149573712289981
3,368,0.6052855722078425
3,369,0.6062427054078352
3,370,0.7129630905579301
3,371,0.525067580045528
3,372,0.5377676868304472
3,373,0.5229527674029768
3,374,0.43436728038166045
3,375,0.4603268713076541
3,376,0.34219987902101395
3,377,0.6328371785646315
3,378,0.4683247672039613
3,379,0.6207713784950311
3,380,0.46844801871058195
3,381,0.3846701344977081
3,382,0.5499581435239641
3,383,0.5436599474981736
3,384,0.5475053124799999
3,385,0.5353264872828862
3,386,0.6396982369903285
3,387,0.3351415819516159
3,388,0.6459318205676705
3,389,0.4615502021824248
3,390,0.46751031191667064
3,391,0.2663236250331681
3,392,0.5595759700992472
3,393,0.6856714698141914
3,394,0.6273485713457114
3,395,0.40238495959031373
3,396,0.348256727829337
3,397,0.6123890669018393
3,398,0.48567439477145646
3,399,0.4105185755467457
3,400,0.5630718261862866
3,401,0.7228556250302766
3,402,0.7841658336710233
3,403,0.21126676000384634
3,404,0.39151650737380944
3,405,0.37992914354311785
3,406,0.2790602746421136
3,407,0.4155575280966525
3,408,0.5186275732579484
3,409,0.4519166685813095
3,410,0.5839293570627366
3,411,0.3861988136775817
3,412,0.5916342517390003
3,413,0.35994330752655557
3,414,0.5151848613593739
3,415,0.33113207399739136
3,416,0.225740944295536
3,417,0.258042892493783
3,418,0.5385872763107592
3,419,0.38975006839107246
3,420,0.47628077442105216
3,421,0.38037050587759663
3,422,0.7220727467592991
3,423,0.6690991407637288
3,424,0.5270430910422693
3,425,0.7644146467221541
3,426,0.5089059086897612
3,427,0.6904268856849132
3,428,0.6337792154417223
3,429,0.4578908310423803
3,430,0.3968954193740305
3,431,0.7887409696216591
3,432,0.5727725513222045
3,433,0.3105254339152893
3,434,0.5522546969142107
3,435,0.35941352189654446
3,436,0.28613999517426847
3,437,0.30512691996519375
3,438,0.34221339690309543
3,439,0.15335552893998686
3,440,0.07497255006568172
3,441,0.47511686476753134
3,442,0.30622217523061046
3,443,0.288195597125974
3,444,0.49324787901673434
3,445,0.4235889697586414
3,446,0.4345485214637676
3,447,0.55098652360538
3,448,0.602900198507084
3,449,0.5868482516417867
3,450,0.4900700597941912
3,451,0.4759263708808544
3,452,0.5723367797848415
3,453,0.3825280858630586
3,454,0.5609515524076157
3,455,0.4332560793466047
3,456,0.44593387605888046
3,457,0.7072222986546931
3,458,0.5305090634591005
3,459,0.28626079861929843
3,460,0.4570666600652672
3,461,0.4960758320357958
3,462,0.6557175940670208
3,463,0.6575722860684472
3,464,0.3994556645063594
3,465,0.43529831423720083
3,466,0.6256310564527016
3,467,0.3282599179961405
3,468,0.5600758833246511
3,469,0.5803356758325771
3,470,0.45221313141405267
3,471,0.4097302852635712
3,472,0.43474488570226505
3,473,0.5657795763909526
3,474,0.7164892355658595
3,475,0.6096000132764785
3,476,0.578259975713649
3,477,0.6922169138657301
3,478,0.5536017275214226
3,479,0.5194168794434122
3,480,0.39917486211617853
3,481,0.4442133324686216
3,482,0.5113133416446342
3,483,0.3637251813364528
3,484,0.5481977840754556
3,485,0.6537830865882516
3,486,0.7583015327430586
3,487,0.4136719662120528
3,488,0.5944035080646535
3,489,0.5162631625298624
3,490,0.3996312428210351
3,491,0.36249534312929593
3,492,0.5972372528389962
3,493,0.38193077358575134
3,494,0.4582878261787656
3,495,0.44275543125715056
3,496,0.4284671132996293
3,497,0.4388211878924629
3,498,0.549385960773133
3,499,0.4480567855914299
3,500,0.6083997451673003
3,501,0.6422317065115586
3,502,0.37159107179459067
3,503,0.406184530334253
3,504,0.6179855426379746
3,505,0.4796610170326083
3,506,0.4264772596245153
3,507,0.6668230549609129
3,508,0.5792719362046769
3,509,0.5313109108042506
3,510,0.29989421195073007
3,511,0.48237073638233063
3,512,0.4539451905558939
3,513,0.45666149802194916
3,514,0.5133603401959849
3,515,0.5614030506030795
3,516,0.45776746479351227
3,517,0.4772978501757689
3,518,0.4551524479722839
3,519,0.6080623657399555
3,520,0.5744699008171702
3,521,0.4920810823013252
3,522,0.7052975679452361
3,523,0.6474237877262552
3,524,0.34814863660540124
3,525,0.37207414584002985
3,526,0.4936586282868403
3,527,0.3980296820884248
3,528,0.46737153248140484
3,529,0.5691823886270868
3,530,0.4863217823682727
3,531,0.5394221555123314
3,532,0.3737803786506941
3,533,0.32418691121369747
3,534,0.49671512574527515
3,535,0.5209780875424205
3,536,0.4026423959176014
3,537,0.39730622667486104
3,538,0.4618532114915651
3,539,0.6159534984350664
3,540,0.4294167059609516
3,541,0.6491235440282621
3,542,0.7271292629324887
3,543,0.8334380120931036
3,544,0.6656207391273634
3,545,0.4320749225885397
3,546,0.6662739184040367
3,547,0.5224706872575856
3,548,0.5802493703131741
3,549,0.4163112435829338
3,550,0.36831407868015115
3,551,0.6360182870868436
3,552,0.3523858023934624
3,553,0.4568041327637383
3,554,0.47971859372409603
3,555,0.45558253792094056
3,556,0.5084929080566611
3,557,0.5236945972735148
3,558,0.5875475078268075
3,559,0.2578956075203255
3,560,0.5913266927712336
3,561,0.5926517244949999
3,562,0.7103266876709877
3,563,0.5383495900259126
3,564,0.4625539768487604
3,565,0.4502487953956847
3,566,0.45696796305122517
3,567,0.2002083037710507
3,568,0.2330323448422677
3,569,0.3310706634828512
3,570,0.7252281364677504
3,571,0.5358110642058334
3,572,0.5414180888619881
3,573,0.450860518173203
3,574,0.4750618835101391
3,575,0.3348479665447197
3,576,0.595587903440677
3,577,0.4200859922070528
3,578,0.5842502964850762
3,579,0.5891168784254095
3,580,0.5904935604365369
3,581,0.42893323521890264
3,582,0.3939057887757302
3,583,0.5839437372794734
3,584,0.4351801343260506
3,585,0.4304316033558289
3,586,0.43847416281199075
3,587,0.46233566699084055
3,588,0.6516334600592973
3,589,0.2353356887644819
3,590,0.3672415403493251
3,591,0.47868158027852975
3,592,0.21287271729356372
3,593,0.6824453416925941
3,594,0.5879862318240867
3,595,0.7469967813269358
3,596,0.22536444434556677
3,597,0.5224365610294336
3,598,0.572562592475339
3,599,0.48033898689654114
3,600,0.4645641057133785
3,601,0.5338307125819555
3,602,0.4160549135515698
3,603,0.55391052783125
3,604,0.2952576296849787
3,605,0.5742785644623618
3,606,0.3885927791712245
3,607,0.5189729701157292
3,608,0.20247075658803826
3,609,0.37164076484802033
3,610,0.44876994187969715
3,611,0.6289167307540297
3,612,0.7667739710392782
3,613,0.29958544138413123
3,614,0.499588454393524
3,615,0.4030485300102174
3,616,0.4901484581138798
3,617,0.4847160803776678
3,618,0.5723537162949092
3,619,0.46000379539771497
3,620,0.384984212663148
3,621,0.37055753930904095
3,622,0.42633280138417456
3,623,0.4268678182771441
3,624,0.5872864544650481
3,625,0.4218912466761939
3,626,0.36013563742808047
3,627,0.3846147208366843
3,628,0.361097461688158
3,629,0.47316434617274583
3,630,0.5296508942919171
3,631,0.40254737337837293
3,632,0.4560285793599975
3,633,0.3479914904836837
3,634,0.36781191962567356
3,635,0.597531348589557
3,636,0.5591214393288491
3,637,0.6570258255555009
3,638,0.6411080181032176
3,639,0.5314291780039493
3,640,0.49175767958996736
3,641,0.6144850498794932
3,642,0.35395103931560645
3,643,0.5432674506853821
3,644,0.5543205688579277
3,645,0.3064409001168319
3,646,0.51331797160287
3,647,0.41956989332765104
3,648,0.5999120172769465
3,649,0.3542582647497757
3,650,0.42188037600001066
3,651,0.2530508078688788
3,652,0.3225750624909902
3,653,0.5547375799603417
3,654,0.6315416328286002
3,655,0.543753121771047
3,656,0.6340696638934802
3,657,0.37277101712981403
3,658,0.7880214852138796
3,659,0.5520200390006362
3,660,0.36754393597920537
3,661,0.5788380974833058
3,662,0.3057933950448862
3,663,0.3930072809243077
3,664,0.4603788063895592
3,665,0.5032858357047264
3,666,0.6142063759689351
3,667,0.33533731593673644
3,668,0.45714561251398866
3,669,0.45778922317046933
3,670,0.6226801556514409
3,671,0.5062394201650624
3,672,0.43413433984977773
3,673,0.4908447047678329
3,674,0.3908009687720657
3,675,0.3141298432143238
3,676,0.2536102069492955
3,677,0.4472558766045291
3,678,0.5674033077589571
3,679,0.6661363848112644
3,680,0.4048163786681985
3,681,0.588681080423407
3,682,0.41987065299154797
3,683,0.49670200309308943
3,684,0.5131254348178026
3,685,0.3647550292689802
3,686,0.7027163338280994
3,687,0.5192259156479648
3,688,0.4765489733569491
3,689,0.34180876981348945
3,690,0.534037145438866
3,691,0.4607217730797766
3,692,0.5827534781911655
3,693,0.2998180036943367
3,694,0.5554897992117764
3,695,0.2654027509861236
3,696,0.5613060560210531
3,697,0.7297218479717293
3,698,0.5978397561751091
3,699,0.27818286620853805
3,700,0.5647543781526889
3,701,0.5133209109544676
3,702,0.42106391085909184
3,703,0.5264862868393296
3,704,0.4344728136307412
3,705,0.5521315174917724
3,706,0.3021979321736383
3,707,0.7669189471252621
3,708,0.699460318181179
3,709,0.30006151198320324
3,710,0.614758695635461
3,711,0.6298587854303749
3,712,0.48387314783307883
3,713,0.42918548778498533
3,714,0.39974555895890673
3,715,0.4796107699515976
3,716,0.38002913395335886
3,717,0.6006358607360485
3,718,0.23398467505103174
3,719,0.702243447810329
3,720,0.5409219183921922
3,721,0.46875508495134904
3,722,0.370601837629396
3,723,0.5173184666965409
3,724,0.6197669890141917
3,725,0.7106121383810944
3,726,0.3796536040917253
3,727,0.6189426444397189
3,728,0.5714066466483663
3,729,0.5391434517000808
3,730,0.615589851553077
3,731,0.5695492128538688
3,732,0.22063211699923202
3,733,0.41556492123679484
3,734,0.5855148353815189
3,735,0.44381962376830175
3,736,0.40131739836990044
3,737,0.37998498317971297
3,738,0.3053056510295166
3,739,0.5785447255445495
3,740,0.38164017218505136
3,741,0.5958191869320603
3,742,0.6733580750642063
3,743,0.49698253665756015
3,744,0.4102657965515676
3,745,0.38339278970186813
3,746,0.6310708774720207
3,747,0.5100105847345733
3,748,0.4818716821926819
3,749,0.48640672578578964
3,750,0.43628583140014493
3,751,0.35204891402592847
3,752,0.5475039301664167
3,753,0.4160820622974736
3,754,0.2574578416951155
3,755,0.6001868252056596
3,756,0.5994065802029772
3,757,0.5351194007313287
3,758,0.48074584162497347
3,759,0.4665924079755355
3,760,0.37222519222586736
3,761,0.38804499098918666
3,762,0.4331933041015103
3,763,0.4735155220294336
3,764,0.4769815497397353
3,765,0.5143855766775034
3,766,0.4862548370780998
3,767,0.4778681717653403
3,768,0.4739753576319974
3,769,0.4858098006615492
3,770,0.4360711492325217
3,771,0.6387166421995645
3,772,0.4528593378430689
3,773,0.430608377614815
3,774,0.45713779849723535
3,775,0.2031618655351043
3,776,0.6152635851030276
3,777,0.6513098988275328
3,778,0.2267731867612635
3,779,0.36648363645081017
3,780,0.4022199187882089
3,781,0.5762149740416922
3,782,0.4892809870489055
3,783,0.5460600477406228
3,784,0.46321576296546263
3,785,0.45733636294775026
3,786,0.4717927513019554
3,787,0.5011798489654254
3,788,0.42541310493299694
3,789,0.6594478787390199
3,790,0.37257100946010024
3,791,0.5012979588725986
3,792,0.515204557860285
3,793,0.5390183810593192
3,794,0.38056500330321663
3,795,0.4754893009561983
3,796,0.45861514286221405
3,797,0.5365437920684675
3,798,0.4979538388334633
3,799,0.5337705909431881
3,800,0.6801317339770536
3,801,0.6405894271790838
3,802,0.623692154782205
3,803,0.477129365333535
3,804,0.2510318400965308
3,805,0.37324651334811226
3,806,0.43442610971497236
3,807,0.49534560355120594
3,808,0.3372837942637523
3,809,0.41845103341596457
3,810,0.41764143973536844
3,811,0.5897964721953746
3,812,0.529364491101131
3,813,0.380232758200764
3,814,0.3929044471789741
3,815,0.48873108277309923
3,816,0.32869746590679466
3,817,0.29683399464280746
3,818,0.5859210900994086
3,819,0.31505121266512837
3,820,0.6421947202223436
3,821,0.6641630334236904
3,822,0.4169262588641107
3,823,0.32523054645053756
3,824,0.106383478703087
3,825,0.3363678714381867
3,826,0.6499623671468232
3,827,0.5375271746898774
3,828,0.46682394151407036
3,829,0.6540716208551788
3,830,0.6292825969072515
3,831,0.4454154974499
3,832,0.4383477604381318
3,833,0.5395507794249057
3,834,0.5047399309171096
3,835,0.4383088346842923
3,836,0.3262228235811324
3,837,0.4693214591768805
3,838,0.38686658567287685
3,839,0.6622681297205407
3,840,0.3241836864232902
3,841,0.5782458482634966
3,842,0.4726696227197285
3,843,0.47221468000958444
3,844,0.43716008022033265
3,845,0.2561014819522381
3,846,0.43488415766351796
3,847,0.28230097047554564
3,848,0.37973082823931487
3,849,0.49489922677461246
3,850,0.37856499454814746
3,851,0.17282490006230217
3,852,0.6196970691207674
3,853,0.5464640370388124
3,854,0.45854456213446165
3,855,0.5232972323976243
3,856,0.5114863138894709
3,857,0.3423250356717435
3,858,0.5270230386466505
3,859,0.37098929585091667
3,860,0.4435039156157771
3,861,0.4435039156157771
3,862,0.376600845343934
3,863,0.4407070556128241
3,864,0.49072797334269397
3,865,0.4162690284381669
3,866,0.5554789654139082
3,867,0.585834047463941
3,868,0.5051890988228613
3,869,0.37299297164214373
3,870,0.5632726497636439
3,871,0.4522633933317981
3,872,0.7960272291770562
3,873,0.45114673706651875
3,874,0.474880569593549
3,875,0.5934924454122246
3,876,0.5965007850900347
3,877,0.44972852503671595
3,878,0.5910494881456761
3,879,0.25398884208296124
3,880,0.5587047664769763
3,881,0.4367522808252551
3,882,0.3667837741870601
3,883,0.6149839450324645
3,884,0.44841096594685803
3,885,0.501867690474177
3,886,0.48737610229592077
3,887,0.6255399639623075
3,888,0.5404081092806147
3,889,0.6471744714492746
3,890,0.36500285659687204
3,891,0.45451477573656657
3,892,0.4977878978007596
3,893,0.5346419406983518
3,894,0.5147703166825439
3,895,0.6408967764812371
3,896,0.6357911835113159
3,897,0.507064177887751
3,898,0.4101508339833591
3,899,0.5665631601862258
3,900,0.4548344549352882
3,901,0.542148852373969
3,902,0.34077967245220053
3,903,0.625537425186495
3,904,0.5221508598771756
3,905,0.5725809954062574
3,906,0.4881718206358412
3,907,0.26884097145104785
3,908,0.40613489480544146
3,909,0.43259785471948886
3,910,0.4110633596228639
3,911,0.37233334398050316
3,912,0.4786724051231715
3,913,0.4508281079587201
3,914,0.47818435260052256
3,915,0.5803979247384397
3,916,0.5003099456618537
3,917,0.29755714573048864
3,918,0.34598911982812486
3,919,0.3629985538967543
3,920,0.45541136842839414
3,921,0.45573366775370827
3,922,0.4276584214960449
3,923,0.5581837502951038
3,924,0.3643536709392365
3,925,0.2522076517529094
3,926,0.584574427057284
3,927,0.2743633575037026
3,928,0.3649651584397004
3,929,0.548063442263789
3,930,0.5452108728824431
3,931,0.36275899974791037
3,932,0.3780158506392064
3,933,0.5128756330663433
3,934,0.47872774912543353
3,935,0.3226757434238103
3,936,0.4514142567137112
3,937,0.463598523106543
3,938,0.4621510827810502
3,939,0.4122433096638755
3,940,0.419672522309163
3,941,0.4083743529852796
3,942,0.3607653031951111
3,943,0.5345398950082921
3,944,0.8289579010912393
3,945,0.8285275280101094
3,946,0.7499958697812542
3,947,0.2132675779775283
3,948,0.5593195188524211
3,949,0.5227129344782027
3,950,0.41366452077354793
3,951,0.3060293633447115
3,952,0.5896414066690682
3,953,0.39115056813982824
3,954,0.5525752674045188
3,955,0.5392469361399104
3,956,0.34316527927993584
3,957,0.2786802718340588
3,958,0.7237672413930059
3,959,0.6795655560765778
3,960,0.3804978520244178
3,961,0.39826899736834565
3,962,0.4861620079900249
3,963,0.45955293424294635
3,964,0.40598728542243717
3,965,0.48928398633954456
3,966,0.271336344220351
3,967,0.35776737927680996
3,968,0.4535979330171934
3,969,0.49300988724368855
3,970,0.33921461371887124
3,971,0.40779935387157873
3,972,0.4622037728470999
3,973,0.6479636998713995
3,974,0.5211413271441832
3,975,0.38361801875409085
3,976,0.42514810727885327
3,977,0.5426145342202066
3,978,0.4675097540584267
3,979,0.5263298188057288
3,980,0.800751052078134
3,981,0.44977496292699637
3,982,0.5379608818264371
3,983,0.35858726214222997
3,984,0.3149616460404216
3,985,0.35853084028736426
3,986,0.41896863648947663
3,987,0.2289008188513562
3,988,0.46873654459287944
3,989,0.38356540337334294
3,990,0.30339341197945147
3,991,0.5770253731248263
3,992,0.2834009184739759
3,993,0.40797067357754
3,994,0.4760121029211633
3,995,0.5061434325663955
3,996,0.5549877975152097
3,997,0.44512477132576
3,998,0.546458066540937
3,999,0.5947044315310499
3,1000,0.5803968603355435
3,1001,0.4364494414047916
3,1002,0.4957414759445109
3,1003,0.4471840960513136
3,1004,0.45645360845843636
3,1005,0.3671404410097156
3,1006,0.5579443128798339
3,1007,0.4207971283575769
3,1008,0.3633928268246846
3,1009,0.3519062648754506
3,1010,0.5461091287201487
3,1011,0.5599938113220856
3,1012,0.49991888196548956
3,1013,0.6412594287519374
3,1014,0.6069113978749718
3,1015,0.38080003978579596
3,1016,0.5685567391898186
3,1017,0.6169454252448946
3,1018,0.3030565556757481
3,1019,0.30328195861840385
3,1020,0.4772222765405247
3,1021,0.5339784807714015
3,1022,0.2653918234692343
3,1023,0.6607860191328505
3,1024,0.5756263558263351
3,1025,0.3703507322319823
3,1026,0.5910803024612796
3,1027,0.4907750066512607
3,1028,0.4009344792917674
3,1029,0.45517683230942346
3,1030,0.3995357078370282
3,1031,0.426694782013697
3,1032,0.5196342111851112
3,1033,0.4073719222300427
3,1034,0.4913055856480784
3,1035,0.46231314825171343
3,1036,0.6754042276928797
3,1037,0.3029652394096192
3,1038,0.3282310041612412
3,1039,0.6538508479375146
3,1040,0.5742074902079856
3,1041,0.42110266123069123
3,1042,0.6255316031436872
3,1043,0.2581256640801127
3,1044,0.47516875889482973
3,1045,0.5162616152849886
3,1046,0.3682057633905178
3,1047,0.5693094211323645
3,1048,0.3682779815236594
3,1049,0.6436040689131342
3,1050,0.6409611548742729
3,1051,0.32765848710868434
3,1052,0.28550487339891295
3,1053,0.5014034348507831
3,1054,0.5980962060306098
3,1055,0.4864789387634756
3,1056,0.4464315146806645
3,1057,0.474527434019679
3,1058,0.5777887930383799
3,1059,0.3709634801719208
3,1060,0.510493571441874
3,1061,0.5833157641430734
3,1062,0.45635941135977043
3,1063,0.46113943363695775
3,1064,0.5080412914184224
3,1065,0.5792007823848832
3,1066,0.6907167296101384
3,1067,0.32464493837383473
3,1068,0.6877246990560064
3,1069,0.516424256481138
3,1070,0.61583291324949
3,1071,0.3746532912761415
3,1072,0.5681206478713708
3,1073,0.5103068189008761
3,1074,0.6854553995430687
3,1075,0.7904915593635787
3,1076,0.6272028280244987
3,1077,0.46533230990990776
3,1078,0.5513778547074654
3,1079,0.5986596309814736
3,1080,0.6045765152873969
3,1081,0.4620387770358394
3,1082,0.47442001532986006
3,1083,0.4558113428823645
3,1084,0.26087560408127103
3,1085,0.42383488923889995
3,1086,0.2985918355183889
3,1087,0.4057343542478755
3,1088,0.5577471447653451
3,1089,0.5009016670652685
3,1090,0.4694772223065744
3,1091,0.655059079073706
3,1092,0.49336742423384894
3,1093,0.5870647630535825
3,1094,0.541055303258387
3,1095,0.34464231338115164
3,1096,0.5864405376371551
3,1097,0.584036676125401
3,1098,0.490009840750754
3,1099,0.6144499154001074
3,1100,0.5421184190389327
3,1101,0.6385065660702872
3,1102,0.48166101190627
3,1103,0.6329954728739975
3,1104,0.5185040233750401
3,1105,0.6924374293878548
3,1106,0.5139110499813271
3,1107,0.6356175525889945
3,1108,0.6431619738147807
3,1109,0.2689900495635129
3,1110,0.624727126299022
3,1111,0.6629796164367633
3,1112,0.6109860950369304
3,1113,0.5853625474620424
3,1114,0.6334914040594903
3,1115,0.6006941611617634
3,1116,0.3352133973573051
3,1117,0.5672810606613037
3,1118,0.7281230008012087
3,1119,0.6953591016102424
3,1120,0.48117003863363916
3,1121,0.470499064568
3,1122,0.7572453384634928
3,1123,0.7469419009885341
3,1124,0.6286486974715039
3,1125,0.4926101062023184
3,1126,0.394291081458295
3,1127,0.40589044000812047
3,1128,0.6179860370918299
3,1129,0.4785760376382693
3,1130,0.5898641983269849
3,1131,0.47857391965041735
3,1132,0.33215671085572124
3,1133,0.5017987897713254
3,1134,0.3167895500128844
3,1135,0.41667941989004076
3,1136,0.4360658536581202
3,1137,0.49497148745547215
3,1138,0.3587713577475898
3,1139,0.4795070865254583
3,1140,0.5509900330713802
3,1141,0.4678113409119152
3,1142,0.5288124100071864
3,1143,0.47246200482061357
3,1144,0.5620820188049758
3,1145,0.49372991415887707
3,1146,0.6891428390644332
3,1147,0.6507124311811228
3,1148,0.6115814489331899
3,1149,0.4633584749953408
3,1150,0.596283913851914
3,1151,0.4818065709891378
3,1152,0.5936605380034983
3,1153,0.6285568744397995
3,1154,0.4664718831954779
3,1155,0.2007610895862407
3,1156,0.33453938754585727
3,1157,0.40644924595573856
3,1158,0.15348722123673275
3,1159,0.6132525668354115
3,1160,0.6326821679749742
3,1161,0.6844803448979201
3,1162,0.3663847270880986
3,1163,0.6009217160743224
3,1164,0.31825851834924623
3,1165,0.6246318027278491
3,1166,0.6733637393251479
3,1167,0.5978284332305989
3,1168,0.40107553911880145
3,1169,0.497230631945192
3,1170,0.40814318673795885
3,1171,0.46161455671098345
3,1172,0.5049182031363029
3,1173,0.5087843472673909
3,1174,0.5717415216078461
3,1175,0.586716086223863
3,1176,0.4900970110621884
3,1177,0.3679342381556192
3,1178,0.3361859526450107
3,1179,0.44381707261986647
3,1180,0.6784514678056452
3,1181,0.25500070683994375
3,1182,0.3857087966709079
3,1183,0.3146293447945182
3,1184,0.5340327763681174
3,1185,0.5123141085384486
3,1186,0.5705027316575321
3,1187,0.4443827713540077
3,1188,0.4688760178547341
3,1189,0.4662769067779507
3,1190,0.335246303227087
3,1191,0.5229388298632017
3,1192,0.4278291667638166
3,1193,0.7229763290093573
3,1194,0.7227387472782991
3,1195,0.5457898201603584
3,1196,0.3796964219171272
3,1197,0.4237467058388728
3,1198,0.41367541323329204
3,1199,0.6432340365912932
3,1200,0.5615669507497322
3,1201,0.5472245217748435
3,1202,0.5312376952387011
3,1203,0.49886544693503926
3,1204,0.5686616192686392
3,1205,0.583303602776969
3,1206,0.6538389895270265
3,1207,0.48812743054510505
3,1208,0.4027350505493807
3,1209,0.5864657851274481
3,1210,0.5743759291848783
3,1211,0.6464760266811013
3,1212,0.6695167094836979
3,1213,0.6887587649055326
3,1214,0.2702166011496068
3,1215,0.2984370308294896
3,1216,0.3458468036041606
3,1217,0.39127220179601724
3,1218,0.5385301339147235
3,1219,0.3601427149786178
3,1220,0.5558562155273494
3,1221,0.3080486477121744
3,1222,0.6846647680719289
3,1223,0.37443156533637206
3,1224,0.460095470305606
3,1225,0.6502168315189514
3,1226,0.5700733403828023
3,1227,0.460808854766089
3,1228,0.6065191655870046
3,1229,0.6312360282280934
3,1230,0.3857035283318356
3,1231,0.5613527238074205
3,1232,0.4065037046920223
3,1233,0.5386902176248732
3,1234,0.6161972402043442
3,1235,0.5536290773044427
3,1236,0.48239028449144133
3,1237,0.504326886195039
3,1238,0.40499933354279055
3,1239,0.41987107893938075
3,1240,0.4420088030307918
3,1241,0.5127429542333278
3,1242,0.5567669197153516
3,1243,0.671895141588664
3,1244,0.5980017562158694
3,1245,0.5871728733612185
3,1246,0.5256737584645186
3,1247,0.6334850783168771
3,1248,0.5684163924975586
3,1249,0.6809025712462915
3,1250,0.537742804642828
3,1251,0.25684397553225513
3,1252,0.21493994087488222
3,1253,0.4014642727580924
3,1254,0.48436129328629807
3,1255,0.505707571614755
3,1256,0.4914406260617566
3,1257,0.4245743391869385
3,1258,0.4982840605089398
3,1259,0.6267693979366159
3,1260,0.36470221814277565
3,1261,0.34591008817152075
3,1262,0.4583296500533783
3,1263,0.6897297471878697
3,1264,0.3709213665794942
3,1265,0.32546711533463785
3,1266,0.33361683846083134
3,1267,0.48586268215355705
3,1268,0.4857437561531181
3,1269,0.48603149188071887
3,1270,0.652161471866356
3,1271,0.36152859756743927
3,1272,0.40300295272682735
3,1273,0.4956685809992313
3,1274,0.49984857940982363
3,1275,0.4832252991362627
3,1276,0.3141331574594929
3,1277,0.636058986074402
3,1278,0.3471853331405901
3,1279,0.4733455185645044
3,1280,0.6149936579128963
3,1281,0.7143866399953813
3,1282,0.544334868173779
3,1283,0.6130210428160077
3,1284,0.36131129546365803
3,1285,0.39174242497632134
3,1286,0.5673706631763545
3,1287,0.561405302597203
3,1288,0.527098740722347
3,1289,0.5155406926871265
3,1290,0.3914075664529442
3,1291,0.2643602693286771
3,1292,0.4912782534414914
3,1293,0.29919459390994235
3,1294,0.6866735583485185
3,1295,0.489002280930775
3,1296,0.489002280930775
3,1297,0.5869506926249142
3,1298,0.4169587256800208
3,1299,0.5284523057413258
3,1300,0.4270187865835467
3,1301,0.531163394027187
3,1302,0.5596216323347578
3,1303,0.3559942347732677
3,1304,0.7504535661695958
3,1305,0.6724052414231473
3,1306,0.6683230216687921
3,1307,0.6784340423022408
3,1308,0.29781726480149256
3,1309,0.6050499467714006
3,1310,0.6160203041901865
3,1311,0.5142212203548486
3,1312,0.5377539934574901
3,1313,0.5063855984506688
3,1314,0.44415995007489256
3,1315,0.4784456815904114
3,1316,0.6709096999876918
3,1317,0.6107132861046808
3,1318,0.4247514092163989
3,1319,0.4959614846272696
3,1320,0.4085155511526169
3,1321,0.4000701847228575
3,1322,0.41019667113834446
3,1323,0.3585516275803191
3,1324,0.2031850856412087
3,1325,0.4504688415214497
3,1326,0.5527290447834756
3,1327,0.2412203563350575
3,1328,0.375974822579528
3,1329,0.6675220648837917
3,1330,0.29051010619708945
3,1331,0.495253801754343
3,1332,0.47259591212927654
3,1333,0.6128302602721841
3,1334,0.5183376548387415
3,1335,0.4874157042541888
3,1336,0.37151626507073554
3,1337,0.37558228369877605
3,1338,0.5111153549786871
3,1339,0.37076057749046787
3,1340,0.48575939860408685
3,1341,0.39619210554830114
3,1342,0.3698684823800462
3,1343,0.5864937594403768
3,1344,0.5816254873711832
3,1345,0.4279854741352527
3,1346,0.40074889916989714
3,1347,0.4608649392922025
3,1348,0.5424362074173907
3,1349,0.6956198944200919
3,1350,0.7858254309743187
3,1351,0.7271577462286021
3,1352,0.44547331011301566
3,1353,0.7306711286130679
3,1354,0.2535983611133513
3,1355,0.5061325626837122
3,1356,0.6001129049068148
3,1357,0.3585341747133008
3,1358,0.6084380626920796
3,1359,0.515164309275257
3,1360,0.28904938794572366
3,1361,0.5262869102822747
3,1362,0.33883017987439246
3,1363,0.39799015391527603
3,1364,0.7126314154756184
3,1365,0.36807466632617625
3,1366,0.6521153457023932
3,1367,0.6381670976251987
3,1368,0.6242124609486596
3,1369,0.6801926067074843
3,1370,0.5002337385187806
3,1371,0.5799581680316119
3,1372,0.41838018943107985
3,1373,0.6598672003439034
3,1374,0.6463631115057027
3,1375,0.5304132834747436
3,1376,0.39351424787029193
3,1377,0.33052739773990053
3,1378,0.40804288828488816
3,1379,0.577313786299385
3,1380,0.4415652968904666
3,1381,0.4091789498248688
3,1382,0.2517291654034914
3,1383,0.40224985435690047
3,1384,0.5805023016681676
3,1385,0.6053054478557486
3,1386,0.6098318599120699
3,1387,0.37149446453307317
3,1388,0.640216588723891
3,1389,0.46728288343525276
3,1390,0.6232969892662849
3,1391,0.49428265264500104
3,1392,0.7441750407626073
3,1393,0.43738088328198954
3,1394,0.3108364479485267
3,1395,0.6474634221291855
3,1396,0.5922901629534021
3,1397,0.34748604081286194
3,1398,0.3848307107960259
3,1399,0.5855092445710266
3,1400,0.5270774221270078
3,1401,0.5231785175324035
3,1402,0.584711593121393
3,1403,0.5847474686319629
3,1404,0.4368682664796593
3,1405,0.5945165631928142
3,1406,0.31204832271186045
3,1407,0.5013514035659258
3,1408,0.5026013765102959
3,1409,0.5059181971405188
3,1410,0.5956219525606565
3,1411,0.46097214506538897
3,1412,0.6446634554694991
3,1413,0.5653126912832219
3,1414,0.42195829199186957
3,1415,0.5389225242894412
3,1416,0.41523450316017546
3,1417,0.16315659347426337
3,1418,0.37497728775733724
3,1419,0.7251513871565994
3,1420,0.814075981536727
3,1421,0.576684811397619
3,1422,0.4664652976179226
3,1423,0.5718044099404098
3,1424,0.5575436789896594
3,1425,0.5890941376350554
3,1426,0.4773084889436321
3,1427,0.5689573478833069
3,1428,0.4874813452690471
3,1429,0.6938940000074839
3,1430,0.7436969489005983
3,1431,0.35668189510883896
3,1432,0.4552132432131452
3,1433,0.4414082499582315
3,1434,0.41668112101684746
3,1435,0.6024407944967028
3,1436,0.49791044397413114
3,1437,0.34278635242467176
3,1438,0.37218289871543087
3,1439,0.4666486358856187
3,1440,0.48847376414074367
3,1441,0.4143605070190589
3,1442,0.5474043395391512
3,1443,0.3851812464178087
3,1444,0.39481205239002914
3,1445,0.4126169063109776
3,1446,0.4503370932815689
3,1447,0.5720207724578434
3,1448,0.37237612081821725
3,1449,0.407545988647332
3,1450,0.4300071264729821
3,1451,0.30998616600806267
3,1452,0.22327036468987346
3,1453,0.7115316082413095
3,1454,0.20741524484367121
3,1455,0.21711223634696575
3,1456,0.37737612528976416
3,1457,0.530445540085493
3,1458,0.42744350526809594
3,1459,0.23347947052646856
3,1460,0.7186740510150404
3,1461,0.5160675493854344
3,1462,0.40731771470609807
3,1463,0.6418283788661103
3,1464,0.5043785154462106
3,1465,0.5796132003323277
3,1466,0.6282507051415196
3,1467,0.48604355516672715
3,1468,0.5412767927500777
3,1469,0.5232046939919577
3,1470,0.3211046770895666
3,1471,0.6291086004276042
3,1472,0.2522560839872038
3,1473,0.5272663376977247
3,1474,0.49290178717892646
3,1475,0.5498126664928588
3,1476,0.5029042610166548
3,1477,0.681884664671071
3,1478,0.7550577832868893
3,1479,0.7869145246478129
3,1480,0.4780213190805076
3,1481,0.622178013610915
3,1482,0.455987322238203
3,1483,0.4849566494827278
3,1484,0.48170566654293623
3,1485,0.36434285202754313
3,1486,0.45974697187874525
3,1487,0.54951097261557
3,1488,0.34469920329889275
3,1489,0.4489731366302587
3,1490,0.4337358354017917
3,1491,0.6682217886684126
3,1492,0.5619047276253931
3,1493,0.44521074185774356
3,1494,0.5567371875075917
3,1495,0.46730106334182947
3,1496,0.4221248323060599
3,1497,0.5985475389234407
3,1498,0.5285000117030861
3,1499,0.5839952160817613
3,1500,0.543336449313181
3,1501,0.4305850828047914
3,1502,0.3824640646420149
3,1503,0.3678417187984543
3,1504,0.3791071881862127
3,1505,0.3565920626181261
3,1506,0.5039951282836348
3,1507,0.3519543997278671
3,1508,0.6563466822911713
3,1509,0.6966995455535826
3,1510,0.12644267919714705
3,1511,0.1187185459567251
3,1512,0.2820005825888419
3,1513,0.40258194899615796
3,1514,0.8118341395338374
3,1515,0.8328072008054719
3,1516,0.6443645438401595
3,1517,0.41375813312876597
3,1518,0.515172041438008
3,1519,0.41106774182686606
3,1520,0.5684001574255629
3,1521,0.2227197346052318
3,1522,0.44906195859542974
3,1523,0.5287506944700666
3,1524,0.5378703235410582
3,1525,0.5430554347586598
3,1526,0.5574416868726083
3,1527,0.4550152674540887
3,1528,0.4778992792659973
3,1529,0.5177591646960633
3,1530,0.46390553086312775
3,1531,0.5863717521918895
3,1532,0.4833204178489805
3,1533,0.6088932919041445
3,1534,0.3603670700135323
3,1535,0.4597533765536104
3,1536,0.5273313303612631
3,1537,0.561169870898984
3,1538,0.4423082703304176
3,1539,0.4405364297083859
3,1540,0.35069178462947154
3,1541,0.36637593089093085
3,1542,0.517399597200127
3,1543,0.4979419204330771
3,1544,0.1792007864256887
3,1545,0.5656789226116472
3,1546,0.24864135870403561
3,1547,0.4436186671183045
3,1548,0.43270508833439664
3,1549,0.3686417986330404
3,1550,0.4951067799050268
3,1551,0.4148847422591785
3,1552,0.40738650067805804
3,1553,0.5926569538485066
3,1554,0.42800561462148445
3,1555,0.4875945058772347
3,1556,0.49174265435870174
3,1557,0.5997043498767981
3,1558,0.5840231840780774
3,1559,0.6058195427101993
3,1560,0.3874197662754212
3,1561,0.5121864187425175
3,1562,0.32156341074768985
3,1563,0.41444940196360736
3,1564,0.5913401610180342
3,1565,0.4812518798357053
3,1566,0.39170429002254953
3,1567,0.5181142632226537
3,1568,0.5482281510861396
3,1569,0.4738242579601944
3,1570,0.6002251067960718
3,1571,0.4230597679068406
3,1572,0.5378052138889664
3,1573,0.6958947361179513
3,1574,0.3978242459960219
3,1575,0.42606562859683833
3,1576,0.5111251756065293
3,1577,0.3807215647532385
3,1578,0.36457500147895683
3,1579,0.28901248236502736
3,1580,0.5924894146261318
3,1581,0.31719937905370277
3,1582,0.31128854948063867
3,1583,0.3797437209952747
3,1584,0.5632454104100939
3,1585,0.505758575345722
3,1586,0.7137979607516626
3,1587,0.3561254267225666
3,1588,0.6448108664922003
3,1589,0.30219396207905014
3,1590,0.42577263733794996
3,1591,0.4900624716439488
3,1592,0.34143143258690023
3,1593,0.4921636512413813
3,1594,0.6323084097938614
3,1595,0.2060885222417316
3,1596,0.3675717277625251
3,1597,0.22597132313527157
3,1598,0.18187879287891418
3,1599,0.47297126469381934
3,1600,0.3527793082457539
3,1601,0.6142833129086999
3,1602,0.57303141507089
3,1603,0.5883518256228523
3,1604,0.3308045425527635
3,1605,0.3036391666475465
3,1606,0.4956066774679468
3,1607,0.6540541023535758
3,1608,0.46757384248523787
3,1609,0.3095083952529644
3,1610,0.2739704770094701
3,1611,0.5749228932939612
3,1612,0.5095270811506932
3,1613,0.41737132643940317
3,1614,0.42983244930135994
3,1615,0.5730403898545587
3,1616,0.28365907065678037
3,1617,0.7911051942333411
3,1618,0.6446283336800444
3,1619,0.4626273819072337
3,1620,0.5653238016048365
3,1621,0.4663345484363767
3,1622,0.4635819220680765
3,1623,0.5267055133934381
3,1624,0.38946423834373056
3,1625,0.5650591921854616
3,1626,0.5296860641562504
3,1627,0.5763026255763458
3,1628,0.3407696037920832
3,1629,0.30366423868229686
3,1630,0.451349245494913
3,1631,0.43999458329901836
3,1632,0.37780520832554476
3,1633,0.41082671884081196
3,1634,0.5634745681656079
3,1635,0.28172686611612746
3,1636,0.2374082834635684
3,1637,0.27483002721876565
3,1638,0.51566986812629
3,1639,0.4815223205012511
3,1640,0.5226878474154425
3,1641,0.4764398266057674
3,1642,0.23336844409300522
3,1643,0.2075458469729049
3,1644,0.39527816393432225
3,1645,0.3871020816645938
3,1646,0.5362823404484748
3,1647,0.4359062650770164
3,1648,0.5320703525283691
3,1649,0.5145742192765027
3,1650,0.6852975526252864
3,1651,0.4975295712540295
3,1652,0.5611351103740511
3,1653,0.2843376407869464
3,1654,0.6441374267849763
3,1655,0.4479330953404668
3,1656,0.35823696917747644
3,1657,0.26082039478735763
3,1658,0.3646890220239185
3,1659,0.5743487152454908
3,1660,0.5331574299014236
3,1661,0.49500188495010217
3,1662,0.37308755152532785
3,1663,0.6804530972365225
3,1664,0.5389814122551443
3,1665,0.45436317155249806
3,1666,0.4718264890735197
3,1667,0.3265761656274632
3,1668,0.339774568605578
3,1669,0.32876136768118
3,1670,0.2587196787732678
3,1671,0.5190394991758223
3,1672,0.5791792600398764
3,1673,0.37172080510397043
3,1674,0.45561242462949136
3,1675,0.47324796143468356
3,1676,0.5050989043600093
3,1677,0.4891222416723147
3,1678,0.5486194408967219
3,1679,0.4787749719850125
3,1680,0.5148822684106028
3,1681,0.37826182635920175
3,1682,0.4291944327078921
3,1683,0.5122607488344142
3,1684,0.5638608025131318
3,1685,0.6009638178657007
3,1686,0.6643332971893551
3,1687,0.45936136238428915
3,1688,0.589146102647672
3,1689,0.6017502120243198
3,1690,0.38705793587256637
3,1691,0.45381092153035113
3,1692,0.7051505356422375
3,1693,0.33395645117487516
3,1694,0.5170888590634641
3,1695,0.4122654977110124
3,1696,0.46614704550760777
3,1697,0.3699739246065557
3,1698,0.49506046455554964
3,1699,0.556880412868847
3,1700,0.642141333298563
3,1701,0.465904762608859
3,1702,0.4866917377233255
3,1703,0.5795177543614943
3,1704,0.45282084209043916
3,1705,0.5181816698370862
3,1706,0.558343765754486
3,1707,0.4587029854477519
3,1708,0.7456014032801483
3,1709,0.4897745188045609
3,1710,0.5313046057407257
3,1711,0.5853325316142739
3,1712,0.4516323989216046
3,1713,0.5358262021380309
3,1714,0.5439609297510482
3,1715,0.43688078035878203
3,1716,0.5903591906649389
3,1717,0.5133944688445149
3,1718,0.47928945213221996
3,1719,0.5436337720503576
3,1720,0.3577076813759782
3,1721,0.7534284601077527
3,1722,0.7103553956438269
3,1723,0.4294416490071058
3,1724,0.5998768974985288
3,1725,0.6232494058105218
3,1726,0.41579223649313
3,1727,0.6019225913284583
3,1728,0.47994311672903495
3,1729,0.4478797899662805
3,1730,0.5323009404000961
3,1731,0.5698376574674845
3,1732,0.46785731876741354
3,1733,0.6200610045644614
3,1734,0.409536133642834
3,1735,0.4529635997252861
3,1736,0.5554822739507113
3,1737,0.40293789493425797
3,1738,0.45656094063911407
3,1739,0.3441965145327587
3,1740,0.4979786545606268
3,1741,0.5855411168115194
3,1742,0.3522352485648589
3,1743,0.6576904176433558
3,1744,0.32882821795416645
3,1745,0.670560371290785
3,1746,0.40193714963440214
3,1747,0.4418324894242878
3,1748,0.7036920137961392
3,1749,0.22080572880811086
3,1750,0.530501078659572
3,1751,0.4669887349535112
3,1752,0.2698081721589485
3,1753,0.565278935357287
3,1754,0.3615035280225305
3,1755,0.4713869988406215
3,1756,0.3385040326584477
3,1757,0.4515791958216246
3,1758,0.5132941040729284
3,1759,0.5016920139035685
3,1760,0.7280734381305786
3,1761,0.5211288336795881
3,1762,0.5093915407806245
3,1763,0.5820710087738433
3,1764,0.4600150844334388
3,1765,0.519551805898783
3,1766,0.49056638642991207
3,1767,0.5147611345951998
3,1768,0.3414788840489257
3,1769,0.1657332978451728
3,1770,0.8200617667807338
3,1771,0.7051740127167323
3,1772,0.29344970777807045
3,1773,0.4444912778603724
3,1774,0.5813934654734705
3,1775,0.32661148194934814
3,1776,0.4686265914972387
3,1777,0.4541856055719764
3,1778,0.3861884946220469
3,1779,0.464998869383572
3,1780,0.6445717055178446
3,1781,0.40990806897999416
3,1782,0.5579831709776405
3,1783,0.33297421330285987
3,1784,0.6534240129853492
3,1785,0.5006097758882491
3,1786,0.5262574300594667
3,1787,0.3718747609360826
3,1788,0.45696729236350897
3,1789,0.45347340783205875
3,1790,0.34790343473415997
3,1791,0.32644656556993457
3,1792,0.5099503882608861
3,1793,0.5462026788263014
3,1794,0.7206119217728589
3,1795,0.7103169503316683
3,1796,0.43275684811843523
3,1797,0.6027362451907773
3,1798,0.5187623765146491
3,1799,0.5584011311112653
3,1800,0.5178569971884067
3,1801,0.3652390617327766
3,1802,0.5368659180481791
3,1803,0.4532845865700841
3,1804,0.46075628949886716
3,1805,0.5517766388353604
3,1806,0.38249345183440153
3,1807,0.41184621307709307
3,1808,0.3514896495223501
3,1809,0.6494772653970288
3,1810,0.4039085036752903
3,1811,0.6478151539461049
3,1812,0.5752630014165206
3,1813,0.6680968551031509
3,1814,0.38707343979200476
3,1815,0.5242654868555796
3,1816,0.4612074709041156
3,1817,0.496476862638584
3,1818,0.5232673420929477
3,1819,0.476306206350928
3,1820,0.4711589529311929
3,1821,0.5429071501655686
3,1822,0.5814575275724322
3,1823,0.5298355114045659
3,1824,0.3364582555725902
3,1825,0.5126196665749856
3,1826,0.4589895110846388
3,1827,0.46327924450521724
3,1828,0.6361061227838276
3,1829,0.5291785509213037
3,1830,0.5104608048989825
3,1831,0.5691151599564931
3,1832,0.8163491933841922
3,1833,0.706580525874527
3,1834,0.8344972572164832
3,1835,0.49317303401616125
3,1836,0.645218935679917
3,1837,0.5302421021505528
3,1838,0.5612161035544316
3,1839,0.5796613917638248
3,1840,0.33158580277629307
3,1841,0.5379719600335857
3,1842,0.6249731111778852
3,1843,0.3904289193662326
3,1844,0.5311122593949797
3,1845,0.4335939188518119
3,1846,0.17535906558181322
3,1847,0.3306801798756874
3,1848,0.4392103271366707
3,1849,0.4157545538860226
3,1850,0.4358622517377834
3,1851,0.6898571852219219
3,1852,0.11255065905593421
3,1853,0.8677691501543506
3,1854,0.46305136163323857
3,1855,0.546683918241028
3,1856,0.6191744215315553
3,1857,0.3248678049386149
3,1858,0.5433484839500009
3,1859,0.4209868364497327
3,1860,0.33712300512274096
3,1861,0.7275850196147542
3,1862,0.5894106774553752
3,1863,0.5117609106562945
3,1864,0.44697151216739195
3,1865,0.3416939210630948
3,1866,0.6107544359897523
3,1867,0.5246152506356546
3,1868,0.4784215497634275
3,1869,0.46884961477544024
3,1870,0.4348202781156318
3,1871,0.5109329171945519
3,1872,0.3498895045442846
3,1873,0.5536450445092412
3,1874,0.5751012662688226
3,1875,0.4939899215771054
3,1876,0.6537337993838487
3,1877,0.6273559739778846
3,1878,0.5900285104004528
3,1879,0.5213027479782327
3,1880,0.5171775424162168
3,1881,0.4618678221374851
3,1882,0.43692260286975965
3,1883,0.5739257121618427
3,1884,0.6023483405340292
3,1885,0.4300813886881387
3,1886,0.3899371351364467
3,1887,0.7681472766247625
3,1888,0.36006472583894644
3,1889,0.5890305204057987
3,1890,0.39204660415365894
3,1891,0.576843950094703
3,1892,0.37701167386413104
3,1893,0.7411151750716362
3,1894,0.7945368409970778
3,1895,0.5194769088172468
3,1896,0.45323579311032636
3,1897,0.3646943124366303
3,1898,0.24955594143034912
3,1899,0.6258045783655553
3,1900,0.8047414685204891
3,1901,0.7275695022468142
3,1902,0.666850704820458
3,1903,0.6875711793015286
3,1904,0.6579529410599254
3,1905,0.8171252849961357
3,1906,0.7336309740953392
3,1907,0.680783030322179
3,1908,0.7013743552469265
3,1909,0.33114440691332125
3,1910,0.46319630880488893
3,1911,0.5426939099267741
3,1912,0.4408041055090041
3,1913,0.45414815301465217
3,1914,0.5629245606956238
3,1915,0.600246882605427
3,1916,0.5956181410334535
3,1917,0.6101254987310755
3,1918,0.3962326471555979
3,1919,0.48501473489778985
3,1920,0.5203061386635436
3,1921,0.42965829420584645
3,1922,0.5420593017670842
3,1923,0.4554774742350027
3,1924,0.6330907267377353
3,1925,0.5008293363892186
3,1926,0.6168374997797818
3,1927,0.5139714038407471
3,1928,0.48421150596276363
3,1929,0.764306893313705
3,1930,0.7432594348876242
3,1931,0.7762909389497925
3,1932,0.4420938292502707
3,1933,0.6869317316207787
3,1934,0.6298121858119801
3,1935,0.6454553385582922
3,1936,0.6717060578474582
3,1937,0.6122721495656653
3,1938,0.303381510339594
3,1939,0.5952768772928878
3,1940,0.4399529502361116
3,1941,0.3774800201758238
3,1942,0.642420120489793
3,1943,0.43032494384349734
3,1944,0.5350501058472216
3,1945,0.3253017245939211
3,1946,0.656588186807945
3,1947,0.405557983191641
3,1948,0.6453430955186733
3,1949,0.5341341381781141
3,1950,0.4879924948246422
3,1951,0.5152207000798401
3,1952,0.2745798488913137
3,1953,0.30679198233920385
3,1954,0.4937342916792624
3,1955,0.3152796351699608
3,1956,0.6155269322802834
3,1957,0.5223513695350916
3,1958,0.5163732663233945
3,1959,0.4990496776992716
3,1960,0.5034113101341241
3,1961,0.6179133791445361
3,1962,0.44019071614439315
3,1963,0.5181830897860827
3,1964,0.37090882123872926
3,1965,0.4484514349169673
3,1966,0.4869394901436914
3,1967,0.623145339663055
3,1968,0.34296904629693375
3,1969,0.4104617803691059
3,1970,0.47835874930523475
3,1971,0.5883957325484404
3,1972,0.6128096477111622
3,1973,0.4678049544815363
3,1974,0.3732690146678519
3,1975,0.6301398774435814
3,1976,0.3660115541891639
3,1977,0.48697189385579487
3,1978,0.5317712406280048
3,1979,0.48763702603175957
3,1980,0.4688807509212338
3,1981,0.3487112242185382
3,1982,0.3456029890557995
3,1983,0.2835537865350402
3,1984,0.30227872939687145
3,1985,0.4987257445291924
3,1986,0.5279450637379477
3,1987,0.6202225478087158
3,1988,0.3267484204172588
3,1989,0.4150034039599078
3,1990,0.5776441499554253
3,1991,0.2772876227508596
3,1992,0.36852134466647957
3,1993,0.6245072335451048
3,1994,0.5600135549526883
3,1995,0.38707551029897264
3,1996,0.45157776211965694
3,1997,0.4748725443192858
3,1998,0.4756669025013826
3,1999,0.4544181700477101
3,2000,0.44569049800951066
3,2001,0.48927077695222504
3,2002,0.590908731253304
3,2003,0.6107322886065818
3,2004,0.626835605762073
3,2005,0.44481808122386507
3,2006,0.3919714648960776
3,2007,0.47906813254923647
3,2008,0.6490763998164267
3,2009,0.5096866043885959
3,2010,0.45501169348577125
3,2011,0.5180690062305197
3,2012,0.36179515251724315
3,2013,0.5281705059417053
3,2014,0.5345637457180185
3,2015,0.4902530911247208
3,2016,0.5233828208374541
3,2017,0.567072833456971
3,2018,0.5114616432557353
3,2019,0.5059365033165869
3,2020,0.4941898665201339
3,2021,0.5290716718905025
3,2022,0.6749227945136612
3,2023,0.5078700739990407
3,2024,0.43706938193956485
3,2025,0.38564419631566493
3,2026,0.6607641020812856
3,2027,0.3349154948004066
3,2028,0.6523623401731619
3,2029,0.6739981247634661
3,2030,0.4698413429626874
3,2031,0.4823941953981904
3,2032,0.7152227662056653
3,2033,0.3589310188407938
3,2034,0.6064386455920027
3,2035,0.6507389748127922
3,2036,0.6238062892040869
3,2037,0.3091692209463475
3,2038,0.5992233031979757
3,2039,0.6308970365799668
3,2040,0.6550293627799372
3,2041,0.5243744638510234
3,2042,0.43284720552913136
3,2043,0.7448313083244538
3,2044,0.6288838256374583
3,2045,0.4723914623977427
3,2046,0.2143930649561615
3,2047,0.16804160707433746
3,2048,0.2369776960707421
3,2049,0.6410192751308958
3,2050,0.24214073810193074
3,2051,0.2719382451193185
3,2052,0.35873450705839477
3,2053,0.47576185961947604
3,2054,0.47445165375946907
3,2055,0.5722241784686554
3,2056,0.475573954714052
3,2057,0.48830692775318346
3,2058,0.5162952453511223
3,2059,0.470946496776757
3,2060,0.38981161178313745
3,2061,0.6093244488285159
3,2062,0.5338536801408024
3,2063,0.663145893302259
3,2064,0.5388129273276522
3,2065,0.33325261556925195
3,2066,0.6668430989938464
3,2067,0.5744784128541155
3,2068,0.5028093608377966
3,2069,0.5052526739283373
3,2070,0.43540478622919637
3,2071,0.4573869123612879
3,2072,0.5047458824495663
3,2073,0.5518652980426435
3,2074,0.6835927070724643
3,2075,0.5694544746754099
3,2076,0.5483066511211862
3,2077,0.5438773333689131
3,2078,0.296596373490632
3,2079,0.33784043782381196
3,2080,0.672113534354593
3,2081,0.39189846993686633
3,2082,0.6088004731963378
3,2083,0.4453481508277035
3,2084,0.5134908192320174
3,2085,0.45420557337545825
3,2086,0.4854948719426015
3,2087,0.5276109839890053
3,2088,0.5319023603976378
3,2089,0.5588128644754082
3,2090,0.3280667148828286
3,2091,0.3140441576512806
3,2092,0.45488961063878236
3,2093,0.537611575691174
3,2094,0.6336556201915232
3,2095,0.4097776832985868
3,2096,0.49003202397412315
3,2097,0.5216039203286318
3,2098,0.5006472795674806
3,2099,0.4872778071137141
3,2100,0.47546432662095056
3,2101,0.4971859828114695
3,2102,0.5008565741584878
3,2103,0.3875850755984277
3,2104,0.26290063880244413
3,2105,0.6193395974732642
3,2106,0.2502322587826506
3,2107,0.3414201990173886
3,2108,0.42889773833122985
3,2109,0.5137877169534593
3,2110,0.3149825855692357
3,2111,0.9411968906853583
3,2112,0.8648284015296035
3,2113,0.15277114734899874
3,2114,0.3419281841107679
3,2115,0.8059599358483497
3,2116,0.8224602963725051
3,2117,0.29728683703560677
3,2118,0.8581611790735174
3,2119,0.40239129170234184
3,2120,0.3606776635489576
3,2121,0.5230791670794386
3,2122,0.4801595764658164
3,2123,0.48387410437252665
3,2124,0.6239610968318945
3,2125,0.4469782516230036
3,2126,0.4566874207451608
3,2127,0.5211953990017806
3,2128,0.5260286928284458
3,2129,0.5790725125708835
3,2130,0.692103162046307
3,2131,0.7302376459918893
3,2132,0.5005877344625721
3,2133,0.3247236668762257
3,2134,0.3722740034899073
3,2135,0.5914118137295937
3,2136,0.5811693589438597
3,2137,0.4692628977809829
3,2138,0.3510728668464293
3,2139,0.5695717276606632
3,2140,0.48129460428975673
3,2141,0.4302170126769565
3,2142,0.5683746523418678
3,2143,0.3821657070053343
3,2144,0.5299413473661778
3,2145,0.49362561330942895
3,2146,0.40027369646017047
3,2147,0.38848635703813766
3,2148,0.7362094430934663
3,2149,0.3890634996169307
3,2150,0.4195644380873846
3,2151,0.49862959470080387
3,2152,0.33690693601784
3,2153,0.43475855499222443
3,2154,0.4413879787852044
3,2155,0.43621185305774635
3,2156,0.6344921942544355
3,2157,0.42916006648018273
3,2158,0.4356783027232149
3,2159,0.361143977658246
3,2160,0.41455325097401563
3,2161,0.38017476472224354
3,2162,0.5003607994397029
3,2163,0.5454167417452723
3,2164,0.7065178742230721
3,2165,0.6684319723660643
3,2166,0.6575728309553369
3,2167,0.46046332390231715
3,2168,0.4982392470704466
3,2169,0.6678405445587305
3,2170,0.6037808110519257
3,2171,0.5143177826619839
3,2172,0.42137960077208264
3,2173,0.33305547034494914
3,2174,0.4184306875237003
3,2175,0.46291499182813145
3,2176,0.4440973835005975
3,2177,0.3327409525780531
3,2178,0.37439306709360404
3,2179,0.32937048639323174
3,2180,0.37078610042167554
3,2181,0.3931517466110176
3,2182,0.3501726110390564
3,2183,0.6894889383537797
3,2184,0.6618253320775226
3,2185,0.4038387520193078
3,2186,0.44938740678369665
3,2187,0.46512396821182767
3,2188,0.6475965839952195
3,2189,0.5375210772394478
3,2190,0.7403047792676984
3,2191,0.5120932597817963
3,2192,0.2764437496954364
3,2193,0.2925190325647468
3,2194,0.39268507980216405
3,2195,0.5357799035929146
3,2196,0.3783629125101217
3,2197,0.6695696575374404
3,2198,0.6198013093647098
3,2199,0.7004902951918647
3,2200,0.46186023073350563
3,2201,0.3840925877413944
3,2202,0.6273355211146692
3,2203,0.39677291279313426
3,2204,0.5508148283548364
3,2205,0.561086109143145
3,2206,0.6745646391608634
3,2207,0.6114572599169512
3,2208,0.42660938881963784
3,2209,0.6308391810138775
3,2210,0.4122952524751107
3,2211,0.4370990920969793
3,2212,0.1990797445036967
3,2213,0.5897733127961625
3,2214,0.5523120618280027
3,2215,0.1415117898995136
3,2216,0.43395002945359934
3,2217,0.18883000083017953
3,2218,0.14186122817074379
3,2219,0.20088599146101127
3,2220,0.3119104479619783
3,2221,0.183414352508217
3,2222,0.5310860169810607
3,2223,0.45367890724033927
3,2224,0.5253600278379638
3,2225,0.4603114549800396
3,2226,0.4566084293977937
3,2227,0.4774619452047301
3,2228,0.4627313631238057
3,2229,0.4247775401448282
3,2230,0.6567519245693156
3,2231,0.44860916594879247
3,2232,0.4496025681582912
3,2233,0.4372557880575017
3,2234,0.6393456451133914
3,2235,0.5592064277122037
3,2236,0.5647274551245463
3,2237,0.5086687500800136
3,2238,0.5265763781739273
3,2239,0.4372549505415524
3,2240,0.4851386416386967
3,2241,0.5598188690425122
3,2242,0.8221446070519568
3,2243,0.8326673242487653
3,2244,0.7648777023583055
3,2245,0.43482630679454054
3,2246,0.484815726876742
3,2247,0.36641144074455606
3,2248,0.5031378629975696
3,2249,0.33609896834941666
3,2250,0.6359186707211394
3,2251,0.3890404433660503
3,2252,0.5333385621460783
3,2253,0.40884141854584244
3,2254,0.44120616663047774
3,2255,0.475206344540053
3,2256,0.47545496958271305
3,2257,0.34361230036133245
3,2258,0.4242479396050168
3,2259,0.46467420034087725
3,2260,0.616724492462771
3,2261,0.4756803383920499
3,2262,0.3154672676279239
3,2263,0.40108249917260236
3,2264,0.5353597773338532
3,2265,0.4728120985553783
3,2266,0.46965042848700284
3,2267,0.677539978489528
3,2268,0.33996750473647375
3,2269,0.7534116782627833
3,2270,0.6155721400622405
3,2271,0.3340819938022008
3,2272,0.417470420347503
3,2273,0.46795210968029377
3,2274,0.45023841052801006
3,2275,0.4955920798409047
3,2276,0.41684724299980724
3,2277,0.6715408593530362
3,2278,0.4746524017291395
3,2279,0.5630829801571801
3,2280,0.6583821420508309
3,2281,0.48872672582737936
3,2282,0.606574755075522
3,2283,0.573650147409682
3,2284,0.36518712078141813
3,2285,0.4733641493623184
3,2286,0.44874845676310565
3,2287,0.3042989259401988
3,2288,0.458702142719821
3,2289,0.4422722737463745
3,2290,0.6069483732310567
3,2291,0.6048525525348295
3,2292,0.6359769545658245
3,2293,0.511261072043081
3,2294,0.3381144358079091
3,2295,0.6500393843583834
3,2296,0.5727734897840313
3,2297,0.5776593950440952
3,2298,0.6229989479961482
3,2299,0.32963193263663076
3,2300,0.42596502258296565
3,2301,0.5097129221224342
3,2302,0.3958042055954661
3,2303,0.3379586233910178
3,2304,0.5039040144370576
3,2305,0.45769640066352535
3,2306,0.4355060131751808
3,2307,0.5601229361077243
3,2308,0.559556756264899
3,2309,0.510947064513332
3,2310,0.3942094334402798
3,2311,0.4237414874992459
3,2312,0.4546450220612991
3,2313,0.34492062091567516
3,2314,0.5153747971239792
3,2315,0.4540729171128682
3,2316,0.5379340293611062
3,2317,0.3439917894170285
3,2318,0.4859853502769269
3,2319,0.49113977243256557
3,2320,0.6103574248111785
3,2321,0.6183077396802893
3,2322,0.5879816759181234
3,2323,0.4537776082506269
3,2324,0.4908426279350709
3,2325,0.3736631442735072
3,2326,0.3960780157406801
3,2327,0.22645870935805829
3,2328,0.48312140491031863
3,2329,0.3985071768789462
3,2330,0.3736611920750742
3,2331,0.6989970727195282
3,2332,0.521498162944619
3,2333,0.5431014363933239
3,2334,0.5271604090395478
3,2335,0.5466059275808002
3,2336,0.31892097683004533
3,2337,0.36096441045357786
3,2338,0.5141588389286293
3,2339,0.5964561175835985
3,2340,0.7315222694374324
3,2341,0.5615952099818948
3,2342,0.526876869998551
3,2343,0.37535186241617047
3,2344,0.18401950898778793
3,2345,0.7150780648353693
3,2346,0.21647899719344177
3,2347,0.6302201975339896
3,2348,0.4272371693250411
3,2349,0.5015352825515069
3,2350,0.4299745745741895
3,2351,0.5069998688445382
3,2352,0.6657156242692727
3,2353,0.301860077900606
3,2354,0.16070317536975168
3,2355,0.7788336971638997
3,2356,0.21084165255182924
3,2357,0.33951898475194114
3,2358,0.6986463693410302
3,2359,0.2887352636499723
3,2360,0.5166394164931755
3,2361,0.53596515815206
3,2362,0.615291070933695
3,2363,0.3793055904526619
3,2364,0.5665043822189979
3,2365,0.46078493815132815
3,2366,0.5288109927286889
3,2367,0.5604631113194666
3,2368,0.427084068392339
3,2369,0.45845599402236864
3,2370,0.529730786291852
3,2371,0.4255695151893152
3,2372,0.2065178393035538
3,2373,0.30444526278475476
3,2374,0.42455055068189657
3,2375,0.5523289104970648
3,2376,0.4003009209174788
3,2377,0.4572371571694323
3,2378,0.6040399435005739
3,2379,0.582299294915936
3,2380,0.32346344530330573
3,2381,0.38844484149096
3,2382,0.5835994730910967
3,2383,0.5404859550674797
3,2384,0.3527588048000574
3,2385,0.4336249964232392
3,2386,0.45268170147900944
3,2387,0.4902754568252413
3,2388,0.46494820018306166
3,2389,0.49044741850848117
3,2390,0.3185328667661954
3,2391,0.5874124047226105
3,2392,0.6102997635793784
3,2393,0.6363282366211743
3,2394,0.5413632164498282
3,2395,0.3970202481319589
3,2396,0.4185846449794376
3,2397,0.6672205680730512
3,2398,0.33032465936628796
3,2399,0.6032700928882199
3,2400,0.5592000578849082
3,2401,0.36172109604133984
3,2402,0.3763402831440364
3,2403,0.6510770709182925
3,2404,0.38744139271101885
3,2405,0.27972177768669787
3,2406,0.7134954713651166
3,2407,0.47224169366912605
3,2408,0.5334293581754108
3,2409,0.3801038622276516
3,2410,0.5484438416306108
3,2411,0.5458253944545158
3,2412,0.6428480400579827
3,2413,0.3770729429665217
3,2414,0.3755068634474241
3,2415,0.3869884632747058
3,2416,0.42224973131246163
3,2417,0.6535906285429159
3,2418,0.3460138089375175
3,2419,0.3521753023557471
3,2420,0.21242998456063925
3,2421,0.33448855119959725
3,2422,0.6634872585482456
3,2423,0.5724980486835269
3,2424,0.4189777756489337
3,2425,0.577583101746655
3,2426,0.4045000068632867
3,2427,0.266836209147992
3,2428,0.2298407000360828
3,2429,0.5762411633725851
3,2430,0.4625680674783238
3,2431,0.46675106618796147
3,2432,0.5458764639421786
3,2433,0.39035262924382313
3,2434,0.4107730231445835
3,2435,0.3256932790408402
3,2436,0.39747609398075046
3,2437,0.4595968064198616
3,2438,0.6561073761207376
3,2439,0.7519729484291774
3,2440,0.5604180047979176
3,2441,0.46662755980685827
3,2442,0.41620645377809107
3,2443,0.46513538213398287
3,2444,0.34321888486506086
3,2445,0.443950021049939
3,2446,0.260810373229875
3,2447,0.17181339413965002
3,2448,0.17340594750578323
3,2449,0.6717638896453779
3,2450,0.37318570159068054
3,2451,0.2761588726934428
3,2452,0.2937868212413987
3,2453,0.2994977259031481
3,2454,0.37168736223886056
3,2455,0.462241010939218
3,2456,0.30872388001783097
3,2457,0.6566658646087477
3,2458,0.33219848492124515
3,2459,0.47652459743298553
3,2460,0.45223271464790343
3,2461,0.4550341026090685
3,2462,0.4384803655069623
3,2463,0.5209076076134709
3,2464,0.5939717350624493
3,2465,0.5029184045497102
3,2466,0.4284035087372831
3,2467,0.6170787594913428
3,2468,0.5308130432130685
3,2469,0.6944862570725724
3,2470,0.7000933576324125
3,2471,0.6606059383105056
3,2472,0.359021640855454
3,2473,0.5166748601645449
3,2474,0.5186026211045119
3,2475,0.3385020238290117
3,2476,0.47626167595774493
3,2477,0.48019689156778655
3,2478,0.5844757950088967
3,2479,0.4444257019302203
3,2480,0.3548107467058676
3,2481,0.4634952954855103
3,2482,0.46652067342749304
3,2483,0.5131174655909414
3,2484,0.652420507128009
3,2485,0.6703299593596632
3,2486,0.514229704787403
3,2487,0.555105189328518
3,2488,0.3245607169229802
3,2489,0.5163915925946319
3,2490,0.5130771644737937
3,2491,0.36372290079217334
3,2492,0.4651709871194389
3,2493,0.33158485579775965
3,2494,0.6068387452883834
3,2495,0.3120114201235105
3,2496,0.5699232092778896
3,2497,0.38255892825034116
3,2498,0.5445789036523774
3,2499,0.2946278057183554
3,2500,0.6907036215548772
3,2501,0.4022231654046956
3,2502,0.37427452365056
3,2503,0.721962784712453
3,2504,0.40363489352602944
3,2505,0.43571835186489116
3,2506,0.4435232710120498
3,2507,0.3589199338551377
3,2508,0.48942065022172526
3,2509,0.5079727325252661
3,2510,0.5026204988769621
3,2511,0.33967012933868534
3,2512,0.5870333361283875
3,2513,0.34067012503563365
3,2514,0.6657154757518245
3,2515,0.32317308039332804
3,2516,0.5306314081124516
3,2517,0.5407549152060136
3,2518,0.6916186941957212
3,2519,0.3700361447354892
3,2520,0.5221095923353755
3,2521,0.6203354602771622
3,2522,0.6276710800891201
3,2523,0.21534303018974
3,2524,0.20830822613450226
3,2525,0.21775750001550848
3,2526,0.2562290874712346
3,2527,0.234297058464253
3,2528,0.3503371587795122
3,2529,0.5689993305580736
3,2530,0.6357014052457481
3,2531,0.396255862618556
3,2532,0.6343363153231533
3,2533,0.49461593595067394
3,2534,0.579232890128112
3,2535,0.37955504714389066
3,2536,0.6112525916864734
3,2537,0.2508668209683408
3,2538,0.32185425436844756
3,2539,0.6219482838140413
3,2540,0.40714317298760266
3,2541,0.5985219075039306
3,2542,0.5626073757044038
3,2543,0.7030072297906277
3,2544,0.524517541575657
3,2545,0.6108721868825029
3,2546,0.4322707983244166
3,2547,0.716776887711459
3,2548,0.5836814101140435
3,2549,0.3844912802544801
3,2550,0.6499126222460749
3,2551,0.4150468865065357
3,2552,0.5575341480518735
3,2553,0.4947027941358638
3,2554,0.4393044693873865
3,2555,0.6184376419026394
3,2556,0.6416044474436049
3,2557,0.3485795309836052
3,2558,0.5948463631612593
3,2559,0.5283847125927689
3,2560,0.5803880340843193
3,2561,0.45422911661881704
3,2562,0.6931484274717267
3,2563,0.7764407494721902
3,2564,0.7045454392004615
3,2565,0.4557733722638896
3,2566,0.4986308761865666
3,2567,0.5375201823153672
3,2568,0.5709467071047866
3,2569,0.5551299833344284
3,2570,0.48936118156614516
3,2571,0.5532942304167285
3,2572,0.4647463638193755
3,2573,0.325964975217679
3,2574,0.37301222670462236
3,2575,0.46438178905586375
3,2576,0.317049180134434
3,2577,0.3818737675053613
3,2578,0.23221846208189115
3,2579,0.42904678787790035
3,2580,0.3897684258672817
3,2581,0.3615230640861047
3,2582,0.6702229996978059
3,2583,0.4066358867041443
3,2584,0.3710136343995417
3,2585,0.2470276146629273
3,2586,0.2833554586369988
3,2587,0.7842742121855046
3,2588,0.6091553168401885
3,2589,0.4571775852194806
3,2590,0.6219546331974238
3,2591,0.550188349292371
3,2592,0.7203705389475678
3,2593,0.39913369052421616
3,2594,0.6777998866741207
3,2595,0.18538618938569051
3,2596,0.28312551795922736
3,2597,0.4013310868039507
3,2598,0.5047078254423777
3,2599,0.43665979212484585
3,2600,0.3641060827339607
3,2601,0.5015207691694783
3,2602,0.41511473060973486
3,2603,0.4171723582055872
3,2604,0.4619626238077526
3,2605,0.5380672415850233
3,2606,0.5565469266155181
3,2607,0.502990974096024
3,2608,0.6187006799301624
3,2609,0.6210308094774923
3,2610,0.6001769724578706
3,2611,0.6511992357208828
3,2612,0.381202673681204
3,2613,0.5985023853689188
3,2614,0.5938106162032989
3,2615,0.41249562132904116
3,2616,0.5316264432157669
3,2617,0.6026652583744295
3,2618,0.5490010095604873
3,2619,0.7898810499124035
3,2620,0.3202554663572192
3,2621,0.5068245718605454
3,2622,0.4771662190204817
3,2623,0.3394261613094158
3,2624,0.5621468947568694
3,2625,0.8054651588543591
3,2626,0.4892007939212191
3,2627,0.5413277706840601
3,2628,0.47228324128530014
3,2629,0.5581452131926445
3,2630,0.5174662587481423
3,2631,0.47396477937109116
3,2632,0.3923400312544711
3,2633,0.3046386131464692
3,2634,0.2915203894389546
3,2635,0.7099706383470988
3,2636,0.6644595873263558
3,2637,0.6387522808326384
3,2638,0.4756276300050466
3,2639,0.5844129506006315
3,2640,0.3339967358378867
3,2641,0.5952356775959509
3,2642,0.1876171910493174
3,2643,0.2388167256234698
3,2644,0.6492811900273807
3,2645,0.4902644288255487
3,2646,0.6442371826939495
3,2647,0.5239625546010601
3,2648,0.31684343307546087
3,2649,0.22708838779701446
3,2650,0.4950386047135816
3,2651,0.3221876409987351
3,2652,0.613739468612846
3,2653,0.6331958943810599
3,2654,0.5932910082362495
3,2655,0.4265536386967145
3,2656,0.6395125772108573
3,2657,0.2889497655394628
3,2658,0.5691664017980017
3,2659,0.4144008157009631
3,2660,0.5851893517911539
3,2661,0.5171052369034932
3,2662,0.4593042493701312
3,2663,0.4794527059195478
3,2664,0.4183922169117957
3,2665,0.33155103205222164
3,2666,0.529893734445873
3,2667,0.45448847882250115
3,2668,0.5000759506485217
3,2669,0.5111435342007695
3,2670,0.2803792424815954
3,2671,0.47032671910918206
3,2672,0.48278049311519977
3,2673,0.42947205331995464
3,2674,0.6362941587732168
3,2675,0.6226738132375346
3,2676,0.7076052280190143
3,2677,0.46702925884652596
3,2678,0.7164614140875367
3,2679,0.5969492749710553
3,2680,0.5281336324480465
3,2681,0.25665162551505905
3,2682,0.5012948190322157
3,2683,0.4878006140735131
3,2684,0.33858562143617515
3,2685,0.3646010913019034
3,2686,0.35719494445835254
3,2687,0.5412741374008376
3,2688,0.7099626179900942
3,2689,0.5869499886850107
3,2690,0.6345277869635627
3,2691,0.7473081375379903
3,2692,0.727865845198233
3,2693,0.3504344329502727
3,2694,0.5412808183525604
3,2695,0.6004041178811758
3,2696,0.47676413624945657
3,2697,0.6112515126226623
3,2698,0.45269434365730044
3,2699,0.48995340701390583
3,2700,0.47209000212189467
3,2701,0.393909547466584
3,2702,0.3582395532382983
3,2703,0.4450736217301566
3,2704,0.3213906182686
3,2705,0.4650040554319113
3,2706,0.6010262157987692
3,2707,0.4146900374884051
3,2708,0.5315683879842571
3,2709,0.5679954678464398
3,2710,0.31876619102900167
3,2711,0.3183787885296714
3,2712,0.6130231592692146
3,2713,0.5472436036563613
3,2714,0.3300717514396266
3,2715,0.5057383923501602
3,2716,0.36607122528922
3,2717,0.3257346699068174
3,2718,0.3961526839998685
3,2719,0.4190199750956103
3,2720,0.6407308550245465
3,2721,0.46169331597642516
3,2722,0.5486142721886661
3,2723,0.339786482860392
3,2724,0.5114996533187304
3,2725,0.546951765505235
3,2726,0.480901920877166
3,2727,0.36755698705872286
3,2728,0.4928004370475712
3,2729,0.5054621738430543
3,2730,0.6072507475037994
3,2731,0.4732088256291058
3,2732,0.4273084845108329
3,2733,0.38758509896290994
3,2734,0.5845119589088459
3,2735,0.4013495740162523
3,2736,0.4827274280528625
3,2737,0.4175089317254024
3,2738,0.44599931473564847
3,2739,0.42251085301600216
3,2740,0.5682714413515213
3,2741,0.6091315770272352
3,2742,0.4674437940141793
3,2743,0.6159776706024425
3,2744,0.4678367877746868
3,2745,0.8193613722458571
3,2746,0.5434720627139289
3,2747,0.567290300379725
3,2748,0.5847155163521367
3,2749,0.8574101446154851
3,2750,0.38234109816847833
3,2751,0.2821486038198565
3,2752,0.781521559992645
3,2753,0.3031571571700167
3,2754,0.6042945846130439
3,2755,0.6260184263411088
3,2756,0.5219215765354522
3,2757,0.6277882982118993
3,2758,0.5847088365694012
3,2759,0.4931623146884096
3,2760,0.6496580720838414
3,2761,0.5360632873575002
3,2762,0.7383998359768832
3,2763,0.5479584252448841
3,2764,0.6143371455349
3,2765,0.41906873023325414
3,2766,0.5797315057910236
3,2767,0.7181290122534224
3,2768,0.75954553845388
3,2769,0.30707603904438857
3,2770,0.34558409942586144
3,2771,0.3217229993820377
3,2772,0.3505118883499658
3,2773,0.37588430656870087
3,2774,0.5220220870342714
3,2775,0.678031024058903
3,2776,0.5006334015306367
3,2777,0.585716266909009
3,2778,0.5476853387519031
3,2779,0.5574355500120403
3,2780,0.6986150789463212
3,2781,0.36873692072189024
3,2782,0.3676007980395036
3,2783,0.4120976620132822
3,2784,0.4350077536385782
3,2785,0.40229907163008977
3,2786,0.3419277612282626
3,2787,0.4208169537453109
3,2788,0.35906253824048323
3,2789,0.3427747356323928
3,2790,0.7640920765262955
3,2791,0.16950625933585334
3,2792,0.2414425956683131
3,2793,0.7026684339874865
3,2794,0.5033439138087736
3,2795,0.3306767144563505
3,2796,0.5725470614256619
3,2797,0.5813304265538148
3,2798,0.34917168064219695
3,2799,0.3471614871102645
3,2800,0.5164668477396769
3,2801,0.3953466818416336
3,2802,0.48088189919216484
3,2803,0.46896390834186746
3,2804,0.4800515292374368
3,2805,0.5559284623123457
3,2806,0.42068674718166155
3,2807,0.472969234723818
3,2808,0.6102093334594533
3,2809,0.5555369035411732
3,2810,0.6970330435966484
3,2811,0.29658175993252783
3,2812,0.15898562558581952
3,2813,0.24834394364786483
3,2814,0.19710702047980969
3,2815,0.5009363899364498
3,2816,0.35440551369117324
3,2817,0.5499446835298456
3,2818,0.4842488230835297
3,2819,0.4678595127406852
3,2820,0.2754554037870568
3,2821,0.2488461121176746
3,2822,0.43167228255297907
3,2823,0.5625298572941785
3,2824,0.6144805041110342
3,2825,0.4848601802932738
3,2826,0.595369067340513
3,2827,0.5354305251081787
3,2828,0.6664414119391724
3,2829,0.4183867872826498
3,2830,0.5449342079115171
3,2831,0.5082069974070547
3,2832,0.5199215707409899
3,2833,0.5408408231657581
3,2834,0.33443978060478063
3,2835,0.5817776777472242
3,2836,0.5479477491876681
3,2837,0.5588867769646161
3,2838,0.6612896783792227
3,2839,0.5780314018021321
3,2840,0.6496246636033461
3,2841,0.599184854963324
3,2842,0.32975531722791096
3,2843,0.635013715509334
3,2844,0.28383055317641503
3,2845,0.6887089349765169
3,2846,0.3177063051964378
3,2847,0.36431421000824754
3,2848,0.44793452015059304
3,2849,0.40187244580230985
3,2850,0.4651864396051233
3,2851,0.5309928123995779
3,2852,0.404647212266332
3,2853,0.6406208499725308
3,2854,0.4898936142542547
3,2855,0.5457614978857792
3,2856,0.3965996437202468
3,2857,0.29068244923651076
3,2858,0.6338293569712535
3,2859,0.3860727053705808
3,2860,0.43454259075097107
3,2861,0.5124974556269588
3,2862,0.4827788913808088
3,2863,0.4588639902425543
3,2864,0.45353512250018696
3,2865,0.506269785186846
3,2866,0.7042291281392178
3,2867,0.6873824756865865
3,2868,0.4715382571539414
3,2869,0.5842916117076687
3,2870,0.656644563790734
3,2871,0.5675501305089913
3,2872,0.6049244572726606
3,2873,0.6758798094395421
3,2874,0.6499582580345099
3,2875,0.5486793887072571
3,2876,0.5850514840323322
3,2877,0.5519206437702321
3,2878,0.4746076310144251
3,2879,0.5543405025432714
3,2880,0.6613876799910231
3,2881,0.4126404777992872
3,2882,0.7437642718977636
3,2883,0.7259591637564272
3,2884,0.22772980620116368
3,2885,0.7592018322780196
3,2886,0.6530400298203675
3,2887,0.4855557193567832
3,2888,0.5363779506101108
3,2889,0.5679747315526779
3,2890,0.6265886257536709
3,2891,0.6257117006558461
3,2892,0.32948578512708443
3,2893,0.7058776918251928
3,2894,0.10656987975241909
3,2895,0.3804562400296111
3,2896,0.5639248859352582
3,2897,0.5822956801209651
3,2898,0.4799185431646106
3,2899,0.419399741971272
3,2900,0.501715878024826
3,2901,0.49891443525522283
3,2902,0.45046286931475543
3,2903,0.4523382750426207
3,2904,0.4558097697988209
3,2905,0.4919360760709277
3,2906,0.6960121144543567
3,2907,0.6585749863464394
3,2908,0.5449561727845456
3,2909,0.6167826286831711
3,2910,0.644174912588739
3,2911,0.6214255933052357
3,2912,0.5693368505613947
3,2913,0.7489678410614197
3,2914,0.6492054271389501
3,2915,0.5027962146601057
3,2916,0.47752350959668133
3,2917,0.5005800409311107
3,2918,0.34120573154710665
3,2919,0.28723027104592413
3,2920,0.6633470777215575
3,2921,0.6052039344940381
3,2922,0.501227047682146
3,2923,0.5459349582135655
3,2924,0.5921663654956573
3,2925,0.5494413211612258
3,2926,0.577025799617053
3,2927,0.44609314797773186
3,2928,0.4934386750638147
3,2929,0.6393287374928384
3,2930,0.2452474398013377
3,2931,0.5288761504758458
3,2932,0.5626686210967587
3,2933,0.2721393431198366
3,2934,0.5049453066482549
3,2935,0.3375615752907539
3,2936,0.46580000535627636
3,2937,0.34715851612172577
3,2938,0.5290565668923131
3,2939,0.4602898577632805
3,2940,0.3127322578531765
3,2941,0.49711421733093886
3,2942,0.43517440574268657
3,2943,0.54880627862215
3,2944,0.5509923841490466
3,2945,0.6449422511207413
3,2946,0.6750516482853712
3,2947,0.3600670667625318
3,2948,0.5992018335576387
3,2949,0.33315780762764724
3,2950,0.2832797295510855
3,2951,0.4046423513461416
3,2952,0.5171700206747711
3,2953,0.4587306134561989
3,2954,0.6870049150507427
3,2955,0.5408219000881993
3,2956,0.7202523530811602
3,2957,0.5957231618592722
3,2958,0.5967777666403423
3,2959,0.5229843567157056
3,2960,0.7498480764665262
3,2961,0.4230558108153189
3,2962,0.37386749514532885
3,2963,0.39314163520951206
3,2964,0.4630371882414668
3,2965,0.32956418713680896
3,2966,0.5117049248606985
3,2967,0.5674525809853546
3,2968,0.43958752556880704
3,2969,0.4580614133080062
3,2970,0.5083581143256685
3,2971,0.5470349037397702
3,2972,0.5608736346089135
3,2973,0.5240110716667955
3,2974,0.38929967563332996
3,2975,0.5444961445650577
3,2976,0.6653930154353502
3,2977,0.7476466983898471
3,2978,0.462837910259744
3,2979,0.3695966445319963
3,2980,0.42460030676436156
3,2981,0.5088249074356777
3,2982,0.6656234605577278
3,2983,0.7983856092036187
3,2984,0.6888938256978845
3,2985,0.6518330395864876
3,2986,0.6045336570303227
3,2987,0.4782620192966092
3,2988,0.48284060479371377
3,2989,0.6242913330034727
3,2990,0.6378044117150367
3,2991,0.7867059792239905
3,2992,0.7989689284401323
3,2993,0.7758369533167816
3,2994,0.28280349658913767
3,2995,0.7150385420428631
3,2996,0.4617469743606895
3,2997,0.4673385009157922
3,2998,0.49427082220696295
3,2999,0.4916246976703435
3,3000,0.5260478583195685
3,3001,0.42246169893707636
3,3002,0.6353635991243971
3,3003,0.5082290600036874
3,3004,0.25605486449907566
3,3005,0.3889716794971659
3,3006,0.49677247611898
3,3007,0.5850687284933543
3,3008,0.5306238949685772
3,3009,0.5349031059437875
3,3010,0.4603012551190864
3,3011,0.24510427065277707
3,3012,0.40651079620416514
3,3013,0.32780893667955774
3,3014,0.44181870167599613
3,3015,0.6098429971073885
3,3016,0.44467580470090484
3,3017,0.43352152328745364
3,3018,0.7970772263859871
3,3019,0.7051604982162701
3,3020,0.6601801657986537
3,3021,0.34196306004591315
3,3022,0.5607896458672179
3,3023,0.3986771555452671
3,3024,0.2880573545198265
3,3025,0.6618701025339128
3,3026,0.49028712874061375
3,3027,0.5764757940294607
3,3028,0.35312807001509616
3,3029,0.46998054812612927
3,3030,0.3085755975801504
3,3031,0.5632494079398424
3,3032,0.304730666885057
3,3033,0.28372343294677704
3,3034,0.3818599797411154
3,3035,0.4497039887852322
3,3036,0.29688228942180256
3,3037,0.4216138550110439
3,3038,0.5375531458885996
3,3039,0.3462588368165567
3,3040,0.5147373666645966
3,3041,0.5766306971380177
3,3042,0.5790435612185033
3,3043,0.39808547417389145
3,3044,0.604430899958178
3,3045,0.5338897217434283
3,3046,0.5222532310219765
3,3047,0.6644984035023126
3,3048,0.5080191224402114
3,3049,0.5117627378374693
3,3050,0.4619033878475083
3,3051,0.47247262245433974
3,3052,0.5830475242433376
3,3053,0.5197715302420922
3,3054,0.44087683296314933
3,3055,0.6790310560563745
3,3056,0.433982477519422
3,3057,0.41287861386014213
3,3058,0.4373398399693486
3,3059,0.386563532515958
3,3060,0.49303751288754616
3,3061,0.5059496879041521
3,3062,0.5256958182899715
3,3063,0.3778215272005246
3,3064,0.42355244275571813
3,3065,0.5001940210787368
3,3066,0.3699173366586093
3,3067,0.5519708110899234
3,3068,0.4706681871948497
3,3069,0.5481743289300186
3,3070,0.5072763375649523
3,3071,0.5391118485732898
3,3072,0.4494413286045385
3,3073,0.4123453551286737
3,3074,0.33326180378034537
3,3075,0.5571049058746889
3,3076,0.41498520115697957
3,3077,0.4661417298947524
3,3078,0.6800078483053076
3,3079,0.41712569277586187
3,3080,0.5261698022914418
3,3081,0.2664383070622677
3,3082,0.3913592126868747
3,3083,0.5296161057715232
3,3084,0.6061739731097082
3,3085,0.615389284076667
3,3086,0.5211115977523132
3,3087,0.47348285886557034
3,3088,0.45479539865145563
3,3089,0.33150033046564703
3,3090,0.3052259202629448
3,3091,0.7297710420373604
3,3092,0.24747615817022675
3,3093,0.7448856074075423
3,3094,0.48907735407959146
3,3095,0.6445493947378236
3,3096,0.5359173245607397
3,3097,0.2508737893098623
3,3098,0.5035353984141263
3,3099,0.5385938738835107
3,3100,0.27733297759840136
3,3101,0.584670514701599
3,3102,0.3742281581584737
3,3103,0.488157934895375
3,3104,0.3224203320334444
3,3105,0.30077278476875896
3,3106,0.21019606116903147
3,3107,0.6858741470644687
3,3108,0.28814083326159
3,3109,0.2239574335417219
3,3110,0.7447930054481701
3,3111,0.7685185840518561
3,3112,0.7508298519988681
3,3113,0.5449503643127332
3,3114,0.4900481126023033
3,3115,0.4734237983017004
3,3116,0.6480254478221579
3,3117,0.4733847298478801
3,3118,0.411082031101672
3,3119,0.4607584071543228
3,3120,0.48393187039410246
3,3121,0.4765495369348431
3,3122,0.38468377537519277
3,3123,0.41040242579676445
3,3124,0.47485434579304275
3,3125,0.6987825141619131
3,3126,0.7802226883767232
3,3127,0.7321659595894866
3,3128,0.7543897490460373
3,3129,0.431442314967627
3,3130,0.5715438942661982
3,3131,0.4747565717947101
3,3132,0.36620423048677586
3,3133,0.41218833366870933
3,3134,0.4477163269762006
3,3135,0.6441868534646615
3,3136,0.5544078734148314
3,3137,0.46280265310102014
3,3138,0.4161286806193084
3,3139,0.48488129073611125
3,3140,0.676224472152488
3,3141,0.3375182382107587
3,3142,0.4354223684284937
3,3143,0.3388630476171372
3,3144,0.23707789758849618
3,3145,0.5852429318282231
3,3146,0.22339109124072096
3,3147,0.6886822708237919
3,3148,0.36049769564502165
3,3149,0.3410861703465582
3,3150,0.38902886531438635
3,3151,0.516460695270348
3,3152,0.3708157193698963
3,3153,0.48228385661690815
3,3154,0.45981784389724534
3,3155,0.4691437049280994
3,3156,0.45862001669826646
3,3157,0.4297472101187401
3,3158,0.5257711758494604
3,3159,0.43129015601239
3,3160,0.502150885816773
3,3161,0.4666636775414353
3,3162,0.4559194491977347
3,3163,0.5202186737176152
3,3164,0.7245889336331466
3,3165,0.5590663433247998
3,3166,0.4588182177652985
3,3167,0.34964056853764014
3,3168,0.434623975745585
3,3169,0.4926103492636298
3,3170,0.4632783012754183
3,3171,0.5835178009568135
3,3172,0.7785440036724757
3,3173,0.6937523552415452
3,3174,0.31569803573089555
3,3175,0.34518121691493653
3,3176,0.4332635144147066
3,3177,0.44388700829225614
3,3178,0.33717462257331837
3,3179,0.5137253552796527
3,3180,0.32165369015035483
3,3181,0.2850540769441144
3,3182,0.4585715636271114
3,3183,0.6572090757128949
3,3184,0.5129882833109449
3,3185,0.6314111178197307
3,3186,0.14119350598664965
3,3187,0.2573359425684322
3,3188,0.6316204650751124
3,3189,0.39576612944487555
3,3190,0.5488719769393553
3,3191,0.4918862393014594
3,3192,0.48754131856956917
3,3193,0.4608020470459
3,3194,0.45766887131369305
3,3195,0.3487598194618724
3,3196,0.7098333187523248
3,3197,0.32687489461482155
3,3198,0.5064898923936152
3,3199,0.5441880721859095
3,3200,0.4178693950595932
3,3201,0.5572989617522205
3,3202,0.28149198968519146
3,3203,0.36458464694692266
3,3204,0.5879230040941291
3,3205,0.40386840728948575
3,3206,0.3729792501104885
3,3207,0.29379539060397625
3,3208,0.4782692146321734
3,3209,0.4110551996416747
3,3210,0.3774687181852701
3,3211,0.36200696471983485
3,3212,0.3813901977670035
3,3213,0.34250630165640755
3,3214,0.38931098003066533
3,3215,0.36067665275199506
3,3216,0.45892880414757997
3,3217,0.6092741327145085
3,3218,0.6078356358486686
3,3219,0.5823886281860733
3,3220,0.48439106741379095
3,3221,0.44104385254398026
3,3222,0.2543555382219809
3,3223,0.4950066158594387
3,3224,0.48758864927827966
3,3225,0.5755738652296553
3,3226,0.3545747591637547
3,3227,0.40416792878268243
3,3228,0.6107973046775852
3,3229,0.4832840976262469
3,3230,0.5154906534343687
3,3231,0.4298570399039944
3,3232,0.3886060375502394
3,3233,0.43838482701805787
3,3234,0.327638547321369
3,3235,0.30875356479151383
3,3236,0.3358308479312185
3,3237,0.32033517146004675
3,3238,0.420091429167688
3,3239,0.5162585831555363
3,3240,0.4766154310805056
3,3241,0.4521057394837321
3,3242,0.280060264634169
3,3243,0.6639764918776516
3,3244,0.4526406504920907
3,3245,0.3867725056870367
3,3246,0.4575129339028552
3,3247,0.7526747903829705
3,3248,0.19477932331212539
3,3249,0.1788833574707316
3,3250,0.34687073047907213
3,3251,0.5445003170312112
3,3252,0.5662281164729694
3,3253,0.2740954116615724
3,3254,0.32933878305887115
3,3255,0.38098033529166936
3,3256,0.39413968895738477
3,3257,0.5389089402960298
3,3258,0.619621860626396
3,3259,0.5544871566586277
3,3260,0.6880630848917327
3,3261,0.3798892829306942
3,3262,0.45211237877352634
3,3263,0.41715806394925203
3,3264,0.5362877795727465
3,3265,0.659435385078019
3,3266,0.46602815666373393
3,3267,0.5743813935585476
3,3268,0.35324372950037813
3,3269,0.46720186420261783
3,3270,0.5483862740432419
3,3271,0.6439869811824187
3,3272,0.46514290114202805
3,3273,0.3921507807884309
3,3274,0.4368461408939188
3,3275,0.5367668321828293
3,3276,0.5689976137329611
3,3277,0.38784230597084823
3,3278,0.4404539205586041
3,3279,0.4755766529878188
3,3280,0.4539453456548435
3,3281,0.4983997604799982
3,3282,0.5270244097211731
3,3283,0.5333424274037232
3,3284,0.5338748772190827
3,3285,0.41814385125458237
3,3286,0.4236351792050989
3,3287,0.3037311430761747
3,3288,0.4012161719060796
3,3289,0.5175979122023887
3,3290,0.510649206867574
3,3291,0.5390527357903485
3,3292,0.6099621871238604
3,3293,0.7113080984251497
3,3294,0.461807921550608
3,3295,0.7023543067968525
3,3296,0.6539647266062798
3,3297,0.7596920514550779
3,3298,0.6321841437687193
3,3299,0.6484876111238381
3,3300,0.576985167048804
3,3301,0.5830023868444149
3,3302,0.3193031679939282
3,3303,0.3289135362347882
3,3304,0.23469729206183004
3,3305,0.7436519469454036
3,3306,0.5004675855796797
3,3307,0.3705134833451019
3,3308,0.4213434063550871
3,3309,0.5839809893770876
3,3310,0.37275054259152735
3,3311,0.3737525292820808
3,3312,0.5753895171272435
3,3313,0.5964874285804868
3,3314,0.561216225306631
3,3315,0.3637300480569253
3,3316,0.596721347452143
3,3317,0.4195545730888233
3,3318,0.4821018509127271
3,3319,0.7589235841060427
3,3320,0.6600431263708288
3,3321,0.7158411504781452
3,3322,0.3674391325173377
3,3323,0.588452715588723
3,3324,0.5094741164456029
3,3325,0.5513838824367646
3,3326,0.34275240677931884
3,3327,0.3820313035388169
3,3328,0.6900216132948803
3,3329,0.27727224300541964
3,3330,0.6764621570506145
3,3331,0.3666157260310701
3,3332,0.4183246776583187
3,3333,0.5648994009947962
3,3334,0.4408073473545476
3,3335,0.7049874689119011
3,3336,0.6518838380343301
3,3337,0.7108898155851889
3,3338,0.6953707559534907
3,3339,0.31617870690542504
3,3340,0.6486152503505297
3,3341,0.34560138299280047
3,3342,0.43292393416765235
3,3343,0.7065551955833083
3,3344,0.2868673546586561
3,3345,0.6550163778335467
3,3346,0.44432995307044654
3,3347,0.5627728433747409
3,3348,0.464485073167511
3,3349,0.32953835652026886
3,3350,0.5565180823752356
3,3351,0.4637744538664921
3,3352,0.6131686391439254
3,3353,0.3943403260397457
3,3354,0.7949784930133242
3,3355,0.6194721132960938
3,3356,0.3828787805417847
3,3357,0.39861921739337564
3,3358,0.532542057707846
3,3359,0.5408089665593102
3,3360,0.6028176594194565
3,3361,0.6413829971947874
3,3362,0.4520554570016783
3,3363,0.40947284712055465
3,3364,0.32217152752623285
3,3365,0.5123330426720257
3,3366,0.4130626142270597
3,3367,0.3129816892360066
3,3368,0.16587977600287254
3,3369,0.31396391084550035
3,3370,0.7706709797309985
3,3371,0.3871512717290615
3,3372,0.7147301814335095
3,3373,0.494327135996876
3,3374,0.8583326084772567
3,3375,0.20866926141506517
3,3376,0.32081960724700415
3,3377,0.7876230660119168
3,3378,0.6437991551076471
3,3379,0.5898005929365595
3,3380,0.3958980571313974
3,3381,0.6823425233976729
3,3382,0.6349577188961297
3,3383,0.479202151952919
3,3384,0.6987758195324216
3,3385,0.6291697548429168
3,3386,0.7231848146314578
3,3387,0.30902753980882325
3,3388,0.4501315164824545
3,3389,0.36794745098655607
3,3390,0.7569491749247722
3,3391,0.4912401008500399
3,3392,0.39187934730620744
3,3393,0.4937800570357921
3,3394,0.32596973108516236
3,3395,0.5244378432768191
3,3396,0.46146493885174583
3,3397,0.6703649457002765
3,3398,0.6358022841315542
3,3399,0.42247233893820935
3,3400,0.4061455050992336
3,3401,0.5975371744170521
3,3402,0.49142644532939644
3,3403,0.5052099008847385
3,3404,0.32288612608100775
3,3405,0.360065056358296
3,3406,0.40630749202424793
3,3407,0.5227227353715094
3,3408,0.5501987888077168
3,3409,0.415367667000079
3,3410,0.36806728937028393
3,3411,0.7874776166788254
3,3412,0.5502100619488471
3,3413,0.6572190540035097
3,3414,0.4542715110093626
3,3415,0.4425129708919985
3,3416,0.49177488134354497
3,3417,0.4204832602366374
3,3418,0.6385837502820021
3,3419,0.5692878598979222
3,3420,0.36109094600659075
3,3421,0.5822032723615039
3,3422,0.5946591031029878
3,3423,0.8208026413040961
3,3424,0.7443043859331173
3,3425,0.7318988582377367
3,3426,0.3308406491078241
3,3427,0.8120781967876807
3,3428,0.26721507980888676
3,3429,0.7000835631128999
3,3430,0.727437294263635
3,3431,0.3096920474235076
3,3432,0.6757712532951037
3,3433,0.3300431040684423
3,3434,0.3226068646576736
3,3435,0.2682161141675778
3,3436,0.7206113172778781
3,3437,0.5875367334165964
3,3438,0.3025166208751113
3,3439,0.4902305231710198
3,3440,0.48903020155626664
3,3441,0.5978296257410821
3,3442,0.4597473855151289
3,3443,0.5742245763774412
3,3444,0.6544828749449028
3,3445,0.5095851451527734
3,3446,0.5200276358571402
3,3447,0.5720173482785836
3,3448,0.5675215467125017
3,3449,0.4468108713744087
3,3450,0.5278154303079264
3,3451,0.46609432699286885
3,3452,0.3546927488904567
3,3453,0.2545648038015582
3,3454,0.5896493472445467
3,3455,0.6831423488503164
3,3456,0.5877355932997946
3,3457,0.5027852500016644
3,3458,0.26246569912167766
3,3459,0.5372916250035983
3,3460,0.6611734666681377
3,3461,0.43175867022998815
3,3462,0.7951620103748477
3,3463,0.7293235411017379
3,3464,0.30918727574992916
3,3465,0.3632470561941794
3,3466,0.5405768447926114
3,3467,0.6689878031080915
3,3468,0.7672136330835309
3,3469,0.7159595561030995
3,3470,0.4782221887328195
3,3471,0.5876878061357509
3,3472,0.5651321249735733
3,3473,0.4720418730591276
3,3474,0.5709506089391077
3,3475,0.5265249021326515
3,3476,0.5651490590069633
3,3477,0.4659919355402261
3,3478,0.38668178308064477
3,3479,0.22506175580210602
3,3480,0.576261293122737
3,3481,0.45518552568838866
3,3482,0.4944623760647695
3,3483,0.5232903729459429
3,3484,0.40948630046146683
3,3485,0.4455986154239924
3,3486,0.5606537769451758
3,3487,0.5939318906399967
3,3488,0.6578950347301594
3,3489,0.5776953557597774
3,3490,0.5606896816778204
3,3491,0.5661531773270234
3,3492,0.4737125896600264
3,3493,0.48406154247772454
3,3494,0.6551946553844946
3,3495,0.4432898565271852
3,3496,0.4586248917521616
3,3497,0.5692353724074248
3,3498,0.3699856081089105
3,3499,0.591724808419978
3,3500,0.3703605972230223
3,3501,0.45281887086223277
3,3502,0.508349350041053
3,3503,0.4025565916906496
3,3504,0.5043060412304067
3,3505,0.5331686247992548
3,3506,0.4292419166343584
3,3507,0.3278923990882364
3,3508,0.4961279500618598
3,3509,0.4237860267408766
3,3510,0.3150028185319569
3,3511,0.3770031236516756
3,3512,0.48019195122932695
3,3513,0.3527390840837848
3,3514,0.8205487234169142
3,3515,0.7321922506370725
3,3516,0.3796400346349268
3,3517,0.5379153486733131
3,3518,0.5112839472273817
3,3519,0.4880237429914748
3,3520,0.5444584278424772
3,3521,0.45470653952664625
3,3522,0.42383169580942387
3,3523,0.46518194754378467
3,3524,0.4377255395085382
3,3525,0.4298705453853672
3,3526,0.6350737783867745
3,3527,0.4366288902732866
3,3528,0.3291294724638446
3,3529,0.6545019133390968
3,3530,0.7027540719178728
3,3531,0.6458313245826457
3,3532,0.447788415846318
3,3533,0.40366000773331245
3,3534,0.432433848832138
3,3535,0.49359828875696315
3,3536,0.6025250133421088
3,3537,0.690547622139897
3,3538,0.3092226359101046
3,3539,0.2984976190839664
3,3540,0.2682122188213001
3,3541,0.36144073756312484
3,3542,0.17924604749683973
3,3543,0.2362096519034642
3,3544,0.6157445858261719
3,3545,0.5223531786380936
3,3546,0.5432541117963089
3,3547,0.5370228637121316
3,3548,0.6204002395342321
3,3549,0.2603598543740664
3,3550,0.26267919927276073
3,3551,0.5727368617594667
3,3552,0.5084952937605544
3,3553,0.3205172170223003
3,3554,0.6135872629557941
3,3555,0.7055940134966006
3,3556,0.42398164115228426
3,3557,0.33873346280534355
3,3558,0.4400372989710397
3,3559,0.402143369440827
3,3560,0.5484517949533556
3,3561,0.5286195020294767
3,3562,0.5657670340071489
3,3563,0.6329753532967473
3,3564,0.6411977154637157
3,3565,0.6149662272963039
3,3566,0.7248086238878126
3,3567,0.5263635868294937
3,3568,0.48416488078367975
3,3569,0.5126961986469506
3,3570,0.4861937959145038
3,3571,0.5762356525931168
3,3572,0.36292274329021923
3,3573,0.6974440318321632
3,3574,0.44220295830187595
3,3575,0.5675372517291751
3,3576,0.4144343738610092
3,3577,0.4162822484164269
3,3578,0.5267850750581263
3,3579,0.5855238790037177
3,3580,0.2961290353438598
3,3581,0.28543675126819223
3,3582,0.21587098232072952
3,3583,0.3579982166908164
3,3584,0.3454816132311128
3,3585,0.2652568435253139
3,3586,0.4023561471174432
3,3587,0.3500030535559986
3,3588,0.4206076645471158
3,3589,0.6738201805821233
3,3590,0.14998436662112005
3,3591,0.5702128045170666
3,3592,0.5156891312699923
3,3593,0.4616564415993533
3,3594,0.6458591900967889
3,3595,0.5445029686329514
3,3596,0.59462213658882
3,3597,0.3993168629894504
3,3598,0.46696592396093745
3,3599,0.4810859495695114
3,3600,0.33068303562928986
3,3601,0.36712831299887566
3,3602,0.5148534341633546
3,3603,0.44408264376759565
3,3604,0.5189441545513779
3,3605,0.3973170021077131
3,3606,0.3338725337147022
3,3607,0.6806288455901843
3,3608,0.6625662994763607
3,3609,0.7099887478953462
3,3610,0.6198905696264638
3,3611,0.4137358662081046
3,3612,0.5139537343255418
3,3613,0.6214716542622662
3,3614,0.5229061545436109
3,3615,0.5167683399200746
3,3616,0.6093495834267618
3,3617,0.5940077197417254
3,3618,0.47460276664541734
3,3619,0.7938898954178886
3,3620,0.3351133974810991
3,3621,0.5801428343693841
3,3622,0.6189848167904086
3,3623,0.4161861456917494
3,3624,0.30131705782382384
3,3625,0.6286670158480954
3,3626,0.5010185176919143
3,3627,0.39602217489284275
3,3628,0.5312038454727519
3,3629,0.5198361553360829
3,3630,0.5508663781538368
3,3631,0.4080965006490506
3,3632,0.6174676944614216
3,3633,0.663142291711912
3,3634,0.6617638259096716
3,3635,0.4386487732992941
3,3636,0.4055348776192615
3,3637,0.6446690702161686
3,3638,0.597552610135426
3,3639,0.34365521565057905
3,3640,0.3528112589118286
3,3641,0.41302409384769817
3,3642,0.6059846542333447
3,3643,0.628526760409083
3,3644,0.3655852395729228
3,3645,0.3220962534183189
3,3646,0.4600043440765697
3,3647,0.4249727554403759
3,3648,0.41406258716916927
3,3649,0.28171944818757133
3,3650,0.5194174764837223
3,3651,0.4194327030281236
3,3652,0.47733499012315084
3,3653,0.5442676453492078
3,3654,0.6575168712978373
3,3655,0.6797047427840462
3,3656,0.7299220972763981
3,3657,0.5763482017643022
3,3658,0.49640241099754856
3,3659,0.5793393876787342
3,3660,0.6801737425097492
3,3661,0.5753783629290766
3,3662,0.3392665760402775
3,3663,0.6339715299854165
3,3664,0.3463637735517861
3,3665,0.4000160023666521
3,3666,0.37055238026571663
3,3667,0.31697573217806185
3,3668,0.3732538478080455
3,3669,0.6338092048151345
3,3670,0.3574112403904842
3,3671,0.493217853448305
3,3672,0.606392494729563
3,3673,0.4650484727310167
3,3674,0.6087594754577226
3,3675,0.5834653072644769
3,3676,0.3941315549402698
3,3677,0.5966839720009895
3,3678,0.4550916271978835
3,3679,0.384710944061896
3,3680,0.3919595061264891
3,3681,0.4092358432526146
3,3682,0.5910606383044265
3,3683,0.2942664896952539
3,3684,0.45572197304520345
3,3685,0.5916465958823195
3,3686,0.519162172126983
3,3687,0.5562480470324144
3,3688,0.6604036999701628
3,3689,0.4558716372713855
3,3690,0.49864115679087756
3,3691,0.5726009714488508
3,3692,0.5513769688857368
3,3693,0.48689708267755893
3,3694,0.8383999989592374
3,3695,0.5263774131697377
3,3696,0.6892231124215497
3,3697,0.41565678969168424
3,3698,0.45596337740539206
3,3699,0.5832921353614462
3,3700,0.6994019610324383
3,3701,0.7281393297925964
3,3702,0.4720590759068607
3,3703,0.675325116658229
3,3704,0.23239217632410442
3,3705,0.36599842535066124
3,3706,0.3553678431630063
3,3707,0.47485430299030384
3,3708,0.452719015036246
3,3709,0.43550878633360063
3,3710,0.4337740826434871
3,3711,0.4252060453295509
3,3712,0.46130888708663553
3,3713,0.4776770468311221
3,3714,0.5819591665182252
3,3715,0.4848206658982944
3,3716,0.6019008183825327
3,3717,0.4997239067719682
3,3718,0.5178800532390999
3,3719,0.4376670046143776
3,3720,0.37018557741056396
3,3721,0.5083125632833154
3,3722,0.39894452721595564
3,3723,0.588055193725124
3,3724,0.552969484357281
3,3725,0.22543228424418596
3,3726,0.3217315638346841
3,3727,0.7333044319042499
3,3728,0.4912642773719987
3,3729,0.47950779229190016
3,3730,0.41207832376683
3,3731,0.29831914936224513
3,3732,0.35139846643518596
3,3733,0.5532189864962835
3,3734,0.2517020246585172
3,3735,0.36759486278777986
3,3736,0.6047545934149715
3,3737,0.5715219688766631
3,3738,0.3322402905925484
3,3739,0.33229021869476755
3,3740,0.4806884653798214
3,3741,0.40637310558745865
3,3742,0.569325369989627
3,3743,0.5723882882944802
3,3744,0.665742272641467
3,3745,0.7385775434699506
3,3746,0.5700009271143104
3,3747,0.5586631650338338
3,3748,0.4916144475304162
3,3749,0.5706650818247617
3,3750,0.42209838462944765
3,3751,0.49909053382180874
3,3752,0.5928725977577619
3,3753,0.38861344546841947
3,3754,0.5892501439852921
3,3755,0.26580405049809364
3,3756,0.49206787398006313
3,3757,0.5153745870865669
3,3758,0.5951647442900012
3,3759,0.48694066096434324
3,3760,0.4871219027744033
3,3761,0.32185043524445567
3,3762,0.618549887345773
3,3763,0.6213558148491308
3,3764,0.6488217739799319
3,3765,0.45541021420570166
3,3766,0.5615663884735392
3,3767,0.2985794280327769
3,3768,0.533643671307986
3,3769,0.44893483090663167
3,3770,0.28668427202148855
3,3771,0.515585787994245
3,3772,0.5749274336257907
3,3773,0.47452346973939014
3,3774,0.5285612342616416
3,3775,0.25623898109775584
3,3776,0.6402455633108741
3,3777,0.4819516609346474
3,3778,0.5035382685064843
3,3779,0.3739632551324754
3,3780,0.42009874489279503
3,3781,0.559684012124648
3,3782,0.5423455011744592
3,3783,0.5705559726822979
3,3784,0.3922676566785104
3,3785,0.4503444627152914
3,3786,0.648924710127388
3,3787,0.6898084914398492
3,3788,0.7833180541877531
3,3789,0.23521469380195328
3,3790,0.6362344595000646
3,3791,0.6697251364818835
3,3792,0.694174509492594
3,3793,0.6802456023395445
3,3794,0.459459101715011
3,3795,0.5766783315103299
3,3796,0.5474507715316245
3,3797,0.484918973901337
3,3798,0.3768257330264266
3,3799,0.5329996557626774
3,3800,0.5960406947631781
3,3801,0.466815285967657
3,3802,0.4224030085558995
3,3803,0.6090966966963232
3,3804,0.2861192223305409
3,3805,0.7566885665164547
3,3806,0.5703181150990784
3,3807,0.39769581582730945
3,3808,0.602267093630016
3,3809,0.6475327087684272
3,3810,0.45666912520225755
3,3811,0.20263783023266976
3,3812,0.7498298272854962
3,3813,0.46971484330841634
3,3814,0.8155816473935904
3,3815,0.8860247749792488
3,3816,0.44887819048825955
3,3817,0.506311546621512
3,3818,0.6289784859816266
3,3819,0.6317542006763729
3,3820,0.49759771583483126
3,3821,0.7000654759026016
3,3822,0.428787772132196
3,3823,0.41364367160673016
3,3824,0.5824774979708113
3,3825,0.6011432201284014
3,3826,0.3965393060480672
3,3827,0.43035856216881585
3,3828,0.4468776255216198
3,3829,0.4631886650408436
3,3830,0.6499502482839649
3,3831,0.22371886995267787
3,3832,0.5129653237590328
3,3833,0.5709791158251849
3,3834,0.5865052356399847
3,3835,0.6656296113801989
3,3836,0.6507433805990138
3,3837,0.626446665983054
3,3838,0.5798295542679076
3,3839,0.5218415026219779
3,3840,0.4490532564132997
3,3841,0.3859799775479779
3,3842,0.35591104147003066
3,3843,0.25507681652598574
3,3844,0.22595515988291937
3,3845,0.5647699406672364
3,3846,0.543355731666708
3,3847,0.5170559859427877
3,3848,0.5092027449592318
3,3849,0.3845157841167263
3,3850,0.4948903565815989
3,3851,0.5837722783531393
3,3852,0.39096800623795613
3,3853,0.5805211727651823
3,3854,0.38022238687986626
3,3855,0.6479349079946131
3,3856,0.35406201647736646
3,3857,0.5228392747058859
3,3858,0.3373599268859651
3,3859,0.4569425383052405
3,3860,0.43841871325188536
3,3861,0.2790804758702959
3,3862,0.27045264595798413
3,3863,0.15409648010503432
3,3864,0.616729369535066
3,3865,0.35727572385210365
3,3866,0.6220815654073489
3,3867,0.4778165549533315
3,3868,0.5585685442535226
3,3869,0.6237158568143053
3,3870,0.4145282242687713
3,3871,0.5779245305849647
3,3872,0.6257712229966385
3,3873,0.460139457431115
3,3874,0.46536963486661853
3,3875,0.5545688395630958
3,3876,0.5546712101090215
3,3877,0.5754583899164838
3,3878,0.4206283732301551
3,3879,0.4536145066841416
3,3880,0.3815793184982819
3,3881,0.604723091674847
3,3882,0.4631015481155205
3,3883,0.6396922816314211
3,3884,0.6292806014977042
3,3885,0.5088176738554009
3,3886,0.4063512758363834
3,3887,0.39854209594375917
3,3888,0.45779242340571646
3,3889,0.47401097328718866
3,3890,0.6559591433172253
3,3891,0.6356718463351506
3,3892,0.24644832723146604
3,3893,0.3431431184247735
3,3894,0.5768081562973558
3,3895,0.45161185508689267
3,3896,0.4316889046370343
3,3897,0.5001589500729435
3,3898,0.697637587600197
3,3899,0.3579812518019492
3,3900,0.35088576348293476
3,3901,0.3820368140510423
3,3902,0.5914214967434905
3,3903,0.5771344677810706
3,3904,0.37013724712398755
3,3905,0.5012721927801886
3,3906,0.3553315215544186
3,3907,0.49628662433941445
3,3908,0.5691545901080133
3,3909,0.386214713462028
3,3910,0.4419131724055979
3,3911,0.45222689723316767
3,3912,0.549428601160818
3,3913,0.4326547204585955
3,3914,0.4403330107657786
3,3915,0.6873904366175406
3,3916,0.5548997057964911
3,3917,0.48046011863664684
3,3918,0.6188361888256819
3,3919,0.7225254997547613
3,3920,0.5471386885867191
3,3921,0.45028571124122757
3,3922,0.46393040396781116
3,3923,0.36098161875683277
3,3924,0.41551317896742473
3,3925,0.32457064103828914
3,3926,0.5371110878073307
3,3927,0.41515911255672094
3,3928,0.3806317691952806
3,3929,0.42260172814630625
3,3930,0.44148431193614274
3,3931,0.44568813984812167
3,3932,0.5073673722342027
3,3933,0.4805486967397366
3,3934,0.3927964543345615
3,3935,0.6152553987959402
3,3936,0.6735634675576103
3,3937,0.40476044451375776
3,3938,0.501452210691696
3,3939,0.4955753480218105
3,3940,0.5312893237211146
3,3941,0.584024747470655
3,3942,0.5187783417878332
3,3943,0.43962098380302983
3,3944,0.5491240228817532
3,3945,0.7069772448533336
3,3946,0.39800513458625847
3,3947,0.4899070169114177
3,3948,0.24251670781512943
3,3949,0.2274910077750905
3,3950,0.7514730063954183
3,3951,0.5909884157039124
3,3952,0.38213258715102333
3,3953,0.35746943113973145
3,3954,0.4079868569729907
3,3955,0.3494378541335947
3,3956,0.5488118081229801
3,3957,0.562940847990273
3,3958,0.5461083016883261
3,3959,0.2873569164918054
3,3960,0.6525443211508094
3,3961,0.4260696272088439
3,3962,0.5437591944244555
3,3963,0.39964884234035036
3,3964,0.40232686236360904
3,3965,0.5530871100052007
3,3966,0.36856492690616005
3,3967,0.48915678150028147
3,3968,0.5427950554062945
3,3969,0.3306403511857794
3,3970,0.40555802830236676
3,3971,0.4546165114266639
3,3972,0.6989774425497388
3,3973,0.5940848888919851
3,3974,0.5693081984784589
3,3975,0.375280954201886
3,3976,0.3777810712553521
3,3977,0.35323152608683384
3,3978,0.5949786843907541
3,3979,0.40715302481367327
3,3980,0.49751016773401235
3,3981,0.26591324439818526
3,3982,0.6228587988368537
3,3983,0.33219159894042133
3,3984,0.34562754942466367
3,3985,0.5887280433479066
3,3986,0.3088665393228908
3,3987,0.44867926729002794
3,3988,0.43155687804516124
3,3989,0.580531612199178
3,3990,0.36319440102671435
3,3991,0.5142249879888112
3,3992,0.3729018462732806
3,3993,0.4060315531644612
3,3994,0.45277609628235993
3,3995,0.45154316733621674
3,3996,0.3719624566595199
3,3997,0.327386442930845
3,3998,0.48864805979921105
3,3999,0.4156871895136289
4,0,0.7062365092026777
4,1,0.8247449619620533
4,2,0.7289714207856373
4,3,0.6517620297516238
4,4,0.7290330136244837
4,5,0.8491376688097936
4,6,0.6440933292023959
4,7,0.7639015567935943
4,8,0.7505853744469677
4,9,0.7290617470585842
4,10,0.34440923541472424
4,11,0.9065746330409065
4,12,0.7475774296716755
4,13,0.8537041185386816
4,14,0.7600739548414448
4,15,0.6374541095428528
4,16,0.3493748994583487
4,17,0.47965958993163776
4,18,0.5472976566705938
4,19,0.6851577356801744
4,20,0.8588279950607318
4,21,0.8923990474211783
4,22,0.9258918731324834
4,23,0.7687806491747051
4,24,0.73747607752499
4,25,0.5008082437775393
4,26,0.7338256317337841
4,27,0.7790209802424457
4,28,0.7488278584591945
4,29,0.6874051321372713
4,30,0.6076687022351086
4,31,0.7359168836068609
4,32,0.7317591807684977
4,33,0.7062374528076333
4,34,0.6679728100548759
4,35,0.7044612711156026
4,36,0.6200422626645884
4,37,0.784704745684891
4,38,0.6654898447321987
4,39,0.8489620377396175
4,40,0.6372448673924181
4,41,0.7793263520962856
4,42,0.7321928989677474
4,43,0.6441298868395356
4,44,0.31354873301990493
4,45,0.5550314654910172
4,46,0.9111296060482866
4,47,0.690828805873327
4,48,0.4739629769717127
4,49,0.38907377704705975
4,50,0.9089532128803605
4,51,0.7707849610035178
4,52,0.8806034594845935
4,53,0.7820554794314454
4,54,0.8690681870610604
4,55,0.8302738472257252
4,56,0.6883348642185761
4,57,0.7307493181801354
4,58,0.6578363518546183
4,59,0.5671847968781778
4,60,0.7208837182124769
4,61,0.8963028938750481
4,62,0.5709156612747198
4,63,0.8418209022511554
4,64,0.6734914662691714
4,65,0.7131117193639401
4,66,0.7770247685352449
4,67,0.5460985631430677
4,68,0.5029673225878508
4,69,0.7621015243249656
4,70,0.6700877989723364
4,71,0.6301699319581929
4,72,0.7328472070142577
4,73,0.7925073142149923
4,74,0.761462865000893
4,75,0.7890782692366503
4,76,0.5724532081358646
4,77,0.8306574221858201
4,78,0.5087580331112774
4,79,0.701066290834145
4,80,0.7478896591922193
4,81,0.8451205841930601
4,82,0.7346795014882326
4,83,0.6975548662310399
4,84,0.8251648316849691
4,85,0.6724421659454324
4,86,0.561257186875259
4,87,0.6620147932037334
4,88,0.7582713697840258
4,89,0.7744124922036432
4,90,0.8801515805316353
4,91,0.4597894337289332
4,92,0.7207551007164178
4,93,0.8659729887343777
4,94,0.7924663778460636
4,95,0.6649659492252599
4,96,0.7182623979600259
4,97,0.6928330501261925
4,98,0.7361553344288072
4,99,0.5746875443568791
4,100,0.6032754971159388
4,101,0.3840565157009935
4,102,0.801094438189204
4,103,0.5012716143672195
4,104,0.8116372412537346
4,105,0.8409994494705013
4,106,0.8523638647394125
4,107,0.5606325378938397
4,108,0.7139375333965577
4,109,0.6022625996633747
4,110,0.738929977747504
4,111,0.7559595785927432
4,112,0.520282861600809
4,113,0.8044116598076952
4,114,0.7264919214559681
4,115,0.7780999437071493
4,116,0.7348233440946422
4,117,0.7151678429043969
4,118,0.6790396625814467
4,119,0.7326587721717379
4,120,0.5172448811283482
4,121,0.7278289239418952
4,122,0.6757251233612224
4,123,0.8139296477379685
4,124,0.883000880156038
4,125,0.6170929177607399
4,126,0.8502637014530999
4,127,0.8450290766787266
4,128,0.6749948530958653
4,129,0.7656994873805623
4,130,0.7921670065125557
4,131,0.6620183790956455
4,132,0.8731270537558838
4,133,0.8221754668324341
4,134,0.6661504844171714
4,135,0.8741433559947535
4,136,0.8103475511218599
4,137,0.724965460332688
4,138,0.8230419651563771
4,139,0.7947555199582067
4,140,0.8778693047809925
4,141,0.8733140260316798
4,142,0.5919638457829296
4,143,0.4570829078377607
4,144,0.7235388552574198
4,145,0.7073828037386295
4,146,0.6068003524205193
4,147,0.7098796160149211
4,148,0.5649241610049874
4,149,0.7390994918170884
4,150,0.6942134124738647
4,151,0.7402844053814129
4,152,0.6779186552436397
4,153,0.6943510639428296
4,154,0.6501510306215931
4,155,0.7117110769054172
4,156,0.6420614089572275
4,157,0.47170865769335435
4,158,0.7793097429779507
4,159,0.665420176143914
4,160,0.7414401080356552
4,161,0.7583277988519135
4,162,0.7403053536586316
4,163,0.8307900171502409
4,164,0.8295616524837327
4,165,0.8295616524837327
4,166,0.6242695895520568
4,167,0.7038132996217871
4,168,0.5212371692358598
4,169,0.8481822511241226
4,170,0.855092671174208
4,171,0.7948676099478782
4,172,0.7978437188421115
4,173,0.8492293406189483
4,174,0.6612712601587365
4,175,0.8186657430655686
4,176,0.8723477802515366
4,177,0.8721770203245177
4,178,0.6369235351986076
4,179,0.6231030190277926
4,180,0.721384569698483
4,181,0.7280842727132025
4,182,0.6693506652405854
4,183,0.7036943632188217
4,184,0.5855729507940335
4,185,0.7222220030596513
4,186,0.7042690929548843
4,187,0.6172432952651711
4,188,0.4065779880219143
4,189,0.28662263750347394
4,190,0.4103734319062091
4,191,0.8653969804154695
4,192,0.8848654859073702
4,193,0.9137282827240051
4,194,0.556355640169819
4,195,0.5480608273822165
4,196,0.7122032570984346
4,197,0.6204982689863112
4,198,0.6856205533123457
4,199,0.7239350979514225
4,200,0.6009435835049663
4,201,0.7871224970809937
4,202,0.8037412204642563
4,203,0.7937581898511734
4,204,0.8848810364361622
4,205,0.6551180451863552
4,206,0.7883391030840167
4,207,0.7699957010922213
4,208,0.8100864689615574
4,209,0.6361968263006421
4,210,0.6727790668461318
4,211,0.627741903595494
4,212,0.6704699545068352
4,213,0.4965132893099783
4,214,0.5832385843545119
4,215,0.5533423655809754
4,216,0.5859570308521959
4,217,0.7084307906848708
4,218,0.7962739661869689
4,219,0.6013932986490899
4,220,0.5764719031991955
4,221,0.5306213758211457
4,222,0.6084060143785648
4,223,0.5361298313042281
4,224,0.373992480933912
4,225,0.5224554737123588
4,226,0.6574671901503929
4,227,0.6256239201925023
4,228,0.6220092970347387
4,229,0.5843394244688722
4,230,0.8240218600604526
4,231,0.7039193535011172
4,232,0.6951320958629977
4,233,0.6960962515546996
4,234,0.6409791326383008
4,235,0.6562393200885026
4,236,0.6769448151917021
4,237,0.575594927393353
4,238,0.7545802931857747
4,239,0.8213477829282759
4,240,0.8689964711931425
4,241,0.6484544207040065
4,242,0.5998667439205624
4,243,0.8453230068325521
4,244,0.624555289284646
4,245,0.6016864066985467
4,246,0.651832569217417
4,247,0.6749826192992106
4,248,0.7339376212123493
4,249,0.7612503402832689
4,250,0.8028936444931807
4,251,0.6747177045633242
4,252,0.7439614573501899
4,253,0.7576058812917644
4,254,0.735192690865573
4,255,0.6086005893420867
4,256,0.4008335127270632
4,257,0.6100233931543475
4,258,0.5915294244100721
4,259,0.7179509345185332
4,260,0.7980697721549311
4,261,0.8487729527913145
4,262,0.8332247518554509
4,263,0.544803641741335
4,264,0.5098825198225937
4,265,0.5197565752431638
4,266,0.735303061017943
4,267,0.4624157456307996
4,268,0.700717661168482
4,269,0.759953314060741
4,270,0.8373390257769162
4,271,0.4049809304852895
4,272,0.8370678194569758
4,273,0.6783356061018218
4,274,0.5425103749487243
4,275,0.5264556051512845
4,276,0.4891015123694348
4,277,0.6663323876597734
4,278,0.7628098465476589
4,279,0.7072206163966271
4,280,0.6443578969991216
4,281,0.6518960226848325
4,282,0.5026705022092435
4,283,0.8191047076273824
4,284,0.7635084477202161
4,285,0.8216352246556733
4,286,0.8180126591858687
4,287,0.7950450581873951
4,288,0.7979295192212329
4,289,0.5896421679366451
4,290,0.8003275533890271
4,291,0.6367455216132363
4,292,0.6945001800614358
4,293,0.690313131952241
4,294,0.8711569600557335
4,295,0.8938097048746103
4,296,0.635158392258814
4,297,0.6348163417163426
4,298,0.6665847577470003
4,299,0.41101868827703053
4,300,0.5889417785239976
4,301,0.6843399313984183
4,302,0.7821269186305138
4,303,0.9506481953736929
4,304,0.48828460933859613
4,305,0.6373500397685687
4,306,0.65786342939326
4,307,0.640515024214362
4,308,0.6661888190303962
4,309,0.7332419208908384
4,310,0.812979471585665
4,311,0.7147694752031033
4,312,0.8750723706755692
4,313,0.84404368281409
4,314,0.6813651891346243
4,315,0.6260968313930252
4,316,0.8755376032172291
4,317,0.5409682704755526
4,318,0.6855490800206873
4,319,0.5870238457981705
4,320,0.7200695313696022
4,321,0.5525799501594679
4,322,0.7639797518267188
4,323,0.6799150916258895
4,324,0.8179757175655475
4,325,0.6567876738851618
4,326,0.726071770004796
4,327,0.7627831007959601
4,328,0.8511893301390675
4,329,0.9202473340373063
4,330,0.8594036775395266
4,331,0.8537168281563795
4,332,0.8422958068313197
4,333,0.880969663612381
4,334,0.6949839627788014
4,335,0.6656287801083564
4,336,0.7980563139446397
4,337,0.6676787758368342
4,338,0.6710001412314878
4,339,0.7113470727603021
4,340,0.8271565549393943
4,341,0.7429178631119636
4,342,0.7454104016678529
4,343,0.6239490996988734
4,344,0.5811269732456574
4,345,0.474342230468639
4,346,0.6987660302214878
4,347,0.801762849539814
4,348,0.5945278550661643
4,349,0.668515404983204
4,350,0.5701672869377654
4,351,0.5940856592289403
4,352,0.6930364435697578
4,353,0.7635979102687424
4,354,0.7331218387407595
4,355,0.5877114506221008
4,356,0.5753994400105598
4,357,0.7328708144938367
4,358,0.6056097291054865
4,359,0.37614486710939116
4,360,0.19929798063744705
4,361,0.7216077687856991
4,362,0.61626450942846
4,363,0.5695352742983966
4,364,0.5794239579488433
4,365,0.7922987932354414
4,366,0.7201990269614977
4,367,0.7265383253460613
4,368,0.6037523500246762
4,369,0.5599633170754373
4,370,0.5721682118491579
4,371,0.61300731434054
4,372,0.6783696104485925
4,373,0.591916498749379
4,374,0.5659702480778134
4,375,0.6138126738418702
4,376,0.4749177892676206
4,377,0.7287656111224553
4,378,0.5430993995027301
4,379,0.6564572890167287
4,380,0.7278384403649197
4,381,0.7394425079284332
4,382,0.8044940585914032
4,383,0.7918957861383104
4,384,0.7912833182109342
4,385,0.7643955121497561
4,386,0.841906287000329
4,387,0.6394822571435722
4,388,0.7879023028731731
4,389,0.6586455499915991
4,390,0.8082237786349628
4,391,0.5957847714958016
4,392,0.6606081202737037
4,393,0.6574293814681248
4,394,0.6324723870481358
4,395,0.7388245720142138
4,396,0.8029499014829028
4,397,0.7886950883223568
4,398,0.6881092641969704
4,399,0.5906991354787569
4,400,0.5506534298179216
4,401,0.5353756673871849
4,402,0.7159809179983585
4,403,0.7139012814174002
4,404,0.7534497122022441
4,405,0.6844521752076467
4,406,0.5823479881577278
4,407,0.7146200142106621
4,408,0.8205386519199225
4,409,0.7046415970073996
4,410,0.7905761137653089
4,411,0.8394337658883823
4,412,0.59127572758016
4,413,0.7238264241939414
4,414,0.9116078178558903
4,415,0.8583116969421217
4,416,0.769550519287184
4,417,0.5541242398217038
4,418,0.8905582496693427
4,419,0.6251132016340885
4,420,0.8382691760125407
4,421,0.37373503075266296
4,422,0.6708344926135539
4,423,0.6308111276861171
4,424,0.7089050149239453
4,425,0.8038573910262882
4,426,0.5824342142579617
4,427,0.7117111196214131
4,428,0.44116471405022983
4,429,0.5624761958883919
4,430,0.31390500724274717
4,431,0.6451102171064917
4,432,0.7727258468838655
4,433,0.7870115468244753
4,434,0.8903170787841019
4,435,0.7417427851429583
4,436,0.6506603428935501
4,437,0.6694239733096199
4,438,0.5981301370264742
4,439,0.3582167093527514
4,440,0.4157323902264521
4,441,0.8576411761257551
4,442,0.7542893023551726
4,443,0.7103007050096717
4,444,0.862145764641688
4,445,0.6612433222616358
4,446,0.777965897304783
4,447,0.636517064332628
4,448,0.7043682865934439
4,449,0.7213371459829704
4,450,0.7977057236262121
4,451,0.7459753999183835
4,452,0.7762481273021598
4,453,0.8287057949706966
4,454,0.6222524483448099
4,455,0.6869982547520443
4,456,0.6355618945474446
4,457,0.8327370373268324
4,458,0.7130651002565411
4,459,0.5626949190114154
4,460,0.7906863220787055
4,461,0.48885494508349986
4,462,0.6640713502978216
4,463,0.6950048273034616
4,464,0.7081380579927206
4,465,0.6681438722728602
4,466,0.7980186299359558
4,467,0.6699635236094733
4,468,0.8436607358963533
4,469,0.7926972170666946
4,470,0.7304192121824058
4,471,0.6202386937163594
4,472,0.3497661525258332
4,473,0.42716316031818413
4,474,0.5605716698402299
4,475,0.5544960293069269
4,476,0.40966608839754004
4,477,0.4746230426850496
4,478,0.36831180424962334
4,479,0.49559706647774093
4,480,0.6347193477604959
4,481,0.6493386390624911
4,482,0.7569582146135361
4,483,0.6420809978476433
4,484,0.5417418453733233
4,485,0.5083477233832726
4,486,0.6523046837279216
4,487,0.324463463562504
4,488,0.5013330525087997
4,489,0.49840459062414644
4,490,0.5402312222922097
4,491,0.6720032472456519
4,492,0.7689734002186377
4,493,0.5680939437744905
4,494,0.6468926642870189
4,495,0.7441984066053491
4,496,0.7846006540097342
4,497,0.655028205080274
4,498,0.6429968767476472
4,499,0.8086803926238878
4,500,0.8010851509291069
4,501,0.8166389943682039
4,502,0.6848412181406853
4,503,0.7004091804181642
4,504,0.7295658493932654
4,505,0.6429845722004349
4,506,0.6093570224416314
4,507,0.8009200890763878
4,508,0.831323586864697
4,509,0.8237275391422725
4,510,0.65655559042603
4,511,0.8096904233262762
4,512,0.6787871223082729
4,513,0.6801138951475724
4,514,0.8610550372279958
4,515,0.8022763220399656
4,516,0.686356446735257
4,517,0.6974777157341292
4,518,0.6956218437344323
4,519,0.8030737093562528
4,520,0.7819363093856639
4,521,0.7940868960924392
4,522,0.8918650912268637
4,523,0.8777824093975773
4,524,0.784373286384431
4,525,0.8140431273898058
4,526,0.8670995450748302
4,527,0.6978141292612856
4,528,0.7523094425247853
4,529,0.7564582453304838
4,530,0.8038533155605271
4,531,0.8419084596505295
4,532,0.8901111684086074
4,533,0.8489164129827619
4,534,0.8186407154197111
4,535,0.6738133834664087
4,536,0.5886027109156343
4,537,0.617234362608948
4,538,0.6725489712602213
4,539,0.7152295160940023
4,540,0.4795424529069053
4,541,0.63506200345233
4,542,0.7138729160033294
4,543,0.8134031702073359
4,544,0.5898362877562402
4,545,0.534675914319127
4,546,0.7727654497691896
4,547,0.6674145769707888
4,548,0.7864640523791693
4,549,0.5711975723877676
4,550,0.5829687339482402
4,551,0.7777196045643332
4,552,0.5316827835860328
4,553,0.7726124558645399
4,554,0.7301758268353936
4,555,0.6440538851943167
4,556,0.7550862203861032
4,557,0.8862592073654398
4,558,0.8756784467659295
4,559,0.6688266890749299
4,560,0.8216487457982227
4,561,0.7182920103120356
4,562,0.8106119111484145
4,563,0.8193050448428422
4,564,0.7759027516344896
4,565,0.6391346611665277
4,566,0.635920897974521
4,567,0.5259833810858243
4,568,0.5639697955651607
4,569,0.6831908742341167
4,570,0.7816437840462901
4,571,0.607639070979047
4,572,0.8708460714778931
4,573,0.772928833583864
4,574,0.6770405540487024
4,575,0.6575669222954426
4,576,0.836493164952317
4,577,0.641686437668514
4,578,0.7710441839926249
4,579,0.7765749864012068
4,580,0.8645949469336297
4,581,0.6664636190474548
4,582,0.6052135485208847
4,583,0.7422263494358983
4,584,0.7827958194188347
4,585,0.7935932559960664
4,586,0.7712363112639103
4,587,0.7843086666385113
4,588,0.9005700655446067
4,589,0.6488046868148883
4,590,0.7774442574512344
4,591,0.8591059540804561
4,592,0.649351457766006
4,593,0.8410598685360517
4,594,0.7766065323547308
4,595,0.6842058464873417
4,596,0.23389193889789034
4,597,0.4888826169620983
4,598,0.5404685973821152
4,599,0.6602883469244866
4,600,0.6818895607213259
4,601,0.6193430400939492
4,602,0.4109804862023917
4,603,0.9036725127656229
4,604,0.44813765144481865
4,605,0.8426115301281654
4,606,0.5842288140499585
4,607,0.8927796870829273
4,608,0.5602983161548049
4,609,0.5552254275227732
4,610,0.6134586149326069
4,611,0.5609084533726857
4,612,0.7893671736155605
4,613,0.3643662777625044
4,614,0.7858630472909997
4,615,0.806972724143494
4,616,0.8650024925316177
4,617,0.8656044959879154
4,618,0.7499867975128766
4,619,0.7728220742960149
4,620,0.7254737770134674
4,621,0.5888953652785764
4,622,0.6143099913916493
4,623,0.5334980536016029
4,624,0.5800316356637962
4,625,0.7064953110032541
4,626,0.6423071700032185
4,627,0.8145689911287801
4,628,0.7054171613167424
4,629,0.6842052063153067
4,630,0.8614700201226302
4,631,0.7960119932211659
4,632,0.6769089481205889
4,633,0.6405303261052854
4,634,0.6779566996010964
4,635,0.8602907551457599
4,636,0.8999415859887404
4,637,0.7954419660276624
4,638,0.7251869755206876
4,639,0.6372094780997493
4,640,0.5418500285878636
4,641,0.7219593257847058
4,642,0.5219138392572853
4,643,0.7313866754786489
4,644,0.6964664568538849
4,645,0.6858017985627813
4,646,0.7358548294324184
4,647,0.7655484845654104
4,648,0.6021560144416254
4,649,0.8788809094588761
4,650,0.9018174120038293
4,651,0.6306232996574567
4,652,0.6216446885748214
4,653,0.6936198102683994
4,654,0.863932938013988
4,655,0.9150205200539203
4,656,0.8187338392421089
4,657,0.5149289566953137
4,658,0.8530903310181658
4,659,0.6701809929877711
4,660,0.5230596630304958
4,661,0.8179468227340059
4,662,0.7534858496378439
4,663,0.7493665070633712
4,664,0.6703306982305043
4,665,0.6368738498687031
4,666,0.7358851045232303
4,667,0.6365606060893173
4,668,0.6469047059407496
4,669,0.6100180930780966
4,670,0.732040582569928
4,671,0.6616650180989028
4,672,0.785270301144409
4,673,0.7821458100468499
4,674,0.5766104777700639
4,675,0.7584782187368533
4,676,0.820169391882575
4,677,0.9134159966399255
4,678,0.5913651417037685
4,679,0.6805814171860418
4,680,0.5875620995400057
4,681,0.7103330460509603
4,682,0.7848282140973384
4,683,0.8381802319380822
4,684,0.6928694449677446
4,685,0.43116598784489346
4,686,0.7487749164518814
4,687,0.7408057194933042
4,688,0.5722703661255708
4,689,0.8009192744223582
4,690,0.8555561884299085
4,691,0.6947851057547543
4,692,0.5536225062485367
4,693,0.8124393568127299
4,694,0.8483655348778653
4,695,0.5478298620185355
4,696,0.42024481226303123
4,697,0.6021294245688832
4,698,0.8236394734759862
4,699,0.768622767707883
4,700,0.8914538784446366
4,701,0.8767161215868192
4,702,0.8409879548879872
4,703,0.6913960240151541
4,704,0.7929262188832692
4,705,0.7849728749657292
4,706,0.6505524450740015
4,707,0.7383454959381943
4,708,0.8039507881754807
4,709,0.6668111022171034
4,710,0.7021664228792761
4,711,0.6972105813663966
4,712,0.5155028011771244
4,713,0.48707978702840116
4,714,0.5877080493755058
4,715,0.8288030993290666
4,716,0.7791016067590054
4,717,0.8593332489426325
4,718,0.6078326159890318
4,719,0.7414448294533645
4,720,0.8476044196715035
4,721,0.8398307268317572
4,722,0.8984978637239995
4,723,0.9422480667079683
4,724,0.5841631727863285
4,725,0.5579879720272171
4,726,0.6003394548262363
4,727,0.7283050468862239
4,728,0.6166674146572925
4,729,0.6971886867537858
4,730,0.6770594992576344
4,731,0.7004276961836816
4,732,0.7202703267846801
4,733,0.8611358650206541
4,734,0.7573827667695109
4,735,0.7489656927090071
4,736,0.6990115756675339
4,737,0.6829239504637596
4,738,0.6694622804014408
4,739,0.7892619913531219
4,740,0.718977123786705
4,741,0.6499818768133492
4,742,0.7251561433700326
4,743,0.8320248725689112
4,744,0.70380178373898
4,745,0.6762356660668996
4,746,0.7638866473670974
4,747,0.6603295533010135
4,748,0.6676922396307403
4,749,0.7333640795105046
4,750,0.7391065548153607
4,751,0.7684320992224053
4,752,0.874861393232026
4,753,0.7298323109382795
4,754,0.3504413983411322
4,755,0.6956058349971217
4,756,0.6370954310737652
4,757,0.8888004472581594
4,758,0.8215497856980647
4,759,0.7337770379438026
4,760,0.8320660560150736
4,761,0.9002099088657326
4,762,0.907347484659005
4,763,0.8723854910080324
4,764,0.8141661182360557
4,765,0.7897903187749835
4,766,0.7449301256266196
4,767,0.7370353929116559
4,768,0.7270708033191686
4,769,0.7107077653301722
4,770,0.6854281300510612
4,771,0.6977835389594224
4,772,0.8614228426383651
4,773,0.8828401129093845
4,774,0.8754532133676364
4,775,0.5865883188655348
4,776,0.788473542683657
4,777,0.8687719532011692
4,778,0.5639894154346373
4,779,0.7207187854011926
4,780,0.533215984670569
4,781,0.682673990356906
4,782,0.6734278326202987
4,783,0.5713954452149855
4,784,0.6327089254627798
4,785,0.7266446802675032
4,786,0.6389706499049856
4,787,0.6742204742491562
4,788,0.5929831504563159
4,789,0.7775362466835757
4,790,0.6755877899884473
4,791,0.6188763510363486
4,792,0.5229650168706708
4,793,0.6065483882123168
4,794,0.46962247432742016
4,795,0.5622540792521751
4,796,0.5889354919132475
4,797,0.5614133506854999
4,798,0.6972126753741857
4,799,0.4886866949142294
4,800,0.8021915037392019
4,801,0.8194384868511513
4,802,0.7243768407024127
4,803,0.7892737196722682
4,804,0.25310270219222974
4,805,0.7140536907063927
4,806,0.7392867593255037
4,807,0.6555720060379842
4,808,0.5385104559977746
4,809,0.32989252733871177
4,810,0.5062509410057969
4,811,0.7137896756178708
4,812,0.6476014027667496
4,813,0.7495281482016628
4,814,0.4377760119907232
4,815,0.5585344018111672
4,816,0.47934821368608854
4,817,0.4915573603851469
4,818,0.8302787603360918
4,819,0.4972066014187762
4,820,0.6393748071013479
4,821,0.6822514055866863
4,822,0.6320907985349602
4,823,0.5722860983996814
4,824,0.4077108317211411
4,825,0.7022593872973723
4,826,0.6656340171239684
4,827,0.5877384767580504
4,828,0.898684487292568
4,829,0.7789666605532118
4,830,0.6297388266505607
4,831,0.7312256027601234
4,832,0.7402075304599502
4,833,0.7552570841199259
4,834,0.7811272537935554
4,835,0.739642405896572
4,836,0.6579090293215468
4,837,0.7731512820095202
4,838,0.5353529942630066
4,839,0.762048675440653
4,840,0.4562492838651748
4,841,0.7623432284113967
4,842,0.5931753650425542
4,843,0.8557841499458956
4,844,0.9201011633277494
4,845,0.8651650806784786
4,846,0.6497151070287986
4,847,0.5667811220367225
4,848,0.6585195525811423
4,849,0.819601438330461
4,850,0.5960357134227552
4,851,0.3874816831540988
4,852,0.847818221368938
4,853,0.7515008461768066
4,854,0.8703586041417788
4,855,0.92001015748226
4,856,0.5887974777290167
4,857,0.5487273005976707
4,858,0.5144709731036001
4,859,0.8377058808348609
4,860,0.8935757641618338
4,861,0.8935757641618338
4,862,0.839960526813017
4,863,0.7465561360111275
4,864,0.7783760690073751
4,865,0.6839908992903746
4,866,0.8334139705992724
4,867,0.7142152363693047
4,868,0.6514623295268048
4,869,0.7199899282588079
4,870,0.6494385116040893
4,871,0.47479906501422525
4,872,0.6861316118793676
4,873,0.6141833821380106
4,874,0.4955195435318851
4,875,0.628606720022653
4,876,0.6278801879796659
4,877,0.7248266889642161
4,878,0.7781318548970867
4,879,0.42632425301814514
4,880,0.6764977738900898
4,881,0.5402745931081464
4,882,0.4899905187903925
4,883,0.7162343019973395
4,884,0.579196620057045
4,885,0.8447544621634312
4,886,0.7597664400213787
4,887,0.8354274176241051
4,888,0.8307389493298251
4,889,0.688212459391222
4,890,0.5823712025317448
4,891,0.6486786880999925
4,892,0.6688427703419637
4,893,0.663054554669069
4,894,0.6642446083539325
4,895,0.7492319690554887
4,896,0.7174377258395478
4,897,0.5943516979167167
4,898,0.7781798029445561
4,899,0.7150235282686487
4,900,0.794884559909531
4,901,0.5565079904734007
4,902,0.650281351703371
4,903,0.8356768751563524
4,904,0.8175197879198609
4,905,0.8449910212881906
4,906,0.5270221210512336
4,907,0.49310138436189055
4,908,0.6283729007715005
4,909,0.8364677844883737
4,910,0.8370637393918082
4,911,0.8020578517156235
4,912,0.7194997531777862
4,913,0.7731898628211785
4,914,0.5302333864354886
4,915,0.693003182571672
4,916,0.8931316895563458
4,917,0.8217031237570547
4,918,0.637631308717556
4,919,0.5879343987516571
4,920,0.5356879563862066
4,921,0.5077045765737218
4,922,0.7575254300602166
4,923,0.7574369777228124
4,924,0.7666544172214167
4,925,0.6731143918969711
4,926,0.8854200615278089
4,927,0.8082915680424306
4,928,0.8565766407540625
4,929,0.8292445001873335
4,930,0.817392865906373
4,931,0.6871421605751648
4,932,0.6975672281779995
4,933,0.5916923291620976
4,934,0.8445475897799573
4,935,0.8105624435347584
4,936,0.8109811868860913
4,937,0.8361700049461666
4,938,0.7805035089135265
4,939,0.798400297770005
4,940,0.5505169881222254
4,941,0.5396615733385957
4,942,0.4895183138866792
4,943,0.4594422164959841
4,944,0.7564928283438914
4,945,0.8072413858388933
4,946,0.8871199670808816
4,947,0.5628952142424734
4,948,0.7218438552819568
4,949,0.8363390221952235
4,950,0.7496768578881642
4,951,0.6123206254145501
4,952,0.8191496804894375
4,953,0.6743251628268115
4,954,0.8831773852436249
4,955,0.882438474748467
4,956,0.558896707667008
4,957,0.48225683714401424
4,958,0.6644447538916747
4,959,0.7088358969744578
4,960,0.8727248136376521
4,961,0.7774050238554807
4,962,0.793156428582146
4,963,0.6009627983906394
4,964,0.578452202666729
4,965,0.6320580394827416
4,966,0.40066803358918474
4,967,0.5567845873353907
4,968,0.7942938049637568
4,969,0.7944204740409194
4,970,0.647714392320929
4,971,0.809425205740891
4,972,0.8624717086382649
4,973,0.7808396161397074
4,974,0.8260897573374089
4,975,0.7761658049642197
4,976,0.777396583359825
4,977,0.6652412260823481
4,978,0.5214348900697078
4,979,0.6768556500085644
4,980,0.7315121099085921
4,981,0.4752258432483214
4,982,0.7638680241126429
4,983,0.5592906739450689
4,984,0.8159346506604803
4,985,0.8601813282807741
4,986,0.8588376720864624
4,987,0.7482146929694105
4,988,0.5494791463957243
4,989,0.6376029214402072
4,990,0.5283366028704255
4,991,0.9376770166701154
4,992,0.83767537051892
4,993,0.7928693086486442
4,994,0.6064736396574784
4,995,0.6462749488386763
4,996,0.7286119173967819
4,997,0.5713101340528784
4,998,0.7683084115000125
4,999,0.7962779928592584
4,1000,0.7840165288939192
4,1001,0.7466641982687318
4,1002,0.8439258369325017
4,1003,0.47588422490043925
4,1004,0.425682880509688
4,1005,0.7514747152268103
4,1006,0.713286706727645
4,1007,0.6530913419937853
4,1008,0.8932226912655722
4,1009,0.9022738887605142
4,1010,0.4906332704608519
4,1011,0.4864512861782473
4,1012,0.4430318612369663
4,1013,0.6316888075302683
4,1014,0.7939397973140943
4,1015,0.6300817896447083
4,1016,0.7659329726988523
4,1017,0.7652011912792697
4,1018,0.5867565943807033
4,1019,0.49370098569933685
4,1020,0.7354592049574238
4,1021,0.8166843156324783
4,1022,0.6176072179540646
4,1023,0.94296055310404
4,1024,0.8716444757389208
4,1025,0.8278091760778228
4,1026,0.7570765353276412
4,1027,0.8221396635542646
4,1028,0.7538529220742897
4,1029,0.7857893945730304
4,1030,0.8024932454102611
4,1031,0.7401902374250232
4,1032,0.7992897770706544
4,1033,0.6511555723083108
4,1034,0.7968979611707007
4,1035,0.8254394106024937
4,1036,0.8874260404528779
4,1037,0.6331265170029637
4,1038,0.39995162560707287
4,1039,0.6928460224393801
4,1040,0.6406947236589426
4,1041,0.501583406178295
4,1042,0.9206468595916146
4,1043,0.7204763325989629
4,1044,0.7763106169676737
4,1045,0.6814666217355966
4,1046,0.560532112657421
4,1047,0.7478009088942903
4,1048,0.4652533351928323
4,1049,0.7761281919909588
4,1050,0.6449198420569257
4,1051,0.5416282545772231
4,1052,0.48377302306412234
4,1053,0.5869082233363848
4,1054,0.637394602727017
4,1055,0.5516096983591389
4,1056,0.6109394526510112
4,1057,0.5183679659486193
4,1058,0.6546406142520826
4,1059,0.46365156083210807
4,1060,0.8819188116732399
4,1061,0.647935381609708
4,1062,0.5619725379186022
4,1063,0.5754769331359961
4,1064,0.8223620549351629
4,1065,0.8834195087069131
4,1066,0.8338960166997549
4,1067,0.5314617226566349
4,1068,0.8216341162636672
4,1069,0.6229336837261413
4,1070,0.772060256366566
4,1071,0.6958835062921421
4,1072,0.8276912392909834
4,1073,0.6185328721374361
4,1074,0.627065694310247
4,1075,0.6334802011286184
4,1076,0.39931296372503977
4,1077,0.5916325066413837
4,1078,0.7371333053369485
4,1079,0.7345273233598307
4,1080,0.7446870731443582
4,1081,0.5577790295843433
4,1082,0.5969916353476125
4,1083,0.8903669670771789
4,1084,0.7856616334898828
4,1085,0.5800721469520326
4,1086,0.6418771327177495
4,1087,0.7000184118072623
4,1088,0.6868317439516588
4,1089,0.8830265001099467
4,1090,0.6889618658311466
4,1091,0.8918297859988534
4,1092,0.8057913453070802
4,1093,0.7314974431382306
4,1094,0.8078362103749865
4,1095,0.576804825900474
4,1096,0.8108672859140009
4,1097,0.793374105824948
4,1098,0.5794188715177511
4,1099,0.5581459145088036
4,1100,0.3880205549162609
4,1101,0.4199645673344583
4,1102,0.47387954251060044
4,1103,0.5694854415850933
4,1104,0.4317101311884177
4,1105,0.6232142172117067
4,1106,0.3828129768473024
4,1107,0.524724911710992
4,1108,0.561380545532348
4,1109,0.6055853032813051
4,1110,0.8794740379270581
4,1111,0.7558655851849222
4,1112,0.6737663862870577
4,1113,0.5707287469365527
4,1114,0.4694075003269962
4,1115,0.40583147860461416
4,1116,0.9292333033772083
4,1117,0.6252409645759666
4,1118,0.6841456508959939
4,1119,0.7502751031999305
4,1120,0.6407820454588182
4,1121,0.5561967723952109
4,1122,0.8150767058141806
4,1123,0.693361037213547
4,1124,0.720282593740699
4,1125,0.8696375054728229
4,1126,0.7577946336717277
4,1127,0.6094396511545261
4,1128,0.7619186972770254
4,1129,0.665505507285431
4,1130,0.7454113876192245
4,1131,0.7663869857677692
4,1132,0.7920668067466534
4,1133,0.8625945004182077
4,1134,0.765424179056844
4,1135,0.7273609070503678
4,1136,0.7681813117316989
4,1137,0.8488680340950938
4,1138,0.7096043603572585
4,1139,0.6655578031524193
4,1140,0.917794968110282
4,1141,0.47468327071682603
4,1142,0.8265655616987304
4,1143,0.5439055616618655
4,1144,0.6946113119335489
4,1145,0.67428996382128
4,1146,0.7814476532924377
4,1147,0.7136107706795825
4,1148,0.6679477138336305
4,1149,0.7438056364492602
4,1150,0.7266794305882969
4,1151,0.6304688751700921
4,1152,0.5352183618619777
4,1153,0.5943166195345514
4,1154,0.5071167806585997
4,1155,0.6691705583749166
4,1156,0.5634716084088163
4,1157,0.6224098007700598
4,1158,0.6558605099108402
4,1159,0.45166417855673857
4,1160,0.9480803856363578
4,1161,0.8580635013084588
4,1162,0.7270128626983884
4,1163,0.8680255123616182
4,1164,0.6757996622154809
4,1165,0.788231595515963
4,1166,0.7710492266746162
4,1167,0.7709539055349279
4,1168,0.6066850944079132
4,1169,0.6890844318146482
4,1170,0.7119934572534443
4,1171,0.7225776704426309
4,1172,0.8297176111350026
4,1173,0.794829369186773
4,1174,0.7798866748701997
4,1175,0.8845559720260682
4,1176,0.847624291069735
4,1177,0.6708611891867546
4,1178,0.8106907781467382
4,1179,0.7996432348653244
4,1180,0.9064981864517957
4,1181,0.6090725310090351
4,1182,0.48591449188341823
4,1183,0.7366994102289918
4,1184,0.8044529479728811
4,1185,0.8100074814163762
4,1186,0.8054177131841388
4,1187,0.7146923069139868
4,1188,0.7632882437375638
4,1189,0.7307037745861015
4,1190,0.7215058835602709
4,1191,0.7496479985964649
4,1192,0.5355725890824332
4,1193,0.8159260535003381
4,1194,0.8188594820651305
4,1195,0.6885792567542102
4,1196,0.7494428300023986
4,1197,0.7011246369088975
4,1198,0.6311900462021347
4,1199,0.7138732141665626
4,1200,0.6169883080401891
4,1201,0.7800958352285463
4,1202,0.7708110571525388
4,1203,0.7320164547192733
4,1204,0.7474490989765334
4,1205,0.8048075046543377
4,1206,0.6212102863030239
4,1207,0.7583151978128123
4,1208,0.7170453527090848
4,1209,0.7263942365943696
4,1210,0.7245367511892343
4,1211,0.7812764218432339
4,1212,0.7115293214923565
4,1213,0.7729962317944076
4,1214,0.5948758349176679
4,1215,0.5137626328883657
4,1216,0.540484413411034
4,1217,0.493677293579917
4,1218,0.8173671938143506
4,1219,0.6556366792407526
4,1220,0.7356464668359285
4,1221,0.285929038369223
4,1222,0.8561060157438485
4,1223,0.881437259180364
4,1224,0.9073796813401657
4,1225,0.913902865003764
4,1226,0.6447455844966392
4,1227,0.4740955746855183
4,1228,0.5700154830306557
4,1229,0.7067425933164476
4,1230,0.44549003644537677
4,1231,0.5817680282060224
4,1232,0.5112617557942831
4,1233,0.6641874462408097
4,1234,0.7022304967962163
4,1235,0.626272193543595
4,1236,0.7750454616055029
4,1237,0.8848807341529535
4,1238,0.8153290931528586
4,1239,0.5456315958209287
4,1240,0.5067184491079529
4,1241,0.824365883153853
4,1242,0.8512886708952072
4,1243,0.7736381006039496
4,1244,0.6725148436967152
4,1245,0.6381546286018426
4,1246,0.6761836723843205
4,1247,0.8059193910294632
4,1248,0.6094147656383443
4,1249,0.7134466755014943
4,1250,0.8628075093207599
4,1251,0.9263351245907461
4,1252,0.9122834618175042
4,1253,0.7653519902224686
4,1254,0.7821990149304989
4,1255,0.7350819446226123
4,1256,0.7524474048930936
4,1257,0.6351935979799539
4,1258,0.850100384851075
4,1259,0.7304147093577175
4,1260,0.665630548429836
4,1261,0.7726185127612734
4,1262,0.7453494316621786
4,1263,0.8807804722666612
4,1264,0.6561666135751961
4,1265,0.43453646850824057
4,1266,0.4732186701497708
4,1267,0.8546516247292568
4,1268,0.8837167020118785
4,1269,0.8876227559251041
4,1270,0.6481822263547993
4,1271,0.7912965119916049
4,1272,0.7684335823289653
4,1273,0.8251859711874671
4,1274,0.8276448085971359
4,1275,0.8090757661800297
4,1276,0.7407337262845325
4,1277,0.6457708522535118
4,1278,0.6456311260880614
4,1279,0.8957402320323921
4,1280,0.8278195714367047
4,1281,0.9041167599907125
4,1282,0.8183046363740832
4,1283,0.8436245737054506
4,1284,0.3810476994057198
4,1285,0.40794228480510114
4,1286,0.542656665158243
4,1287,0.5402687497515906
4,1288,0.9510232772553866
4,1289,0.9513325614036706
4,1290,0.7516414787123611
4,1291,0.8235776753099708
4,1292,0.9109694616189896
4,1293,0.781324935882069
4,1294,0.7102016147514123
4,1295,0.45595860096099433
4,1296,0.45595860096099433
4,1297,0.6092064561026016
4,1298,0.6215915110413994
4,1299,0.7336950687381956
4,1300,0.7804182015295754
4,1301,0.8273156437355552
4,1302,0.8149241468262294
4,1303,0.6009234172312893
4,1304,0.624582963438911
4,1305,0.7631961228650858
4,1306,0.7517414155232724
4,1307,0.7762995636782162
4,1308,0.7202974109645284
4,1309,0.683725250505812
4,1310,0.728313198300314
4,1311,0.730481071143139
4,1312,0.6639827834514964
4,1313,0.7902340616488647
4,1314,0.6532518752015622
4,1315,0.7041521423004146
4,1316,0.7718632460511157
4,1317,0.7185987433951306
4,1318,0.6896093900075015
4,1319,0.7512421605577618
4,1320,0.7822468093840014
4,1321,0.7753871843965663
4,1322,0.8267612281662112
4,1323,0.7923128924400072
4,1324,0.6373056356391716
4,1325,0.8138259220019497
4,1326,0.7614502767988077
4,1327,0.4391554252178071
4,1328,0.6535386761002373
4,1329,0.8574640095755809
4,1330,0.5803766705336654
4,1331,0.7540293721307781
4,1332,0.6007971980934796
4,1333,0.5715141527163148
4,1334,0.48203626946535016
4,1335,0.4223983204707358
4,1336,0.43805844225264656
4,1337,0.6482601463446245
4,1338,0.44376029113043053
4,1339,0.4282016658791184
4,1340,0.5191339571509296
4,1341,0.524860443293815
4,1342,0.5992154741461219
4,1343,0.7786117513242432
4,1344,0.7944365416400501
4,1345,0.8000368962634707
4,1346,0.691885070862237
4,1347,0.7510675947631091
4,1348,0.7032500205101109
4,1349,0.5487658666873176
4,1350,0.6600068954000606
4,1351,0.5610304295991956
4,1352,0.5971331977538323
4,1353,0.820830614323
4,1354,0.5491731330599096
4,1355,0.7715857299917371
4,1356,0.7653723978921856
4,1357,0.7377406777995108
4,1358,0.8698475082271334
4,1359,0.7434533112558738
4,1360,0.5431332100927699
4,1361,0.7585084987113004
4,1362,0.6830790389699537
4,1363,0.6734339883791245
4,1364,0.8302314942616815
4,1365,0.5346758155496238
4,1366,0.8483924271631336
4,1367,0.6202403395547652
4,1368,0.6470760025492287
4,1369,0.6895319246879099
4,1370,0.4889366815576023
4,1371,0.8061991947453562
4,1372,0.6056835908122036
4,1373,0.6900337360260042
4,1374,0.8012476694489917
4,1375,0.7868547516376865
4,1376,0.7435730826269645
4,1377,0.7563842236223542
4,1378,0.6196637153357633
4,1379,0.8203602581752456
4,1380,0.6992299934345744
4,1381,0.6347100153719543
4,1382,0.7156877224774405
4,1383,0.775187947015069
4,1384,0.8444184170060788
4,1385,0.8372627164331368
4,1386,0.7989757654350832
4,1387,0.6039490778070238
4,1388,0.6921522600834875
4,1389,0.48993938409021487
4,1390,0.7424658993331903
4,1391,0.5620055462754099
4,1392,0.842078320162396
4,1393,0.6846875897415452
4,1394,0.662276614312737
4,1395,0.7879661900782909
4,1396,0.8134495571064351
4,1397,0.672970941479338
4,1398,0.638421410727495
4,1399,0.7495307799000305
4,1400,0.7145081018089039
4,1401,0.6466315260487627
4,1402,0.814819203838593
4,1403,0.7078330526450128
4,1404,0.6930512688436974
4,1405,0.7422793921927655
4,1406,0.40393130966223995
4,1407,0.6030596454025391
4,1408,0.7669537110759784
4,1409,0.7304622064305583
4,1410,0.8075063707649318
4,1411,0.711714770488152
4,1412,0.5965613906200937
4,1413,0.5704818262243119
4,1414,0.6024257866212236
4,1415,0.6809052040990756
4,1416,0.7105828156469248
4,1417,0.417056048968846
4,1418,0.6689224345272741
4,1419,0.5977893209678931
4,1420,0.6868577562315982
4,1421,0.8013114622306762
4,1422,0.525136657607692
4,1423,0.45841009905622015
4,1424,0.5101651035244203
4,1425,0.5437896840174131
4,1426,0.7886035277636859
4,1427,0.7220503642708281
4,1428,0.6231844305781298
4,1429,0.5417934864966564
4,1430,0.6459548103517031
4,1431,0.6844983765777195
4,1432,0.5994715357337699
4,1433,0.7579691060850663
4,1434,0.6614683619154851
4,1435,0.6745476457280962
4,1436,0.8186071449288183
4,1437,0.660637311915508
4,1438,0.7759501899926545
4,1439,0.8513562579751944
4,1440,0.6152010669234755
4,1441,0.7238387249854357
4,1442,0.7287330513456584
4,1443,0.617807542964247
4,1444,0.5964766864140348
4,1445,0.5917072336283627
4,1446,0.6057656103054309
4,1447,0.7763049495452937
4,1448,0.49419060695779227
4,1449,0.6716008752692391
4,1450,0.5173654802988412
4,1451,0.6669670124767894
4,1452,0.535235437645922
4,1453,0.8916553671584032
4,1454,0.5019096839624777
4,1455,0.46544008204573556
4,1456,0.650544139204741
4,1457,0.7661037155577408
4,1458,0.6313847346482238
4,1459,0.43051839877881903
4,1460,0.8701413533061056
4,1461,0.7916033031052349
4,1462,0.6446096087686632
4,1463,0.698774237638437
4,1464,0.7299309132417088
4,1465,0.71143206047067
4,1466,0.8311605070039524
4,1467,0.8847404421778843
4,1468,0.8987034669594066
4,1469,0.7963315479162751
4,1470,0.6590945517559206
4,1471,0.8674626788807497
4,1472,0.5229299734847626
4,1473,0.7961841079179911
4,1474,0.6829645934783608
4,1475,0.8530927307810797
4,1476,0.8652534605219397
4,1477,0.5905055418878774
4,1478,0.6045222179845425
4,1479,0.7130237270367704
4,1480,0.7148624633948106
4,1481,0.6405430601001697
4,1482,0.6744313532293027
4,1483,0.6909391243812112
4,1484,0.6630483681186797
4,1485,0.6457310184240431
4,1486,0.6200860520511258
4,1487,0.5899144356042275
4,1488,0.6800336916853249
4,1489,0.5161495579779168
4,1490,0.7350300517933095
4,1491,0.7774929826421381
4,1492,0.6291978236413609
4,1493,0.5161609994698506
4,1494,0.6708935847160925
4,1495,0.6684168237074025
4,1496,0.6237375492849699
4,1497,0.5475894595726067
4,1498,0.7713424838453594
4,1499,0.7065025171654913
4,1500,0.834907499446069
4,1501,0.7446349237154352
4,1502,0.7510364767900541
4,1503,0.8217028419978212
4,1504,0.8569649992225488
4,1505,0.8263922473938742
4,1506,0.821017856847481
4,1507,0.7746810951688091
4,1508,0.9127407094571002
4,1509,0.9570926994606557
4,1510,0.5648332576567526
4,1511,0.29258489574219954
4,1512,0.5270004804583428
4,1513,0.6564749835744659
4,1514,0.5050769675751744
4,1515,0.5548538973744737
4,1516,0.5631318454808178
4,1517,0.8688999738456253
4,1518,0.5965372665490083
4,1519,0.5563429974791535
4,1520,0.8031127655811947
4,1521,0.4949483470588961
4,1522,0.7394432311196066
4,1523,0.8019285151205426
4,1524,0.8117918068940742
4,1525,0.8223607953352086
4,1526,0.8252512640766293
4,1527,0.7248852673379703
4,1528,0.7393016633005802
4,1529,0.708398918717457
4,1530,0.6088183773916308
4,1531,0.64789462259773
4,1532,0.7648748139063094
4,1533,0.7540041788587489
4,1534,0.7188527677153362
4,1535,0.6674028462795909
4,1536,0.7150457300344976
4,1537,0.592247774850519
4,1538,0.542940881809208
4,1539,0.5974604201091047
4,1540,0.7204356973005253
4,1541,0.7337477679291542
4,1542,0.8571139603140302
4,1543,0.7573485817631928
4,1544,0.640643071711569
4,1545,0.9095132689514982
4,1546,0.2755562745567054
4,1547,0.741264298899642
4,1548,0.5267931901125427
4,1549,0.7701463841951053
4,1550,0.7172599905061047
4,1551,0.5112702269902633
4,1552,0.48885563761031087
4,1553,0.7992151526975719
4,1554,0.5350175855214627
4,1555,0.7620796384612132
4,1556,0.8028097984905402
4,1557,0.8601011990955022
4,1558,0.7414414733861581
4,1559,0.7614972629977722
4,1560,0.6197429907118233
4,1561,0.8301082297434537
4,1562,0.7342807858866434
4,1563,0.7720764891965929
4,1564,0.5477203119699652
4,1565,0.5671128214689631
4,1566,0.5130694217455934
4,1567,0.5449444646677414
4,1568,0.6181200046941541
4,1569,0.5569147712867721
4,1570,0.6975441358043866
4,1571,0.52292885951146
4,1572,0.6125949529695464
4,1573,0.7094848686281373
4,1574,0.46173500194265205
4,1575,0.6554498000143633
4,1576,0.8914169318464582
4,1577,0.8447454572879121
4,1578,0.8309498477032649
4,1579,0.8647726048425777
4,1580,0.9507416495388626
4,1581,0.26418888842398713
4,1582,0.3010470343456374
4,1583,0.2369764609294695
4,1584,0.4756770067924012
4,1585,0.6883061998687723
4,1586,0.7871463211438187
4,1587,0.5565826331084399
4,1588,0.7625965709111445
4,1589,0.7218425866198244
4,1590,0.6921541679121638
4,1591,0.6821568166222846
4,1592,0.5772413487558415
4,1593,0.7570251911063651
4,1594,0.6309575367850733
4,1595,0.5718176844440239
4,1596,0.7334574064664797
4,1597,0.5862259206126905
4,1598,0.571291704513213
4,1599,0.8357722376310528
4,1600,0.7362431793699371
4,1601,0.5359021884931044
4,1602,0.7517185297030051
4,1603,0.7730204310745067
4,1604,0.6390808803247865
4,1605,0.73694257246677
4,1606,0.878773525489908
4,1607,0.7745423745315573
4,1608,0.6192948471321525
4,1609,0.6960527062672217
4,1610,0.6346548110478377
4,1611,0.9768246272028227
4,1612,0.9713853100490556
4,1613,0.6842873547546231
4,1614,0.7586924794782861
4,1615,0.7181738383381291
4,1616,0.5099382552938182
4,1617,0.88791423943206
4,1618,0.5728349342574623
4,1619,0.4769028813716818
4,1620,0.5650966294382193
4,1621,0.8637870934863965
4,1622,0.8641421918430424
4,1623,0.7102039291334763
4,1624,0.5498662262286577
4,1625,0.7880655366212416
4,1626,0.7070822136942647
4,1627,0.7981771122286613
4,1628,0.6072861004987151
4,1629,0.568788189136749
4,1630,0.5908216520731184
4,1631,0.7176120903409489
4,1632,0.7241754633183755
4,1633,0.7178618653119787
4,1634,0.594587082961141
4,1635,0.8038076352001505
4,1636,0.7662931366229967
4,1637,0.6650110776089554
4,1638,0.6622242944671205
4,1639,0.8315755063691103
4,1640,0.5988002831127891
4,1641,0.433375999921167
4,1642,0.7230988347894196
4,1643,0.5943200414979021
4,1644,0.5545155970020504
4,1645,0.641901434436337
4,1646,0.9081631771133349
4,1647,0.9102735831232142
4,1648,0.5412239819248932
4,1649,0.6388485086572102
4,1650,0.7927515038466051
4,1651,0.774501162333549
4,1652,0.8948595039225324
4,1653,0.7363113861625827
4,1654,0.6811918623871136
4,1655,0.7515634041626531
4,1656,0.7012816920438344
4,1657,0.47612553973790095
4,1658,0.6027153621023923
4,1659,0.5247368361100487
4,1660,0.8265909851848009
4,1661,0.874399043025848
4,1662,0.8669218671671225
4,1663,0.5781426617970323
4,1664,0.7650047790409666
4,1665,0.6910866868999033
4,1666,0.7239360696751181
4,1667,0.49022735444720955
4,1668,0.6956131582582437
4,1669,0.7941702717140613
4,1670,0.6909534234105066
4,1671,0.8537019215034594
4,1672,0.8733352032432743
4,1673,0.8273002163453522
4,1674,0.8668033771562148
4,1675,0.6344957059166193
4,1676,0.5994801644726858
4,1677,0.6367751858750736
4,1678,0.6538804458835444
4,1679,0.7695511822415242
4,1680,0.7464422833971811
4,1681,0.8207754713356051
4,1682,0.8425449668656302
4,1683,0.5199510347014658
4,1684,0.5592570941560081
4,1685,0.49278541404833603
4,1686,0.6281957133366727
4,1687,0.7780816024560262
4,1688,0.7818140316905212
4,1689,0.6836414314967498
4,1690,0.8896114926629001
4,1691,0.9401807576556948
4,1692,0.8316617021011169
4,1693,0.42777685494289547
4,1694,0.6095431653453096
4,1695,0.6052449417120082
4,1696,0.6530748243557097
4,1697,0.7837134458254743
4,1698,0.6457717544762062
4,1699,0.5979237193633115
4,1700,0.6578808062661536
4,1701,0.640465004629497
4,1702,0.7100392647381326
4,1703,0.740833455590528
4,1704,0.6982193777717758
4,1705,0.7356968360935398
4,1706,0.7433244780374274
4,1707,0.6745640780160447
4,1708,0.549166060888762
4,1709,0.7614904393455906
4,1710,0.7052117983540153
4,1711,0.774722086378492
4,1712,0.6918413142701811
4,1713,0.6131579487715394
4,1714,0.6704408621706649
4,1715,0.4910813556349275
4,1716,0.67425215871707
4,1717,0.641740928019793
4,1718,0.6205066112312477
4,1719,0.6149597544524577
4,1720,0.3893876278795364
4,1721,0.7436818658569326
4,1722,0.6919833298778585
4,1723,0.4755785544144884
4,1724,0.8341052446444263
4,1725,0.8607375026399485
4,1726,0.7341972524212969
4,1727,0.8508311465413299
4,1728,0.723108616055746
4,1729,0.69510531692659
4,1730,0.7517390490277166
4,1731,0.7671517734639914
4,1732,0.6389451276034477
4,1733,0.5085823894183533
4,1734,0.8631773133557872
4,1735,0.8067752109049657
4,1736,0.7952952923873844
4,1737,0.6779563451620826
4,1738,0.6416486270372418
4,1739,0.7988515430754363
4,1740,0.8405215369035941
4,1741,0.8185453419424377
4,1742,0.6447628720580207
4,1743,0.816010365575606
4,1744,0.5608311251347748
4,1745,0.7822796335968634
4,1746,0.8284648890814934
4,1747,0.8737383453312085
4,1748,0.7320646837432128
4,1749,0.6669711697670275
4,1750,0.9244917567560824
4,1751,0.8119863460205705
4,1752,0.5906864720296545
4,1753,0.8291160767389706
4,1754,0.6732788073525787
4,1755,0.7049327457691071
4,1756,0.7404713387270504
4,1757,0.8511064062884133
4,1758,0.7744608619315414
4,1759,0.7428433227092553
4,1760,0.8838559817958448
4,1761,0.7597695758609235
4,1762,0.6376844964024765
4,1763,0.5279457666894756
4,1764,0.7243099222167796
4,1765,0.775850425044835
4,1766,0.7073406945400698
4,1767,0.7468831517783677
4,1768,0.8232041443849577
4,1769,0.5721537140059221
4,1770,0.6098016123994446
4,1771,0.6387860733371604
4,1772,0.67969851505884
4,1773,0.7200870002342361
4,1774,0.8374000078799474
4,1775,0.677760933509381
4,1776,0.7612749005887548
4,1777,0.7236432943600415
4,1778,0.7339518860762227
4,1779,0.8028199126013272
4,1780,0.8935058607294827
4,1781,0.7686153343409187
4,1782,0.8545492318140884
4,1783,0.6448089477522501
4,1784,0.7955015033922238
4,1785,0.421794260827547
4,1786,0.32891857492883203
4,1787,0.8593816775393586
4,1788,0.8820501857736119
4,1789,0.8419291913584838
4,1790,0.7514883007342765
4,1791,0.8095007182117917
4,1792,0.8971296008145615
4,1793,0.7944776271497657
4,1794,0.7746026679800155
4,1795,0.7904752722975575
4,1796,0.7449018086130825
4,1797,0.8976772296264691
4,1798,0.564222135975027
4,1799,0.6401936649999603
4,1800,0.6989013761067274
4,1801,0.5753144012119328
4,1802,0.8180131945229555
4,1803,0.7704152294715824
4,1804,0.7576125474991727
4,1805,0.8212819458613135
4,1806,0.7146531260539325
4,1807,0.7949289372005838
4,1808,0.48187376018602956
4,1809,0.7437105207313136
4,1810,0.6817900028896614
4,1811,0.5961113986194201
4,1812,0.566957864106309
4,1813,0.8268829198556416
4,1814,0.6055812070132652
4,1815,0.6937859502530003
4,1816,0.7447180101279708
4,1817,0.6836007446717114
4,1818,0.8025543643888711
4,1819,0.875546918857314
4,1820,0.9055632489364794
4,1821,0.8036741932623427
4,1822,0.8316132379623463
4,1823,0.7542457539055412
4,1824,0.5997131523286614
4,1825,0.7670228310567665
4,1826,0.7715996707834001
4,1827,0.6267056576896425
4,1828,0.5469583705388108
4,1829,0.45938208525288726
4,1830,0.7019677621998198
4,1831,0.8538276382613038
4,1832,0.6783210656410629
4,1833,0.6145283721081021
4,1834,0.611243410847584
4,1835,0.4481563584297882
4,1836,0.5515151398005105
4,1837,0.5831574744667118
4,1838,0.5996326611372662
4,1839,0.5756282303933475
4,1840,0.5295632167744617
4,1841,0.8383725067033297
4,1842,0.9058543357355922
4,1843,0.8232525505789218
4,1844,0.7340741034713493
4,1845,0.7623201658138338
4,1846,0.37194153306941075
4,1847,0.5614338921567352
4,1848,0.8491434592275189
4,1849,0.8208085865870702
4,1850,0.631081443308017
4,1851,0.8337306306067327
4,1852,0.2408307847609278
4,1853,0.9464332939460374
4,1854,0.7133249238710251
4,1855,0.6830898961061209
4,1856,0.8157239577620318
4,1857,0.5853812592345466
4,1858,0.7681600342318397
4,1859,0.8316945444581566
4,1860,0.394025175737803
4,1861,0.7520140084510024
4,1862,0.5828859352939967
4,1863,0.5640331916237631
4,1864,0.7602165970682876
4,1865,0.8284783950512755
4,1866,0.8860462599002953
4,1867,0.7238588816239862
4,1868,0.834128673336341
4,1869,0.4296960108153319
4,1870,0.6612500182630923
4,1871,0.7278961445595752
4,1872,0.6967946850570778
4,1873,0.7636024612588009
4,1874,0.7729997225037333
4,1875,0.6936300317358837
4,1876,0.8087363037358699
4,1877,0.7654269589945345
4,1878,0.6309307507938078
4,1879,0.8031015326383923
4,1880,0.7933587868300082
4,1881,0.770311180134843
4,1882,0.5985292551214191
4,1883,0.7475981345260256
4,1884,0.8204830219815097
4,1885,0.630790053698139
4,1886,0.8227643464399135
4,1887,0.6594984554509734
4,1888,0.35544225487931724
4,1889,0.5743700053219777
4,1890,0.3892223301389511
4,1891,0.6040752353669979
4,1892,0.8144542045267091
4,1893,0.7224398376133135
4,1894,0.7138712097894421
4,1895,0.5855469014753157
4,1896,0.805774217988043
4,1897,0.782823621168885
4,1898,0.35375685425629977
4,1899,0.35550396515580185
4,1900,0.6319165575181606
4,1901,0.5749035687430747
4,1902,0.5799005873975395
4,1903,0.518090000643797
4,1904,0.4641432120967926
4,1905,0.6512724458613429
4,1906,0.7752955972611346
4,1907,0.6359062842646626
4,1908,0.6541966645725824
4,1909,0.7605574208223137
4,1910,0.8561200177271835
4,1911,0.8639094384949634
4,1912,0.7848316325648863
4,1913,0.6557515697770545
4,1914,0.8474801847719615
4,1915,0.8057288896486272
4,1916,0.7839256932060291
4,1917,0.8127052953433352
4,1918,0.7161877976809593
4,1919,0.6684740378165731
4,1920,0.6790902063021893
4,1921,0.5090176415185206
4,1922,0.657451519763186
4,1923,0.5820637643871895
4,1924,0.7956811920115591
4,1925,0.7854047195244209
4,1926,0.7833710733840086
4,1927,0.8124071329195321
4,1928,0.663851349776889
4,1929,0.7777576313694372
4,1930,0.7562993626228778
4,1931,0.7505529597858543
4,1932,0.6544422721963181
4,1933,0.8503641372539552
4,1934,0.7834739412789871
4,1935,0.8444365079154459
4,1936,0.787160505749305
4,1937,0.7646779524107348
4,1938,0.49097711531662863
4,1939,0.8321990088047204
4,1940,0.7168698905326335
4,1941,0.6729473344982984
4,1942,0.770133472085623
4,1943,0.6110937506452292
4,1944,0.8479172743800741
4,1945,0.8608188341831821
4,1946,0.8233446505925966
4,1947,0.6743688918985609
4,1948,0.6582936324066779
4,1949,0.6044667262261164
4,1950,0.7927813589163466
4,1951,0.8199860296459952
4,1952,0.542508649588709
4,1953,0.5350220380370062
4,1954,0.7069570992788005
4,1955,0.6791607927356235
4,1956,0.7984803770798797
4,1957,0.7265555323424414
4,1958,0.7299462891972482
4,1959,0.7229636086709462
4,1960,0.7641211462487644
4,1961,0.6539735313812229
4,1962,0.6431379118858371
4,1963,0.5589285443830434
4,1964,0.743343050759478
4,1965,0.7939948650909279
4,1966,0.7556908532202271
4,1967,0.7186708096619377
4,1968,0.7285504539559547
4,1969,0.7650440711048085
4,1970,0.6540128934656033
4,1971,0.6451014950590362
4,1972,0.6807289685838863
4,1973,0.553250046624562
4,1974,0.6835239747973467
4,1975,0.728153486828629
4,1976,0.7015094624402305
4,1977,0.8117560424965814
4,1978,0.7372686291127544
4,1979,0.5951714212922441
4,1980,0.5643925946213323
4,1981,0.6240246113792013
4,1982,0.6121827468651708
4,1983,0.6546871707028121
4,1984,0.6821708265555988
4,1985,0.818716482720109
4,1986,0.6704565114731847
4,1987,0.7811388582668083
4,1988,0.5208840864783073
4,1989,0.3843299790714761
4,1990,0.8783898582748924
4,1991,0.6942538342842975
4,1992,0.5742131750231316
4,1993,0.781902118307475
4,1994,0.8235584372864527
4,1995,0.6206321664359336
4,1996,0.7826590999882819
4,1997,0.6739787864921136
4,1998,0.5753901787542195
4,1999,0.6235752265435415
4,2000,0.5814414278638361
4,2001,0.7175030142355479
4,2002,0.7474500469460329
4,2003,0.7439537678255722
4,2004,0.765451069884937
4,2005,0.8222624418570178
4,2006,0.7985277350448147
4,2007,0.4558351410330778
4,2008,0.6213345888510619
4,2009,0.5467012004327046
4,2010,0.5625830731722329
4,2011,0.8235079619852023
4,2012,0.7257123714902887
4,2013,0.6401600605483597
4,2014,0.6424283592707702
4,2015,0.6208221703560475
4,2016,0.6795942593379991
4,2017,0.6701413039330714
4,2018,0.75755308138936
4,2019,0.733754181417971
4,2020,0.5683271197849874
4,2021,0.6262395097842647
4,2022,0.7120624857314454
4,2023,0.5825935787907875
4,2024,0.677983855205167
4,2025,0.6445202767593795
4,2026,0.8423019824859279
4,2027,0.5326098898118581
4,2028,0.8083031034911932
4,2029,0.8187672163568075
4,2030,0.6662716119069704
4,2031,0.6991853826023167
4,2032,0.77736225380315
4,2033,0.4900813499235357
4,2034,0.7199383877856673
4,2035,0.7649107864563574
4,2036,0.7853637524668459
4,2037,0.6195647055161073
4,2038,0.6259466492038919
4,2039,0.509710544406801
4,2040,0.6030199463133938
4,2041,0.7983117893970787
4,2042,0.7583953662468944
4,2043,0.7007894967392766
4,2044,0.6171093163860404
4,2045,0.674709736520285
4,2046,0.5437819831905355
4,2047,0.4701295582479826
4,2048,0.5617627042776703
4,2049,0.8792832975338585
4,2050,0.6188673144655238
4,2051,0.5419570668266953
4,2052,0.616479763442935
4,2053,0.7755541019774151
4,2054,0.8080693438938357
4,2055,0.7386924953876199
4,2056,0.6586496365059583
4,2057,0.5763323291156617
4,2058,0.694742652176023
4,2059,0.7419017222793033
4,2060,0.6970887356223388
4,2061,0.8338728685342865
4,2062,0.7946993164282731
4,2063,0.8052064390884306
4,2064,0.6960998686676547
4,2065,0.5915191219695577
4,2066,0.7121749034416247
4,2067,0.7312760514501653
4,2068,0.7856639096010108
4,2069,0.697777163201219
4,2070,0.5181866942591327
4,2071,0.5664873417122719
4,2072,0.6959956972045452
4,2073,0.6210773152373841
4,2074,0.6399514928799555
4,2075,0.5954402294807112
4,2076,0.4936760916948924
4,2077,0.8431832313798158
4,2078,0.6712006897082453
4,2079,0.45607355090984164
4,2080,0.7393550417433532
4,2081,0.6294737767245475
4,2082,0.7027525606203704
4,2083,0.5960119795294155
4,2084,0.7312359347362933
4,2085,0.8367968025107535
4,2086,0.7544598724642981
4,2087,0.6771033382264938
4,2088,0.7579546409529239
4,2089,0.7806513027303245
4,2090,0.7684910256920878
4,2091,0.754883143257363
4,2092,0.7162433201311826
4,2093,0.6894301138183616
4,2094,0.7158528383492347
4,2095,0.5807189661855244
4,2096,0.7016442925670596
4,2097,0.7557336132230361
4,2098,0.764241339905233
4,2099,0.6040725486988207
4,2100,0.6258881863203823
4,2101,0.6984760089367864
4,2102,0.7731847504483907
4,2103,0.6740559528852405
4,2104,0.7053884495238681
4,2105,0.8939643244480712
4,2106,0.6107795774402627
4,2107,0.6172785880032831
4,2108,0.6476347497416098
4,2109,0.7591142578189886
4,2110,0.6849977303885666
4,2111,0.7430560787712317
4,2112,0.9112856839779281
4,2113,0.3511055542103225
4,2114,0.30118742130240206
4,2115,0.7962291667279862
4,2116,0.8149496891359318
4,2117,0.20020562001632522
4,2118,0.776697275690552
4,2119,0.8478932384132901
4,2120,0.8745511044346268
4,2121,0.8966269318543675
4,2122,0.909637733287733
4,2123,0.9159578251106804
4,2124,0.5954627872650442
4,2125,0.6305990276944149
4,2126,0.6651800269394343
4,2127,0.6722499973252759
4,2128,0.6197616716607389
4,2129,0.5093673472159892
4,2130,0.6345868562316711
4,2131,0.6384411916802658
4,2132,0.5332908174011806
4,2133,0.7399310075891724
4,2134,0.7363896472771952
4,2135,0.7577575913107871
4,2136,0.7594703677346031
4,2137,0.6650308538207884
4,2138,0.6815961274870922
4,2139,0.5741278861536124
4,2140,0.5316453718105403
4,2141,0.6839936652424223
4,2142,0.8188766183605903
4,2143,0.6901491544368715
4,2144,0.7980820359877843
4,2145,0.7310363116634554
4,2146,0.8158644668136759
4,2147,0.7670116378223363
4,2148,0.6916150495992055
4,2149,0.7757515544432475
4,2150,0.7954694391227332
4,2151,0.8506862963035292
4,2152,0.6893935432577859
4,2153,0.804345990747273
4,2154,0.6793071018076187
4,2155,0.7013403904082126
4,2156,0.8230306857196811
4,2157,0.7769071448822802
4,2158,0.7146162754612763
4,2159,0.8063059980845869
4,2160,0.6981723148094642
4,2161,0.8524930967823856
4,2162,0.7275437682761287
4,2163,0.7494699729582059
4,2164,0.8540106473530854
4,2165,0.39275338811578836
4,2166,0.361120119672597
4,2167,0.5925281356643038
4,2168,0.5422369121384362
4,2169,0.6509974779935059
4,2170,0.6676455070421347
4,2171,0.5601160461218359
4,2172,0.6330174241172037
4,2173,0.5747272213014397
4,2174,0.6421880542012243
4,2175,0.6902004265165432
4,2176,0.5485153085874844
4,2177,0.44274868347600443
4,2178,0.48784411029291774
4,2179,0.6439213237801203
4,2180,0.675634645184006
4,2181,0.7856776682865503
4,2182,0.7333083439135395
4,2183,0.7089710102269215
4,2184,0.7747856657689273
4,2185,0.612106751616238
4,2186,0.7038422799616516
4,2187,0.648723406658662
4,2188,0.7791641048184602
4,2189,0.8925892285189223
4,2190,0.8168017468127662
4,2191,0.7884837642968227
4,2192,0.5899964660132504
4,2193,0.6135573016982007
4,2194,0.7091351511732051
4,2195,0.7239108198748483
4,2196,0.5952077841950308
4,2197,0.6895548060700193
4,2198,0.740716647020015
4,2199,0.8006968647780982
4,2200,0.8272429215426895
4,2201,0.7913589416558462
4,2202,0.726410171273247
4,2203,0.5137114415060481
4,2204,0.6560389095759934
4,2205,0.7374162413997738
4,2206,0.7143873897573979
4,2207,0.6945457702824528
4,2208,0.5433294418237615
4,2209,0.6722332836354278
4,2210,0.8201126067099495
4,2211,0.7798291490964299
4,2212,0.48895119859628344
4,2213,0.8704614370626286
4,2214,0.8580016613209392
4,2215,0.6409157407683661
4,2216,0.8798468584187548
4,2217,0.6502216570978224
4,2218,0.6405672604874365
4,2219,0.7230935022501774
4,2220,0.8287123024727346
4,2221,0.6880694451886068
4,2222,0.7889098015218041
4,2223,0.7885385384118709
4,2224,0.5954034713880577
4,2225,0.617009771939082
4,2226,0.6118477639387782
4,2227,0.8335808704434781
4,2228,0.8126490057653141
4,2229,0.8104449676379087
4,2230,0.4573713565742005
4,2231,0.5161442244743115
4,2232,0.5957263894997852
4,2233,0.5634054623405667
4,2234,0.6473931655515183
4,2235,0.5731103149526289
4,2236,0.8708368915196985
4,2237,0.8087642251827031
4,2238,0.834575585806715
4,2239,0.8046254141957054
4,2240,0.769939256714132
4,2241,0.4418989037714587
4,2242,0.4562701390182803
4,2243,0.7019706437321767
4,2244,0.8714595135390131
4,2245,0.6115569386421751
4,2246,0.632497329220844
4,2247,0.626989704688015
4,2248,0.5919431730824609
4,2249,0.42333125717889236
4,2250,0.665103916543752
4,2251,0.5776316499409732
4,2252,0.5968156796278002
4,2253,0.5997953792400765
4,2254,0.690477042968763
4,2255,0.8011679312115997
4,2256,0.5651218399712229
4,2257,0.517736434748652
4,2258,0.6540633775324278
4,2259,0.5627429611757269
4,2260,0.6842066690603189
4,2261,0.5637569974247536
4,2262,0.5306621824078493
4,2263,0.5855724437944447
4,2264,0.7124322542714986
4,2265,0.6730982985254298
4,2266,0.7443384594609498
4,2267,0.8166882187482969
4,2268,0.518902639445829
4,2269,0.8593512758845973
4,2270,0.7602423847238103
4,2271,0.7011859225425822
4,2272,0.7799764983871648
4,2273,0.7790969006923518
4,2274,0.802829928440689
4,2275,0.8305786235695793
4,2276,0.6955808563909035
4,2277,0.844985771708519
4,2278,0.7891596680957484
4,2279,0.6877497147201368
4,2280,0.6623921984710315
4,2281,0.8860214512809298
4,2282,0.7004805343109306
4,2283,0.7770615687380918
4,2284,0.5992956301658761
4,2285,0.8961941555314356
4,2286,0.9149786583670716
4,2287,0.82427231477413
4,2288,0.8411105779364377
4,2289,0.7143027345783799
4,2290,0.529519271801198
4,2291,0.4829187897334261
4,2292,0.707042336722805
4,2293,0.6991028869371592
4,2294,0.5569418705076026
4,2295,0.8130888376652808
4,2296,0.8509996560935782
4,2297,0.6735231723943363
4,2298,0.8041549960514385
4,2299,0.856085442768251
4,2300,0.8832423916262505
4,2301,0.6087038396219193
4,2302,0.7769483372647382
4,2303,0.6980457044919169
4,2304,0.8939431025158617
4,2305,0.7684241455799534
4,2306,0.8327455618462487
4,2307,0.7008379538304598
4,2308,0.6419566449595292
4,2309,0.771500821364417
4,2310,0.6055141727400258
4,2311,0.6036115288768421
4,2312,0.8170351524165071
4,2313,0.714302941788518
4,2314,0.8353050696436399
4,2315,0.8047786912055895
4,2316,0.8569903113170115
4,2317,0.7353421373601374
4,2318,0.8260562892238014
4,2319,0.5795114652351006
4,2320,0.7200892317846119
4,2321,0.7363933729922001
4,2322,0.371084976459292
4,2323,0.7404028920530672
4,2324,0.7712036751608544
4,2325,0.8786408490034614
4,2326,0.9104223783865215
4,2327,0.8225896180950149
4,2328,0.7887211395420244
4,2329,0.6196592688577128
4,2330,0.5930401020119603
4,2331,0.6982850786546754
4,2332,0.6154765117148975
4,2333,0.4238895354639981
4,2334,0.42805748389635095
4,2335,0.8382742607506193
4,2336,0.6485261688349239
4,2337,0.709533942676509
4,2338,0.8210752356267454
4,2339,0.6807096358185591
4,2340,0.7887577500787134
4,2341,0.5516143124639538
4,2342,0.8424378621573556
4,2343,0.6226092022363813
4,2344,0.30421168302110785
4,2345,0.8213351915044621
4,2346,0.389154163198046
4,2347,0.8237737828856598
4,2348,0.5549874497239501
4,2349,0.7622519614074033
4,2350,0.7738279396161265
4,2351,0.8050997161386633
4,2352,0.8703141857737482
4,2353,0.5276584009014833
4,2354,0.4457822496219134
4,2355,0.9071152684024221
4,2356,0.4991965877347233
4,2357,0.38919725250033893
4,2358,0.7275190900875735
4,2359,0.8056046581049671
4,2360,0.8677340537192573
4,2361,0.7194021937755638
4,2362,0.8067477183137047
4,2363,0.7761403565168349
4,2364,0.7802396030355375
4,2365,0.6071764202516245
4,2366,0.7303797191853114
4,2367,0.7970751827539075
4,2368,0.7907196407602255
4,2369,0.8188356028322525
4,2370,0.6763010593456891
4,2371,0.5856913609234391
4,2372,0.5093664180810925
4,2373,0.6454569221945782
4,2374,0.7569585572758439
4,2375,0.7330367879591223
4,2376,0.6773402562165862
4,2377,0.7214088458143902
4,2378,0.7770332628973194
4,2379,0.7929071920395674
4,2380,0.671932976574882
4,2381,0.5461891819407081
4,2382,0.8153557622254947
4,2383,0.8029221234871894
4,2384,0.6371086470524349
4,2385,0.7483031101924223
4,2386,0.7744621340417693
4,2387,0.8360647010693792
4,2388,0.6865653123906399
4,2389,0.7198769683303532
4,2390,0.694869742518066
4,2391,0.8722786458055798
4,2392,0.8908332124031708
4,2393,0.8978974208399182
4,2394,0.8579658413864136
4,2395,0.6145733871261221
4,2396,0.5701404555687435
4,2397,0.7909284529712667
4,2398,0.536534315385291
4,2399,0.8882792770864961
4,2400,0.869815397732327
4,2401,0.8200031910034605
4,2402,0.5118688851071419
4,2403,0.8232120396249064
4,2404,0.6210917001049365
4,2405,0.5130939888055346
4,2406,0.7027206572079076
4,2407,0.7271793627146628
4,2408,0.6544727373507677
4,2409,0.49117386205959396
4,2410,0.8897695291748456
4,2411,0.825163434445081
4,2412,0.8740482997201804
4,2413,0.7334863466684913
4,2414,0.7528370558457863
4,2415,0.7628299235809806
4,2416,0.859196280427121
4,2417,0.6856190451006167
4,2418,0.644870643465939
4,2419,0.792080385816341
4,2420,0.6855816394764287
4,2421,0.509487160716907
4,2422,0.6053175189945257
4,2423,0.6155365309474653
4,2424,0.4167727430039999
4,2425,0.8031195579826663
4,2426,0.6331245495025507
4,2427,0.6219462496143754
4,2428,0.552838248263468
4,2429,0.745286111734495
4,2430,0.8157672732362636
4,2431,0.6732484724794611
4,2432,0.8951242577351578
4,2433,0.8963716613732625
4,2434,0.8965099214168659
4,2435,0.8785094649200117
4,2436,0.8713857785221916
4,2437,0.7269151289462163
4,2438,0.8522962002628226
4,2439,0.8353898448504979
4,2440,0.8322929599216136
4,2441,0.8100799081126658
4,2442,0.841151840827584
4,2443,0.7294624869484114
4,2444,0.7016323723204622
4,2445,0.7795788311210162
4,2446,0.6192944338472902
4,2447,0.5149497145202374
4,2448,0.5141549824761901
4,2449,0.4400710951176755
4,2450,0.6892422049088155
4,2451,0.6133736379929438
4,2452,0.574659209722863
4,2453,0.6797022166394912
4,2454,0.7326394113784178
4,2455,0.6793500572751648
4,2456,0.6109241055949429
4,2457,0.8009666608551443
4,2458,0.5363219259375797
4,2459,0.6475977956311867
4,2460,0.7318227702580788
4,2461,0.8945441408826292
4,2462,0.6033726499659741
4,2463,0.6983983194624453
4,2464,0.8024711799384104
4,2465,0.7579890594548353
4,2466,0.8231206528156689
4,2467,0.4493079934311635
4,2468,0.2966259346258162
4,2469,0.5524641904979907
4,2470,0.7034007071789361
4,2471,0.7974637577405697
4,2472,0.7404265081357381
4,2473,0.7375453023143891
4,2474,0.539131666079479
4,2475,0.7252596645416647
4,2476,0.788481233026219
4,2477,0.7774971389711425
4,2478,0.8443371711336456
4,2479,0.7884173009821012
4,2480,0.7545501058686446
4,2481,0.6763812624855216
4,2482,0.8257245027600852
4,2483,0.7404746646484902
4,2484,0.6861990742465828
4,2485,0.7015445588684155
4,2486,0.898355613494212
4,2487,0.866443753075795
4,2488,0.6119132727576635
4,2489,0.6655362160475362
4,2490,0.6752453894958792
4,2491,0.8607054479823303
4,2492,0.7404434982725457
4,2493,0.6390845020839111
4,2494,0.8214588090823035
4,2495,0.6551352472250712
4,2496,0.8541468526231425
4,2497,0.781783354215665
4,2498,0.8802335262806793
4,2499,0.40155484153266285
4,2500,0.7652465989742275
4,2501,0.2927117353256055
4,2502,0.5102759517505033
4,2503,0.8024382504695258
4,2504,0.5688419442776078
4,2505,0.8276966811820814
4,2506,0.8915294601900579
4,2507,0.884556833487567
4,2508,0.8794452919175064
4,2509,0.8579237259146711
4,2510,0.865780435661148
4,2511,0.7856550124016164
4,2512,0.9036602800206692
4,2513,0.7798052090468777
4,2514,0.8316738819571952
4,2515,0.6119864642187239
4,2516,0.9094348022932583
4,2517,0.9048574415652589
4,2518,0.8455373034883346
4,2519,0.6866139164047129
4,2520,0.7221350233396671
4,2521,0.739259514394549
4,2522,0.8034872566802851
4,2523,0.6233080912998098
4,2524,0.5474912329384987
4,2525,0.5216365894355248
4,2526,0.5055264676248999
4,2527,0.4745447373376847
4,2528,0.5467274270143628
4,2529,0.7395721117093385
4,2530,0.7040474388707324
4,2531,0.5112904803474347
4,2532,0.809296962479402
4,2533,0.7379055626482436
4,2534,0.7164927621815455
4,2535,0.7066390664978843
4,2536,0.8216833195569162
4,2537,0.757775309424437
4,2538,0.5836193797328905
4,2539,0.6433905752960906
4,2540,0.6900838891468822
4,2541,0.6301669546866968
4,2542,0.6627263968014147
4,2543,0.7377718040093868
4,2544,0.5693933887567536
4,2545,0.6682394524879144
4,2546,0.8680092848753113
4,2547,0.7877916268127085
4,2548,0.8254428991358835
4,2549,0.6819086384102666
4,2550,0.6669275561891979
4,2551,0.6241637600587586
4,2552,0.36357428367029426
4,2553,0.668075446632048
4,2554,0.668010595981127
4,2555,0.7955868087556834
4,2556,0.8402780741752734
4,2557,0.6295695242180924
4,2558,0.8049052295492319
4,2559,0.7935613327807133
4,2560,0.8798638531982005
4,2561,0.6876477777629123
4,2562,0.7995713956612147
4,2563,0.7959625398711702
4,2564,0.8767956612955928
4,2565,0.7312445521567593
4,2566,0.7639114619869776
4,2567,0.7334804733179444
4,2568,0.6950285654490235
4,2569,0.7403946614493093
4,2570,0.6854529865433429
4,2571,0.7365324721805204
4,2572,0.8355938170503201
4,2573,0.7202283459982937
4,2574,0.6265763870097628
4,2575,0.8569781425849942
4,2576,0.7704555209227519
4,2577,0.5611387613823627
4,2578,0.41291599957591346
4,2579,0.5511279839508472
4,2580,0.5132770133106915
4,2581,0.460341877746837
4,2582,0.8415614379322511
4,2583,0.6293554437135558
4,2584,0.6648598639388138
4,2585,0.51792496839442
4,2586,0.5578061179286534
4,2587,0.746728341146389
4,2588,0.5590865734920174
4,2589,0.39568924524558974
4,2590,0.5210447169879533
4,2591,0.42138865245985
4,2592,0.43976875348942385
4,2593,0.774669873390488
4,2594,0.6993302785311966
4,2595,0.7630412667131451
4,2596,0.7957977757417397
4,2597,0.8683418346242039
4,2598,0.9382196658038403
4,2599,0.8647689181120636
4,2600,0.8210101839780097
4,2601,0.8979800874408614
4,2602,0.8294913592485289
4,2603,0.8261123367162925
4,2604,0.7779062446614573
4,2605,0.8037156213941635
4,2606,0.729616003655272
4,2607,0.6392975088197985
4,2608,0.754072705153294
4,2609,0.8358758459394107
4,2610,0.8082440118673468
4,2611,0.8315864202959861
4,2612,0.6385959518118813
4,2613,0.761944006780256
4,2614,0.7591867915564878
4,2615,0.48324822186651184
4,2616,0.682198578297849
4,2617,0.6456616796686722
4,2618,0.7692485776078236
4,2619,0.8330986821474441
4,2620,0.4070223809430193
4,2621,0.5916613958594514
4,2622,0.5525181370551443
4,2623,0.8472079543953253
4,2624,0.7192620056700453
4,2625,0.8425259754372181
4,2626,0.6184366775753255
4,2627,0.768113661470837
4,2628,0.6731202428478581
4,2629,0.7601286986141494
4,2630,0.7301839157438608
4,2631,0.6708371939086777
4,2632,0.6471975242786375
4,2633,0.6691605703983224
4,2634,0.6408386866035382
4,2635,0.8128164220021079
4,2636,0.7737781023194991
4,2637,0.753298784183871
4,2638,0.8184946850486822
4,2639,0.8188471547965446
4,2640,0.6523762166780369
4,2641,0.8296233033819651
4,2642,0.4473539260131406
4,2643,0.5135468107223182
4,2644,0.8681754773748241
4,2645,0.39109161546953886
4,2646,0.69655353659902
4,2647,0.5939072515087699
4,2648,0.6697176820889919
4,2649,0.5143275643596111
4,2650,0.7851342318108344
4,2651,0.6730568002513274
4,2652,0.8610699222440354
4,2653,0.7252722248286582
4,2654,0.6938980878636786
4,2655,0.5518768680970957
4,2656,0.8402977916437945
4,2657,0.7271527562071756
4,2658,0.8828856923303245
4,2659,0.6439394333004733
4,2660,0.6993987702466405
4,2661,0.6694583074015865
4,2662,0.7012497102420909
4,2663,0.7716078682776315
4,2664,0.7200376464788679
4,2665,0.597133102382229
4,2666,0.7319265354647883
4,2667,0.6937364720696851
4,2668,0.7412916035810767
4,2669,0.6849383632753825
4,2670,0.6529371830736147
4,2671,0.7779431467223267
4,2672,0.7950217453261239
4,2673,0.42111693066688155
4,2674,0.7967056251558167
4,2675,0.7092808048563266
4,2676,0.7580135636421252
4,2677,0.5691784156981469
4,2678,0.7891866179097017
4,2679,0.731167709771644
4,2680,0.7472802502063183
4,2681,0.6117748585584281
4,2682,0.6335248213736657
4,2683,0.6552171421772269
4,2684,0.5260258535284741
4,2685,0.8252365577255959
4,2686,0.7772990734129915
4,2687,0.884843023726139
4,2688,0.9360462800464304
4,2689,0.35770179968485727
4,2690,0.3686469619235231
4,2691,0.4698974442726089
4,2692,0.6859893376509283
4,2693,0.3432485711747046
4,2694,0.5172685388492888
4,2695,0.6157004176921236
4,2696,0.7657187735891356
4,2697,0.7755521583305333
4,2698,0.6703229068466092
4,2699,0.6503465697175352
4,2700,0.6756104605975021
4,2701,0.5480022893088897
4,2702,0.46063980520902703
4,2703,0.5970511264880649
4,2704,0.7199076377034371
4,2705,0.8118663313200323
4,2706,0.883409121805403
4,2707,0.81617585908464
4,2708,0.6753987611650505
4,2709,0.8085864688346028
4,2710,0.650749152523826
4,2711,0.7370383832880285
4,2712,0.7704619425028303
4,2713,0.706462747898779
4,2714,0.7682200055680293
4,2715,0.8470324011173256
4,2716,0.7948895750591747
4,2717,0.726948266191673
4,2718,0.7209257147231954
4,2719,0.7015229582633167
4,2720,0.6984557383719445
4,2721,0.4389586617283537
4,2722,0.4516596326417452
4,2723,0.5665615871291678
4,2724,0.6343471438790301
4,2725,0.6194914289260441
4,2726,0.7371285016472903
4,2727,0.7276762178130046
4,2728,0.6292524532538274
4,2729,0.6498816837997372
4,2730,0.7334127346387298
4,2731,0.8853484112135956
4,2732,0.696822564403057
4,2733,0.6459289336452944
4,2734,0.7971489850129814
4,2735,0.6567634154093793
4,2736,0.6306283082624219
4,2737,0.7683098316029157
4,2738,0.852666651976488
4,2739,0.8382208915449877
4,2740,0.9209987080676126
4,2741,0.9123287958379053
4,2742,0.8148582142869277
4,2743,0.6631652687019503
4,2744,0.6321074917495398
4,2745,0.6586288333136218
4,2746,0.6129373237944297
4,2747,0.5626507673719778
4,2748,0.5340429883773549
4,2749,0.8138039993679643
4,2750,0.3117105876710168
4,2751,0.3078077016732691
4,2752,0.7936837011198692
4,2753,0.6877404616773428
4,2754,0.7647752823516023
4,2755,0.7818463749624087
4,2756,0.7084715268140717
4,2757,0.7275803005785577
4,2758,0.6211127496469231
4,2759,0.5721107568913276
4,2760,0.6022911006025276
4,2761,0.5130515763137231
4,2762,0.7491666853799609
4,2763,0.48872422428338175
4,2764,0.5078650812443984
4,2765,0.33721545202796455
4,2766,0.6017228989429175
4,2767,0.6306367740700646
4,2768,0.6544254115875481
4,2769,0.5992666845230247
4,2770,0.6726863347624623
4,2771,0.6853807326158595
4,2772,0.6412187692425311
4,2773,0.6505155666634257
4,2774,0.7130886265383056
4,2775,0.6938062380399481
4,2776,0.5409095673333179
4,2777,0.4801629301936332
4,2778,0.6090943966495438
4,2779,0.5940268159093219
4,2780,0.6113655598620378
4,2781,0.7791708952754667
4,2782,0.8246697213080675
4,2783,0.8637421001916288
4,2784,0.8703916500338087
4,2785,0.8551775006625654
4,2786,0.8428414998506795
4,2787,0.7769542975124372
4,2788,0.8653624786386698
4,2789,0.8915807117124587
4,2790,0.6405555739661273
4,2791,0.8382730571661106
4,2792,0.7904264256116541
4,2793,0.7692707144523286
4,2794,0.5971991028425753
4,2795,0.4985161375444976
4,2796,0.7435317688866201
4,2797,0.7549608451738078
4,2798,0.6140973313048468
4,2799,0.613081599563378
4,2800,0.8665777121404685
4,2801,0.8220100179716511
4,2802,0.8049923244163362
4,2803,0.8010728894275192
4,2804,0.8488745148467299
4,2805,0.615863484289229
4,2806,0.6118151550319905
4,2807,0.6001298029718062
4,2808,0.7004996878316244
4,2809,0.5925558077915083
4,2810,0.7717639977683592
4,2811,0.5828805457385666
4,2812,0.5119750065002984
4,2813,0.7169452428523945
4,2814,0.6796110626240508
4,2815,0.85923574767912
4,2816,0.7675228848319969
4,2817,0.8436594147183225
4,2818,0.780564186352277
4,2819,0.6405992054904307
4,2820,0.5388115246817519
4,2821,0.6201173769072189
4,2822,0.7728954637202333
4,2823,0.7811908013762039
4,2824,0.6466190848252454
4,2825,0.5934666775311627
4,2826,0.6657883304631106
4,2827,0.5452962986777513
4,2828,0.7791799050502276
4,2829,0.6421288923465136
4,2830,0.8322659809761045
4,2831,0.8603795479939376
4,2832,0.8811086029043168
4,2833,0.4220986308650486
4,2834,0.5967680291580103
4,2835,0.833986874999528
4,2836,0.7706546074542345
4,2837,0.748776570334339
4,2838,0.764016370619798
4,2839,0.6781252114624186
4,2840,0.6802505059505936
4,2841,0.7888068934428012
4,2842,0.6214819292572816
4,2843,0.846275081277094
4,2844,0.6826136899335234
4,2845,0.9177936450092603
4,2846,0.719203171587229
4,2847,0.7573477931399866
4,2848,0.7975869702187394
4,2849,0.8665493880488414
4,2850,0.7080588851787399
4,2851,0.7313996817670234
4,2852,0.590426322894701
4,2853,0.5960305057619634
4,2854,0.5763501846547795
4,2855,0.6167812350956464
4,2856,0.5494456296003437
4,2857,0.5193227281592847
4,2858,0.8527574034587078
4,2859,0.7233959324384561
4,2860,0.6209094297711819
4,2861,0.45538605270073224
4,2862,0.3472593845030938
4,2863,0.36553110731847915
4,2864,0.44338835533862053
4,2865,0.5284624649286391
4,2866,0.7250802365439866
4,2867,0.7162196128933762
4,2868,0.543189334368532
4,2869,0.8002056111112753
4,2870,0.6968629638599428
4,2871,0.5471354608990697
4,2872,0.8883930204688406
4,2873,0.8395804502805841
4,2874,0.8625856567000829
4,2875,0.8281529521596368
4,2876,0.8027473995287774
4,2877,0.8260750551459447
4,2878,0.7965799080666758
4,2879,0.6748479171829669
4,2880,0.7698141296774331
4,2881,0.3424892576150956
4,2882,0.6782891144601843
4,2883,0.6693699989439517
4,2884,0.21917247425392605
4,2885,0.7119706446093078
4,2886,0.8739564902748092
4,2887,0.7700222445759066
4,2888,0.8474391924841045
4,2889,0.8062954833700595
4,2890,0.6375272060099761
4,2891,0.6010450996617303
4,2892,0.4152978383521313
4,2893,0.780446314035095
4,2894,0.498775828788785
4,2895,0.8183529853696566
4,2896,0.7547758346055025
4,2897,0.7178831772181896
4,2898,0.7051178877917421
4,2899,0.8328258153691879
4,2900,0.6261608453931283
4,2901,0.770581314283775
4,2902,0.668159828068219
4,2903,0.7726792885593694
4,2904,0.7322100170888427
4,2905,0.6274790763978628
4,2906,0.7947327929634157
4,2907,0.8599235548765903
4,2908,0.9055210175372491
4,2909,0.9263191065132996
4,2910,0.6848985083257494
4,2911,0.5205926734522278
4,2912,0.6954180348268003
4,2913,0.6492043191275805
4,2914,0.5529715337264206
4,2915,0.758936793971882
4,2916,0.737748812172957
4,2917,0.6750809469877151
4,2918,0.5718087933986948
4,2919,0.5116355987977856
4,2920,0.8340104958108884
4,2921,0.9078873990162186
4,2922,0.6529241834159847
4,2923,0.6697370844363204
4,2924,0.7897914257728387
4,2925,0.7484059418356493
4,2926,0.6967054781371709
4,2927,0.7526485361177772
4,2928,0.8474012768245597
4,2929,0.8219263071480832
4,2930,0.6966346222705702
4,2931,0.8756973278012388
4,2932,0.8476629107829176
4,2933,0.6765981637410121
4,2934,0.8892077856245638
4,2935,0.8027297800325269
4,2936,0.8726617333316115
4,2937,0.7782228064079351
4,2938,0.8722615728872203
4,2939,0.5087804760329431
4,2940,0.7936485556066222
4,2941,0.7888491419540232
4,2942,0.8140478834796601
4,2943,0.7991439270999804
4,2944,0.7289691221049639
4,2945,0.9285002650552127
4,2946,0.9079185478004914
4,2947,0.7626916445277216
4,2948,0.8013036418974648
4,2949,0.5416209235946198
4,2950,0.4730518474775227
4,2951,0.7314578112533906
4,2952,0.8227449838025568
4,2953,0.7436379213234797
4,2954,0.8373907661786033
4,2955,0.7449267767209926
4,2956,0.8920807896088151
4,2957,0.8274348029815368
4,2958,0.5983902997147587
4,2959,0.461751012577967
4,2960,0.614355626261382
4,2961,0.38344273542313606
4,2962,0.6281586382326775
4,2963,0.7121626996923104
4,2964,0.7577228301444547
4,2965,0.6497898471436835
4,2966,0.6857153401061737
4,2967,0.7460509214267614
4,2968,0.8865941996095449
4,2969,0.6955241006342231
4,2970,0.7186217369938679
4,2971,0.5239893778286457
4,2972,0.6102430030331886
4,2973,0.574742155127008
4,2974,0.6328988309877244
4,2975,0.655847243288365
4,2976,0.7644747603885399
4,2977,0.8050568268626309
4,2978,0.5258591210537973
4,2979,0.541616180767718
4,2980,0.6451124445776177
4,2981,0.5043306075458452
4,2982,0.6608609210844059
4,2983,0.7920476431922622
4,2984,0.8940914581486367
4,2985,0.9205828500342108
4,2986,0.9016167314871542
4,2987,0.8472694921906748
4,2988,0.8654645930386419
4,2989,0.6969189636310552
4,2990,0.6640600247787483
4,2991,0.7486466558094937
4,2992,0.7478652742559765
4,2993,0.7489340534423197
4,2994,0.46136141724427654
4,2995,0.8163833672695412
4,2996,0.7034294366074098
4,2997,0.7644728724283998
4,2998,0.7154289531818907
4,2999,0.712816325663665
4,3000,0.7251031757932485
4,3001,0.736156851963124
4,3002,0.8783786632246502
4,3003,0.8699563722801456
4,3004,0.714542211869631
4,3005,0.8084846210022618
4,3006,0.7149282770624842
4,3007,0.7383085255063723
4,3008,0.7625641003360255
4,3009,0.7385774881498787
4,3010,0.9013767802362306
4,3011,0.7753418247493129
4,3012,0.8823637568779709
4,3013,0.8181611858081591
4,3014,0.8706489525834192
4,3015,0.9208822082610212
4,3016,0.6091865939047326
4,3017,0.5943637401458874
4,3018,0.8692393001633677
4,3019,0.8064407007560952
4,3020,0.7781057218148075
4,3021,0.6754746447027977
4,3022,0.845504583622754
4,3023,0.688256303363145
4,3024,0.6220812452004719
4,3025,0.8806269492831408
4,3026,0.7732512305489333
4,3027,0.8194646671487232
4,3028,0.7951566287078298
4,3029,0.8867722288530304
4,3030,0.6655079611837119
4,3031,0.8611385458299987
4,3032,0.7425339750520646
4,3033,0.7235417981477195
4,3034,0.701224717865353
4,3035,0.7594684193700179
4,3036,0.7458463968477698
4,3037,0.6884529436725807
4,3038,0.803931318299886
4,3039,0.6465016510836901
4,3040,0.8812114897601493
4,3041,0.6693556586990282
4,3042,0.6960727547610934
4,3043,0.6652854446639379
4,3044,0.6746943741974479
4,3045,0.6076260426779018
4,3046,0.7078643256496617
4,3047,0.7757882280064053
4,3048,0.6318439676186763
4,3049,0.7680968263285104
4,3050,0.6822104201312331
4,3051,0.8087630605818598
4,3052,0.872822627343071
4,3053,0.8076405147513737
4,3054,0.6605244789848733
4,3055,0.8111478046297701
4,3056,0.5568725822036343
4,3057,0.6940784724108325
4,3058,0.735950740124159
4,3059,0.5383292308811984
4,3060,0.6269537452895015
4,3061,0.6706020163068763
4,3062,0.75411226004884
4,3063,0.6525613540424462
4,3064,0.7456924448251916
4,3065,0.750099010316004
4,3066,0.62836621796654
4,3067,0.6974975366003351
4,3068,0.7632728310582073
4,3069,0.727046585522965
4,3070,0.68907802900674
4,3071,0.6445027806934416
4,3072,0.7751295456896334
4,3073,0.727727583535761
4,3074,0.6483497232647876
4,3075,0.597648067207221
4,3076,0.8102451040006778
4,3077,0.6390627241790534
4,3078,0.8068974635638904
4,3079,0.719667157475912
4,3080,0.684261411557109
4,3081,0.6433775008808341
4,3082,0.7997995909379304
4,3083,0.7825891389924541
4,3084,0.8180963264976576
4,3085,0.7336689834924046
4,3086,0.6614338138808443
4,3087,0.7704003842417393
4,3088,0.7150585091468645
4,3089,0.5750481277717536
4,3090,0.6279258235327774
4,3091,0.8604338944151053
4,3092,0.443156661211766
4,3093,0.8704389584230587
4,3094,0.6136694299832856
4,3095,0.5035007739819956
4,3096,0.7338515865119664
4,3097,0.6734112439931094
4,3098,0.8376572820876809
4,3099,0.9453649232770258
4,3100,0.8189760929382768
4,3101,0.8463976936650437
4,3102,0.8205734174764632
4,3103,0.8834324300282095
4,3104,0.7984697998585315
4,3105,0.6982148277320827
4,3106,0.5288972890015287
4,3107,0.8922765842770726
4,3108,0.8058302093177083
4,3109,0.4892339092100184
4,3110,0.701355088049955
4,3111,0.695553553345616
4,3112,0.6938662212549358
4,3113,0.8259452283502026
4,3114,0.5464555598914959
4,3115,0.6521976551811884
4,3116,0.5646527223868032
4,3117,0.78901791503583
4,3118,0.6703879549920639
4,3119,0.7400659719407928
4,3120,0.7152998003181628
4,3121,0.862261825840888
4,3122,0.7378819506177555
4,3123,0.8270167955435064
4,3124,0.7492309872189717
4,3125,0.8850836524362778
4,3126,0.921170908163581
4,3127,0.881649852394406
4,3128,0.892063687573354
4,3129,0.6779784168281012
4,3130,0.9097378879166609
4,3131,0.8728069104924685
4,3132,0.8163959329019104
4,3133,0.8529826526746239
4,3134,0.735175736044279
4,3135,0.8159648054105065
4,3136,0.7679176467155591
4,3137,0.8197438257845442
4,3138,0.7599270786032224
4,3139,0.7434926889362726
4,3140,0.8085772186635023
4,3141,0.3963294560466366
4,3142,0.45559702933631846
4,3143,0.4707584981941864
4,3144,0.6837694166570728
4,3145,0.8676026233407197
4,3146,0.4449536558285078
4,3147,0.8406458175748063
4,3148,0.6162014902758439
4,3149,0.7385343837569288
4,3150,0.7334317574924807
4,3151,0.7944077931451365
4,3152,0.5127072973944798
4,3153,0.5853345508239242
4,3154,0.702124393552703
4,3155,0.6947203602242584
4,3156,0.6981636723224816
4,3157,0.6603578903603726
4,3158,0.8111360582878816
4,3159,0.8179970856033904
4,3160,0.6916392419812832
4,3161,0.7335640891576012
4,3162,0.6802380249420736
4,3163,0.7551286181090341
4,3164,0.6541886841032446
4,3165,0.6657939839027567
4,3166,0.6474819216445554
4,3167,0.6090147930924172
4,3168,0.6658560030979737
4,3169,0.6524066239980719
4,3170,0.7618631415479395
4,3171,0.7640496919165585
4,3172,0.8858495728560464
4,3173,0.8426080863022464
4,3174,0.5819080012885267
4,3175,0.5164599657599418
4,3176,0.5961712380714526
4,3177,0.7306550758516058
4,3178,0.6732634882922895
4,3179,0.7994840367155859
4,3180,0.6474386012053062
4,3181,0.7027699104885243
4,3182,0.6658347957381437
4,3183,0.7732876544037816
4,3184,0.773561400415723
4,3185,0.8560636941547535
4,3186,0.44145777444107825
4,3187,0.3716740665322261
4,3188,0.7416144431923777
4,3189,0.5020447127262437
4,3190,0.6008229260097191
4,3191,0.5442952425180371
4,3192,0.6479670415888239
4,3193,0.6494736067093476
4,3194,0.7010026185484476
4,3195,0.5308102685884589
4,3196,0.7119216649319173
4,3197,0.5987057089194193
4,3198,0.8433575641830373
4,3199,0.6530238740743386
4,3200,0.6632038196283003
4,3201,0.89822249482631
4,3202,0.7998164520686591
4,3203,0.8263530386430188
4,3204,0.7905409506166173
4,3205,0.6386285199540083
4,3206,0.6392686194796763
4,3207,0.7594552012365037
4,3208,0.8275822956256687
4,3209,0.7772988870740499
4,3210,0.6250049062060383
4,3211,0.6638663138266631
4,3212,0.7480533355196963
4,3213,0.634260147057419
4,3214,0.5756014904108235
4,3215,0.6730179712394132
4,3216,0.6166890988748303
4,3217,0.703049016400585
4,3218,0.7453797152174316
4,3219,0.6638087810716663
4,3220,0.5767106944815085
4,3221,0.7758093266466927
4,3222,0.6856794523359616
4,3223,0.6992501439410378
4,3224,0.8942284507879082
4,3225,0.663694313553503
4,3226,0.7050160068849869
4,3227,0.6806336648709667
4,3228,0.637152957185361
4,3229,0.5318325381548578
4,3230,0.7694162973742289
4,3231,0.7264289180731369
4,3232,0.5936193384483296
4,3233,0.6302129367931794
4,3234,0.6055243133141638
4,3235,0.7768779245862756
4,3236,0.5748336861551364
4,3237,0.5430235928204871
4,3238,0.6024067966065412
4,3239,0.6828509975169511
4,3240,0.643946913495972
4,3241,0.6368607242477404
4,3242,0.5432189165827028
4,3243,0.7918041330744872
4,3244,0.770188990507246
4,3245,0.5592741658532625
4,3246,0.675979054348167
4,3247,0.8661980832272523
4,3248,0.3548048587804801
4,3249,0.3364436605078416
4,3250,0.5438023185195078
4,3251,0.6472251321431073
4,3252,0.4920842241377679
4,3253,0.7736713587557557
4,3254,0.8360412265390215
4,3255,0.6614916742741365
4,3256,0.5066511180366039
4,3257,0.6814506155641977
4,3258,0.5876914346589767
4,3259,0.6291793478975157
4,3260,0.7411417449882105
4,3261,0.7843845594258891
4,3262,0.5761208285765242
4,3263,0.668583020986247
4,3264,0.8157052393024973
4,3265,0.8559910774320914
4,3266,0.6456253029098902
4,3267,0.9048729540127374
4,3268,0.5077492837276677
4,3269,0.5935894023542306
4,3270,0.588318709795819
4,3271,0.6545528919461483
4,3272,0.6498708052082122
4,3273,0.6636212850600527
4,3274,0.6703880874426259
4,3275,0.8144383748359427
4,3276,0.9022044347175304
4,3277,0.8072751904196798
4,3278,0.7770336608877585
4,3279,0.6618969026504183
4,3280,0.6160223896485779
4,3281,0.8713885248476224
4,3282,0.8764325702591114
4,3283,0.9351911632681028
4,3284,0.9567112327788292
4,3285,0.9407306784339461
4,3286,0.9096966621513466
4,3287,0.8437181562094397
4,3288,0.8125529991205579
4,3289,0.5947393140721469
4,3290,0.8107887197901029
4,3291,0.9022674782515918
4,3292,0.8860004999402631
4,3293,0.8305254940551559
4,3294,0.6226943683407847
4,3295,0.8004168278303575
4,3296,0.7676275126689428
4,3297,0.764549695639581
4,3298,0.5233555269025472
4,3299,0.5425399008786257
4,3300,0.48897590195139684
4,3301,0.5582515437110855
4,3302,0.28859504714024603
4,3303,0.3003265040465647
4,3304,0.41812617568085836
4,3305,0.7749818410937903
4,3306,0.6466340873665214
4,3307,0.8425724758482779
4,3308,0.8765354237968962
4,3309,0.7427659368352709
4,3310,0.5206732981862233
4,3311,0.5345114485616598
4,3312,0.7039825887259733
4,3313,0.7605098976758377
4,3314,0.6836595718600849
4,3315,0.5310172827359716
4,3316,0.6812165624411792
4,3317,0.4686421421401683
4,3318,0.6354018074440492
4,3319,0.7916451651336323
4,3320,0.7970329506207946
4,3321,0.734722831460645
4,3322,0.45547399259064253
4,3323,0.7111848975811472
4,3324,0.7557235593159682
4,3325,0.8197400689319768
4,3326,0.6414720924468637
4,3327,0.6389527349966329
4,3328,0.84451617725697
4,3329,0.4632618247082211
4,3330,0.7863223613727393
4,3331,0.5362900972398988
4,3332,0.5141333033807577
4,3333,0.3863745330194976
4,3334,0.4760832319825744
4,3335,0.7325444443906196
4,3336,0.6562116684027063
4,3337,0.7229937112764258
4,3338,0.7096217466029449
4,3339,0.786722790104099
4,3340,0.837047029322853
4,3341,0.6672575000440996
4,3342,0.523333140735807
4,3343,0.8454295107414944
4,3344,0.5227413560968447
4,3345,0.8107275737325579
4,3346,0.6584649336953797
4,3347,0.6700575785214641
4,3348,0.7530115540224496
4,3349,0.6318132465417945
4,3350,0.8002631844343093
4,3351,0.6428987615299665
4,3352,0.8108209848051546
4,3353,0.40669376451818956
4,3354,0.7399663830828693
4,3355,0.8256209727432916
4,3356,0.6656167137141797
4,3357,0.6033684903044838
4,3358,0.8057264891558569
4,3359,0.8010419741907585
4,3360,0.749236465328179
4,3361,0.7214754621965717
4,3362,0.8646230925661358
4,3363,0.8397914923999996
4,3364,0.8035847849966304
4,3365,0.907521972156888
4,3366,0.8413213993039412
4,3367,0.7678404583448296
4,3368,0.2843654013316437
4,3369,0.21500087634241047
4,3370,0.6483542063717525
4,3371,0.3298353401151189
4,3372,0.7149694278364606
4,3373,0.5698755797670126
4,3374,0.8538389325352129
4,3375,0.24817141148805913
4,3376,0.36310469010086033
4,3377,0.8323306071636664
4,3378,0.714883676596313
4,3379,0.773041037009283
4,3380,0.6053248135474144
4,3381,0.8087891678582785
4,3382,0.6487356079140417
4,3383,0.3988456640859236
4,3384,0.6441986560541367
4,3385,0.4912896326363228
4,3386,0.5261253213961998
4,3387,0.8447114709220434
4,3388,0.8807920742729641
4,3389,0.48264765860304176
4,3390,0.6571429119122636
4,3391,0.317152692213323
4,3392,0.6796966340189726
4,3393,0.6014927623681904
4,3394,0.5856304301849006
4,3395,0.8660203091940072
4,3396,0.6401369648536863
4,3397,0.8314593994502891
4,3398,0.836010912408076
4,3399,0.6989384632134269
4,3400,0.7548722714127168
4,3401,0.7558304788794884
4,3402,0.67179335032151
4,3403,0.45857363890713976
4,3404,0.7370449745977613
4,3405,0.7703849239256915
4,3406,0.7422980326770223
4,3407,0.47861184467871515
4,3408,0.776171764680949
4,3409,0.678568773244705
4,3410,0.46211254050102724
4,3411,0.7927256523791504
4,3412,0.6155656246458169
4,3413,0.6353130165177128
4,3414,0.8243162561910526
4,3415,0.7545380552165798
4,3416,0.8246847504732819
4,3417,0.7946931583989288
4,3418,0.7493493004279828
4,3419,0.7370059519563118
4,3420,0.5699149944315531
4,3421,0.7629015011440855
4,3422,0.4303152275897647
4,3423,0.6700157733340032
4,3424,0.5696702217239189
4,3425,0.5542091583757106
4,3426,0.20407117862616297
4,3427,0.6654817236485893
4,3428,0.18213603193102568
4,3429,0.9244937513824147
4,3430,0.8109722347616953
4,3431,0.4041929971627488
4,3432,0.880801606648733
4,3433,0.6363499025219227
4,3434,0.5236019055803659
4,3435,0.46334019425003414
4,3436,0.813416626741092
4,3437,0.638161770497262
4,3438,0.46339265758101156
4,3439,0.5759746747704336
4,3440,0.6134549960516724
4,3441,0.7127902838997991
4,3442,0.7549711877603017
4,3443,0.7165560691371284
4,3444,0.7554641157942831
4,3445,0.5442515999552286
4,3446,0.7046654937097084
4,3447,0.5023711668537121
4,3448,0.6690540772497748
4,3449,0.553405329209202
4,3450,0.48151241622001084
4,3451,0.6766687339817558
4,3452,0.6268812646162832
4,3453,0.6607049306743944
4,3454,0.810743711907713
4,3455,0.9084384674877171
4,3456,0.6239181506480366
4,3457,0.5606379586248924
4,3458,0.5904304616913659
4,3459,0.6255212811991135
4,3460,0.7405516971903197
4,3461,0.5579577067762365
4,3462,0.8442503652956409
4,3463,0.7981056654250818
4,3464,0.6858788943643175
4,3465,0.7204513684372952
4,3466,0.7344197904307004
4,3467,0.7304072743826611
4,3468,0.8056638451751523
4,3469,0.8112265931515353
4,3470,0.6532562408352708
4,3471,0.7824132557319323
4,3472,0.8327951488422164
4,3473,0.6662617286899093
4,3474,0.4871893558375531
4,3475,0.8403838045890332
4,3476,0.8782697139245998
4,3477,0.7872392258217324
4,3478,0.7330638939078525
4,3479,0.7253399566645906
4,3480,0.8221993752110567
4,3481,0.6592346027273698
4,3482,0.7284959410861859
4,3483,0.6883313795634882
4,3484,0.7872163827697138
4,3485,0.7142941740851999
4,3486,0.47217595009559316
4,3487,0.8158108686341105
4,3488,0.7660265738621481
4,3489,0.5829021506941746
4,3490,0.6258141864923512
4,3491,0.5590720910084873
4,3492,0.9099405684022838
4,3493,0.9225031106903223
4,3494,0.8516088185091253
4,3495,0.49110173496165815
4,3496,0.8391302531008338
4,3497,0.9474270566466793
4,3498,0.8651198605701377
4,3499,0.7470770427865094
4,3500,0.6960822555254008
4,3501,0.7277574721196218
4,3502,0.7828874375113593
4,3503,0.8225352501975066
4,3504,0.8640546279667466
4,3505,0.8928553195963592
4,3506,0.7104771730430128
4,3507,0.8180015274499353
4,3508,0.8856786768330406
4,3509,0.8080689495815006
4,3510,0.8087348723489334
4,3511,0.8596326306277381
4,3512,0.840044402619797
4,3513,0.776043714887918
4,3514,0.9253680460110861
4,3515,0.9225325685212429
4,3516,0.7520903081123708
4,3517,0.7577593115998992
4,3518,0.7540084826097816
4,3519,0.8145455362256283
4,3520,0.840367112970965
4,3521,0.8324902800070099
4,3522,0.8152618117450602
4,3523,0.6831326724331981
4,3524,0.7849846654678249
4,3525,0.8066918471248993
4,3526,0.8744444674614442
4,3527,0.7746111328912916
4,3528,0.772067979330125
4,3529,0.7709789606270436
4,3530,0.8240294753234781
4,3531,0.7482989721133515
4,3532,0.5976429202998341
4,3533,0.6766403658458185
4,3534,0.798906005126043
4,3535,0.774592428952464
4,3536,0.8523522147638356
4,3537,0.8708180614435312
4,3538,0.5199883103353136
4,3539,0.5535587427826429
4,3540,0.5031161549816765
4,3541,0.6617498463705397
4,3542,0.574134823884912
4,3543,0.5201527849745798
4,3544,0.8282078568279259
4,3545,0.6619291437538039
4,3546,0.6486895320419225
4,3547,0.6623023344623485
4,3548,0.813360849166599
4,3549,0.5128417284703879
4,3550,0.41883008114699694
4,3551,0.7879731191601512
4,3552,0.755663195023956
4,3553,0.48517057974079403
4,3554,0.7827821859045923
4,3555,0.8301834774824883
4,3556,0.6574831511354159
4,3557,0.6931761245635082
4,3558,0.7739302958864809
4,3559,0.7590823908565402
4,3560,0.8682458296373378
4,3561,0.8527148931068075
4,3562,0.8878964714634547
4,3563,0.8651926570361995
4,3564,0.753711612291045
4,3565,0.6136178052436332
4,3566,0.721417026558185
4,3567,0.7034316141213555
4,3568,0.7157553595445986
4,3569,0.7905483555287355
4,3570,0.7400824456833489
4,3571,0.6471173091081076
4,3572,0.49049941951691084
4,3573,0.7582967992465193
4,3574,0.547324095137092
4,3575,0.6608580060802395
4,3576,0.7571030472476766
4,3577,0.7821824352694563
4,3578,0.8471169340143128
4,3579,0.8833903743519116
4,3580,0.7165128443074813
4,3581,0.7117194202844843
4,3582,0.7008322593706925
4,3583,0.7178977659775578
4,3584,0.755798924335174
4,3585,0.732948471472871
4,3586,0.7994279127587022
4,3587,0.817101032052557
4,3588,0.8632430947153221
4,3589,0.8999188518625973
4,3590,0.4422130561390246
4,3591,0.8219786576677652
4,3592,0.727918401152199
4,3593,0.6848179760407231
4,3594,0.7260831230470025
4,3595,0.7279374645469916
4,3596,0.818732854393153
4,3597,0.6648771939954129
4,3598,0.8811884117106608
4,3599,0.9278481993718182
4,3600,0.8618955441349838
4,3601,0.8868929520085462
4,3602,0.7144108472564281
4,3603,0.7072771670516591
4,3604,0.6496430240665723
4,3605,0.6312746624878218
4,3606,0.7013903096319174
4,3607,0.9079376575247465
4,3608,0.7664814382271647
4,3609,0.7877460114240277
4,3610,0.8055474711135314
4,3611,0.6754774126345362
4,3612,0.7809111780724408
4,3613,0.8742911408040402
4,3614,0.7080667909401007
4,3615,0.6523406600642926
4,3616,0.49255462563546193
4,3617,0.46810124371904466
4,3618,0.3650078637380888
4,3619,0.6577313160724694
4,3620,0.3687139348932367
4,3621,0.5486077089877189
4,3622,0.6308779779197764
4,3623,0.49720204289357506
4,3624,0.5399930552408897
4,3625,0.8133359540056284
4,3626,0.7141242862451335
4,3627,0.6257026840583853
4,3628,0.8830751841431066
4,3629,0.890061617055704
4,3630,0.8770998348050272
4,3631,0.6701770747479053
4,3632,0.8264784347957733
4,3633,0.8430672855403885
4,3634,0.7763672968115218
4,3635,0.5904671830915692
4,3636,0.6463521026729492
4,3637,0.8434493489526531
4,3638,0.6973275084082375
4,3639,0.372293725133459
4,3640,0.6556389062604232
4,3641,0.44630160791823287
4,3642,0.7494311636156998
4,3643,0.8136301417648604
4,3644,0.6951421206888888
4,3645,0.6913299140107574
4,3646,0.6606512956839145
4,3647,0.6147536199451407
4,3648,0.6349234108766701
4,3649,0.7810769239758877
4,3650,0.7339593574103305
4,3651,0.7691734563792326
4,3652,0.7936379258215105
4,3653,0.8097327059513963
4,3654,0.7711983007787366
4,3655,0.8054839171473077
4,3656,0.6429040035613663
4,3657,0.6502023774801436
4,3658,0.6088994784260151
4,3659,0.6543083742945924
4,3660,0.7479470310936107
4,3661,0.7077607656274119
4,3662,0.6410041756141308
4,3663,0.7861482670179124
4,3664,0.6122282314352435
4,3665,0.5592595426109039
4,3666,0.658116321440799
4,3667,0.5857853647782049
4,3668,0.47878449840386467
4,3669,0.8068871890461066
4,3670,0.5914192272554979
4,3671,0.6545625549510716
4,3672,0.5804383845782184
4,3673,0.47846585735331987
4,3674,0.795326483827602
4,3675,0.7595866419899063
4,3676,0.6386958148529123
4,3677,0.7295218158579645
4,3678,0.8923954007834016
4,3679,0.9155730043655999
4,3680,0.9121875585930704
4,3681,0.48463721440994584
4,3682,0.9166021552727444
4,3683,0.7529136189659064
4,3684,0.7252878705883632
4,3685,0.7838248678741547
4,3686,0.6189898782136314
4,3687,0.5727288834381032
4,3688,0.6737574967107989
4,3689,0.8395698891765527
4,3690,0.8667530671887616
4,3691,0.6858676199154794
4,3692,0.6432831185196088
4,3693,0.9559962333982663
4,3694,0.7652709240677862
4,3695,0.3991317851279405
4,3696,0.6076896254648927
4,3697,0.620164152056371
4,3698,0.6099749865918918
4,3699,0.65251766244237
4,3700,0.7413217488315195
4,3701,0.81691601486507
4,3702,0.4835807854458953
4,3703,0.8950517804274978
4,3704,0.6177411470496952
4,3705,0.7496047510173203
4,3706,0.8952623515419798
4,3707,0.9239992463261112
4,3708,0.8685697471423914
4,3709,0.8827228053184277
4,3710,0.8732522646246801
4,3711,0.520920208380421
4,3712,0.5833726207589329
4,3713,0.6258224991217219
4,3714,0.8183551282590562
4,3715,0.7480244145545881
4,3716,0.7045608224739077
4,3717,0.7156380368636718
4,3718,0.7180365081474415
4,3719,0.7918869144191618
4,3720,0.7413776758721705
4,3721,0.8317448901007859
4,3722,0.8295795988496408
4,3723,0.9194150072998303
4,3724,0.9285472939255318
4,3725,0.6207628635363479
4,3726,0.5250263690344841
4,3727,0.8626373744071456
4,3728,0.6790274615834551
4,3729,0.6536453521003179
4,3730,0.797047552997119
4,3731,0.5374604363357832
4,3732,0.7914885398410325
4,3733,0.6144046140357161
4,3734,0.7811140679733699
4,3735,0.7479059116951524
4,3736,0.8671374590390627
4,3737,0.8789369541789032
4,3738,0.6056601626458636
4,3739,0.602452870394878
4,3740,0.733618834040253
4,3741,0.7311772055415792
4,3742,0.7782344165405519
4,3743,0.7826434952070093
4,3744,0.6560242173406338
4,3745,0.7239478637811216
4,3746,0.6960791687403651
4,3747,0.7781196347362441
4,3748,0.8463029957188127
4,3749,0.8180938922915578
4,3750,0.7167934819547915
4,3751,0.7101849148759128
4,3752,0.7180515115638043
4,3753,0.5789757772511629
4,3754,0.8138234469134247
4,3755,0.5412545753423661
4,3756,0.7535511947744962
4,3757,0.7883761435382488
4,3758,0.8148869541573763
4,3759,0.7251634647056486
4,3760,0.4557311015760464
4,3761,0.6191670653033549
4,3762,0.8117841767781278
4,3763,0.798531249782096
4,3764,0.8171680481945607
4,3765,0.6254882309023296
4,3766,0.8170872205876373
4,3767,0.7686957215724979
4,3768,0.6926121594106234
4,3769,0.7291046623357631
4,3770,0.586568072053599
4,3771,0.7756522435855802
4,3772,0.8133829464332668
4,3773,0.6586402768055162
4,3774,0.6584861340386463
4,3775,0.694547433689089
4,3776,0.8689225363361681
4,3777,0.8969645259344518
4,3778,0.8489128535796121
4,3779,0.6601125306624958
4,3780,0.6561139657202233
4,3781,0.5959503731725873
4,3782,0.6819568341521349
4,3783,0.4751916862275823
4,3784,0.45124657765411036
4,3785,0.550827738234916
4,3786,0.7562631313257793
4,3787,0.7544459955332117
4,3788,0.8816559237726145
4,3789,0.4493478990794801
4,3790,0.8099341560400573
4,3791,0.6439108686971297
4,3792,0.6737994214398552
4,3793,0.7937278723640729
4,3794,0.6073550902364522
4,3795,0.8055122507401165
4,3796,0.7575841207330597
4,3797,0.7169162629281922
4,3798,0.7115467022196125
4,3799,0.8230318036946273
4,3800,0.8525578609655451
4,3801,0.5122765251204972
4,3802,0.5557929105382767
4,3803,0.8858224884167233
4,3804,0.6282065205323527
4,3805,0.7553267589979689
4,3806,0.8895638803374525
4,3807,0.7968668657691256
4,3808,0.9095329297864981
4,3809,0.7560463838304855
4,3810,0.4453473646436615
4,3811,0.3061260631087264
4,3812,0.6938314428086249
4,3813,0.39594082473909126
4,3814,0.6152267897994599
4,3815,0.8725592110079415
4,3816,0.43545561308369296
4,3817,0.5104588542427764
4,3818,0.5972076015433672
4,3819,0.5886933888970193
4,3820,0.47122542065542905
4,3821,0.764382267939807
4,3822,0.5383381686576879
4,3823,0.605889377656329
4,3824,0.6234033715521018
4,3825,0.6091019511272036
4,3826,0.6111667392022488
4,3827,0.5102690002895259
4,3828,0.6977947831906665
4,3829,0.827389446153891
4,3830,0.908239498909738
4,3831,0.5922338431360284
4,3832,0.7809881605481362
4,3833,0.878559731793886
4,3834,0.865498241753707
4,3835,0.68164432556427
4,3836,0.7548733381199321
4,3837,0.7453308802211525
4,3838,0.6956560691199118
4,3839,0.8001339603407249
4,3840,0.6415528259064837
4,3841,0.6996998954662197
4,3842,0.5530111506089428
4,3843,0.36143124442331315
4,3844,0.5911804932566309
4,3845,0.8525417855717106
4,3846,0.9480351915722995
4,3847,0.41119583054102
4,3848,0.8744252631366054
4,3849,0.7581663702236119
4,3850,0.594731829087151
4,3851,0.7446429040121474
4,3852,0.5497809957396793
4,3853,0.7234655697967575
4,3854,0.4860982634608722
4,3855,0.7853216674010648
4,3856,0.578407143971108
4,3857,0.7258389274475757
4,3858,0.462504906131191
4,3859,0.564835047513106
4,3860,0.446319752233975
4,3861,0.4605824533541245
4,3862,0.5886565809805159
4,3863,0.42453264552246134
4,3864,0.8349569379563525
4,3865,0.6463542048963625
4,3866,0.8439942281159003
4,3867,0.7179051031562084
4,3868,0.7812955759516803
4,3869,0.6941163241758288
4,3870,0.6974905795146517
4,3871,0.7166322034685105
4,3872,0.5624770675357025
4,3873,0.7910147300488155
4,3874,0.6888157718233557
4,3875,0.7607449923927393
4,3876,0.7627636615598544
4,3877,0.768267221326843
4,3878,0.571641795109614
4,3879,0.5741647622992193
4,3880,0.5410362160450768
4,3881,0.7449683849237018
4,3882,0.7677914988085983
4,3883,0.4990721823353519
4,3884,0.5809617289432156
4,3885,0.5511948425079676
4,3886,0.7737400448538635
4,3887,0.7876029305224665
4,3888,0.7787576677253853
4,3889,0.7468561937974048
4,3890,0.8565559014786451
4,3891,0.8497001210207439
4,3892,0.5419438141165747
4,3893,0.655322473879574
4,3894,0.7060550327843007
4,3895,0.6664987443968978
4,3896,0.7410948153763174
4,3897,0.7890155586214691
4,3898,0.7317890350189915
4,3899,0.45179864104758455
4,3900,0.43957826901059177
4,3901,0.7665427481864852
4,3902,0.6612050044044769
4,3903,0.7619997141492374
4,3904,0.590042116325205
4,3905,0.58881693927978
4,3906,0.7206397045605836
4,3907,0.8128228208585639
4,3908,0.820354588503449
4,3909,0.7777107511126414
4,3910,0.5022914686873252
4,3911,0.5645801519394045
4,3912,0.649691806523667
4,3913,0.819225085213092
4,3914,0.8682050985029458
4,3915,0.9451573072439626
4,3916,0.6390978146428801
4,3917,0.4442847753861044
4,3918,0.7297402065372686
4,3919,0.7616584261104066
4,3920,0.6398029087284044
4,3921,0.5345362354883576
4,3922,0.8358401597377205
4,3923,0.8029768290863886
4,3924,0.817922449820714
4,3925,0.8079783997090296
4,3926,0.6916229458671952
4,3927,0.3900271002008659
4,3928,0.40744192331731566
4,3929,0.42610525898777557
4,3930,0.7249566988187809
4,3931,0.7403552638936519
4,3932,0.7002684951209389
4,3933,0.7457440124768221
4,3934,0.8128818639337231
4,3935,0.76203062256621
4,3936,0.8106085924795349
4,3937,0.7606762877392966
4,3938,0.8176558771626002
4,3939,0.5967321688457999
4,3940,0.7113901210200205
4,3941,0.7555557683355764
4,3942,0.45924066648584344
4,3943,0.381436335545679
4,3944,0.41664563538878313
4,3945,0.6032517904089243
4,3946,0.658315718617824
4,3947,0.6838855665628293
4,3948,0.6865202089771537
4,3949,0.5296008774461586
4,3950,0.8224835570033493
4,3951,0.7490789608185144
4,3952,0.5491749839315588
4,3953,0.52452422467591
4,3954,0.8561859941557313
4,3955,0.8284123176468099
4,3956,0.7468478996874414
4,3957,0.757960065140487
4,3958,0.7668267878419721
4,3959,0.5999084402141585
4,3960,0.8290490537103987
4,3961,0.8444132295960681
4,3962,0.5186791593490317
4,3963,0.38197184223775965
4,3964,0.5949867696020122
4,3965,0.734716172124975
4,3966,0.8188603453748606
4,3967,0.7365877255966253
4,3968,0.6940229687395348
4,3969,0.49106495684257356
4,3970,0.6222305016942289
4,3971,0.6911674400213526
4,3972,0.6182166810200276
4,3973,0.8563910021045965
4,3974,0.8370233349218479
4,3975,0.7835533568241154
4,3976,0.7682018501668135
4,3977,0.723974302288875
4,3978,0.8033177757440051
4,3979,0.7441121248023214
4,3980,0.6752583010396916
4,3981,0.4440943450328961
4,3982,0.8271936462631087
4,3983,0.7387733187307093
4,3984,0.7003465485460055
4,3985,0.8580144193329483
4,3986,0.6640503934041833
4,3987,0.749547493801343
4,3988,0.7670537326478618
4,3989,0.6307255409360797
4,3990,0.48082716222468747
4,3991,0.883259130135613
4,3992,0.7832013830451201
4,3993,0.8178507710868245
4,3994,0.7977366619143211
4,3995,0.7623096043305716
4,3996,0.7676490921269856
4,3997,0.7291300769046904
4,3998,0.8449983537164601
4,3999,0.6089612217622544
